0	1	1	100.33333333333333	100.66666666666667
0	2	1	144.5	139.5
0	3	1	104.5	114.5
0	4	1	96	157.5
0	5	1	139.66666666666666	166
0	6	1	14.5	28
0	7	1	199	109.66666666666667
0	8	1	74	120.75
0	9	1	86.25	87.75
0	10	1	20.857142857142854	13.714285714285715
0	11	1	96	35
0	12	1	159	56
0	13	1	72.5	139.5
0	14	1	81.5	43.25
0	15	1	150.5	105.5
0	16	1	8.5	132.5
0	17	1	28	90
0	18	1	79	157
0	19	1	8	183
0	20	1	191	42.333333333333336
0	21	1	26	29
0	22	1	140.5	196.66666666666669
0	23	1	149	189
0	24	1	121	10
0	25	1	187	141.66666666666666
0	26	1	21	115
0	27	1	190	48
0	28	1	129	170
0	29	1	99	176
0	30	1	14	198
0	31	1	185.5	45.5
0	32	1	68	65.33333333333333
0	33	1	168.5	170
0	34	1	197	31
0	35	1	99.66666666666667	186.33333333333334
0	36	1	130.66666666666666	139.66666666666666
0	37	1	62.5	31.25
0	38	1	5.5	17
0	39	1	98.25	24
0	40	1	112.4	188.2
0	41	1	7.25	195.5
0	42	1	117	74
0	43	1	60	174
0	44	1	165	12
0	45	1	115.83333333333333	119.66666666666666
0	46	1	1	64
0	47	1	103.66666666666667	95.66666666666667
0	48	1	19	124
0	49	1	28	81.5
0	50	1	129.5	42.5
0	51	1	130.5	19.5
0	52	1	15	142
0	53	1	17.333333333333332	80.5
0	54	1	49	94
0	55	1	109.5	66.5
0	56	1	92	107.5
0	57	1	59.5	110
0	58	1	28	175
0	59	1	131	169
0	60	1	176	45
0	61	1	102.42857142857143	112.85714285714285
0	62	1	7.6	45.8
0	63	1	190.75	66
0	64	1	28	180.16666666666666
0	65	1	93	175
0	66	1	58.5	9.5
0	67	1	137	15
0	68	1	133.66666666666666	186.66666666666666
0	69	1	115.5	27.5
0	70	1	36	79
0	71	1	63.5	86.5
0	72	1	170.2	109.6
0	73	1	153.5	143.5
0	74	1	198	160
0	75	1	77	95.5
0	76	1	148	98
0	77	1	172	69
0	78	1	159.5	99.25
0	79	1	101	31
0	80	1	21	60
0	81	1	182	42
0	82	1	21	34
0	83	1	9	16
0	84	1	132	91.16666666666667
0	85	1	152.66666666666666	192.33333333333334
0	86	1	14	110
0	87	1	33	45.333333333333336
0	88	1	169	122.5
0	89	1	142.5	189.5
0	90	1	120	94.5
0	91	1	21.333333333333332	169.66666666666666
0	92	1	184.5	176.5
0	93	1	65	188.5
0	94	1	182.33333333333334	68
0	95	1	3	129
0	96	1	48	57.5
0	97	1	172.99999999999997	97.71428571428571
0	98	1	7	74
0	99	1	167	51
0	100	1	93	12
0	101	1	73	77
0	102	1	151	64.5
0	103	1	92	26
0	104	1	81	13
0	105	1	101.5	96
0	106	1	113	54
0	107	1	13	110
0	108	1	55	44
0	109	1	59.5	133.5
0	110	1	145	44
0	111	1	145.5	130.5
0	112	1	40	115
0	113	1	102.5	91
0	114	1	104.5	171.83333333333331
0	115	1	40.5	99.5
0	116	1	197	43
0	117	1	106	72.5
0	118	1	190.57142857142856	154.57142857142858
0	119	1	65.5	77
0	120	1	11.5	54.5
10	1	1	100.4050632911392	101.8607594936709
10	2	1	145.73451327433625	139.0973451327433
10	3	1	104.02380952380952	114.0595238095238
10	4	1	97.58666666666672	156.55333333333334
10	5	1	139.90000000000006	165.6857142857144
10	6	1	14.54166666666667	26.90833333333333
10	7	1	199.4375	109.69375000000002
10	8	1	74.01923076923077	121.7980769230769
10	9	1	86.22222222222223	87.81481481481481
10	10	1	21.60176991150442	14.778761061946899
10	11	1	94.99009900990099	35.72277227722771
10	12	1	159.79310344827593	58.56896551724138
10	13	1	72.59999999999997	139.64545454545444
10	14	1	81.75384615384618	42.461538461538424
10	15	1	152.17094017094016	103.74358974358974
10	16	1	8.507936507936508	133.30158730158732
10	17	1	29.368932038834963	91.03883495145635
10	18	1	80.46835443037975	157.5949367088607
10	19	1	7.051282051282052	183.01282051282047
10	20	1	192.2405063291139	40.20253164556962
10	21	1	27.375	29.999999999999996
10	22	1	140.201923076923	197.31730769230762
10	23	1	149.1219512195122	190.75609756097555
10	24	1	121.06818181818183	9.647727272727264
10	25	1	187.88888888888889	141.55555555555543
10	26	1	20.226666666666663	116.4
10	27	1	191.21999999999997	48.400000000000006
10	28	1	125.77419354838713	171.49462365591387
10	29	1	100.58490566037734	175.1415094339623
10	30	1	13.999999999999998	197.22784810126583
10	31	1	186.06349206349208	47.85714285714287
10	32	1	67.859375	66.24218749999999
10	33	1	168.33802816901405	167.57746478873239
10	34	1	196.35955056179776	32.20224719101124
10	35	1	98.7289719626168	186.38317757009347
10	36	1	132.06000000000003	136.08999999999997
10	37	1	61.92500000000004	32.50500000000001
10	38	1	5.412371134020617	17.195876288659793
10	39	1	99.44554455445545	23.26732673267327
10	40	1	111.7302631578947	186.69078947368416
10	41	1	6.707317073170731	194.68292682926818
10	42	1	117.36423841059597	74.32450331125831
10	43	1	59.28358208955225	176.07462686567163
10	44	1	164.35398230088484	12.23008849557522
10	45	1	115.9927536231884	118.34782608695654
10	46	1	0.4660194174757291	62.73786407766991
10	47	1	106.48571428571427	95.55714285714286
10	48	1	19.16455696202532	124.37974683544304
10	49	1	26.781250000000004	81.74999999999999
10	50	1	129.0672268907563	42.31092436974791
10	51	1	127.73239436619717	20.323943661971843
10	52	1	14.485915492957746	140.93661971830997
10	53	1	15.50306748466258	83.50306748466255
10	54	1	48.52857142857144	92.91428571428573
10	55	1	112.4237288135593	65.33050847457629
10	56	1	91.21705426356594	106.99224806201548
10	57	1	60.72151898734177	110.58227848101264
10	58	1	29.658536585365855	173.49999999999994
10	59	1	131.41999999999996	169.73999999999998
10	60	1	173.4827586206897	46.482758620689665
10	61	1	101.15730337078655	111.59550561797754
10	62	1	7.875000000000003	45.19318181818183
10	63	1	190.32231404958677	65.55371900826442
10	64	1	27.772727272727273	180.52272727272728
10	65	1	89.9469696969697	176.8030303030303
10	66	1	59.23870967741935	11.85806451612903
10	67	1	137.09433962264148	16.19811320754717
10	68	1	131.34210526315783	186.1315789473685
10	69	1	115.29104477611943	28.7910447761194
10	70	1	36.65714285714284	80.21904761904764
10	71	1	64.64999999999998	87.42142857142858
10	72	1	170.8695652173913	110.9710144927536
10	73	1	155.3445378151261	143.42016806722688
10	74	1	198.09259259259258	160.962962962963
10	75	1	76.93518518518522	95.9074074074074
10	76	1	148.6062992125985	94.68503937007873
10	77	1	172.20987654320976	67.60493827160495
10	78	1	162.64799999999997	99.60800000000005
10	79	1	103.63207547169812	34.047169811320764
10	80	1	19.985507246376823	62.01449275362318
10	81	1	181.6718749999999	42.625
10	82	1	21.25581395348837	35.09302325581396
10	83	1	11.710000000000003	16.139999999999997
10	84	1	134.41228070175436	88.83333333333337
10	85	1	154.9111111111111	191.63333333333333
10	86	1	10.955223880597014	111.05970149253731
10	87	1	33.358333333333356	46.80000000000001
10	88	1	167.90070921985807	123.37588652482269
10	89	1	141.50549450549454	188.39560439560438
10	90	1	119.55944055944056	95.32867132867129
10	91	1	20.655172413793107	170.45977011494247
10	92	1	183.98342541436463	175.76795580110496
10	93	1	65.28571428571429	188.73949579831938
10	94	1	181.54999999999995	68.26666666666662
10	95	1	2.575757575757576	130.65151515151516
10	96	1	47.686274509803916	55.86274509803923
10	97	1	173.01408450704216	99.13380281690135
10	98	1	5.216981132075471	71.43396226415094
10	99	1	165.7058823529411	51.02941176470589
10	100	1	91.93939393939398	13.030303030303033
10	101	1	75.06930693069309	75.77227722772277
10	102	1	149.2875	63.10624999999999
10	103	1	90.4607843137255	26.617647058823522
10	104	1	80.64646464646468	11.98989898989899
10	105	1	100.57142857142858	97.45714285714287
10	106	1	114.36170212765956	54.08510638297873
10	107	1	15.602941176470585	107.5
10	108	1	56.54166666666667	44.937499999999986
10	109	1	59.081967213114744	133.81967213114757
10	110	1	145.61165048543685	44.3883495145631
10	111	1	144.87387387387386	129.97297297297303
10	112	1	38.979166666666664	114.94791666666666
10	113	1	103.57142857142856	88.63636363636367
10	114	1	107.75939849624058	169.65413533834584
10	115	1	41.8421052631579	99.95321637426895
10	116	1	0.18987341772151928	41.34177215189874
10	117	1	104.71818181818179	71.3818181818182
10	118	1	189.67336683417093	154.79899497487432
10	119	1	66.89855072463766	78.78260869565219
10	120	1	11.914529914529913	55.76068376068375
20	1	1	96.68648648648652	102.08648648648654
20	2	1	145.90594059405944	139.4207920792079
20	3	1	106.3419689119171	117.5440414507772
20	4	1	96.72139303482588	156.0099502487562
20	5	1	142.73134328358213	164.6915422885572
20	6	1	14.651282051282049	25.425641025641017
20	7	1	196.165	109.555
20	8	1	74.33663366336631	121.54950495049506
20	9	1	84.21608040201005	85.38693467336684
20	10	1	26.689999999999994	13.520000000000001
20	11	1	94.28217821782177	38.37623762376238
20	12	1	157.83168316831677	60.47029702970297
20	13	1	72.16831683168317	140.50495049504957
20	14	1	81.32835820895527	42.12437810945271
20	15	1	152.5445544554456	104.37128712871285
20	16	1	9.23880597014925	136.03980099502488
20	17	1	29.640000000000008	92.86499999999998
20	18	1	79.80597014925378	158.12437810945272
20	19	1	6.432835820895525	182.0497512437811
20	20	1	190.23999999999998	35.99428571428573
20	21	1	30.725000000000023	30.645
20	22	1	139.62686567164178	0.8507462686567635
20	23	1	152.0597014925372	191.35820895522392
20	24	1	121.07920792079211	9.178217821782177
20	25	1	186.10396039603958	141.58415841584153
20	26	1	21.306930693069315	116.25742574257424
20	27	1	193.7640449438202	50.07303370786519
20	28	1	121.645	171.38500000000002
20	29	1	100.3960396039604	175.09900990099015
20	30	1	15.232673267326733	197.88118811881188
20	31	1	183.29050279329607	51.77653631284917
20	32	1	67.79104477611936	63.507462686567145
20	33	1	168.80693069306938	167.31683168316826
20	34	1	195.18032786885246	27.071038251366126
20	35	1	98.37623762376238	188.41089108910884
20	36	1	131.5522388059701	135.80099502487548
20	37	1	62.92537313432837	31.905472636815926
20	38	1	1.5927835051546404	14.164948453608245
20	39	1	101.40594059405935	20.445544554455438
20	40	1	112.78712871287127	185.58910891089107
20	41	1	4.014925373134329	195.3233830845771
20	42	1	118.99999999999999	75.87064676616916
20	43	1	59.40298507462689	177.78606965174137
20	44	1	164.82587064676625	11.995024875621889
20	45	1	118.48514851485147	117.40099009900986
20	46	1	1.4397905759162293	62.67539267015706
20	47	1	111.53191489361703	95.05851063829785
20	48	1	21.549999999999994	125.52500000000008
20	49	1	25.118811881188126	81.04455445544556
20	50	1	128.6069651741294	42.9054726368159
20	51	1	127.80499999999999	21.580000000000005
20	52	1	15.756218905472638	143.6218905472636
20	53	1	13.000000000000005	84.8159203980099
20	54	1	49.8861386138614	93.95049504950491
20	55	1	113.8756218905473	63.208955223880594
20	56	1	86.72820512820516	108.75897435897434
20	57	1	60.56716417910445	110.39303482587064
20	58	1	31.06435643564356	172.75247524752464
20	59	1	133.77227722772278	170.50000000000003
20	60	1	170.17801047120426	47.61780104712041
20	61	1	99.0833333333333	116.30208333333336
20	62	1	10.699453551912562	46.45901639344259
20	63	1	190.10309278350513	67.9845360824742
20	64	1	27.830845771144276	183.28855721393035
20	65	1	88.56716417910448	176.26368159203972
20	66	1	59.24499999999999	12.03500000000001
20	67	1	138.40594059405944	16.207920792079207
20	68	1	127.24875621890547	186.53233830845772
20	69	1	115.92039800995019	28.363184079601982
20	70	1	37.633663366336634	79.50990099009904
20	71	1	61.9353233830846	89.03980099502482
20	72	1	171.81592039801	112.09452736318414
20	73	1	157.05940594059402	143.93069306930687
20	74	1	198.29353233830847	161.75124378109456
20	75	1	75.10500000000002	97.43500000000004
20	76	1	148.37128712871288	92.68316831683165
20	77	1	171.8514851485148	68.01980198019801
20	78	1	164.01990049751254	98.36815920398004
20	79	1	105.73267326732676	35.836633663366335
20	80	1	23.84577114427861	61.9452736318408
20	81	1	177.75409836065566	38.45355191256831
20	82	1	21.066666666666666	36.70769230769231
20	83	1	11.67525773195876	15.257731958762896
20	84	1	133.8656716417911	89.77611940298512
20	85	1	155.95999999999998	194.15
20	86	1	6.437185929648243	111.10050251256284
20	87	1	34.30693069306931	47.08910891089109
20	88	1	167.10447761194033	123.30845771144281
20	89	1	139.98514851485132	185.81188118811863
20	90	1	121.86224489795917	94.77551020408163
20	91	1	18.432835820895527	169.19900497512435
20	92	1	183.8358208955222	175.2835820895522
20	93	1	68.23383084577122	188.41293532338318
20	94	1	181.73500000000007	73.61500000000005
20	95	1	199.81592039800995	130.45771144278612
20	96	1	48.74129353233832	55.12935323383082
20	97	1	174.43283582089558	97.39303482587064
20	98	1	5.48730964467005	73.79187817258888
20	99	1	162.10714285714272	50.35714285714288
20	100	1	91.42786069651741	11.13432835820896
20	101	1	76.8522167487685	74.93103448275855
20	102	1	147.93034825870637	63.378109452736325
20	103	1	87.7821782178218	27.292079207920796
20	104	1	78.37810945273634	11.577114427860693
20	105	1	100.46961325966849	96.14364640883969
20	106	1	115.21393034825873	51.55223880597016
20	107	1	15.989999999999993	104.13000000000001
20	108	1	57.20792079207923	44.76732673267328
20	109	1	59.13366336633661	133.36138613861377
20	110	1	145.539603960396	45.22277227722771
20	111	1	144.7064676616915	128.09950248756218
20	112	1	39.539603960396065	115.06930693069307
20	113	1	100.14432989690721	84.53608247422683
20	114	1	108.10447761194028	166.51243781094527
20	115	1	40.89603960396042	102.34158415841587
20	116	1	3.4799999999999986	39.91428571428572
20	117	1	104.06467661691546	71.71144278606972
20	118	1	188.21499999999992	155.19
20	119	1	65.77722772277228	78.64851485148506
20	120	1	16.02051282051282	56.86153846153844
30	1	1	96.56716417910448	102.0199004975124
30	2	1	146.08500000000006	139.14499999999992
30	3	1	106.78606965174133	117.62189054726369
30	4	1	96.65174129353231	156.45273631840797
30	5	1	143.1	164.66499999999996
30	6	1	15.369999999999997	24.495
30	7	1	195.865	109.65000000000006
30	8	1	73.96517412935319	122.318407960199
30	9	1	83.22388059701494	85.69154228855717
30	10	1	27.01990049751245	12.920398009950247
30	11	1	94.60199004975127	37.4825870646766
30	12	1	157.19900497512435	60.537313432835816
30	13	1	71.88000000000002	140.31499999999988
30	14	1	81.4825870646767	41.6915422885572
30	15	1	153.71500000000003	104.04500000000006
30	16	1	9.22388059701492	135.92039800995025
30	17	1	29.880597014925367	92.92039800995025
30	18	1	80.49751243781094	158.53731343283587
30	19	1	6.620000000000004	181.87
30	20	1	189.88669950738912	35.82266009852216
30	21	1	31.870646766169166	30.895522388059696
30	22	1	139.60000000000008	0.9449999999999648
30	23	1	151.48258706467652	191.05472636815932
30	24	1	120.41293532338312	9.611940298507468
30	25	1	185.99004975124387	141.59203980099505
30	26	1	21.310000000000002	116.445
30	27	1	194.1782178217822	51.450495049504944
30	28	1	121.5522388059701	171.4029850746268
30	29	1	100.36318407960196	175.31840796019895
30	30	1	14.427860696517413	198.06467661691542
30	31	1	182.91089108910873	52.78217821782177
30	32	1	67.34328358208953	63.2089552238806
30	33	1	169.01499999999996	167.3900000000001
30	34	1	195.62	26.354999999999993
30	35	1	98.24500000000002	188.30499999999986
30	36	1	131.69	136.15499999999992
30	37	1	63.5771144278607	31.582089552238813
30	38	1	1.7722772277227727	12.836633663366333
30	39	1	100.6716417910448	19.572139303482583
30	40	1	113.1641791044776	184.9850746268656
30	41	1	3.92	195.095
30	42	1	119.41791044776119	76.65174129353234
30	43	1	59.855721393034834	178.99004975124365
30	44	1	165.51500000000004	12.035000000000005
30	45	1	118.92537313432838	117.34328358208963
30	46	1	2.287128712871287	63.72277227722774
30	47	1	112.63861386138613	95.06435643564356
30	48	1	21.81592039800997	125.71641791044777
30	49	1	24.651741293532343	80.92537313432835
30	50	1	128.50499999999997	43.55500000000001
30	51	1	127.73500000000001	21.65999999999999
30	52	1	16.079601990049753	143.63184079601987
30	53	1	12.980099502487564	85.31840796019901
30	54	1	49.886138613861405	94.08415841584154
30	55	1	114.01990049751238	63.507462686567166
30	56	1	86.2821782178218	109.08415841584156
30	57	1	60.69154228855723	109.2388059701493
30	58	1	30.791044776119396	172.6616915422886
30	59	1	134.1144278606965	170.2636815920398
30	60	1	169.6386138613862	47.297029702970285
30	61	1	98.42786069651743	116.95522388059695
30	62	1	11.5320197044335	47.02955665024627
30	63	1	189.56435643564362	69.28712871287128
30	64	1	28.33830845771145	183.45273631840783
30	65	1	88.66500000000002	175.96999999999997
30	66	1	59.41000000000002	12.150000000000004
30	67	1	138.23880597014914	16.184079601990046
30	68	1	127.0796019900497	186.58706467661693
30	69	1	115.64500000000001	28.509999999999998
30	70	1	37.27363184079601	79.84079601990045
30	71	1	61.736318407960226	89.35820895522386
30	72	1	172.25000000000009	112.335
30	73	1	156.41499999999996	144.155
30	74	1	198.325	161.45500000000007
30	75	1	74.38308457711447	98.04477611940297
30	76	1	148.49500000000015	92.42999999999998
30	77	1	171.04999999999995	67.98000000000003
30	78	1	164.6499999999999	98.52
30	79	1	105.97014925373131	35.746268656716424
30	80	1	24.945273631840795	62.43781094527364
30	81	1	177.0995024875621	37.84577114427863
30	82	1	21.975247524752472	35.82673267326731
30	83	1	12.46999999999999	14.135000000000003
30	84	1	134.18999999999997	90.80500000000002
30	85	1	156.00497512437806	194.16915422885572
30	86	1	6.104999999999996	111.3
30	87	1	34.430000000000014	47.535000000000004
30	88	1	167.04020100502512	122.98492462311555
30	89	1	139.46039603960398	185.8267326732672
30	90	1	123.13930348258707	94.68656716417917
30	91	1	18.50990099009902	169.64356435643563
30	92	1	183.5477386934673	175.48743718592962
30	93	1	68.61500000000002	189.17999999999992
30	94	1	180.9399999999999	74.40500000000004
30	95	1	199.90049751243782	130.32835820895517
30	96	1	48.84577114427864	53.77611940298508
30	97	1	174.735	97.6
30	98	1	5.8800000000000034	74.49499999999996
30	99	1	161.34999999999997	50.450000000000024
30	100	1	90.85074626865672	10.910447761194025
30	101	1	76.34825870646766	74.33333333333333
30	102	1	147.62814070351754	63.38693467336684
30	103	1	88.01492537313428	27.37810945273632
30	104	1	77.98999999999997	11.435
30	105	1	100.9310344827586	95.80788177339903
30	106	1	115.52736318407963	51.587064676616905
30	107	1	16.24378109452736	104.6865671641791
30	108	1	57.769999999999996	44.665
30	109	1	59.47000000000002	133.00000000000006
30	110	1	145.62500000000009	45.13
30	111	1	144.51999999999998	127.905
30	112	1	39.155000000000015	115.42500000000001
30	113	1	100.1442786069652	84.16915422885575
30	114	1	107.96517412935324	166.5373134328358
30	115	1	40.91542288557215	102.72636815920391
30	116	1	4.094059405940595	40.14851485148516
30	117	1	104.43781094527361	71.48756218905477
30	118	1	188.02000000000007	155.09
30	119	1	65.94500000000001	79.045
30	120	1	17.301980198019805	56.96534653465349
40	1	1	96.45	102.05000000000003
40	2	1	146.2299999999999	138.80999999999995
40	3	1	107.04522613065326	117.62311557788942
40	4	1	97.125	157.33
40	5	1	143.32500000000005	164.54500000000007
40	6	1	15.233830845771147	24.746268656716417
40	7	1	195.415	110.06500000000004
40	8	1	73.09950248756218	123.02487562189049
40	9	1	82.915	86.11999999999993
40	10	1	26.49999999999999	12.299999999999999
40	11	1	94.92000000000002	36.96499999999998
40	12	1	157.08000000000004	60.66999999999999
40	13	1	71.81499999999998	139.6
40	14	1	81.625	41.58
40	15	1	154.02512562814067	103.9547738693467
40	16	1	9.395000000000005	135.64999999999992
40	17	1	29.884999999999998	92.87500000000004
40	18	1	82.21890547263683	158.72139303482595
40	19	1	6.859296482412059	181.6482412060302
40	20	1	190.22388059701484	36.109452736318424
40	21	1	31.945	30.979999999999993
40	22	1	139.42499999999995	0.8150000000000546
40	23	1	151.3467336683416	190.80402010050256
40	24	1	120.12499999999999	9.029999999999996
40	25	1	185.83999999999992	141.45499999999998
40	26	1	20.054999999999986	116.18499999999997
40	27	1	194.6	52.239999999999995
40	28	1	121.20499999999996	171.03
40	29	1	100.52999999999997	175.62000000000015
40	30	1	14.505000000000006	197.775
40	31	1	183.37313432835816	52.83084577114429
40	32	1	66.74257425742577	62.75742574257427
40	33	1	169.66999999999993	166.88500000000005
40	34	1	196.11	26.240000000000002
40	35	1	98.44723618090453	188.22110552763826
40	36	1	132.36318407960204	137.12935323383087
40	37	1	64.87064676616917	31.741293532338304
40	38	1	1.749999999999999	12.415000000000003
40	39	1	100.04975124378112	19.532338308457707
40	40	1	113.6616915422886	184.5721393034826
40	41	1	3.7299999999999973	195.16
40	42	1	120.12935323383083	78.13930348258712
40	43	1	59.94999999999999	180.20499999999996
40	44	1	166.635	11.419999999999998
40	45	1	118.98000000000002	117.4
40	46	1	3.2950000000000017	63.37999999999997
40	47	1	112.74626865671642	95.10945273631837
40	48	1	21.708542713567848	125.79899497487438
40	49	1	23.66500000000001	80.12499999999997
40	50	1	128.485	44.070000000000014
40	51	1	127.55000000000003	21.685
40	52	1	16.179999999999996	143.79999999999998
40	53	1	13.049999999999994	85.88499999999995
40	54	1	50.1641791044776	94.37810945273625
40	55	1	113.89999999999993	64.075
40	56	1	86.10000000000001	108.94499999999996
40	57	1	60.995000000000005	107.97000000000007
40	58	1	30.695	172.55500000000012
40	59	1	134.14000000000001	170.61999999999998
40	60	1	169.89000000000004	47.504999999999974
40	61	1	98.46231155778894	116.47738693467342
40	62	1	11.719999999999999	46.96499999999998
40	63	1	190.165	69.51499999999997
40	64	1	27.840000000000014	183.37499999999997
40	65	1	88.58499999999994	176.88500000000005
40	66	1	60.36499999999999	12.31
40	67	1	137.8250000000001	15.650000000000002
40	68	1	126.96019900497514	186.53233830845778
40	69	1	115.70000000000002	28.619999999999997
40	70	1	36.504999999999995	80.47499999999995
40	71	1	61.69154228855725	89.5074626865672
40	72	1	172.26999999999992	112.24999999999997
40	73	1	155.655	144.43999999999997
40	74	1	198.45273631840797	160.97014925373136
40	75	1	74.185	98.09500000000003
40	76	1	148.415	92.33
40	77	1	171.1542288557214	67.40298507462684
40	78	1	164.72999999999996	98.63000000000001
40	79	1	106.35323383084574	35.72636815920397
40	80	1	25.160000000000007	62.36000000000002
40	81	1	177.17412935323378	38.08457711442783
40	82	1	22.130000000000006	35.61499999999998
40	83	1	12.689999999999996	14.11
40	84	1	134.425	91.82000000000001
40	85	1	155.90000000000006	194.71
40	86	1	5.9	111.60499999999995
40	87	1	34.19500000000001	47.49499999999999
40	88	1	167.4371859296482	122.77386934673366
40	89	1	139.32499999999993	185.57000000000014
40	90	1	123.89	95.31500000000007
40	91	1	18.265000000000008	170.28999999999985
40	92	1	182.4699999999999	175.24000000000004
40	93	1	69.26865671641792	189.1442786069651
40	94	1	180.85999999999996	74.01500000000007
40	95	1	199.925	130.5
40	96	1	48.20500000000001	52.32499999999999
40	97	1	174.70999999999995	97.27000000000005
40	98	1	6.255000000000003	74.66499999999999
40	99	1	161.52	50.655
40	100	1	90.79499999999999	10.734999999999998
40	101	1	76.01999999999997	74.05000000000003
40	102	1	146.51500000000004	62.55500000000003
40	103	1	87.86567164179104	27.338308457711438
40	104	1	77.62499999999993	11.924999999999994
40	105	1	101.055	95.73500000000004
40	106	1	116.22110552763813	52.497487437185974
40	107	1	16.36	103.75500000000001
40	108	1	57.66499999999999	44.56999999999998
40	109	1	58.80500000000001	132.64000000000013
40	110	1	145.625	45.73499999999999
40	111	1	144.38999999999996	127.68000000000002
40	112	1	37.885572139303456	115.4925373134328
40	113	1	100.45	84.21999999999998
40	114	1	108.02500000000002	166.35499999999996
40	115	1	40.81500000000002	103.02000000000001
40	116	1	4.099502487562186	40.25870646766169
40	117	1	104.86000000000001	71.70499999999997
40	118	1	187.92000000000007	154.93499999999986
40	119	1	65.8557213930348	79.56218905472633
40	120	1	17.67	56.724999999999994
50	1	1	96.37688442211054	102.22110552763822
50	2	1	146.49253731343285	138.52736318407963
50	3	1	107.11500000000002	117.52
50	4	1	98.355	157.50499999999988
50	5	1	143.19000000000003	164.34000000000003
50	6	1	15.049999999999994	24.939999999999987
50	7	1	195.06	110.38000000000001
50	8	1	71.85000000000007	123.77500000000005
50	9	1	83.09500000000001	86.13999999999999
50	10	1	26.09499999999999	11.499999999999998
50	11	1	95.3250000000001	36.33499999999998
50	12	1	156.9651741293533	60.786069651741265
50	13	1	72.35000000000002	138.64000000000007
50	14	1	81.77499999999999	41.44500000000001
50	15	1	154.19499999999996	103.665
50	16	1	9.514999999999995	135.17999999999986
50	17	1	29.765000000000004	92.50499999999997
50	18	1	83.1791044776119	158.88059701492537
50	19	1	6.794999999999999	181.45499999999996
50	20	1	190.23500000000004	36.40999999999999
50	21	1	31.95522388059703	31.233830845771145
50	22	1	139.26999999999995	1.139999999999958
50	23	1	151.13000000000002	190.65499999999997
50	24	1	119.12000000000003	8.134999999999996
50	25	1	185.93499999999986	141.18500000000003
50	26	1	19.1592039800995	115.79104477611939
50	27	1	195.03	52.61500000000002
50	28	1	121.10999999999989	170.76000000000005
50	29	1	100.77114427860698	175.7562189054726
50	30	1	14.655000000000003	197.18
50	31	1	183.72999999999996	52.915000000000006
50	32	1	66.09500000000003	61.52000000000001
50	33	1	171.215	166.17499999999995
50	34	1	196.09	26.259999999999994
50	35	1	98.51499999999999	188.2150000000001
50	36	1	132.8549999999999	137.45999999999998
50	37	1	66.65000000000002	32.589999999999996
50	38	1	1.8199999999999994	11.799999999999997
50	39	1	99.82000000000001	19.674999999999994
50	40	1	114.45273631840806	184.1094527363185
50	41	1	4.09	194.805
50	42	1	121.09900990099005	79.79702970297029
50	43	1	60.03499999999998	181.20499999999998
50	44	1	168.62000000000006	10.439999999999992
50	45	1	118.86500000000002	117.43500000000002
50	46	1	4.025000000000001	63.504999999999995
50	47	1	112.64500000000002	95.06000000000004
50	48	1	21.969849246231156	125.99999999999996
50	49	1	23.62499999999999	79.45000000000005
50	50	1	128.67499999999993	44.300000000000004
50	51	1	127.46766169154233	21.45771144278606
50	52	1	16.044999999999998	144.07500000000007
50	53	1	13.255000000000003	86.30500000000006
50	54	1	50.74874371859297	94.47738693467336
50	55	1	114.34825870646763	65.29353233830841
50	56	1	85.62499999999999	109.18500000000002
50	57	1	61.004999999999995	107.25999999999998
50	58	1	30.890000000000015	172.39500000000007
50	59	1	134.12500000000003	170.78
50	60	1	170.035	47.745
50	61	1	98.15500000000002	116.43000000000006
50	62	1	11.654999999999994	46.93999999999999
50	63	1	190.34	69.52000000000004
50	64	1	27.85000000000001	183.22000000000003
50	65	1	88.66000000000003	176.86499999999992
50	66	1	62.04	12.795000000000003
50	67	1	137.12935323383095	15.21890547263682
50	68	1	127.155	186.96499999999995
50	69	1	115.71000000000004	28.42999999999999
50	70	1	36.288557213930346	81.08955223880595
50	71	1	61.41999999999996	88.93000000000005
50	72	1	172.12000000000003	112.29500000000007
50	73	1	155.0502512562814	144.57286432160794
50	74	1	199.245	160.52999999999992
50	75	1	74.35000000000001	98.11500000000002
50	76	1	148.24120603015075	92.21105527638191
50	77	1	171.19999999999996	67.235
50	78	1	164.75376884422116	98.80402010050257
50	79	1	106.85074626865676	35.905472636815915
50	80	1	25.459999999999983	62.535
50	81	1	177.32500000000002	38.28499999999996
50	82	1	22.015000000000015	35.48500000000001
50	83	1	12.940298507462689	14.000000000000005
50	84	1	134.9402985074627	92.69154228855723
50	85	1	155.86500000000007	194.865
50	86	1	5.756218905472637	112.30845771144283
50	87	1	33.79999999999999	47.450000000000024
50	88	1	167.45000000000002	122.72000000000003
50	89	1	139.32999999999998	185.48500000000004
50	90	1	124.6	96.13000000000001
50	91	1	18.305000000000007	170.28499999999985
50	92	1	181.06500000000003	174.91999999999993
50	93	1	69.5422885572139	189.47761194029857
50	94	1	180.78000000000003	73.76000000000002
50	95	1	199.705	130.61500000000007
50	96	1	47.46268656716419	51.43781094527362
50	97	1	174.85000000000008	97.54999999999997
50	98	1	6.23	74.90499999999994
50	99	1	161.47738693467326	50.628140703517595
50	100	1	90.76381909547739	10.969849246231155
50	101	1	75.91999999999999	73.93000000000005
50	102	1	145.96499999999995	62.25500000000001
50	103	1	87.30499999999999	27.574999999999996
50	104	1	77.70999999999998	12.13
50	105	1	100.53000000000006	95.57499999999993
50	106	1	116.495	53.139999999999986
50	107	1	16.180000000000003	103.19000000000004
50	108	1	57.949999999999974	44.17999999999998
50	109	1	58.20499999999999	132.5649999999999
50	110	1	145.51243781094527	45.9502487562189
50	111	1	144.32000000000005	127.585
50	112	1	36.544999999999995	115.17000000000002
50	113	1	100.53731343283586	84.09452736318404
50	114	1	107.77000000000004	166.105
50	115	1	40.49	103.14499999999998
50	116	1	4.235000000000002	39.84499999999999
50	117	1	105.535	72.04500000000004
50	118	1	188.32999999999996	154.8650000000001
50	119	1	66.17999999999998	79.59999999999997
50	120	1	17.788944723618087	56.83417085427136
60	1	1	96.50753768844224	102.41708542713572
60	2	1	146.6549999999999	138.34500000000003
60	3	1	107.235	117.66000000000008
60	4	1	99.08000000000001	157.5100000000001
60	5	1	143.08999999999992	164.33999999999997
60	6	1	14.99	25.24
60	7	1	195.03015075376885	110.87939698492465
60	8	1	71.70500000000006	123.95500000000003
60	9	1	83.13500000000003	85.89999999999999
60	10	1	25.939999999999998	11.385
60	11	1	95.49999999999997	36.285000000000025
60	12	1	156.64499999999995	60.52
60	13	1	72.25499999999992	138.56499999999997
60	14	1	82.06500000000004	41.525000000000006
60	15	1	154.15920398009948	103.24378109452735
60	16	1	9.635000000000003	135.27000000000007
60	17	1	29.469999999999985	92.50000000000006
60	18	1	84.06500000000003	159.50500000000005
60	19	1	6.7900000000000045	181.61000000000016
60	20	1	190.29000000000005	36.55499999999999
60	21	1	31.92000000000001	31.14
60	22	1	139.4623115577889	1.4070351758794288
60	23	1	151.0301507537688	190.55276381909545
60	24	1	117.725	6.574999999999998
60	25	1	186.3549999999999	141.39499999999998
60	26	1	18.294999999999998	115.47000000000001
60	27	1	195.315	52.48000000000001
60	28	1	121.02512562814066	170.85929648241202
60	29	1	101.08	175.70499999999996
60	30	1	14.945273631840797	196.3781094527363
60	31	1	183.91	52.69499999999998
60	32	1	65.66999999999999	60.75000000000003
60	33	1	173.05500000000006	165.55500000000006
60	34	1	196.66	25.730000000000008
60	35	1	97.66000000000004	188.105
60	36	1	132.99500000000006	137.65499999999997
60	37	1	67.83500000000004	33.83999999999998
60	38	1	1.6299999999999988	11.799999999999999
60	39	1	99.45	19.915000000000003
60	40	1	114.555	184.26999999999992
60	41	1	3.92039800995025	194.94029850746267
60	42	1	121.53500000000003	80.71999999999997
60	43	1	60.26368159203977	182.02487562189057
60	44	1	170.42786069651734	9.656716417910454
60	45	1	119.20398009950245	117.636815920398
60	46	1	4.140000000000001	63.64000000000002
60	47	1	112.66499999999999	95.42999999999996
60	48	1	22.015000000000004	126.11000000000001
60	49	1	24.20297029702972	78.80693069306935
60	50	1	128.255	44.53
60	51	1	126.91999999999997	20.894999999999992
60	52	1	16.169999999999998	144.17499999999993
60	53	1	13.72	86.27000000000004
60	54	1	50.920398009950226	94.58208955223877
60	55	1	114.69000000000003	65.895
60	56	1	85.49000000000002	109.12000000000009
60	57	1	61.39303482587064	106.27860696517412
60	58	1	31.389999999999986	172.71
60	59	1	134.16500000000002	171.10499999999985
60	60	1	169.99999999999997	47.59500000000002
60	61	1	97.84500000000004	116.70499999999998
60	62	1	11.805	47.250000000000014
60	63	1	190.37000000000006	69.135
60	64	1	27.705000000000002	183.355
60	65	1	88.81499999999998	177.31499999999997
60	66	1	62.49500000000004	13.079999999999997
60	67	1	136.40000000000003	14.965000000000003
60	68	1	126.89054726368161	187.1990049751244
60	69	1	115.63184079601986	28.134328358208965
60	70	1	36.68499999999999	82.065
60	71	1	61.105	88.52500000000003
60	72	1	172.11442786069648	112.25870646766164
60	73	1	154.56500000000008	144.81499999999997
60	74	1	199.38	159.50499999999997
60	75	1	74.95	97.84999999999995
60	76	1	148.13499999999988	91.86999999999996
60	77	1	171.105	66.88499999999995
60	78	1	164.62499999999997	98.79000000000002
60	79	1	107.33000000000004	36.055
60	80	1	26.009999999999987	62.76
60	81	1	177.27	38.25999999999997
60	82	1	21.974874371859293	35.603015075376895
60	83	1	13.304999999999998	13.624999999999998
60	84	1	135.06999999999988	92.73500000000003
60	85	1	155.89	195.025
60	86	1	5.855000000000003	113.08999999999999
60	87	1	33.32000000000001	47.71499999999999
60	88	1	168.18592964824106	122.96984924623116
60	89	1	139.19000000000005	185.59
60	90	1	125.77114427860701	96.92039800995028
60	91	1	18.547738693467334	170.44221105527637
60	92	1	179.3749999999999	175.00000000000006
60	93	1	69.81407035175882	189.93467336683415
60	94	1	180.72361809045225	73.57788944723617
60	95	1	199.38805970149255	130.88557213930343
60	96	1	47.124999999999986	50.20500000000001
60	97	1	174.88000000000005	97.57999999999993
60	98	1	6.479999999999996	75.12000000000005
60	99	1	161.4249999999999	50.654999999999966
60	100	1	90.86000000000001	11.039999999999996
60	101	1	75.80000000000003	73.49500000000003
60	102	1	145.26368159203966	61.61194029850745
60	103	1	86.67999999999995	27.464999999999982
60	104	1	77.45500000000003	12.589999999999995
60	105	1	100.35000000000001	95.38999999999997
60	106	1	116.83999999999999	53.52499999999998
60	107	1	15.445000000000004	102.14499999999997
60	108	1	58.17000000000002	43.80500000000001
60	109	1	58.07999999999999	132.5749999999999
60	110	1	145.48499999999993	46.16000000000002
60	111	1	144.21499999999997	127.59000000000002
60	112	1	35.49253731343281	114.87064676616916
60	113	1	100.5	84.03000000000003
60	114	1	108.12000000000003	165.8500000000001
60	115	1	40.029999999999966	103.47499999999997
60	116	1	4.484999999999998	39.554999999999964
60	117	1	106.43718592964827	72.80904522613066
60	118	1	188.52763819095483	154.92964824120602
60	119	1	66.42	79.67999999999999
60	120	1	17.834170854271363	57.025125628140685
70	1	1	96.42500000000001	102.45500000000001
70	2	1	146.9099999999999	138.20999999999998
70	3	1	107.33999999999996	117.755
70	4	1	100.12	157.2400000000001
70	5	1	143.17500000000007	164.52499999999995
70	6	1	14.664999999999988	25.424999999999986
70	7	1	195.23	110.69000000000003
70	8	1	71.23999999999997	124.08500000000004
70	9	1	83.17000000000006	86.09999999999998
70	10	1	26.04500000000001	11.579999999999997
70	11	1	95.66999999999999	36.405
70	12	1	156.39999999999992	60.150000000000006
70	13	1	72.39499999999997	138.29500000000002
70	14	1	82.23000000000003	41.17499999999998
70	15	1	154.05472636815918	103.1144278606965
70	16	1	9.669999999999996	135.08500000000012
70	17	1	29.284999999999993	92.37499999999999
70	18	1	84.79104477611939	160.38805970149252
70	19	1	7.115577889447237	181.41206030150755
70	20	1	190.06499999999994	36.50500000000003
70	21	1	31.675000000000008	30.79499999999999
70	22	1	139.22499999999994	1.8000000000000114
70	23	1	150.92	190.68500000000006
70	24	1	116.11881188118817	5.029702970297029
70	25	1	186.91999999999993	141.60000000000005
70	26	1	18.105000000000004	114.87
70	27	1	195.355	52.64499999999998
70	28	1	121.00500000000001	171.05499999999995
70	29	1	100.97999999999998	174.98000000000002
70	30	1	15.019999999999998	196.17
70	31	1	183.8899999999999	52.75000000000002
70	32	1	64.86000000000001	59.98
70	33	1	174.04500000000002	165.39499999999995
70	34	1	197.035	25.544999999999987
70	35	1	97.13999999999994	187.97500000000008
70	36	1	132.95979899497488	137.67336683417082
70	37	1	68.36815920398008	34.91542288557215
70	38	1	1.7399999999999989	11.755000000000006
70	39	1	99.42499999999998	20.334999999999994
70	40	1	114.15499999999997	184.33000000000004
70	41	1	4.0600000000000005	194.935
70	42	1	122.04000000000002	81.49500000000003
70	43	1	60.316582914572855	182.1005025125629
70	44	1	171.49	9.650000000000004
70	45	1	120.12499999999999	117.64
70	46	1	4.180000000000001	63.660000000000004
70	47	1	112.67500000000005	95.51499999999997
70	48	1	21.870000000000005	126.15000000000002
70	49	1	24.35175879396983	78.03015075376884
70	50	1	128.08500000000004	44.385000000000005
70	51	1	125.81	20.19000000000001
70	52	1	16.125	144.1300000000001
70	53	1	14.14	86.30000000000003
70	54	1	50.599999999999994	94.50999999999995
70	55	1	114.95999999999997	66.10499999999999
70	56	1	85.26000000000003	109.40000000000006
70	57	1	61.30000000000001	105.91500000000002
70	58	1	32.37500000000001	172.73000000000008
70	59	1	134.2	171.145
70	60	1	169.99499999999992	47.39
70	61	1	97.89499999999998	116.69499999999994
70	62	1	11.774999999999995	47.214999999999975
70	63	1	190.33499999999995	69.25499999999997
70	64	1	27.89	183.13000000000002
70	65	1	88.76	177.565
70	66	1	63.25999999999998	12.820000000000002
70	67	1	135.585	14.519999999999996
70	68	1	126.75621890547262	187.12935323383087
70	69	1	115.775	28.175000000000004
70	70	1	36.96	83.085
70	71	1	60.83999999999998	88.61000000000006
70	72	1	171.6318407960199	112.30845771144276
70	73	1	154.56000000000003	144.84
70	74	1	0.35323383084576965	157.32338308457705
70	75	1	75.08000000000003	97.85499999999993
70	76	1	148.17999999999995	91.84500000000003
70	77	1	171.11499999999984	66.68500000000002
70	78	1	164.55500000000004	99.03999999999998
70	79	1	108.39303482587063	36.562189054726375
70	80	1	26.348258706467657	62.59701492537314
70	81	1	177.30499999999998	37.98999999999995
70	82	1	21.819999999999993	36.12499999999997
70	83	1	13.605000000000004	13.445000000000004
70	84	1	135.02499999999995	92.815
70	85	1	155.88944723618084	195.3969849246231
70	86	1	6.075	113.71500000000003
70	87	1	33.3731343283582	47.39303482587065
70	88	1	168.24623115577896	123.20603015075375
70	89	1	139.01492537313425	185.7810945273631
70	90	1	126.32338308457713	97.93034825870647
70	91	1	18.755000000000006	170.50000000000009
70	92	1	177.84577114427853	174.83582089552226
70	93	1	69.645	190.3849999999999
70	94	1	180.72499999999982	73.63999999999997
70	95	1	199.185	130.78500000000005
70	96	1	47.28500000000001	49.85
70	97	1	174.9798994974874	97.7437185929648
70	98	1	6.33	75.16
70	99	1	161.44	50.865
70	100	1	90.91000000000001	11.260000000000002
70	101	1	75.42288557213936	73.38308457711442
70	102	1	145.64179104477603	61.840796019900516
70	103	1	86.41499999999996	27.53
70	104	1	77.56499999999996	12.825000000000005
70	105	1	100.41499999999999	95.195
70	106	1	116.96517412935323	53.597014925373145
70	107	1	14.785000000000009	101.08999999999999
70	108	1	58.20895522388059	42.93034825870646
70	109	1	58.100000000000016	132.54500000000004
70	110	1	145.12060301507543	46.80402010050251
70	111	1	144.15000000000006	127.54999999999998
70	112	1	34.88059701492536	114.8407960199005
70	113	1	99.93034825870643	83.74626865671637
70	114	1	109.18499999999995	165.66499999999996
70	115	1	38.85074626865671	103.69154228855722
70	116	1	4.1949999999999985	39.59999999999998
70	117	1	107.5273631840796	73.64179104477616
70	118	1	188.9054726368159	155.8805970149254
70	119	1	66.57499999999996	79.89499999999994
70	120	1	17.860000000000003	57.264999999999986
80	1	1	96.495	102.73500000000003
80	2	1	147.39800995024882	137.86069651741303
80	3	1	107.48999999999998	117.8
80	4	1	100.12060301507537	156.97487437185927
80	5	1	143.13999999999996	164.56499999999997
80	6	1	14.745000000000001	25.34500000000001
80	7	1	195.39800995024876	110.78606965174133
80	8	1	71.04	124.03000000000004
80	9	1	83.18000000000006	86.21999999999997
80	10	1	25.96500000000001	11.49
80	11	1	95.75999999999998	36.425000000000004
80	12	1	156.32338308457713	60.28358208955224
80	13	1	73.00995024875617	138.32835820895534
80	14	1	82.15	41.02000000000001
80	15	1	153.63499999999996	102.98999999999997
80	16	1	9.527638190954768	135.1859296482411
80	17	1	29.4	92.44500000000005
80	18	1	84.61809045226131	161.44723618090464
80	19	1	7.2950000000000035	181.33999999999997
80	20	1	189.88499999999996	36.544999999999995
80	21	1	31.415000000000003	30.445000000000014
80	22	1	138.95499999999996	2.235
80	23	1	150.71859296482413	190.68844221105527
80	24	1	114.73134328358209	4.54726368159204
80	25	1	187.05000000000007	141.94000000000023
80	26	1	18.275	114.80499999999999
80	27	1	195.49751243781094	52.6318407960199
80	28	1	121.00000000000003	171.01
80	29	1	100.92537313432837	173.82089552238807
80	30	1	15.109999999999994	195.65
80	31	1	183.78499999999997	52.7
80	32	1	63.009950248756184	59.417910447761194
80	33	1	174.66000000000005	165.23499999999999
80	34	1	197.25	25.469999999999995
80	35	1	96.38499999999998	188.13500000000005
80	36	1	133.45000000000005	138.03999999999994
80	37	1	68.99000000000002	36.38499999999998
80	38	1	1.8149999999999988	11.635000000000007
80	39	1	99.82914572864328	20.618090452261292
80	40	1	113.92500000000004	183.89499999999998
80	41	1	4.080402010050251	195.03517587939697
80	42	1	122.06467661691543	82.31840796019901
80	43	1	60.57499999999999	182.315
80	44	1	172.53999999999996	10.054999999999989
80	45	1	120.85074626865676	117.6069651741294
80	46	1	4.179999999999999	63.67000000000004
80	47	1	112.63500000000006	95.47
80	48	1	21.764999999999993	126.135
80	49	1	24.245	77.92
80	50	1	127.96	44.305000000000014
80	51	1	123.71641791044776	19.233830845771127
80	52	1	16.233830845771152	143.92537313432817
80	53	1	14.214999999999995	86.58500000000002
80	54	1	50.72139303482585	94.67164179104478
80	55	1	115.62189054726369	66.28855721393042
80	56	1	84.76500000000006	109.43000000000002
80	57	1	61.60499999999999	106.07000000000004
80	58	1	33.68341708542715	172.68341708542707
80	59	1	134.09	171.46499999999992
80	60	1	169.97499999999997	47.59999999999998
80	61	1	97.71000000000002	116.69999999999997
80	62	1	11.854999999999997	47.050000000000004
80	63	1	190.41000000000003	68.97000000000006
80	64	1	28.375000000000018	182.41500000000008
80	65	1	89.20499999999996	177.63500000000002
80	66	1	63.405	12.739999999999995
80	67	1	135.0995024875622	14.90049751243781
80	68	1	127.07999999999997	187.06500000000003
80	69	1	116.4925373134328	28.706467661691537
80	70	1	37.12500000000002	83.425
80	71	1	60.940000000000005	88.67000000000002
80	72	1	171.54	112.28000000000006
80	73	1	154.65671641791042	144.7363184079603
80	74	1	0.8649999999999997	155.595
80	75	1	75.12000000000005	97.79999999999993
80	76	1	148.09499999999997	91.70499999999996
80	77	1	171.085	66.76500000000004
80	78	1	164.15	98.93500000000004
80	79	1	109.1492537313433	36.92039800995024
80	80	1	26.30348258706469	62.58706467661691
80	81	1	177.20499999999998	38.109999999999985
80	82	1	21.784999999999986	36.464999999999996
80	83	1	13.635000000000003	13.299999999999994
80	84	1	134.89054726368153	92.77114427860695
80	85	1	156.02512562814064	195.33668341708542
80	86	1	6.1899999999999995	113.73499999999997
80	87	1	33.316582914572855	47.57788944723616
80	88	1	168.4800000000001	123.20499999999996
80	89	1	138.98999999999995	186.18500000000014
80	90	1	126.86934673366838	99.04522613065325
80	91	1	18.87000000000001	170.65000000000003
80	92	1	176.71500000000012	174.5750000000001
80	93	1	69.48000000000005	190.81999999999988
80	94	1	180.85499999999993	73.66999999999996
80	95	1	198.75621890547265	130.82587064676608
80	96	1	47.210000000000015	49.44
80	97	1	174.67499999999995	97.93
80	98	1	6.279999999999998	75.17999999999995
80	99	1	161.25	50.96999999999998
80	100	1	91.3880597014925	11.502487562189051
80	101	1	75.48000000000003	73.19500000000001
80	102	1	146.10500000000005	62.00499999999999
80	103	1	86.29850746268656	27.472636815920396
80	104	1	77.76499999999996	12.885
80	105	1	100.24120603015078	95.03517587939702
80	106	1	117.01499999999999	53.63000000000002
80	107	1	14.365000000000002	100.97499999999998
80	108	1	58.33000000000001	42.78
80	109	1	58.756218905472636	132.71641791044772
80	110	1	144.33499999999995	47.29499999999998
80	111	1	144.21500000000006	127.61500000000007
80	112	1	34.73869346733668	114.72864321608037
80	113	1	99.735	83.785
80	114	1	109.97989949748742	165.3668341708543
80	115	1	38.54999999999999	103.71000000000001
80	116	1	4.000000000000002	39.399999999999984
80	117	1	108.24999999999999	74.13999999999996
80	118	1	189.15000000000003	156.305
80	119	1	66.85000000000001	79.86499999999997
80	120	1	17.769999999999992	57.58
90	1	1	96.50251256281402	102.74371859296485
90	2	1	148.25870646766157	137.3034825870647
90	3	1	107.42211055276383	117.72361809045225
90	4	1	99.65499999999997	156.98999999999995
90	5	1	143.08999999999997	164.62
90	6	1	14.789999999999997	25.375
90	7	1	195.32	111.10000000000002
90	8	1	71.30999999999997	123.84999999999995
90	9	1	83.08999999999996	86.28499999999991
90	10	1	25.859999999999996	11.520000000000001
90	11	1	95.96	36.495
90	12	1	156.22999999999993	60.24
90	13	1	73.8	137.9799999999999
90	14	1	81.65999999999994	40.420000000000016
90	15	1	153.59500000000006	102.90000000000009
90	16	1	9.175879396984918	135.62311557788942
90	17	1	29.099502487562184	92.63681592039805
90	18	1	84.28140703517586	162.74371859296488
90	19	1	7.394999999999998	181.10000000000008
90	20	1	189.7035175879397	36.271356783919614
90	21	1	31.52736318407962	30.37810945273632
90	22	1	138.68999999999997	2.7550000000000003
90	23	1	150.65174129353224	190.61691542288557
90	24	1	113.27499999999998	4.584999999999999
90	25	1	187.910447761194	142.73631840796014
90	26	1	17.835820895522378	114.70646766169153
90	27	1	195.475	52.575
90	28	1	120.75000000000001	171.23999999999998
90	29	1	100.72361809045226	172.92462311557787
90	30	1	15.279999999999998	195.2
90	31	1	183.90000000000003	52.80999999999998
90	32	1	61.1608040201005	59.23618090452259
90	33	1	174.8844221105528	165.20100502512565
90	34	1	197.315	25.355000000000004
90	35	1	96.24	188.34500000000006
90	36	1	133.72864321608031	138.24120603015066
90	37	1	69.17499999999995	38.235
90	38	1	1.779999999999998	11.505000000000008
90	39	1	100.00000000000003	21.014999999999993
90	40	1	113.37	183.73000000000008
90	41	1	4.195	195.03
90	42	1	122.04522613065323	83.6633165829146
90	43	1	60.87939698492459	182.77386934673376
90	44	1	173.56499999999994	10.514999999999997
90	45	1	121.2587064676617	117.49751243781091
90	46	1	4.059701492537314	63.63184079601992
90	47	1	113.08500000000002	95.47499999999997
90	48	1	21.73500000000001	126.08499999999997
90	49	1	24.125	77.85000000000001
90	50	1	127.75621890547264	44.412935323383074
90	51	1	121.845	18.519999999999992
90	52	1	15.974999999999998	144.03499999999988
90	53	1	14.215000000000002	86.92000000000002
90	54	1	50.62999999999999	94.85999999999999
90	55	1	116.29000000000002	66.555
90	56	1	84.02999999999996	108.99499999999995
90	57	1	62.059701492537286	106.08955223880594
90	58	1	34.89	172.31499999999997
90	59	1	134.2150000000001	171.5850000000001
90	60	1	169.9899999999998	47.68500000000002
90	61	1	97.18	116.72999999999995
90	62	1	11.869999999999996	46.960000000000015
90	63	1	190.53999999999996	69.25999999999998
90	64	1	28.70000000000001	181.6699999999999
90	65	1	89.57000000000002	177.50499999999997
90	66	1	63.650000000000006	12.685
90	67	1	134.39500000000004	15.334999999999997
90	68	1	127.11500000000001	186.79
90	69	1	117.98500000000001	29.705
90	70	1	37.255000000000024	83.98999999999998
90	71	1	61.230000000000004	89.06
90	72	1	171.43000000000006	112.12500000000003
90	73	1	154.31500000000005	144.8200000000001
90	74	1	0.6999999999999995	154.22499999999988
90	75	1	75.525	97.85500000000002
90	76	1	147.8009950248756	91.78109452736317
90	77	1	171.25000000000003	66.54499999999996
90	78	1	164.01999999999998	98.61499999999994
90	79	1	109.88000000000002	36.87500000000003
90	80	1	26.38308457711443	62.263681592039774
90	81	1	177.24499999999995	38.22999999999999
90	82	1	21.620000000000015	36.34
90	83	1	13.485000000000003	13.240000000000002
90	84	1	134.62500000000003	92.41999999999999
90	85	1	156.00500000000014	195.525
90	86	1	6.386934673366839	113.9045226130653
90	87	1	33.16499999999999	47.34499999999999
90	88	1	168.62999999999997	123.22000000000001
90	89	1	138.85999999999993	186.55000000000004
90	90	1	127.42288557213926	101.2935323383084
90	91	1	18.925	170.92500000000004
90	92	1	176.04499999999996	174.51000000000005
90	93	1	69.04000000000002	191.885
90	94	1	181.00999999999996	73.86000000000001
90	95	1	198.19900497512438	131.15422885572144
90	96	1	47.04999999999997	49.29000000000002
90	97	1	174.675	98.045
90	98	1	6.684999999999999	75.16999999999999
90	99	1	161.22500000000002	51.079999999999984
90	100	1	91.49500000000002	11.63
90	101	1	75.03999999999999	72.68000000000009
90	102	1	146.40999999999994	62.414999999999985
90	103	1	86.16915422885575	27.641791044776106
90	104	1	77.8258706467661	13.109452736318406
90	105	1	100.50500000000004	95.23000000000003
90	106	1	116.98000000000002	53.52499999999999
90	107	1	14.145000000000005	100.745
90	108	1	58.37500000000001	42.67999999999998
90	109	1	58.71356783919596	132.47236180904534
90	110	1	144.23999999999998	47.339999999999975
90	111	1	144.14000000000004	127.81999999999992
90	112	1	34.45999999999999	114.52999999999999
90	113	1	100.15499999999994	83.98
90	114	1	110.56500000000001	165.02000000000004
90	115	1	37.32000000000002	103.82500000000005
90	116	1	3.7300000000000018	39.410000000000004
90	117	1	108.99999999999999	74.26865671641792
90	118	1	188.635	156.2049999999999
90	119	1	67.07500000000003	80.06500000000001
90	120	1	17.611940298507456	57.701492537313456
100	1	1	96.22388059701497	102.77611940298509
100	2	1	148.44723618090453	137.11055276381902
100	3	1	107.32499999999999	117.735
100	4	1	99.31500000000003	157.18
100	5	1	143.13000000000005	164.51499999999996
100	6	1	14.69154228855722	25.388059701492526
100	7	1	195.5	111.53
100	8	1	71.76616915422889	123.49253731343279
100	9	1	83.46500000000002	86.095
100	10	1	25.705	11.305
100	11	1	96.28140703517593	36.286432160804004
100	12	1	155.92499999999998	60.22000000000003
100	13	1	75.05472636815924	137.62686567164184
100	14	1	81.19499999999996	40.19
100	15	1	153.41206030150752	102.8844221105528
100	16	1	8.378109452736323	135.9651741293532
100	17	1	29.210000000000026	92.57999999999996
100	18	1	83.64999999999999	164.08000000000007
100	19	1	7.514999999999998	181.0099999999999
100	20	1	189.68341708542715	36.18592964824119
100	21	1	31.465000000000003	30.390000000000015
100	22	1	138.69499999999988	3.02
100	23	1	150.64999999999995	190.56999999999996
100	24	1	112.48	5.340000000000001
100	25	1	189.29353233830847	143.01990049751248
100	26	1	16.924999999999994	114.44000000000004
100	27	1	195.655	52.55500000000001
100	28	1	120.67999999999996	171.33000000000007
100	29	1	100.4278606965174	172.43283582089546
100	30	1	15.355000000000004	195.01
100	31	1	183.95999999999995	52.69000000000002
100	32	1	60.02487562189053	59.36815920398012
100	33	1	174.92500000000004	165.08500000000004
100	34	1	197.25	25.22500000000001
100	35	1	95.99500000000002	188.60500000000008
100	36	1	133.61499999999998	138.12499999999986
100	37	1	69.17326732673266	39.445544554455445
100	38	1	1.796019900497512	11.482587064676613
100	39	1	100.00497512437812	21.13930348258706
100	40	1	112.98499999999999	183.82
100	41	1	4.125000000000003	195.145
100	42	1	122.19500000000002	85.12499999999994
100	43	1	61.76884422110552	182.76884422110547
100	44	1	173.94999999999996	10.764999999999999
100	45	1	120.97512437810948	117.1990049751244
100	46	1	4.070000000000001	63.65000000000002
100	47	1	113.46000000000002	96.07499999999995
100	48	1	21.880000000000013	126.05000000000001
100	49	1	24.30499999999999	77.7
100	50	1	127.53999999999998	44.61499999999999
100	51	1	120.9497487437186	18.02010050251255
100	52	1	15.875000000000002	143.96499999999992
100	53	1	14.565000000000007	86.87
100	54	1	50.49748743718593	95.00502512562817
100	55	1	116.61809045226134	66.96984924623115
100	56	1	82.85000000000002	108.45499999999998
100	57	1	62.88500000000002	106.46000000000001
100	58	1	35.89447236180906	171.8592964824121
100	59	1	134.33499999999995	171.88000000000008
100	60	1	169.9550000000001	47.81000000000001
100	61	1	96.84499999999996	116.76000000000003
100	62	1	11.745000000000001	46.919999999999995
100	63	1	190.43781094527372	69.2786069651741
100	64	1	28.582089552238802	181.0049751243781
100	65	1	89.9396984924623	177.40201005025133
100	66	1	63.75621890547262	12.527363184079604
100	67	1	133.7738693467337	15.7035175879397
100	68	1	127.09500000000003	186.70000000000005
100	69	1	119.21890547263685	29.990049751243788
100	70	1	37.40000000000002	84.28000000000007
100	71	1	61.565000000000005	89.58500000000001
100	72	1	171.00000000000006	111.99500000000003
100	73	1	154.12000000000006	144.69499999999994
100	74	1	1.035175879396986	152.8492462311559
100	75	1	75.65174129353234	97.94029850746271
100	76	1	147.84499999999994	91.79500000000003
100	77	1	171.30000000000004	66.35000000000001
100	78	1	163.87500000000006	98.39000000000001
100	79	1	110.885	36.734999999999964
100	80	1	26.145728643216085	62.557788944723626
100	81	1	177.17499999999998	38.29999999999999
100	82	1	21.524999999999995	36.37500000000001
100	83	1	13.625	13.029999999999996
100	84	1	134.69346733668343	92.64321608040203
100	85	1	155.88500000000002	195.62
100	86	1	6.4999999999999964	115.07999999999997
100	87	1	32.87000000000001	47.435
100	88	1	169.0049999999998	123.02500000000002
100	89	1	138.85	186.77499999999998
100	90	1	127.82089552238813	103.44278606965172
100	91	1	18.974999999999998	171.15500000000006
100	92	1	175.26368159203977	174.27363184079593
100	93	1	68.32500000000005	192.555
100	94	1	180.83499999999998	73.80500000000004
100	95	1	197.52	131.08999999999995
100	96	1	47.03	48.85
100	97	1	174.73366834170855	98.04522613065322
100	98	1	6.605	75.22999999999998
100	99	1	161.175	51.124999999999986
100	100	1	91.42999999999999	11.710000000000003
100	101	1	74.45273631840793	72.59701492537314
100	102	1	146.77114427860704	63.32338308457714
100	103	1	86.22388059701495	28.01990049751244
100	104	1	77.84499999999997	13.349999999999996
100	105	1	100.55499999999998	95.18500000000002
100	106	1	117.1	53.93500000000003
100	107	1	13.22499999999999	99.95000000000005
100	108	1	58.725	42.82500000000001
100	109	1	59.25000000000001	132.20500000000013
100	110	1	144.2814070351757	47.54271356783919
100	111	1	144.11055276381913	127.79899497487432
100	112	1	33.646766169154226	114.03980099502485
100	113	1	100.72361809045228	84.21105527638191
100	114	1	110.80500000000002	165.04
100	115	1	36.079601990049746	103.97014925373131
100	116	1	3.6381909547738713	39.2713567839196
100	117	1	109.99500000000002	74.84500000000003
100	118	1	188.86999999999992	156.18499999999997
100	119	1	67.46499999999995	80.43499999999999
100	120	1	17.63499999999999	57.714999999999975
110	1	1	96.13000000000001	102.74499999999999
110	2	1	148.62499999999997	136.99499999999986
110	3	1	107.48743718592965	117.62814070351767
110	4	1	99.11000000000004	157.39000000000001
110	5	1	143.365	164.96000000000004
110	6	1	14.934999999999995	25.38999999999999
110	7	1	195.69849246231155	111.84924623115582
110	8	1	71.93034825870645	123.42786069651741
110	9	1	83.37810945273635	86.0597014925373
110	10	1	25.745000000000015	11.265
110	11	1	96.34000000000002	36.24499999999999
110	12	1	155.9449999999999	60.220000000000006
110	13	1	76.90547263681597	137.2935323383084
110	14	1	80.49000000000001	40.48000000000001
110	15	1	153.1999999999999	102.85499999999999
110	16	1	7.785000000000005	136.12000000000012
110	17	1	29.308457711442788	92.6218905472637
110	18	1	83.22499999999994	165.58999999999986
110	19	1	7.4650000000000025	181.17000000000002
110	20	1	189.49499999999992	36.07499999999999
110	21	1	31.605	30.194999999999997
110	22	1	138.57	3.2749999999999995
110	23	1	150.59500000000003	190.54999999999998
110	24	1	112.03500000000005	6.040000000000001
110	25	1	189.66666666666666	143.12437810945266
110	26	1	16.422885572139315	113.47263681592038
110	27	1	195.85	52.305000000000014
110	28	1	120.575	171.52499999999998
110	29	1	100.33000000000001	172.34000000000003
110	30	1	15.381909547738694	195.04522613065328
110	31	1	184.1300000000001	52.78499999999999
110	32	1	59.203980099502495	59.93532338308458
110	33	1	174.72864321608046	164.92462311557782
110	34	1	197.265	25.319999999999986
110	35	1	95.72500000000001	188.735
110	36	1	133.72499999999997	138.195
110	37	1	68.85500000000005	39.715
110	38	1	2.055	11.4
110	39	1	99.89552238805976	21.203980099502495
110	40	1	112.66000000000003	184.06500000000003
110	41	1	4.219999999999999	195.135
110	42	1	122.62189054726367	87.56218905472636
110	43	1	62.16499999999999	182.74500000000003
110	44	1	174.17500000000007	10.864999999999997
110	45	1	120.48500000000003	117.045
110	46	1	3.572139303482589	63.70646766169154
110	47	1	113.41791044776119	95.99004975124377
110	48	1	21.62189054726369	126.0746268656716
110	49	1	24.269999999999992	77.645
110	50	1	127.32499999999993	44.65
110	51	1	120.04499999999999	18.215
110	52	1	15.819999999999997	143.76
110	53	1	14.67	86.94499999999998
110	54	1	50.82499999999996	94.98
110	55	1	116.72000000000003	67.295
110	56	1	82.10050251256278	108.0753768844221
110	57	1	63.540000000000006	107.14000000000003
110	58	1	36.48	171.66000000000005
110	59	1	134.19499999999996	171.81499999999997
110	60	1	169.98499999999993	47.84
110	61	1	96.29000000000009	116.87499999999997
110	62	1	11.630000000000003	47.020000000000024
110	63	1	190.41499999999988	70.04999999999997
110	64	1	28.165000000000006	180.715
110	65	1	89.99500000000005	177.54
110	66	1	64.53000000000003	11.959999999999994
110	67	1	133.0845771144279	16.422885572139307
110	68	1	126.91500000000003	186.4749999999999
110	69	1	120.35499999999996	30.080000000000005
110	70	1	37.43499999999998	84.48500000000003
110	71	1	61.885572139303484	90.21393034825871
110	72	1	171.0804020100503	111.85427135678388
110	73	1	154.11500000000004	144.665
110	74	1	1.1499999999999992	152.9199999999999
110	75	1	76.06999999999992	97.75000000000001
110	76	1	147.8850000000001	91.53499999999994
110	77	1	171.28999999999996	66.31999999999995
110	78	1	163.86	98.49
110	79	1	111.16500000000005	36.41999999999998
110	80	1	25.845000000000013	62.625
110	81	1	177.085	38.35500000000002
110	82	1	21.65829145728643	36.276381909547716
110	83	1	13.735000000000005	13.049999999999999
110	84	1	134.79500000000004	93.24500000000003
110	85	1	155.975	195.72
110	86	1	6.785000000000001	115.59500000000001
110	87	1	32.62000000000001	47.485000000000014
110	88	1	169.005	122.75
110	89	1	138.68500000000003	187.01499999999996
110	90	1	127.63499999999998	105.50500000000001
110	91	1	19.08500000000001	171.1950000000001
110	92	1	174.94527363184076	174.03482587064664
110	93	1	67.52	193.64
110	94	1	180.79500000000004	73.32499999999999
110	95	1	197.30150753768845	130.71356783919592
110	96	1	47.02000000000001	49.16499999999997
110	97	1	174.84	97.87000000000003
110	98	1	6.585000000000002	75.35499999999998
110	99	1	161.18500000000006	51.09999999999998
110	100	1	91.51999999999997	11.649999999999995
110	101	1	74.15500000000002	72.30000000000005
110	102	1	146.89	63.685000000000024
110	103	1	86.16499999999996	28.78500000000001
110	104	1	78.145	13.729999999999995
110	105	1	100.62311557788944	95.15075376884425
110	106	1	117.22999999999999	53.925
110	107	1	12.535000000000004	99.45499999999998
110	108	1	58.60500000000002	43.36999999999998
110	109	1	59.455000000000034	132.08500000000018
110	110	1	144.06999999999982	47.71499999999998
110	111	1	143.65	127.72500000000001
110	112	1	33.07	113.92000000000002
110	113	1	100.81499999999991	84.10499999999998
110	114	1	110.62000000000003	165.02499999999998
110	115	1	35.35500000000001	104.07500000000005
110	116	1	3.6600000000000006	38.97
110	117	1	111.05499999999998	75.34500000000004
110	118	1	188.65999999999994	156.175
110	119	1	67.49500000000003	80.36499999999994
110	120	1	17.32338308457711	57.8955223880597
120	1	1	96.35999999999999	103.04000000000006
120	2	1	148.69346733668345	136.8040201005026
120	3	1	107.60000000000001	117.74500000000005
120	4	1	98.57788944723622	157.7437185929647
120	5	1	143.165	164.74999999999997
120	6	1	14.859999999999992	25.495000000000008
120	7	1	196.235	112.86499999999997
120	8	1	72.035	123.35999999999996
120	9	1	83.26865671641791	86.15920398009946
120	10	1	25.81500000000001	11.47
120	11	1	96.72000000000003	36.015000000000015
120	12	1	155.88000000000005	60.13499999999998
120	13	1	79.36815920398007	136.48756218905487
120	14	1	80.22110552763824	41.231155778894454
120	15	1	153.35499999999996	103.21500000000002
120	16	1	7.574999999999998	136.125
120	17	1	29.220000000000013	92.44499999999998
120	18	1	82.765	167.05500000000004
120	19	1	7.255000000000001	181.30999999999997
120	20	1	189.36499999999995	36.11500000000001
120	21	1	31.575	30.36500000000001
120	22	1	138.4199999999999	3.600000000000004
120	23	1	150.39195979899492	190.61306532663315
120	24	1	112.18090452261303	6.663316582914574
120	25	1	189.54	143.15000000000012
120	26	1	16.39	113.47499999999997
120	27	1	196.22	52.239999999999995
120	28	1	120.38	171.71499999999997
120	29	1	100.22885572139305	172.31840796019904
120	30	1	15.45771144278607	195.13930348258708
120	31	1	184.16500000000002	52.62
120	32	1	58.490000000000016	60.769999999999975
120	33	1	175.18499999999997	165.04000000000005
120	34	1	197.39	25.395000000000007
120	35	1	95.713567839196	188.86934673366838
120	36	1	133.84422110552757	138.21608040201005
120	37	1	68.90500000000002	39.45
120	38	1	2.0400000000000014	11.275000000000002
120	39	1	99.73999999999998	21.26
120	40	1	112.485	184.38000000000005
120	41	1	4.374999999999999	194.9
120	42	1	122.91089108910894	88.9108910891089
120	43	1	62.430000000000014	182.88499999999993
120	44	1	174.28499999999994	10.865000000000002
120	45	1	120.51999999999998	116.85500000000002
120	46	1	3.4	63.82500000000001
120	47	1	113.33830845771148	95.86567164179101
120	48	1	21.544999999999995	126.15999999999998
120	49	1	24.305000000000007	77.61500000000005
120	50	1	127.27000000000004	44.635
120	51	1	119.60499999999998	18.430000000000003
120	52	1	15.645000000000003	143.92499999999998
120	53	1	14.679999999999998	87.15999999999994
120	54	1	51.019999999999996	95.00500000000002
120	55	1	116.57000000000004	67.37999999999997
120	56	1	81.19095477386934	107.77386934673369
120	57	1	64.12	107.75000000000006
120	58	1	36.69499999999998	171.19500000000002
120	59	1	134.05999999999995	171.89499999999998
120	60	1	169.83999999999995	47.73000000000002
120	61	1	96.05999999999997	116.895
120	62	1	11.643216080402015	47.20603015075377
120	63	1	190.43999999999997	70.12999999999992
120	64	1	27.552763819095468	180.11055276381904
120	65	1	89.88499999999999	177.57500000000002
120	66	1	65.54499999999999	10.599999999999996
120	67	1	132.43216080402007	16.899497487437184
120	68	1	126.93999999999996	186.4400000000001
120	69	1	121.32835820895521	29.85572139303483
120	70	1	37.68000000000002	84.90500000000003
120	71	1	62.04999999999997	90.78999999999996
120	72	1	170.48500000000004	111.755
120	73	1	154.17499999999995	144.67000000000004
120	74	1	1.0899999999999987	152.84500000000008
120	75	1	76.69154228855723	97.4825870646766
120	76	1	148.28500000000003	91.49999999999994
120	77	1	170.9751243781094	66.50746268656714
120	78	1	163.94	98.67500000000003
120	79	1	111.76999999999997	36.420000000000016
120	80	1	25.729999999999986	62.69500000000001
120	81	1	177.24999999999997	38.525000000000006
120	82	1	21.705	36.309999999999995
120	83	1	13.654999999999996	13.069999999999999
120	84	1	134.89000000000004	93.72500000000002
120	85	1	156.115	195.60999999999999
120	86	1	6.805	116.06499999999994
120	87	1	32.88	47.72499999999997
120	88	1	169.22999999999993	122.61000000000001
120	89	1	138.695	187.10500000000005
120	90	1	126.5693069306931	106.21287128712872
120	91	1	19.055000000000007	171.08500000000006
120	92	1	174.72500000000005	173.96499999999997
120	93	1	67.10000000000001	194.705
120	94	1	180.8	72.595
120	95	1	196.93	130.71499999999995
120	96	1	47.285	49.10999999999999
120	97	1	174.71000000000004	97.16999999999999
120	98	1	6.859999999999997	75.42000000000003
120	99	1	161.10447761194033	51.1144278606965
120	100	1	91.06500000000005	11.585000000000006
120	101	1	73.95500000000001	72.11
120	102	1	147.16915422885575	64.08955223880598
120	103	1	86.14925373134326	28.875621890547258
120	104	1	77.99999999999999	14.044999999999998
120	105	1	100.685	95.02000000000002
120	106	1	117.18	54.04500000000003
120	107	1	12.104999999999999	99.75000000000003
120	108	1	58.49253731343283	43.567164179104445
120	109	1	60.11499999999999	132.1750000000001
120	110	1	144.03	47.73500000000001
120	111	1	143.67839195979906	127.54271356783923
120	112	1	32.59499999999999	113.83500000000001
120	113	1	100.62189054726367	83.95522388059696
120	114	1	110.678391959799	165.19095477386932
120	115	1	35.58999999999996	104.08500000000001
120	116	1	3.7236180904522636	38.81909547738693
120	117	1	111.61691542288554	75.66666666666664
120	118	1	188.36318407960206	156.09950248756223
120	119	1	67.41708542713567	80.30653266331655
120	120	1	17.320000000000007	57.870000000000005
130	1	1	96.18905472636813	102.8358208955224
130	2	1	149.08000000000004	136.83499999999992
130	3	1	107.73999999999997	117.47499999999998
130	4	1	97.44500000000006	157.95
130	5	1	142.86	164.6699999999999
130	6	1	14.940298507462682	25.472636815920403
130	7	1	196.505	113.64999999999996
130	8	1	72.14999999999998	123.88999999999997
130	9	1	83.28	86.125
130	10	1	25.755000000000003	11.699999999999996
130	11	1	97.25499999999994	35.75999999999997
130	12	1	155.7587939698492	60.08542713567839
130	13	1	80.64824120603014	136.21105527638187
130	14	1	80.19900497512435	41.69651741293535
130	15	1	153.6699999999999	103.41000000000003
130	16	1	7.619999999999996	136.08499999999998
130	17	1	29.11499999999999	92.485
130	18	1	82.11	168.73499999999999
130	19	1	7.209999999999996	181.44999999999987
130	20	1	189.29500000000002	36.259999999999984
130	21	1	31.66500000000001	30.26999999999999
130	22	1	138.22000000000003	3.6550000000000016
130	23	1	150.39195979899492	190.61306532663315
130	24	1	112.17500000000001	7.169999999999998
130	25	1	189.695	143.12499999999994
130	26	1	16.389999999999993	113.10500000000003
130	27	1	196.125	52.065000000000005
130	28	1	120.42713567839193	171.69346733668348
130	29	1	100.19597989949752	172.09547738693468
130	30	1	15.570000000000004	194.825
130	31	1	184.08999999999992	52.765
130	32	1	57.540000000000006	62.05000000000001
130	33	1	175.01999999999995	164.95499999999998
130	34	1	197.345	25.525
130	35	1	95.6582914572864	188.96482412060303
130	36	1	133.84499999999994	138.3400000000001
130	37	1	68.65500000000003	39.18500000000002
130	38	1	2.2149999999999985	11.185
130	39	1	99.57000000000001	21.390000000000004
130	40	1	112.32	184.16
130	41	1	4.369999999999997	194.845
130	42	1	123.08000000000001	89.88000000000001
130	43	1	62.419999999999995	182.74000000000004
130	44	1	174.63000000000005	11.57
130	45	1	120.53000000000003	116.57500000000003
130	46	1	3.369999999999996	63.77999999999998
130	47	1	113.51243781094524	95.68656716417911
130	48	1	21.54499999999999	125.97000000000001
130	49	1	24.39	77.725
130	50	1	127.55721393034831	44.09950248756219
130	51	1	118.65999999999998	18.65
130	52	1	15.419999999999998	144.2149999999999
130	53	1	14.650000000000004	87.33
130	54	1	50.88499999999996	95.00500000000002
130	55	1	116.45999999999998	67.365
130	56	1	80.51758793969853	107.65326633165827
130	57	1	64.63000000000001	108.18500000000003
130	58	1	36.89054726368162	170.83084577114428
130	59	1	133.99000000000007	171.91500000000002
130	60	1	169.76500000000001	47.684999999999995
130	61	1	96.02985074626862	116.68656716417908
130	62	1	11.611940298507463	47.338308457711435
130	63	1	190.47999999999976	70.35999999999997
130	64	1	27.715000000000003	179.48499999999999
130	65	1	89.98500000000003	177.73
130	66	1	67.21890547263685	9.437810945273638
130	67	1	132.12437810945278	17.388059701492534
130	68	1	126.8743718592965	186.28643216080408
130	69	1	121.775	29.779999999999987
130	70	1	37.72000000000001	85.00000000000009
130	71	1	62.21500000000002	91.03500000000001
130	72	1	170.08500000000006	111.71000000000001
130	73	1	154.1859296482413	144.73869346733676
130	74	1	1.0250000000000006	152.87500000000003
130	75	1	77.26999999999998	97.49999999999996
130	76	1	148.4350000000001	91.69999999999997
130	77	1	170.875	66.43500000000002
130	78	1	164.13000000000002	98.69499999999994
130	79	1	112.06532663316582	36.80402010050253
130	80	1	25.684999999999988	62.64999999999999
130	81	1	177.14500000000004	38.419999999999995
130	82	1	21.855000000000004	36.44999999999999
130	83	1	13.391959798994979	13.145728643216076
130	84	1	134.94029850746267	93.96019900497514
130	85	1	155.99499999999992	195.62
130	86	1	6.766169154228854	116.78109452736314
130	87	1	33.10999999999999	47.75000000000004
130	88	1	168.915	122.30999999999999
130	89	1	138.655	187.21000000000006
130	90	1	125.17000000000002	106.36500000000001
130	91	1	19.06500000000002	171.0350000000001
130	92	1	174.54999999999995	173.79999999999998
130	93	1	66.68500000000003	195.2
130	94	1	180.76000000000002	72.48500000000001
130	95	1	196.23383084577114	130.681592039801
130	96	1	47.36000000000001	49.13999999999999
130	97	1	174.65000000000015	96.61000000000001
130	98	1	6.950000000000004	75.27000000000002
130	99	1	161.1350000000002	51.27999999999998
130	100	1	90.21	11.104999999999999
130	101	1	72.90999999999997	71.265
130	102	1	147.1950000000001	64.13999999999999
130	103	1	86.14427860696516	29.263681592039827
130	104	1	77.99999999999997	14.690000000000003
130	105	1	100.995	95.06000000000003
130	106	1	117.09500000000004	53.69000000000001
130	107	1	11.457711442786069	100.03482587064673
130	108	1	58.39999999999999	43.83999999999999
130	109	1	60.19499999999999	132.15000000000003
130	110	1	143.68656716417905	47.830845771144276
130	111	1	143.82999999999996	127.66000000000003
130	112	1	32.58	113.75000000000003
130	113	1	100.64999999999993	83.84500000000003
130	114	1	110.60499999999999	165.06499999999994
130	115	1	35.47	104.09999999999997
130	116	1	3.7900000000000023	38.71500000000001
130	117	1	112.28140703517585	76.02010050251253
130	118	1	188.06000000000003	156.02999999999983
130	119	1	67.68999999999997	80.43500000000004
130	120	1	17.360000000000007	57.870000000000005
140	1	1	96.07500000000002	102.92999999999996
140	2	1	148.88000000000005	136.7700000000001
140	3	1	107.70999999999995	117.38499999999996
140	4	1	96.75376884422113	158.140703517588
140	5	1	142.65500000000003	164.74500000000003
140	6	1	14.844999999999997	25.575000000000003
140	7	1	196.54	114.39000000000004
140	8	1	72.18500000000002	123.86499999999995
140	9	1	83.18090452261306	86.2211055276382
140	10	1	25.81499999999999	11.679999999999994
140	11	1	97.79601990049754	36.114427860696516
140	12	1	155.71144278606957	60.19900497512436
140	13	1	81.04499999999997	135.9449999999999
140	14	1	80.06500000000003	41.73500000000001
140	15	1	153.65499999999997	103.48500000000003
140	16	1	7.5450000000000035	135.98500000000018
140	17	1	29.124999999999996	92.66999999999999
140	18	1	81.82500000000002	169.74500000000006
140	19	1	7.370000000000001	181.04000000000002
140	20	1	189.0398009950249	36.273631840796014
140	21	1	31.565	30.50499999999999
140	22	1	138.29999999999987	4.095000000000001
140	23	1	150.1658291457286	190.56783919597987
140	24	1	112.34328358208957	7.930348258706467
140	25	1	189.63	142.40999999999994
140	26	1	16.245	113.16499999999996
140	27	1	196.245	52.20000000000002
140	28	1	120.33499999999998	171.71499999999995
140	29	1	100.22000000000003	172.09999999999997
140	30	1	15.70499999999999	194.795
140	31	1	184.28499999999994	52.63000000000002
140	32	1	57.73500000000002	63.00500000000004
140	33	1	175.30000000000018	165.08500000000004
140	34	1	197.47	25.425000000000004
140	35	1	95.77500000000003	188.93000000000004
140	36	1	133.845	138.26000000000005
140	37	1	68.54000000000002	39.36000000000002
140	38	1	2.3750000000000004	11.080000000000002
140	39	1	99.17910447761194	21.398009950248767
140	40	1	112.395	184.27999999999992
140	41	1	4.4799999999999995	194.63
140	42	1	123.00999999999998	90.00999999999998
140	43	1	62.95477386934671	182.88442211055283
140	44	1	174.335	12.745000000000006
140	45	1	120.60999999999997	116.885
140	46	1	3.295	63.95499999999998
140	47	1	113.57286432160807	95.53266331658287
140	48	1	21.55999999999999	125.72
140	49	1	24.38499999999999	77.79999999999997
140	50	1	127.8350000000001	43.87999999999999
140	51	1	118.22999999999998	18.64999999999999
140	52	1	15.275000000000004	144.28500000000003
140	53	1	14.611940298507463	87.48756218905469
140	54	1	51.02500000000001	95.07999999999996
140	55	1	116.30348258706475	67.20398009950247
140	56	1	79.98009950248755	107.52736318407966
140	57	1	64.965	108.69000000000001
140	58	1	36.92500000000002	170.36500000000012
140	59	1	133.89500000000004	171.77000000000004
140	60	1	169.90000000000015	47.670000000000016
140	61	1	95.96999999999998	116.67000000000003
140	62	1	11.375000000000004	47.504999999999995
140	63	1	190.59500000000006	70.46500000000002
140	64	1	27.725000000000005	178.70999999999984
140	65	1	89.94974874371862	177.40201005025125
140	66	1	68.48258706467664	8.109452736318417
140	67	1	131.86069651741286	17.835820895522392
140	68	1	126.855	186.22499999999994
140	69	1	121.79104477611936	29.66169154228854
140	70	1	37.62686567164181	84.84079601990048
140	71	1	62.41708542713566	91.22613065326632
140	72	1	170.3300000000001	111.66499999999999
140	73	1	154.07999999999996	144.83000000000004
140	74	1	0.9249999999999996	152.66499999999994
140	75	1	77.65500000000002	97.43
140	76	1	148.33499999999992	91.61999999999998
140	77	1	170.7661691542288	66.18407960199005
140	78	1	164.04000000000008	98.56000000000003
140	79	1	112.15999999999995	36.540000000000006
140	80	1	25.404999999999998	62.92
140	81	1	176.98000000000002	38.349999999999994
140	82	1	21.84	36.644999999999996
140	83	1	13.680000000000007	13.050000000000004
140	84	1	134.68999999999997	94.30000000000001
140	85	1	156.0899999999999	195.705
140	86	1	6.560000000000002	117.13999999999997
140	87	1	32.92999999999999	47.955
140	88	1	167.86000000000016	121.795
140	89	1	138.54	187.39499999999992
140	90	1	124.73869346733673	106.60301507537692
140	91	1	19.12000000000001	170.925
140	92	1	174.6799999999999	173.94
140	93	1	66.50499999999998	195.77
140	94	1	180.53500000000005	72.34
140	95	1	195.5	130.71999999999997
140	96	1	47.48258706467661	49.29850746268659
140	97	1	174.46500000000006	96.11499999999992
140	98	1	6.855000000000001	75.395
140	99	1	161.04000000000005	51.11
140	100	1	89.32338308457715	10.611940298507465
140	101	1	72.75124378109457	71.06467661691539
140	102	1	147.29145728643206	64.34673366834168
140	103	1	86.44000000000007	29.629999999999985
140	104	1	78.19500000000004	15.344999999999997
140	105	1	101.04	95.21499999999999
140	106	1	117.10500000000006	53.225
140	107	1	11.265000000000004	100.23000000000002
140	108	1	58.17500000000001	44.10500000000004
140	109	1	60.32499999999999	132.26499999999993
140	110	1	143.62	47.84500000000002
140	111	1	143.74499999999998	127.445
140	112	1	32.15000000000002	113.63999999999997
140	113	1	100.625	83.93000000000004
140	114	1	110.64000000000001	164.93499999999997
140	115	1	35.599999999999994	104.08
140	116	1	3.8	38.33
140	117	1	112.50500000000002	76.295
140	118	1	187.975	155.85
140	119	1	67.64824120603014	79.93969849246228
140	120	1	17.185929648241217	57.849246231155774
150	1	1	96.17499999999997	103.01000000000003
150	2	1	148.71499999999992	136.83000000000004
150	3	1	107.72864321608041	117.42713567839195
150	4	1	96.08999999999996	158.19999999999996
150	5	1	142.755	165.0649999999999
150	6	1	14.935	25.485000000000014
150	7	1	196.55940594059405	115.00495049504948
150	8	1	72.17499999999998	123.91500000000005
150	9	1	83.17999999999995	86.44000000000003
150	10	1	25.775000000000006	11.415000000000003
150	11	1	98.25	36.305000000000014
150	12	1	155.77000000000004	60.37500000000002
150	13	1	81.48258706467666	135.56716417910442
150	14	1	80.02	41.79000000000001
150	15	1	153.5100000000001	103.61000000000006
150	16	1	6.949999999999999	135.3999999999999
150	17	1	29.255000000000003	92.49499999999998
150	18	1	81.87500000000001	170.24
150	19	1	7.36	181.16500000000005
150	20	1	189.14000000000001	36.279999999999994
150	21	1	31.330000000000002	30.280000000000005
150	22	1	138.4776119402985	4.800995024875622
150	23	1	150.1055276381909	190.4773869346734
150	24	1	112.14499999999997	8.57499999999999
150	25	1	189.67661691542287	142.21890547263686
150	26	1	16.179999999999993	113.34999999999995
150	27	1	196.22613065326632	52.2010050251256
150	28	1	120.1256281407035	171.8140703517587
150	29	1	100.35500000000005	172.14000000000001
150	30	1	15.769999999999998	194.575
150	31	1	184.355	52.570000000000014
150	32	1	57.730000000000025	64.76999999999997
150	33	1	175.565	164.96500000000015
150	34	1	197.725	25.435000000000002
150	35	1	95.92964824120605	188.96984924623118
150	36	1	133.72499999999988	138.1
150	37	1	68.47000000000001	39.334999999999994
150	38	1	2.215	11.32
150	39	1	99.23500000000003	21.40000000000001
150	40	1	112.49499999999999	184.3399999999999
150	41	1	4.444999999999998	194.6
150	42	1	123.0653266331658	89.60804020100498
150	43	1	62.84500000000002	182.6599999999999
150	44	1	173.17000000000002	14.14
150	45	1	120.46499999999997	117.215
150	46	1	3.243781094527364	64.17910447761192
150	47	1	113.60499999999995	95.53499999999997
150	48	1	21.32999999999999	125.80000000000004
150	49	1	24.11500000000002	77.77999999999999
150	50	1	127.65500000000006	43.74000000000001
150	51	1	118.36	18.52500000000001
150	52	1	14.895000000000003	144.10500000000005
150	53	1	14.695	87.705
150	54	1	50.96499999999999	94.53499999999997
150	55	1	116.28500000000003	67.06
150	56	1	79.97512437810944	107.55721393034824
150	57	1	65.465	109.33499999999994
150	58	1	36.164179104477626	169.43283582089546
150	59	1	133.87	171.79999999999993
150	60	1	169.91	47.724999999999994
150	61	1	95.86500000000002	116.62999999999998
150	62	1	11.346733668341711	47.462311557788965
150	63	1	190.585	70.23999999999997
150	64	1	27.969999999999988	178.38500000000005
150	65	1	90.14000000000006	177.44499999999994
150	66	1	69.31840796019898	7.308457711442787
150	67	1	131.74500000000003	17.869999999999994
150	68	1	126.96500000000002	186.20500000000004
150	69	1	121.76	29.50500000000001
150	70	1	37.71500000000002	84.93000000000002
150	71	1	62.19306930693068	91.49009900990103
150	72	1	170.22000000000006	111.77000000000004
150	73	1	153.94000000000003	144.85500000000005
150	74	1	0.9349999999999997	152.50000000000003
150	75	1	77.20895522388054	97.40796019900498
150	76	1	148.195	91.91000000000001
150	77	1	170.79	66.09
150	78	1	164.265	98.57999999999998
150	79	1	112.33999999999993	36.374999999999986
150	80	1	25.391959798994964	63.04522613065328
150	81	1	177.03	38.25000000000001
150	82	1	21.92499999999999	37.06499999999998
150	83	1	13.895000000000005	12.86
150	84	1	134.42999999999998	94.69500000000002
150	85	1	156.045	196.13
150	86	1	6.5373134328358224	117.25373134328359
150	87	1	33.21499999999999	47.82500000000002
150	88	1	166.84000000000003	121.50499999999997
150	89	1	138.67000000000004	187.5600000000002
150	90	1	124.4	106.69500000000005
150	91	1	19.30348258706468	171.0149253731344
150	92	1	174.55223880597018	173.9353233830846
150	93	1	66.22999999999996	196.035
150	94	1	180.59296482412057	72.43216080402011
150	95	1	193.82587064676616	130.33333333333334
150	96	1	47.87500000000003	49.580000000000005
150	97	1	174.58000000000007	95.58000000000001
150	98	1	6.995000000000002	75.52999999999999
150	99	1	161.03	51.10000000000003
150	100	1	88.68500000000004	9.950000000000012
150	101	1	72.71000000000001	71.145
150	102	1	147.13999999999996	64.15000000000003
150	103	1	87.04477611940297	29.77611940298507
150	104	1	78.51000000000008	15.779999999999994
150	105	1	100.95499999999997	94.97999999999995
150	106	1	117.17000000000003	53.215
150	107	1	11.305000000000005	100.25000000000004
150	108	1	58.22499999999999	44.445
150	109	1	60.455000000000055	132.45
150	110	1	143.59701492537312	47.756218905472636
150	111	1	143.98000000000002	127.30999999999996
150	112	1	31.835	113.49000000000002
150	113	1	100.57500000000002	83.94499999999996
150	114	1	110.34999999999998	164.61999999999998
150	115	1	35.78000000000002	103.95
150	116	1	4.039999999999996	38.315000000000005
150	117	1	112.47999999999996	76.19999999999995
150	118	1	188.12499999999994	155.575
150	119	1	67.50000000000006	79.66000000000003
150	120	1	17.285	57.61499999999999
160	1	1	96.21	102.89499999999998
160	2	1	148.86499999999998	136.61000000000004
160	3	1	107.59499999999993	117.26500000000006
160	4	1	96.30500000000006	158.09999999999997
160	5	1	142.73	165.32499999999993
160	6	1	15.15	25.435000000000002
160	7	1	196.315	115.26999999999998
160	8	1	72.22000000000004	123.92500000000001
160	9	1	83.485	86.71999999999994
160	10	1	25.74371859296483	11.407035175879397
160	11	1	98.16915422885573	36.3830845771144
160	12	1	155.8449999999999	60.53499999999996
160	13	1	81.245	135.2250000000001
160	14	1	79.99497487437186	41.69346733668338
160	15	1	153.43500000000003	103.87
160	16	1	6.761194029850742	134.89054726368155
160	17	1	29.2	92.69500000000005
160	18	1	81.85427135678391	170.34170854271355
160	19	1	7.645000000000002	180.75
160	20	1	189.27638190954772	36.36180904522613
160	21	1	31.35500000000001	30.335
160	22	1	138.5349999999999	5.415000000000001
160	23	1	149.67999999999986	190.53500000000003
160	24	1	111.53999999999996	9.16
160	25	1	190.375	141.66500000000002
160	26	1	16.065	113.50000000000001
160	27	1	196.185	52.26
160	28	1	120.00499999999998	171.83000000000004
160	29	1	100.40499999999996	171.98
160	30	1	15.547263681592032	194.81094527363183
160	31	1	184.31999999999988	52.420000000000016
160	32	1	57.774999999999956	65.285
160	33	1	175.71500000000015	164.66500000000002
160	34	1	197.835	25.56499999999999
160	35	1	95.82499999999999	188.75999999999996
160	36	1	133.75376884422107	137.99497487437182
160	37	1	68.24	39.51
160	38	1	1.4749999999999988	12.19
160	39	1	99.19500000000001	21.245000000000015
160	40	1	112.64179104477614	184.23383084577108
160	41	1	4.6716417910447765	194.47761194029852
160	42	1	123.05	89.86999999999999
160	43	1	63.02500000000002	182.77500000000003
160	44	1	172.48999999999998	15.825000000000012
160	45	1	120.59203980099498	117.72636815920393
160	46	1	3.274999999999998	64.19999999999996
160	47	1	113.52999999999997	95.63500000000005
160	48	1	20.95024875621891	126.03482587064671
160	49	1	24.255000000000017	77.92499999999994
160	50	1	127.38999999999999	43.705
160	51	1	118.33	18.49000000000001
160	52	1	14.8	144.31000000000003
160	53	1	14.64500000000001	87.86500000000002
160	54	1	50.686567164179095	93.31840796019901
160	55	1	116.10999999999993	67.10999999999999
160	56	1	79.99500000000002	107.37500000000003
160	57	1	65.76500000000003	109.41999999999997
160	58	1	35.304999999999986	168.40499999999994
160	59	1	134.0549999999999	171.7899999999999
160	60	1	169.67839195979892	47.68341708542715
160	61	1	95.64999999999996	116.54999999999998
160	62	1	11.465000000000005	47.35000000000001
160	63	1	190.69	70.20500000000001
160	64	1	28.34500000000001	178.4000000000001
160	65	1	90.075	177.405
160	66	1	69.78999999999995	6.895000000000002
160	67	1	131.76616915422886	17.999999999999996
160	68	1	127.18999999999998	186.20500000000007
160	69	1	121.46500000000005	29.44000000000002
160	70	1	37.69500000000001	85.15499999999999
160	71	1	61.86069651741295	92.40796019900502
160	72	1	170.09500000000008	111.77
160	73	1	153.81909547738698	144.83417085427132
160	74	1	0.9999999999999997	152.34000000000003
160	75	1	76.785	97.00000000000003
160	76	1	148.01005025125627	92.02512562814066
160	77	1	170.7	65.92499999999995
160	78	1	164.25	98.385
160	79	1	112.02500000000003	36.26499999999999
160	80	1	25.044999999999998	63.384999999999955
160	81	1	177.02010050251272	38.48241206030152
160	82	1	22.02	37.14999999999998
160	83	1	13.86	12.800000000000002
160	84	1	134.47761194029854	94.79104477611939
160	85	1	156.07999999999993	196.145
160	86	1	6.3199999999999985	117.785
160	87	1	33.53233830845772	47.30348258706466
160	88	1	166.31	121.43500000000002
160	89	1	138.7035175879398	187.86934673366838
160	90	1	124.29850746268662	106.636815920398
160	91	1	19.510000000000005	171.20499999999998
160	92	1	174.43781094527364	174.0049751243781
160	93	1	66.32499999999999	196.03499999999988
160	94	1	180.64999999999998	72.26499999999994
160	95	1	192.15577889447238	130.26633165829148
160	96	1	47.17000000000002	50.30500000000001
160	97	1	174.59500000000014	95.27499999999995
160	98	1	6.9999999999999964	75.58706467661693
160	99	1	160.825	51.079999999999984
160	100	1	88.24499999999999	9.655000000000006
160	101	1	72.59798994974875	71.12562814070354
160	102	1	147.175	64.12999999999997
160	103	1	87.08500000000001	29.624999999999996
160	104	1	78.49499999999998	16.040000000000003
160	105	1	100.89499999999997	94.77000000000002
160	106	1	117.06000000000002	52.82000000000001
160	107	1	11.354999999999993	100.36500000000002
160	108	1	57.86567164179104	44.82587064676616
160	109	1	60.73869346733666	132.25125628140702
160	110	1	143.35500000000002	47.885
160	111	1	143.79999999999995	127.19999999999996
160	112	1	31.625	113.54999999999995
160	113	1	100.60000000000001	83.79499999999999
160	114	1	110.19900497512438	164.30845771144286
160	115	1	35.83582089552238	103.99004975124377
160	116	1	4.114999999999997	38.33000000000003
160	117	1	112.37185929648248	76.16582914572862
160	118	1	188.4999999999999	155.36999999999998
160	119	1	67.62686567164184	79.89054726368161
160	120	1	17.34500000000001	57.46999999999998
170	1	1	96.16500000000003	103.075
170	2	1	148.79500000000007	136.67500000000004
170	3	1	107.55999999999997	116.86
170	4	1	95.95979899497482	158.34673366834176
170	5	1	142.80499999999995	165.33499999999998
170	6	1	15.180000000000001	25.42
170	7	1	196.11	115.29
170	8	1	72.32	123.68000000000004
170	9	1	83.71641791044775	87.19402985074626
170	10	1	25.614999999999988	11.240000000000007
170	11	1	98.23383084577114	36.87064676616915
170	12	1	156.21393034825877	61.248756218905456
170	13	1	81.33000000000004	134.92500000000004
170	14	1	80.10000000000007	41.665000000000006
170	15	1	153.59000000000003	104.18000000000002
170	16	1	6.47	134.36499999999992
170	17	1	29.055276381909557	92.74371859296484
170	18	1	81.57286432160805	170.57788944723623
170	19	1	7.885	180.505
170	20	1	189.21999999999986	36.31000000000004
170	21	1	31.15	30.600000000000016
170	22	1	139.0646766169154	5.641791044776118
170	23	1	149.62499999999994	190.53999999999996
170	24	1	111.27000000000001	9.690000000000007
170	25	1	191.42000000000002	141.38999999999987
170	26	1	16.250000000000004	113.45
170	27	1	196.27	52.48500000000003
170	28	1	119.93000000000002	171.97
170	29	1	100.42999999999999	171.94999999999993
170	30	1	15.711442786069645	194.69651741293532
170	31	1	184.53499999999997	52.12499999999999
170	32	1	57.99500000000001	65.72000000000003
170	33	1	176.00499999999997	164.50000000000003
170	34	1	197.92	25.57999999999999
170	35	1	95.89000000000003	188.68499999999992
170	36	1	133.46231155778887	137.85929648241213
170	37	1	67.775	39.31500000000001
170	38	1	0.9999999999999999	12.394999999999994
170	39	1	99.18500000000002	21.31500000000002
170	40	1	112.77500000000002	184.38500000000005
170	41	1	4.900000000000001	194.485
170	42	1	122.86999999999999	90.11999999999998
170	43	1	63.20603015075376	183.01005025125622
170	44	1	171.955223880597	17.96517412935324
170	45	1	120.64000000000004	118.28000000000002
170	46	1	3.4299999999999993	64.19999999999999
170	47	1	113.25999999999996	95.65499999999999
170	48	1	20.705000000000002	126.28000000000007
170	49	1	24.075000000000006	78.055
170	50	1	127.34	43.21499999999999
170	51	1	118.5870646766169	18.273631840796014
170	52	1	14.79	144.12999999999997
170	53	1	14.37	88.18
170	54	1	49.94527363184078	91.68159203980106
170	55	1	116.31500000000001	67.10999999999999
170	56	1	80.005	107.36500000000001
170	57	1	65.84422110552771	109.38693467336682
170	58	1	34.48258706467663	166.71641791044777
170	59	1	133.99499999999998	171.68
170	60	1	169.74999999999983	47.925000000000026
170	61	1	95.16999999999996	116.69999999999999
170	62	1	11.740000000000002	47.15499999999999
170	63	1	190.64000000000001	70.00999999999996
170	64	1	29.250000000000014	178.15500000000006
170	65	1	90.20000000000003	177.35
170	66	1	70.22999999999999	6.784999999999998
170	67	1	131.77999999999994	17.895000000000024
170	68	1	127.26130653266335	186.03517587939697
170	69	1	121.29500000000002	29.430000000000003
170	70	1	37.70500000000003	85.42500000000003
170	71	1	61.095	93
170	72	1	170.28499999999988	111.89500000000002
170	73	1	153.58500000000004	144.865
170	74	1	0.9100000000000003	152.32999999999996
170	75	1	76.23383084577115	96.69651741293535
170	76	1	148.1206030150752	92.34673366834174
170	77	1	170.85500000000002	65.66499999999999
170	78	1	164.255	98.22999999999998
170	79	1	111.80999999999997	36.09999999999999
170	80	1	24.86499999999998	63.19500000000001
170	81	1	176.8500000000001	38.38500000000002
170	82	1	22.0251256281407	37.04522613065329
170	83	1	13.675	12.915000000000006
170	84	1	134.56218905472645	95.13432835820902
170	85	1	156.075	196.185
170	86	1	6.605000000000002	117.73500000000001
170	87	1	34.33000000000001	46.58999999999998
170	88	1	165.59203980099508	121.51243781094527
170	89	1	138.69500000000005	187.97999999999996
170	90	1	124.06965174129357	106.6268656716418
170	91	1	19.760000000000005	171.39999999999998
170	92	1	174.3050000000001	173.89000000000004
170	93	1	66.22	196.35999999999996
170	94	1	180.4949999999999	72.305
170	95	1	190.865	130.48500000000004
170	96	1	46.373134328358205	50.850746268656735
170	97	1	174.53000000000011	95.12999999999994
170	98	1	6.920000000000001	75.68500000000002
170	99	1	160.52	50.97500000000001
170	100	1	88.29500000000006	9.725000000000003
170	101	1	72.73000000000002	71.52000000000001
170	102	1	147.72	64.26499999999999
170	103	1	87.20100502512562	29.72361809045226
170	104	1	78.61500000000001	16.504999999999995
170	105	1	100.76500000000006	94.76000000000002
170	106	1	117.35000000000002	53.025000000000006
170	107	1	11.475000000000003	100.49000000000002
170	108	1	57.63184079601992	45.46268656716417
170	109	1	60.93999999999997	132.21499999999992
170	110	1	142.96499999999995	48.37500000000001
170	111	1	143.72000000000006	127.22499999999998
170	112	1	31.485	113.52500000000005
170	113	1	100.82000000000004	83.52499999999999
170	114	1	110.14427860696523	163.97014925373134
170	115	1	36.185	103.80499999999996
170	116	1	4.140000000000001	38.38
170	117	1	112.52499999999998	76.16
170	118	1	188.53000000000006	155.15000000000006
170	119	1	67.60696517412939	80.39800995024873
170	120	1	17.22000000000001	57.56
180	1	1	95.99500000000002	103.27000000000002
180	2	1	149.04000000000008	136.61999999999992
180	3	1	107.68341708542714	116.58793969849245
180	4	1	95.62999999999997	158.58499999999995
180	5	1	142.825	164.92000000000013
180	6	1	15.084999999999997	25.57499999999999
180	7	1	195.76	115.53499999999997
180	8	1	72.395	123.72500000000007
180	9	1	83.84500000000001	87.91000000000001
180	10	1	25.41206030150753	11.758793969849247
180	11	1	98.21500000000002	37.53000000000003
180	12	1	156.23999999999992	61.50500000000002
180	13	1	81.28000000000003	134.69000000000008
180	14	1	80.33000000000003	41.645000000000024
180	15	1	153.655	104.13499999999998
180	16	1	6.2299999999999995	133.72500000000014
180	17	1	29.090000000000007	92.71499999999999
180	18	1	81.46499999999996	170.7300000000001
180	19	1	7.7499999999999964	179.73000000000002
180	20	1	189.29500000000002	36.359999999999985
180	21	1	30.969849246231146	31.391959798994975
180	22	1	139.64	5.860000000000001
180	23	1	149.61809045226124	190.48241206030156
180	24	1	111.24	9.914999999999994
180	25	1	191.81094527363186	140.67661691542304
180	26	1	16.230000000000004	113.40999999999998
180	27	1	196.25	52.65
180	28	1	119.74999999999999	172.34999999999994
180	29	1	100.33668341708547	171.90452261306535
180	30	1	15.776119402985078	194.33830845771143
180	31	1	184.34500000000006	52.124999999999986
180	32	1	58.29499999999999	66.01000000000006
180	33	1	176.07999999999996	164.35999999999984
180	34	1	198.245	25.69
180	35	1	95.84000000000002	188.89500000000015
180	36	1	133.425	137.98000000000008
180	37	1	67.37499999999997	39.38499999999999
180	38	1	1.0299999999999998	12.350000000000007
180	39	1	99.29353233830848	21.402985074626876
180	40	1	112.63999999999997	184.65000000000012
180	41	1	4.799999999999998	194.335
180	42	1	122.79104477611943	89.90049751243782
180	43	1	63.13000000000002	183.04000000000008
180	44	1	171.54	19.91499999999999
180	45	1	120.62000000000006	118.45000000000002
180	46	1	3.439999999999999	64.28500000000004
180	47	1	113.2010050251256	96.14572864321606
180	48	1	20.80999999999999	126.29499999999997
180	49	1	23.930000000000007	77.87
180	50	1	128.01990049751245	42.98009950248756
180	51	1	118.87000000000002	18.075000000000003
180	52	1	14.795	143.9300000000001
180	53	1	14.432835820895523	88.13432835820898
180	54	1	49.300000000000004	90.28999999999998
180	55	1	116.59499999999998	67.13499999999996
180	56	1	79.71144278606963	107.3830845771144
180	57	1	66.11000000000001	109.48999999999995
180	58	1	33.86432160804019	165.52261306532648
180	59	1	134.1100000000001	171.78999999999988
180	60	1	169.595	47.855000000000004
180	61	1	94.29	116.7
180	62	1	11.557788944723628	47.41708542713569
180	63	1	190.63000000000002	69.90000000000003
180	64	1	29.500000000000004	178.22499999999997
180	65	1	90.27000000000005	177.55999999999995
180	66	1	70.215	6.784999999999998
180	67	1	131.7649999999999	17.569999999999997
180	68	1	127.155	185.9400000000001
180	69	1	121.05	29.264999999999997
180	70	1	37.76999999999999	85.63500000000003
180	71	1	60.59203980099504	93.37313432835825
180	72	1	170.22500000000002	112.02000000000004
180	73	1	153.61500000000004	144.89000000000007
180	74	1	1.084999999999998	151.91499999999994
180	75	1	75.80500000000004	96.30999999999997
180	76	1	148.4472361809045	92.27638190954777
180	77	1	170.69500000000002	65.62000000000003
180	78	1	164.36999999999992	98.39999999999999
180	79	1	111.81407035175879	35.78894472361811
180	80	1	24.904999999999998	62.83500000000002
180	81	1	176.89499999999998	38.27999999999998
180	82	1	22.155000000000012	37.260000000000005
180	83	1	13.549999999999997	12.600000000000003
180	84	1	134.6649999999999	95.03499999999998
180	85	1	156.10999999999987	196.18
180	86	1	6.609999999999998	117.52499999999996
180	87	1	35.899497487437195	45.29648241206029
180	88	1	165.40499999999977	121.615
180	89	1	138.68499999999995	188.15499999999994
180	90	1	123.93499999999999	106.45499999999996
180	91	1	20.149253731343286	171.7064676616915
180	92	1	174.19999999999993	174.16500000000005
180	93	1	66.33165829145732	196.09547738693468
180	94	1	180.35323383084568	72.19900497512434
180	95	1	189.68341708542712	130.71859296482413
180	96	1	45.5074626865672	51.28855721393035
180	97	1	174.61	94.99500000000005
180	98	1	6.89	75.68999999999997
180	99	1	160.2763819095478	50.924623115577916
180	100	1	88.02500000000003	9.890000000000002
180	101	1	72.88	71.64
180	102	1	147.66999999999993	64.47500000000002
180	103	1	87.20398009950254	30.000000000000004
180	104	1	78.79499999999999	16.964999999999996
180	105	1	100.78000000000002	94.805
180	106	1	117.50999999999998	52.935
180	107	1	11.470000000000002	100.62499999999997
180	108	1	57.20500000000001	45.93000000000001
180	109	1	61.079601990049746	132.25870646766168
180	110	1	143.03980099502502	48.32338308457712
180	111	1	143.6299999999999	127.38999999999994
180	112	1	31.584999999999994	113.53000000000002
180	113	1	100.73500000000001	83.725
180	114	1	110.09000000000002	163.84000000000012
180	115	1	36.14999999999999	103.64000000000001
180	116	1	4.215	38.46500000000001
180	117	1	112.24000000000005	76.09499999999998
180	118	1	189.31343283582095	154.83582089552252
180	119	1	67.66834170854275	80.67839195979903
180	120	1	17.354999999999997	57.349999999999994
190	1	1	96.25000000000006	103.425
190	2	1	148.82000000000016	136.69500000000002
190	3	1	107.91542288557211	116.77611940298506
190	4	1	95.75999999999998	158.575
190	5	1	142.87500000000003	165.165
190	6	1	15.340000000000003	25.420000000000012
190	7	1	195.77	115.45
190	8	1	72.58000000000003	123.70500000000004
190	9	1	83.87	88.16000000000004
190	10	1	25.439999999999998	11.694999999999991
190	11	1	98.17499999999993	37.87500000000002
190	12	1	156.23999999999992	61.595
190	13	1	81.47263681592041	134.36318407960195
190	14	1	80.65499999999997	41.555
190	15	1	153.81499999999997	104.405
190	16	1	6.355	133.6899999999999
190	17	1	29.374999999999996	92.71
190	18	1	81.48500000000004	170.4650000000001
190	19	1	7.370000000000003	178.85499999999996
190	20	1	189.34500000000003	36.350000000000016
190	21	1	30.870646766169155	31.96019900497513
190	22	1	140.45499999999996	6.210000000000001
190	23	1	149.39000000000004	190.35499999999996
190	24	1	110.94499999999994	10.109999999999998
190	25	1	192.61306532663318	140.05527638190958
190	26	1	16.25	113.32999999999998
190	27	1	196.14000000000001	52.53500000000001
190	28	1	119.49748743718587	172.27638190954772
190	29	1	100.2361809045226	171.91959798994978
190	30	1	15.820000000000007	193.74
190	31	1	184.29999999999998	51.95000000000002
190	32	1	58.23000000000002	65.51000000000002
190	33	1	176.21499999999986	164.06999999999988
190	34	1	198.495	25.67
190	35	1	95.88499999999998	189.06000000000003
190	36	1	133.15	137.75500000000002
190	37	1	67.335	39.35999999999997
190	38	1	1.3949999999999998	12.044999999999998
190	39	1	99.22500000000001	21.58999999999999
190	40	1	112.40999999999998	184.62999999999994
190	41	1	4.693467336683419	194.3819095477387
190	42	1	122.87	89.82999999999998
190	43	1	63.01499999999999	183.24499999999992
190	44	1	171.59499999999997	20.829999999999995
190	45	1	120.2636815920398	118.76119402985074
190	46	1	2.9800000000000018	64.17000000000002
190	47	1	113.25500000000001	96.19499999999996
190	48	1	20.585	126.355
190	49	1	23.875	77.85499999999998
190	50	1	128.505	43.049999999999976
190	51	1	119.02000000000001	18.009999999999994
190	52	1	14.69	144.0949999999999
190	53	1	14.595000000000006	88.03499999999995
190	54	1	48.97989949748744	89.49246231155772
190	55	1	116.54773869346737	67.11557788944721
190	56	1	79.79	107.36500000000001
190	57	1	66.185	109.325
190	58	1	33.33000000000001	165.04999999999995
190	59	1	134.02500000000006	171.78499999999997
190	60	1	169.555	47.71999999999998
190	61	1	93.06467661691539	116.22885572139297
190	62	1	11.525000000000002	47.19500000000001
190	63	1	190.80499999999995	69.86000000000004
190	64	1	29.875000000000004	178.48000000000005
190	65	1	90.27638190954775	177.61306532663318
190	66	1	70.24500000000002	6.764999999999998
190	67	1	131.96500000000003	17.33500000000002
190	68	1	126.93500000000004	185.82499999999996
190	69	1	121.06500000000005	29.23
190	70	1	37.769999999999996	85.47000000000001
190	71	1	60.40500000000002	93.33500000000001
190	72	1	170.21499999999992	111.89000000000003
190	73	1	153.7849999999999	144.58500000000006
190	74	1	1.07537688442211	152.07537688442224
190	75	1	75.57500000000002	96.23499999999999
190	76	1	148.48999999999998	92.23500000000004
190	77	1	170.7250000000001	65.54
190	78	1	164.215	98.22999999999999
190	79	1	111.76500000000003	35.73499999999997
190	80	1	24.79499999999999	62.964999999999996
190	81	1	176.79500000000002	38.139999999999965
190	82	1	22.374999999999986	37.995000000000026
190	83	1	13.620000000000001	12.445000000000002
190	84	1	134.75500000000002	95.10499999999998
190	85	1	156.19500000000005	196.38
190	86	1	6.512562814070355	117.286432160804
190	87	1	37.074626865671654	44.30348258706466
190	88	1	165.21499999999995	121.785
190	89	1	138.66834170854273	188.1557788944724
190	90	1	123.73999999999995	106.42
190	91	1	20.400000000000002	172
190	92	1	174.04500000000002	174.015
190	93	1	66.20499999999998	196.16
190	94	1	180.50500000000002	72.34499999999994
190	95	1	189.015	131.25499999999988
190	96	1	44.60499999999999	51.64000000000002
190	97	1	174.66000000000005	95.14499999999998
190	98	1	7.264999999999999	75.71000000000004
190	99	1	160.3400000000001	51.02500000000001
190	100	1	87.80499999999999	10.32000000000001
190	101	1	72.69849246231158	71.46733668341707
190	102	1	147.58499999999995	64.28500000000001
190	103	1	87.24000000000001	30.22999999999999
190	104	1	78.67000000000003	16.975
190	105	1	100.79999999999997	94.745
190	106	1	117.62999999999998	52.779999999999994
190	107	1	11.378109452736316	100.50248756218903
190	108	1	57.074999999999996	46.155000000000015
190	109	1	61.11499999999998	132.1149999999999
190	110	1	142.915	48.28499999999998
190	111	1	143.71	127.32000000000002
190	112	1	31.534999999999982	113.46000000000001
190	113	1	100.62499999999999	83.74999999999996
190	114	1	110.07500000000003	163.75499999999994
190	115	1	36.015000000000036	103.54500000000006
190	116	1	4.3582089552238825	38.31840796019901
190	117	1	112.50746268656714	76.2189054726367
190	118	1	189.69346733668343	154.38190954773867
190	119	1	67.72499999999997	80.71499999999995
190	120	1	17.120000000000008	57.28499999999999
200	1	1	95.97500000000004	103.35
200	2	1	148.7600000000001	136.67999999999998
200	3	1	108.11499999999994	116.67
200	4	1	95.55999999999993	158.42999999999998
200	5	1	143.0499999999998	165.20000000000007
200	6	1	15.385000000000003	25.559999999999995
200	7	1	195.91	115.51999999999997
200	8	1	72.53999999999996	123.60500000000003
200	9	1	83.73999999999998	87.85000000000004
200	10	1	25.415000000000006	11.669999999999996
200	11	1	97.915	37.690000000000005
200	12	1	156.25500000000008	61.54500000000003
200	13	1	81.28	133.685
200	14	1	80.75500000000001	41.339999999999996
200	15	1	153.79	104.38499999999995
200	16	1	6.41	133.58000000000007
200	17	1	29.34	92.64500000000008
200	18	1	81.57999999999996	170.5349999999999
200	19	1	7.014999999999999	177.26999999999998
200	20	1	189.76000000000013	36.57000000000003
200	21	1	30.814999999999998	31.6
200	22	1	141.7810945273631	6.935323383084575
200	23	1	149.27135678391957	190.28140703517585
200	24	1	110.45273631840793	10.34328358208956
200	25	1	193.06	139.56500000000008
200	26	1	16.349999999999994	113.24499999999996
200	27	1	195.9	52.574999999999996
200	28	1	119.39499999999995	172.13500000000008
200	29	1	100.14	171.88000000000002
200	30	1	15.720000000000004	193.73
200	31	1	184.045	51.985000000000014
200	32	1	57.99000000000001	65.15
200	33	1	176.06499999999997	163.99500000000003
200	34	1	198.485	25.72
200	35	1	95.88000000000005	189.07500000000002
200	36	1	133.12499999999994	137.71500000000006
200	37	1	67.22500000000001	39.32499999999999
200	38	1	1.4099999999999997	12.040000000000003
200	39	1	99.32	21.704999999999988
200	40	1	112.42500000000001	184.38499999999988
200	41	1	4.949999999999998	194.04
200	42	1	122.75000000000003	89.88999999999997
200	43	1	62.31500000000002	184.12999999999994
200	44	1	171.63	21.39999999999998
200	45	1	120.22000000000001	118.97499999999995
200	46	1	2.7249999999999983	64.155
200	47	1	113.04000000000006	96.27000000000001
200	48	1	20.750000000000007	126.365
200	49	1	23.715000000000007	77.66999999999999
200	50	1	129.27999999999997	42.860000000000014
200	51	1	119.01499999999994	18.13500000000001
200	52	1	14.950000000000003	143.75999999999993
200	53	1	14.73	88.03999999999999
200	54	1	48.81499999999998	88.75
200	55	1	116.65999999999995	66.89000000000001
200	56	1	80.04500000000006	107.42500000000004
200	57	1	66.5149999999999	109.38500000000003
200	58	1	33.532338308457696	164.74129353233837
200	59	1	133.90999999999997	171.825
200	60	1	169.4378109452736	47.62686567164179
200	61	1	92.64500000000002	116.26
200	62	1	11.509999999999996	47.41000000000002
200	63	1	191.1600000000001	70.02500000000002
200	64	1	30.27499999999998	178.36500000000007
200	65	1	90.12999999999997	177.80999999999997
200	66	1	70.22499999999995	6.674999999999998
200	67	1	132.15499999999997	16.809999999999995
200	68	1	126.94	185.87000000000003
200	69	1	121.12499999999994	29.245000000000015
200	70	1	37.69000000000001	85.505
200	71	1	60.55499999999999	93.10499999999999
200	72	1	170.02	112.03500000000001
200	73	1	153.6899999999999	144.63999999999993
200	74	1	1.28	152.21499999999995
200	75	1	75.71144278606968	96.2238805970149
200	76	1	148.19000000000003	92.39000000000004
200	77	1	170.97499999999994	65.34500000000001
200	78	1	164.27999999999994	98.09000000000005
200	79	1	111.87000000000002	35.830000000000005
200	80	1	24.89000000000001	62.55999999999999
200	81	1	177.00500000000002	38.065000000000026
200	82	1	22.609999999999996	38.425000000000004
200	83	1	13.57	12.565000000000001
200	84	1	134.71999999999986	95.08000000000001
200	85	1	156.2160804020099	196.3819095477387
200	86	1	6.582914572864323	117.34673366834167
200	87	1	37.721393034825894	43.12935323383084
200	88	1	165.365	121.67
200	89	1	138.54500000000002	188.49000000000004
200	90	1	123.56499999999998	106.29999999999998
200	91	1	20.504999999999985	172.01
200	92	1	174.11000000000007	174.16000000000014
200	93	1	66.28500000000001	196.08
200	94	1	180.98499999999999	72.65499999999994
200	95	1	188.20398009950247	131.76616915422892
200	96	1	43.995024875621894	51.51243781094528
200	97	1	174.6482412060302	95.0251256281406
200	98	1	7.42	75.68500000000007
200	99	1	160.305	51.119999999999955
200	100	1	87.76999999999998	10.434999999999999
200	101	1	72.57000000000002	71.315
200	102	1	147.7899999999999	64.67000000000002
200	103	1	87.2	29.96
200	104	1	78.41999999999994	16.83499999999999
200	105	1	100.80499999999998	94.78
200	106	1	117.6	52.519999999999975
200	107	1	11.550000000000002	100.60500000000005
200	108	1	56.815000000000005	45.905
200	109	1	61.160000000000004	131.83499999999995
200	110	1	142.835	48.41000000000001
200	111	1	143.665	127.30000000000003
200	112	1	31.669999999999984	113.67
200	113	1	100.53500000000001	83.72500000000002
200	114	1	109.99499999999999	163.60500000000013
200	115	1	35.964999999999996	103.38499999999999
200	116	1	4.621890547263681	38.14427860696515
200	117	1	112.26	76.175
200	118	1	190.105	154.04999999999998
200	119	1	67.41500000000009	80.42999999999996
200	120	1	17.060000000000013	57.365
210	1	1	95.91000000000001	103.47
210	2	1	148.66500000000002	136.645
210	3	1	108.23499999999994	116.58999999999996
210	4	1	95.30000000000003	158.36000000000004
210	5	1	142.63499999999993	165.1650000000001
210	6	1	15.330000000000002	25.359999999999992
210	7	1	196	115.78391959798998
210	8	1	72.69346733668344	123.1708542713568
210	9	1	83.85499999999998	87.92500000000003
210	10	1	25.32499999999999	11.664999999999997
210	11	1	97.6517412935323	37.85572139303482
210	12	1	156.53000000000006	61.79000000000002
210	13	1	81.34500000000004	132.48000000000008
210	14	1	80.51741293532338	41.22885572139303
210	15	1	153.8950000000001	104.62499999999999
210	16	1	6.505000000000001	133.55999999999997
210	17	1	29.385	92.81500000000001
210	18	1	81.44723618090458	170.28643216080405
210	19	1	6.288557213930351	176.62686567164172
210	20	1	190.4599999999998	37.55999999999999
210	21	1	30.650000000000013	31.105000000000008
210	22	1	142.26368159203963	7.194029850746268
210	23	1	149.3383084577114	190.27860696517405
210	24	1	110.18500000000002	10.779999999999996
210	25	1	193.97	138.73999999999995
210	26	1	16.349999999999998	113.20499999999997
210	27	1	195.84924623115577	52.45226130653267
210	28	1	119.325	172.0049999999999
210	29	1	100.04020100502512	172.0150753768844
210	30	1	15.535000000000005	193.505
210	31	1	183.60301507537685	52.482412060301506
210	32	1	57.368159203980134	64.28358208955228
210	33	1	176.12999999999997	163.89500000000012
210	34	1	198.2462311557789	25.728643216080396
210	35	1	95.65499999999999	188.77999999999997
210	36	1	133.26500000000004	137.55
210	37	1	66.95999999999998	39.21499999999998
210	38	1	1.3350000000000006	12.095000000000002
210	39	1	99.53233830845774	21.681592039801004
210	40	1	112.38499999999998	184.25000000000003
210	41	1	4.629999999999999	194.095
210	42	1	122.78999999999998	89.91999999999999
210	43	1	61.03980099502487	185.7860696517413
210	44	1	171.59500000000006	21.654999999999987
210	45	1	119.98000000000002	119.28000000000004
210	46	1	2.145000000000001	64.07999999999996
210	47	1	112.99500000000006	96.25999999999999
210	48	1	20.64499999999999	126.56499999999997
210	49	1	23.980000000000004	77.56500000000004
210	50	1	130.48756218905467	42.407960199004975
210	51	1	119.28140703517585	18.311557788944725
210	52	1	14.960000000000003	143.97499999999985
210	53	1	14.860000000000012	87.99
210	54	1	48.79	88.50499999999997
210	55	1	116.29499999999992	66.38000000000001
210	56	1	80.11557788944727	107.42713567839198
210	57	1	66.63499999999999	109.57500000000005
210	58	1	33.760000000000026	164.85500000000002
210	59	1	133.86999999999995	171.93500000000003
210	60	1	169.66999999999987	47.53000000000001
210	61	1	92.3532338308458	116.17910447761194
210	62	1	11.520000000000001	47.25500000000001
210	63	1	191.51256281407035	70.25125628140702
210	64	1	30.279999999999994	178.35000000000002
210	65	1	89.79499999999997	177.81000000000014
210	66	1	70.37499999999997	6.625000000000003
210	67	1	131.91	14.960000000000003
210	68	1	126.94499999999995	185.86000000000004
210	69	1	121.35000000000005	29.46500000000001
210	70	1	37.74999999999999	85.52500000000003
210	71	1	60.71999999999999	92.80999999999999
210	72	1	170.02999999999992	112.06499999999998
210	73	1	153.76000000000008	144.69999999999996
210	74	1	1.2699999999999998	152.39499999999992
210	75	1	75.58999999999999	96.03999999999996
210	76	1	148.1549999999998	92.47000000000003
210	77	1	171.24623115577884	65.2814070351759
210	78	1	164.3517587939699	98.1608040201005
210	79	1	111.56499999999997	35.774999999999984
210	80	1	24.97000000000001	62.254999999999974
210	81	1	177.645	37.13499999999999
210	82	1	22.650000000000013	38.87499999999998
210	83	1	13.475000000000007	12.290000000000003
210	84	1	134.72	95.12499999999997
210	85	1	156.30999999999983	196.665
210	86	1	6.674999999999998	117.14000000000003
210	87	1	37.525000000000006	42.87000000000002
210	88	1	165.2250000000001	121.58499999999998
210	89	1	138.51500000000013	188.54
210	90	1	123.46	106.34999999999998
210	91	1	20.50746268656716	171.9800995024876
210	92	1	173.78500000000005	174.16
210	93	1	66.5174129353234	195.92537313432837
210	94	1	181.12562814070344	73.09045226130657
210	95	1	187.27860696517408	132.63184079601993
210	96	1	44.080402010050264	51.53266331658293
210	97	1	174.63500000000016	94.85500000000002
210	98	1	7.865671641791042	75.23880597014927
210	99	1	160.44	51.26000000000001
210	100	1	87.64999999999999	10.619999999999994
210	101	1	72.43	71.04000000000002
210	102	1	148.055	64.66499999999999
210	103	1	87.43500000000003	29.824999999999992
210	104	1	78.32499999999999	16.785000000000004
210	105	1	100.885	94.83500000000002
210	106	1	118.00000000000004	52.03000000000001
210	107	1	11.606965174129353	100.41293532338305
210	108	1	56.26499999999999	45.30499999999997
210	109	1	61.52499999999997	131.385
210	110	1	142.8199999999999	48.57499999999998
210	111	1	143.70000000000007	127.36500000000001
210	112	1	31.38999999999999	113.69000000000001
210	113	1	100.58500000000004	83.63499999999995
210	114	1	109.61499999999997	163.50500000000008
210	115	1	36.30500000000003	103.27499999999999
210	116	1	4.80597014925373	37.895522388059725
210	117	1	112.52000000000011	76.22500000000002
210	118	1	190.31	154.03999999999996
210	119	1	67.30000000000004	80.03000000000006
210	120	1	16.985000000000003	57.40499999999999
220	1	1	96.01500000000003	103.68499999999997
220	2	1	148.76000000000002	136.75000000000003
220	3	1	108.59999999999998	116.51499999999999
220	4	1	95.24	158.38500000000005
220	5	1	142.63999999999993	165.3799999999999
220	6	1	15.315000000000003	25.23000000000001
220	7	1	196.1492537313433	115.60199004975125
220	8	1	72.96999999999997	123.08
220	9	1	83.83000000000001	88.40000000000002
220	10	1	25.19900497512439	11.507462686567168
220	11	1	97.14000000000003	38.16999999999998
220	12	1	156.53000000000006	61.7
220	13	1	81.4427860696517	131.40796019900495
220	14	1	80.45771144278599	41.22885572139303
220	15	1	153.90500000000006	104.51999999999995
220	16	1	6.744999999999998	133.80499999999998
220	17	1	29.065000000000015	93.26500000000004
220	18	1	81.49999999999993	170.18
220	19	1	5.959999999999999	176.1150000000001
220	20	1	191.04477611940294	38.43781094527362
220	21	1	30.535	31.070000000000004
220	22	1	142.01500000000001	6.770000000000003
220	23	1	150.16500000000005	189.91000000000005
220	24	1	109.02499999999995	11.034999999999997
220	25	1	194.42	137.81
220	26	1	16.564999999999994	113.15
220	27	1	195.2	52.644999999999996
220	28	1	119.38499999999989	172.18999999999988
220	29	1	100.0552763819096	172.13567839195974
220	30	1	15.554999999999998	193.25
220	31	1	182.88442211055275	52.356783919597994
220	32	1	56.954999999999984	63.484999999999985
220	33	1	176.09999999999997	163.83999999999995
220	34	1	197.99502487562188	25.736318407960205
220	35	1	95.70500000000006	188.87
220	36	1	133.39000000000004	137.42500000000004
220	37	1	67.21999999999998	39.56999999999999
220	38	1	1.47	11.929999999999998
220	39	1	100.05499999999996	21.665
220	40	1	112.54499999999999	184.23999999999987
220	41	1	4.619999999999996	193.795
220	42	1	122.73499999999999	90.22000000000004
220	43	1	60.05499999999997	187.10999999999996
220	44	1	171.405	21.90500000000001
220	45	1	119.50248756218905	120.25870646766171
220	46	1	2.0700000000000007	63.85500000000004
220	47	1	112.96499999999996	96.19000000000005
220	48	1	20.789999999999996	126.56999999999996
220	49	1	24.049751243781095	77.7960199004975
220	50	1	131.61000000000013	42.34999999999997
220	51	1	119.27499999999998	18.43999999999999
220	52	1	14.849999999999998	144.0849999999999
220	53	1	14.830000000000009	87.89500000000004
220	54	1	48.85500000000002	88.69000000000003
220	55	1	115.98000000000003	65.355
220	56	1	80.1442786069652	107.57213930348257
220	57	1	66.30499999999998	110.00000000000001
220	58	1	34.650000000000006	164.64499999999992
220	59	1	133.64999999999995	171.72999999999993
220	60	1	170.10552763819092	47.55276381909545
220	61	1	92.50999999999999	116.12499999999994
220	62	1	11.389999999999997	47.08999999999998
220	63	1	191.69	70.365
220	64	1	29.895000000000003	178.3549999999999
220	65	1	89.67499999999997	178.09
220	66	1	70.535	6.419999999999997
220	67	1	132.01999999999998	14.300000000000002
220	68	1	127.18090452261306	185.87939698492465
220	69	1	121.295	29.71
220	70	1	37.63000000000001	85.50500000000004
220	71	1	60.78999999999999	92.50500000000002
220	72	1	169.8549999999999	112.00500000000002
220	73	1	153.86500000000004	144.66499999999994
220	74	1	1.0099999999999991	152.5050000000001
220	75	1	75.27000000000001	95.775
220	76	1	148.38999999999996	92.38999999999996
220	77	1	170.98994974874378	65.51758793969846
220	78	1	164.29499999999996	97.97499999999998
220	79	1	111.27999999999993	35.65000000000002
220	80	1	24.959999999999987	62.21000000000001
220	81	1	178.26499999999993	35.694999999999965
220	82	1	22.78	39.065000000000005
220	83	1	13.435000000000002	12.134999999999998
220	84	1	134.82999999999993	95.25500000000001
220	85	1	156.24	197.145
220	86	1	6.7849999999999975	117.23500000000001
220	87	1	37.375000000000014	42.57999999999997
220	88	1	165.1399999999999	121.52000000000004
220	89	1	138.78109452736314	188.37810945273628
220	90	1	123.38999999999999	106.49000000000001
220	91	1	20.34999999999999	171.92999999999995
220	92	1	174.11055276381916	174.22613065326627
220	93	1	67.01999999999998	195.655
220	94	1	181.10999999999993	73.23500000000003
220	95	1	187.03999999999996	133.02999999999994
220	96	1	43.995000000000005	51.47999999999997
220	97	1	174.7449999999999	94.84499999999998
220	98	1	8.014925373134327	74.96517412935326
220	99	1	160.605	51.285
220	100	1	87.65999999999998	10.765000000000006
220	101	1	72.26500000000001	71.27999999999997
220	102	1	148.16499999999996	64.64500000000001
220	103	1	87.77114427860697	29.28855721393035
220	104	1	78.33000000000004	16.84
220	105	1	100.83999999999999	94.86000000000006
220	106	1	118.49000000000002	51.77000000000001
220	107	1	11.540000000000003	100.35499999999999
220	108	1	55.98500000000002	44.81500000000001
220	109	1	61.949999999999996	131.23
220	110	1	143.03500000000005	48.745000000000005
220	111	1	143.49499999999998	127.335
220	112	1	31.215000000000007	113.32000000000001
220	113	1	100.4999999999999	83.74
220	114	1	109.47999999999996	163.51
220	115	1	36.545000000000016	102.965
220	116	1	4.955223880597014	37.895522388059696
220	117	1	113.67661691542288	76.49751243781088
220	118	1	190.345	153.78999999999996
220	119	1	66.87499999999999	79.825
220	120	1	16.965	57.14499999999998
230	1	1	95.94000000000001	103.62
230	2	1	148.99499999999995	136.76499999999996
230	3	1	108.73999999999995	116.23999999999998
230	4	1	95.57000000000004	158.45000000000016
230	5	1	142.34500000000006	165.36999999999995
230	6	1	15.120000000000005	24.715000000000007
230	7	1	196.06	115.70499999999997
230	8	1	73.35999999999997	122.56
230	9	1	83.75879396984926	88.8542713567839
230	10	1	25.015000000000004	11.540000000000003
230	11	1	96.53999999999994	38.975
230	12	1	156.44499999999985	61.56
230	13	1	81.46231155778901	130.70854271356777
230	14	1	80.33165829145727	40.889447236180914
230	15	1	153.70499999999996	104.24999999999993
230	16	1	6.784999999999997	133.655
230	17	1	28.754999999999992	93.51999999999997
230	18	1	81.58500000000002	170.30000000000004
230	19	1	5.914999999999998	175.48
230	20	1	191.27363184079593	38.78606965174124
230	21	1	30.417085427135678	31.25628140703517
230	22	1	142.11999999999998	6.564999999999999
230	23	1	150.36633663366337	189.6435643564356
230	24	1	107.29850746268653	11.30348258706468
230	25	1	194.71356783919597	137.45226130653276
230	26	1	16.625	113.09
230	27	1	194.925	52.47000000000001
230	28	1	119.50251256281408	172.2261306532664
230	29	1	99.94499999999996	172.20499999999993
230	30	1	15.395000000000005	192.98499999999999
230	31	1	182.685	52.47499999999998
230	32	1	57.08955223880596	62.7810945273632
230	33	1	176.2599999999999	163.84500000000006
230	34	1	197.95	25.849999999999998
230	35	1	95.23500000000006	189.51
230	36	1	133.59500000000008	136.7050000000001
230	37	1	67.28999999999998	39.720000000000006
230	38	1	1.61	11.530000000000005
230	39	1	100.695	22.67499999999999
230	40	1	112.46499999999997	183.85500000000002
230	41	1	4.52261306532663	192.70854271356785
230	42	1	122.83500000000001	89.80500000000004
230	43	1	59.08000000000001	187.8100000000001
230	44	1	171.40999999999988	22.72000000000001
230	45	1	119.49499999999999	120.43000000000002
230	46	1	2.0597014925373127	63.50248756218906
230	47	1	113.13500000000002	96.10999999999997
230	48	1	20.705000000000002	126.52000000000007
230	49	1	24.23383084577113	77.76119402985076
230	50	1	131.69000000000005	42.33499999999998
230	51	1	119.15422885572136	18.437810945273625
230	52	1	14.860000000000001	144.1350000000001
230	53	1	15.004975124378118	87.8756218905473
230	54	1	49.07000000000002	88.98500000000001
230	55	1	115.50499999999997	64.25999999999996
230	56	1	80.11000000000003	107.50999999999995
230	57	1	65.98499999999999	110.32499999999996
230	58	1	34.84500000000001	164.165
230	59	1	133.14499999999992	171.3850000000001
230	60	1	170.22999999999993	47.535000000000025
230	61	1	92.68500000000003	115.97999999999999
230	62	1	11.415000000000004	47.03999999999999
230	63	1	192.17000000000002	70.53999999999996
230	64	1	29.685	178.31
230	65	1	89.56500000000001	178.25
230	66	1	70.65999999999994	6.255
230	67	1	132.18000000000004	14.354999999999999
230	68	1	127.33999999999997	185.925
230	69	1	121.215	29.625000000000004
230	70	1	37.73499999999997	85.76500000000001
230	71	1	60.766169154228876	91.43283582089548
230	72	1	169.63500000000002	111.79999999999998
230	73	1	154.15	144.62500000000003
230	74	1	1.0999999999999985	152.26999999999998
230	75	1	74.88500000000003	95.55000000000001
230	76	1	148.6783919597991	92.12562814070355
230	77	1	171.00999999999996	65.44000000000003
230	78	1	164.19500000000005	97.88000000000001
230	79	1	111.12500000000007	35.65000000000004
230	80	1	24.890000000000004	62.21499999999997
230	81	1	178.96499999999995	34.83499999999999
230	82	1	22.685000000000002	38.86499999999995
230	83	1	13.410000000000002	11.689999999999998
230	84	1	134.91999999999996	95.41500000000002
230	85	1	156.74499999999998	197.095
230	86	1	6.764999999999998	116.935
230	87	1	37.27000000000002	42.520000000000024
230	88	1	165.0250000000001	121.41500000000005
230	89	1	138.93000000000006	188.43499999999997
230	90	1	123.185	106.35999999999997
230	91	1	20.654999999999994	171.735
230	92	1	174.0300000000001	174.11500000000004
230	93	1	67.63499999999998	195.06
230	94	1	181.2100000000002	73.08000000000001
230	95	1	186.85000000000008	133.42000000000007
230	96	1	44.01499999999999	51.59500000000002
230	97	1	174.84499999999994	95.05999999999997
230	98	1	8.265000000000002	74.915
230	99	1	160.56999999999985	51.255
230	100	1	87.59	10.970000000000002
230	101	1	72.19500000000002	71.35999999999999
230	102	1	148.215	64.835
230	103	1	88.04000000000005	28.835
230	104	1	78.17500000000001	16.86499999999999
230	105	1	101.05999999999997	94.75999999999999
230	106	1	118.86499999999995	51.635000000000005
230	107	1	11.49246231155779	100.34170854271352
230	108	1	55.72139303482588	44.78606965174129
230	109	1	62.29000000000001	131.015
230	110	1	143.14999999999998	48.574999999999996
230	111	1	143.52999999999994	127.45000000000002
230	112	1	30.815000000000005	113.26000000000003
230	113	1	100.38499999999998	83.71000000000004
230	114	1	109.72499999999994	163.57
230	115	1	36.35500000000001	102.84499999999998
230	116	1	5.119999999999998	37.729999999999976
230	117	1	113.71500000000002	76.40500000000002
230	118	1	190.265	153.90000000000003
230	119	1	66.44499999999996	79.72499999999997
230	120	1	17.03517587939699	57.015075376884404
240	1	1	95.92999999999996	103.525
240	2	1	148.96500000000003	136.84999999999997
240	3	1	108.865	116.24000000000001
240	4	1	95.59000000000002	158.72500000000005
240	5	1	142.105	165.34999999999994
240	6	1	14.470000000000006	24.339999999999996
240	7	1	196.02	115.615
240	8	1	73.65500000000003	122.35499999999992
240	9	1	83.83000000000003	88.87500000000003
240	10	1	24.840000000000014	11.615
240	11	1	96.21499999999996	39.33999999999999
240	12	1	156.22499999999994	61.35999999999999
240	13	1	81.60804020100505	130.2412060301506
240	14	1	80.5226130653266	40.653266331658294
240	15	1	153.62	104.46999999999996
240	16	1	6.889999999999998	133.57
240	17	1	28.13	93.64499999999998
240	18	1	81.64499999999998	170.49
240	19	1	5.5100000000000025	174.67500000000007
240	20	1	191.655	39.18500000000001
240	21	1	30.464999999999996	31.295000000000005
240	22	1	142.20499999999987	6.029999999999999
240	23	1	150.3500000000002	189.39999999999998
240	24	1	106.10500000000003	11.375000000000005
240	25	1	195.06	137.21499999999997
240	26	1	16.78000000000001	113.06000000000003
240	27	1	194.865	52.555000000000014
240	28	1	119.34499999999998	172.71500000000003
240	29	1	99.96000000000002	172.425
240	30	1	15.355000000000002	192.35
240	31	1	182.72500000000002	52.480000000000025
240	32	1	56.93999999999997	62.40499999999997
240	33	1	176.265	163.76999999999992
240	34	1	197.6180904522613	26.065326633165824
240	35	1	94.65000000000003	190.62000000000003
240	36	1	133.67499999999998	136.60999999999999
240	37	1	67.49000000000001	39.99500000000001
240	38	1	1.854999999999999	11.19999999999999
240	39	1	101.04000000000003	22.979999999999983
240	40	1	111.755	183.9499999999999
240	41	1	4.345	192.015
240	42	1	122.91044776119405	89.82089552238804
240	43	1	58.40000000000001	187.75999999999993
240	44	1	171.30499999999998	22.764999999999986
240	45	1	119.60499999999999	120.31
240	46	1	2.4099999999999984	63.47499999999997
240	47	1	113.06999999999996	95.91499999999999
240	48	1	20.785000000000007	126.48500000000006
240	49	1	24.405	77.66499999999998
240	50	1	131.73999999999995	42.475000000000016
240	51	1	119.10000000000004	18.489999999999995
240	52	1	14.870000000000003	144.14499999999998
240	53	1	15.285000000000004	87.87499999999997
240	54	1	49.32999999999999	89.48999999999998
240	55	1	115.26000000000003	63.81500000000002
240	56	1	80.08999999999999	107.35999999999997
240	57	1	65.99	110.49
240	58	1	35.2089552238806	163.7711442786069
240	59	1	132.9099999999999	171.14
240	60	1	170.5572139303483	47.70646766169154
240	61	1	92.37999999999998	115.76499999999992
240	62	1	11.381909547738694	47.085427135678394
240	63	1	192.385	70.30000000000001
240	64	1	28.985000000000003	178.6149999999999
240	65	1	89.67499999999997	178.47
240	66	1	70.94000000000007	5.855000000000004
240	67	1	132.14500000000004	14.774999999999991
240	68	1	127.34170854271355	185.59798994974884
240	69	1	121.19999999999999	29.89500000000001
240	70	1	37.785000000000004	86.37500000000003
240	71	1	60.82	90.2650000000001
240	72	1	169.72499999999994	111.95999999999995
240	73	1	153.85000000000002	144.8100000000001
240	74	1	1.0999999999999992	152.43000000000012
240	75	1	74.61499999999998	95.37999999999995
240	76	1	149.28999999999988	91.92500000000004
240	77	1	170.76999999999995	65.43
240	78	1	164.305	98.42000000000004
240	79	1	111.01492537313437	35.58208955223879
240	80	1	25.015075376884422	62.140703517587944
240	81	1	179.06999999999996	34.644999999999996
240	82	1	22.675000000000015	38.72499999999999
240	83	1	13.549999999999999	11.309999999999999
240	84	1	135.08457711442784	95.66666666666673
240	85	1	157.5820895522387	196.87562189054728
240	86	1	6.744999999999997	116.87499999999996
240	87	1	37.345	42.63499999999999
240	88	1	165.195	121.79000000000003
240	89	1	138.7800000000001	188.52499999999995
240	90	1	123.15920398009943	106.28358208955225
240	91	1	20.701492537313413	171.59203980099508
240	92	1	174.01000000000002	174.13000000000002
240	93	1	67.61499999999998	194.75000000000003
240	94	1	180.9699999999999	72.74500000000002
240	95	1	186.82412060301507	133.65326633165836
240	96	1	44.10499999999997	51.84
240	97	1	174.70149253731347	94.80099502487566
240	98	1	8.415000000000001	75.12500000000001
240	99	1	160.58999999999992	51.28500000000002
240	100	1	87.45728643216079	10.959798994974872
240	101	1	72.255	71.58500000000002
240	102	1	148.01	64.49999999999999
240	103	1	88.21000000000002	28.670000000000005
240	104	1	78.115	17.375
240	105	1	101.16999999999996	94.76000000000003
240	106	1	118.83500000000012	51.70499999999998
240	107	1	11.249999999999998	100.32999999999998
240	108	1	55.69499999999997	44.589999999999996
240	109	1	62.65000000000001	130.905
240	110	1	143.98514851485135	47.35643564356436
240	111	1	143.85000000000014	127.46999999999997
240	112	1	30.865671641791046	113.16915422885577
240	113	1	100.44000000000005	83.53499999999997
240	114	1	110.20000000000003	163.5249999999999
240	115	1	36.280000000000015	102.72999999999996
240	116	1	5.519999999999998	37.42
240	117	1	113.91542288557217	76.25373134328359
240	118	1	190.3	153.94999999999993
240	119	1	66.315	79.63000000000005
240	120	1	17.15500000000001	56.80500000000002
250	1	1	96.095	103.59500000000003
250	2	1	149.06499999999997	136.89499999999998
250	3	1	108.60500000000003	116.43999999999997
250	4	1	95.48499999999997	158.90000000000003
250	5	1	142.10499999999993	165.81500000000003
250	6	1	14.319999999999999	24.055
250	7	1	196.02	115.625
250	8	1	73.60499999999998	122.26999999999997
250	9	1	83.98500000000001	88.88000000000002
250	10	1	24.805000000000007	11.655
250	11	1	95.89	39.7
250	12	1	156.16999999999987	61.26000000000002
250	13	1	81.61500000000002	129.805
250	14	1	80.345	40.565
250	15	1	153.57000000000008	104.30500000000004
250	16	1	6.989999999999999	133.52000000000004
250	17	1	27.61500000000001	93.845
250	18	1	82.03500000000001	170.42500000000004
250	19	1	5.579999999999998	174.56500000000005
250	20	1	191.715	39.255
250	21	1	30.39000000000001	31.065
250	22	1	142.92500000000004	5.335
250	23	1	150.4199999999999	189.57500000000002
250	24	1	105.85427135678388	11.296482412060298
250	25	1	195.28	137.08500000000012
250	26	1	16.724999999999998	112.88
250	27	1	194.84	52.32
250	28	1	119.11500000000002	172.99499999999998
250	29	1	100.18905472636816	172.87562189054725
250	30	1	15.22388059701492	192.1144278606965
250	31	1	182.7638190954774	52.41206030150754
250	32	1	56.899999999999984	62.305000000000014
250	33	1	176.47	163.75999999999996
250	34	1	197.69	26.095000000000013
250	35	1	94.05	191.585
250	36	1	133.80499999999995	136.42499999999993
250	37	1	67.68499999999999	40.50500000000003
250	38	1	1.624999999999999	11.214999999999996
250	39	1	101.25500000000002	23.110000000000007
250	40	1	111.40500000000006	184.28
250	41	1	4.155000000000002	191.835
250	42	1	122.87999999999998	89.77999999999999
250	43	1	58.27000000000001	186.82999999999996
250	44	1	171.30500000000004	23.029999999999998
250	45	1	119.66500000000005	120.035
250	46	1	2.3400000000000003	63.41499999999999
250	47	1	113.08500000000002	95.82999999999993
250	48	1	20.845000000000002	126.56000000000002
250	49	1	24.70499999999999	77.50500000000002
250	50	1	132.055	42.699999999999996
250	51	1	118.85499999999996	18.354999999999997
250	52	1	14.920000000000005	144.18500000000003
250	53	1	15.218905472636814	87.29850746268653
250	54	1	49.51	89.885
250	55	1	115.21999999999998	63.8
250	56	1	79.84500000000001	107.26999999999997
250	57	1	65.88944723618093	110.10552763819095
250	58	1	35.2	162.8900000000001
250	59	1	132.4100000000001	170.64499999999998
250	60	1	170.84499999999997	47.75500000000001
250	61	1	92.25628140703519	115.4824120603015
250	62	1	11.259999999999991	47.215
250	63	1	192.56218905472636	70.34825870646766
250	64	1	28.75	178.69500000000008
250	65	1	89.96000000000005	178.9950000000001
250	66	1	71.02999999999996	5.680000000000001
250	67	1	132.07999999999998	15.045
250	68	1	127.39999999999998	185.16000000000008
250	69	1	121.12499999999999	30.089999999999993
250	70	1	37.701492537313435	86.50746268656717
250	71	1	60.74999999999999	89.405
250	72	1	170.11442786069654	112.2935323383085
250	73	1	154.06	144.79500000000004
250	74	1	1.1206030150753767	152.4673366834171
250	75	1	74.50000000000001	95.06999999999996
250	76	1	149.58000000000015	91.72999999999996
250	77	1	170.64500000000007	65.44
250	78	1	164.395	98.38999999999999
250	79	1	110.94000000000001	35.66999999999998
250	80	1	25.105	62.09499999999999
250	81	1	179.25000000000003	34.220000000000006
250	82	1	22.705	38.66000000000001
250	83	1	13.485000000000005	10.770000000000007
250	84	1	135.1399999999999	95.61999999999998
250	85	1	158.79999999999998	196.365
250	86	1	6.849999999999997	117.21999999999998
250	87	1	37.365	42.86499999999999
250	88	1	165.23618090452268	121.86432160804024
250	89	1	138.77499999999992	188.48
250	90	1	123.14999999999996	106.17500000000007
250	91	1	20.66666666666666	171.57213930348252
250	92	1	174.13	174.09500000000006
250	93	1	67.88500000000005	193.95000000000007
250	94	1	180.78000000000011	72.52
250	95	1	186.89999999999992	133.64500000000004
250	96	1	44.184079601990035	51.90547263681592
250	97	1	174.40000000000012	95.40499999999993
250	98	1	8.532663316582916	75.0301507537689
250	99	1	160.60199004975135	51.46766169154231
250	100	1	87.55000000000001	10.854999999999997
250	101	1	72.25628140703516	71.54271356783924
250	102	1	148.04500000000004	64.60000000000008
250	103	1	88.46000000000005	28.585000000000004
250	104	1	78.20398009950247	17.62189054726368
250	105	1	101.23500000000001	94.89000000000003
250	106	1	118.93499999999996	51.63500000000002
250	107	1	11.203980099502482	100.34825870646763
250	108	1	55.76499999999998	44.59
250	109	1	62.88000000000003	130.8499999999999
250	110	1	144.83582089552226	46.328358208955216
250	111	1	144.12000000000003	127.44500000000002
250	112	1	30.805000000000007	113.23999999999995
250	113	1	100.19402985074625	83.66169154228855
250	114	1	110.50000000000001	163.66000000000003
250	115	1	36.05500000000003	102.68000000000004
250	116	1	5.73	37.11
250	117	1	113.54999999999998	76.25499999999991
250	118	1	190.26500000000004	154.05999999999992
250	119	1	66.43718592964822	79.50753768844221
250	120	1	17.28000000000001	56.615000000000016
260	1	1	96.21499999999996	103.72500000000002
260	2	1	148.93499999999992	136.87999999999997
260	3	1	108.61500000000005	116.30499999999992
260	4	1	95.36499999999997	159.1250000000001
260	5	1	142.05527638190955	166.6231155778894
260	6	1	14.225000000000001	23.90499999999999
260	7	1	196	115.93499999999997
260	8	1	73.5628140703518	122.39195979899493
260	9	1	84.14499999999997	89.07500000000003
260	10	1	24.680000000000007	11.365
260	11	1	95.85000000000001	39.68
260	12	1	156.07537688442218	60.979899497487445
260	13	1	81.59000000000002	129.64000000000007
260	14	1	80.31343283582092	40.26865671641791
260	15	1	153.62500000000003	104.33999999999999
260	16	1	6.984999999999997	133.5200000000001
260	17	1	27.25499999999999	94.09
260	18	1	82.28999999999998	170.33000000000007
260	19	1	5.640000000000001	174.58000000000004
260	20	1	191.63316582914572	39.311557788944754
260	21	1	30.290000000000006	31.070000000000004
260	22	1	143.67999999999998	5.220000000000001
260	23	1	149.97999999999996	189.98499999999987
260	24	1	105.74999999999999	11.415000000000003
260	25	1	195.48	137.1099999999999
260	26	1	16.550000000000004	112.76499999999997
260	27	1	194.965	52.39000000000002
260	28	1	118.32	172.75499999999994
260	29	1	100.13999999999999	173.28500000000003
260	30	1	15.015	192.10500000000005
260	31	1	182.81500000000005	52.35499999999995
260	32	1	56.895000000000024	62.39000000000002
260	33	1	176.56999999999988	163.68500000000003
260	34	1	197.98	25.97999999999999
260	35	1	93.65999999999998	192.515
260	36	1	133.69499999999994	136.38000000000014
260	37	1	67.41791044776123	41.522388059701505
260	38	1	1.5299999999999994	10.994999999999997
260	39	1	101.42999999999999	23.39000000000001
260	40	1	111.39800995024869	184.26865671641798
260	41	1	3.9050000000000016	191.69
260	42	1	122.97989949748744	89.79396984924625
260	43	1	58.263681592039795	185.80597014925368
260	44	1	171.71356783919595	23.226130653266342
260	45	1	119.82999999999997	119.79
260	46	1	2.104999999999998	63.36999999999997
260	47	1	113.09000000000003	95.74000000000001
260	48	1	20.76000000000001	126.51500000000001
260	49	1	25.035000000000004	77.50500000000005
260	50	1	132.19000000000003	42.80499999999998
260	51	1	118.85000000000002	18.300000000000008
260	52	1	15.079601990049753	144.16915422885575
260	53	1	15.345	86.83500000000001
260	54	1	49.54000000000001	89.89999999999999
260	55	1	115.23500000000001	63.79500000000001
260	56	1	79.77999999999996	107.09
260	57	1	66.15000000000003	110.32499999999999
260	58	1	35.295000000000016	162.75999999999996
260	59	1	132.28499999999988	170.48499999999993
260	60	1	171.04999999999995	47.52
260	61	1	92.28643216080403	115.38693467336682
260	62	1	11.435000000000002	47.005000000000024
260	63	1	192.46	70.48999999999995
260	64	1	28.775	178.55499999999998
260	65	1	89.88442211055275	179.70351758793973
260	66	1	70.985	5.755000000000001
260	67	1	132.015	15.035000000000002
260	68	1	127.59	184.69999999999996
260	69	1	121.135	30.23
260	70	1	37.745000000000005	86.77000000000002
260	71	1	60.66666666666667	89.363184079602
260	72	1	170.60696517412939	112.03980099502483
260	73	1	153.875	144.84
260	74	1	1.1608040201005019	152.63819095477373
260	75	1	74.34499999999998	94.755
260	76	1	149.695	91.78999999999998
260	77	1	170.77999999999977	65.11
260	78	1	164.43216080402001	98.45226130653263
260	79	1	110.96999999999998	35.719999999999985
260	80	1	25.099999999999998	61.94499999999997
260	81	1	179.32999999999998	33.78499999999999
260	82	1	22.645000000000003	38.495
260	83	1	13.447236180904525	10.698492462311556
260	84	1	135.31	95.30000000000004
260	85	1	159.39499999999987	196.3
260	86	1	6.749999999999998	116.99
260	87	1	37.49748743718595	42.78391959798994
260	88	1	165.58706467661682	121.75621890547264
260	89	1	138.6299999999999	188.73500000000013
260	90	1	123.32999999999997	106.00499999999998
260	91	1	20.550000000000004	171.75999999999988
260	92	1	173.86999999999992	173.965
260	93	1	67.83000000000004	193.77999999999992
260	94	1	180.62311557788945	72.52261306532664
260	95	1	186.85000000000005	133.73
260	96	1	44.08499999999999	51.96000000000001
260	97	1	174.45000000000007	95.42999999999996
260	98	1	8.77	74.72500000000001
260	99	1	160.68999999999997	51.66499999999997
260	100	1	87.67999999999996	10.989999999999998
260	101	1	72.32663316582916	71.50753768844217
260	102	1	148.08955223880582	64.51741293532338
260	103	1	88.34999999999998	28.389999999999997
260	104	1	78.15500000000002	17.465000000000007
260	105	1	101.18500000000004	94.83999999999995
260	106	1	118.84500000000003	51.39999999999999
260	107	1	11.184999999999995	100.255
260	108	1	55.608040201005025	44.68844221105529
260	109	1	62.89	130.86499999999998
260	110	1	145.47499999999994	45.215
260	111	1	143.98999999999998	127.46
260	112	1	30.795	113.31999999999996
260	113	1	100.15500000000006	83.54999999999997
260	114	1	110.83499999999998	163.36500000000007
260	115	1	36.11000000000001	102.74000000000001
260	116	1	5.54	37.240000000000016
260	117	1	113.87000000000006	76.43000000000004
260	118	1	190.19900497512432	153.99004975124382
260	119	1	66.50999999999996	79.55999999999999
260	120	1	17.36683417085428	56.55778894472364
270	1	1	96.38999999999997	103.92
270	2	1	149.0800000000001	136.93500000000003
270	3	1	108.92999999999994	116.29499999999996
270	4	1	95.31500000000003	159.39000000000016
270	5	1	142.385	168.00999999999996
270	6	1	14.450000000000006	23.835
270	7	1	195.93	115.77999999999999
270	8	1	73.36499999999995	122.47000000000003
270	9	1	84.40796019900496	89.29850746268657
270	10	1	24.579999999999995	11.164999999999997
270	11	1	95.49000000000002	40.230000000000025
270	12	1	156.05025125628134	61.04522613065324
270	13	1	81.46499999999993	129.3
270	14	1	80.19900497512444	39.98009950248754
270	15	1	153.86999999999998	104.56499999999996
270	16	1	6.995000000000003	133.61999999999986
270	17	1	27.279999999999998	93.94999999999999
270	18	1	82.26999999999998	170.32500000000007
270	19	1	5.604999999999998	174.73500000000007
270	20	1	191.71	39.129999999999995
270	21	1	30.445000000000007	30.830000000000013
270	22	1	145.13930348258697	4.965174129353236
270	23	1	149.58499999999992	190.64499999999998
270	24	1	105.58000000000003	11.554999999999996
270	25	1	195.61691542288557	136.9303482587065
270	26	1	16.849999999999998	112.73000000000003
270	27	1	194.985	52.390000000000015
270	28	1	116.96999999999997	172.46499999999992
270	29	1	99.71499999999997	173.74499999999995
270	30	1	14.859999999999992	192.05499999999992
270	31	1	182.9599999999999	52.315
270	32	1	56.88944723618091	62.63316582914575
270	33	1	177.0199999999999	163.60000000000002
270	34	1	198.005	26.110000000000007
270	35	1	93.08500000000002	193.09999999999988
270	36	1	133.70500000000013	136.48499999999996
270	37	1	67.19900497512432	43.15920398009947
270	38	1	1.5650000000000002	10.940000000000001
270	39	1	101.62999999999997	23.699999999999992
270	40	1	111.73000000000003	183.81500000000008
270	41	1	3.399999999999998	191.625
270	42	1	123.05500000000004	89.71999999999998
270	43	1	58.47000000000002	184.85000000000002
270	44	1	172.64179104477608	23.48258706467662
270	45	1	120.02487562189054	119.56716417910448
270	46	1	2.159999999999999	63.339999999999975
270	47	1	113.02000000000001	95.77500000000002
270	48	1	20.424999999999983	126.49000000000001
270	49	1	24.80500000000001	77.48
270	50	1	132.09000000000006	42.764999999999986
270	51	1	118.87499999999997	18.310000000000002
270	52	1	15.349999999999996	143.91500000000005
270	53	1	15.150000000000002	86.94500000000001
270	54	1	49.58499999999997	89.865
270	55	1	115.12999999999997	63.71500000000001
270	56	1	79.865	107.28000000000003
270	57	1	66.13500000000003	110.39999999999998
270	58	1	35.20000000000002	162.78000000000006
270	59	1	132.0349999999999	170.54000000000002
270	60	1	171.145	47.23499999999997
270	61	1	92.45728643216077	115.4924623115578
270	62	1	11.67	46.82000000000001
270	63	1	192.5075376884422	70.44723618090448
270	64	1	29.019999999999996	178.37499999999997
270	65	1	89.55940594059405	180.5643564356436
270	66	1	71.08542713567833	5.482412060301503
270	67	1	132.05000000000007	14.635
270	68	1	127.71000000000002	184.39999999999998
270	69	1	121.55500000000004	30.049999999999997
270	70	1	37.63499999999997	86.435
270	71	1	60.78000000000003	89.64500000000001
270	72	1	171.7363184079602	111.38805970149251
270	73	1	153.6750000000001	145.0099999999999
270	74	1	1.309999999999999	152.53999999999994
270	75	1	74.49000000000001	94.64499999999995
270	76	1	149.70000000000002	91.77500000000003
270	77	1	171.07499999999996	64.47500000000002
270	78	1	164.38190954773873	98.2562814070352
270	79	1	111.10447761194033	35.58706467661691
270	80	1	25.210000000000015	61.92500000000002
270	81	1	178.80500000000006	34.004999999999995
270	82	1	22.74000000000001	38.510000000000026
270	83	1	13.355	10.569999999999997
270	84	1	135.57000000000002	95.16499999999994
270	85	1	159.87000000000012	196.355
270	86	1	6.730000000000003	116.92999999999998
270	87	1	37.49	42.785
270	88	1	166.17499999999998	121.54500000000004
270	89	1	138.7462686567164	188.54726368159197
270	90	1	123.62500000000007	105.74500000000005
270	91	1	20.43000000000001	171.80499999999992
270	92	1	173.83999999999997	173.975
270	93	1	67.3731343283582	193.74626865671635
270	94	1	180.36000000000004	72.47500000000002
270	95	1	186.86499999999987	133.79499999999993
270	96	1	44.094999999999985	51.97999999999999
270	97	1	174.31500000000005	96.10000000000001
270	98	1	8.810000000000002	74.71000000000002
270	99	1	160.43500000000006	51.625000000000014
270	100	1	87.76499999999999	11.079999999999998
270	101	1	72.25000000000006	71.54000000000002
270	102	1	147.95499999999998	64.52999999999999
270	103	1	88.49499999999998	28.21999999999999
270	104	1	77.915	17.270000000000003
270	105	1	101.175	94.89000000000007
270	106	1	118.98	51.25499999999998
270	107	1	11.125	100.24999999999991
270	108	1	55.58	44.75000000000001
270	109	1	62.63500000000002	129.85
270	110	1	145.61999999999995	44.83500000000002
270	111	1	143.97000000000008	127.39999999999995
270	112	1	31.054726368159187	113.32338308457712
270	113	1	100.26000000000002	83.53499999999998
270	114	1	111.2	162.84000000000003
270	115	1	35.8955223880597	102.78109452736315
270	116	1	5.7200000000000015	37.11499999999997
270	117	1	113.91499999999996	76.34499999999998
270	118	1	190.21	153.89000000000007
270	119	1	66.60499999999998	79.72499999999997
270	120	1	17.313432835820908	56.62189054726367
280	1	1	96.29850746268656	104.07462686567163
280	2	1	149.255	136.8150000000001
280	3	1	108.94000000000001	116.38
280	4	1	95.42000000000004	160.06000000000012
280	5	1	142.58793969849245	168.31658291457288
280	6	1	14.340000000000003	23.960000000000008
280	7	1	196.025	115.75499999999998
280	8	1	73.165	122.49999999999999
280	9	1	84.45999999999998	89.495
280	10	1	24.328358208955233	11.019900497512436
280	11	1	95.59000000000002	40.32000000000002
280	12	1	156.03482587064678	61.08955223880596
280	13	1	81.51999999999998	129.36500000000015
280	14	1	79.60696517412937	39.691542288557216
280	15	1	154.27500000000003	105.13000000000002
280	16	1	7.039999999999997	133.59499999999997
280	17	1	27.259999999999994	94.00500000000001
280	18	1	82.10500000000003	170.285
280	19	1	5.810945273631841	174.8656716417911
280	20	1	191.55276381909547	39.005025125628144
280	21	1	30.279999999999998	30.740000000000016
280	22	1	146.43999999999988	4.734999999999999
280	23	1	148.99499999999995	191.13999999999996
280	24	1	105.57500000000002	11.939999999999998
280	25	1	195.75621890547265	136.90049751243768
280	26	1	16.7363184079602	112.47761194029854
280	27	1	194.89	52.33000000000001
280	28	1	116.09000000000007	172.13500000000008
280	29	1	98.88999999999997	174.66000000000008
280	30	1	14.784999999999986	192.23999999999992
280	31	1	182.83500000000004	52.245000000000005
280	32	1	56.9950248756219	62.61691542288558
280	33	1	177.02500000000006	163.52999999999992
280	34	1	197.98	26.26499999999999
280	35	1	92.91542288557214	193.40796019900498
280	36	1	133.65999999999994	136.57
280	37	1	66.73134328358209	44.92039800995023
280	38	1	1.2500000000000002	11.080000000000005
280	39	1	101.42999999999994	23.745000000000008
280	40	1	111.4773869346734	183.8894472361808
280	41	1	3.285000000000001	191.615
280	42	1	122.95500000000001	89.52
280	43	1	58.373134328358226	183.8805970149254
280	44	1	173.96500000000015	23.669999999999995
280	45	1	119.97999999999993	119.73
280	46	1	2.0800000000000014	63.20000000000002
280	47	1	112.95500000000001	95.83500000000001
280	48	1	20.419999999999998	126.44500000000001
280	49	1	24.870000000000015	77.65499999999996
280	50	1	132.17000000000004	42.77
280	51	1	118.64500000000007	18.750000000000007
280	52	1	15.46	143.9900000000001
280	53	1	14.979999999999997	87.00499999999997
280	54	1	49.58291457286436	89.9045226130653
280	55	1	115.26000000000002	63.96999999999998
280	56	1	79.70854271356784	107.22110552763816
280	57	1	66.11055276381906	110.26633165829148
280	58	1	34.98500000000002	163.12499999999994
280	59	1	132.13999999999996	170.61499999999987
280	60	1	170.965	47.16
280	61	1	92.16999999999996	115.48500000000001
280	62	1	11.743718592964825	47.025125628140685
280	63	1	192.52	70.23
280	64	1	28.74000000000001	178.615
280	65	1	88.77000000000008	181.49500000000006
280	66	1	70.94500000000004	5.545000000000001
280	67	1	132.07999999999987	14.524999999999999
280	68	1	127.37810945273631	183.67164179104472
280	69	1	122.3034825870647	30.164179104477608
280	70	1	37.77499999999999	86.69000000000001
280	71	1	60.85499999999999	89.80500000000004
280	72	1	172.00500000000005	111.27
280	73	1	153.71000000000006	144.85000000000005
280	74	1	1.656716417910448	152.55721393034838
280	75	1	74.34499999999998	94.54500000000004
280	76	1	149.4029850746268	92.24875621890553
280	77	1	171.12999999999994	64.17499999999997
280	78	1	164.44776119402977	97.73631840796021
280	79	1	110.94029850746267	35.54228855721394
280	80	1	25.119999999999994	62.05000000000001
280	81	1	178.57286432160805	34.03517587939701
280	82	1	22.71	38.35499999999999
280	83	1	13.025000000000007	10.57
280	84	1	135.36999999999998	95.24500000000005
280	85	1	159.87000000000003	197.07999999999998
280	86	1	6.734999999999999	117.02500000000003
280	87	1	37.606965174129364	42.80597014925375
280	88	1	166.89552238805962	121.54228855721395
280	89	1	138.67336683417076	188.12562814070353
280	90	1	123.58500000000002	105.78499999999998
280	91	1	20.374999999999993	171.81000000000003
280	92	1	173.85000000000005	173.95999999999998
280	93	1	66.81499999999996	193.92000000000002
280	94	1	179.84500000000014	72.43999999999993
280	95	1	186.74	133.90499999999997
280	96	1	44.07499999999999	52.065
280	97	1	174.12000000000003	96.71000000000001
280	98	1	8.985074626865677	74.73134328358209
280	99	1	160.0398009950249	51.40796019900499
280	100	1	87.84000000000002	10.820000000000002
280	101	1	72.35175879396985	71.70854271356781
280	102	1	147.86934673366832	64.70351758793967
280	103	1	88.51000000000003	28.315000000000005
280	104	1	78.21	17.630000000000013
280	105	1	101.10499999999995	95.08499999999995
280	106	1	118.93000000000004	51.28499999999999
280	107	1	11.130653266331658	100.14070351758795
280	108	1	55.440000000000005	44.41000000000001
280	109	1	62.62999999999997	129.15000000000006
280	110	1	145.5950000000001	45.094999999999985
280	111	1	143.82499999999993	127.43499999999999
280	112	1	30.91999999999999	113.46000000000002
280	113	1	100.48500000000004	83.56500000000008
280	114	1	111.48000000000002	162.77499999999998
280	115	1	36.000000000000036	102.96000000000004
280	116	1	5.749999999999997	37.25500000000001
280	117	1	113.94000000000003	76.40999999999995
280	118	1	190.42786069651743	153.99004975124384
280	119	1	66.38500000000002	79.54999999999998
280	120	1	17.345000000000002	56.54999999999999
290	1	1	96.11999999999999	104.225
290	2	1	149.49000000000004	136.78499999999997
290	3	1	108.90499999999997	116.25500000000005
290	4	1	95.16	160.68500000000006
290	5	1	142.86499999999992	168.725
290	6	1	14.560000000000004	24.005000000000003
290	7	1	195.87	116.01500000000003
290	8	1	73.21499999999999	122.43500000000004
290	9	1	84.45999999999995	89.21000000000002
290	10	1	24.239999999999995	11.045000000000003
290	11	1	95.56499999999997	40.37499999999997
290	12	1	156.25999999999996	61.34499999999998
290	13	1	81.51000000000005	129.39499999999992
290	14	1	79.34	39.74500000000001
290	15	1	154.515	105.19
290	16	1	6.994999999999999	133.57999999999996
290	17	1	27.285000000000014	93.955
290	18	1	82.46231155778891	170.0904522613065
290	19	1	5.735000000000001	174.84499999999994
290	20	1	191.59	38.98499999999999
290	21	1	30.353233830845788	30.800995024875633
290	22	1	147.0350000000001	4.865000000000005
290	23	1	148.58500000000004	191.51499999999996
290	24	1	105.52000000000002	12.040000000000001
290	25	1	195.805	136.89500000000007
290	26	1	16.75	112.52000000000001
290	27	1	194.85	52.31
290	28	1	115.87500000000004	171.88000000000002
290	29	1	98.45000000000003	175.28000000000011
290	30	1	14.549999999999994	192.21000000000012
290	31	1	182.78000000000003	52.25999999999999
290	32	1	56.78000000000002	62.675000000000004
290	33	1	177.24	163.41500000000002
290	34	1	197.98994974874373	26.33668341708543
290	35	1	92.74500000000002	193.445
290	36	1	133.82999999999996	136.92499999999995
290	37	1	66.17000000000002	46.15999999999999
290	38	1	1.239999999999999	11.130000000000003
290	39	1	101.59999999999998	23.709999999999997
290	40	1	111.31658291457286	183.66834170854267
290	41	1	2.8249999999999997	191.5650000000001
290	42	1	122.82500000000002	89.42
290	43	1	58.36499999999998	184.02499999999995
290	44	1	175.76000000000005	23.76
290	45	1	119.88944723618086	119.62814070351754
290	46	1	2.1000000000000005	63.305
290	47	1	112.81000000000002	96.155
290	48	1	20.424999999999976	126.49499999999999
290	49	1	24.9	77.555
290	50	1	131.98	42.51500000000001
290	51	1	118.21500000000003	19.420000000000012
290	52	1	15.580000000000002	143.86000000000007
290	53	1	15.059701492537313	87.13930348258708
290	54	1	49.73499999999999	89.95499999999998
290	55	1	115.39000000000003	64.09000000000002
290	56	1	79.56000000000002	107.115
290	57	1	65.97014925373135	110.18407960199008
290	58	1	35.025000000000006	163.0749999999999
290	59	1	132.22500000000002	170.66500000000013
290	60	1	170.99499999999983	47.39500000000001
290	61	1	92.06500000000003	115.635
290	62	1	11.730000000000002	47.235
290	63	1	192.465	70.07000000000005
290	64	1	28.615000000000016	178.72499999999994
290	65	1	87.8009950248756	182.03980099502496
290	66	1	71.13499999999998	5.049999999999997
290	67	1	131.9300000000001	14.289999999999992
290	68	1	127.05499999999999	183.32500000000013
290	69	1	123.54000000000003	29.905
290	70	1	37.83000000000003	86.77500000000002
290	71	1	60.70854271356786	89.64824120603012
290	72	1	172.755	110.77000000000004
290	73	1	153.65499999999997	145.16499999999996
290	74	1	1.7449999999999992	152.37999999999997
290	75	1	74.36000000000003	94.655
290	76	1	149.69000000000017	92.17000000000006
290	77	1	171.16	64.08500000000002
290	78	1	164.55721393034818	97.1442786069652
290	79	1	110.94000000000005	35.590000000000025
290	80	1	25.225000000000012	62.014999999999965
290	81	1	178.09999999999994	34.245000000000026
290	82	1	22.610000000000003	38.41
290	83	1	12.92	10.589999999999998
290	84	1	135.38500000000005	94.965
290	85	1	159.80999999999992	198.355
290	86	1	6.675	117.06499999999997
290	87	1	37.480000000000004	42.98999999999999
290	88	1	166.775	120.81499999999998
290	89	1	138.79899497487446	187.74371859296497
290	90	1	123.62500000000007	105.60999999999999
290	91	1	20.145000000000003	171.93
290	92	1	173.73500000000016	173.89
290	93	1	65.23500000000003	194.855
290	94	1	179.75879396984914	72.50753768844217
290	95	1	186.67000000000007	133.85
290	96	1	44.129999999999974	51.98000000000002
290	97	1	173.96	96.59499999999996
290	98	1	9.170000000000002	74.94500000000001
290	99	1	159.79500000000002	50.989999999999995
290	100	1	87.945	10.80000000000001
290	101	1	72.44999999999999	71.96500000000003
290	102	1	147.435	63.92499999999999
290	103	1	88.45999999999998	28.59999999999999
290	104	1	78.43499999999992	17.67999999999999
290	105	1	100.88000000000002	95.06500000000004
290	106	1	119.26499999999999	51.32999999999998
290	107	1	11.135000000000002	100.20000000000002
290	108	1	55.45000000000001	44.16500000000003
290	109	1	62.60199004975124	128.65671641791045
290	110	1	145.6231155778895	45.39195979899498
290	111	1	143.645	127.55000000000001
290	112	1	30.97	113.45499999999997
290	113	1	100.68000000000004	83.60500000000002
290	114	1	111.33000000000001	162.3899999999999
290	115	1	35.89499999999998	102.99000000000004
290	116	1	5.829999999999998	37.110000000000014
290	117	1	113.93	76.44500000000002
290	118	1	190.4650000000001	154.045
290	119	1	66.30500000000005	79.56499999999997
290	120	1	17.28	56.755
300	1	1	96.26499999999997	104.37500000000001
300	2	1	149.70999999999998	136.85000000000008
300	3	1	108.71999999999994	116.195
300	4	1	95.67999999999998	161.38500000000013
300	5	1	143.015	168.81499999999997
300	6	1	14.570000000000006	23.995
300	7	1	195.995	116.02499999999996
300	8	1	73.14500000000005	122.525
300	9	1	84.49999999999997	89.115
300	10	1	24.105000000000004	11.055000000000001
300	11	1	95.51999999999998	40.16999999999998
300	12	1	156.19999999999993	61.34500000000002
300	13	1	81.40703517587939	129.44221105527643
300	14	1	79.15500000000002	39.625
300	15	1	154.39999999999998	104.98499999999999
300	16	1	6.989999999999999	133.77999999999994
300	17	1	26.964999999999986	94.2049999999999
300	18	1	82.32999999999997	170.53500000000003
300	19	1	5.795000000000001	175.12000000000006
300	20	1	191.61	38.96500000000002
300	21	1	30.333333333333325	30.412935323383095
300	22	1	147.77	4.544999999999998
300	23	1	148.55940594059408	191.35643564356434
300	24	1	105.58793969849245	12.005025125628134
300	25	1	195.71	136.895
300	26	1	16.840000000000003	112.67499999999995
300	27	1	195.105	52.140000000000015
300	28	1	115.91457286432158	171.9447236180905
300	29	1	98.02500000000002	175.64000000000001
300	30	1	14.105000000000004	191.6599999999999
300	31	1	182.74500000000003	52.545
300	32	1	56.63999999999999	62.544999999999995
300	33	1	177.06000000000003	163.61500000000015
300	34	1	198.05	26.35499999999999
300	35	1	92.82500000000005	193.42
300	36	1	134.0999999999999	136.79499999999985
300	37	1	66.08500000000001	46.77500000000002
300	38	1	1.4499999999999984	10.875000000000004
300	39	1	101.93467336683408	23.482412060301506
300	40	1	111.13499999999998	183.53000000000006
300	41	1	1.6949999999999996	191.85499999999993
300	42	1	122.93499999999997	89.57500000000002
300	43	1	58.425	184.1799999999999
300	44	1	177.51243781094536	23.741293532338318
300	45	1	119.78000000000003	119.69000000000003
300	46	1	2.284999999999998	63.06499999999999
300	47	1	112.865	95.94500000000001
300	48	1	20.424999999999986	126.37999999999998
300	49	1	24.82	77.715
300	50	1	131.74000000000004	42.665
300	51	1	117.75499999999997	20.150000000000002
300	52	1	15.624999999999998	143.83499999999998
300	53	1	15.000000000000005	86.97500000000001
300	54	1	49.49751243781095	89.96517412935327
300	55	1	115.42499999999998	64.235
300	56	1	79.635	107.10000000000001
300	57	1	66.06532663316584	109.90954773869345
300	58	1	34.90500000000003	163.375
300	59	1	132.23	170.645
300	60	1	171.00499999999982	46.84999999999999
300	61	1	91.85500000000008	115.61000000000003
300	62	1	11.950000000000001	47.29499999999999
300	63	1	192.775	69.79000000000002
300	64	1	28.365000000000002	178.84999999999997
300	65	1	87.10500000000003	182.13499999999996
300	66	1	71.44499999999996	4.529999999999998
300	67	1	131.95522388059695	14.179104477611938
300	68	1	126.97999999999999	183.45999999999998
300	69	1	124.15422885572137	29.696517412935314
300	70	1	37.47236180904524	86.68844221105525
300	71	1	60.78000000000002	89.96999999999998
300	72	1	172.92999999999998	110.72500000000001
300	73	1	153.38500000000008	145.35500000000002
300	74	1	1.7085427135678402	152.37688442211063
300	75	1	74.46000000000001	94.61999999999999
300	76	1	149.68656716417908	92.14427860696517
300	77	1	171.0398009950248	63.95024875621885
300	78	1	164.57	96.16
300	79	1	110.88442211055278	35.98492462311558
300	80	1	25.325	62.07000000000003
300	81	1	178.06499999999997	34.18999999999998
300	82	1	22.775	38.525000000000034
300	83	1	12.925000000000004	10.359999999999998
300	84	1	135.21000000000004	95.11
300	85	1	160.5	199.68500000000012
300	86	1	6.590000000000001	117.12000000000006
300	87	1	37.77114427860696	42.8905472636816
300	88	1	166.495	120.61000000000004
300	89	1	138.82999999999987	187.5950000000001
300	90	1	123.6019900497513	105.88059701492537
300	91	1	19.635	171.83499999999995
300	92	1	173.685	173.97999999999985
300	93	1	64.49999999999999	195.605
300	94	1	180.09	72.33499999999998
300	95	1	186.59	133.70500000000007
300	96	1	44.254999999999995	51.93500000000002
300	97	1	173.64676616915426	96.9850746268657
300	98	1	8.88	75.15
300	99	1	159.92999999999995	51.10499999999999
300	100	1	87.89499999999991	10.795000000000005
300	101	1	72.35000000000005	71.94999999999999
300	102	1	146.9549999999999	63.665000000000006
300	103	1	88.47999999999996	28.450000000000006
300	104	1	78.46500000000005	17.729999999999997
300	105	1	100.855	95.155
300	106	1	118.94500000000002	51.07
300	107	1	11.045	100.14500000000002
300	108	1	55.638613861386126	43.836633663366335
300	109	1	62.58500000000001	128.46500000000003
300	110	1	145.59701492537314	45.50248756218907
300	111	1	143.845	127.62500000000001
300	112	1	31.099999999999998	113.28500000000003
300	113	1	100.73631840796021	83.59203980099512
300	114	1	111.53000000000002	162.3950000000001
300	115	1	36.135	103.00499999999998
300	116	1	5.985	36.93999999999998
300	117	1	113.935	76.41500000000002
300	118	1	190.32338308457716	154.03482587064678
300	119	1	66.12499999999999	79.43500000000003
300	120	1	17.435000000000002	56.87000000000001
310	1	1	96.23500000000003	104.41500000000003
310	2	1	149.695	136.75
310	3	1	108.745	115.90999999999991
310	4	1	96.2	162.22999999999996
310	5	1	143.11500000000007	168.89999999999995
310	6	1	14.645	23.83500000000001
310	7	1	196.115	116.06000000000003
310	8	1	73.14427860696519	122.26368159203982
310	9	1	84.36180904522612	89.04522613065322
310	10	1	23.965174129353237	11.089552238805972
310	11	1	95.36999999999996	40.16999999999999
310	12	1	156.16000000000003	61.294999999999995
310	13	1	81.54500000000002	129.23499999999993
310	14	1	79.08000000000003	39.525000000000006
310	15	1	154.5125628140705	105.03517587939695
310	16	1	7.029850746268658	133.76616915422878
310	17	1	26.989999999999995	94.315
310	18	1	82.31000000000007	170.745
310	19	1	5.900000000000001	175.48999999999995
310	20	1	191.57286432160805	38.793969849246245
310	21	1	30.299999999999994	30.08
310	22	1	147.8200000000001	4.510000000000001
310	23	1	148.7199999999999	190.81000000000006
310	24	1	105.74000000000004	11.930000000000005
310	25	1	195.745	136.89000000000007
310	26	1	17.19000000000001	112.76500000000001
310	27	1	195.20499999999998	51.99999999999999
310	28	1	116.10050251256278	172.00000000000003
310	29	1	97.325	176.0100000000001
310	30	1	13.497512437810943	191.49253731343282
310	31	1	182.86934673366835	52.29648241206031
310	32	1	56.71500000000001	62.829999999999984
310	33	1	177.2249999999999	163.405
310	34	1	198.17085427135677	26.442211055276378
310	35	1	92.63499999999999	193.45
310	36	1	133.92500000000013	136.92500000000004
310	37	1	65.935	46.929999999999986
310	38	1	1.4649999999999996	10.909999999999998
310	39	1	102.30499999999998	23.145
310	40	1	111.18999999999994	183.395
310	41	1	0.985000000000001	192.07500000000016
310	42	1	122.70000000000005	89.58499999999995
310	43	1	58.57999999999996	184.77499999999992
310	44	1	178.53768844221105	23.55778894472362
310	45	1	119.935	119.52999999999999
310	46	1	1.8250000000000017	62.925000000000004
310	47	1	112.82499999999996	95.995
310	48	1	20.285	126.42999999999999
310	49	1	24.795	77.86500000000002
310	50	1	131.24999999999997	42.675000000000004
310	51	1	117.55000000000003	20.619999999999997
310	52	1	15.575	143.71500000000006
310	53	1	15.074999999999998	87.03499999999998
310	54	1	49.44	89.735
310	55	1	115.345	64.28500000000001
310	56	1	79.70000000000006	107.02
310	57	1	65.83500000000004	109.94500000000001
310	58	1	34.594999999999985	163.91000000000003
310	59	1	132.13499999999996	170.26000000000008
310	60	1	170.93000000000006	46.945000000000014
310	61	1	91.96500000000002	115.69500000000006
310	62	1	11.905	47.584999999999994
310	63	1	192.73869346733667	69.95979899497488
310	64	1	28.592964824120607	178.68341708542704
310	65	1	86.21499999999999	182.32
310	66	1	71.85074626865675	3.7164179104477615
310	67	1	132.00500000000002	14.184999999999995
310	68	1	127.36	183.27499999999998
310	69	1	124.42713567839198	29.442211055276395
310	70	1	37.49	86.75499999999994
310	71	1	60.694999999999986	89.91999999999999
310	72	1	173.09500000000006	110.58999999999999
310	73	1	153.45499999999998	145.33500000000006
310	74	1	1.704999999999999	152.605
310	75	1	74.19000000000001	94.77500000000003
310	76	1	149.79000000000008	92.29999999999997
310	77	1	171.17999999999995	63.61499999999999
310	78	1	164.54499999999996	95.89999999999996
310	79	1	110.65174129353233	36.19900497512439
310	80	1	25.120603015075375	62.38190954773873
310	81	1	177.8749999999999	34.085
310	82	1	22.77	38.44500000000001
310	83	1	12.754999999999997	9.855000000000002
310	84	1	135.0150000000001	95.02999999999996
310	85	1	160.37000000000003	199.92500000000004
310	86	1	6.609999999999999	117.05999999999996
310	87	1	37.615000000000016	43.21
310	88	1	166.5527638190953	120.38190954773867
310	89	1	138.92500000000004	187.78499999999997
310	90	1	123.80999999999999	105.81
310	91	1	19.47	171.955
310	92	1	173.245	173.79000000000008
310	93	1	63.52499999999999	196.875
310	94	1	180.06999999999994	72.29500000000002
310	95	1	186.56499999999994	133.69000000000003
310	96	1	44.430000000000014	51.95499999999999
310	97	1	173.35500000000013	96.19500000000009
310	98	1	8.979999999999995	74.75500000000004
310	99	1	159.79601990049753	50.92537313432835
310	100	1	87.82000000000009	10.664999999999996
310	101	1	72.23115577889446	71.96482412060304
310	102	1	146.84499999999994	63.635000000000005
310	103	1	88.58000000000004	28.365000000000002
310	104	1	78.545	17.685
310	105	1	100.47236180904522	95.03015075376882
310	106	1	119.02500000000005	50.925000000000004
310	107	1	11.079999999999997	100.17999999999998
310	108	1	55.452736318407965	43.69651741293534
310	109	1	62.800000000000004	128.67999999999998
310	110	1	145.23000000000005	45.88499999999999
310	111	1	143.75499999999974	127.81500000000001
310	112	1	31.345	113.47500000000002
310	113	1	100.77611940298509	83.53233830845771
310	114	1	111.31000000000003	162.33999999999992
310	115	1	36.27000000000002	103.115
310	116	1	6.125000000000002	37.030000000000015
310	117	1	113.85000000000002	76.40500000000004
310	118	1	190.39499999999998	153.98499999999996
310	119	1	66.02000000000002	79.37499999999994
310	120	1	17.76499999999999	56.535000000000025
320	1	1	96.48000000000006	104.68999999999998
320	2	1	149.54	136.80499999999998
320	3	1	108.70499999999997	115.85499999999999
320	4	1	96.37999999999995	162.56500000000005
320	5	1	143.1105527638192	169.3768844221106
320	6	1	14.475000000000007	23.815000000000005
320	7	1	196.085	116.39999999999999
320	8	1	73.21999999999997	122.06999999999994
320	9	1	84.34825870646766	89.36318407960204
320	10	1	23.97	11.464999999999998
320	11	1	95.2311557788944	40.13567839195979
320	12	1	156.18999999999994	61.39
320	13	1	81.55999999999999	129.01999999999995
320	14	1	78.79000000000005	39.335
320	15	1	154.77500000000003	105.01500000000001
320	16	1	7.089999999999998	133.88
320	17	1	26.799999999999997	94.22499999999994
320	18	1	82.045	171.015
320	19	1	5.819095477386932	175.59798994974872
320	20	1	191.46	38.955
320	21	1	30.402010050251267	29.939698492462313
320	22	1	147.8200000000001	4.650000000000003
320	23	1	148.85000000000002	190.045
320	24	1	105.92000000000003	11.755
320	25	1	195.665	137.11500000000007
320	26	1	17.125000000000004	112.72500000000004
320	27	1	195.215	51.954999999999984
320	28	1	116.09499999999997	172.14
320	29	1	97.05500000000004	176.28000000000003
320	30	1	12.914999999999997	191.35999999999999
320	31	1	182.67000000000002	52.30000000000004
320	32	1	56.58500000000001	62.904999999999994
320	33	1	177.29999999999987	163.18500000000012
320	34	1	197.925	26.610000000000007
320	35	1	92.70000000000002	193.475
320	36	1	134.12499999999997	137.185
320	37	1	65.95999999999997	47.16999999999997
320	38	1	1.599999999999998	10.94
320	39	1	102.38000000000002	22.985
320	40	1	110.94500000000002	183.5149999999999
320	41	1	0.5750000000000001	192.06000000000012
320	42	1	122.69000000000004	89.56000000000002
320	43	1	58.710000000000015	184.975
320	44	1	179.71999999999989	23.14500000000001
320	45	1	119.95499999999997	119.44500000000005
320	46	1	1.6349999999999996	62.80000000000003
320	47	1	112.80999999999999	96.15999999999995
320	48	1	20.29	126.37999999999997
320	49	1	24.93499999999999	77.845
320	50	1	130.65499999999994	42.49000000000003
320	51	1	117.415	20.719999999999995
320	52	1	15.665000000000004	143.6649999999999
320	53	1	14.775000000000004	86.88000000000004
320	54	1	49.572139303482594	90.51741293532338
320	55	1	115.38000000000002	64.21000000000001
320	56	1	79.56999999999998	106.88500000000005
320	57	1	65.73500000000007	110.38500000000002
320	58	1	34.59	164.675
320	59	1	132.12499999999991	170.21
320	60	1	170.65174129353233	46.77114427860698
320	61	1	91.93499999999997	115.86999999999996
320	62	1	11.914999999999997	47.535000000000025
320	63	1	192.90049751243782	69.98507462686567
320	64	1	28.605	178.76500000000001
320	65	1	85.885	182.24499999999998
320	66	1	72.02499999999998	3.554999999999999
320	67	1	132.34328358208964	14.084577114427857
320	68	1	127.37999999999995	183.49499999999998
320	69	1	124.42000000000004	29.374999999999982
320	70	1	37.575	87.05999999999999
320	71	1	60.52	90.19000000000001
320	72	1	173.14999999999995	110.51500000000001
320	73	1	153.81499999999988	145.27000000000004
320	74	1	1.7700000000000002	152.60499999999996
320	75	1	73.97500000000005	94.75999999999998
320	76	1	149.71999999999997	92.17999999999995
320	77	1	171.18500000000006	63.490000000000045
320	78	1	164.47999999999993	95.47999999999999
320	79	1	110.565	36.210000000000015
320	80	1	24.904999999999998	62.52500000000002
320	81	1	177.89499999999998	33.89000000000002
320	82	1	22.86999999999999	38.64500000000001
320	83	1	12.885572139303484	9.577114427860694
320	84	1	135.1492537313433	94.9601990049751
320	85	1	159.96517412935324	0.20895522388062204
320	86	1	6.615	117.185
320	87	1	37.472361809045246	43.135678391959786
320	88	1	166.7035175879397	120.15577889447239
320	89	1	138.72000000000014	188.13999999999996
320	90	1	123.91	105.69
320	91	1	19.440000000000012	172.12499999999997
320	92	1	173.03517587939697	173.44221105527632
320	93	1	63.274999999999984	197.615
320	94	1	180.4549999999999	72.45999999999997
320	95	1	186.5450000000001	133.69500000000005
320	96	1	44.465	51.99499999999998
320	97	1	173.26130653266333	96.04020100502511
320	98	1	8.905000000000003	74.85
320	99	1	159.65999999999994	50.890000000000015
320	100	1	88.00000000000003	10.639999999999997
320	101	1	72.37499999999996	72.19999999999997
320	102	1	146.8399999999999	63.73500000000002
320	103	1	88.72999999999998	28.32500000000001
320	104	1	78.6517412935324	17.77611940298508
320	105	1	100.45000000000007	94.875
320	106	1	119	50.81500000000001
320	107	1	11.110000000000008	100.24999999999997
320	108	1	55.35000000000001	43.739999999999995
320	109	1	62.874999999999986	128.76500000000001
320	110	1	144.9850746268656	45.87064676616915
320	111	1	143.64000000000001	127.835
320	112	1	31.274999999999995	113.58000000000003
320	113	1	100.60000000000002	83.6
320	114	1	111.22500000000001	162.445
320	115	1	36.08457711442787	103.07462686567165
320	116	1	6.265000000000003	36.784999999999975
320	117	1	113.965	76.42499999999997
320	118	1	190.35499999999993	154.10999999999999
320	119	1	66.015	79.37999999999995
320	120	1	17.587064676616915	56.65174129353234
330	1	1	96.155	104.625
330	2	1	149.2613065326632	137.21105527638187
330	3	1	108.48000000000002	115.66500000000003
330	4	1	96.42499999999998	162.56
330	5	1	143.2400000000001	169.80499999999998
330	6	1	14.385	23.740000000000006
330	7	1	196.195	116.30000000000001
330	8	1	73.12500000000003	121.65499999999999
330	9	1	84.32338308457707	89.46268656716418
330	10	1	23.80500000000002	11.565
330	11	1	95.32500000000002	39.904999999999994
330	12	1	156.0499999999999	61.11500000000001
330	13	1	81.62999999999998	128.73000000000005
330	14	1	78.93034825870643	39.18407960199004
330	15	1	154.66499999999994	105.11500000000002
330	16	1	7.195	133.875
330	17	1	26.4228855721393	94.2338308457711
330	18	1	81.71859296482414	171.4221105527638
330	19	1	5.785000000000002	175.44499999999996
330	20	1	191.32835820895522	39.313432835820905
330	21	1	30.265	29.975000000000005
330	22	1	148.04999999999995	4.6899999999999995
330	23	1	148.86999999999992	189.925
330	24	1	106.05000000000001	11.350000000000005
330	25	1	195.70854271356785	136.99497487437182
330	26	1	17.309999999999988	112.54500000000002
330	27	1	195.535	51.749999999999986
330	28	1	116.065	172.17999999999992
330	29	1	96.99497487437185	176.1658291457286
330	30	1	12.79999999999999	191.06999999999994
330	31	1	182.47500000000008	52.465000000000046
330	32	1	56.89999999999996	62.90000000000002
330	33	1	176.97499999999985	163.04
330	34	1	197.555	26.885000000000005
330	35	1	92.805	193.245
330	36	1	134.16000000000003	137.33000000000013
330	37	1	66.02499999999996	47.37999999999997
330	38	1	1.7800000000000007	11.109999999999996
330	39	1	102.27000000000005	22.870000000000008
330	40	1	110.74874371859303	183.52763819095466
330	41	1	0.20999999999999988	192.095
330	42	1	122.74	89.52000000000004
330	43	1	58.97000000000001	185.4299999999999
330	44	1	180.30500000000018	22.799999999999994
330	45	1	119.85500000000002	119.10499999999999
330	46	1	1.340000000000002	62.83000000000002
330	47	1	112.74129353233835	96.23383084577124
330	48	1	20.260000000000012	126.55500000000005
330	49	1	25.050000000000004	78.13
330	50	1	130.33000000000007	41.560000000000024
330	51	1	116.91000000000004	20.87500000000001
330	52	1	15.763819095477386	143.6633165829146
330	53	1	14.388888888888891	86.83838383838378
330	54	1	49.44776119402986	91.74626865671641
330	55	1	115.21500000000003	64.025
330	56	1	79.46500000000003	107.02500000000002
330	57	1	64.91	110.47000000000006
330	58	1	34.444999999999986	164.795
330	59	1	132.1800000000001	170.46499999999992
330	60	1	170.96999999999994	46.974999999999994
330	61	1	92.03500000000001	115.86
330	62	1	11.84	47.82
330	63	1	192.98009950248758	70.10945273631837
330	64	1	28.570000000000014	178.67999999999998
330	65	1	85.91457286432164	181.8693467336683
330	66	1	72.025	4.109999999999999
330	67	1	132.3216080402009	13.77889447236182
330	68	1	127.25500000000001	183.375
330	69	1	124.625	29.234999999999985
330	70	1	37.64179104477613	87.46268656716416
330	71	1	60.36000000000002	90.11999999999999
330	72	1	173.11999999999995	110.48000000000002
330	73	1	154.47500000000002	145.52999999999997
330	74	1	1.665	152.655
330	75	1	73.72500000000001	94.97000000000004
330	76	1	149.76	92.06999999999996
330	77	1	171.07000000000002	64.00499999999998
330	78	1	164.40499999999986	95.27000000000001
330	79	1	110.81000000000002	36.15500000000001
330	80	1	24.940000000000012	62.47999999999998
330	81	1	178.06499999999988	33.62500000000001
330	82	1	22.789999999999996	38.88000000000002
330	83	1	12.765	9.440000000000005
330	84	1	135.38499999999996	95.39999999999996
330	85	1	160.39000000000004	0.5300000000000296
330	86	1	6.734999999999998	117.32499999999993
330	87	1	37.369999999999976	43.15
330	88	1	166.85000000000005	120.08000000000003
330	89	1	138.52999999999992	188.77500000000003
330	90	1	124.19900497512431	105.7462686567165
330	91	1	19.459999999999994	172.06499999999994
330	92	1	172.2786069651742	173.27363184079607
330	93	1	62.91542288557212	198.97512437810946
330	94	1	181.11000000000004	72.61000000000001
330	95	1	186.54999999999993	133.71499999999995
330	96	1	44.36000000000001	52.11
330	97	1	173.26000000000002	96.17499999999997
330	98	1	8.875	74.97000000000004
330	99	1	159.60696517412944	50.97014925373137
330	100	1	87.885	10.325000000000006
330	101	1	72.47999999999995	72.23500000000003
330	102	1	146.70000000000005	63.440000000000005
330	103	1	88.77999999999997	27.935000000000013
330	104	1	78.58793969849245	17.8391959798995
330	105	1	100.38000000000001	94.84500000000006
330	106	1	119.23500000000004	50.959999999999994
330	107	1	10.924623115577885	100.35678391959797
330	108	1	55.355	43.71499999999999
330	109	1	63.150753768844226	128.5175879396985
330	110	1	144.17910447761196	45.36815920398008
330	111	1	143.665	127.82999999999991
330	112	1	31.32499999999998	113.78000000000003
330	113	1	100.59999999999998	83.49
330	114	1	111.49500000000003	162.42999999999995
330	115	1	36.14499999999999	103.04000000000003
330	116	1	6.320000000000001	36.629999999999974
330	117	1	113.88499999999995	76.33499999999995
330	118	1	190.32	153.74999999999997
330	119	1	66.14499999999997	79.54499999999997
330	120	1	17.494999999999994	56.88000000000002
340	1	1	95.855	104.64500000000008
340	2	1	149.14999999999995	137.32999999999987
340	3	1	108.13999999999999	115.63499999999998
340	4	1	96.19900497512431	162.547263681592
340	5	1	143.33499999999998	169.93500000000006
340	6	1	14.445	23.76500000000002
340	7	1	195.93	116.265
340	8	1	73.04999999999998	121.26999999999998
340	9	1	84.20500000000006	89.73500000000001
340	10	1	23.725000000000016	11.605000000000004
340	11	1	95.15499999999999	39.62499999999999
340	12	1	156.16582914572854	61.125628140703526
340	13	1	81.40499999999999	128.59000000000006
340	14	1	78.90499999999999	39.429999999999986
340	15	1	154.43000000000004	105.155
340	16	1	7.224999999999996	133.80000000000013
340	17	1	25.87064676616915	94.3681592039801
340	18	1	81.20500000000007	171.89500000000007
340	19	1	5.74	175.36
340	20	1	191.135	39.56000000000001
340	21	1	30.175000000000008	30.075000000000014
340	22	1	148.06000000000006	4.359999999999998
340	23	1	148.80099502487556	189.88557213930343
340	24	1	106.04999999999998	11.205000000000009
340	25	1	196.03	136.77500000000012
340	26	1	17.025	112.21500000000003
340	27	1	195.725	51.675000000000004
340	28	1	115.545	172.54000000000005
340	29	1	97.00000000000003	176.24
340	30	1	12.804999999999993	190.9550000000001
340	31	1	182.35820895522392	52.5273631840796
340	32	1	57.05527638190955	62.70351758793969
340	33	1	177.80500000000006	163.66499999999982
340	34	1	197.155	26.984999999999992
340	35	1	92.73500000000004	193.335
340	36	1	134.50500000000005	137.68500000000006
340	37	1	66.31000000000002	47.1
340	38	1	1.8059701492537317	11.268656716417905
340	39	1	102.21000000000002	22.814999999999994
340	40	1	110.91	184.06000000000006
340	41	1	0.31999999999999995	192.18
340	42	1	122.85000000000002	89.38000000000001
340	43	1	58.97499999999996	185.71500000000003
340	44	1	181.25	22.414999999999992
340	45	1	119.83000000000003	118.55499999999995
340	46	1	1.344999999999998	62.805
340	47	1	112.77499999999999	96.24000000000002
340	48	1	20.399999999999995	126.41999999999996
340	49	1	25.36000000000001	78.08000000000004
340	50	1	130.48500000000004	40.815
340	51	1	116.9	21.009999999999987
340	52	1	15.965000000000002	143.45999999999998
340	53	1	14.10499999999999	86.415
340	54	1	49.699999999999996	92.26500000000001
340	55	1	115.41791044776126	64.12935323383087
340	56	1	78.975	106.88499999999998
340	57	1	64.38805970149254	110.55721393034831
340	58	1	34.47499999999997	164.85
340	59	1	132.06	170.57499999999996
340	60	1	170.8557213930347	47.059701492537314
340	61	1	91.93499999999999	115.78500000000004
340	62	1	11.765000000000002	48.004999999999995
340	63	1	192.89000000000001	69.94499999999995
340	64	1	28.557788944723615	178.83919597989944
340	65	1	85.76000000000003	181.78
340	66	1	71.82000000000004	4.21
340	67	1	132.77499999999992	13.530000000000001
340	68	1	127.44776119402988	183.16915422885572
340	69	1	124.40499999999999	29.33
340	70	1	37.65500000000003	88.03499999999998
340	71	1	60.445000000000014	90.40499999999996
340	72	1	173.05527638190947	110.4874371859297
340	73	1	155.18499999999995	145.95
340	74	1	1.7199999999999986	152.81499999999986
340	75	1	73.55000000000003	94.43
340	76	1	149.85499999999993	92.08000000000003
340	77	1	170.87999999999997	64.24999999999996
340	78	1	164.2914572864322	95.52763819095479
340	79	1	110.94999999999999	36.27499999999996
340	80	1	25.19499999999999	62.49
340	81	1	178.18499999999995	33.610000000000014
340	82	1	22.61	38.685
340	83	1	12.644999999999998	9.195000000000004
340	84	1	135.2935323383085	95.55721393034825
340	85	1	161.08499999999998	1.0700000000001353
340	86	1	6.68	117.46499999999993
340	87	1	37.43000000000002	43.215
340	88	1	167.29999999999995	119.94500000000002
340	89	1	137.96500000000003	189.03000000000006
340	90	1	124.19500000000004	105.73499999999994
340	91	1	19.464999999999996	172.24499999999992
340	92	1	171.285	173.13499999999996
340	93	1	62.499999999999986	199.5
340	94	1	181.03000000000006	72.53999999999996
340	95	1	186.3250000000001	133.8950000000001
340	96	1	44.74500000000001	52.085
340	97	1	173.25999999999993	96.17500000000004
340	98	1	9.035	74.59999999999995
340	99	1	159.26368159203983	50.860696517412954
340	100	1	87.95000000000003	10.120000000000006
340	101	1	72.32000000000005	71.92500000000001
340	102	1	146.48499999999999	63.11000000000002
340	103	1	88.71641791044777	27.830845771144276
340	104	1	78.73999999999992	17.785
340	105	1	100.71000000000001	94.95500000000004
340	106	1	119.44500000000001	50.87500000000001
340	107	1	10.964999999999998	100.41
340	108	1	55.47999999999997	43.46500000000003
340	109	1	63.16500000000003	128.33999999999997
340	110	1	143.48756218905476	45.1144278606965
340	111	1	143.47499999999997	127.65500000000003
340	112	1	31.205000000000013	113.94500000000001
340	113	1	100.18499999999996	83.63499999999993
340	114	1	111.30500000000002	162.63000000000005
340	115	1	36.23000000000001	102.84999999999997
340	116	1	6.279999999999999	36.495000000000005
340	117	1	114.00497512437813	76.44278606965175
340	118	1	190.25499999999997	153.16499999999996
340	119	1	65.55499999999996	79.20499999999997
340	120	1	17.675000000000004	56.735
350	1	1	95.85	104.53000000000002
350	2	1	149.11	137.63500000000002
350	3	1	107.92999999999996	115.56999999999996
350	4	1	96.32500000000005	162.47
350	5	1	143.26500000000001	169.91500000000008
350	6	1	14.534999999999997	23.765
350	7	1	195.85	116.38000000000001
350	8	1	73.185	121.00000000000004
350	9	1	84.20895522388058	89.49751243781101
350	10	1	23.54	11.315000000000001
350	11	1	95.45000000000002	39.77000000000001
350	12	1	156.08	60.985
350	13	1	81.27	128.47000000000014
350	14	1	78.79601990049753	39.681592039800975
350	15	1	154.39999999999998	105.22499999999997
350	16	1	7.360000000000004	133.81499999999997
350	17	1	25.744999999999997	94.74000000000005
350	18	1	81.23500000000003	171.92500000000007
350	19	1	5.960000000000002	175.17499999999987
350	20	1	191.22	39.459999999999994
350	21	1	30.22000000000002	29.834999999999997
350	22	1	147.81999999999996	4.15
350	23	1	148.61500000000004	189.77499999999995
350	24	1	106.17000000000003	11.405000000000003
350	25	1	196.365	136.90000000000006
350	26	1	16.964824120603023	112.22110552763822
350	27	1	195.53	51.665000000000006
350	28	1	115.21499999999999	172.75500000000005
350	29	1	97.06500000000001	176.0900000000001
350	30	1	12.739999999999997	190.93999999999997
350	31	1	182.17499999999993	52.32000000000001
350	32	1	57.20000000000003	62.92499999999999
350	33	1	178.59	164.65500000000003
350	34	1	197.145	26.974999999999998
350	35	1	92.90500000000006	193.025
350	36	1	134.56000000000003	137.7
350	37	1	66.31000000000004	47.26500000000001
350	38	1	1.710000000000001	11.564999999999998
350	39	1	101.95000000000003	22.85999999999999
350	40	1	111.41499999999999	184.36499999999992
350	41	1	0.5400000000000015	192.155
350	42	1	122.79500000000002	89.34499999999994
350	43	1	59.12500000000001	185.72999999999996
350	44	1	182.11500000000004	22.02999999999999
350	45	1	119.92000000000007	118.55499999999998
350	46	1	1.2499999999999993	62.824999999999996
350	47	1	112.66499999999999	96.21000000000002
350	48	1	20.445	126.375
350	49	1	25.44000000000001	78.33499999999997
350	50	1	130.92039800995028	39.8457711442786
350	51	1	116.95000000000006	20.91999999999999
350	52	1	15.995000000000005	143.46000000000012
350	53	1	13.915	86.32499999999999
350	54	1	49.92000000000001	92.71
350	55	1	115.43500000000003	64.11
350	56	1	78.82500000000002	106.665
350	57	1	64.16582914572865	111.21608040201006
350	58	1	34.155	164.895
350	59	1	132.225	170.66500000000005
350	60	1	170.77500000000003	46.994999999999976
350	61	1	91.8100000000001	115.75999999999998
350	62	1	11.575000000000006	48.18
350	63	1	193.07960199004975	69.99502487562187
350	64	1	28.452261306532673	178.93969849246236
350	65	1	85.75500000000004	181.76999999999995
350	66	1	71.75879396984925	4.281407035175876
350	67	1	133.11999999999995	13.590000000000007
350	68	1	127.48999999999994	182.775
350	69	1	124.20000000000005	29.49999999999999
350	70	1	37.425000000000026	87.90499999999997
350	71	1	60.52238805970149	90.73134328358209
350	72	1	172.72500000000008	110.33000000000001
350	73	1	156.01492537313433	146.3731343283582
350	74	1	1.8099999999999998	152.8800000000001
350	75	1	73.56499999999996	94.46000000000006
350	76	1	149.64500000000004	92.06500000000003
350	77	1	170.96499999999995	64.19000000000003
350	78	1	164.20499999999996	95.51000000000002
350	79	1	111.04	36.26999999999999
350	80	1	25.70854271356784	62.10050251256285
350	81	1	178.35999999999999	33.455
350	82	1	22.540000000000003	38.635
350	83	1	12.635000000000002	9.125000000000005
350	84	1	135.29999999999995	95.33499999999994
350	85	1	161.21500000000003	0.9950000000000898
350	86	1	6.5950000000000015	117.52499999999998
350	87	1	37.34328358208955	43.10447761194029
350	88	1	167.2699999999999	120.08500000000006
350	89	1	137.5600000000001	189.18499999999997
350	90	1	124.01492537313435	105.51243781094524
350	91	1	19.060000000000016	171.90499999999994
350	92	1	170.715	173.10500000000013
350	93	1	62.13500000000001	199.815
350	94	1	181.2300000000001	72.46000000000002
350	95	1	186.30499999999992	133.85
350	96	1	44.935000000000024	52.07
350	97	1	173.42000000000002	95.91
350	98	1	9.825870646766164	73.94527363184079
350	99	1	159.0248756218905	50.70149253731344
350	100	1	88.10500000000003	10.089999999999996
350	101	1	72.2	71.78499999999998
350	102	1	146.37999999999982	63.13499999999999
350	103	1	88.70000000000003	27.960000000000008
350	104	1	78.77499999999998	17.419999999999995
350	105	1	100.79396984924625	94.9095477386934
350	106	1	119.53499999999995	50.67499999999997
350	107	1	11.090000000000002	100.41500000000005
350	108	1	55.47499999999997	43.425000000000004
350	109	1	63.175	128.58999999999995
350	110	1	143.12999999999997	45.019999999999996
350	111	1	143.62500000000003	127.83999999999999
350	112	1	31.625000000000004	114.06999999999996
350	113	1	99.85572139303486	83.64676616915426
350	114	1	111.575	162.72000000000003
350	115	1	36.10500000000002	102.7
350	116	1	6.354999999999997	36.415
350	117	1	114.215	76.50000000000004
350	118	1	190.16499999999996	153.05499999999998
350	119	1	65.50248756218899	79.40298507462694
350	120	1	17.53500000000001	56.71499999999998
360	1	1	95.99	104.55000000000003
360	2	1	149.3149999999998	137.30500000000004
360	3	1	107.99499999999992	115.68500000000002
360	4	1	96.44776119402985	162.587064676617
360	5	1	143.3599999999999	170.22499999999997
360	6	1	14.527363184079608	23.77114427860697
360	7	1	196.01500000000001	116.385
360	8	1	73.34999999999991	120.74499999999996
360	9	1	84.14499999999998	89.5399999999999
360	10	1	23.48000000000001	11.335000000000006
360	11	1	95.36500000000002	39.87500000000001
360	12	1	156.28000000000003	60.95000000000001
360	13	1	81.29499999999999	128.07000000000002
360	14	1	78.65000000000008	39.835
360	15	1	154.3819095477388	105.20100502512562
360	16	1	7.244999999999999	133.98499999999984
360	17	1	25.72500000000001	94.86500000000002
360	18	1	81.23000000000002	171.76999999999995
360	19	1	6.135000000000004	174.98000000000005
360	20	1	191.075	39.6
360	21	1	30.29000000000001	29.800000000000004
360	22	1	147.26130653266324	3.839195979899498
360	23	1	148.35999999999996	189.94
360	24	1	105.98499999999999	11.655000000000003
360	25	1	196.425	136.94500000000008
360	26	1	17.055276381909543	112.37688442211052
360	27	1	195.515	51.60500000000001
360	28	1	115.22500000000002	172.78500000000003
360	29	1	97.14499999999994	176.125
360	30	1	12.655000000000005	190.97000000000003
360	31	1	182.015	52.120000000000026
360	32	1	57.40499999999998	62.85000000000001
360	33	1	179.48999999999995	165.40499999999997
360	34	1	196.97	27.24500000000001
360	35	1	92.64499999999995	193.185
360	36	1	134.64999999999995	137.70000000000005
360	37	1	66.37313432835818	47.06965174129346
360	38	1	1.6849999999999996	11.664999999999997
360	39	1	101.77500000000003	23.00500000000001
360	40	1	111.3	184.45500000000004
360	41	1	0.6050000000000004	191.885
360	42	1	122.84000000000006	89.43500000000002
360	43	1	59.040000000000006	186.05499999999998
360	44	1	182.73000000000005	21.87
360	45	1	119.97989949748742	118.36180904522617
360	46	1	1.1457286432160805	62.678391959799015
360	47	1	112.62311557788946	96.11557788944724
360	48	1	20.4321608040201	126.46733668341705
360	49	1	25.145000000000003	78.22000000000006
360	50	1	131.34499999999997	39.09000000000001
360	51	1	116.87064676616919	21.03980099502487
360	52	1	16.174999999999986	143.28999999999988
360	53	1	13.520000000000007	86.17999999999999
360	54	1	49.760000000000026	92.83499999999998
360	55	1	115.5175879396985	64.09547738693462
360	56	1	78.83	106.34000000000002
360	57	1	64.145	111.38499999999998
360	58	1	33.39999999999999	165.455
360	59	1	132.24000000000012	170.50499999999994
360	60	1	170.54000000000002	47.095000000000006
360	61	1	92.04500000000006	115.66999999999997
360	62	1	11.515000000000006	48.349999999999966
360	63	1	193.32999999999998	69.92999999999996
360	64	1	28.035175879397	179.12562814070347
360	65	1	85.79999999999997	181.78499999999994
360	66	1	71.635	4.295000000000001
360	67	1	133.04522613065328	13.542713567839202
360	68	1	127.53999999999995	182.54
360	69	1	124.19500000000005	29.795000000000005
360	70	1	36.87500000000001	87.87000000000002
360	71	1	60.31000000000001	90.91
360	72	1	172.40500000000006	110.275
360	73	1	155.81000000000006	146.55000000000004
360	74	1	1.9600000000000002	152.81000000000012
360	75	1	73.36499999999995	94.40000000000002
360	76	1	149.78500000000003	91.94000000000001
360	77	1	170.77889447236186	64.26633165829145
360	78	1	164.14999999999995	95.47000000000007
360	79	1	111.16582914572867	36.33165829145727
360	80	1	26.261306532663326	61.77889447236184
360	81	1	178.17499999999998	33.43499999999998
360	82	1	22.50500000000001	38.60500000000001
360	83	1	12.514999999999999	9.195000000000004
360	84	1	135.38	95.265
360	85	1	161.085	0.980000000000075
360	86	1	6.664999999999998	117.56499999999996
360	87	1	37.21500000000002	43.16500000000002
360	88	1	167.0854271356784	120.18592964824127
360	89	1	136.675	189.40999999999988
360	90	1	123.955	105.39500000000004
360	91	1	18.174999999999994	171.31
360	92	1	170.55721393034824	172.65671641791036
360	93	1	62.184999999999995	199.865
360	94	1	181.135	72.11999999999998
360	95	1	186.21393034825857	133.72139303482584
360	96	1	44.85499999999999	52.34999999999998
360	97	1	173.47500000000002	95.50000000000004
360	98	1	10.395000000000007	73.52499999999998
360	99	1	158.75499999999997	50.315000000000005
360	100	1	88.05999999999995	10.185000000000002
360	101	1	72.04000000000003	71.68999999999997
360	102	1	146.80000000000004	63.62000000000001
360	103	1	88.62500000000004	28.170000000000012
360	104	1	78.71859296482408	17.03015075376885
360	105	1	100.81909547738697	94.83919597989949
360	106	1	119.615	50.53500000000001
360	107	1	11.250000000000002	100.48500000000003
360	108	1	55.455	43.580000000000005
360	109	1	63.57	128.91500000000005
360	110	1	142.99499999999995	45.11
360	111	1	143.48499999999996	127.50499999999995
360	112	1	31.77999999999999	114.06000000000002
360	113	1	99.96984924623109	83.58793969849242
360	114	1	111.69999999999997	162.715
360	115	1	35.98994974874375	102.68341708542711
360	116	1	6.494999999999997	36.37000000000001
360	117	1	114.32499999999999	76.44500000000001
360	118	1	190.09500000000003	153.01000000000002
360	119	1	65.26000000000003	79.505
360	120	1	17.394999999999996	56.91
370	1	1	95.60999999999996	104.42499999999994
370	2	1	149.255	137.2750000000001
370	3	1	107.93532338308454	115.55721393034825
370	4	1	96.8040201005025	162.7638190954773
370	5	1	143.215	170.32999999999996
370	6	1	14.274999999999999	23.650000000000006
370	7	1	196	116.60500000000002
370	8	1	73.95477386934671	120.45728643216079
370	9	1	84.16999999999996	89.15500000000003
370	10	1	23.399999999999995	11.274999999999997
370	11	1	95.475	40.05000000000001
370	12	1	156.35999999999999	60.989999999999995
370	13	1	81.08040201005016	128.06532663316582
370	14	1	78.64999999999996	40.43000000000001
370	15	1	154.04	104.97999999999998
370	16	1	7.139999999999999	134.23500000000007
370	17	1	25.748743718592962	95.03517587939693
370	18	1	81.32663316582914	171.58793969849248
370	19	1	6.63	175.26500000000001
370	20	1	190.965	39.63
370	21	1	30.23000000000001	29.769999999999996
370	22	1	147.35500000000002	3.795
370	23	1	148.21999999999997	189.99000000000012
370	24	1	105.68656716417915	11.985074626865668
370	25	1	196.4	136.82999999999993
370	26	1	17.059999999999988	112.3
370	27	1	195.535	51.83500000000003
370	28	1	115.485	172.73499999999996
370	29	1	97.37999999999998	176.07500000000013
370	30	1	12.700000000000003	190.91999999999996
370	31	1	182.0099999999999	51.77000000000002
370	32	1	57.524999999999984	62.935
370	33	1	179.72000000000006	166.34999999999997
370	34	1	196.88	27.30999999999999
370	35	1	92.81499999999997	192.905
370	36	1	134.48999999999995	137.785
370	37	1	66.315	46.970000000000006
370	38	1	1.4399999999999993	11.684999999999993
370	39	1	101.38499999999998	23.355000000000008
370	40	1	111.57213930348264	184.72636815920393
370	41	1	0.9199999999999994	192.26
370	42	1	122.795	89.29999999999994
370	43	1	59.21500000000001	186.24499999999995
370	44	1	183.03	21.765000000000022
370	45	1	119.84999999999998	118.41500000000002
370	46	1	1.4099999999999986	62.86999999999999
370	47	1	112.73000000000002	96.46000000000002
370	48	1	20.174999999999997	126.55999999999997
370	49	1	24.794999999999995	77.84999999999998
370	50	1	131.585	38.574999999999996
370	51	1	117.13	20.774999999999995
370	52	1	16.31	143.27999999999997
370	53	1	13.125000000000005	86.14999999999995
370	54	1	49.665000000000006	92.845
370	55	1	115.45226130653262	63.83919597989947
370	56	1	78.5500000000001	106.27000000000008
370	57	1	63.990000000000016	111.45500000000006
370	58	1	32.35500000000001	165.7500000000001
370	59	1	132.22000000000003	170.4999999999999
370	60	1	170.29999999999993	46.71500000000002
370	61	1	92.44278606965179	116.00497512437813
370	62	1	11.575000000000005	48.03500000000001
370	63	1	193.17	70
370	64	1	27.91457286432161	179.20100502512562
370	65	1	85.98492462311566	181.8793969849246
370	66	1	72.07499999999995	4.17
370	67	1	133.33499999999992	13.379999999999994
370	68	1	127.31999999999994	182.48999999999998
370	69	1	124.22885572139306	29.711442786069668
370	70	1	36.14499999999997	87.87499999999996
370	71	1	60.31499999999998	90.81499999999997
370	72	1	172.47000000000008	110.19999999999999
370	73	1	155.67000000000004	146.43500000000006
370	74	1	1.9250000000000003	153.13
370	75	1	73.5	94.41000000000005
370	76	1	150.07499999999985	91.52499999999998
370	77	1	170.93500000000003	63.730000000000004
370	78	1	164.105	95.59500000000003
370	79	1	111.66999999999999	36.36000000000002
370	80	1	26.594999999999995	61.68499999999996
370	81	1	177.76000000000005	33.335000000000015
370	82	1	22.434999999999995	38.59500000000001
370	83	1	12.59	9.49
370	84	1	135.61999999999998	95.47000000000001
370	85	1	161.04999999999998	0.8650000000000944
370	86	1	6.658291457286431	117.54271356783919
370	87	1	37.09500000000002	43.20999999999997
370	88	1	166.70646766169156	119.9253731343284
370	89	1	136.38500000000002	189.51
370	90	1	124.08000000000003	105.47500000000002
370	91	1	17.78109452736318	170.7363184079603
370	92	1	170.04000000000005	171.13000000000005
370	93	1	62.11500000000001	0.059999999999998506
370	94	1	180.985	71.77999999999997
370	95	1	186.22388059701493	133.9054726368159
370	96	1	44.699999999999974	52.254999999999995
370	97	1	173.59500000000003	95.42499999999994
370	98	1	10.835000000000006	73.06500000000003
370	99	1	158.63999999999984	50.19500000000001
370	100	1	88.17500000000003	10.259999999999996
370	101	1	72.04000000000003	71.62000000000005
370	102	1	146.67839195979903	63.36683417085428
370	103	1	88.53499999999998	28.440000000000005
370	104	1	78.63000000000001	16.920000000000005
370	105	1	100.875	94.79500000000003
370	106	1	119.6750000000001	50.205000000000034
370	107	1	11.289999999999996	100.4
370	108	1	55.63	43.595000000000006
370	109	1	63.714999999999975	128.59500000000003
370	110	1	142.84924623115572	45.01507537688444
370	111	1	143.405	127.58499999999997
370	112	1	32.055000000000014	114.29500000000003
370	113	1	100.24999999999999	83.65
370	114	1	111.75000000000001	162.6799999999999
370	115	1	35.66666666666668	102.82587064676619
370	116	1	6.375	36.38000000000001
370	117	1	114.21000000000004	76.30000000000003
370	118	1	190.19	153.1550000000001
370	119	1	65.4129353233831	79.6965174129353
370	120	1	17.345	56.85499999999997
380	1	1	95.65174129353234	104.30845771144274
380	2	1	148.9199999999999	137.29000000000005
380	3	1	108.16915422885572	115.39303482587067
380	4	1	96.93499999999995	163.00000000000003
380	5	1	143.1750000000001	170.50499999999997
380	6	1	14.485000000000005	23.639999999999997
380	7	1	195.955	116.73000000000005
380	8	1	74.47738693467336	119.95477386934677
380	9	1	84.14000000000003	88.41499999999996
380	10	1	23.27	11.015
380	11	1	95.59500000000001	39.86500000000004
380	12	1	156.49499999999983	60.835
380	13	1	80.92500000000005	128.395
380	14	1	78.50999999999996	40.745000000000005
380	15	1	154.0749999999999	105.00999999999999
380	16	1	7.1049999999999995	134.13000000000002
380	17	1	25.885000000000005	94.975
380	18	1	81.60301507537689	171.30653266331657
380	19	1	6.965000000000002	175.25999999999996
380	20	1	190.98994974874373	39.71859296482412
380	21	1	30.315000000000005	29.535000000000007
380	22	1	147.055	3.765
380	23	1	148.28000000000003	190.1750000000001
380	24	1	105.14000000000001	12.179999999999998
380	25	1	196.52763819095478	137.35175879396985
380	26	1	16.914999999999996	112.27000000000005
380	27	1	195.67	51.745000000000005
380	28	1	115.405	172.75500000000002
380	29	1	97.27860696517403	176.47761194029863
380	30	1	12.819999999999997	190.79999999999998
380	31	1	182.14999999999998	52.06999999999998
380	32	1	57.6	63.180000000000014
380	33	1	179.46766169154233	167.87562189054725
380	34	1	196.825	27.304999999999996
380	35	1	92.38499999999996	193.19999999999987
380	36	1	134.46000000000006	137.69499999999996
380	37	1	66.19499999999998	46.855000000000004
380	38	1	0.950248756218904	11.890547263681587
380	39	1	101.39500000000004	23.505000000000003
380	40	1	111.4029850746269	184.6965174129354
380	41	1	1.199999999999999	192.205
380	42	1	122.89000000000003	89.44500000000002
380	43	1	59.09499999999999	186.49999999999997
380	44	1	182.92499999999998	21.859999999999996
380	45	1	120.01000000000002	118.33000000000008
380	46	1	1.5174129353233834	62.88557213930348
380	47	1	112.78499999999997	96.41
380	48	1	20.36	126.60000000000004
380	49	1	24.650000000000006	77.80500000000002
380	50	1	131.83499999999998	37.91
380	51	1	117.22388059701491	20.35820895522388
380	52	1	16.517587939698487	143.08542713567837
380	53	1	12.445000000000002	85.96500000000002
380	54	1	49.71000000000001	92.71999999999998
380	55	1	115.54	63.93000000000001
380	56	1	78.99500000000003	106.14499999999995
380	57	1	64.19500000000001	111.29
380	58	1	31.64499999999999	166.1699999999999
380	59	1	132.00999999999993	170.73499999999996
380	60	1	170.38500000000005	46.294999999999995
380	61	1	92.34999999999998	116.32999999999998
380	62	1	11.485	47.86999999999996
380	63	1	193.4	70.12999999999998
380	64	1	27.736318407960205	179.29353233830852
380	65	1	85.66500000000003	182.3249999999999
380	66	1	72.73500000000001	3.8600000000000003
380	67	1	133.41000000000003	13.195000000000002
380	68	1	127.30499999999996	182.53500000000003
380	69	1	124.29999999999994	29.375000000000014
380	70	1	35.56218905472636	87.73631840796027
380	71	1	60.507537688442255	90.61306532663323
380	72	1	172.42000000000002	110.21
380	73	1	155.52999999999994	146.4300000000001
380	74	1	2.025000000000002	153.27000000000004
380	75	1	73.46999999999997	94.69500000000001
380	76	1	150.12871287128712	91.20297029702974
380	77	1	170.8449999999999	63.505
380	78	1	163.87000000000006	95.62
380	79	1	111.88000000000002	36.38499999999999
380	80	1	26.900000000000002	61.47
380	81	1	177.6965174129353	33.32338308457715
380	82	1	22.49253731343283	38.58208955223882
380	83	1	12.39500000000001	9.529999999999998
380	84	1	135.76000000000008	95.23999999999995
380	85	1	160.99499999999998	1.0350000000001103
380	86	1	6.63	117.73000000000002
380	87	1	37.175000000000004	43.015000000000015
380	88	1	166.6000000000001	120.03000000000002
380	89	1	136.26500000000004	189.62499999999997
380	90	1	124.28499999999998	105.53
380	91	1	17.00999999999999	170.11500000000018
380	92	1	169.69500000000008	170.1850000000001
380	93	1	62.159203980099534	0.3383084577114418
380	94	1	180.84079601990052	71.53233830845758
380	95	1	186.60199004975127	134.22885572139313
380	96	1	44.45273631840797	52.09950248756216
380	97	1	173.52999999999997	95.70000000000002
380	98	1	11.204999999999995	72.855
380	99	1	158.70999999999998	50.05
380	100	1	88.3668341708543	10.281407035175878
380	101	1	71.80000000000003	71.38499999999993
380	102	1	146.6099999999999	63.17000000000001
380	103	1	88.46499999999999	28.519999999999992
380	104	1	78.7960199004975	16.825870646766166
380	105	1	100.87000000000002	94.69000000000007
380	106	1	119.755	49.70999999999998
380	107	1	11.390000000000002	100.4
380	108	1	55.95500000000001	43.579999999999984
380	109	1	64.165	128.64999999999995
380	110	1	142.69	45.12000000000001
380	111	1	143.28499999999985	127.29499999999999
380	112	1	31.700000000000003	114.26499999999999
380	113	1	99.94000000000001	83.77000000000001
380	114	1	111.73999999999998	162.6199999999999
380	115	1	35.65499999999998	102.74499999999999
380	116	1	6.435000000000001	36.07000000000001
380	117	1	114.00999999999999	76.38000000000004
380	118	1	189.85500000000013	152.91499999999996
380	119	1	65.82000000000001	79.79000000000002
380	120	1	17.384999999999998	56.725
390	1	1	95.38499999999998	104.27000000000002
390	2	1	148.75500000000002	137.21999999999989
390	3	1	107.84000000000002	115.30000000000004
390	4	1	96.88500000000003	163.07499999999982
390	5	1	143.12	170.38999999999996
390	6	1	14.380000000000004	23.875000000000004
390	7	1	196.045	116.42000000000002
390	8	1	74.99502487562192	119.78109452736328
390	9	1	84.17500000000001	87.36
390	10	1	23.020000000000007	10.850000000000003
390	11	1	95.8	39.62500000000002
390	12	1	156.45000000000007	60.740000000000016
390	13	1	81.02499999999996	128.53500000000005
390	14	1	78.74000000000007	40.690000000000005
390	15	1	153.98000000000008	104.80499999999999
390	16	1	6.969999999999997	133.82999999999998
390	17	1	25.445000000000014	95.05000000000003
390	18	1	81.36999999999999	171.56000000000012
390	19	1	7.149253731343283	175.13930348258702
390	20	1	190.845	39.66
390	21	1	30.430000000000003	29.175
390	22	1	146.68000000000012	3.594999999999999
390	23	1	148.18000000000004	190.12500000000003
390	24	1	104.75499999999992	11.819999999999999
390	25	1	196.465	137.805
390	26	1	16.919999999999995	112.24500000000006
390	27	1	196.0251256281407	51.74874371859295
390	28	1	115.24999999999999	172.89499999999998
390	29	1	97.30348258706468	176.4228855721394
390	30	1	12.635000000000005	190.86499999999998
390	31	1	182.3034825870646	51.99502487562191
390	32	1	57.565000000000005	64.25499999999998
390	33	1	179.47499999999997	168.63
390	34	1	196.92	27.164999999999996
390	35	1	92.21890547263686	193.06965174129346
390	36	1	134.455	137.68999999999997
390	37	1	66.10000000000001	47.120000000000005
390	38	1	0.5678391959798992	12.135678391959798
390	39	1	101.445	23.220000000000002
390	40	1	111.5323383084578	184.9303482587065
390	41	1	1.2799999999999991	192.385
390	42	1	122.88500000000002	89.50500000000001
390	43	1	58.90954773869348	186.67336683417082
390	44	1	183.03499999999997	21.875
390	45	1	119.57499999999999	117.68499999999999
390	46	1	1.6749999999999998	63.049999999999976
390	47	1	112.78500000000004	96.47000000000001
390	48	1	20.31	126.66999999999999
390	49	1	24.544999999999998	77.80499999999999
390	50	1	132.34328358208955	37.13930348258705
390	51	1	116.94000000000003	20.44500000000001
390	52	1	16.185	143.19
390	53	1	11.445000000000004	85.78500000000004
390	54	1	49.54000000000003	92.79000000000003
390	55	1	115.47999999999999	63.865
390	56	1	78.99000000000008	106.025
390	57	1	64.20500000000003	111.33000000000007
390	58	1	31.075000000000003	166.58999999999986
390	59	1	131.77000000000007	170.55499999999995
390	60	1	170.17999999999998	46.094999999999985
390	61	1	92.11442786069654	116.83582089552243
390	62	1	11.554999999999998	48.05500000000001
390	63	1	193.23499999999999	70.055
390	64	1	27.930000000000003	179.41500000000008
390	65	1	85.5273631840796	182.76119402985074
390	66	1	73.93	3.054999999999998
390	67	1	133.22499999999994	13.445000000000011
390	68	1	127.02985074626864	182.5273631840796
390	69	1	124.61499999999998	29.315000000000012
390	70	1	34.944999999999986	87.66499999999999
390	71	1	60.47000000000001	90.50999999999995
390	72	1	172.1699999999999	110.385
390	73	1	155.38500000000002	146.295
390	74	1	1.8749999999999987	153.3699999999999
390	75	1	73.52000000000002	94.96000000000004
390	76	1	150.3432835820894	90.25373134328356
390	77	1	170.85499999999985	63.194999999999986
390	78	1	163.49499999999998	95.34499999999998
390	79	1	111.86567164179101	36.49751243781095
390	80	1	27.134999999999998	61.04
390	81	1	177.69500000000002	33.565
390	82	1	22.49	38.589999999999975
390	83	1	12.289999999999997	9.695000000000006
390	84	1	136.175	95.335
390	85	1	161.0497512437812	0.5621890547263888
390	86	1	6.544999999999999	117.885
390	87	1	37.11499999999998	42.98499999999999
390	88	1	166.34170854271352	120.06532663316578
390	89	1	136.5025125628141	189.3366834170853
390	90	1	124.64824120603014	105.44723618090453
390	91	1	16.360000000000007	170.025
390	92	1	169.71000000000012	169.10500000000002
390	93	1	62.610000000000014	199.79
390	94	1	180.96	71.26499999999999
390	95	1	186.69	134.36500000000007
390	96	1	44.470000000000006	52.135
390	97	1	173.375	95.84
390	98	1	11.184999999999993	73.05499999999998
390	99	1	158.615	49.90499999999997
390	100	1	88.57788944723623	10.623115577889443
390	101	1	71.2462311557789	71.07537688442206
390	102	1	146.56499999999994	63.144999999999996
390	103	1	88.35	28.435
390	104	1	78.79499999999999	16.230000000000004
390	105	1	100.8208955223881	94.65671641791049
390	106	1	119.70000000000003	49.30000000000002
390	107	1	11.241206030150753	100.4924623115578
390	108	1	56.35499999999998	43.43499999999998
390	109	1	64.48499999999999	128.76
390	110	1	142.0746268656717	45.61194029850748
390	111	1	143.11999999999992	127.13499999999993
390	112	1	31.645	114.285
390	113	1	99.59500000000003	83.79000000000008
390	114	1	111.58000000000003	162.55499999999998
390	115	1	35.62499999999999	102.47
390	116	1	6.434999999999999	36.139999999999986
390	117	1	113.96500000000002	76.57500000000002
390	118	1	189.2700000000001	152.75999999999985
390	119	1	66.64676616915428	80.35323383084572
390	120	1	17.515	56.889999999999986
400	1	1	95.00499999999992	104.05499999999999
400	2	1	148.82	137.39000000000013
400	3	1	107.15499999999997	115.15000000000002
400	4	1	97.02985074626858	163.36318407960192
400	5	1	143.2050000000001	170.51000000000002
400	6	1	13.979999999999995	23.53
400	7	1	196.12	116.44500000000004
400	8	1	75.31499999999998	119.49999999999999
400	9	1	84.36815920398011	87.23383084577115
400	10	1	23.029999999999987	10.624999999999993
400	11	1	95.62499999999993	39.43499999999998
400	12	1	156.37999999999988	60.83000000000001
400	13	1	81.105	128.16499999999996
400	14	1	78.54500000000006	40.98999999999997
400	15	1	153.96500000000006	104.25500000000004
400	16	1	7.417085427135674	134.00502512562807
400	17	1	25.429999999999996	95.24000000000005
400	18	1	81.14000000000003	171.70000000000005
400	19	1	7.174129353233831	174.69154228855712
400	20	1	190.805	39.690000000000005
400	21	1	30.170000000000005	28.76999999999999
400	22	1	146.55500000000004	3.524999999999949
400	23	1	148.1	190.125
400	24	1	104.15499999999997	11.105000000000008
400	25	1	196.95	137.54999999999995
400	26	1	16.854999999999993	112.28500000000005
400	27	1	196.275	51.96999999999999
400	28	1	115.44500000000004	172.98000000000005
400	29	1	97.37999999999997	176.345
400	30	1	12.845771144278606	190.84079601990055
400	31	1	182.36999999999992	51.64999999999999
400	32	1	57.4129353233831	64.97512437810943
400	33	1	179.39500000000007	168.5150000000001
400	34	1	196.89	27.234999999999996
400	35	1	92.53000000000003	192.56
400	36	1	134.3300000000001	137.39999999999998
400	37	1	65.885	47.27000000000001
400	38	1	0.3233830845771148	12.094527363184078
400	39	1	101.4875621890547	23.029850746268668
400	40	1	111.53499999999998	185.5949999999999
400	41	1	1.5899999999999985	192.275
400	42	1	123.11000000000001	89.69500000000008
400	43	1	58.67000000000002	186.82
400	44	1	182.94499999999994	21.88
400	45	1	118.97014925373136	116.96517412935326
400	46	1	1.8699999999999992	63.325
400	47	1	112.69500000000001	96.41000000000001
400	48	1	20.54271356783919	126.69346733668344
400	49	1	24.075	77.91500000000006
400	50	1	132.5950000000001	37.00999999999999
400	51	1	116.65499999999999	20.589999999999996
400	52	1	15.614999999999993	143.72999999999993
400	53	1	10.681592039801	85.41791044776122
400	54	1	49.464999999999996	92.68500000000002
400	55	1	115.54000000000003	63.92000000000002
400	56	1	78.97989949748745	105.82412060301506
400	57	1	64.59296482412054	111.40703517587936
400	58	1	30.580000000000005	166.94499999999996
400	59	1	131.80499999999992	170.55999999999992
400	60	1	169.94499999999985	46.029999999999994
400	61	1	92.16999999999996	117.745
400	62	1	11.620000000000001	47.92000000000001
400	63	1	192.98507462686567	69.84577114427856
400	64	1	27.904999999999998	179.51500000000004
400	65	1	85.31000000000004	183.0450000000001
400	66	1	74.91500000000002	2.289999999999999
400	67	1	133.25500000000002	13.290000000000001
400	68	1	126.43000000000002	182.5700000000001
400	69	1	124.48743718592962	29.412060301507534
400	70	1	34.660000000000004	87.43500000000003
400	71	1	60.380000000000024	90.2050000000001
400	72	1	172.32000000000005	110.075
400	73	1	155.54271356783914	146.44221105527646
400	74	1	1.2211055276381908	153.9899497487437
400	75	1	73.18499999999999	94.97999999999999
400	76	1	150.36	89.10500000000002
400	77	1	170.78999999999994	62.86
400	78	1	163.15499999999986	95.11500000000004
400	79	1	111.58499999999997	36.36500000000004
400	80	1	27.500000000000004	60.744999999999976
400	81	1	177.79601990049758	33.601990049751244
400	82	1	22.450000000000003	38.595000000000006
400	83	1	12.343283582089553	9.52238805970149
400	84	1	136.71	95.62000000000002
400	85	1	160.87939698492457	0.0854271356784011
400	86	1	6.625000000000001	118.10999999999997
400	87	1	36.97524752475249	42.77227722772279
400	88	1	166.19499999999996	119.74000000000001
400	89	1	136.52999999999994	188.94999999999993
400	90	1	125.17587939698493	105.64824120603018
400	91	1	15.865671641791048	169.68656716417908
400	92	1	169.74	168.8499999999999
400	93	1	62.86499999999997	199.935
400	94	1	180.84	70.98499999999996
400	95	1	187.125	135.01500000000004
400	96	1	44.59499999999998	52.25000000000001
400	97	1	173.22499999999997	95.79499999999997
400	98	1	11.355000000000004	72.97499999999998
400	99	1	158.55499999999998	49.865000000000016
400	100	1	88.69651741293535	10.995024875621896
400	101	1	70.80000000000001	70.84000000000003
400	102	1	146.515	63.130000000000045
400	103	1	87.86500000000005	28.545000000000005
400	104	1	78.9	15.899999999999995
400	105	1	100.935	94.78000000000002
400	106	1	119.88499999999999	49.040000000000006
400	107	1	11.174999999999999	100.49499999999998
400	108	1	56.19	43.43000000000002
400	109	1	64.76499999999996	129.04499999999996
400	110	1	141.2189054726368	46.37313432835822
400	111	1	143	127.275
400	112	1	31.395000000000003	114.0600000000001
400	113	1	99.67499999999993	83.64999999999995
400	114	1	111.74499999999999	162.57999999999996
400	115	1	35.76500000000001	102.31499999999997
400	116	1	6.500000000000001	36.07999999999999
400	117	1	114.14999999999999	76.75000000000003
400	118	1	188.26499999999993	152.16000000000008
400	119	1	67.08955223880602	80.5820895522388
400	120	1	17.550000000000008	56.88999999999999
410	1	1	94.76000000000003	104.065
410	2	1	148.71999999999997	137.59999999999997
410	3	1	106.565	114.745
410	4	1	97.17000000000002	164.115
410	5	1	143.57999999999996	170.67000000000004
410	6	1	13.680000000000005	23.195000000000007
410	7	1	196.02	116.79
410	8	1	75.51499999999994	119.63000000000007
410	9	1	84.37000000000002	87.41000000000007
410	10	1	23.25000000000001	10.994999999999996
410	11	1	95.68341708542718	39.07537688442212
410	12	1	156.35323383084574	61.223880597014954
410	13	1	81.38693467336684	127.75376884422104
410	14	1	78.38500000000003	41.04999999999999
410	15	1	154.16500000000008	103.99
410	16	1	7.330000000000001	134.2
410	17	1	25.135000000000016	95.28499999999997
410	18	1	81.50999999999999	171.35000000000002
410	19	1	6.909999999999998	173.95999999999995
410	20	1	190.94472361809045	39.71859296482409
410	21	1	29.900000000000016	28.89999999999998
410	22	1	146.92000000000002	3.5599999999999454
410	23	1	148.0250000000001	190.2400000000001
410	24	1	103.32000000000001	10.195
410	25	1	196.845	137.81999999999994
410	26	1	17.114427860696523	112.5422885572139
410	27	1	196.235	51.934999999999995
410	28	1	115.42499999999997	173.25999999999996
410	29	1	97.71499999999992	176.75999999999993
410	30	1	12.686567164179111	190.55721393034818
410	31	1	182.38000000000002	51.565000000000005
410	32	1	57.31000000000002	65.84500000000003
410	33	1	179.35	168.21999999999997
410	34	1	196.99502487562188	27.139303482587067
410	35	1	92.86999999999998	191.93
410	36	1	134.63500000000013	138.09999999999988
410	37	1	65.43	47.900000000000006
410	38	1	0.11499999999999999	12.165000000000001
410	39	1	101.29500000000002	22.875000000000007
410	40	1	111.70499999999998	186.6750000000001
410	41	1	1.665	192.19
410	42	1	123.02000000000001	89.82000000000002
410	43	1	59.099999999999994	187.04500000000007
410	44	1	182.92499999999993	21.92
410	45	1	118.48999999999995	115.43500000000002
410	46	1	1.8150000000000008	63.215000000000025
410	47	1	112.58000000000001	96.16999999999997
410	48	1	20.255000000000003	126.75500000000004
410	49	1	23.880000000000003	78.26999999999995
410	50	1	133.06467661691534	37.23880597014926
410	51	1	116.49999999999997	20.360000000000003
410	52	1	14.885000000000003	144.20999999999998
410	53	1	9.844999999999997	85.37500000000001
410	54	1	49.245000000000005	92.89000000000001
410	55	1	115.73499999999996	63.984999999999985
410	56	1	78.73	105.54999999999997
410	57	1	64.68000000000002	111.89000000000003
410	58	1	30.245000000000008	167.01000000000005
410	59	1	131.83	170.70000000000002
410	60	1	169.96999999999997	45.900000000000006
410	61	1	92.01492537313433	118.90049751243782
410	62	1	11.809045226130657	47.844221105527645
410	63	1	193.34	69.99999999999993
410	64	1	27.804020100502523	179.54271356783917
410	65	1	84.83999999999995	183.44000000000003
410	66	1	75.60696517412936	1.9104477611940294
410	67	1	133.175	13.354999999999999
410	68	1	126.28000000000003	182.25500000000005
410	69	1	124.10500000000005	29.375000000000007
410	70	1	34.33668341708543	87.33165829145727
410	71	1	60.19	90.43999999999997
410	72	1	172.385	110.02000000000002
410	73	1	155.67499999999998	146.58499999999987
410	74	1	0.9949748743718603	154.35175879396982
410	75	1	72.675	94.86500000000002
410	76	1	150.08910891089096	87.71287128712868
410	77	1	170.6749999999999	62.57000000000004
410	78	1	162.81500000000008	94.68499999999999
410	79	1	111.24875621890543	36.13930348258706
410	80	1	27.44776119402985	60.85572139303482
410	81	1	177.78499999999997	33.57499999999999
410	82	1	22.51499999999999	38.92
410	83	1	12.47500000000001	9.204999999999998
410	84	1	137.01990049751237	96.02487562189053
410	85	1	161.40796019900495	199.4875621890547
410	86	1	6.59	118.24500000000003
410	87	1	36.905000000000015	42.78999999999997
410	88	1	166.12499999999997	119.52000000000001
410	89	1	136.3149999999999	188.89999999999998
410	90	1	125.94500000000004	106.71999999999998
410	91	1	15.689999999999996	169.73499999999993
410	92	1	169.485	169.25999999999996
410	93	1	63	0.08457711442785944
410	94	1	180.95500000000007	70.62000000000002
410	95	1	187.14500000000012	135.28500000000003
410	96	1	45.12999999999999	52.42500000000001
410	97	1	173.14	95.70000000000003
410	98	1	11.609999999999998	72.96500000000006
410	99	1	158.4899999999999	50.060000000000024
410	100	1	88.95999999999998	11.069999999999995
410	101	1	70.78500000000005	70.90499999999994
410	102	1	146.19597989949756	62.43718592964825
410	103	1	87.23999999999998	28.560000000000006
410	104	1	79.08457711442784	15.736318407960203
410	105	1	100.46500000000002	94.84500000000004
410	106	1	119.36000000000004	48.32999999999998
410	107	1	10.763819095477386	100.71859296482411
410	108	1	56.095477386934675	43.346733668341685
410	109	1	64.94999999999997	129.12000000000003
410	110	1	140.06500000000003	46.73000000000003
410	111	1	142.9600000000001	127.35000000000001
410	112	1	31.220000000000006	113.75999999999992
410	113	1	99.75499999999997	83.59500000000001
410	114	1	111.53768844221106	162.5276381909548
410	115	1	35.864321608040186	102.20603015075379
410	116	1	6.482587064676615	36.08457711442787
410	117	1	113.94472361809046	76.77889447236178
410	118	1	187.2	151.5400000000001
410	119	1	66.85500000000002	80.51
410	120	1	17.512437810945265	56.97014925373133
420	1	1	94.80402010050251	104.0050251256282
420	2	1	148.63499999999993	137.9599999999999
420	3	1	105.71859296482415	114.14070351758798
420	4	1	97.43999999999991	164.91000000000005
420	5	1	143.80904522613065	171.15577889447223
420	6	1	13.613065326633167	23.27638190954775
420	7	1	196.05	117.30500000000005
420	8	1	75.54499999999999	119.49999999999997
420	9	1	84.47761194029849	87.33830845771148
420	10	1	23.27500000000001	11.04
420	11	1	95.63499999999999	38.975000000000016
420	12	1	156.66499999999994	61.57500000000002
420	13	1	81.385	127.46500000000009
420	14	1	78.12500000000004	41.099999999999994
420	15	1	154.24000000000004	104.00999999999996
420	16	1	7.43283582089552	134.2139303482587
420	17	1	24.940298507462696	95.07462686567166
420	18	1	81.705	171.48500000000016
420	19	1	6.7849999999999975	173.54499999999993
420	20	1	190.995	39.67999999999999
420	21	1	29.779999999999998	28.835
420	22	1	146.70000000000002	3.515000000000015
420	23	1	148.14000000000004	190.41499999999985
420	24	1	102.935	9.509999999999998
420	25	1	196.875	138.08999999999997
420	26	1	17.572864321608044	113.00000000000001
420	27	1	196.17412935323384	51.950248756218905
420	28	1	115.34999999999998	173.96999999999994
420	29	1	97.69849246231156	177.1758793969849
420	30	1	12.799999999999995	190.4199999999999
420	31	1	182.42500000000004	51.98500000000001
420	32	1	56.800000000000004	66.25500000000002
420	33	1	179.385	168.11499999999998
420	34	1	197.04	27.20000000000001
420	35	1	93.31999999999996	191.695
420	36	1	135.21105527638193	139.26130653266327
420	37	1	65.24500000000002	48.470000000000006
420	38	1	0.11499999999999896	12.135000000000005
420	39	1	101.26000000000002	22.789999999999985
420	40	1	111.49999999999999	188.01485148514865
420	41	1	1.9400000000000006	192.305
420	42	1	123.0149253731343	89.89552238805973
420	43	1	60.39800995024872	187.43781094527364
420	44	1	183.18499999999992	21.81
420	45	1	117.87	114.77000000000001
420	46	1	1.8250000000000013	63.23500000000001
420	47	1	112.56500000000001	96.00999999999999
420	48	1	20.635	127.05500000000005
420	49	1	23.775000000000016	78.05500000000005
420	50	1	133.771144278607	37.30348258706469
420	51	1	116.43500000000002	20.354999999999997
420	52	1	14.225000000000001	144.97
420	53	1	9.760000000000003	85.63500000000003
420	54	1	48.889999999999965	92.91499999999998
420	55	1	115.97000000000004	63.78000000000003
420	56	1	78.71000000000001	105.33999999999997
420	57	1	64.69499999999998	111.76000000000005
420	58	1	30.205	167.22000000000003
420	59	1	131.49999999999997	170.65500000000011
420	60	1	170.11000000000004	45.92499999999999
420	61	1	91.97487437185939	119.81909547738691
420	62	1	11.736318407960194	47.810945273631866
420	63	1	193.54773869346732	70.32160804020103
420	64	1	27.394999999999982	179.60000000000005
420	65	1	84.34500000000001	184.30000000000007
420	66	1	75.96019900497514	1.6318407960199013
420	67	1	132.44999999999985	13.204999999999997
420	68	1	126.27500000000002	182.13500000000005
420	69	1	124.21890547263682	29.179104477611933
420	70	1	34.27000000000001	87.035
420	71	1	60.275000000000006	90.54999999999991
420	72	1	172.4649999999999	109.97000000000003
420	73	1	155.74999999999997	146.7550000000001
420	74	1	0.6299999999999983	154.23999999999998
420	75	1	72.75500000000004	94.71
420	76	1	149.34500000000003	87.26500000000001
420	77	1	170.5750000000001	62.43
420	78	1	162.53233830845778	94.35820895522389
420	79	1	111.39500000000002	36.099999999999994
420	80	1	27.529999999999994	60.720000000000006
420	81	1	177.87499999999997	33.59500000000002
420	82	1	22.639999999999997	39.22500000000001
420	83	1	12.475000000000003	9.209999999999999
420	84	1	137.39999999999998	96.18999999999996
420	85	1	161.95999999999987	198.70500000000007
420	86	1	6.850000000000003	118.49000000000001
420	87	1	37.055	42.800000000000004
420	88	1	166.01500000000013	119.27000000000005
420	89	1	135.78000000000014	189.0150000000001
420	90	1	126.07537688442213	107.47236180904521
420	91	1	15.323383084577113	169.23383084577114
420	92	1	169.51758793969842	169.467336683417
420	93	1	63.374999999999986	0.03000000000000038
420	94	1	180.9799999999999	70.53500000000003
420	95	1	187.1849999999999	135.49500000000003
420	96	1	45.335000000000015	52.50000000000001
420	97	1	173.0452261306533	95.85427135678393
420	98	1	11.755000000000004	72.91999999999997
420	99	1	158.48499999999999	49.909999999999975
420	100	1	89.07499999999997	10.885000000000002
420	101	1	70.56	70.63000000000001
420	102	1	146.2189054726368	62.11940298507466
420	103	1	87.375	28.460000000000004
420	104	1	79.43499999999997	16.205000000000005
420	105	1	100.36999999999998	94.735
420	106	1	119.40796019900498	48.03482587064675
420	107	1	10.770000000000001	101.44499999999995
420	108	1	56.27500000000002	43.489999999999995
420	109	1	65.105	129.09500000000003
420	110	1	139.72000000000003	46.75499999999998
420	111	1	142.87064676616916	127.62189054726373
420	112	1	31.090000000000003	113.47500000000004
420	113	1	99.70500000000004	83.305
420	114	1	111.635	162.73499999999996
420	115	1	36.09500000000001	102.37000000000005
420	116	1	6.619999999999999	36.045
420	117	1	113.79499999999999	76.74000000000002
420	118	1	185.85999999999993	150.65999999999997
420	119	1	66.73000000000003	80.43
420	120	1	17.569999999999993	57.03000000000001
430	1	1	94.74500000000003	103.80999999999999
430	2	1	148.63681592039802	137.71144278606957
430	3	1	105.41791044776117	113.9004975124378
430	4	1	97.57711442786072	165.28855721393046
430	5	1	143.99	171.59
430	6	1	13.699999999999996	23.160000000000007
430	7	1	196.39195979899498	117.36683417085428
430	8	1	75.86567164179097	119.09452736318407
430	9	1	84.72636815920393	87.20895522388062
430	10	1	23.235	11.18
430	11	1	95.83499999999998	38.70500000000003
430	12	1	156.54228855721388	61.651741293532346
430	13	1	81.26999999999998	127.78999999999995
430	14	1	78.07000000000004	41.32000000000001
430	15	1	154.4472361809046	104.1758793969849
430	16	1	7.420000000000001	134.41500000000002
430	17	1	24.830000000000005	94.97500000000004
430	18	1	81.94499999999995	171.85
430	19	1	6.7661691542288525	173.4776119402986
430	20	1	191.57	39.294999999999995
430	21	1	29.31840796019901	28.711442786069654
430	22	1	146.85999999999999	3.504999999999967
430	23	1	148.07500000000005	190.63999999999984
430	24	1	102.97500000000001	9.379999999999997
430	25	1	197.055	138.19500000000008
430	26	1	17.444999999999993	113.19000000000003
430	27	1	195.97989949748742	52.035175879396995
430	28	1	114.94500000000001	174.6449999999999
430	29	1	97.78391959798996	177.64824120603015
430	30	1	12.904999999999996	190.25499999999997
430	31	1	182.58793969849248	51.83919597989949
430	32	1	56.298507462686565	66.63184079601993
430	33	1	179.75376884422116	167.316582914573
430	34	1	196.865	27.285000000000018
430	35	1	93.55	191.635
430	36	1	135.9250000000001	139.95499999999998
430	37	1	65.38500000000003	48.27
430	38	1	0.05500000000000033	12.259999999999994
430	39	1	101.32	22.575000000000014
430	40	1	111.1435643564356	189.67821782178225
430	41	1	1.8649999999999993	192.115
430	42	1	123.00999999999996	90.29500000000002
430	43	1	61.66169154228858	187.48258706467666
430	44	1	183.16499999999994	21.71999999999998
430	45	1	117.5920398009951	114.54228855721396
430	46	1	1.5226130653266332	63.23115577889446
430	47	1	112.52499999999996	95.83499999999994
430	48	1	20.557213930348258	127.61194029850745
430	49	1	23.83999999999999	77.87000000000005
430	50	1	134.07999999999996	37.415
430	51	1	116.40999999999995	20.505
430	52	1	13.71356783919597	145.5276381909548
430	53	1	9.800000000000004	85.82499999999999
430	54	1	48.810000000000024	92.965
430	55	1	116.22500000000001	63.45500000000003
430	56	1	78.75500000000002	105.295
430	57	1	64.63681592039805	111.6019900497513
430	58	1	29.88000000000001	167.14499999999995
430	59	1	131.2139303482586	170.5522388059702
430	60	1	170.28499999999988	45.995000000000005
430	61	1	91.94999999999995	119.93499999999999
430	62	1	11.690000000000007	47.74
430	63	1	193.575	70.45500000000004
430	64	1	27.285000000000018	179.61499999999984
430	65	1	83.80000000000004	185.19499999999994
430	66	1	76.36000000000003	1.385000000000001
430	67	1	131.9353233830845	12.776119402985083
430	68	1	125.90999999999995	182.15999999999997
430	69	1	124.3731343283582	29.06467661691541
430	70	1	34.154999999999994	86.83500000000001
430	71	1	60.38805970149254	90.76119402985078
430	72	1	172.7100000000001	110.10500000000006
430	73	1	155.63999999999996	147.06
430	74	1	0.8009950248756204	154.55223880597012
430	75	1	72.96000000000004	94.47000000000006
430	76	1	148.46733668341702	86.07035175879393
430	77	1	170.46000000000004	62.06500000000002
430	78	1	162.09500000000003	94.36999999999996
430	79	1	111.41499999999998	36.194999999999986
430	80	1	27.424999999999983	60.680000000000014
430	81	1	177.88	33.60499999999999
430	82	1	22.869346733668344	39.60301507537688
430	83	1	12.039999999999994	8.709999999999999
430	84	1	138.12500000000009	96.365
430	85	1	162.35678391959797	197.7889447236181
430	86	1	6.9099999999999975	118.47499999999997
430	87	1	37.260000000000005	43.00000000000001
430	88	1	166.22885572139296	119.33333333333329
430	89	1	135.73500000000007	188.91499999999988
430	90	1	126.08457711442787	108.0497512437811
430	91	1	15.114999999999998	169.08499999999998
430	92	1	169.5449999999999	169.47500000000002
430	93	1	63.743718592964804	199.64824120603015
430	94	1	180.8099999999999	70.315
430	95	1	187.28499999999994	135.56
430	96	1	45.87	52.575
430	97	1	172.96500000000012	96.12500000000004
430	98	1	11.825000000000005	72.78500000000003
430	99	1	158.29999999999998	49.71
430	100	1	89.015	10.895000000000001
430	101	1	70.45000000000002	70.63499999999993
430	102	1	145.99497487437185	61.94974874371857
430	103	1	87.44000000000003	28.579999999999995
430	104	1	79.46999999999997	16.675
430	105	1	100.48499999999997	94.54499999999999
430	106	1	119.01990049751242	47.71641791044779
430	107	1	11.174999999999997	101.30000000000004
430	108	1	56.21499999999998	43.44999999999995
430	109	1	65.12500000000001	128.83999999999997
430	110	1	139.35499999999996	46.84
430	111	1	142.76499999999996	127.78999999999999
430	112	1	31.02010050251256	113.3065326633166
430	113	1	99.39500000000002	82.75499999999995
430	114	1	111.735	163.15999999999997
430	115	1	36.18500000000001	102.21499999999999
430	116	1	7.029999999999998	36.13500000000001
430	117	1	113.80000000000004	76.70499999999994
430	118	1	185.32499999999996	149.87
430	119	1	66.635	80.44500000000006
430	120	1	17.44221105527637	57.14572864321608
440	1	1	94.87499999999994	103.39999999999995
440	2	1	148.7049999999999	137.70000000000002
440	3	1	105.08500000000002	113.78999999999996
440	4	1	97.60999999999999	164.95000000000013
440	5	1	144.0350000000001	171.48999999999992
440	6	1	13.635000000000002	22.90500000000001
440	7	1	196.275	117.66500000000002
440	8	1	76.00000000000003	119.06999999999998
440	9	1	84.92500000000004	87.08
440	10	1	23.125000000000007	11.095
440	11	1	95.88000000000004	38.37500000000001
440	12	1	156.51000000000002	61.460000000000015
440	13	1	81.5527638190955	127.65326633165837
440	14	1	78.35	40.96499999999999
440	15	1	154.8699999999999	104.41499999999998
440	16	1	7.4650000000000025	134.1949999999999
440	17	1	24.76381909547739	95.09045226130652
440	18	1	82.65999999999998	171.8749999999999
440	19	1	6.679999999999998	173.59999999999997
440	20	1	192.34	39.29500000000001
440	21	1	29.285000000000007	28.795000000000012
440	22	1	146.63500000000008	3.4749999999999988
440	23	1	148.08040201005016	190.70351758793973
440	24	1	103.25999999999995	9.769999999999998
440	25	1	197.07035175879398	138.32663316582904
440	26	1	17.42	113.36999999999998
440	27	1	196.24	52.214999999999975
440	28	1	114.43283582089548	175.49751243781103
440	29	1	98.04000000000002	178.1149999999999
440	30	1	13.199999999999994	190.22
440	31	1	182.635	51.68000000000001
440	32	1	55.17499999999999	67.08499999999997
440	33	1	180.3349999999999	166.42
440	34	1	196.44	27.250000000000007
440	35	1	93.32663316582916	191.8140703517588
440	36	1	136.14000000000013	140.24500000000003
440	37	1	65.29353233830847	48.671641791044784
440	38	1	199.85999999999999	12.169999999999995
440	39	1	101.17999999999999	22.71000000000001
440	40	1	111.13500000000002	190.63000000000005
440	41	1	2.055276381909548	192.26633165829145
440	42	1	123.02500000000002	91.05500000000004
440	43	1	62.14572864321608	187.34170854271366
440	44	1	183.18999999999997	21.749999999999996
440	45	1	117.47	114.48999999999997
440	46	1	1.3681592039800994	63.20895522388055
440	47	1	112.43500000000003	95.68999999999997
440	48	1	20.63500000000001	128.4649999999999
440	49	1	23.62499999999999	77.89999999999999
440	50	1	134.01000000000002	37.44500000000001
440	51	1	116.45000000000002	20.339999999999993
440	52	1	13.08	146.02500000000003
440	53	1	9.684999999999999	85.85
440	54	1	48.870000000000005	92.95499999999998
440	55	1	116.26865671641792	63.462686567164205
440	56	1	79.43	105.16499999999996
440	57	1	65.19999999999999	111.22500000000004
440	58	1	29.66	167.16000000000003
440	59	1	131.15999999999997	170.83000000000004
440	60	1	170.20500000000004	45.935
440	61	1	92.10000000000001	119.61000000000001
440	62	1	11.900000000000002	47.42499999999999
440	63	1	193.565	70.62000000000002
440	64	1	27.363184079601986	179.60696517412939
440	65	1	83.49246231155774	185.43718592964825
440	66	1	76.64179104477614	1.2786069651741294
440	67	1	131.69154228855714	12.82089552238806
440	68	1	125.77499999999996	182.16000000000005
440	69	1	124.44500000000001	29.05000000000001
440	70	1	33.92999999999999	86.76000000000002
440	71	1	60.72500000000003	90.72000000000003
440	72	1	172.70499999999998	110.13000000000001
440	73	1	155.0199999999999	148.07999999999996
440	74	1	0.7399999999999992	154.59999999999997
440	75	1	72.41791044776117	94.70646766169156
440	76	1	147.75621890547276	84.7412935323384
440	77	1	170.53499999999994	61.939999999999976
440	78	1	161.455	94.09999999999998
440	79	1	111.53999999999996	36.34499999999999
440	80	1	27.644999999999996	60.40499999999999
440	81	1	178.07500000000002	33.765
440	82	1	22.99000000000001	39.82500000000001
440	83	1	11.95	8.525000000000002
440	84	1	138.7860696517413	96.08457711442787
440	85	1	162.64	197.43499999999997
440	86	1	7.020000000000004	118.25000000000004
440	87	1	37.27500000000001	42.99999999999998
440	88	1	166.06999999999988	119.23
440	89	1	135.76999999999992	188.84
440	90	1	126.12500000000009	108.03999999999998
440	91	1	15.024999999999997	169.18499999999995
440	92	1	169.65999999999997	169.01000000000005
440	93	1	63.96500000000001	199.44
440	94	1	180.855	70.29500000000002
440	95	1	187.31000000000003	135.5449999999999
440	96	1	46.614999999999995	52.77
440	97	1	172.98009950248758	96.04975124378109
440	98	1	11.763819095477384	72.81407035175879
440	99	1	158.17000000000016	49.57
440	100	1	88.865671641791	10.875621890547267
440	101	1	70.17499999999998	70.37999999999992
440	102	1	145.90499999999997	61.94000000000002
440	103	1	87.30999999999997	28.525
440	104	1	79.25	17.090000000000018
440	105	1	100.41499999999996	94.22999999999993
440	106	1	118.61194029850742	47.6915422885572
440	107	1	11.515000000000004	101.41499999999992
440	108	1	56.035	43.509999999999984
440	109	1	65.04500000000003	128.52499999999992
440	110	1	139.11999999999998	46.92500000000001
440	111	1	142.65999999999985	127.9149999999999
440	112	1	30.884422110552748	113.46733668341705
440	113	1	98.77000000000005	82.19499999999996
440	114	1	111.77386934673362	163.79899497487432
440	115	1	36.499999999999986	102.27500000000002
440	116	1	7.315	35.83
440	117	1	113.73134328358208	76.91542288557223
440	118	1	184.97014925373128	149.46268656716416
440	119	1	66.7562189054726	80.11940298507464
440	120	1	17.293532338308456	57.432835820895534
450	1	1	94.77500000000005	103.27000000000007
450	2	1	149.07	138.09499999999989
450	3	1	104.925	113.78499999999994
450	4	1	97.905	164.98
450	5	1	144.2649999999999	171.54000000000005
450	6	1	13.502487562189051	22.66169154228855
450	7	1	196.3	118.00999999999998
450	8	1	76.11500000000002	119.08499999999997
450	9	1	85.00995024875617	87.03980099502483
450	10	1	23.225000000000016	11.309999999999999
450	11	1	95.97999999999995	38.19000000000001
450	12	1	156.5949999999999	61.47000000000002
450	13	1	81.75124378109454	127.89054726368165
450	14	1	79.23267326732676	40.94059405940593
450	15	1	154.8358208955223	104.41791044776124
450	16	1	7.8149999999999995	133.98000000000002
450	17	1	24.709999999999994	95.02499999999996
450	18	1	83.29145728643216	171.59296482412066
450	19	1	6.905000000000001	173.92499999999987
450	20	1	192.655	39.185
450	21	1	29.26000000000001	28.980000000000004
450	22	1	146.25000000000006	3.615000000000001
450	23	1	147.9699999999999	190.8199999999999
450	24	1	103.29499999999999	9.924999999999997
450	25	1	197.33	138.4550000000001
450	26	1	17.604999999999997	113.44000000000001
450	27	1	196.37	52.37500000000001
450	28	1	114.15	175.83
450	29	1	98.28500000000003	178.63499999999996
450	30	1	14.462686567164178	191.05472636815907
450	31	1	182.57999999999993	51.46999999999999
450	32	1	54.52000000000002	67.03499999999997
450	33	1	180.905	165.51500000000007
450	34	1	196.32	27.159999999999997
450	35	1	93.4572864321608	191.56281407035175
450	36	1	136.11442786069645	139.98009950248758
450	37	1	65.5	48.54
450	38	1	199.635	12.109999999999996
450	39	1	101.24500000000003	22.575000000000006
450	40	1	111.26499999999999	191.21999999999989
450	41	1	2.7049999999999996	192.11
450	42	1	122.94000000000005	90.93999999999994
450	43	1	62.864999999999945	186.64000000000007
450	44	1	183.15999999999997	21.70499999999999
450	45	1	117.45500000000003	114.48499999999996
450	46	1	1.255	63.31499999999995
450	47	1	112.50499999999998	95.93
450	48	1	21.044999999999998	129.02
450	49	1	23.875000000000014	77.505
450	50	1	133.74999999999991	37.42999999999997
450	51	1	116.595	20.20500000000001
450	52	1	12.990000000000004	145.92500000000007
450	53	1	10.054999999999996	85.73999999999995
450	54	1	48.72000000000002	92.88999999999997
450	55	1	116.38500000000002	63.234999999999964
450	56	1	79.82500000000002	105.14999999999995
450	57	1	65.55	110.95499999999996
450	58	1	29.67500000000001	167.1749999999999
450	59	1	131.005	170.89500000000004
450	60	1	170.11500000000007	45.97499999999996
450	61	1	92.34499999999994	119.47500000000002
450	62	1	11.605	47.345
450	63	1	193.54	70.55999999999996
450	64	1	27.05499999999999	179.6
450	65	1	83.33499999999998	185.46500000000003
450	66	1	76.77000000000001	1.2650000000000006
450	67	1	131.585	12.655
450	68	1	125.90499999999997	182.2449999999999
450	69	1	124.43999999999998	28.889999999999993
450	70	1	33.9950248756219	86.57711442786066
450	71	1	60.78500000000001	90.96000000000004
450	72	1	172.61999999999986	110.14499999999998
450	73	1	154.45771144278612	150.01492537313433
450	74	1	0.5699999999999994	154.66000000000005
450	75	1	72.47499999999998	94.755
450	76	1	147.1144278606966	83.2537313432836
450	77	1	170.665	61.870000000000026
450	78	1	160.89999999999998	93.96499999999997
450	79	1	111.51741293532332	36.34825870646767
450	80	1	28.055000000000007	59.82500000000001
450	81	1	178.0249999999999	33.705
450	82	1	22.845	39.84000000000004
450	83	1	11.84924623115578	8.407035175879392
450	84	1	138.75499999999985	95.94
450	85	1	162.57000000000002	197.55499999999998
450	86	1	7.115	118.21499999999997
450	87	1	37.11499999999997	43.14999999999997
450	88	1	165.99004975124376	119.36318407960206
450	89	1	136.03499999999997	188.8249999999999
450	90	1	126.15075376884424	107.94974874371857
450	91	1	14.939999999999998	169.07499999999987
450	92	1	169.80099502487556	168.8407960199005
450	93	1	64.3681592039801	199.09452736318408
450	94	1	180.68499999999992	70.18999999999998
450	95	1	187.27999999999994	135.44999999999993
450	96	1	47.150000000000006	52.87
450	97	1	172.87000000000012	96.17000000000002
450	98	1	12.149999999999993	72.59999999999995
450	99	1	158.00497512437803	49.54228855721392
450	100	1	88.91000000000003	10.754999999999995
450	101	1	69.93999999999997	70.37
450	102	1	145.9250000000001	62.065
450	103	1	87.49000000000001	28.24
450	104	1	79.11499999999992	17.080000000000005
450	105	1	100.65999999999998	94.17500000000001
450	106	1	118.45499999999994	48.000000000000014
450	107	1	11.325000000000001	101.55499999999998
450	108	1	55.98499999999998	43.525
450	109	1	64.98500000000001	128.25499999999994
450	110	1	138.87999999999997	46.95000000000002
450	111	1	142.84999999999994	128.15000000000003
450	112	1	30.854271356783915	113.35678391959799
450	113	1	98.15075376884427	82.21608040201001
450	114	1	111.89500000000001	163.95000000000007
450	115	1	36.487562189054735	102.17412935323378
450	116	1	7.399999999999996	35.77999999999999
450	117	1	112.92500000000001	76.91999999999996
450	118	1	184.76999999999984	148.89000000000004
450	119	1	66.81499999999996	80.17000000000002
450	120	1	17.215000000000007	57.38500000000002
460	1	1	94.94000000000001	103.22999999999993
460	2	1	149.90547263681609	138.4029850746269
460	3	1	104.65326633165832	113.95979899497482
460	4	1	97.78	164.875
460	5	1	145.1243781094527	172.16915422885575
460	6	1	13.520000000000003	22.830000000000005
460	7	1	196.41	117.99999999999997
460	8	1	76.155	119.135
460	9	1	85.09999999999995	87.34
460	10	1	23.184999999999995	11.460000000000004
460	11	1	95.8955223880597	37.97512437810946
460	12	1	156.49499999999992	61.440000000000005
460	13	1	81.98999999999997	127.85
460	14	1	80.16500000000002	40.975
460	15	1	155.14427860696537	104.49751243781095
460	16	1	8.233830845771143	134.02487562189052
460	17	1	24.681592039800996	94.98009950248756
460	18	1	83.60500000000002	171.73999999999998
460	19	1	7.079601990049754	174.04975124378123
460	20	1	192.635	39.324999999999996
460	21	1	29.250000000000004	28.99000000000001
460	22	1	146.14499999999992	3.6300000000000003
460	23	1	147.9698492462311	190.9246231155779
460	24	1	103.24499999999999	10.034999999999997
460	25	1	197.53233830845772	138.56716417910442
460	26	1	17.66	113.61499999999998
460	27	1	196.86567164179104	52.48756218905472
460	28	1	114.12499999999996	175.74500000000003
460	29	1	98.86499999999997	179.13
460	30	1	15.615000000000006	191.705
460	31	1	182.665	51.52999999999998
460	32	1	54.08499999999999	67.25499999999995
460	33	1	181.13000000000002	165.21
460	34	1	196.28855721393035	27.149253731343283
460	35	1	93.10999999999999	191.97
460	36	1	136.4600000000001	140.35999999999984
460	37	1	65.615	48.77499999999999
460	38	1	199.795	12.024999999999995
460	39	1	101.44000000000003	22.705000000000002
460	40	1	110.915	191.32500000000007
460	41	1	3.304999999999999	191.58499999999998
460	42	1	123.01	90.84000000000005
460	43	1	63.63999999999999	185.52999999999997
460	44	1	183.27499999999998	21.689999999999998
460	45	1	117.29499999999999	114.525
460	46	1	1.3350000000000022	63.49
460	47	1	112.50500000000001	96.00499999999994
460	48	1	21.467661691542283	129.74129353233826
460	49	1	23.859999999999985	77.34500000000001
460	50	1	133.73499999999999	37.334999999999994
460	51	1	116.78500000000007	19.715000000000007
460	52	1	12.74	146.0549999999999
460	53	1	10.17	85.78
460	54	1	48.624999999999986	92.68
460	55	1	116.49499999999999	63.02
460	56	1	80.05970149253733	105.29353233830848
460	57	1	65.51999999999998	111.06499999999997
460	58	1	29.230000000000004	166.82500000000002
460	59	1	131.0099999999999	170.95499999999998
460	60	1	170.1550000000001	46.17499999999999
460	61	1	92.66500000000006	119.565
460	62	1	10.934673366834172	47.41206030150753
460	63	1	193.69651741293532	70.6616915422886
460	64	1	26.959999999999994	179.39999999999998
460	65	1	83.41000000000003	185.43000000000004
460	66	1	76.81500000000005	1.2850000000000008
460	67	1	131.39000000000004	12.720000000000002
460	68	1	125.77000000000001	182.46499999999995
460	69	1	124.36000000000001	28.915000000000003
460	70	1	34.02	86.43500000000002
460	71	1	60.88999999999999	91.17500000000004
460	72	1	172.46231155778892	110.01005025125629
460	73	1	153.61500000000004	151.88500000000008
460	74	1	0.37313432835820937	155.12437810945266
460	75	1	72.605	94.76000000000005
460	76	1	146.52	82.08500000000002
460	77	1	170.62999999999997	61.849999999999994
460	78	1	160.4650000000001	93.59500000000001
460	79	1	111.54999999999998	36.25500000000001
460	80	1	28.69	59.38499999999997
460	81	1	178.0099999999999	33.76500000000001
460	82	1	22.894472361809033	40.060301507537666
460	83	1	11.889999999999999	8.274999999999999
460	84	1	139.10000000000002	95.75500000000004
460	85	1	162.51243781094522	197.43283582089552
460	86	1	7.288557213930347	118.41791044776113
460	87	1	37.11000000000001	43.03999999999997
460	88	1	166.04500000000021	119.43999999999997
460	89	1	135.95499999999996	188.6449999999999
460	90	1	125.965	107.34000000000003
460	91	1	14.970000000000006	168.98000000000005
460	92	1	170.0646766169153	169.11442786069654
460	93	1	65.25999999999996	198.085
460	94	1	180.76499999999996	70.13999999999999
460	95	1	187.57999999999996	135.43000000000004
460	96	1	47.40500000000004	52.834999999999994
460	97	1	172.71500000000003	96.15999999999998
460	98	1	12.709999999999997	72.42
460	99	1	158.09999999999997	49.61500000000003
460	100	1	89.00497512437806	10.950248756218906
460	101	1	69.86000000000006	70.49
460	102	1	146.35999999999993	62.28499999999999
460	103	1	87.42000000000003	28.290000000000006
460	104	1	79.02	16.855000000000004
460	105	1	100.68500000000003	93.90499999999999
460	106	1	118.59	48.30000000000001
460	107	1	11.275000000000002	101.67999999999998
460	108	1	55.89500000000001	43.509999999999984
460	109	1	64.99999999999997	127.99000000000005
460	110	1	138.91000000000003	46.91000000000002
460	111	1	143.16499999999988	128.41500000000002
460	112	1	30.57000000000001	113.15
460	113	1	97.72499999999997	82.015
460	114	1	111.78000000000002	164.135
460	115	1	36.67164179104478	102.15422885572143
460	116	1	7.88	35.515000000000015
460	117	1	112.82999999999994	76.78500000000005
460	118	1	184.4449999999999	148.51000000000002
460	119	1	66.60000000000004	80.075
460	120	1	17.399999999999988	57.23999999999999
470	1	1	95.08999999999997	103.42500000000003
470	2	1	151.75742574257424	138.9158415841584
470	3	1	104.05970149253727	113.85074626865669
470	4	1	98.11442786069645	165.0995024875621
470	5	1	146.50746268656718	172.49751243781103
470	6	1	13.789999999999996	22.85
470	7	1	196.6	118.07999999999994
470	8	1	76.58000000000001	119.03000000000009
470	9	1	85.185	87.47500000000004
470	10	1	22.98	11.364999999999998
470	11	1	95.75879396984925	37.944723618090464
470	12	1	156.25870646766157	61.129353233830884
470	13	1	82.01500000000001	127.85999999999997
470	14	1	80.95024875621894	41.606965174129314
470	15	1	155.0149999999999	104.35499999999999
470	16	1	8.359999999999998	133.99999999999994
470	17	1	24.25499999999999	94.83999999999997
470	18	1	84.03500000000001	171.80499999999995
470	19	1	7.129999999999999	174.02500000000006
470	20	1	192.445	39.37499999999998
470	21	1	29.424999999999997	28.979999999999983
470	22	1	146.19999999999985	3.724999999999997
470	23	1	147.84999999999982	191.15999999999997
470	24	1	103.13500000000008	9.995000000000006
470	25	1	197.615	138.72499999999988
470	26	1	17.85000000000001	113.50500000000004
470	27	1	197.115	53.00000000000001
470	28	1	114.20398009950249	175.87562189054725
470	29	1	99.25125628140704	179.44221105527643
470	30	1	16.735000000000003	192.32500000000007
470	31	1	182.5399999999999	51.46
470	32	1	54.33499999999997	67.34499999999998
470	33	1	181.29999999999995	164.99499999999998
470	34	1	196.405	27.210000000000004
470	35	1	93.29500000000003	191.81
470	36	1	136.81000000000003	140.42000000000002
470	37	1	65.51499999999999	48.71500000000002
470	38	1	199.965	12.000000000000002
470	39	1	101.52999999999994	22.660000000000007
470	40	1	109.92537313432835	191.88557213930335
470	41	1	4.0249999999999995	191.32999999999998
470	42	1	122.89000000000001	90.71499999999999
470	43	1	64.28500000000001	184.10999999999996
470	44	1	183.5949999999999	21.64000000000001
470	45	1	117.01999999999997	114.60999999999999
470	46	1	1.547263681592041	63.64676616915421
470	47	1	112.58999999999999	96.095
470	48	1	21.746268656716424	129.65174129353238
470	49	1	23.99499999999998	77.05499999999996
470	50	1	133.49253731343285	37.1641791044776
470	51	1	117.09000000000002	18.705
470	52	1	13.059999999999992	145.5949999999999
470	53	1	9.999999999999998	85.54999999999998
470	54	1	48.525	92.98499999999997
470	55	1	116.83	62.18000000000001
470	56	1	80.26500000000003	105.08500000000001
470	57	1	65.89447236180908	111.1105527638191
470	58	1	28.575000000000006	166.68999999999997
470	59	1	131.36999999999995	171.44499999999996
470	60	1	170.075	46.175
470	61	1	93.325	120.55999999999996
470	62	1	9.64	47.40500000000001
470	63	1	193.765	70.69000000000005
470	64	1	26.713567839195985	179.4522613065327
470	65	1	83.42499999999997	185.5899999999999
470	66	1	76.73999999999995	1.3800000000000003
470	67	1	130.9900497512438	12.91542288557214
470	68	1	125.50500000000002	182.70000000000002
470	69	1	123.99502487562187	29.079601990049756
470	70	1	33.90999999999998	86.61500000000005
470	71	1	60.904999999999994	91.21000000000004
470	72	1	172.4749999999999	109.84000000000005
470	73	1	152.92499999999993	152.89000000000004
470	74	1	0.5050000000000002	155.33999999999983
470	75	1	72.54000000000003	94.915
470	76	1	146.395	81.78000000000002
470	77	1	170.56000000000003	61.99999999999997
470	78	1	160.40201005025128	93.60804020100507
470	79	1	111.125	35.63999999999997
470	80	1	29.49	59.32000000000001
470	81	1	177.87500000000006	33.975000000000016
470	82	1	22.621890547263686	40.223880597014926
470	83	1	11.774999999999997	8.300000000000004
470	84	1	139.14500000000004	95.66000000000004
470	85	1	162.43500000000003	197.4649999999999
470	86	1	7.514999999999998	118.70999999999997
470	87	1	36.70500000000002	43.29000000000002
470	88	1	165.885	119.39999999999999
470	89	1	136.12000000000006	188.3299999999999
470	90	1	125.82999999999997	107.28499999999997
470	91	1	14.960000000000006	168.8649999999999
470	92	1	170.33499999999998	169.43499999999992
470	93	1	65.84079601990048	197.18905472636817
470	94	1	180.84999999999994	70.035
470	95	1	187.6069651741294	135.25870646766163
470	96	1	47.20895522388058	52.74129353233828
470	97	1	172.66999999999996	96.04
470	98	1	13.065000000000003	72.12500000000004
470	99	1	157.99999999999991	49.45499999999999
470	100	1	89.00999999999993	10.95
470	101	1	70.00499999999995	70.55000000000003
470	102	1	146.58999999999995	62.735000000000014
470	103	1	87.52000000000001	28.140000000000015
470	104	1	79.14000000000003	16.869999999999997
470	105	1	100.555	93.84499999999996
470	106	1	118.44499999999998	48.125
470	107	1	11.010000000000003	101.73499999999999
470	108	1	55.92537313432839	43.492537313432834
470	109	1	65.11500000000002	127.95999999999997
470	110	1	138.99999999999991	46.99999999999999
470	111	1	143.36999999999998	129.315
470	112	1	30.59	113.03000000000007
470	113	1	97.73999999999998	81.95499999999998
470	114	1	111.87500000000004	164.03000000000003
470	115	1	36.51	101.98000000000005
470	116	1	8.300000000000002	35.32500000000001
470	117	1	112.90999999999998	76.74000000000002
470	118	1	184.859296482412	148.74371859296483
470	119	1	66.60999999999999	80.13499999999999
470	120	1	17.889999999999993	57
480	1	1	95.00000000000001	103.69000000000004
480	2	1	153.12437810945264	139.62686567164175
480	3	1	103.95522388059703	113.93034825870649
480	4	1	97.97000000000003	165.00500000000008
480	5	1	148.24499999999995	172.07999999999993
480	6	1	14.01500000000001	22.965000000000007
480	7	1	196.685	118.14999999999999
480	8	1	76.84422110552765	118.9396984924623
480	9	1	85.21500000000005	87.57500000000003
480	10	1	22.944999999999997	11.234999999999992
480	11	1	95.70999999999998	37.744999999999976
480	12	1	156.2699999999999	61.124999999999986
480	13	1	82.08499999999995	127.73999999999992
480	14	1	80.72139303482588	42.169154228855724
480	15	1	154.80099502487556	104.65174129353231
480	16	1	8.370000000000003	134.04999999999998
480	17	1	24.34500000000001	94.80500000000002
480	18	1	84.2139303482587	171.61194029850734
480	19	1	6.944999999999998	173.97000000000003
480	20	1	192.23000000000002	39.29
480	21	1	29.445000000000004	29.230000000000008
480	22	1	145.82412060301502	3.351758793969847
480	23	1	147.77499999999998	190.85
480	24	1	102.45999999999997	9.820000000000007
480	25	1	197.58	138.67999999999998
480	26	1	17.825	113.495
480	27	1	197.425	53.14
480	28	1	114.27135678391957	175.7437185929647
480	29	1	99.70500000000004	179.58999999999997
480	30	1	17.610000000000007	193.11999999999998
480	31	1	182.6400000000001	51.535000000000004
480	32	1	54.89949748743718	66.84924623115579
480	33	1	181.55	164.91500000000016
480	34	1	196.07999999999998	27.43499999999999
480	35	1	93.00499999999998	191.975
480	36	1	136.72864321608037	140.08542713567854
480	37	1	65.55499999999998	48.73499999999998
480	38	1	0.20895522388059656	12.08955223880597
480	39	1	101.91457286432163	22.507537688442206
480	40	1	108.29999999999995	192.1100000000001
480	41	1	5.0746268656716405	191.24378109452735
480	42	1	122.955	90.82000000000002
480	43	1	64.715	182.83499999999998
480	44	1	183.46766169154233	21.990049751243774
480	45	1	116.77500000000006	114.47000000000001
480	46	1	1.499999999999998	63.584999999999944
480	47	1	112.52499999999999	96.08000000000006
480	48	1	21.764999999999997	129.79999999999998
480	49	1	23.980099502487555	76.94029850746267
480	50	1	133.69500000000005	37.19000000000003
480	51	1	117.05000000000003	18.33000000000001
480	52	1	13.030000000000003	145.53500000000003
480	53	1	10.079999999999998	85.295
480	54	1	48.55999999999997	92.89500000000002
480	55	1	117.48000000000002	61.01500000000001
480	56	1	80.34000000000002	104.815
480	57	1	66.28499999999997	111.04499999999999
480	58	1	28.236180904522598	166.47738693467332
480	59	1	131.27500000000003	171.38999999999996
480	60	1	170.42499999999984	46.44
480	61	1	93.72499999999994	121.23000000000003
480	62	1	8.565000000000005	47.229999999999976
480	63	1	193.935	70.86
480	64	1	26.210000000000004	179.41500000000002
480	65	1	83.53999999999998	185.51499999999993
480	66	1	76.61691542288557	1.4079601990049748
480	67	1	131.105	12.855000000000008
480	68	1	125.28000000000002	182.7200000000001
480	69	1	124.31500000000007	28.82999999999998
480	70	1	33.93500000000001	86.53500000000001
480	71	1	60.985	91.28499999999998
480	72	1	172.46999999999994	109.68999999999998
480	73	1	152.28	153.51999999999998
480	74	1	0.43499999999999855	155.43999999999997
480	75	1	72.51000000000002	94.79999999999994
480	76	1	146.55	81.93500000000002
480	77	1	170.50500000000005	62.234999999999985
480	78	1	160.08500000000004	93.78500000000003
480	79	1	111.12499999999996	35.26000000000002
480	80	1	30.210000000000008	59.69500000000001
480	81	1	176.63	34.474999999999994
480	82	1	22.487437185929643	40.34170854271358
480	83	1	11.744999999999996	8.484999999999998
480	84	1	139.17000000000002	95.74999999999994
480	85	1	162.22885572139302	196.97512437810946
480	86	1	7.580000000000002	118.75499999999998
480	87	1	36.43283582089553	43.60199004975125
480	88	1	165.85427135678387	119.48743718592962
480	89	1	136.72864321608034	187.15577889447243
480	90	1	125.76	107.24
480	91	1	14.975	168.4249999999999
480	92	1	170.6	169.65499999999994
480	93	1	66.55	196.205
480	94	1	181	69.97999999999996
480	95	1	187.1900000000001	135.09000000000015
480	96	1	46.81	52.615
480	97	1	172.4427860696517	96.09452736318408
480	98	1	13.320000000000007	71.68499999999996
480	99	1	157.9949748743718	49.54773869346735
480	100	1	89.08499999999997	11.115
480	101	1	69.97999999999999	70.54000000000003
480	102	1	146.67336683417082	62.74874371859297
480	103	1	87.82999999999996	28.19000000000001
480	104	1	78.96999999999998	16.914999999999978
480	105	1	100.33999999999999	93.76499999999996
480	106	1	118.33000000000004	47.52499999999999
480	107	1	11.034999999999998	101.59
480	108	1	55.839999999999975	43.75499999999997
480	109	1	65.05500000000004	127.73000000000005
480	110	1	139.0099999999999	47.05500000000001
480	111	1	143.23999999999984	129.8999999999999
480	112	1	30.310000000000006	113.08499999999994
480	113	1	98.08000000000003	81.93000000000004
480	114	1	111.66000000000004	164.09499999999994
480	115	1	36.57	102.025
480	116	1	8.899999999999999	35.235000000000014
480	117	1	112.69499999999994	76.59499999999998
480	118	1	185.09000000000003	148.45499999999996
480	119	1	66.52000000000004	80.10000000000002
480	120	1	18.160000000000004	56.89500000000002
490	1	1	95.15499999999994	103.74500000000005
490	2	1	154.19499999999996	140.29500000000002
490	3	1	103.60301507537689	114.24623115577891
490	4	1	97.865671641791	165.22885572139302
490	5	1	148.875	172.00500000000005
490	6	1	13.890000000000002	23.05000000000001
490	7	1	196.77	117.99499999999999
490	8	1	76.77000000000001	118.86999999999998
490	9	1	85.39999999999999	87.52499999999995
490	10	1	22.979999999999997	11.274999999999999
490	11	1	95.62999999999997	37.80000000000003
490	12	1	156.14427860696512	60.980099502487576
490	13	1	82.03000000000002	127.54999999999993
490	14	1	80.78999999999994	43.06
490	15	1	154.98499999999993	105.02999999999994
490	16	1	8.520000000000003	133.91000000000017
490	17	1	24.315000000000005	94.98500000000001
490	18	1	84.225	171.69000000000008
490	19	1	6.789999999999997	174.1550000000001
490	20	1	191.63636363636365	39.25757575757574
490	21	1	29.469999999999985	29.569999999999997
490	22	1	145.77499999999995	3.2200000000000006
490	23	1	147.69346733668337	190.65326633165824
490	24	1	101.655	9.330000000000002
490	25	1	197.525	138.33500000000004
490	26	1	17.88000000000001	113.36499999999998
490	27	1	197.34170854271358	53.005025125628116
490	28	1	114.06500000000001	175.77999999999997
490	29	1	99.78500000000004	179.73999999999998
490	30	1	18.38000000000001	193.85500000000005
490	31	1	182.735	51.67000000000001
490	32	1	54.98000000000001	66.86000000000003
490	33	1	181.78999999999996	164.85499999999996
490	34	1	195.96	27.455000000000002
490	35	1	92.6218905472637	192.02487562189066
490	36	1	136.95499999999996	139.96000000000006
490	37	1	65.62500000000003	49.00000000000001
490	38	1	0.35999999999999927	12.145
490	39	1	102.34499999999997	22.709999999999987
490	40	1	107.13930348258701	192.43781094527364
490	41	1	5.774999999999999	191.0649999999999
490	42	1	122.98499999999994	90.79499999999999
490	43	1	64.44278606965176	181.68159203980085
490	44	1	183.65500000000003	22.074999999999992
490	45	1	116.51000000000002	114.42499999999998
490	46	1	1.609999999999999	63.51000000000001
490	47	1	112.64500000000004	96.16500000000002
490	48	1	22.204999999999995	129.78999999999994
490	49	1	23.775	76.96000000000004
490	50	1	133.565	37.125
490	51	1	117.23000000000005	17.9
490	52	1	13.075	145.49
490	53	1	10.06	85.10000000000001
490	54	1	48.52000000000001	92.82499999999999
490	55	1	117.8706467661691	60.43781094527364
490	56	1	80.27500000000005	104.63499999999999
490	57	1	66.45500000000003	111.06500000000003
490	58	1	27.605000000000008	166.43500000000006
490	59	1	131.18499999999997	171.54499999999996
490	60	1	170.49000000000004	46.68500000000001
490	61	1	93.67499999999998	121.32999999999993
490	62	1	7.389999999999999	46.54
490	63	1	194.18	70.89
490	64	1	25.845	179.37999999999997
490	65	1	83.42211055276385	185.5326633165829
490	66	1	76.44000000000003	1.5899999999999987
490	67	1	130.96999999999997	13.080000000000007
490	68	1	124.96999999999997	182.72499999999997
490	69	1	124.26000000000003	29.259999999999987
490	70	1	33.65	86.50000000000003
490	71	1	61.00000000000002	91.28000000000002
490	72	1	172.40000000000015	109.77000000000002
490	73	1	152.20603015075378	153.05025125628134
490	74	1	0.5721393034825865	155.26368159203986
490	75	1	72.71499999999999	94.50499999999998
490	76	1	146.76	81.67999999999998
490	77	1	170.36999999999986	62.129999999999995
490	78	1	159.74499999999992	93.77500000000003
490	79	1	110.66000000000001	35.28499999999998
490	80	1	30.890547263681597	59.805970149253696
490	81	1	175.58499999999995	34.735000000000035
490	82	1	22.314999999999994	40.41500000000004
490	83	1	11.890000000000002	8.565000000000003
490	84	1	139.29850746268653	96.06467661691542
490	85	1	161.685	196.29999999999998
490	86	1	7.860696517412935	119.0597014925373
490	87	1	36.365000000000016	43.67
490	88	1	165.56783919597993	119.28643216080394
490	89	1	136.67499999999998	187.045
490	90	1	125.80000000000001	106.97999999999998
490	91	1	14.778894472361813	168.29648241206039
490	92	1	170.62499999999986	169.48999999999987
490	93	1	66.82000000000004	195.51
490	94	1	180.9900000000001	70.01000000000005
490	95	1	186.80099502487556	135.3582089552239
490	96	1	46.58706467661691	52.40298507462689
490	97	1	172.28499999999985	96.05500000000005
490	98	1	13.52238805970149	71.0597014925373
490	99	1	157.87500000000006	49.26999999999996
490	100	1	89.5124378109453	11.263681592039797
490	101	1	69.74000000000001	70.17499999999991
490	102	1	146.5699999999998	62.755
490	103	1	88.02000000000002	28.219999999999995
490	104	1	79.20499999999998	16.870000000000005
490	105	1	100.46500000000003	93.88500000000003
490	106	1	118.22	46.775
490	107	1	11.069651741293535	101.54726368159203
490	108	1	55.97999999999999	43.83000000000002
490	109	1	65.10499999999998	127.87500000000001
490	110	1	139.04000000000002	47.11500000000001
490	111	1	143.09499999999989	130.26000000000005
490	112	1	30.435000000000016	113.19500000000001
490	113	1	98.21499999999997	81.91999999999999
490	114	1	111.27	163.68499999999995
490	115	1	36.72499999999997	101.85500000000003
490	116	1	9.340000000000002	35.41500000000002
490	117	1	112.54500000000002	76.41999999999999
490	118	1	185.36815920398007	148.43283582089555
490	119	1	66.53	80.06999999999998
490	120	1	18.274999999999995	56.61000000000001
500	1	1	95.03500000000001	103.99
500	2	1	155.18	141.0600000000001
500	3	1	103.70646766169155	114.78109452736318
500	4	1	97.84499999999998	165.27000000000007
500	5	1	148.86999999999998	172.1600000000001
500	6	1	13.964999999999993	23.269999999999992
500	7	1	196.965	117.88
500	8	1	76.60301507537687	118.77889447236177
500	9	1	85.25000000000001	87.80000000000001
500	10	1	23.03500000000001	11.530000000000003
500	11	1	95.43500000000003	37.789999999999985
500	12	1	156.06000000000006	61.03499999999999
500	13	1	81.69500000000002	127.88999999999992
500	14	1	80.35500000000002	44.16000000000002
500	15	1	155.11500000000004	104.98999999999997
500	16	1	8.733668341708542	134.02010050251266
500	17	1	24.045000000000023	95.05499999999998
500	18	1	84.14500000000001	171.69499999999994
500	19	1	6.630000000000002	174.24999999999997
500	20	1	191.235	39.404999999999994
500	21	1	29.60999999999999	29.74000000000001
500	22	1	145.62000000000006	3.070000000000001
500	23	1	147.9699999999999	190.86000000000004
500	24	1	100.92499999999998	8.559999999999997
500	25	1	197.63681592039802	138.17412935323395
500	26	1	18.08	113.98500000000003
500	27	1	197.26	52.88
500	28	1	113.72000000000004	175.58000000000007
500	29	1	99.44500000000002	179.66000000000017
500	30	1	18.489999999999988	194.22999999999996
500	31	1	182.72	51.68999999999998
500	32	1	55.120000000000005	66.67000000000003
500	33	1	181.85000000000002	164.7049999999999
500	34	1	196.1	27.415000000000003
500	35	1	92.28500000000005	192.105
500	36	1	136.9999999999999	139.8400000000001
500	37	1	65.64499999999995	49.11499999999999
500	38	1	0.38999999999999935	12.220000000000004
500	39	1	102.65174129353233	22.766169154228844
500	40	1	106.77500000000005	192.26500000000007
500	41	1	5.989999999999999	190.76999999999998
500	42	1	122.85499999999993	90.92499999999998
500	43	1	64.00497512437812	180.94029850746267
500	44	1	183.90999999999994	21.98
500	45	1	116.40999999999994	114.20500000000003
500	46	1	1.6249999999999996	63.47999999999999
500	47	1	112.52499999999995	96.32500000000005
500	48	1	23.159203980099505	129.5820895522387
500	49	1	23.731343283582067	77.00497512437813
500	50	1	133.43000000000004	37.17
500	51	1	117.04477611940301	17.18905472636817
500	52	1	13.085000000000003	145.36500000000007
500	53	1	10.040000000000003	85.18000000000002
500	54	1	48.25000000000001	92.58500000000006
500	55	1	117.88499999999999	60.14
500	56	1	80.45500000000001	104.51999999999997
500	57	1	66.35323383084572	110.96517412935323
500	58	1	27.650000000000002	166.32499999999993
500	59	1	131.02010050251252	171.49748743718592
500	60	1	170.54999999999998	46.765000000000015
500	61	1	93.32000000000002	121.03000000000002
500	62	1	7.01	46.159999999999975
500	63	1	194.24	70.82
500	64	1	25.469999999999988	179.37999999999997
500	65	1	83.28999999999998	185.85500000000002
500	66	1	76.44999999999997	1.8200000000000012
500	67	1	130.8849999999999	13.259999999999994
500	68	1	124.62814070351763	182.63316582914564
500	69	1	123.96499999999999	29.244999999999994
500	70	1	33.525000000000006	86.57500000000006
500	71	1	60.82500000000002	91.10000000000001
500	72	1	172.135	109.78999999999996
500	73	1	150.69000000000008	152.625
500	74	1	0.4850000000000011	155.17499999999995
500	75	1	72.47500000000004	94.57999999999996
500	76	1	146.8699999999999	81.73500000000001
500	77	1	170.39499999999998	62.29500000000001
500	78	1	159.73999999999998	93.54499999999996
500	79	1	110.56499999999996	35.31000000000001
500	80	1	30.86500000000001	59.96500000000001
500	81	1	175.04999999999998	34.67499999999999
500	82	1	22.439999999999994	40.35500000000003
500	83	1	11.955000000000004	8.565000000000001
500	84	1	139.78109452736317	96.64676616915422
500	85	1	161.26865671641795	194.65174129353233
500	86	1	8.029999999999998	119.165
500	87	1	36.46500000000003	43.574999999999996
500	88	1	165.5449999999999	119.50499999999998
500	89	1	136.6599999999999	186.97500000000005
500	90	1	125.87499999999999	106.84000000000002
500	91	1	14.715000000000002	168.115
500	92	1	170.50999999999993	169.545
500	93	1	67.12999999999998	194.805
500	94	1	180.88999999999993	69.95000000000002
500	95	1	186.67164179104472	135.45273631840806
500	96	1	46.199999999999996	52.32
500	97	1	172.1400000000001	96.04499999999999
500	98	1	13.635	71.1
500	99	1	157.95999999999987	49.44000000000001
500	100	1	90.22999999999998	11.894999999999998
500	101	1	69.78999999999996	70.19999999999997
500	102	1	146.775	63.15500000000001
500	103	1	88.01999999999998	28.400000000000002
500	104	1	79.265	16.849999999999994
500	105	1	100.48000000000003	93.8
500	106	1	118.01492537313433	46.44776119402985
500	107	1	11.170854271356788	101.87939698492461
500	108	1	55.98500000000001	43.91999999999998
500	109	1	64.90452261306532	127.7286432160804
500	110	1	138.98999999999987	47.20000000000001
500	111	1	143.3199999999999	131.11500000000004
500	112	1	30.305000000000014	113.16
500	113	1	98.34999999999994	82.00999999999998
500	114	1	111.20100502512567	163.50251256281402
500	115	1	36.58291457286434	101.819095477387
500	116	1	9.629999999999995	35.82500000000003
500	117	1	112.29000000000002	76.26
500	118	1	185.5299999999998	148.46499999999992
500	119	1	66.44499999999998	79.985
500	120	1	18.201005025125628	56.618090452261306
510	1	1	95.07499999999997	104.20999999999995
510	2	1	155.65174129353238	142.1592039800995
510	3	1	103.54228855721395	115.32835820895522
510	4	1	98.315	165.50000000000006
510	5	1	148.5299999999999	172.52499999999998
510	6	1	13.985000000000001	23.365000000000002
510	7	1	196.9	118.27000000000002
510	8	1	76.73499999999996	118.43500000000002
510	9	1	85.09950248756229	87.75621890547264
510	10	1	23.16500000000001	11.574999999999994
510	11	1	95.62189054726372	37.5671641791045
510	12	1	156.075	60.99500000000001
510	13	1	81.45226130653266	127.93467336683419
510	14	1	80.08499999999997	44.974999999999994
510	15	1	155.20499999999998	104.52999999999997
510	16	1	8.771144278606965	133.74129353233837
510	17	1	23.910000000000007	95.21000000000001
510	18	1	84.11000000000003	171.6049999999999
510	19	1	6.714999999999998	174.03499999999997
510	20	1	190.7537688442211	39.62311557788942
510	21	1	29.57499999999999	29.594999999999988
510	22	1	145.79999999999998	2.824999999999998
510	23	1	148.43999999999997	191.20999999999998
510	24	1	100.69500000000005	8.264999999999997
510	25	1	197.615	138.19000000000008
510	26	1	19.089999999999993	114.82499999999999
510	27	1	197.28140703517587	52.96984924623117
510	28	1	113.70500000000001	175.4449999999999
510	29	1	99.07000000000002	179.5300000000001
510	30	1	18.728643216080403	194.58793969849256
510	31	1	182.70500000000007	51.77000000000001
510	32	1	55.475000000000016	65.87499999999999
510	33	1	182.07999999999996	164.75000000000003
510	34	1	196.395	27.385000000000005
510	35	1	92.33999999999997	192.21499999999992
510	36	1	137.25373134328356	139.66666666666677
510	37	1	66.26999999999998	48.625
510	38	1	0.3850000000000009	12.244999999999994
510	39	1	102.77499999999993	22.809999999999995
510	40	1	106.68000000000002	192.13499999999996
510	41	1	6.035	190.89499999999992
510	42	1	122.875	90.88000000000001
510	43	1	63.825000000000024	180.79499999999987
510	44	1	184.06499999999994	22.04500000000001
510	45	1	116.01990049751242	113.70646766169156
510	46	1	1.6815920398009947	63.507462686567166
510	47	1	112.445	96.10499999999995
510	48	1	23.781094527363177	129.56218905472642
510	49	1	23.788944723618098	76.8391959798995
510	50	1	133.22999999999988	36.870000000000005
510	51	1	116.93999999999998	17.19000000000002
510	52	1	13.215000000000002	145.20999999999992
510	53	1	10.610000000000001	85.43500000000004
510	54	1	48.31	92.23999999999997
510	55	1	117.88499999999993	60.185
510	56	1	80.23000000000003	104.37499999999999
510	57	1	66.16000000000001	111.06500000000001
510	58	1	27.660000000000007	166.4550000000001
510	59	1	130.90500000000006	171.06499999999994
510	60	1	170.18999999999988	46.38500000000001
510	61	1	92.97014925373132	121.01990049751248
510	62	1	6.840000000000001	46.024999999999984
510	63	1	194.265	70.99000000000005
510	64	1	25.36500000000002	179.60500000000002
510	65	1	83.08999999999996	186.16500000000008
510	66	1	76.86000000000004	1.8649999999999989
510	67	1	130.92000000000002	12.890000000000002
510	68	1	124.28855721393033	182.6417910447762
510	69	1	123.76499999999997	29.209999999999994
510	70	1	33.230000000000004	86.54000000000006
510	71	1	60.79499999999999	91.07
510	72	1	172.17999999999998	109.735
510	73	1	147.74499999999998	153.015
510	74	1	0.7999999999999983	154.75
510	75	1	72.465	94.44999999999997
510	76	1	146.67500000000007	81.28499999999997
510	77	1	170.5678391959799	62.24623115577891
510	78	1	160.245	93.42000000000006
510	79	1	110.335	35.61000000000001
510	80	1	31.265000000000004	60.16999999999997
510	81	1	175.1	34.449999999999996
510	82	1	22.38999999999999	40.23499999999997
510	83	1	11.994999999999997	8.725000000000001
510	84	1	140.49000000000004	97.02999999999994
510	85	1	161.94029850746264	193.28358208955223
510	86	1	8.184999999999997	118.86
510	87	1	35.96000000000003	43.85500000000001
510	88	1	165.58999999999997	119.39499999999998
510	89	1	136.64499999999995	186.52999999999986
510	90	1	125.87939698492461	106.70854271356787
510	91	1	14.785000000000002	168.29499999999996
510	92	1	170.49999999999994	169.69500000000008
510	93	1	67.40499999999999	194.235
510	94	1	180.86499999999995	69.72000000000003
510	95	1	186.54228855721388	135.5721393034826
510	96	1	46.03	52.095
510	97	1	172.405	96.08000000000001
510	98	1	13.660000000000007	70.89500000000001
510	99	1	158.00999999999985	49.58000000000001
510	100	1	90.35	12.034999999999998
510	101	1	69.65000000000003	70.05500000000004
510	102	1	146.73499999999999	63.04999999999999
510	103	1	87.91999999999999	28.485
510	104	1	79.32499999999997	16.91
510	105	1	100.43500000000003	93.88499999999999
510	106	1	118.17000000000004	46.480000000000004
510	107	1	11.17	102.33999999999997
510	108	1	55.83582089552238	43.980099502487555
510	109	1	64.93500000000002	128.10000000000005
510	110	1	138.85	47.169999999999995
510	111	1	143.965	131.99500000000015
510	112	1	30.354999999999993	112.73
510	113	1	98.57286432160798	82.16080402010047
510	114	1	110.7810945273632	162.8159203980099
510	115	1	36.8	101.62999999999998
510	116	1	9.550000000000002	36.02999999999998
510	117	1	112.30845771144281	76.0348258706468
510	118	1	185.88999999999996	149.0700000000001
510	119	1	66.47738693467332	79.86934673366832
510	120	1	18.360000000000003	56.54999999999998
520	1	1	95.06030150753772	104.29145728643219
520	2	1	156.01492537313436	143.82587064676608
520	3	1	103.09547738693465	116.26130653266331
520	4	1	98.61194029850748	165.52736318407966
520	5	1	148.3333333333333	172.6865671641791
520	6	1	13.990000000000002	23.430000000000025
520	7	1	197.125	118.36999999999999
520	8	1	76.71144278606964	117.94029850746263
520	9	1	84.75124378109457	87.51243781094523
520	10	1	23.432835820895512	11.865671641791044
520	11	1	95.33830845771149	37.402985074626855
520	12	1	156.09045226130655	60.97989949748747
520	13	1	81.21000000000004	128.2199999999999
520	14	1	79.31000000000004	45.880000000000024
520	15	1	155.27999999999994	104.50000000000001
520	16	1	8.73366834170854	133.65829145728642
520	17	1	23.69500000000001	95.31499999999993
520	18	1	84.455	171.75999999999996
520	19	1	6.784999999999999	174.0050000000001
520	20	1	190.91	39.515000000000015
520	21	1	29.524999999999984	29.494999999999983
520	22	1	146.035	2.8250000000000006
520	23	1	148.53499999999994	191.13000000000005
520	24	1	100.81000000000002	8.315
520	25	1	197.60999999999999	138.19500000000002
520	26	1	19.606965174129336	115.70149253731343
520	27	1	196.925	52.68000000000001
520	28	1	113.71144278606964	175.1343283582089
520	29	1	99.28499999999997	179.4349999999999
520	30	1	18.89000000000001	194.78999999999985
520	31	1	182.465	51.63000000000002
520	32	1	55.59701492537314	64.38308457711445
520	33	1	182.22999999999993	164.59499999999986
520	34	1	196.555	27.165000000000003
520	35	1	92.29648241206024	192.21608040201002
520	36	1	137.97000000000008	140.12500000000003
520	37	1	66.97499999999992	47.99499999999998
520	38	1	0.44999999999999957	11.989999999999997
520	39	1	102.90999999999998	22.815
520	40	1	106.56999999999994	191.97499999999985
520	41	1	6.223880597014927	190.8557213930348
520	42	1	122.95000000000003	90.96000000000004
520	43	1	63.84577114427863	180.8706467661692
520	44	1	183.93467336683418	22.175879396984925
520	45	1	115.13930348258707	113.10945273631839
520	46	1	1.8749999999999987	63.30999999999999
520	47	1	112.63316582914574	95.74874371859295
520	48	1	24.614999999999988	129.46000000000004
520	49	1	23.90500000000001	76.84499999999996
520	50	1	133.26999999999992	36.53000000000001
520	51	1	117.03000000000003	17.095
520	52	1	13.14	145.02
520	53	1	10.790000000000001	85.65999999999997
520	54	1	48.29000000000002	92.07000000000004
520	55	1	117.90452261306534	60.28643216080402
520	56	1	80.51758793969849	103.98492462311557
520	57	1	66.35820895522384	110.66666666666663
520	58	1	27.610000000000007	166.35000000000008
520	59	1	130.7950000000001	170.735
520	60	1	170.15499999999997	46.344999999999985
520	61	1	92.70149253731348	120.85074626865674
520	62	1	7.2663316582914605	46.497487437185946
520	63	1	194.32	70.83999999999999
520	64	1	25.17000000000001	179.72
520	65	1	82.8241206030151	186.45226130653262
520	66	1	76.97500000000007	1.845
520	67	1	131.34499999999997	12.320000000000002
520	68	1	124.09500000000003	182.49499999999995
520	69	1	123.68500000000002	29.445
520	70	1	33.21499999999999	86.60500000000002
520	71	1	60.640000000000015	91.105
520	72	1	172.04	109.76500000000001
520	73	1	144.51758793969847	153.0603015075376
520	74	1	0.6815920398009953	154.6368159203981
520	75	1	72.475	94.17499999999998
520	76	1	146.6450000000001	81.43000000000006
520	77	1	170.58208955223884	62.12935323383082
520	78	1	160.20000000000007	93.08499999999994
520	79	1	110.27638190954774	35.175879396984925
520	80	1	31.229999999999997	60.124999999999986
520	81	1	175.3	34.264999999999986
520	82	1	22.46766169154229	40.32835820895524
520	83	1	12.000000000000004	8.785000000000004
520	84	1	140.685	96.91000000000004
520	85	1	162.34500000000003	193.24
520	86	1	8.609999999999996	119.095
520	87	1	35.92500000000002	43.904999999999994
520	88	1	165.49000000000012	119.57499999999999
520	89	1	136.64500000000007	186.24999999999994
520	90	1	125.685	106.64000000000004
520	91	1	14.815	168.19
520	92	1	170.41999999999993	169.78
520	93	1	67.58999999999999	194.03
520	94	1	181.27999999999986	69.72500000000001
520	95	1	186.47999999999996	135.63500000000005
520	96	1	45.69651741293531	52.39800995024877
520	97	1	172.35499999999996	96.16499999999999
520	98	1	13.570000000000002	71.015
520	99	1	157.65500000000003	49.42
520	100	1	90.48499999999997	12.125000000000004
520	101	1	69.25000000000006	69.89999999999993
520	102	1	146.655	62.945000000000014
520	103	1	87.61999999999999	28.729999999999993
520	104	1	79.35499999999999	16.884999999999998
520	105	1	100.465	93.925
520	106	1	118.1	46.64500000000002
520	107	1	11.33	102.61000000000001
520	108	1	55.90000000000002	43.89500000000001
520	109	1	64.83	127.98500000000008
520	110	1	138.50999999999988	47.239999999999974
520	111	1	144.51999999999995	132.93500000000006
520	112	1	30.190000000000005	112.06000000000003
520	113	1	98.53499999999995	82.40999999999994
520	114	1	110.38805970149258	161.50248756218903
520	115	1	37.05999999999999	101.38499999999998
520	116	1	9.274999999999995	35.89499999999996
520	117	1	112.30653266331655	76.01507537688445
520	118	1	186.02500000000006	149.53999999999996
520	119	1	65.81	79.45999999999998
520	120	1	18.4	56.71999999999999
530	1	1	95.32	104.50000000000003
530	2	1	156.25999999999996	145.12499999999991
530	3	1	103.04	116.83500000000005
530	4	1	98.76999999999995	165.4599999999999
530	5	1	147.74	172.615
530	6	1	14.009950248756226	23.398009950248756
530	7	1	197.30348258706468	118.2835820895522
530	8	1	76.6716417910448	118.0298507462687
530	9	1	84.69000000000001	87.62000000000003
530	10	1	24.24500000000001	12.505000000000003
530	11	1	95.32000000000005	37.26
530	12	1	155.94500000000005	60.88999999999999
530	13	1	81.12999999999998	128.29
530	14	1	78.86567164179108	46.33333333333331
530	15	1	155.16500000000002	104.31
530	16	1	8.70646766169154	133.53731343283573
530	17	1	23.644999999999992	95.20000000000003
530	18	1	84.655	171.93499999999992
530	19	1	6.744999999999998	173.81999999999996
530	20	1	190.8507462686567	39.51741293532339
530	21	1	29.379999999999992	29.645
530	22	1	146.11	2.869999999999999
530	23	1	148.31499999999983	190.85500000000016
530	24	1	100.695	8.129999999999999
530	25	1	197.63	138.02999999999994
530	26	1	20.234999999999992	116.22999999999998
530	27	1	196.725	52.75000000000001
530	28	1	113.67661691542297	174.7810945273632
530	29	1	99.77500000000005	179.3599999999999
530	30	1	19.020000000000007	195.18500000000003
530	31	1	182.435	51.73999999999999
530	32	1	55.86567164179103	63.975124378109506
530	33	1	182.42499999999995	164.20999999999992
530	34	1	196.51	27.11000000000001
530	35	1	92.30000000000003	192.21999999999997
530	36	1	138.3950000000001	140.555
530	37	1	67.11500000000001	47.760000000000005
530	38	1	0.5649999999999984	11.919999999999998
530	39	1	102.7587939698492	22.758793969849247
530	40	1	106.71499999999995	191.88000000000002
530	41	1	6.512437810945274	190.86567164179098
530	42	1	123.17999999999995	90.42999999999999
530	43	1	63.95500000000003	181.21499999999995
530	44	1	183.83499999999992	22.299999999999994
530	45	1	114.39000000000001	112.74000000000002
530	46	1	1.8349999999999995	63.290000000000006
530	47	1	112.98000000000002	95.46500000000002
530	48	1	24.700000000000003	129.375
530	49	1	23.8	77.03000000000004
530	50	1	133.09500000000003	36.43500000000001
530	51	1	116.905	17.01499999999998
530	52	1	13.03	145.07000000000016
530	53	1	10.774999999999997	85.69000000000001
530	54	1	48.46999999999999	92.37500000000001
530	55	1	117.71499999999993	60.34000000000001
530	56	1	80.68500000000004	104.03000000000002
530	57	1	66.5326633165829	110.31658291457295
530	58	1	27.539999999999996	166.39500000000004
530	59	1	130.91500000000002	170.13
530	60	1	169.98499999999996	46.19000000000001
530	61	1	92.795	121.01499999999996
530	62	1	7.224999999999998	46.50499999999999
530	63	1	194.255	70.84
530	64	1	25.030000000000012	179.85
530	65	1	82.69000000000007	186.50500000000005
530	66	1	76.93500000000002	1.7599999999999998
530	67	1	131.44	11.864999999999995
530	68	1	124.00000000000004	182.49500000000012
530	69	1	123.7099999999999	29.204999999999995
530	70	1	33.299999999999976	86.77499999999999
530	71	1	60.550000000000004	91.05000000000001
530	72	1	171.82500000000002	109.60499999999995
530	73	1	142.4500000000001	153.5500000000001
530	74	1	0.6549999999999995	154.48500000000013
530	75	1	72.61	94.20500000000003
530	76	1	146.57999999999996	81.27999999999996
530	77	1	170.3349999999999	62.015
530	78	1	160.27499999999998	93.135
530	79	1	110.23499999999996	34.83000000000001
530	80	1	31.025000000000002	60.18000000000002
530	81	1	175.21499999999983	34.3
530	82	1	22.299999999999997	40.07500000000003
530	83	1	12.19597989949749	8.81909547738693
530	84	1	140.505	96.925
530	85	1	162.02985074626855	193.50248756218906
530	86	1	8.809999999999999	118.835
530	87	1	35.81499999999999	44.11
530	88	1	165.5350000000001	119.48000000000003
530	89	1	136.48000000000005	185.79999999999995
530	90	1	125.32999999999998	106.56999999999996
530	91	1	14.910000000000002	168.27500000000003
530	92	1	170.56500000000003	169.77499999999992
530	93	1	68.00500000000002	193.355
530	94	1	181.17000000000002	69.63499999999998
530	95	1	186.52736318407963	135.48756218905476
530	96	1	45.449999999999974	52.66500000000002
530	97	1	172.52500000000003	96.03499999999997
530	98	1	13.564999999999996	70.77500000000003
530	99	1	157.62500000000006	49.459999999999994
530	100	1	90.52500000000003	12.159999999999995
530	101	1	69.31000000000003	70.00000000000006
530	102	1	146.68500000000006	63.28999999999999
530	103	1	87.34000000000002	28.885000000000005
530	104	1	79.405	16.71000000000001
530	105	1	100.38	93.88500000000003
530	106	1	117.96499999999996	46.58000000000003
530	107	1	11.700000000000005	102.83500000000001
530	108	1	55.83999999999998	43.74499999999998
530	109	1	64.86567164179104	127.95024875621888
530	110	1	138.31999999999985	47.3
530	111	1	144.95999999999992	133.71500000000003
530	112	1	31.039800995024883	111.8955223880597
530	113	1	98.69346733668345	82.55276381909549
530	114	1	110.55778894472361	161.15075376884414
530	115	1	36.83084577114427	101.53731343283579
530	116	1	9.05	35.97
530	117	1	112.16000000000003	75.88500000000002
530	118	1	186.02512562814076	149.5376884422111
530	119	1	65.68500000000003	79.35000000000002
530	120	1	18.439999999999994	56.72500000000005
540	1	1	95.18500000000003	104.43499999999999
540	2	1	156.0199999999999	146.08500000000004
540	3	1	103.66	116.78500000000004
540	4	1	99.02000000000004	165.55
540	5	1	147.5699999999999	172.96
540	6	1	14.020000000000005	22.915000000000003
540	7	1	197.27	118.34999999999998
540	8	1	76.97000000000003	117.96500000000002
540	9	1	84.47499999999997	87.35000000000001
540	10	1	25.11000000000001	12.77000000000001
540	11	1	95.10499999999998	37.14999999999999
540	12	1	155.9900497512437	61.089552238805965
540	13	1	81.24875621890543	128.40796019900512
540	14	1	78.34500000000007	46.925
540	15	1	155.04499999999996	104.26000000000002
540	16	1	8.444999999999999	133.32000000000005
540	17	1	23.27	95.09999999999997
540	18	1	84.85999999999999	172.72
540	19	1	6.76	173.825
540	20	1	190.825	39.63499999999998
540	21	1	29.1	29.795000000000016
540	22	1	145.98499999999996	2.790000000000049
540	23	1	148.38499999999993	190.94
540	24	1	100.68999999999991	8.175
540	25	1	197.54	138.32499999999996
540	26	1	20.100000000000005	116.24999999999997
540	27	1	196.6	52.72999999999999
540	28	1	113.4129353233831	174.48756218905464
540	29	1	100.1758793969849	179.41708542713582
540	30	1	18.874999999999993	195.21499999999995
540	31	1	182.42	51.74500000000002
540	32	1	55.99499999999999	63.83000000000003
540	33	1	182.40201005025122	164.2412060301507
540	34	1	196.34	27.14500000000001
540	35	1	91.9452736318408	192.48756218905484
540	36	1	138.58999999999995	140.735
540	37	1	67.05000000000001	47.49
540	38	1	0.5749999999999998	12.020000000000003
540	39	1	103.53000000000003	23.19000000000002
540	40	1	106.58000000000003	191.94
540	41	1	6.34	190.94499999999996
540	42	1	123.1	89.99000000000001
540	43	1	63.6180904522613	181.7839195979901
540	44	1	183.935	22.375000000000007
540	45	1	114.18407960199008	112.00497512437809
540	46	1	1.9149999999999985	63.43999999999999
540	47	1	113.08499999999998	95.23999999999997
540	48	1	24.91457286432161	129.35678391959783
540	49	1	23.799999999999997	77.17
540	50	1	133.22613065326627	36.241206030150735
540	51	1	116.88000000000001	16.79500000000001
540	52	1	13.045	144.88000000000002
540	53	1	10.584999999999997	85.47
540	54	1	49.09499999999999	93.47500000000001
540	55	1	117.63499999999998	60.26500000000002
540	56	1	80.70646766169153	104.02487562189053
540	57	1	66.59999999999994	110.37500000000001
540	58	1	27.25	166.35499999999996
540	59	1	130.63681592039802	169.6119402985075
540	60	1	169.91044776119406	45.91044776119402
540	61	1	93.1094527363184	120.96517412935314
540	62	1	7.399999999999999	46.36000000000001
540	63	1	194.27	70.83999999999999
540	64	1	24.595000000000002	179.97499999999997
540	65	1	82.43499999999999	186.79999999999995
540	66	1	76.64499999999994	1.9349999999999976
540	67	1	131.5000000000001	11.854999999999999
540	68	1	123.84577114427861	182.23383084577108
540	69	1	123.74999999999999	29.285000000000004
540	70	1	33.43781094527363	86.96517412935323
540	71	1	60.39800995024876	90.75124378109452
540	72	1	171.9449999999999	109.445
540	73	1	141.25499999999994	154.26499999999993
540	74	1	0.6299999999999992	154.67999999999998
540	75	1	72.79000000000002	93.995
540	76	1	146.56999999999994	81.35000000000002
540	77	1	170.37313432835822	61.76616915422887
540	78	1	160.42211055276377	93.54271356783913
540	79	1	110.00500000000001	35.20999999999996
540	80	1	30.840000000000007	60.17999999999998
540	81	1	175.0349999999999	34.31500000000001
540	82	1	22.205000000000005	40.02999999999998
540	83	1	12.345	8.565000000000001
540	84	1	140.75124378109456	97.04975124378107
540	85	1	162.23999999999998	192.88500000000008
540	86	1	9.029999999999998	119.105
540	87	1	35.73999999999999	44.35499999999997
540	88	1	165.55999999999986	119.34499999999997
540	89	1	136.52736318407958	185.52238805970146
540	90	1	125.39195979899499	106.4170854271357
540	91	1	14.720000000000002	167.94999999999996
540	92	1	170.80000000000004	169.9149999999999
540	93	1	68.36	192.725
540	94	1	181.34999999999997	69.73000000000003
540	95	1	186.5299999999999	135.28500000000005
540	96	1	45.11500000000001	53.26499999999998
540	97	1	173.3100000000001	96.31000000000004
540	98	1	13.669999999999996	70.53
540	99	1	157.73999999999998	49.654999999999994
540	100	1	90.83084577114428	12.432835820895518
540	101	1	69.26500000000001	69.74499999999999
540	102	1	146.5799999999999	63.265
540	103	1	87.30499999999999	28.714999999999996
540	104	1	79.46	16.704999999999995
540	105	1	100.35000000000001	93.93999999999997
540	106	1	118.11999999999999	46.54500000000001
540	107	1	11.835	102.97999999999999
540	108	1	55.51999999999998	43.735
540	109	1	65.06000000000002	127.87999999999995
540	110	1	138.7500000000001	47.36
540	111	1	145.33000000000004	134.185
540	112	1	31.365000000000006	111.71500000000003
540	113	1	98.77114427860691	82.44278606965172
540	114	1	111.04950495049503	160.48514851485152
540	115	1	36.85000000000001	101.34500000000003
540	116	1	8.945000000000007	35.50499999999998
540	117	1	111.92500000000004	75.66000000000001
540	118	1	185.99999999999994	149.4800000000001
540	119	1	65.27000000000002	79.15000000000005
540	120	1	18.209999999999997	56.52499999999998
550	1	1	95.21499999999995	104.60999999999996
550	2	1	155.46000000000006	146.745
550	3	1	104.59500000000001	117.21999999999997
550	4	1	99.12500000000004	165.61
550	5	1	147.36499999999992	172.855
550	6	1	14.000000000000009	22.74
550	7	1	197.305	118.27499999999995
550	8	1	77.03999999999996	118.35499999999998
550	9	1	84.63316582914571	87.60804020100504
550	10	1	25.889999999999993	12.700000000000001
550	11	1	95.43999999999998	36.87000000000001
550	12	1	155.9499999999999	61.05000000000001
550	13	1	81.12	129.07
550	14	1	77.58000000000001	47.45999999999998
550	15	1	154.99499999999998	104.17999999999998
550	16	1	8.525	133.25499999999997
550	17	1	22.985000000000003	94.81999999999996
550	18	1	85.09499999999997	173.17499999999995
550	19	1	6.910000000000002	173.74499999999995
550	20	1	190.86	39.755
550	21	1	29.054999999999996	29.58999999999999
550	22	1	146.0746268656716	2.8358208955223887
550	23	1	148.51000000000013	191.27
550	24	1	100.67500000000003	8.13
550	25	1	197.54228855721394	138.30348258706462
550	26	1	20.389999999999993	116.42000000000004
550	27	1	196.6	52.65999999999997
550	28	1	113.36500000000002	174.42499999999998
550	29	1	100.48241206030147	179.47738693467332
550	30	1	18.915	195.585
550	31	1	182.35500000000005	52.02000000000002
550	32	1	55.89499999999998	64.01999999999998
550	33	1	182.47499999999997	163.99500000000006
550	34	1	196.425	27.11500000000001
550	35	1	91.52000000000001	192.86999999999998
550	36	1	138.46499999999997	140.42499999999995
550	37	1	66.64000000000001	47.56500000000002
550	38	1	0.8059701492537309	11.810945273631845
550	39	1	103.86000000000001	23.219999999999985
550	40	1	106.45	191.77499999999998
550	41	1	6.610000000000001	190.695
550	42	1	123.255	89.24999999999994
550	43	1	62.885572139303484	182.09452736318414
550	44	1	184.30499999999995	22.260000000000012
550	45	1	113.50000000000001	111.44999999999997
550	46	1	2.125000000000004	63.344999999999985
550	47	1	113.33500000000004	95.16500000000002
550	48	1	25.234999999999996	129.18000000000004
550	49	1	23.8	77.17000000000003
550	50	1	133.02999999999997	36.04999999999998
550	51	1	116.92499999999997	16.68499999999999
550	52	1	13.055000000000003	144.79499999999993
550	53	1	10.375000000000005	85.38000000000004
550	54	1	49.595	93.95499999999996
550	55	1	117.72636815920396	60.12935323383083
550	56	1	80.90500000000002	104.19999999999996
550	57	1	66.89999999999999	110.37500000000001
550	58	1	27.18500000000001	166.39000000000007
550	59	1	130.4950000000001	169.5149999999999
550	60	1	169.77500000000006	45.83999999999999
550	61	1	93.48756218905476	120.86567164179104
550	62	1	7.474999999999998	46.32500000000002
550	63	1	194.295	70.725
550	64	1	24.693467336683412	179.99497487437188
550	65	1	82.48499999999999	186.58499999999995
550	66	1	76.28855721393037	1.7810945273631829
550	67	1	131.60499999999993	11.689999999999996
550	68	1	123.83000000000003	182.33500000000006
550	69	1	123.57711442786072	29.437810945273636
550	70	1	33.60499999999999	87.24499999999998
550	71	1	60.27500000000003	90.85000000000001
550	72	1	171.76381909547746	109.16582914572861
550	73	1	140.71000000000004	154.38500000000013
550	74	1	0.7699999999999998	154.70499999999998
550	75	1	72.9054726368159	93.95024875621893
550	76	1	146.6318407960199	81.66666666666669
550	77	1	170.21000000000004	61.59500000000002
550	78	1	160.465	93.58500000000004
550	79	1	109.77889447236181	35.73366834170855
550	80	1	30.805000000000003	60.099999999999994
550	81	1	175.38499999999996	34.54
550	82	1	22.255000000000006	40.02
550	83	1	12.450000000000001	8.470000000000002
550	84	1	140.6368159203979	97.05970149253731
550	85	1	162.84079601990058	191.88059701492537
550	86	1	8.915	119.05000000000005
550	87	1	35.7	44.11499999999998
550	88	1	165.4999999999999	119.24000000000001
550	89	1	136.5550000000001	185.37999999999997
550	90	1	125.10500000000006	106.335
550	91	1	14.744999999999997	167.85000000000002
550	92	1	170.80500000000006	169.60500000000002
550	93	1	68.16915422885572	192.83084577114428
550	94	1	181.32000000000008	69.75000000000004
550	95	1	186.55500000000006	135.32999999999998
550	96	1	44.73134328358209	53.875621890547265
550	97	1	173.74371859296494	96.22613065326631
550	98	1	13.66	70.55499999999998
550	99	1	157.63499999999996	49.66999999999999
550	100	1	90.88999999999999	12.645
550	101	1	69.25500000000001	69.80000000000001
550	102	1	146.7587939698492	63.51758793969851
550	103	1	87.30348258706468	28.701492537313428
550	104	1	79.46766169154232	16.412935323383078
550	105	1	100.33333333333326	94.0049751243781
550	106	1	117.94499999999996	46.580000000000034
550	107	1	12.224999999999998	103.38500000000002
550	108	1	55.19095477386935	43.974874371859286
550	109	1	65.53499999999995	127.99499999999999
550	110	1	138.51499999999996	47.54500000000004
550	111	1	145.54726368159209	134.24378109452744
550	112	1	31.565000000000005	111.80999999999996
550	113	1	98.87499999999996	82.31499999999994
550	114	1	111.76499999999996	160.40999999999997
550	115	1	37.04000000000003	101.11000000000001
550	116	1	9.065000000000001	35.49499999999998
550	117	1	112.14000000000004	76.01000000000002
550	118	1	186.01500000000001	149.39000000000001
550	119	1	65.33	79.24000000000002
550	120	1	18.309999999999988	56.42500000000001
560	1	1	95.71999999999997	104.82500000000003
560	2	1	155.0995024875622	147.64179104477623
560	3	1	105.16000000000004	118.01500000000001
560	4	1	99.62500000000001	165.86
560	5	1	146.96499999999995	172.63
560	6	1	13.949999999999989	22.865000000000002
560	7	1	197.37	118.28000000000003
560	8	1	77.4328358208955	118.10447761194033
560	9	1	84.58000000000001	87.87000000000009
560	10	1	26.44499999999999	12.730000000000004
560	11	1	95.57499999999997	36.46499999999999
560	12	1	155.87499999999986	60.89000000000001
560	13	1	80.82500000000002	129.46999999999983
560	14	1	77.31	47.59000000000001
560	15	1	154.85499999999996	104.02999999999993
560	16	1	8.584999999999997	133.22000000000008
560	17	1	22.844999999999985	94.92500000000003
560	18	1	85.33999999999997	173.46000000000004
560	19	1	7.025125628140706	173.75879396984928
560	20	1	190.92000000000002	39.70000000000001
560	21	1	29.12500000000001	29.280000000000005
560	22	1	145.60499999999985	2.5600000000000023
560	23	1	148.6449999999999	191.06000000000012
560	24	1	100.88059701492541	8.24875621890547
560	25	1	197.6	138.35000000000005
560	26	1	20.527638190954768	116.33668341708545
560	27	1	196.46	52.569999999999986
560	28	1	113.55276381909549	174.53266331658287
560	29	1	100.19402985074625	179.17412935323392
560	30	1	18.945000000000007	196.34000000000003
560	31	1	182.31000000000006	52.05499999999999
560	32	1	55.94527363184081	63.82587064676612
560	33	1	182.60999999999993	163.84000000000006
560	34	1	196.52	27.155000000000015
560	35	1	91.31500000000004	193.0800000000001
560	36	1	138.6517412935322	140.56218905472645
560	37	1	66.69499999999994	47.435
560	38	1	0.9350000000000008	11.570000000000002
560	39	1	104.42786069651739	23.40796019900497
560	40	1	106.09999999999997	191.8050000000001
560	41	1	7.303482587064674	190.36318407960192
560	42	1	123.15999999999998	88.77999999999999
560	43	1	62.169999999999995	182.12499999999997
560	44	1	184.63499999999988	22.079999999999995
560	45	1	112.96500000000002	110.96999999999998
560	46	1	2.3699999999999988	63.26999999999996
560	47	1	113.25125628140707	94.97487437185933
560	48	1	25.270000000000007	129.21500000000003
560	49	1	23.864999999999984	77.17500000000007
560	50	1	132.8994974874372	36.06532663316582
560	51	1	116.9095477386935	16.87437185929647
560	52	1	13.000000000000002	144.7300000000001
560	53	1	10.344999999999999	85.21500000000003
560	54	1	49.54	93.86
560	55	1	117.7412935323383	60.18407960199006
560	56	1	81.26499999999999	104.27499999999999
560	57	1	67.08500000000001	110.00999999999998
560	58	1	26.945000000000007	166.23999999999987
560	59	1	130.29499999999993	169.83999999999995
560	60	1	169.78500000000003	45.77
560	61	1	94.03482587064677	121.01990049751242
560	62	1	7.755	46.46499999999996
560	63	1	194.38	70.59000000000002
560	64	1	24.555000000000003	180.0550000000001
560	65	1	82.39303482587064	186.70149253731338
560	66	1	76.13000000000001	1.8749999999999984
560	67	1	131.56999999999982	11.75
560	68	1	123.62999999999997	182.66000000000005
560	69	1	123.45273631840797	29.512437810945254
560	70	1	33.37500000000003	87.17499999999995
560	71	1	60.269999999999996	90.86000000000004
560	72	1	171.855	109.15500000000002
560	73	1	140.22500000000002	154.87500000000003
560	74	1	0.835	154.65000000000003
560	75	1	72.89999999999998	94.01499999999996
560	76	1	146.65000000000015	81.93
560	77	1	170.29999999999998	61.60499999999998
560	78	1	160.36683417085422	93.57788944723617
560	79	1	109.09500000000008	36.720000000000006
560	80	1	30.929999999999996	59.85999999999999
560	81	1	175.57499999999993	34.489999999999995
560	82	1	22.635	39.75000000000001
560	83	1	12.276381909547743	8.683417085427134
560	84	1	140.23999999999998	96.90499999999997
560	85	1	163.15000000000006	191.405
560	86	1	8.944999999999999	118.96000000000002
560	87	1	35.71	44.200000000000024
560	88	1	165.2950000000001	119.05499999999998
560	89	1	136.76500000000004	185.50500000000014
560	90	1	125.00500000000004	106.13
560	91	1	14.719999999999999	167.59500000000008
560	92	1	171.09045226130647	168.56783919597996
560	93	1	67.99004975124377	192.90547263681592
560	94	1	181.42211055276374	69.67336683417086
560	95	1	186.60499999999993	135.09500000000006
560	96	1	44.84499999999999	54.894999999999996
560	97	1	173.70499999999996	96.22999999999999
560	98	1	13.920398009950246	70.39800995024875
560	99	1	157.69500000000002	49.745000000000026
560	100	1	90.83000000000006	12.465000000000002
560	101	1	69.37810945273635	69.83084577114428
560	102	1	147.07960199004975	63.86069651741294
560	103	1	87.56499999999996	28.755000000000006
560	104	1	79.64000000000001	16.645
560	105	1	100.19500000000005	93.825
560	106	1	118.03999999999995	46.504999999999995
560	107	1	12.084999999999997	103.66999999999999
560	108	1	54.42500000000002	44.425000000000026
560	109	1	65.575	127.62499999999996
560	110	1	138.6599999999999	47.430000000000014
560	111	1	145.61809045226124	134.53266331658298
560	112	1	31.442211055276374	111.6281407035175
560	113	1	98.78500000000004	82.07
560	114	1	112.15999999999994	160.09
560	115	1	37.14000000000001	100.85999999999999
560	116	1	9.219999999999999	35.62499999999998
560	117	1	112.33333333333333	75.93034825870647
560	118	1	185.87500000000006	149.18000000000004
560	119	1	65.32500000000002	79.24500000000006
560	120	1	18.545000000000012	56.27
570	1	1	95.95000000000002	104.82
570	2	1	154.54999999999993	148.4849999999999
570	3	1	105.49253731343292	118.79601990049746
570	4	1	99.95477386934678	165.97487437185927
570	5	1	146.44000000000014	172.16500000000005
570	6	1	13.835000000000004	22.72499999999999
570	7	1	197.415	118.18499999999993
570	8	1	77.67336683417084	118.62814070351754
570	9	1	84.35500000000003	87.97499999999994
570	10	1	26.585	12.770000000000008
570	11	1	95.54500000000003	36.37000000000001
570	12	1	155.76500000000001	60.815000000000005
570	13	1	81.08000000000003	129.97000000000008
570	14	1	77.48999999999995	47.510000000000005
570	15	1	154.65499999999997	103.82499999999996
570	16	1	8.454999999999997	133.13
570	17	1	22.83000000000001	94.89
570	18	1	85.41000000000001	173.7800000000001
570	19	1	7.160000000000003	174.14000000000004
570	20	1	191.065	39.86000000000001
570	21	1	29.795000000000005	29.275000000000002
570	22	1	145.54499999999993	2.349999999999999
570	23	1	148.60000000000008	190.8750000000001
570	24	1	100.82999999999997	8.280000000000003
570	25	1	197.48	138.48000000000005
570	26	1	20.634999999999994	116.25000000000006
570	27	1	196.31	52.63999999999996
570	28	1	113.68500000000003	174.5949999999999
570	29	1	99.805	178.765
570	30	1	19.145000000000007	196.9600000000001
570	31	1	182.2189054726369	52.16915422885571
570	32	1	55.65500000000001	63.465
570	33	1	182.3399999999999	163.41999999999993
570	34	1	196.61194029850748	27.27860696517414
570	35	1	91.34825870646763	193.11442786069648
570	36	1	138.51256281407018	140.51256281407035
570	37	1	66.73499999999996	47.37999999999998
570	38	1	0.7164179104477608	11.50746268656716
570	39	1	104.47500000000004	23.589999999999996
570	40	1	105.95979899497489	191.8291457286431
570	41	1	7.944723618090451	190.27135678391957
570	42	1	123.64000000000004	88.46999999999998
570	43	1	61.02985074626867	181.60696517412924
570	44	1	184.48999999999995	22.159999999999997
570	45	1	112.55999999999999	110.82500000000003
570	46	1	2.544999999999999	63.30999999999999
570	47	1	113.27999999999996	94.86999999999999
570	48	1	25.300000000000004	129.17499999999993
570	49	1	24.405000000000012	76.97500000000002
570	50	1	132.61499999999998	35.9
570	51	1	117.26000000000003	17.270000000000007
570	52	1	12.999999999999998	144.64000000000001
570	53	1	10.754999999999999	84.83499999999997
570	54	1	49.74499999999999	93.99500000000002
570	55	1	117.74	60.31000000000002
570	56	1	81.24500000000003	104.70500000000001
570	57	1	67.41584158415834	110.26732673267333
570	58	1	26.174129353233855	165.71641791044766
570	59	1	129.76119402985077	170.0895522388059
570	60	1	169.66500000000008	45.62499999999999
570	61	1	94.06499999999996	120.95999999999997
570	62	1	7.924999999999997	46.60000000000004
570	63	1	194.405	70.5
570	64	1	24.590000000000003	179.76500000000007
570	65	1	82.26500000000003	186.92000000000013
570	66	1	76.13499999999996	2.0449999999999995
570	67	1	131.50499999999994	11.974999999999985
570	68	1	123.15999999999998	183.1049999999999
570	69	1	123.265	29.575000000000006
570	70	1	33.46733668341707	86.99497487437186
570	71	1	60.21000000000001	90.61000000000004
570	72	1	171.71999999999997	108.98
570	73	1	140.105527638191	155.43216080402016
570	74	1	0.8950000000000001	154.56999999999982
570	75	1	73.18407960199004	94.12437810945275
570	76	1	146.2835820895523	81.77611940298499
570	77	1	170.23	61.55
570	78	1	160.2100000000001	93.415
570	79	1	108.92537313432838	37.37810945273633
570	80	1	30.815	59.61499999999997
570	81	1	175.96999999999994	34.525
570	82	1	22.60500000000001	39.19999999999999
570	83	1	12.244999999999996	8.745000000000001
570	84	1	140.18499999999995	97.01499999999999
570	85	1	163.16499999999996	191.5000000000001
570	86	1	8.999999999999993	119.11442786069654
570	87	1	35.48499999999999	44.269999999999996
570	88	1	165.37500000000006	118.81499999999998
570	89	1	136.905	185.23499999999999
570	90	1	124.49500000000002	106.22500000000005
570	91	1	14.544999999999995	167.37999999999994
570	92	1	171.5049999999999	167.77999999999994
570	93	1	68.04975124378109	192.67164179104478
570	94	1	181.30499999999995	69.68999999999998
570	95	1	186.58000000000007	135.14500000000004
570	96	1	44.75124378109455	55.19402985074625
570	97	1	173.79500000000002	96.17000000000002
570	98	1	14.09	70.34999999999998
570	99	1	157.62999999999994	49.734999999999985
570	100	1	90.79999999999998	12.330000000000005
570	101	1	69.21999999999996	69.83500000000004
570	102	1	147	63.92000000000001
570	103	1	87.695	28.634999999999994
570	104	1	79.59999999999998	16.760000000000005
570	105	1	99.92000000000003	93.88500000000002
570	106	1	117.74999999999999	46.55999999999999
570	107	1	11.964999999999998	103.77499999999999
570	108	1	54.36999999999998	44.8
570	109	1	65.55721393034824	127.30845771144273
570	110	1	138.55999999999992	47.31000000000001
570	111	1	145.72500000000002	134.70500000000004
570	112	1	31.455	111.57499999999999
570	113	1	98.82000000000008	82.21000000000001
570	114	1	111.93499999999999	159.57999999999996
570	115	1	37.105000000000025	100.58999999999997
570	116	1	9.554999999999989	35.47499999999999
570	117	1	112.42288557213932	76.32835820895524
570	118	1	185.93	149.39499999999998
570	119	1	65.44500000000001	79.375
570	120	1	18.79	56.14500000000001
580	1	1	96.15000000000009	104.90499999999997
580	2	1	154.22499999999997	149.765
580	3	1	105.52238805970148	119.59203980099504
580	4	1	100.01499999999999	166.12
580	5	1	146.12437810945266	171.587064676617
580	6	1	13.760000000000005	22.73500000000002
580	7	1	197.3	118.40000000000002
580	8	1	77.99	118.97499999999994
580	9	1	84.2189054726368	87.90049751243781
580	10	1	26.824999999999996	13.485
580	11	1	95.88000000000002	36.444999999999986
580	12	1	155.84924623115577	60.90954773869345
580	13	1	81.62189054726366	130.452736318408
580	14	1	77.68500000000006	47.470000000000006
580	15	1	154.70000000000005	103.66499999999996
580	16	1	8.394999999999998	133.17000000000002
580	17	1	22.860000000000003	95.00500000000002
580	18	1	85.515	173.97500000000008
580	19	1	7.025000000000002	174.14999999999995
580	20	1	190.905	39.785
580	21	1	29.91	29.215000000000007
580	22	1	145.28	2.1149999999999807
580	23	1	148.56499999999997	190.86999999999995
580	24	1	100.82499999999996	8.229999999999999
580	25	1	197.665	138.70499999999998
580	26	1	20.575	116.07999999999998
580	27	1	196.16	52.529999999999994
580	28	1	113.93500000000007	174.55000000000004
580	29	1	99.86499999999998	178.68500000000003
580	30	1	19.115	197.94499999999996
580	31	1	182.2512562814071	52.35175879396983
580	32	1	55.24499999999999	63.58500000000003
580	33	1	182.0099502487562	162.97512437810934
580	34	1	196.74	27.349999999999987
580	35	1	91.457711442786	192.8805970149254
580	36	1	138.89447236180905	140.75376884422113
580	37	1	66.6716417910448	47.67661691542289
580	38	1	0.6149999999999997	11.465
580	39	1	104.41791044776122	23.417910447761198
580	40	1	106.07	191.7450000000001
580	41	1	8.29	189.96500000000003
580	42	1	124.22388059701495	88.16915422885576
580	43	1	59.66666666666668	180.85074626865674
580	44	1	184.60500000000005	22.124999999999993
580	45	1	111.8241206030151	110.44221105527639
580	46	1	2.4299999999999993	63.059999999999974
580	47	1	113.385	94.415
580	48	1	25.18999999999999	129.125
580	49	1	24.38	76.94500000000004
580	50	1	132.70499999999998	35.89
580	51	1	117.39500000000001	17.555
580	52	1	12.950000000000001	144.67000000000007
580	53	1	10.77	84.84499999999998
580	54	1	49.78109452736317	93.74129353233832
580	55	1	117.74499999999999	60.37499999999999
580	56	1	81.23499999999997	104.64000000000006
580	57	1	67.8756218905473	110.39303482587063
580	58	1	25.66500000000001	165.26499999999996
580	59	1	129.39499999999998	170.2549999999999
580	60	1	169.64499999999995	45.585000000000036
580	61	1	94.145	120.98500000000003
580	62	1	7.800995024875624	46.6766169154229
580	63	1	194.50251256281408	70.59296482412056
580	64	1	24.319999999999997	179.59999999999997
580	65	1	81.905	186.90500000000011
580	66	1	75.97999999999999	1.8549999999999993
580	67	1	131.7064676616916	12.407960199004977
580	68	1	123.10499999999992	183.16499999999996
580	69	1	123.31500000000001	29.734999999999992
580	70	1	33.43	87.015
580	71	1	59.94000000000003	90.26500000000013
580	72	1	171.43999999999983	108.74500000000003
580	73	1	139.98499999999996	155.43000000000012
580	74	1	0.7399999999999994	155.06500000000005
580	75	1	73.09452736318407	94.18905472636816
580	76	1	146.21500000000006	81.65500000000002
580	77	1	170.25999999999996	61.43
580	78	1	160.11000000000004	93.12999999999998
580	79	1	109.03500000000001	37.34000000000002
580	80	1	30.860000000000014	59.54499999999999
580	81	1	175.91999999999993	34.50999999999999
580	82	1	22.740000000000013	39.22499999999997
580	83	1	12.004999999999994	8.585
580	84	1	139.96517412935324	96.92039800995025
580	85	1	163.05	191.805
580	86	1	8.940298507462684	119.02487562189054
580	87	1	35.616915422885604	44.2189054726368
580	88	1	165.305	118.71000000000006
580	89	1	137.04500000000007	184.78999999999994
580	90	1	123.92039800995022	106.3830845771144
580	91	1	14.609999999999996	167.30000000000007
580	92	1	171.5	167.72999999999993
580	93	1	67.85000000000001	192.4
580	94	1	181.31999999999994	69.68499999999997
580	95	1	186.77386934673368	135.2261306532664
580	96	1	44.93500000000001	55.17999999999997
580	97	1	173.995	96.21500000000005
580	98	1	13.924999999999997	70.42
580	99	1	157.55000000000007	49.734999999999985
580	100	1	90.68	12.035000000000004
580	101	1	69.045	69.95499999999997
580	102	1	146.94000000000003	63.980000000000025
580	103	1	87.565	29.13500000000001
580	104	1	80.20499999999997	16.545000000000005
580	105	1	99.72000000000004	94.045
580	106	1	117.77999999999999	46.455000000000005
580	107	1	11.805000000000007	103.885
580	108	1	54.39999999999999	45.015000000000015
580	109	1	65.22999999999999	126.26499999999999
580	110	1	138.47000000000003	47.55500000000001
580	111	1	145.69	134.74499999999998
580	112	1	31.467661691542283	111.7860696517413
580	113	1	98.64500000000001	82.16000000000001
580	114	1	111.48	158.925
580	115	1	37.23383084577114	100.59203980099498
580	116	1	9.706467661691546	35.57213930348258
580	117	1	112.52500000000002	76.61500000000004
580	118	1	185.7611940298508	149.18905472636817
580	119	1	65.50499999999997	79.53
580	120	1	18.85	56.19999999999999
590	1	1	95.77889447236183	104.98994974874368
590	2	1	153.925	150.49000000000012
590	3	1	105.55000000000003	119.95500000000003
590	4	1	100.16000000000003	166.09999999999997
590	5	1	145.465	171.01499999999993
590	6	1	13.880000000000004	22.709999999999994
590	7	1	197.44	118.52499999999999
590	8	1	78.03482587064677	119.4676616915423
590	9	1	84.31500000000004	88.22499999999995
590	10	1	26.791044776119403	13.641791044776118
590	11	1	96.04500000000004	36.47000000000002
590	12	1	156.045	61.07
590	13	1	81.67999999999998	130.8549999999999
590	14	1	77.59999999999997	47.64499999999997
590	15	1	154.7100000000001	103.45000000000003
590	16	1	8.764999999999999	133.3750000000001
590	17	1	22.799999999999994	94.89499999999998
590	18	1	84.94000000000005	174.14000000000001
590	19	1	6.9849999999999985	174.31500000000008
590	20	1	191.01000000000002	39.849999999999994
590	21	1	30.11500000000001	28.615000000000013
590	22	1	145.385	1.8850000000000002
590	23	1	148.52499999999995	190.76000000000005
590	24	1	100.82000000000006	8.159999999999998
590	25	1	197.79	138.82500000000002
590	26	1	20.620000000000005	115.73499999999999
590	27	1	196.24	52.62500000000001
590	28	1	113.91000000000001	174.60999999999996
590	29	1	99.68	178.63000000000014
590	30	1	19.134999999999998	198.34000000000006
590	31	1	182.22000000000014	52.31999999999998
590	32	1	54.884999999999984	63.860000000000035
590	33	1	181.9601990049752	162.11442786069654
590	34	1	196.505	27.504999999999992
590	35	1	91.77114427860697	192.67164179104483
590	36	1	138.96	140.87500000000009
590	37	1	66.78391959798996	47.643216080402006
590	38	1	0.5399999999999997	11.41999999999999
590	39	1	104.39500000000008	23.555000000000017
590	40	1	106.01	191.77000000000004
590	41	1	8.320000000000002	190.0399999999999
590	42	1	124.70500000000001	87.91999999999999
590	43	1	58.68000000000001	180.485
590	44	1	184.88499999999993	22.01499999999999
590	45	1	111.21500000000003	110.37500000000004
590	46	1	2.689999999999999	63.31999999999999
590	47	1	113.44499999999992	94.59999999999998
590	48	1	25.060000000000006	128.93499999999997
590	49	1	24.435000000000002	76.85500000000006
590	50	1	132.18905472636817	36.11442786069649
590	51	1	117.31500000000004	17.604999999999993
590	52	1	13.064999999999994	144.60999999999999
590	53	1	10.84499999999999	85.00500000000001
590	54	1	49.94974874371856	93.81909547738694
590	55	1	117.84000000000003	60.52000000000001
590	56	1	81.02000000000001	104.71
590	57	1	67.98500000000004	110.36000000000004
590	58	1	25.577114427860693	165.10945273631842
590	59	1	129.14999999999995	170.005
590	60	1	169.5849999999999	45.455000000000005
590	61	1	94.14	120.99999999999999
590	62	1	7.570000000000003	46.61000000000001
590	63	1	194.57	70.60500000000005
590	64	1	24.32499999999999	179.54500000000016
590	65	1	81.83500000000004	186.76000000000008
590	66	1	76.14000000000001	1.5450000000000002
590	67	1	131.69999999999993	12.695000000000002
590	68	1	123.11000000000003	182.99500000000003
590	69	1	123.21499999999999	29.764999999999997
590	70	1	33.37000000000002	87.11999999999998
590	71	1	59.59203980099503	89.84079601990048
590	72	1	171.54500000000016	108.56499999999998
590	73	1	139.87939698492448	155.15577889447235
590	74	1	1.004999999999998	155.43999999999994
590	75	1	72.82499999999999	94.24000000000001
590	76	1	145.88059701492543	81.44776119402985
590	77	1	170.3283582089552	61.557213930348254
590	78	1	160.08500000000004	92.92500000000003
590	79	1	109.11	37.18500000000002
590	80	1	30.989999999999995	59.475000000000016
590	81	1	175.9698492462312	34.41206030150755
590	82	1	22.69651741293531	38.88059701492539
590	83	1	11.940000000000001	8.565000000000001
590	84	1	139.95999999999992	96.75500000000001
590	85	1	162.90999999999997	191.92499999999993
590	86	1	8.995000000000001	119.21500000000003
590	87	1	35.10000000000003	44.36500000000001
590	88	1	165.29999999999993	118.57499999999999
590	89	1	137.05500000000006	184.40499999999994
590	90	1	123.49499999999999	106.31000000000006
590	91	1	14.745000000000001	167.445
590	92	1	171.74000000000004	167.9
590	93	1	67.965	191.96
590	94	1	181.31000000000014	69.55499999999995
590	95	1	186.85500000000008	135.23000000000008
590	96	1	45.54500000000003	54.54000000000005
590	97	1	173.97999999999993	96.18000000000002
590	98	1	14.129999999999995	70.36999999999999
590	99	1	157.65829145728645	49.738693467336695
590	100	1	90.70000000000003	11.734999999999996
590	101	1	68.54000000000003	69.73499999999997
590	102	1	147.10000000000005	63.91000000000002
590	103	1	87.24999999999997	29.120000000000005
590	104	1	80.65500000000002	16.345000000000006
590	105	1	99.72000000000004	93.91999999999996
590	106	1	117.31500000000004	46.71999999999998
590	107	1	11.579999999999998	103.74499999999996
590	108	1	54.425000000000004	44.82000000000001
590	109	1	65.49999999999997	125.93999999999996
590	110	1	138.5500000000001	47.525000000000006
590	111	1	145.69346733668343	134.65326633165827
590	112	1	31.450000000000003	111.62500000000001
590	113	1	98.44500000000001	82.26500000000001
590	114	1	111.31499999999996	158.57500000000007
590	115	1	37.345000000000006	100.39
590	116	1	9.695	35.379999999999995
590	117	1	112.65500000000007	76.85500000000002
590	118	1	185.94000000000005	149.3100000000001
590	119	1	65.57	79.68500000000002
590	120	1	18.715	56.00500000000003
