0	1	2	9.919999999999996	9.98
0	2	2	9.961904761904764	54.838095238095235
0	3	2	9.893203883495149	100.0485436893204
0	4	2	10.019047619047623	144.98095238095235
0	5	2	9.860000000000001	190.08
0	6	2	55.000000000000014	10.000000000000004
0	7	2	54.97169811320755	55.04716981132076
0	8	2	55.02857142857144	100.07619047619045
0	9	2	54.92380952380953	145.01904761904763
0	10	2	54.941747572815544	190.07766990291265
0	11	2	99.81372549019609	10.088235294117641
0	12	2	100.0480769230769	55.06730769230768
0	13	2	100.03846153846153	99.8653846153846
0	14	2	99.88000000000002	144.82000000000002
0	15	2	99.89423076923077	189.84615384615387
0	16	2	144.9622641509434	9.962264150943394
0	17	2	144.94339622641508	54.88679245283018
0	18	2	145.03773584905665	100.09433962264151
0	19	2	145.00952380952384	144.9142857142857
0	20	2	144.9903846153846	190.07692307692315
0	21	2	189.93396226415092	10.047169811320753
0	22	2	189.9519230769232	54.88461538461537
0	23	2	190.05825242718456	100.18446601941747
0	24	2	189.81188118811883	145.05940594059408
0	25	2	189.9313725490196	189.7352941176471
0	26	1	26	162
0	27	1	139	163
0	28	1	155	179.5
0	29	1	185.8	134.6
0	30	1	48.5	3.5
0	31	1	147	182.5
0	32	1	93	116
0	33	1	140.5	82.5
0	34	1	149	46
0	35	1	74	149
0	36	1	124.5	72.75
0	37	1	1.5	194.5
0	38	1	194	183
0	39	1	120	95.33333333333333
0	40	1	161.5	198.5
0	41	1	179	57
0	42	1	41	196.33333333333334
0	43	1	49.5	23.5
0	44	1	133	119
0	45	1	126.33333333333333	1.6666666666666667
0	46	1	131	177
0	47	1	0.5	82
0	48	1	118.5	49.5
0	49	1	158.5	183.5
0	50	1	100	67.5
0	51	1	19.2	113.4
0	52	1	37.5	98.5
0	53	1	144	74
0	54	1	68	64
0	55	1	128	128
0	56	1	35	5.5
0	57	1	76	160
0	58	1	72.5	61.5
0	59	1	176.66666666666666	93
0	60	1	145	39
0	61	1	196	105
0	62	1	27.666666666666664	21.166666666666664
0	63	1	86	34.5
0	64	1	105.5	183.5
0	65	1	86.5	67.5
0	66	1	69	96
0	67	1	89.33333333333333	18.333333333333332
0	68	1	183	53
0	69	1	185.5	160
0	70	1	90	183
0	71	1	120.5	103.5
0	72	1	26	99
0	73	1	100.2	136
0	74	1	120	43
0	75	1	48	175.5
0	76	1	17.166666666666668	120.5
0	77	1	171	114.5
0	78	1	113	156
0	79	1	146	167
0	80	1	46.66666666666667	118.66666666666667
0	81	1	123.66666666666667	61
0	82	1	64	68.5
0	83	1	56	120
0	84	1	107	177.5
0	85	1	59	158
0	86	1	102.5	114.25
0	87	1	63	66
0	88	1	21	90
0	89	1	70	46
0	90	1	22.666666666666668	26.666666666666668
0	91	1	81	144
0	92	1	162.66666666666666	137
0	93	1	88.5	143.5
0	94	1	125.5	191.5
0	95	1	12	184
0	96	1	65	44
0	97	1	126	124
0	98	1	48.5	2
0	99	1	36	68
0	100	1	11	108.33333333333333
0	101	1	108	187
0	102	1	196	85
0	103	1	115.33333333333333	57
0	104	1	85.5	12.5
0	105	1	40.25	120
0	106	1	156	96
0	107	1	105	92
0	108	1	22.333333333333332	12
0	109	1	26	82
0	110	1	127	21
0	111	1	187.66666666666666	91.33333333333333
0	112	1	97.5	66.5
0	113	1	9.2	126.8
0	114	1	87.66666666666667	157.66666666666666
0	115	1	82	101
0	116	1	104	36
0	117	1	27	30
0	118	1	183.66666666666666	74.33333333333333
0	119	1	115	159
0	120	1	110.66666666666667	97.66666666666667
0	121	1	92	178
0	122	1	103.5	66.75
0	123	1	80.33333333333333	120
0	124	1	55.5	47.5
0	125	1	40.666666666666664	156
0	126	1	125.5	140
0	127	1	37	100
0	128	1	155.5	31.5
0	129	1	72.25	5.25
0	130	1	91.25	62.5
0	131	1	170.5	174.5
0	132	1	53.666666666666664	81
0	133	1	170.5	118.25
0	134	1	38.75	15
0	135	1	62.5	69
0	136	1	122.5	115.5
0	137	1	5.5	45
0	138	1	45.857142857142854	65.28571428571429
0	139	1	37	14.5
0	140	1	98	71
0	141	1	157	171
0	142	1	146.66666666666666	3
0	143	1	32.5	15.5
0	144	1	23	93.33333333333333
0	145	1	71	79
10	1	2	9.8469387755102	9.806122448979593
10	2	2	10.051020408163268	55.01020408163265
10	3	2	9.999999999999998	99.64583333333331
10	4	2	9.870000000000005	144.93999999999997
10	5	2	9.966666666666669	190.25555555555556
10	6	2	55.020833333333336	10.270833333333334
10	7	2	54.846938775510175	54.979591836734684
10	8	2	55.12000000000002	99.88
10	9	2	54.87999999999998	144.88
10	10	2	55.0808080808081	190.16161616161608
10	11	2	99.92929292929291	10.020202020202019
10	12	2	100.20833333333336	54.77083333333334
10	13	2	99.6595744680851	100.05319148936171
10	14	2	100.02083333333336	145.28125000000003
10	15	2	99.5340909090909	190.3522727272727
10	16	2	144.80434782608688	10.478260869565215
10	17	2	144.70999999999998	54.969999999999985
10	18	2	145.07070707070696	100.14141414141415
10	19	2	144.87999999999997	144.88
10	20	2	144.71276595744678	190.57446808510636
10	21	2	190.0299999999999	10.13
10	22	2	190.3333333333334	54.89583333333336
10	23	2	189.9213483146067	100.50561797752809
10	24	2	189.90816326530611	145.22448979591834
10	25	2	189.73958333333331	189.73958333333326
10	26	1	26.513157894736835	163.98026315789477
10	27	1	137.40000000000003	164.33749999999995
10	28	1	155.73863636363637	179.80681818181813
10	29	1	185.28025477707004	134.45859872611462
10	30	1	49.704918032786885	4.262295081967212
10	31	1	146.95999999999998	180.73000000000002
10	32	1	94.43750000000003	114.47916666666669
10	33	1	138.7903225806451	82.0161290322581
10	34	1	147.85507246376812	44.14492753623188
10	35	1	74.35416666666671	147.92708333333334
10	36	1	123.70108695652176	71.67934782608697
10	37	1	1.172727272727273	193.8818181818182
10	38	1	195.96385542168676	181.34939759036143
10	39	1	120.06956521739129	92.04347826086958
10	40	1	163.60215053763443	198.48387096774192
10	41	1	176.9848484848485	56.13636363636363
10	42	1	41.56060606060605	194.23484848484853
10	43	1	49.16346153846152	23.625
10	44	1	132.60869565217396	119.08695652173913
10	45	1	125.0075757575758	1.2803030303030312
10	46	1	130.72413793103453	177.2931034482759
10	47	1	199.7283950617284	81.62962962962962
10	48	1	117.98780487804879	50.23170731707319
10	49	1	161.1287128712871	187.50495049504946
10	50	1	100.77419354838709	67.01612903225805
10	51	1	20.0495867768595	113.64462809917359
10	52	1	39.05660377358491	97.90566037735849
10	53	1	145.64227642276424	72.92682926829274
10	54	1	65.88000000000001	61.92000000000001
10	55	1	125.68965517241378	127.94827586206897
10	56	1	35.09615384615383	5.173076923076925
10	57	1	75.29670329670328	161.18681318681305
10	58	1	73.38461538461536	61.63461538461537
10	59	1	177.3032786885247	90.90163934426234
10	60	1	143.38095238095238	38.26984126984128
10	61	1	198.45192307692307	104.24999999999997
10	62	1	26.785714285714292	20.119047619047606
10	63	1	86.54666666666667	35.813333333333325
10	64	1	104.60317460317458	182.41269841269838
10	65	1	85.40366972477062	69.86238532110094
10	66	1	69.43801652892566	93.95041322314047
10	67	1	89.33606557377054	18.61475409836065
10	68	1	181.64615384615377	54.01538461538461
10	69	1	185.63333333333333	160.36666666666662
10	70	1	87.71698113207547	182.98113207547163
10	71	1	123.72077922077929	100.35714285714285
10	72	1	25.599999999999998	98.83333333333334
10	73	1	97.91503267973857	134.18954248366018
10	74	1	118.14084507042254	41.07042253521128
10	75	1	48.34358974358975	175.4820512820513
10	76	1	18.983739837398385	123.07317073170734
10	77	1	171.953125	114.03125000000001
10	78	1	111.69620253164557	158.379746835443
10	79	1	145.86440677966095	168.06779661016952
10	80	1	47.111111111111114	117.99999999999999
10	81	1	126.0215053763441	60.43010752688172
10	82	1	66.48888888888887	68.48888888888888
10	83	1	55.895833333333336	122.22916666666667
10	84	1	105.51562499999997	175.84374999999997
10	85	1	59.07317073170727	158.62601626016254
10	86	1	103.60504201680673	115.6050420168067
10	87	1	62	66.51351351351349
10	88	1	20.73333333333333	87.84000000000002
10	89	1	71.61797752808988	43.438202247191015
10	90	1	23.428571428571427	27.285714285714285
10	91	1	82.06185567010313	146.4742268041237
10	92	1	162.88050314465406	134.27044025157232
10	93	1	89.46969696969701	144.66666666666669
10	94	1	124.12621359223301	192.76699029126206
10	95	1	14.576642335766426	180.94160583941598
10	96	1	64.94047619047619	40.78571428571428
10	97	1	125.99999999999999	123.17857142857142
10	98	1	46.306451612903224	1.677419354838709
10	99	1	36.63636363636365	69.18181818181819
10	100	1	10.34567901234568	109.92592592592595
10	101	1	108.64615384615385	186.89230769230767
10	102	1	196	86.60000000000001
10	103	1	115.59756097560978	56.23170731707317
10	104	1	84.28767123287669	11.82191780821918
10	105	1	38.54918032786885	121.22131147540983
10	106	1	156.1923076923077	97.13461538461537
10	107	1	104.39166666666667	90.39166666666667
10	108	1	20.422764227642272	12.219512195121954
10	109	1	26.175257731958762	82.18556701030924
10	110	1	125.70186335403723	20.11180124223603
10	111	1	186.60483870967732	89.99193548387098
10	112	1	95.51515151515153	65.66666666666666
10	113	1	8.967741935483872	125.25806451612905
10	114	1	86.06422018348621	157.25688073394497
10	115	1	82.46788990825684	101.25688073394498
10	116	1	104.94936708860763	35.094936708860764
10	117	1	26.806451612903228	33.16129032258064
10	118	1	183.33552631578948	74.08552631578951
10	119	1	116.74025974025979	158.5454545454546
10	120	1	111.61739130434783	96.6608695652174
10	121	1	91.46875	178.90625000000003
10	122	1	106.10447761194028	66.44776119402988
10	123	1	80.28488372093025	119.38372093023251
10	124	1	55.51470588235294	45.01470588235293
10	125	1	39.540106951871685	155.97860962566844
10	126	1	126.455223880597	140.74626865671652
10	127	1	36.10000000000001	100.32000000000001
10	128	1	158.4435483870968	31.830645161290327
10	129	1	72.60493827160495	5.395061728395063
10	130	1	90.1067961165049	61.92233009708739
10	131	1	171.46896551724146	173.5310344827587
10	132	1	52.31578947368421	80.49999999999999
10	133	1	170.31147540983602	118.06557377049175
10	134	1	39.13432835820897	15.238805970149254
10	135	1	58.3859649122807	70.87719298245614
10	136	1	120.90441176470588	113.59558823529406
10	137	1	6.799999999999998	44.206896551724135
10	138	1	45.32584269662923	65.03370786516858
10	139	1	37.04918032786884	15.000000000000004
10	140	1	99.515625	74.03125000000003
10	141	1	156.94318181818176	171.34090909090912
10	142	1	146.36708860759498	1.772151898734177
10	143	1	30.460317460317462	14.984126984126982
10	144	1	23.563380281690147	93.1830985915493
10	145	1	71.04032258064518	77.47580645161288
20	1	2	9.691489361702128	9.691489361702128
20	2	2	10.141414141414144	54.92929292929292
20	3	2	10.126315789473686	99.6105263157895
20	4	2	9.870000000000005	144.93999999999997
20	5	2	10.000000000000002	189.99999999999997
20	6	2	55.05319148936168	10.372340425531913
20	7	2	54.66666666666665	54.677419354838705
20	8	2	55.22448979591838	99.90816326530616
20	9	2	54.85858585858585	144.82828282828285
20	10	2	55.15625	189.92708333333331
20	11	2	100.13999999999999	9.940000000000003
20	12	2	100.25555555555555	54.45555555555557
20	13	2	99.72916666666669	100.02083333333333
20	14	2	99.96907216494847	145.30927835051548
20	15	2	99.50000000000001	190.32954545454547
20	16	2	144.72916666666669	10.27083333333333
20	17	2	144.7835051546392	55.309278350515456
20	18	2	145.07070707070696	100.14141414141415
20	19	2	144.87999999999997	144.88
20	20	2	144.71428571428572	190.74725274725276
20	21	2	190.0299999999999	10.13
20	22	2	190.4148936170213	54.819148936170215
20	23	2	189.99999999999994	100.50000000000001
20	24	2	189.89898989898998	145.17171717171718
20	25	2	189.72916666666669	190.02083333333326
20	26	1	27.283582089552244	164.34825870646762
20	27	1	133.70646766169153	163.16417910447754
20	28	1	158.93467336683426	179.86432160804029
20	29	1	185.76616915422883	133.46268656716418
20	30	1	52.6	2.1999999999999984
20	31	1	145.01507537688445	180.78391959799004
20	32	1	94.34825870646765	114.7114427860697
20	33	1	137.44999999999996	82.38999999999996
20	34	1	149.62376237623755	45.13861386138614
20	35	1	71.76119402985076	149.1741293532339
20	36	1	125.65656565656568	74.10101010101013
20	37	1	1.3283582089552224	196.27860696517413
20	38	1	195.60199004975124	179.92537313432814
20	39	1	121.21000000000001	89.08500000000002
20	40	1	164.36318407960192	0.15422885572139394
20	41	1	172.87817258883243	56.67005076142131
20	42	1	38.37755102040815	189.01530612244906
20	43	1	51.06565656565657	25.707070707070706
20	44	1	135.89162561576356	117.83251231527095
20	45	1	125.5074626865672	3.2885572139302894
20	46	1	130.21287128712873	177.02475247524754
20	47	1	0.15577889447236096	80.09045226130651
20	48	1	119.55329949238576	49.131979695431475
20	49	1	163.05499999999992	189.39000000000001
20	50	1	101.06369426751593	67.81528662420384
20	51	1	22.51546391752578	115.20618556701037
20	52	1	41.68062827225132	95.72774869109948
20	53	1	145.04477611940288	71.32835820895524
20	54	1	66.92857142857143	57.18831168831168
20	55	1	121.97448979591839	130.89795918367352
20	56	1	33.18012422360248	1.8633540372671007
20	57	1	72.05445544554458	163.0792079207921
20	58	1	77.1132075471698	57.339622641509436
20	59	1	173.12437810945275	92.32338308457709
20	60	1	141.6915422885571	36.39303482587066
20	61	1	198.365	105.20500000000003
20	62	1	25.355828220858875	23.54601226993865
20	63	1	88.32500000000002	36.734999999999985
20	64	1	106.89944134078215	180.8882681564246
20	65	1	83.5207100591716	74.0710059171598
20	66	1	69.39999999999996	94.51999999999997
20	67	1	89.1442786069651	21.054726368159205
20	68	1	181.93814432989694	54.10824742268042
20	69	1	185.60199004975118	159.9203980099502
20	70	1	85.07216494845358	185.45360824742272
20	71	1	128.35323383084577	98.94029850746271
20	72	1	26.064171122994647	102.11229946524068
20	73	1	97.12499999999994	131.88000000000008
20	74	1	119.19999999999999	37.81
20	75	1	49.188118811881196	175.24752475247539
20	76	1	20.306532663316585	126.80904522613068
20	77	1	171.76119402985069	111.0995024875622
20	78	1	109.50253807106597	157.80710659898475
20	79	1	145.9199999999999	164.94500000000005
20	80	1	47.22885572139304	116.93532338308455
20	81	1	128.82828282828288	61.176767676767696
20	82	1	69.10810810810814	72.56081081081089
20	83	1	57.480198019801975	121.48019801980193
20	84	1	106.97849462365592	171.08064516129028
20	85	1	58.26368159203981	159.3034825870647
20	86	1	105.08	116.47
20	87	1	60.2013422818792	64.97986577181213
20	88	1	16.255102040816315	83.89285714285708
20	89	1	75.12060301507536	40.77889447236183
20	90	1	20.06666666666667	30.07222222222221
20	91	1	82.61616161616158	144.62626262626262
20	92	1	163.4603960396038	133.51485148514843
20	93	1	89.19487179487177	142.53333333333342
20	94	1	124.66500000000006	191.695
20	95	1	16.024875621890548	180.33830845771146
20	96	1	64.77114427860694	38.92537313432835
20	97	1	127.19191919191924	124.33333333333329
20	98	1	50.27380952380951	198.2619047619047
20	99	1	36.315	70.49500000000005
20	100	1	9.345177664974615	111.23857868020308
20	101	1	111.16763005780346	189.51445086705212
20	102	1	195.6237623762376	87.12376237623764
20	103	1	116.05376344086015	56.897849462365585
20	104	1	83.5621890547263	10.810945273631841
20	105	1	36.34	122.60000000000002
20	106	1	157.78606965174123	97.89054726368157
20	107	1	104.02020202020206	88.99999999999994
20	108	1	15.859649122807017	11.222222222222216
20	109	1	27.528205128205144	78.47692307692307
20	110	1	125.77114427860698	20.05970149253733
20	111	1	182.83168316831686	89.68316831683167
20	112	1	92.95000000000002	65.2
20	113	1	6.124378109452737	127.71641791044773
20	114	1	88.25000000000001	159.52499999999992
20	115	1	82.09452736318406	102.32835820895524
20	116	1	103.77227722772278	34.18316831683166
20	117	1	26.559782608695652	38.184782608695656
20	118	1	182.5940594059406	73.29207920792075
20	119	1	118.3731343283582	156.81094527363177
20	120	1	112.585	98.875
20	121	1	90.78421052631583	174.66315789473686
20	122	1	110.875	66.42857142857142
20	123	1	79.63681592039802	119.19900497512441
20	124	1	53.81683168316833	43.51485148514853
20	125	1	39.4179104477612	156.0298507462687
20	126	1	127.83582089552235	142.57711442786055
20	127	1	38.583333333333336	104.57291666666669
20	128	1	158.3781094527363	31.009950248756233
20	129	1	72.55223880597015	4.388059701492541
20	130	1	87.10000000000001	57.62499999999999
20	131	1	174.33999999999997	173.33500000000004
20	132	1	49.95939086294418	83.1319796954315
20	133	1	169.49246231155772	119.18592964824124
20	134	1	40.283018867924525	16.798742138364766
20	135	1	55.47096774193547	74.18064516129033
20	136	1	119.56783919597991	111.89447236180904
20	137	1	7.2189054726368145	43.28855721393031
20	138	1	43.541237113402055	62.670103092783506
20	139	1	39.38853503184712	15.433121019108283
20	140	1	100.789156626506	79.07831325301203
20	141	1	158.52499999999992	168.92500000000013
20	142	1	145.53233830845775	0.472636815920481
20	143	1	26.917197452229303	13.84076433121019
20	144	1	23.106382978723417	92.12765957446813
20	145	1	72.13714285714286	82.52000000000005
30	1	2	9.691489361702128	9.691489361702128
30	2	2	10.120000000000005	54.88
30	3	2	10.126315789473686	99.6105263157895
30	4	2	9.870000000000005	144.93999999999997
30	5	2	10.000000000000002	189.99999999999997
30	6	2	55.020833333333336	10.270833333333334
30	7	2	54.72916666666666	54.729166666666664
30	8	2	55.22448979591838	99.90816326530616
30	9	2	54.82653061224489	144.78571428571422
30	10	2	55.000000000000014	190
30	11	2	100.13999999999999	9.940000000000003
30	12	2	100.25555555555555	54.45555555555557
30	13	2	99.72916666666669	100.02083333333333
30	14	2	99.96907216494847	145.30927835051548
30	15	2	99.54945054945055	190.1868131868132
30	16	2	144.72916666666669	10.27083333333333
30	17	2	144.7835051546392	55.309278350515456
30	18	2	145.1199999999999	100.12000000000003
30	19	2	144.87999999999997	144.88
30	20	2	144.71428571428572	190.74725274725276
30	21	2	190.0299999999999	10.13
30	22	2	190.38947368421051	54.87368421052632
30	23	2	189.99999999999994	100.50000000000001
30	24	2	189.87999999999997	145.11999999999998
30	25	2	189.72916666666669	190.02083333333326
30	26	1	27.542713567839197	164.4170854271358
30	27	1	133.09	163.83499999999992
30	28	1	159.8358208955224	179.85074626865685
30	29	1	186.25373134328348	132.7960199004975
30	30	1	53.076530612244916	2.107142857142855
30	31	1	144.9699999999999	180.44
30	32	1	93.75000000000001	114.45000000000003
30	33	1	137.98009950248766	82.23383084577117
30	34	1	149.75621890547262	44.388059701492544
30	35	1	71.30150753768842	150.1608040201004
30	36	1	126.80500000000002	75.13499999999999
30	37	1	0.9900497512437804	197.3134328358209
30	38	1	195.45273631840797	179.99004975124376
30	39	1	121.50000000000004	88.695
30	40	1	164.04477611940302	0.3184079601990054
30	41	1	172.31343283582083	57.15920398009951
30	42	1	38.20500000000003	186.88000000000008
30	43	1	52.80500000000002	27.104999999999997
30	44	1	136.0248756218905	117.40796019900498
30	45	1	125.68159203980102	4.000000000000028
30	46	1	130.0348258706468	177.20895522388054
30	47	1	0.40000000000000135	79.93499999999997
30	48	1	120.14427860696519	47.49253731343283
30	49	1	162.84499999999994	189.43500000000003
30	50	1	101.87064676616917	68.21393034825871
30	51	1	22.815920398009936	115.60199004975125
30	52	1	41.45499999999997	94.14000000000007
30	53	1	145.29145728643218	70.70854271356787
30	54	1	66.24000000000002	54.96499999999998
30	55	1	121.70499999999998	131.43500000000003
30	56	1	31.930348258706477	199.9253731343284
30	57	1	72.0298507462687	162.86069651741295
30	58	1	77.15841584158417	53.77227722772278
30	59	1	172.24875621890547	92.8855721393035
30	60	1	141.99500000000003	36.46999999999999
30	61	1	198.4179104477612	105.34825870646766
30	62	1	25.64179104477611	25.417910447761194
30	63	1	89.46499999999999	36.44999999999999
30	64	1	107.3731343283582	180.45273631840806
30	65	1	84.52238805970153	77.31343283582093
30	66	1	69.71641791044776	95.93034825870643
30	67	1	88.62000000000002	21.45999999999999
30	68	1	181.3482587064677	54.034825870646785
30	69	1	185.34500000000003	159.68500000000003
30	70	1	84.81592039800995	185.4825870646767
30	71	1	130.00000000000014	98.12060301507535
30	72	1	26.144999999999996	102.37999999999997
30	73	1	96.38805970149251	130.32338308457702
30	74	1	119.37810945273637	36.8407960199005
30	75	1	50.681592039800975	174.9701492537314
30	76	1	20.089552238805975	127.09452736318408
30	77	1	172.04020100502512	111.04522613065322
30	78	1	109.35678391959803	157.24623115577896
30	79	1	145.73631840796014	164.66666666666674
30	80	1	47.93034825870643	115.79104477611935
30	81	1	129.363184079602	61.00000000000001
30	82	1	69.74752475247526	73.81188118811876
30	83	1	57.455	120.68499999999996
30	84	1	107.49751243781093	170.7761194029851
30	85	1	58.45273631840797	159.78606965174117
30	86	1	105.205	116.36499999999995
30	87	1	58.95049504950492	65.19306930693065
30	88	1	15.402985074626871	83.39303482587064
30	89	1	76.30000000000001	37.605
30	90	1	18.391089108910897	31.00990099009901
30	91	1	82.86138613861392	144.7376237623763
30	92	1	164.07999999999996	132.60999999999996
30	93	1	88.75124378109457	142.28358208955225
30	94	1	125.57999999999997	191.7
30	95	1	16.275	179.77499999999995
30	96	1	64.61881188118815	36.84158415841584
30	97	1	127.31999999999998	124.07000000000001
30	98	1	52.48989898989897	198.11616161616152
30	99	1	35.71144278606965	71.3084577114428
30	100	1	9.044776119402982	112.0646766169154
30	101	1	112.2178217821782	190.5346534653465
30	102	1	195.04950495049505	86.99009900990097
30	103	1	117.34673366834174	56.47738693467338
30	104	1	83.72636815920393	10.572139303482588
30	105	1	36.380000000000024	122.37500000000001
30	106	1	158.84500000000006	98.67500000000001
30	107	1	104.53266331658286	89.9849246231156
30	108	1	13.980099502487565	11.681592039800998
30	109	1	27.48499999999998	77.94999999999995
30	110	1	125.79104477611946	19.393034825870643
30	111	1	182.34170854271358	88.71859296482415
30	112	1	92.27860696517406	65.34328358208958
30	113	1	5.845771144278606	128.4676616915423
30	114	1	88.28499999999998	160.35500000000005
30	115	1	81.51500000000006	102.63499999999998
30	116	1	103.62500000000004	33.97499999999998
30	117	1	26.43781094527364	40.03482587064675
30	118	1	182.94527363184073	73.16915422885573
30	119	1	118.53233830845775	157.09950248756218
30	120	1	113.24257425742573	100.15346534653463
30	121	1	90.90099009900983	173.97029702970298
30	122	1	112.69346733668337	66.15577889447238
30	123	1	79.945	118.55000000000008
30	124	1	52.119402985074636	42.75621890547263
30	125	1	39.03000000000001	156.35999999999996
30	126	1	126.87000000000002	142.96500000000006
30	127	1	38.91044776119404	105.56218905472637
30	128	1	159.03500000000008	31.084999999999994
30	129	1	73.46999999999997	4.115000000000005
30	130	1	87.21393034825869	54.34328358208954
30	131	1	174.86567164179107	173.00995024875618
30	132	1	49.358208955223894	84.45273631840794
30	133	1	168.95000000000002	119.37000000000006
30	134	1	40.55500000000001	19.040000000000003
30	135	1	53.52238805970149	74.84079601990055
30	136	1	119.8706467661692	111.59203980099505
30	137	1	7.035000000000002	42.105
30	138	1	41.05970149253732	60.985074626865675
30	139	1	40.675000000000004	15.894999999999998
30	140	1	101.77114427860695	80.77114427860697
30	141	1	158.27227722772267	169.00495049504948
30	142	1	145.01500000000004	0.22500000000007958
30	143	1	26.163366336633665	13.559405940594058
30	144	1	23.395	91.17499999999997
30	145	1	73.33333333333337	85.07462686567168
40	1	2	9.691489361702128	9.691489361702128
40	2	2	10.120000000000005	54.88
40	3	2	10.126315789473686	99.6105263157895
40	4	2	9.870000000000005	144.93999999999997
40	5	2	10.000000000000002	189.99999999999997
40	6	2	55.020833333333336	10.270833333333334
40	7	2	54.72916666666666	54.729166666666664
40	8	2	55.12000000000002	99.88
40	9	2	54.85858585858585	144.82828282828285
40	10	2	55.000000000000014	190
40	11	2	100.13999999999999	9.940000000000003
40	12	2	100.25555555555555	54.45555555555557
40	13	2	99.72916666666669	100.02083333333333
40	14	2	99.96907216494847	145.30927835051548
40	15	2	99.54945054945055	190.1868131868132
40	16	2	144.72916666666669	10.27083333333333
40	17	2	144.7835051546392	55.309278350515456
40	18	2	145.1199999999999	100.12000000000003
40	19	2	144.87999999999997	144.88
40	20	2	144.71428571428572	190.74725274725276
40	21	2	190.0299999999999	10.13
40	22	2	190.38947368421051	54.87368421052632
40	23	2	189.99999999999994	100.50000000000001
40	24	2	189.87999999999997	145.11999999999998
40	25	2	189.72916666666669	190.02083333333326
40	26	1	27.53	164.29499999999996
40	27	1	133.18999999999994	163.755
40	28	1	160.34673366834164	179.91959798994975
40	29	1	186.37999999999994	132.41000000000003
40	30	1	52.55612244897961	1.6887755102040813
40	31	1	144.9949748743719	180.10050251256288
40	32	1	93.41293532338307	113.84079601990052
40	33	1	138.25000000000003	82.20999999999997
40	34	1	150.145	43.52499999999999
40	35	1	70.75499999999992	151.16500000000002
40	36	1	126.73499999999999	75.37999999999997
40	37	1	0.22999999999999976	197.97
40	38	1	194.9452736318408	179.73631840796014
40	39	1	121.65000000000002	88.62499999999997
40	40	1	163.99004975124367	0.7064676616915421
40	41	1	172.07499999999996	57.129999999999995
40	42	1	38.019900497512445	186.39800995024862
40	43	1	53.280000000000015	27.65000000000002
40	44	1	135.88944723618087	117.40703517587941
40	45	1	125.47500000000004	3.955
40	46	1	129.875	176.93500000000003
40	47	1	0.34000000000000047	79.79500000000004
40	48	1	120.50248756218906	47.21890547263685
40	49	1	162.80000000000013	189.56000000000006
40	50	1	101.83919597989957	68.76381909547743
40	51	1	22.595000000000013	115.48999999999994
40	52	1	40.793969849246224	93.62311557788945
40	53	1	145.0750000000001	70.23999999999998
40	54	1	66.67499999999998	55.08
40	55	1	121.13567839195976	131.52261306532665
40	56	1	31.735000000000007	199.98
40	57	1	72.61306532663315	163.0301507537689
40	58	1	77.13	53.37000000000002
40	59	1	171.68686868686868	92.96464646464645
40	60	1	142.2487562189054	36.164179104477576
40	61	1	198.4572864321608	105.39698492462307
40	62	1	25.850746268656714	25.756218905472625
40	63	1	89.30845771144277	36.791044776119385
40	64	1	107.27363184079607	180.4427860696517
40	65	1	84.25373134328362	77.62189054726365
40	66	1	70.87500000000003	95.64500000000002
40	67	1	87.96500000000002	21.299999999999997
40	68	1	180.95999999999998	53.054999999999986
40	69	1	184.39303482587064	159.47263681592048
40	70	1	84.32000000000002	185.25999999999993
40	71	1	130.6199999999998	97.76999999999997
40	72	1	26.44723618090452	102.05025125628141
40	73	1	95.80597014925375	129.15422885572124
40	74	1	119.47000000000001	37.000000000000014
40	75	1	52.17587939698492	174.63819095477396
40	76	1	20.27500000000001	127.14000000000001
40	77	1	172.2160804020101	110.96984924623109
40	78	1	109.10050251256284	157.22110552763817
40	79	1	145.91000000000003	164.585
40	80	1	48.625000000000014	115.07499999999999
40	81	1	129.35000000000005	61.21
40	82	1	69.71999999999996	73.95
40	83	1	57.310000000000024	120.675
40	84	1	107.41293532338312	170.77114427860704
40	85	1	58.72	160.61499999999995
40	86	1	105.60499999999999	116.43
40	87	1	59.37313432835819	65.62189054726367
40	88	1	14.974999999999998	82.95500000000006
40	89	1	76.55721393034823	37.024875621890565
40	90	1	18.000000000000007	30.974874371859286
40	91	1	82.5970149253731	145.68656716417908
40	92	1	164.49748743718592	131.86934673366844
40	93	1	88.69696969696972	142.11616161616155
40	94	1	126.13000000000004	191.52999999999992
40	95	1	17.499999999999996	179.655
40	96	1	65.19000000000004	36.864999999999995
40	97	1	126.95499999999998	123.80499999999998
40	98	1	53.035353535353515	197.81313131313127
40	99	1	36.18	71.86500000000002
40	100	1	8.670000000000003	112.78
40	101	1	112.78499999999994	190.65500000000003
40	102	1	195.3	87.25000000000006
40	103	1	117.72999999999995	56.42000000000001
40	104	1	83.80000000000001	10.550000000000004
40	105	1	36.42713567839195	121.94974874371859
40	106	1	159.58000000000007	99.40000000000003
40	107	1	104.75124378109454	89.81592039801
40	108	1	14.059999999999999	11.799999999999999
40	109	1	27.430000000000007	77.225
40	110	1	126.23999999999998	18.66999999999999
40	111	1	182.20499999999998	87.95999999999995
40	112	1	92.29353233830844	65.29850746268656
40	113	1	6.180000000000001	129.22500000000002
40	114	1	88.60301507537689	161.02512562814078
40	115	1	80.35499999999999	102.88000000000004
40	116	1	103.78500000000004	34.08499999999997
40	117	1	26.763819095477388	40.48743718592963
40	118	1	183.37688442211046	72.59798994974877
40	119	1	118.61499999999997	157.23000000000008
40	120	1	113.62189054726365	100.50746268656721
40	121	1	91.16500000000003	173.49499999999995
40	122	1	113.015	66.15500000000002
40	123	1	80.40499999999999	116.96500000000005
40	124	1	51.75499999999998	41.934999999999995
40	125	1	39.17910447761196	157.5621890547264
40	126	1	125.52999999999999	143.065
40	127	1	38.74371859296483	106.13065326633162
40	128	1	159.92000000000002	29.840000000000018
40	129	1	74.245	3.8299999999999987
40	130	1	86.92999999999998	54.92499999999998
40	131	1	175.40499999999997	172.06999999999994
40	132	1	49.81094527363184	85.32338308457716
40	133	1	168.66999999999996	119.35
40	134	1	40.565	19.654999999999998
40	135	1	52.99999999999999	74.80000000000001
40	136	1	120.35499999999998	111.33000000000003
40	137	1	7.335000000000003	41.45999999999999
40	138	1	40.39000000000003	60.98000000000001
40	139	1	41.01492537313435	16.029850746268654
40	140	1	101.59701492537314	80.85572139303484
40	141	1	158.53500000000008	169.19500000000002
40	142	1	144.6200000000001	0.2550000000000009
40	143	1	26.414999999999996	14.065
40	144	1	23.39999999999999	90.54500000000006
40	145	1	72.99500000000003	85.16500000000006
50	1	2	9.691489361702128	9.691489361702128
50	2	2	10.120000000000005	54.88
50	3	2	10.126315789473686	99.6105263157895
50	4	2	9.870000000000005	144.93999999999997
50	5	2	10.000000000000002	189.99999999999997
50	6	2	55.020833333333336	10.270833333333334
50	7	2	54.72916666666666	54.729166666666664
50	8	2	55.12000000000002	99.88
50	9	2	54.87999999999998	144.88
50	10	2	55.000000000000014	190
50	11	2	100.13999999999999	9.940000000000003
50	12	2	100.25555555555555	54.45555555555557
50	13	2	99.72916666666669	100.02083333333333
50	14	2	99.96907216494847	145.30927835051548
50	15	2	99.54945054945055	190.1868131868132
50	16	2	144.72916666666669	10.27083333333333
50	17	2	144.7835051546392	55.309278350515456
50	18	2	145.1199999999999	100.12000000000003
50	19	2	144.87999999999997	144.88
50	20	2	144.71428571428572	190.74725274725276
50	21	2	190.0299999999999	10.13
50	22	2	190.38947368421051	54.87368421052632
50	23	2	189.99999999999994	100.50000000000001
50	24	2	189.87999999999997	145.11999999999998
50	25	2	189.72916666666669	190.02083333333326
50	26	1	26.664999999999996	163.65
50	27	1	132.78	163.75
50	28	1	160.47236180904517	179.77889447236186
50	29	1	187.14999999999998	132.52999999999997
50	30	1	51.81000000000002	1.845
50	31	1	145.0400000000001	179.85999999999984
50	32	1	93.01005025125626	113.30653266331655
50	33	1	138.31840796019893	82.30845771144286
50	34	1	150.53499999999997	42.914999999999985
50	35	1	70.47000000000004	151.23500000000013
50	36	1	126.73499999999999	75.64999999999998
50	37	1	199.915	198.275
50	38	1	194.45771144278606	178.8159203980099
50	39	1	121.62999999999997	88.57000000000005
50	40	1	164.0049999999999	1.0799999999999987
50	41	1	172.20000000000005	57.33500000000002
50	42	1	39.35323383084581	185.87562189054728
50	43	1	52.96499999999999	28.654999999999987
50	44	1	135.755	117.15999999999998
50	45	1	125.42499999999995	3.7299999999999995
50	46	1	129.58499999999995	176.63500000000005
50	47	1	0.015000000000001065	79.60499999999996
50	48	1	120.86499999999995	47.13999999999999
50	49	1	162.59500000000006	189.54499999999996
50	50	1	102.05970149253733	69.12935323383083
50	51	1	22.4	115.335
50	52	1	40.21500000000003	93.07000000000001
50	53	1	144.83	69.97499999999998
50	54	1	66.845	55.08500000000001
50	55	1	120.62311557788944	131.43718592964817
50	56	1	31.402985074626855	199.91542288557213
50	57	1	72.95522388059706	162.98507462686567
50	58	1	76.9095477386935	53.09547738693465
50	59	1	171.2885572139304	93.00000000000001
50	60	1	142.64000000000004	36.18999999999997
50	61	1	198.4	105.745
50	62	1	25.819999999999997	25.710000000000004
50	63	1	89.04499999999996	36.849999999999994
50	64	1	107.43500000000009	180.335
50	65	1	84.42288557213928	77.74129353233833
50	66	1	71.82000000000004	95.38
50	67	1	87.2885572139304	21.084577114427866
50	68	1	180.84422110552762	52.211055276381934
50	69	1	183.89499999999995	159.16000000000003
50	70	1	83.44499999999996	184.83
50	71	1	131.1499999999998	97.28999999999999
50	72	1	26.45	102.04000000000003
50	73	1	96.43500000000003	128.39499999999998
50	74	1	119.24	37.120000000000005
50	75	1	53.654999999999994	174.62999999999997
50	76	1	20.349999999999998	127.325
50	77	1	171.98499999999996	110.68999999999994
50	78	1	109.32000000000005	157.61999999999998
50	79	1	145.92999999999998	164.5300000000001
50	80	1	48.82000000000001	114.90499999999997
50	81	1	129.6582914572864	61.11055276381909
50	82	1	69.77500000000002	73.75500000000004
50	83	1	56.97499999999999	120.92999999999999
50	84	1	106.80499999999999	170.0300000000001
50	85	1	58.78500000000002	161.00999999999996
50	86	1	105.8457711442786	116.34328358208954
50	87	1	59.23737373737376	65.68686868686869
50	88	1	14.58	82.98000000000003
50	89	1	76.76999999999998	36.62
50	90	1	17.820000000000004	30.93500000000002
50	91	1	82.20999999999994	146.23999999999998
50	92	1	164.7263681592041	131.6467661691543
50	93	1	88.40499999999996	141.79999999999998
50	94	1	126.50000000000001	191.01999999999995
50	95	1	19.000000000000018	179.24120603015075
50	96	1	65.49000000000001	36.620000000000005
50	97	1	127.06030150753773	123.85929648241202
50	98	1	53.66666666666666	197.77777777777774
50	99	1	36.96499999999999	72.66999999999997
50	100	1	7.417910447761197	113.8407960199005
50	101	1	113.16	190.68499999999995
50	102	1	195.395	87.51500000000004
50	103	1	118.18499999999999	56.650000000000006
50	104	1	83.505	10.475000000000009
50	105	1	36.45273631840795	121.47263681592041
50	106	1	159.45999999999998	100.36999999999992
50	107	1	104.67336683417085	89.74371859296485
50	108	1	14.07537688442211	11.763819095477382
50	109	1	27.065000000000005	76.63000000000004
50	110	1	126.88	17.694999999999993
50	111	1	182.0497512437811	87.50248756218906
50	112	1	91.94500000000009	65.59999999999997
50	113	1	6.635	128.37499999999997
50	114	1	87.93467336683413	161.81407035175886
50	115	1	79.27000000000001	103.4
50	116	1	103.71999999999997	34.285000000000004
50	117	1	27.175000000000008	40.579999999999984
50	118	1	184.17326732673263	71.5643564356436
50	119	1	119.07499999999999	157.265
50	120	1	113.75000000000003	100.66500000000003
50	121	1	91.42786069651737	173.47263681592037
50	122	1	113.1708542713568	66.23115577889446
50	123	1	81.07960199004978	116.16417910447758
50	124	1	51.094527363184085	41.950248756218905
50	125	1	39.84999999999999	159.41000000000005
50	126	1	124.76000000000005	143.10500000000016
50	127	1	38.92499999999999	106.02499999999999
50	128	1	160.55499999999998	28.910000000000007
50	129	1	74.90499999999997	3.4299999999999975
50	130	1	86.82	55.09500000000001
50	131	1	175.71859296482418	171.03517587939695
50	132	1	50.34	85.39999999999996
50	133	1	168.67839195979897	119.43216080402017
50	134	1	40.37373737373739	19.70707070707071
50	135	1	52.592964824120614	74.33165829145729
50	136	1	120.775	111.015
50	137	1	7.364999999999998	40.36000000000003
50	138	1	39.235000000000014	60.72000000000003
50	139	1	41.480000000000004	16.43
50	140	1	102.03517587939699	80.93969849246231
50	141	1	158.69	169.14999999999998
50	142	1	144.66666666666669	0.23880597014934324
50	143	1	26.47	14.060000000000002
50	144	1	23.44221105527635	89.84924623115575
50	145	1	72.96499999999997	85.20499999999998
60	1	2	9.691489361702128	9.691489361702128
60	2	2	10.120000000000005	54.88
60	3	2	10.126315789473686	99.6105263157895
60	4	2	9.870000000000005	144.93999999999997
60	5	2	10.000000000000002	189.99999999999997
60	6	2	55.020833333333336	10.270833333333334
60	7	2	54.72916666666666	54.729166666666664
60	8	2	55.12000000000002	99.88
60	9	2	54.87999999999998	144.88
60	10	2	55.000000000000014	190
60	11	2	100.13999999999999	9.940000000000003
60	12	2	100.25555555555555	54.45555555555557
60	13	2	99.72916666666669	100.02083333333333
60	14	2	99.96907216494847	145.30927835051548
60	15	2	99.54945054945055	190.1868131868132
60	16	2	144.72916666666669	10.27083333333333
60	17	2	144.7835051546392	55.309278350515456
60	18	2	145.1199999999999	100.12000000000003
60	19	2	144.87999999999997	144.88
60	20	2	144.71428571428572	190.74725274725276
60	21	2	190.0299999999999	10.13
60	22	2	190.38947368421051	54.87368421052632
60	23	2	189.99999999999994	100.50000000000001
60	24	2	189.87999999999997	145.11999999999998
60	25	2	189.72916666666669	190.02083333333326
60	26	1	26.529999999999998	163.18500000000012
60	27	1	132.52000000000012	163.555
60	28	1	160.43499999999997	179.89999999999998
60	29	1	189.025	132.36999999999998
60	30	1	51.09595959595958	1.6363636363636367
60	31	1	144.84999999999994	179.7300000000001
60	32	1	92.79899497487433	112.77889447236177
60	33	1	138.3980099502487	83.3233830845771
60	34	1	150.57213930348254	42.447761194029866
60	35	1	70.29353233830844	151.5174129353234
60	36	1	127.37000000000003	75.70000000000006
60	37	1	199.935	198.435
60	38	1	194.38	177.82499999999996
60	39	1	121.60000000000002	88.10500000000005
60	40	1	164.45000000000005	1.68
60	41	1	172.2999999999999	57.38500000000002
60	42	1	40.54726368159205	185.05472636815918
60	43	1	52.719999999999985	29.409999999999993
60	44	1	135.70000000000002	116.93999999999996
60	45	1	125.57999999999997	3.51
60	46	1	129.17000000000002	175.85000000000005
60	47	1	199.6766169154229	79.08955223880604
60	48	1	120.88442211055275	47.21105527638193
60	49	1	162.62499999999997	189.48499999999999
60	50	1	102.30000000000001	69.46
60	51	1	22.427135678391952	115.23115577889448
60	52	1	39.81	92.43
60	53	1	144.45	70.01499999999999
60	54	1	66.84079601990055	54.69651741293532
60	55	1	120.13065326633163	131.72864321608034
60	56	1	31.365000000000002	199.645
60	57	1	73.6865671641791	163.1393034825871
60	58	1	76.88000000000001	52.944999999999986
60	59	1	171.55	93.48999999999998
60	60	1	143.6683417085427	35.281407035175874
60	61	1	198.455	105.81499999999998
60	62	1	25.885	25.975
60	63	1	89.08000000000003	37.044999999999995
60	64	1	108.20398009950249	180.0895522388059
60	65	1	84.39499999999997	77.76000000000003
60	66	1	72.87499999999999	95.18000000000005
60	67	1	87.245	21.075000000000003
60	68	1	181.03500000000008	52.159999999999975
60	69	1	183.17	159.10000000000008
60	70	1	83.41499999999996	185.15500000000003
60	71	1	130.76999999999992	97.57000000000004
60	72	1	26.42	102.10000000000001
60	73	1	97.02487562189049	128.04477611940294
60	74	1	119.405	37.200000000000024
60	75	1	55.08542713567838	174.44723618090464
60	76	1	20.28499999999999	127.57999999999998
60	77	1	171.68999999999994	110.57
60	78	1	109.3517587939698	157.57286432160808
60	79	1	145.90499999999986	164.57000000000005
60	80	1	48.824999999999996	114.94500000000001
60	81	1	129.865	60.974999999999994
60	82	1	69.88999999999997	74.03
60	83	1	57.1	120.86000000000001
60	84	1	105.68500000000006	168.9300000000001
60	85	1	58.85499999999999	161.26500000000007
60	86	1	105.62999999999994	116.09999999999998
60	87	1	59.23999999999999	65.85500000000002
60	88	1	14.28	83.14999999999998
60	89	1	76.608040201005	36.618090452261306
60	90	1	17.336683417085435	30.94472361809046
60	91	1	82.0301507537688	146.57286432160802
60	92	1	165.12999999999994	131.66500000000002
60	93	1	88.25499999999992	141.64999999999992
60	94	1	126.68656716417908	190.6169154228856
60	95	1	20.240000000000006	179.1399999999999
60	96	1	65.28999999999996	36.35999999999997
60	97	1	127.245	124.05500000000005
60	98	1	53.959390862944154	197.75634517766505
60	99	1	36.96984924623116	72.55276381909547
60	100	1	6.385000000000001	114.655
60	101	1	113.37499999999999	190.94000000000005
60	102	1	195.78	87.86000000000003
60	103	1	118.0552763819096	56.748743718592934
60	104	1	83.51499999999997	10.32999999999999
60	105	1	36.33333333333331	121.363184079602
60	106	1	159.52000000000004	101.34999999999994
60	107	1	104.81909547738694	89.66331658291456
60	108	1	14.303030303030303	11.803030303030306
60	109	1	27.000000000000007	76.21000000000004
60	110	1	127.62	16.795000000000005
60	111	1	181.68999999999994	86.69
60	112	1	92.05999999999996	65.71999999999998
60	113	1	7.480000000000003	127.53499999999995
60	114	1	87.275	162.91999999999993
60	115	1	78.61691542288554	103.5870646766169
60	116	1	103.36000000000003	34.575
60	117	1	27.19402985074628	40.55721393034823
60	118	1	184.56499999999997	71.40499999999999
60	119	1	119.68656716417912	156.58706467661702
60	120	1	113.90999999999995	100.77
60	121	1	91.6683417085427	173.6733668341709
60	122	1	113.45500000000001	66.275
60	123	1	81.4749999999999	115.965
60	124	1	49.66331658291458	41.793969849246224
60	125	1	40.19999999999999	161.15499999999997
60	126	1	123.99499999999999	143.31000000000003
60	127	1	39.115000000000016	106.04999999999997
60	128	1	160.89500000000007	28.55499999999998
60	129	1	75.44776119402984	2.412935323383085
60	130	1	86.54773869346738	55.48241206030154
60	131	1	176.04999999999998	170.8550000000001
60	132	1	50.34	85.60500000000002
60	133	1	168.5226130653266	119.57286432160804
60	134	1	40.13197969543147	20.04568527918782
60	135	1	52.666666666666686	74.37313432835816
60	136	1	120.71500000000006	111.27999999999997
60	137	1	7.289999999999994	39.49999999999999
60	138	1	38.39303482587063	60.82089552238807
60	139	1	41.90499999999998	16.68
60	140	1	102.25628140703515	80.84924623115576
60	141	1	158.73869346733676	169.3165829145728
60	142	1	144.76000000000013	0.19999999999999965
60	143	1	26.60999999999999	13.980000000000002
60	144	1	23.839999999999996	89.64499999999998
60	145	1	72.71999999999994	85.43500000000003
70	1	2	9.691489361702128	9.691489361702128
70	2	2	10.120000000000005	54.88
70	3	2	10.126315789473686	99.6105263157895
70	4	2	9.870000000000005	144.93999999999997
70	5	2	10.000000000000002	189.99999999999997
70	6	2	55.020833333333336	10.270833333333334
70	7	2	54.72916666666666	54.729166666666664
70	8	2	55.12000000000002	99.88
70	9	2	54.87999999999998	144.88
70	10	2	55.000000000000014	190
70	11	2	100.13999999999999	9.940000000000003
70	12	2	100.25555555555555	54.45555555555557
70	13	2	99.72916666666669	100.02083333333333
70	14	2	99.96907216494847	145.30927835051548
70	15	2	99.54945054945055	190.1868131868132
70	16	2	144.72916666666669	10.27083333333333
70	17	2	144.7835051546392	55.309278350515456
70	18	2	145.1199999999999	100.12000000000003
70	19	2	144.87999999999997	144.88
70	20	2	144.71428571428572	190.74725274725276
70	21	2	190.0299999999999	10.13
70	22	2	190.38947368421051	54.87368421052632
70	23	2	189.99999999999994	100.50000000000001
70	24	2	189.87999999999997	145.11999999999998
70	25	2	189.72916666666669	190.02083333333326
70	26	1	26.67	162.415
70	27	1	132.28500000000005	163.33500000000006
70	28	1	160.62999999999997	179.96999999999997
70	29	1	190.10050251256283	131.27638190954775
70	30	1	50.54040404040408	1.6464646464646473
70	31	1	144.99502487562188	179.64179104477617
70	32	1	92.71356783919596	112.43718592964828
70	33	1	138.64179104477614	85.089552238806
70	34	1	151.2349999999999	42.11499999999997
70	35	1	70.45500000000003	151.72999999999988
70	36	1	127.77000000000004	75.895
70	37	1	199.65	198.16
70	38	1	194	176.59999999999997
70	39	1	121.37000000000002	87.67999999999996
70	40	1	164.56999999999994	1.785
70	41	1	172.00000000000003	57.238805970149265
70	42	1	41.84000000000002	184.4549999999999
70	43	1	52.85074626865673	29.223880597014922
70	44	1	135.49748743718592	116.32160804020107
70	45	1	125.53	3.334999999999998
70	46	1	128.83000000000004	175.18499999999997
70	47	1	199.465	78.97999999999998
70	48	1	121.12000000000002	47.29999999999999
70	49	1	162.62000000000006	189.44999999999996
70	50	1	102.35	69.58
70	51	1	22.31499999999999	115.02000000000004
70	52	1	39.960000000000015	92.33000000000003
70	53	1	144.18407960199	70.61691542288558
70	54	1	66.61500000000001	54.77999999999997
70	55	1	119.86	131.725
70	56	1	31.24	198.99000000000004
70	57	1	74.04500000000002	163.56500000000008
70	58	1	76.81000000000003	53.129999999999995
70	59	1	171.17	94.04999999999997
70	60	1	144.33999999999992	34.435
70	61	1	198.56218905472636	106.05970149253727
70	62	1	25.965000000000007	26.29
70	63	1	88.92999999999999	37.195
70	64	1	108.1	180.01
70	65	1	84.34170854271362	77.46733668341707
70	66	1	73.86500000000001	94.73500000000003
70	67	1	86.97000000000004	21.105
70	68	1	181.14500000000004	52.03000000000001
70	69	1	183.2300000000001	159.13999999999987
70	70	1	83.4	185.29499999999996
70	71	1	130.391959798995	97.69346733668345
70	72	1	26.169154228855724	102.00000000000001
70	73	1	97.52238805970147	127.83582089552233
70	74	1	119.17587939698487	37.40703517587939
70	75	1	56.38805970149255	174.46268656716418
70	76	1	20.388059701492526	128.15920398009956
70	77	1	171.8000000000001	110.64499999999997
70	78	1	109.65500000000003	157.63000000000002
70	79	1	145.88000000000002	164.62999999999994
70	80	1	48.56500000000002	114.97500000000001
70	81	1	130.04500000000002	61.224999999999994
70	82	1	70.00497512437812	74.23383084577111
70	83	1	57.06467661691541	121.00995024875618
70	84	1	105.33999999999997	168.34000000000006
70	85	1	58.98500000000001	161.19500000000002
70	86	1	105.46500000000002	116.10999999999997
70	87	1	58.86499999999999	66.08000000000001
70	88	1	14.504999999999999	83.02000000000001
70	89	1	76.0099502487562	36.5820895522388
70	90	1	17.13999999999999	31.129999999999985
70	91	1	81.9950248756219	146.47761194029854
70	92	1	164.93000000000006	131.77000000000004
70	93	1	88.14213197969536	141.46192893401007
70	94	1	126.925	189.9450000000001
70	95	1	20.259999999999998	178.55499999999998
70	96	1	65.12499999999996	36.46999999999999
70	97	1	127.42211055276383	124.02010050251263
70	98	1	54.01010101010098	197.66161616161622
70	99	1	36.995000000000005	72.485
70	100	1	5.319999999999997	115.53500000000001
70	101	1	113.47499999999994	190.8000000000001
70	102	1	196.2139303482587	88.10945273631842
70	103	1	118.08542713567844	56.80904522613064
70	104	1	83.67661691542294	10.029850746268655
70	105	1	36.15422885572138	121.08955223880598
70	106	1	159.26500000000024	101.92500000000003
70	107	1	104.56783919597987	89.63316582914571
70	108	1	14.552763819095475	11.773869346733678
70	109	1	26.909999999999997	75.72
70	110	1	127.94000000000005	16.285000000000004
70	111	1	181.79	86.63500000000002
70	112	1	91.91999999999999	65.92000000000003
70	113	1	8.274999999999999	126.51999999999987
70	114	1	86.79601990049754	163.38805970149244
70	115	1	78.325	103.705
70	116	1	103.35	34.730000000000004
70	117	1	27.324999999999996	40.61000000000001
70	118	1	184.76119402985077	71.18407960199
70	119	1	120.60696517412933	155.88557213930346
70	120	1	113.87999999999995	100.75500000000007
70	121	1	92.26000000000002	173.54499999999982
70	122	1	113.48500000000001	65.74999999999996
70	123	1	81.55499999999999	115.825
70	124	1	49.308457711442756	41.70149253731344
70	125	1	40.15500000000003	162.36500000000012
70	126	1	123.56499999999997	143.51999999999995
70	127	1	39.18	105.835
70	128	1	160.7999999999999	28.310000000000002
70	129	1	76.10500000000002	1.5050000000000017
70	130	1	86.59499999999997	55.14999999999999
70	131	1	176.10500000000008	170.52499999999986
70	132	1	50.449999999999996	85.435
70	133	1	168.61306532663315	119.61306532663316
70	134	1	40.04000000000003	20.090000000000003
70	135	1	52.689999999999955	74.43000000000002
70	136	1	120.76499999999996	111.35499999999998
70	137	1	7.134999999999998	38.03000000000001
70	138	1	37.51499999999998	60.795
70	139	1	41.90000000000003	16.759999999999994
70	140	1	102.77499999999998	80.74999999999997
70	141	1	158.7810945273633	169.3084577114427
70	142	1	144.66000000000003	0.23000000000000007
70	143	1	26.86069651741293	13.706467661691539
70	144	1	24.28500000000001	89.525
70	145	1	72.42500000000001	85.74500000000003
80	1	2	9.691489361702128	9.691489361702128
80	2	2	10.120000000000005	54.88
80	3	2	10.126315789473686	99.6105263157895
80	4	2	9.870000000000005	144.93999999999997
80	5	2	10.000000000000002	189.99999999999997
80	6	2	55.020833333333336	10.270833333333334
80	7	2	54.72916666666666	54.729166666666664
80	8	2	55.12000000000002	99.88
80	9	2	54.87999999999998	144.88
80	10	2	55.000000000000014	190
80	11	2	100.13999999999999	9.940000000000003
80	12	2	100.25555555555555	54.45555555555557
80	13	2	99.72916666666669	100.02083333333333
80	14	2	99.96907216494847	145.30927835051548
80	15	2	99.54945054945055	190.1868131868132
80	16	2	144.72916666666669	10.27083333333333
80	17	2	144.7835051546392	55.309278350515456
80	18	2	145.1199999999999	100.12000000000003
80	19	2	144.87999999999997	144.88
80	20	2	144.71428571428572	190.74725274725276
80	21	2	190.0299999999999	10.13
80	22	2	190.38947368421051	54.87368421052632
80	23	2	189.99999999999994	100.50000000000001
80	24	2	189.87999999999997	145.11999999999998
80	25	2	189.72916666666669	190.02083333333326
80	26	1	27.495000000000005	161.6799999999999
80	27	1	132.0301507537688	163.46733668341713
80	28	1	160.35499999999988	179.96499999999997
80	29	1	190.29500000000002	130.92999999999992
80	30	1	50.24120603015074	1.7286432160804037
80	31	1	144.665	179.61999999999998
80	32	1	92.64499999999997	112.15999999999997
80	33	1	138.87437185929642	85.86432160804019
80	34	1	152.17910447761182	41.9900497512438
80	35	1	70.68341708542714	152.35175879396985
80	36	1	127.75000000000001	75.93999999999997
80	37	1	199.555	197.975
80	38	1	193.6532663316583	175.58291457286433
80	39	1	121.16080402010054	87.67336683417088
80	40	1	164.4099999999999	1.8200000000000003
80	41	1	172.06030150753762	57.311557788944725
80	42	1	42.54500000000001	183.97499999999994
80	43	1	52.704999999999984	29.39000000000001
80	44	1	135.5273631840796	115.98009950248758
80	45	1	125.39500000000004	2.9400000000000017
80	46	1	128.185	174.5449999999999
80	47	1	199.39000000000001	79.01499999999997
80	48	1	121.345	47.36499999999999
80	49	1	162.44499999999996	189.53500000000005
80	50	1	102.3467336683417	69.71356783919603
80	51	1	22.705000000000005	115.245
80	52	1	39.71999999999999	91.69999999999996
80	53	1	143.43283582089538	70.7960199004975
80	54	1	66.62311557788942	54.849246231155746
80	55	1	119.71	131.70500000000004
80	56	1	31.26000000000001	198.68
80	57	1	74.05000000000005	164.38000000000002
80	58	1	76.72500000000002	53.20500000000001
80	59	1	171.22000000000006	94.50000000000001
80	60	1	144.95999999999987	34.04999999999997
80	61	1	198.845	106.45500000000003
80	62	1	25.949999999999992	26.245000000000005
80	63	1	88.89499999999997	37.26999999999999
80	64	1	108.19000000000004	180.06000000000003
80	65	1	84.14999999999999	77.47999999999992
80	66	1	74.60999999999999	94.26000000000003
80	67	1	87.03500000000003	20.90500000000001
80	68	1	181.14499999999998	51.839999999999996
80	69	1	182.7	159.0499999999999
80	70	1	83.75	185.23000000000008
80	71	1	130.27999999999994	97.44999999999997
80	72	1	25.638190954773872	102.16582914572861
80	73	1	97.685	127.77500000000005
80	74	1	119.14500000000007	37.37
80	75	1	57.21890547263684	174.53731343283582
80	76	1	20.00995024875622	128.88059701492546
80	77	1	171.88	110.64500000000001
80	78	1	109.68499999999997	157.8600000000001
80	79	1	145.67000000000002	164.83500000000012
80	80	1	48.329999999999984	115.13999999999997
80	81	1	129.95999999999992	61.34000000000001
80	82	1	69.86499999999995	74.25500000000001
80	83	1	56.98499999999999	120.97999999999998
80	84	1	105.43000000000005	168.28499999999985
80	85	1	59.19000000000001	161.28499999999997
80	86	1	105.26999999999992	116.21000000000006
80	87	1	58.745000000000005	66.02
80	88	1	14.339999999999998	82.89500000000001
80	89	1	75.85000000000004	36.44500000000001
80	90	1	17.065000000000005	31.030000000000005
80	91	1	81.76000000000003	146.12499999999997
80	92	1	165.16500000000005	131.81000000000006
80	93	1	88.14213197969536	141.46192893401007
80	94	1	127.05500000000005	189.6
80	95	1	19.765000000000008	177.19499999999996
80	96	1	64.98500000000001	36.545000000000016
80	97	1	127.305	123.87499999999999
80	98	1	53.91959798994973	197.63819095477385
80	99	1	36.92500000000001	72.675
80	100	1	4.839999999999999	116.02499999999999
80	101	1	113.36	190.77499999999998
80	102	1	196.31155778894473	88.2311557788945
80	103	1	118.02499999999998	56.79
80	104	1	83.33000000000004	9.489999999999997
80	105	1	36.06999999999999	121.275
80	106	1	159.18000000000004	102.35500000000002
80	107	1	104.71500000000002	89.715
80	108	1	14.819095477386938	11.623115577889443
80	109	1	26.77	75.50999999999996
80	110	1	128.26499999999996	15.72999999999999
80	111	1	181.79499999999982	86.825
80	112	1	91.745	66.22000000000003
80	113	1	8.584999999999997	125.51500000000006
80	114	1	86.41500000000002	163.64000000000001
80	115	1	78.21500000000005	103.50499999999994
80	116	1	103.32499999999997	34.62500000000002
80	117	1	27.310000000000002	40.495000000000005
80	118	1	184.75621890547268	71.37810945273633
80	119	1	121.06467661691539	155.29850746268667
80	120	1	113.73499999999999	100.91499999999999
80	121	1	92.84500000000003	173.30000000000004
80	122	1	113.34999999999998	65.60500000000003
80	123	1	81.60696517412939	115.63681592039805
80	124	1	49.08499999999999	41.764999999999986
80	125	1	39.95979899497489	163.11557788944725
80	126	1	123.55999999999999	143.63999999999993
80	127	1	39.02999999999999	105.70999999999997
80	128	1	161.16417910447768	27.706467661691537
80	129	1	77.29999999999998	0.3350000000000017
80	130	1	86.48743718592965	55.0402010050251
80	131	1	175.89000000000013	170.6899999999999
80	132	1	51.055000000000014	85.62999999999994
80	133	1	168.69849246231146	119.64321608040194
80	134	1	40.08080808080809	20.156565656565654
80	135	1	52.9	74.71499999999995
80	136	1	120.67000000000003	111.47999999999999
80	137	1	7.159999999999998	37.25500000000005
80	138	1	37.280000000000015	61.000000000000014
80	139	1	42.035000000000004	16.89
80	140	1	102.66000000000001	80.805
80	141	1	158.68844221105522	169.3668341708543
80	142	1	144.4900000000001	0.22999999999999968
80	143	1	27.10552763819097	13.522613065326631
80	144	1	24.810945273631837	89.3830845771144
80	145	1	72.1393034825871	85.91542288557214
90	1	2	9.691489361702128	9.691489361702128
90	2	2	10.120000000000005	54.88
90	3	2	10.126315789473686	99.6105263157895
90	4	2	9.870000000000005	144.93999999999997
90	5	2	10.000000000000002	189.99999999999997
90	6	2	55.020833333333336	10.270833333333334
90	7	2	54.72916666666666	54.729166666666664
90	8	2	55.12000000000002	99.88
90	9	2	54.87999999999998	144.88
90	10	2	55.000000000000014	190
90	11	2	100.13999999999999	9.940000000000003
90	12	2	100.25555555555555	54.45555555555557
90	13	2	99.72916666666669	100.02083333333333
90	14	2	99.96907216494847	145.30927835051548
90	15	2	99.54945054945055	190.1868131868132
90	16	2	144.72916666666669	10.27083333333333
90	17	2	144.7835051546392	55.309278350515456
90	18	2	145.1199999999999	100.12000000000003
90	19	2	144.87999999999997	144.88
90	20	2	144.71428571428572	190.74725274725276
90	21	2	190.0299999999999	10.13
90	22	2	190.38947368421051	54.87368421052632
90	23	2	189.99999999999994	100.50000000000001
90	24	2	189.87999999999997	145.11999999999998
90	25	2	189.72916666666669	190.02083333333326
90	26	1	28.271356783919607	160.28643216080403
90	27	1	132.12999999999988	163.42999999999992
90	28	1	160.30499999999998	179.84000000000003
90	29	1	190.95	130.20500000000015
90	30	1	50.20603015075376	1.7587939698492472
90	31	1	144.6582914572864	179.70854271356782
90	32	1	92.63499999999995	112.24500000000002
90	33	1	138.68499999999997	86.50999999999996
90	34	1	153.06	41.47000000000003
90	35	1	70.65499999999999	152.0550000000001
90	36	1	127.82500000000002	75.70500000000001
90	37	1	199.635	197.54
90	38	1	193.55276381909547	174.7437185929649
90	39	1	121.00500000000007	87.57
90	40	1	164.363184079602	1.54228855721393
90	41	1	172.20499999999987	57.594999999999985
90	42	1	42.79500000000001	183.79000000000002
90	43	1	52.739999999999995	29.530000000000005
90	44	1	135.55721393034824	115.9800995024875
90	45	1	125.45499999999993	2.7100000000000004
90	46	1	127.90000000000002	173.94499999999996
90	47	1	198.96	78.54
90	48	1	121.49999999999997	47.335000000000015
90	49	1	162.3980099502488	189.48756218905476
90	50	1	102.36180904522614	69.67336683417084
90	51	1	22.800000000000004	115.38999999999999
90	52	1	39.710000000000015	91.48999999999992
90	53	1	143.19499999999994	71.32
90	54	1	66.70999999999997	54.87499999999998
90	55	1	119.70149253731346	131.6318407960199
90	56	1	31.44999999999999	198.555
90	57	1	74.26	164.53000000000006
90	58	1	76.80499999999998	53.22500000000001
90	59	1	171.545	94.23499999999997
90	60	1	145.56499999999986	33.699999999999996
90	61	1	199.235	107.19000000000001
90	62	1	25.950000000000006	26.240000000000013
90	63	1	89.08500000000001	36.989999999999995
90	64	1	108.21499999999997	180.085
90	65	1	84.41206030150751	77.91457286432166
90	66	1	75.12499999999999	94.155
90	67	1	86.89552238805972	20.860696517412933
90	68	1	181.13567839195983	51.964824120602984
90	69	1	182.35999999999996	159.105
90	70	1	84.00500000000002	185.3
90	71	1	129.82499999999996	97.35499999999998
90	72	1	24.999999999999996	101.94999999999999
90	73	1	97.78999999999995	127.86499999999998
90	74	1	119.09950248756219	37.35323383084574
90	75	1	57.3	174.39999999999992
90	76	1	19.605000000000004	129.525
90	77	1	171.86	110.54999999999995
90	78	1	109.98009950248758	157.8756218905472
90	79	1	145.62686567164158	164.77611940298522
90	80	1	48.374999999999986	115.15499999999999
90	81	1	129.99500000000003	61.21500000000001
90	82	1	70.13000000000005	73.87499999999997
90	83	1	57.06000000000001	121.88999999999999
90	84	1	105.61999999999998	168.34999999999988
90	85	1	59.584999999999994	161.45499999999996
90	86	1	105.03500000000004	116.34500000000003
90	87	1	58.445000000000014	66.00500000000004
90	88	1	14.105000000000004	83.18999999999998
90	89	1	75.77500000000002	36.215000000000025
90	90	1	16.810000000000002	30.945000000000007
90	91	1	81.68000000000004	145.88500000000002
90	92	1	164.98999999999995	131.90500000000003
90	93	1	88.14213197969536	141.46192893401007
90	94	1	127.17499999999997	189.05500000000006
90	95	1	19.78606965174128	175.89552238805965
90	96	1	65.00000000000001	36.794999999999995
90	97	1	127.49000000000001	123.765
90	98	1	54.22613065326632	197.64824120603018
90	99	1	37.030150753768844	72.76884422110554
90	100	1	5.164999999999996	116.17500000000005
90	101	1	113.39499999999998	190.9099999999999
90	102	1	196.53	88.49999999999999
90	103	1	117.97	56.71000000000002
90	104	1	82.81	9.004999999999999
90	105	1	36.02985074626867	121.03482587064674
90	106	1	159.45771144278606	102.80099502487568
90	107	1	104.73000000000002	89.56499999999996
90	108	1	14.849246231155782	11.51256281407035
90	109	1	26.64676616915423	75.79601990049746
90	110	1	128.0248756218905	15.542288557213935
90	111	1	181.97999999999993	86.655
90	112	1	91.49246231155774	66.33165829145732
90	113	1	8.669999999999998	125.595
90	114	1	86.51999999999998	163.6300000000001
90	115	1	78.31500000000001	103.55999999999999
90	116	1	103.48000000000002	34.48499999999999
90	117	1	27.209999999999994	40.445
90	118	1	184.97999999999993	71.34499999999997
90	119	1	122.08999999999999	155.10999999999996
90	120	1	113.49253731343282	101.20895522388062
90	121	1	92.86500000000005	173.20999999999992
90	122	1	113.39499999999998	65.55500000000002
90	123	1	81.72500000000001	115.96499999999999
90	124	1	48.85499999999999	41.80000000000002
90	125	1	39.170000000000016	163.82500000000005
90	126	1	123.18499999999997	143.705
90	127	1	39.02500000000002	105.445
90	128	1	162.15920398009942	26.64676616915422
90	129	1	77.90999999999993	199.985
90	130	1	86.50999999999998	54.75000000000002
90	131	1	175.99000000000004	170.63000000000002
90	132	1	51.635	85.72500000000001
90	133	1	168.65999999999997	119.61000000000001
90	134	1	40.03517587939697	20.160804020100503
90	135	1	53.05499999999999	74.87499999999993
90	136	1	120.67999999999996	111.54999999999995
90	137	1	6.880000000000003	37.12499999999999
90	138	1	37.603015075376895	60.95979899497487
90	139	1	42.03	16.93000000000001
90	140	1	102.5276381909548	80.7437185929648
90	141	1	158.9200000000001	169.335
90	142	1	144.3768844221105	0.23115577889447184
90	143	1	27.005	13.334999999999999
90	144	1	25.437810945273636	89.65174129353231
90	145	1	71.95477386934672	85.87437185929656
100	1	2	9.691489361702128	9.691489361702128
100	2	2	10.120000000000005	54.88
100	3	2	10.126315789473686	99.6105263157895
100	4	2	9.870000000000005	144.93999999999997
100	5	2	10.000000000000002	189.99999999999997
100	6	2	55.020833333333336	10.270833333333334
100	7	2	54.72916666666666	54.729166666666664
100	8	2	55.12000000000002	99.88
100	9	2	54.87999999999998	144.88
100	10	2	55.000000000000014	190
100	11	2	100.13999999999999	9.940000000000003
100	12	2	100.25555555555555	54.45555555555557
100	13	2	99.72916666666669	100.02083333333333
100	14	2	99.96907216494847	145.30927835051548
100	15	2	99.54945054945055	190.1868131868132
100	16	2	144.72916666666669	10.27083333333333
100	17	2	144.7835051546392	55.309278350515456
100	18	2	145.1199999999999	100.12000000000003
100	19	2	144.87999999999997	144.88
100	20	2	144.71428571428572	190.74725274725276
100	21	2	190.0299999999999	10.13
100	22	2	190.38947368421051	54.87368421052632
100	23	2	189.99999999999994	100.50000000000001
100	24	2	189.87999999999997	145.11999999999998
100	25	2	189.72916666666669	190.02083333333326
100	26	1	28.890000000000008	159.05499999999998
100	27	1	132.19095477386944	162.82412060301507
100	28	1	160.23500000000007	179.64000000000007
100	29	1	191.075	129.84999999999994
100	30	1	50.03015075376885	1.804020100502511
100	31	1	144.7064676616916	179.62686567164187
100	32	1	92.6482412060301	111.8743718592965
100	33	1	138.54228855721394	86.92039800995026
100	34	1	153.55500000000004	41.19
100	35	1	70.03500000000003	151.95499999999998
100	36	1	127.81000000000007	75.63499999999999
100	37	1	199.625	197.035
100	38	1	193.25	174.0800000000001
100	39	1	120.93999999999996	87.64499999999997
100	40	1	164.365	1.3249999999999986
100	41	1	172.14572864321613	57.23618090452262
100	42	1	42.89000000000002	183.76000000000008
100	43	1	52.695	29.41
100	44	1	135.5000000000001	116.08999999999996
100	45	1	125.39499999999997	2.4799999999999986
100	46	1	128.035	173.70500000000004
100	47	1	198.44278606965173	77.89054726368165
100	48	1	121.69154228855723	47.38805970149252
100	49	1	162.16	189.53500000000003
100	50	1	102.34999999999998	69.52499999999998
100	51	1	22.88557213930349	115.35323383084572
100	52	1	39.65174129353234	91.5422885572139
100	53	1	143.02000000000004	71.695
100	54	1	66.69499999999996	54.895
100	55	1	119.21890547263678	131.75124378109453
100	56	1	31.280000000000015	198.7499999999999
100	57	1	74.31000000000002	164.45500000000007
100	58	1	76.76999999999997	53.24000000000002
100	59	1	171.67499999999995	93.83500000000002
100	60	1	146.84422110552768	33.06532663316585
100	61	1	199.305	107.49499999999996
100	62	1	25.99499999999999	26.320000000000004
100	63	1	89.28855721393032	36.820895522388085
100	64	1	108.37499999999999	180.14500000000007
100	65	1	84.43499999999997	77.90000000000003
100	66	1	75.19	94.23
100	67	1	86.82499999999996	21.059999999999988
100	68	1	181.09000000000006	52.53499999999997
100	69	1	182.275	159.22500000000005
100	70	1	84.04999999999998	185.22500000000005
100	71	1	129.54000000000002	97.38499999999993
100	72	1	25.034999999999993	101.81
100	73	1	97.51500000000001	128.13500000000005
100	74	1	119.05500000000005	37.375000000000014
100	75	1	57.14	174.17
100	76	1	18.40796019900497	130.46766169154233
100	77	1	171.76499999999993	110.47
100	78	1	110.0603015075377	157.4924623115577
100	79	1	145.495	164.66999999999987
100	80	1	48.26500000000003	115.38999999999997
100	81	1	130.17	61.20499999999998
100	82	1	70.19999999999997	73.96500000000005
100	83	1	57.195	122.99500000000005
100	84	1	105.66000000000001	168.12999999999997
100	85	1	59.98499999999997	161.765
100	86	1	104.98499999999999	116.69999999999995
100	87	1	58.505	65.995
100	88	1	13.840796019900495	83.28855721393037
100	89	1	75.735	36.175000000000004
100	90	1	16.66	30.940000000000005
100	91	1	81.63000000000002	145.83499999999987
100	92	1	164.64321608040206	131.8190954773869
100	93	1	88.14213197969536	141.46192893401007
100	94	1	127.33830845771142	188.72636815920393
100	95	1	20.223880597014915	174.46268656716416
100	96	1	64.95500000000004	36.53000000000002
100	97	1	127.46000000000002	123.79999999999998
100	98	1	54.20100502512564	197.58291457286427
100	99	1	37.06500000000001	72.86000000000003
100	100	1	5.464999999999997	116.03999999999998
100	101	1	113.56499999999998	191.07499999999982
100	102	1	196.725	88.52000000000001
100	103	1	118.10552763819094	56.95979899497489
100	104	1	83.06499999999998	8.440000000000003
100	105	1	35.32	120.71999999999997
100	106	1	159.61500000000012	102.72
100	107	1	104.98000000000008	89.48500000000001
100	108	1	14.880000000000004	11.455
100	109	1	26.660000000000018	76.00000000000006
100	110	1	128.005	15.199999999999992
100	111	1	182.33499999999998	86.95500000000001
100	112	1	91.38499999999993	66.43999999999997
100	113	1	8.369999999999996	125.66000000000003
100	114	1	86.74999999999993	163.36
100	115	1	78.08500000000006	103.77499999999999
100	116	1	103.35820895522384	34.51741293532337
100	117	1	26.955000000000005	40.37499999999999
100	118	1	184.98000000000002	71.455
100	119	1	122.54000000000003	155.41000000000005
100	120	1	113.13499999999998	101.515
100	121	1	92.92039800995028	173.30348258706474
100	122	1	113.37	65.33500000000002
100	123	1	82.14070351758794	116.14070351758794
100	124	1	49.32499999999998	41.63499999999999
100	125	1	38.620000000000005	165.22
100	126	1	122.88999999999996	143.795
100	127	1	39.35678391959801	105.24120603015079
100	128	1	163.22110552763823	25.065326633165835
100	129	1	77.905	199.945
100	130	1	86.48000000000002	54.81
100	131	1	176.01999999999987	170.91000000000008
100	132	1	51.70499999999998	85.67999999999998
100	133	1	168.65999999999997	119.61000000000001
100	134	1	40.03517587939697	20.160804020100503
100	135	1	52.97	74.81499999999997
100	136	1	120.64000000000003	111.44
100	137	1	6.149253731343282	37.55223880597013
100	138	1	37.64500000000001	60.824999999999996
100	139	1	42.07537688442212	16.964824120603012
100	140	1	102.82000000000005	80.65999999999995
100	141	1	158.94000000000005	169.14000000000007
100	142	1	144.44723618090458	0.31658291457284804
100	143	1	26.82	13.354999999999999
100	144	1	25.348258706467668	89.6766169154229
100	145	1	71.82587064676618	85.99502487562194
110	1	2	9.691489361702128	9.691489361702128
110	2	2	10.120000000000005	54.88
110	3	2	10.126315789473686	99.6105263157895
110	4	2	9.870000000000005	144.93999999999997
110	5	2	10.000000000000002	189.99999999999997
110	6	2	55.020833333333336	10.270833333333334
110	7	2	54.72916666666666	54.729166666666664
110	8	2	55.12000000000002	99.88
110	9	2	54.87999999999998	144.88
110	10	2	55.000000000000014	190
110	11	2	100.13999999999999	9.940000000000003
110	12	2	100.25555555555555	54.45555555555557
110	13	2	99.72916666666669	100.02083333333333
110	14	2	99.96907216494847	145.30927835051548
110	15	2	99.54945054945055	190.1868131868132
110	16	2	144.72916666666669	10.27083333333333
110	17	2	144.7835051546392	55.309278350515456
110	18	2	145.1199999999999	100.12000000000003
110	19	2	144.87999999999997	144.88
110	20	2	144.71428571428572	190.74725274725276
110	21	2	190.0299999999999	10.13
110	22	2	190.38947368421051	54.87368421052632
110	23	2	189.99999999999994	100.50000000000001
110	24	2	189.87999999999997	145.11999999999998
110	25	2	189.72916666666669	190.02083333333326
110	26	1	28.959798994974868	157.29648241206036
110	27	1	132.91542288557224	161.70646766169162
110	28	1	160.275	179.61
110	29	1	191.48	129.47499999999988
110	30	1	49.91959798994974	1.778894472361809
110	31	1	144.55500000000006	179.38500000000005
110	32	1	93.08500000000002	111.64500000000004
110	33	1	138.29000000000013	87.605
110	34	1	153.63500000000002	41.334999999999994
110	35	1	69.81500000000003	151.58499999999995
110	36	1	127.77000000000002	75.66499999999995
110	37	1	199.92	197.04
110	38	1	193.255	174.18999999999997
110	39	1	121.05999999999992	87.55999999999997
110	40	1	164.1350000000001	1.2350000000000003
110	41	1	171.98	57.31500000000003
110	42	1	42.425	183.80000000000004
110	43	1	52.85500000000002	29.269999999999992
110	44	1	135.33	116.18500000000002
110	45	1	125.42500000000001	2.2900000000000014
110	46	1	127.7788944723618	173.39698492462318
110	47	1	198.215	77.74999999999999
110	48	1	121.74999999999997	47.42000000000002
110	49	1	162.015	189.62499999999977
110	50	1	102.35500000000003	69.57
110	51	1	22.990049751243795	115.28358208955221
110	52	1	39.584999999999994	91.83999999999997
110	53	1	142.825	71.81499999999994
110	54	1	66.725	55.085000000000036
110	55	1	119.21000000000002	132.12000000000012
110	56	1	31.250000000000004	198.56500000000005
110	57	1	73.98009950248763	164.71641791044783
110	58	1	76.72000000000003	53.23499999999998
110	59	1	171.49748743718595	93.78391959798995
110	60	1	147.30999999999997	32.91500000000002
110	61	1	199.235	107.35000000000002
110	62	1	26.074999999999996	26.31000000000001
110	63	1	89.51	36.97500000000002
110	64	1	108.53499999999998	180.04999999999995
110	65	1	84.39999999999995	77.68499999999997
110	66	1	75.19000000000004	94.11000000000004
110	67	1	86.76884422110548	21.080402010050246
110	68	1	181.05499999999998	53.024999999999984
110	69	1	182.56499999999988	159.40000000000003
110	70	1	83.91000000000001	185.09499999999997
110	71	1	129.50499999999985	97.46499999999996
110	72	1	25.074999999999996	101.78000000000004
110	73	1	97.70000000000006	128.3050000000001
110	74	1	119.26500000000001	37.35
110	75	1	57.04999999999998	174.13999999999982
110	76	1	17.341708542713558	130.99999999999991
110	77	1	171.96999999999994	110.40499999999997
110	78	1	110.29000000000002	157.62500000000014
110	79	1	145.06999999999994	164.92
110	80	1	48.33000000000001	116.2
110	81	1	130.11499999999995	61.22499999999998
110	82	1	70.12437810945272	74.09452736318407
110	83	1	57.094527363184085	124.19900497512437
110	84	1	105.62500000000003	168.04000000000005
110	85	1	60.65999999999998	161.52500000000003
110	86	1	105.05000000000004	116.91000000000001
110	87	1	58.495000000000005	66.06499999999998
110	88	1	13.789999999999997	83.41999999999994
110	89	1	75.7487437185929	36.190954773869365
110	90	1	16.180000000000003	30.59
110	91	1	81.62500000000001	145.80499999999995
110	92	1	164.60999999999993	132.08999999999992
110	93	1	88.14213197969536	141.46192893401007
110	94	1	127.58500000000001	188.35000000000002
110	95	1	21.960000000000004	172.80999999999995
110	96	1	64.82412060301507	36.819095477386924
110	97	1	127.35820895522389	123.73631840796023
110	98	1	54.239999999999995	197.6350000000001
110	99	1	37.235000000000035	73.07500000000002
110	100	1	5.395000000000001	115.90499999999997
110	101	1	113.80499999999992	191.31499999999986
110	102	1	196.995	88.55999999999997
110	103	1	118.11055276381911	56.86432160804022
110	104	1	83.62686567164182	7.73134328358209
110	105	1	34.825	120.73000000000006
110	106	1	159.6331658291458	102.96482412060303
110	107	1	105.08999999999996	89.50000000000006
110	108	1	14.814070351758797	11.562814070351749
110	109	1	26.425000000000008	75.99000000000002
110	110	1	127.99499999999999	15.319999999999995
110	111	1	182.8894472361808	87.21105527638188
110	112	1	91.42000000000004	66.54000000000002
110	113	1	8.482412060301508	125.11055276381909
110	114	1	86.69154228855713	163.28855721393035
110	115	1	78.29499999999999	103.685
110	116	1	103.07500000000006	34.555000000000014
110	117	1	26.88	40.204999999999984
110	118	1	185.41000000000008	71.28999999999995
110	119	1	122.83582089552239	155.66169154228845
110	120	1	112.99000000000008	101.71000000000005
110	121	1	93.04500000000004	173.12000000000006
110	122	1	113.41708542713562	65.40201005025125
110	123	1	82.72500000000001	116.51499999999996
110	124	1	49.24120603015077	41.45728643216083
110	125	1	38.14999999999999	165.72500000000008
110	126	1	122.79999999999998	143.805
110	127	1	39.34328358208957	105.60696517412931
110	128	1	163.47236180904525	24.36180904522613
110	129	1	78.13	199.75
110	130	1	86.47000000000003	54.725
110	131	1	175.855	170.81499999999988
110	132	1	51.38999999999998	85.79500000000003
110	133	1	168.65999999999997	119.61000000000001
110	134	1	40.015075376884454	20.145728643216067
110	135	1	52.769999999999975	74.88500000000002
110	136	1	120.42	111.53499999999998
110	137	1	5.230000000000005	37.610000000000014
110	138	1	37.410000000000004	60.91000000000002
110	139	1	41.90999999999996	16.895000000000007
110	140	1	102.88500000000003	80.68000000000004
110	141	1	158.89054726368155	169.06965174129346
110	142	1	144.46000000000012	0.45999999999999935
110	143	1	26.695	13.194999999999999
110	144	1	25.2964824120603	89.608040201005
110	145	1	71.72500000000001	85.89500000000001
120	1	2	9.691489361702128	9.691489361702128
120	2	2	10.120000000000005	54.88
120	3	2	10.126315789473686	99.6105263157895
120	4	2	9.870000000000005	144.93999999999997
120	5	2	10.000000000000002	189.99999999999997
120	6	2	55.020833333333336	10.270833333333334
120	7	2	54.72916666666666	54.729166666666664
120	8	2	55.12000000000002	99.88
120	9	2	54.87999999999998	144.88
120	10	2	55.000000000000014	190
120	11	2	100.13999999999999	9.940000000000003
120	12	2	100.25555555555555	54.45555555555557
120	13	2	99.72916666666669	100.02083333333333
120	14	2	99.96907216494847	145.30927835051548
120	15	2	99.54945054945055	190.1868131868132
120	16	2	144.72916666666669	10.27083333333333
120	17	2	144.7835051546392	55.309278350515456
120	18	2	145.1199999999999	100.12000000000003
120	19	2	144.87999999999997	144.88
120	20	2	144.71428571428572	190.74725274725276
120	21	2	190.0299999999999	10.13
120	22	2	190.38947368421051	54.87368421052632
120	23	2	189.99999999999994	100.50000000000001
120	24	2	189.87999999999997	145.11999999999998
120	25	2	189.72916666666669	190.02083333333326
120	26	1	29.120000000000005	155.87500000000009
120	27	1	133.6716417910448	160.38805970149252
120	28	1	160.27999999999997	179.635
120	29	1	191.23499999999999	129.07999999999998
120	30	1	49.89447236180905	1.7537688442211055
120	31	1	144.39499999999987	179.20999999999995
120	32	1	93.33999999999996	111.61000000000007
120	33	1	138.13500000000002	87.55499999999999
120	34	1	153.63819095477382	41.40703517587939
120	35	1	69.49999999999999	151.73999999999998
120	36	1	127.74999999999999	75.72
120	37	1	199.79	196.995
120	38	1	193.275	174.17499999999998
120	39	1	120.80597014925374	87.60696517412939
120	40	1	163.56999999999994	1.4049999999999998
120	41	1	171.79500000000002	57.464999999999975
120	42	1	42.70499999999998	183.64500000000004
120	43	1	52.735	29.380000000000003
120	44	1	135.23999999999998	116.11
120	45	1	125.91499999999998	2.1700000000000017
120	46	1	127.39000000000001	173.08499999999998
120	47	1	198.325	77.74000000000008
120	48	1	121.81407035175887	47.547738693467345
120	49	1	161.96499999999995	189.5499999999999
120	50	1	102.39500000000004	69.365
120	51	1	23.169999999999998	115.30999999999995
120	52	1	39.62189054726368	92.089552238806
120	53	1	142.82	71.805
120	54	1	66.62000000000002	55.12000000000001
120	55	1	118.86567164179101	132.71144278606965
120	56	1	31.200000000000003	198.665
120	57	1	74.225	164.9400000000002
120	58	1	76.67839195979903	53.31658291457286
120	59	1	171.5250000000001	93.85500000000005
120	60	1	147.98499999999993	32.699999999999974
120	61	1	199.175	107.76999999999998
120	62	1	26.140000000000008	26.509999999999998
120	63	1	89.64500000000002	37.07999999999999
120	64	1	108.57000000000005	180.09
120	65	1	84.45000000000003	77.82000000000001
120	66	1	74.89949748743717	94.21105527638188
120	67	1	86.98000000000002	21.215000000000014
120	68	1	180.94499999999994	53.435
120	69	1	182.3750000000001	159.53500000000003
120	70	1	83.89447236180908	185.16582914572865
120	71	1	129.42500000000004	97.505
120	72	1	25.280000000000005	101.84000000000003
120	73	1	97.64500000000002	128.39999999999998
120	74	1	119.25373134328353	37.49751243781092
120	75	1	56.785	173.9649999999999
120	76	1	16.638190954773872	131.3517587939698
120	77	1	172.32999999999987	110.48
120	78	1	110.52500000000002	157.81999999999994
120	79	1	144.6099999999999	165.19499999999996
120	80	1	48.487562189054735	117.16417910447763
120	81	1	130.1206030150754	61.37688442211059
120	82	1	70.27999999999997	74.00500000000004
120	83	1	57.32999999999997	125.18500000000004
120	84	1	105.56999999999998	168.03500000000005
120	85	1	61.210000000000015	161.67500000000007
120	86	1	105.31840796019895	117.58706467661692
120	87	1	58.444999999999986	66.07499999999997
120	88	1	13.554999999999996	83.445
120	89	1	75.89000000000004	36.39000000000001
120	90	1	15.975	30.555
120	91	1	81.67999999999998	145.7699999999998
120	92	1	164.52499999999995	131.89
120	93	1	88.14213197969536	141.46192893401007
120	94	1	127.36500000000001	188.14499999999998
120	95	1	23.19402985074627	171.61194029850745
120	96	1	64.81	36.845000000000006
120	97	1	127.33	123.91499999999996
120	98	1	54.449999999999996	197.73500000000007
120	99	1	37.465	73.32999999999998
120	100	1	5.4399999999999995	115.84499999999998
120	101	1	114.00999999999995	191.74499999999998
120	102	1	197.235	88.505
120	103	1	118.10000000000002	56.89999999999999
120	104	1	84.24499999999998	6.895
120	105	1	34.35500000000001	121.38999999999996
120	106	1	159.745	102.70499999999998
120	107	1	105.16999999999997	89.46
120	108	1	14.934673366834168	11.492462311557794
120	109	1	26.575000000000003	76.23499999999999
120	110	1	128.05500000000004	15.084999999999987
120	111	1	183.13	87.46499999999999
120	112	1	91.38999999999996	66.61499999999997
120	113	1	8.805	124.72000000000004
120	114	1	86.84999999999998	163.22999999999982
120	115	1	78.69000000000001	103.64999999999998
120	116	1	103.02500000000005	34.36999999999999
120	117	1	26.909999999999993	40.23999999999998
120	118	1	185.94029850746261	71.24875621890548
120	119	1	123.13432835820898	156.29850746268664
120	120	1	112.75500000000001	102.205
120	121	1	93.05	173.17999999999995
120	122	1	113.37499999999996	65.53999999999998
120	123	1	82.90000000000002	116.88
120	124	1	49.27499999999999	41.5
120	125	1	38.129999999999995	165.48
120	126	1	123.11	143.54000000000013
120	127	1	39.02010050251255	106.33165829145727
120	128	1	163.4029850746269	23.51741293532339
120	129	1	78.03	199.81
120	130	1	86.42211055276377	54.87437185929647
120	131	1	175.7049999999999	170.86499999999995
120	132	1	51.36815920398012	85.78109452736322
120	133	1	168.62499999999997	119.70499999999998
120	134	1	39.98492462311556	20.120603015075375
120	135	1	52.771144278606975	74.64676616915425
120	136	1	120.54000000000006	111.31499999999998
120	137	1	4.388059701492539	37.626865671641795
120	138	1	37.205000000000005	61.074999999999974
120	139	1	41.879396984924604	16.844221105527645
120	140	1	102.72361809045229	80.66331658291456
120	141	1	158.79999999999998	169.04500000000002
120	142	1	144.47738693467343	0.47236180904522607
120	143	1	26.684999999999985	13.340000000000003
120	144	1	25.14	89.52499999999999
120	145	1	71.71000000000002	85.82000000000001
130	1	2	9.691489361702128	9.691489361702128
130	2	2	10.120000000000005	54.88
130	3	2	10.126315789473686	99.6105263157895
130	4	2	9.870000000000005	144.93999999999997
130	5	2	10.000000000000002	189.99999999999997
130	6	2	55.020833333333336	10.270833333333334
130	7	2	54.72916666666666	54.729166666666664
130	8	2	55.12000000000002	99.88
130	9	2	54.87999999999998	144.88
130	10	2	55.000000000000014	190
130	11	2	100.13999999999999	9.940000000000003
130	12	2	100.25555555555555	54.45555555555557
130	13	2	99.72916666666669	100.02083333333333
130	14	2	99.96907216494847	145.30927835051548
130	15	2	99.54945054945055	190.1868131868132
130	16	2	144.72916666666669	10.27083333333333
130	17	2	144.7835051546392	55.309278350515456
130	18	2	145.1199999999999	100.12000000000003
130	19	2	144.87999999999997	144.88
130	20	2	144.71428571428572	190.74725274725276
130	21	2	190.0299999999999	10.13
130	22	2	190.38947368421051	54.87368421052632
130	23	2	189.99999999999994	100.50000000000001
130	24	2	189.87999999999997	145.11999999999998
130	25	2	189.72916666666669	190.02083333333326
130	26	1	29.03960396039604	154.5693069306931
130	27	1	134.4050000000001	159.60000000000005
130	28	1	160.32499999999996	179.63499999999996
130	29	1	191.44221105527637	127.79899497487433
130	30	1	49.89447236180905	1.7537688442211055
130	31	1	144.20499999999998	179.0500000000001
130	32	1	93.51256281407034	112.08040201005025
130	33	1	138.0150000000001	87.37000000000003
130	34	1	153.60999999999993	41.25500000000001
130	35	1	69.34499999999997	151.73999999999987
130	36	1	127.77114427860701	75.87562189054727
130	37	1	199.55276381909547	196.90954773869348
130	38	1	193.44	173.68499999999992
130	39	1	120.54499999999996	87.85999999999996
130	40	1	162.76119402985066	1.8606965174129355
130	41	1	172.125	57.83999999999998
130	42	1	42.669999999999995	183.80999999999992
130	43	1	52.66500000000001	29.639999999999997
130	44	1	134.90049751243788	115.79104477611936
130	45	1	126.185	1.879999999999999
130	46	1	127.52000000000001	173.13999999999993
130	47	1	198.39195979899498	78.00502512562817
130	48	1	121.65500000000006	47.355000000000004
130	49	1	161.93999999999997	189.51499999999996
130	50	1	102.44000000000003	69.245
130	51	1	23.340000000000014	115.67500000000001
130	52	1	39.69	92.31000000000006
130	53	1	142.61000000000007	71.92499999999998
130	54	1	66.50499999999997	55.055
130	55	1	118.13000000000001	133.51999999999992
130	56	1	31.150000000000016	198.54500000000004
130	57	1	74.41000000000003	165.00999999999996
130	58	1	76.65499999999996	53.535000000000004
130	59	1	171.40999999999985	94.05499999999999
130	60	1	148.0348258706467	32.71144278606966
130	61	1	199.12	107.97999999999998
130	62	1	26.08999999999999	26.444999999999997
130	63	1	89.815	37.140000000000015
130	64	1	108.65000000000002	180.10500000000008
130	65	1	84.50499999999988	77.93999999999998
130	66	1	75	94.24499999999996
130	67	1	86.53000000000002	21.04000000000001
130	68	1	181.08	53.33999999999999
130	69	1	181.94500000000008	159.5500000000001
130	70	1	83.67999999999999	185.33500000000006
130	71	1	129.44999999999996	97.81500000000003
130	72	1	25.28	101.94999999999999
130	73	1	97.66500000000006	128.345
130	74	1	119.35999999999997	37.34500000000002
130	75	1	57.030000000000015	173.96499999999992
130	76	1	15.805000000000003	131.89000000000016
130	77	1	172.45999999999995	110.62
130	78	1	111.08955223880595	157.9502487562189
130	79	1	144.3718592964824	165.25628140703515
130	80	1	48.47761194029851	117.5721393034826
130	81	1	130.05500000000004	61.190000000000005
130	82	1	70.29499999999997	73.895
130	83	1	57.482412060301506	125.80904522613069
130	84	1	105.46000000000006	167.935
130	85	1	61.285000000000025	161.92500000000004
130	86	1	106.10999999999996	118.05999999999999
130	87	1	58.204999999999984	66.09499999999997
130	88	1	13.500000000000002	83.60499999999999
130	89	1	75.84999999999995	36.31500000000002
130	90	1	16.070000000000004	30.619999999999994
130	91	1	81.70500000000001	145.79999999999993
130	92	1	164.55500000000004	131.905
130	93	1	88.14213197969536	141.46192893401007
130	94	1	127.38190954773873	188.08040201005034
130	95	1	23.755000000000003	170.54500000000002
130	96	1	64.89	36.93000000000001
130	97	1	127.13999999999997	124.16000000000001
130	98	1	54.449999999999996	197.73500000000007
130	99	1	37.379999999999995	73.41
130	100	1	5.464999999999999	115.94999999999999
130	101	1	114.10500000000003	191.84999999999994
130	102	1	197	88.49500000000002
130	103	1	118.10500000000005	56.99000000000001
130	104	1	84.93532338308462	6.358208955223878
130	105	1	33.965	121.805
130	106	1	159.525	102.77500000000003
130	107	1	105.22999999999999	89.41500000000006
130	108	1	15.084999999999997	11.480000000000002
130	109	1	26.660000000000018	76.525
130	110	1	128.07999999999996	14.985
130	111	1	182.9849999999999	87.23999999999998
130	112	1	91.33000000000001	66.715
130	113	1	9.15	124.64000000000003
130	114	1	86.98999999999998	163.12000000000003
130	115	1	79.37500000000001	103.90000000000003
130	116	1	103.31	33.870000000000026
130	117	1	26.754999999999995	40.11999999999999
130	118	1	186.81499999999988	71.01999999999995
130	119	1	123.755	156.43000000000006
130	120	1	112.39303482587066	102.57711442786068
130	121	1	92.94499999999995	173.235
130	122	1	113.40999999999997	65.49500000000002
130	123	1	83.16	117.82500000000002
130	124	1	49.248756218905484	41.44776119402986
130	125	1	37.589999999999996	166.26000000000013
130	126	1	123.32999999999997	143.1850000000001
130	127	1	39.20000000000003	106.50500000000001
130	128	1	162.62814070351766	23.231155778894472
130	129	1	78.16000000000004	199.76
130	130	1	86.44723618090455	54.72361809045226
130	131	1	175.6349999999999	171.10499999999993
130	132	1	51.225	85.65500000000003
130	133	1	168.5276381909549	119.72361809045223
130	134	1	39.949494949494934	20.166666666666664
130	135	1	52.879999999999995	74.78999999999992
130	136	1	120.39999999999999	111.49500000000003
130	137	1	3.7799999999999994	37.78500000000001
130	138	1	36.90499999999999	61.24999999999999
130	139	1	41.979899497487445	16.8894472361809
130	140	1	102.87500000000009	80.57999999999998
130	141	1	158.6500000000001	169.04500000000004
130	142	1	144.51500000000004	0.54
130	143	1	26.774999999999995	13.264999999999997
130	144	1	25.09045226130653	89.80402010050248
130	145	1	71.55000000000003	85.75499999999997
140	1	2	9.691489361702128	9.691489361702128
140	2	2	10.120000000000005	54.88
140	3	2	10.126315789473686	99.6105263157895
140	4	2	9.870000000000005	144.93999999999997
140	5	2	10.000000000000002	189.99999999999997
140	6	2	55.020833333333336	10.270833333333334
140	7	2	54.72916666666666	54.729166666666664
140	8	2	55.12000000000002	99.88
140	9	2	54.87999999999998	144.88
140	10	2	55.000000000000014	190
140	11	2	100.13999999999999	9.940000000000003
140	12	2	100.25555555555555	54.45555555555557
140	13	2	99.72916666666669	100.02083333333333
140	14	2	99.96907216494847	145.30927835051548
140	15	2	99.54945054945055	190.1868131868132
140	16	2	144.72916666666669	10.27083333333333
140	17	2	144.7835051546392	55.309278350515456
140	18	2	145.1199999999999	100.12000000000003
140	19	2	144.87999999999997	144.88
140	20	2	144.71428571428572	190.74725274725276
140	21	2	190.0299999999999	10.13
140	22	2	190.38947368421051	54.87368421052632
140	23	2	189.99999999999994	100.50000000000001
140	24	2	189.87999999999997	145.11999999999998
140	25	2	189.72916666666669	190.02083333333326
140	26	1	28.955223880597007	153.91044776119406
140	27	1	134.76616915422886	159.34825870646785
140	28	1	160.28499999999997	179.67000000000002
140	29	1	191.37313432835822	126.37313432835816
140	30	1	49.89447236180905	1.7537688442211055
140	31	1	143.95000000000005	179.08499999999998
140	32	1	93.65174129353231	112.65671641791039
140	33	1	137.89500000000007	87.23000000000005
140	34	1	153.54499999999987	41.1
140	35	1	69.52999999999994	151.84500000000006
140	36	1	127.70854271356781	75.90954773869355
140	37	1	199.705	196.945
140	38	1	193.48499999999999	173.98500000000004
140	39	1	120.47499999999997	87.83000000000001
140	40	1	161.91044776119404	2.5373134328358216
140	41	1	172.01999999999995	57.88000000000002
140	42	1	42.52499999999999	183.82000000000002
140	43	1	52.614999999999995	29.764999999999986
140	44	1	134.68500000000006	115.39999999999999
140	45	1	126.61000000000004	1.6650000000000016
140	46	1	127.55499999999996	173.42999999999992
140	47	1	198.33	78.01000000000002
140	48	1	121.75000000000001	47.42500000000002
140	49	1	161.70499999999993	189.74499999999992
140	50	1	102.49999999999994	69.33
140	51	1	23.349999999999987	115.39500000000004
140	52	1	39.67999999999998	92.39500000000002
140	53	1	142.29999999999998	71.71500000000002
140	54	1	66.64000000000003	55.06000000000003
140	55	1	117.53233830845775	134.79601990049758
140	56	1	31.080000000000013	198.64
140	57	1	74.47263681592034	165.0547263681592
140	58	1	76.71	53.444999999999986
140	59	1	171.42500000000004	94.14500000000001
140	60	1	148.09499999999994	32.76499999999998
140	61	1	199.125	107.67999999999998
140	62	1	26.090000000000014	26.485
140	63	1	89.85000000000001	36.95
140	64	1	108.29999999999997	180.0199999999999
140	65	1	84.73500000000003	78.09500000000003
140	66	1	75.45500000000003	94.09499999999997
140	67	1	85.77611940298507	20.567164179104484
140	68	1	181.09500000000003	53.20499999999996
140	69	1	181.72499999999994	159.76500000000001
140	70	1	83.71000000000008	185.21500000000003
140	71	1	129.18500000000003	97.825
140	72	1	25.345000000000006	101.87000000000006
140	73	1	97.72500000000001	128.24499999999995
140	74	1	119.27999999999999	37.254999999999995
140	75	1	57.22	173.6850000000001
140	76	1	15.429999999999996	132.33499999999995
140	77	1	172.72000000000003	110.795
140	78	1	111.42999999999998	157.81499999999997
140	79	1	144.43	165.36499999999987
140	80	1	48.294999999999995	117.70500000000001
140	81	1	130.09500000000008	61.220000000000006
140	82	1	70.34	73.75000000000001
140	83	1	57.39303482587066	126.04477611940301
140	84	1	105.50500000000005	167.45999999999995
140	85	1	60.547263681592064	162.2487562189055
140	86	1	106.82999999999994	118.65499999999999
140	87	1	58.14000000000001	66.1
140	88	1	13.135000000000005	83.83499999999994
140	89	1	76.035	36.455
140	90	1	15.924999999999997	30.61499999999999
140	91	1	81.74999999999999	145.94
140	92	1	164.21499999999997	131.88500000000005
140	93	1	88.14213197969536	141.46192893401007
140	94	1	127.20500000000001	188.1500000000001
140	95	1	23.949748743718594	169.9849246231156
140	96	1	64.80099502487563	36.721393034825866
140	97	1	126.91499999999995	124.03499999999998
140	98	1	54.449999999999996	197.73500000000007
140	99	1	37.410000000000025	73.34499999999998
140	100	1	5.525000000000002	116.17500000000003
140	101	1	114.05025125628141	191.6180904522613
140	102	1	197.005	88.64999999999999
140	103	1	118.13999999999999	57.02500000000003
140	104	1	85.49500000000003	6.140000000000001
140	105	1	33.35175879396986	122.42713567839198
140	106	1	159.30499999999998	102.87000000000008
140	107	1	105.23999999999994	89.49500000000002
140	108	1	15.144999999999996	11.654999999999998
140	109	1	26.76119402985072	76.51741293532335
140	110	1	128.16582914572865	14.819095477386929
140	111	1	183.03499999999988	87.27500000000006
140	112	1	91.31500000000004	66.61999999999996
140	113	1	9.834999999999997	124.47500000000002
140	114	1	87.20000000000005	163.09000000000006
140	115	1	79.48000000000003	104.02000000000004
140	116	1	103.32499999999999	33.424999999999976
140	117	1	26.529999999999994	40.075
140	118	1	187.01000000000005	70.89000000000003
140	119	1	123.91499999999998	156.54000000000008
140	120	1	112.17999999999999	102.84500000000006
140	121	1	93.055	173.05500000000006
140	122	1	113.37499999999994	65.34500000000006
140	123	1	83.30000000000001	118.73500000000003
140	124	1	49.144999999999996	41.41
140	125	1	37.33999999999999	166.38499999999993
140	126	1	123.95500000000006	142.68499999999997
140	127	1	39.17	106.77000000000002
140	128	1	162.01999999999992	22.72500000000001
140	129	1	78.62499999999999	199.365
140	130	1	86.44499999999996	54.73000000000002
140	131	1	175.3316582914574	171.38693467336685
140	132	1	51.425	85.79000000000006
140	133	1	168.3949999999999	119.56999999999996
140	134	1	39.9090909090909	20.363636363636356
140	135	1	52.844999999999956	74.82499999999999
140	136	1	120.29999999999997	111.40500000000006
140	137	1	3.4700000000000046	38.02000000000002
140	138	1	37.20499999999999	61.29999999999999
140	139	1	42.05527638190954	16.88442211055277
140	140	1	102.955	80.60499999999998
140	141	1	158.51499999999996	169.10000000000014
140	142	1	144.3650000000002	0.66
140	143	1	26.909547738693476	13.336683417085421
140	144	1	25.25628140703518	89.66331658291453
140	145	1	71.74500000000002	85.60499999999999
150	1	2	9.691489361702128	9.691489361702128
150	2	2	10.120000000000005	54.88
150	3	2	10.126315789473686	99.6105263157895
150	4	2	9.870000000000005	144.93999999999997
150	5	2	10.000000000000002	189.99999999999997
150	6	2	55.020833333333336	10.270833333333334
150	7	2	54.72916666666666	54.729166666666664
150	8	2	55.12000000000002	99.88
150	9	2	54.87999999999998	144.88
150	10	2	55.000000000000014	190
150	11	2	100.13999999999999	9.940000000000003
150	12	2	100.25555555555555	54.45555555555557
150	13	2	99.72916666666669	100.02083333333333
150	14	2	99.96907216494847	145.30927835051548
150	15	2	99.54945054945055	190.1868131868132
150	16	2	144.72916666666669	10.27083333333333
150	17	2	144.7835051546392	55.309278350515456
150	18	2	145.1199999999999	100.12000000000003
150	19	2	144.87999999999997	144.88
150	20	2	144.71428571428572	190.74725274725276
150	21	2	190.0299999999999	10.13
150	22	2	190.38947368421051	54.87368421052632
150	23	2	189.99999999999994	100.50000000000001
150	24	2	189.87999999999997	145.11999999999998
150	25	2	189.72916666666669	190.02083333333326
150	26	1	28.84422110552763	153.69346733668334
150	27	1	134.84999999999997	159.36
150	28	1	160.45000000000013	179.45999999999998
150	29	1	191.63	125.27000000000004
150	30	1	49.793969849246224	1.7939698492462315
150	31	1	143.43499999999995	179.24499999999995
150	32	1	93.83999999999996	112.72000000000007
150	33	1	137.86	87.29000000000009
150	34	1	153.43499999999997	41.02999999999999
150	35	1	69.53999999999999	151.75999999999996
150	36	1	127.7611940298508	75.9203980099503
150	37	1	199.58	197.18
150	38	1	193.545	174.1350000000001
150	39	1	120.545	87.93500000000002
150	40	1	161.38999999999996	3.1100000000000003
150	41	1	172.07000000000005	57.900000000000006
150	42	1	42.48756218905473	183.71641791044772
150	43	1	52.60000000000001	29.73499999999998
150	44	1	134.335	115.21500000000005
150	45	1	126.84500000000004	1.6800000000000004
150	46	1	127.40499999999993	173.25500000000002
150	47	1	198.385	77.98000000000002
150	48	1	121.63	47.419999999999995
150	49	1	161.60999999999999	189.6849999999999
150	50	1	102.62311557788944	69.40703517587943
150	51	1	23.434999999999995	115.08999999999999
150	52	1	39.665000000000006	92.29
150	53	1	141.68999999999988	71.33999999999999
150	54	1	66.60999999999997	55.03000000000001
150	55	1	117.01990049751241	135.77611940298516
150	56	1	31.215000000000018	198.61
150	57	1	74.57500000000003	165.07000000000005
150	58	1	76.72999999999993	53.53499999999996
150	59	1	171.30499999999986	94.10000000000005
150	60	1	148.16499999999988	32.63999999999999
150	61	1	199.255	107.375
150	62	1	26.165829145728644	26.61306532663315
150	63	1	89.93000000000002	37.029999999999994
150	64	1	108.43000000000002	180.03000000000003
150	65	1	84.72999999999999	78.08999999999999
150	66	1	75.69500000000001	94.13999999999999
150	67	1	84.77999999999996	20.09
150	68	1	180.97500000000002	53.245
150	69	1	181.9199999999999	159.84500000000006
150	70	1	83.955	185.3400000000001
150	71	1	129.40500000000003	97.945
150	72	1	25.376884422110546	101.87437185929652
150	73	1	97.57000000000002	128.13500000000005
150	74	1	119.19	37.205
150	75	1	57.2139303482587	173.4228855721393
150	76	1	15.254999999999995	132.44500000000014
150	77	1	172.80099502487548	110.82587064676616
150	78	1	111.42786069651739	157.9004975124378
150	79	1	144.50499999999988	165.63000000000002
150	80	1	48.12500000000001	117.78999999999999
150	81	1	129.98994974874378	61.25628140703518
150	82	1	70.26500000000003	73.94000000000004
150	83	1	57.289999999999985	125.89999999999996
150	84	1	105.56499999999998	167.61
150	85	1	60.05500000000001	162.6
150	86	1	107.27860696517415	119.35323383084578
150	87	1	58.15999999999999	66.00000000000001
150	88	1	12.925000000000011	84.175
150	89	1	76.04499999999997	36.635
150	90	1	15.825	30.610000000000003
150	91	1	81.70149253731343	145.99502487562188
150	92	1	163.94999999999993	131.8399999999999
150	93	1	88.14213197969536	141.46192893401007
150	94	1	126.92999999999995	188.42499999999998
150	95	1	23.804999999999996	169.73000000000008
150	96	1	64.8140703517588	36.87939698492461
150	97	1	126.36499999999998	124.01500000000001
150	98	1	54.402010050251256	197.74874371859295
150	99	1	37.62	73.41999999999996
150	100	1	5.31	116.24
150	101	1	113.91457286432161	191.45728643216077
150	102	1	196.595	88.39000000000001
150	103	1	118.19095477386934	56.97487437185928
150	104	1	85.625	5.829999999999997
150	105	1	33.17587939698492	122.50753768844218
150	106	1	159.04499999999993	103.08000000000003
150	107	1	105.30000000000001	89.52499999999996
150	108	1	15.204999999999995	11.61
150	109	1	26.884999999999998	76.56999999999995
150	110	1	128.46999999999994	14.709999999999996
150	111	1	182.9597989949749	87.45728643216079
150	112	1	91.50500000000002	66.68000000000005
150	113	1	10.343283582089553	124.28855721393032
150	114	1	87.32499999999999	162.96499999999995
150	115	1	79.88499999999995	104.26999999999991
150	116	1	103.20100502512565	33.33668341708542
150	117	1	26.95000000000001	40.045
150	118	1	186.66999999999996	70.95499999999996
150	119	1	123.95	156.41500000000005
150	120	1	112.30150753768842	103.01005025125632
150	121	1	93.06532663316587	173.04020100502498
150	122	1	113.38190954773863	65.19597989949749
150	123	1	83.44221105527639	119.56783919597993
150	124	1	49.13499999999998	41.31
150	125	1	37.110000000000014	166.27999999999994
150	126	1	123.89	142.635
150	127	1	39.32999999999999	106.58999999999999
150	128	1	161.8650000000001	22.59499999999999
150	129	1	78.52499999999995	199.45
150	130	1	86.345	55.10499999999999
150	131	1	175.45	171.40999999999994
150	132	1	51.40999999999998	85.88000000000002
150	133	1	168.18090452261302	119.53768844221105
150	134	1	39.94472361809048	20.58793969849247
150	135	1	52.89499999999999	74.78500000000004
150	136	1	119.99004975124383	111.55721393034828
150	137	1	4.059999999999999	38.19499999999997
150	138	1	36.995000000000005	61.34
150	139	1	41.99499999999999	16.860000000000003
150	140	1	103.115	80.53999999999998
150	141	1	158.3618090452261	169.04020100502507
150	142	1	144.70000000000002	0.5850000000000001
150	143	1	26.890000000000008	13.450000000000001
150	144	1	25.119999999999987	89.67500000000004
150	145	1	71.77500000000002	85.63
160	1	2	9.691489361702128	9.691489361702128
160	2	2	10.120000000000005	54.88
160	3	2	10.126315789473686	99.6105263157895
160	4	2	9.870000000000005	144.93999999999997
160	5	2	10.000000000000002	189.99999999999997
160	6	2	55.020833333333336	10.270833333333334
160	7	2	54.72916666666666	54.729166666666664
160	8	2	55.12000000000002	99.88
160	9	2	54.87999999999998	144.88
160	10	2	55.000000000000014	190
160	11	2	100.13999999999999	9.940000000000003
160	12	2	100.25555555555555	54.45555555555557
160	13	2	99.72916666666669	100.02083333333333
160	14	2	99.96907216494847	145.30927835051548
160	15	2	99.54945054945055	190.1868131868132
160	16	2	144.72916666666669	10.27083333333333
160	17	2	144.7835051546392	55.309278350515456
160	18	2	145.1199999999999	100.12000000000003
160	19	2	144.87999999999997	144.88
160	20	2	144.71428571428572	190.74725274725276
160	21	2	190.0299999999999	10.13
160	22	2	190.38947368421051	54.87368421052632
160	23	2	189.99999999999994	100.50000000000001
160	24	2	189.87999999999997	145.11999999999998
160	25	2	189.72916666666669	190.02083333333326
160	26	1	28.680000000000003	153.98499999999999
160	27	1	134.6318407960198	159.39303482587064
160	28	1	160.51999999999995	179.61499999999998
160	29	1	191.91499999999996	124.33
160	30	1	49.99000000000004	1.7149999999999999
160	31	1	143.16500000000002	179.29000000000008
160	32	1	94.08000000000001	112.74500000000002
160	33	1	137.78499999999997	87.2
160	34	1	153.36	41.13499999999999
160	35	1	69.84499999999997	151.92
160	36	1	127.795	75.83500000000004
160	37	1	199.655	197.095
160	38	1	193.62	174.2350000000001
160	39	1	120.64500000000001	87.83000000000004
160	40	1	161.43	3.11
160	41	1	172.27999999999977	57.92500000000002
160	42	1	42.49246231155781	183.67336683417085
160	43	1	52.67000000000001	29.714999999999986
160	44	1	134.33499999999995	115.01499999999993
160	45	1	126.90000000000009	1.579999999999998
160	46	1	127.24378109452739	173.16417910447765
160	47	1	198.775	77.97499999999997
160	48	1	121.85500000000008	47.505000000000024
160	49	1	161.9099999999999	189.55499999999998
160	50	1	102.67999999999998	69.51500000000004
160	51	1	23.05	114.82999999999997
160	52	1	39.85500000000001	92.32499999999992
160	53	1	141.48241206030147	71.04522613065328
160	54	1	66.58999999999999	55.059999999999995
160	55	1	116.78606965174127	136.09950248756218
160	56	1	31.169999999999998	198.77500000000015
160	57	1	74.74999999999996	165.08999999999992
160	58	1	76.74499999999999	53.56499999999998
160	59	1	171.235	93.84
160	60	1	148.30999999999992	32.43500000000001
160	61	1	199.25	107.1549999999999
160	62	1	26.085	26.535000000000004
160	63	1	89.9246231155779	36.899497487437195
160	64	1	108.68499999999996	179.88000000000017
160	65	1	84.56783919597993	78.0201005025126
160	66	1	75.68000000000002	94.20499999999998
160	67	1	84.06499999999997	19.54999999999999
160	68	1	181.035	53.35000000000001
160	69	1	182.24875621890533	159.79104477611943
160	70	1	83.96	185.16000000000003
160	71	1	129.23618090452266	97.89447236180904
160	72	1	25.395000000000007	102.12500000000001
160	73	1	97.34825870646765	127.95024875621887
160	74	1	119.19000000000001	37.27500000000002
160	75	1	57.365	173.28
160	76	1	15.230000000000002	132.4050000000001
160	77	1	172.75500000000008	110.65
160	78	1	111.22999999999999	157.84
160	79	1	144.64000000000004	166.01000000000002
160	80	1	48.099999999999994	117.70500000000006
160	81	1	130.12500000000006	61.250000000000014
160	82	1	70.18999999999996	73.85999999999994
160	83	1	57.12935323383085	126.0995024875622
160	84	1	105.74000000000001	167.73999999999995
160	85	1	59.76999999999996	162.5850000000001
160	86	1	107.965	119.93000000000002
160	87	1	58.160804020100464	65.87939698492464
160	88	1	12.915000000000003	84.24500000000002
160	89	1	76.24499999999998	36.815
160	90	1	15.748743718592964	30.63819095477387
160	91	1	81.75879396984922	145.84924623115575
160	92	1	163.82000000000005	131.70500000000004
160	93	1	88.14213197969536	141.46192893401007
160	94	1	126.8391959798995	188.44723618090447
160	95	1	23.909999999999993	169.53499999999994
160	96	1	64.80904522613062	37.030150753768844
160	97	1	126.22388059701494	123.89552238805969
160	98	1	54.50251256281406	197.72864321608054
160	99	1	37.71999999999999	73.43000000000004
160	100	1	5.209999999999998	116.19499999999996
160	101	1	113.91500000000002	191.15499999999997
160	102	1	196.385	88.13999999999997
160	103	1	118.09	56.92500000000001
160	104	1	85.535	5.805000000000001
160	105	1	33.06532663316584	122.74874371859293
160	106	1	159.0746268656716	103.05970149253733
160	107	1	105.36999999999996	89.66500000000005
160	108	1	15.236180904522612	11.658291457286424
160	109	1	26.964999999999986	76.66000000000008
160	110	1	128.25499999999994	14.700000000000005
160	111	1	182.76500000000004	87.36
160	112	1	91.40298507462686	66.82587064676613
160	113	1	10.460000000000003	124.40500000000002
160	114	1	87.355	162.90500000000003
160	115	1	79.93499999999997	104.63499999999992
160	116	1	103.01000000000003	33.37499999999999
160	117	1	26.985000000000007	40.055000000000014
160	118	1	186.53731343283587	71.10447761194028
160	119	1	123.71000000000001	156.4099999999999
160	120	1	112.155	103.10999999999997
160	121	1	93.08	173.0899999999999
160	122	1	113.38499999999998	65.33000000000003
160	123	1	83.65000000000002	120.19999999999999
160	124	1	49.200000000000045	41.28499999999998
160	125	1	37.14500000000002	166.70000000000002
160	126	1	123.89499999999997	142.56999999999996
160	127	1	39.045	106.85000000000005
160	128	1	161.68000000000006	22.445
160	129	1	78.55499999999998	199.38
160	130	1	86.48000000000005	54.949999999999996
160	131	1	175.59000000000006	170.97000000000003
160	132	1	51.62500000000002	85.99499999999998
160	133	1	168.1256281407035	119.61306532663319
160	134	1	39.91	20.614999999999995
160	135	1	52.87499999999997	74.84000000000003
160	136	1	119.88000000000004	111.54999999999995
160	137	1	4.477611940298515	38.20895522388058
160	138	1	36.89499999999996	61.38499999999998
160	139	1	42.15075376884424	16.95979899497488
160	140	1	102.97500000000004	80.72000000000008
160	141	1	158.64999999999998	168.99500000000003
160	142	1	144.78499999999997	0.6049999999999996
160	143	1	26.975	13.385000000000003
160	144	1	25.264999999999993	89.72000000000001
160	145	1	71.85499999999995	85.575
170	1	2	9.691489361702128	9.691489361702128
170	2	2	10.120000000000005	54.88
170	3	2	10.126315789473686	99.6105263157895
170	4	2	9.870000000000005	144.93999999999997
170	5	2	10.000000000000002	189.99999999999997
170	6	2	55.020833333333336	10.270833333333334
170	7	2	54.72916666666666	54.729166666666664
170	8	2	55.12000000000002	99.88
170	9	2	54.87999999999998	144.88
170	10	2	55.000000000000014	190
170	11	2	100.13999999999999	9.940000000000003
170	12	2	100.25555555555555	54.45555555555557
170	13	2	99.72916666666669	100.02083333333333
170	14	2	99.96907216494847	145.30927835051548
170	15	2	99.54945054945055	190.1868131868132
170	16	2	144.72916666666669	10.27083333333333
170	17	2	144.7835051546392	55.309278350515456
170	18	2	145.1199999999999	100.12000000000003
170	19	2	144.87999999999997	144.88
170	20	2	144.71428571428572	190.74725274725276
170	21	2	190.0299999999999	10.13
170	22	2	190.38947368421051	54.87368421052632
170	23	2	189.99999999999994	100.50000000000001
170	24	2	189.87999999999997	145.11999999999998
170	25	2	189.72916666666669	190.02083333333326
170	26	1	27.860000000000014	153.5050000000001
170	27	1	134.50999999999996	159.78499999999997
170	28	1	160.34500000000003	179.65999999999997
170	29	1	191.7999999999999	123.42500000000001
170	30	1	49.93467336683421	1.7386934673366832
170	31	1	143.14	179.33999999999995
170	32	1	93.87500000000003	112.82500000000002
170	33	1	137.88499999999996	86.69500000000001
170	34	1	154.18407960199005	41.3333333333333
170	35	1	69.60301507537686	151.7286432160803
170	36	1	127.80500000000004	75.82499999999999
170	37	1	199.96	197.48
170	38	1	193.685	174.43499999999997
170	39	1	120.50499999999992	87.97000000000003
170	40	1	161.25499999999988	3.064999999999999
170	41	1	172.4328358208955	57.24875621890548
170	42	1	42.56500000000002	183.61999999999986
170	43	1	52.860000000000035	29.529999999999998
170	44	1	134.09499999999994	114.92
170	45	1	126.93	1.4799999999999984
170	46	1	127.45000000000002	173.42500000000004
170	47	1	198.955	77.96
170	48	1	121.98000000000005	47.559999999999974
170	49	1	161.97999999999993	189.4450000000001
170	50	1	102.48500000000003	69.62000000000003
170	51	1	23.04	114.70500000000003
170	52	1	39.82499999999999	92.23500000000001
170	53	1	141.53999999999996	71.10499999999999
170	54	1	66.685	55.25499999999999
170	55	1	116.66500000000003	136.35999999999987
170	56	1	31.245	198.66000000000003
170	57	1	74.55	165.14999999999998
170	58	1	76.705	53.54000000000002
170	59	1	171.15500000000006	93.62500000000006
170	60	1	148.44999999999982	32.54499999999996
170	61	1	199.275	106.95999999999997
170	62	1	26.125628140703526	26.542713567839204
170	63	1	89.93499999999996	36.73499999999999
170	64	1	108.72	179.88000000000014
170	65	1	84.51999999999998	77.97000000000001
170	66	1	75.67500000000004	94.11500000000004
170	67	1	83.56000000000004	19.245000000000008
170	68	1	181.09500000000003	53.40999999999998
170	69	1	183.0100502512563	159.9045226130653
170	70	1	84.04500000000007	185.18000000000006
170	71	1	129.4	97.59000000000002
170	72	1	25.384999999999998	102.03500000000001
170	73	1	97.43500000000003	127.50999999999999
170	74	1	119.08000000000008	37.40000000000001
170	75	1	57.329999999999984	173.32000000000014
170	76	1	15.164999999999996	132.32999999999993
170	77	1	172.67999999999998	110.46999999999998
170	78	1	111.35500000000005	157.9950000000001
170	79	1	144.87000000000006	165.88999999999996
170	80	1	48.044999999999966	117.77499999999996
170	81	1	130.105	61.30000000000001
170	82	1	70.15500000000002	73.97
170	83	1	57.379999999999995	126.25500000000001
170	84	1	105.75999999999996	167.80999999999997
170	85	1	59.969999999999985	162.4999999999999
170	86	1	108.58000000000003	120.12499999999996
170	87	1	58.07000000000001	65.76999999999998
170	88	1	13.024999999999999	84.26499999999997
170	89	1	76.38	36.845000000000006
170	90	1	15.605000000000002	30.600000000000012
170	91	1	81.74000000000004	145.77500000000006
170	92	1	163.84577114427867	131.65174129353227
170	93	1	88.14213197969536	141.46192893401007
170	94	1	126.84000000000003	188.50500000000002
170	95	1	24.185000000000013	169.66000000000003
170	96	1	64.83000000000003	37.14999999999999
170	97	1	126.00500000000002	124.01000000000008
170	98	1	54.50251256281406	197.72864321608054
170	99	1	37.81499999999998	73.43
170	100	1	5.065	116.18499999999995
170	101	1	113.89499999999998	191.32
170	102	1	196.365	88.03000000000003
170	103	1	118.13567839195981	56.98492462311558
170	104	1	85.25628140703517	6.0402010050251285
170	105	1	33.21000000000001	122.51
170	106	1	158.95522388059712	102.97014925373135
170	107	1	105.43499999999993	89.64000000000001
170	108	1	15.344999999999995	11.615
170	109	1	26.98499999999999	76.62000000000003
170	110	1	127.97999999999998	14.885
170	111	1	182.78500000000005	87.48999999999997
170	112	1	91.335	66.655
170	113	1	10.524999999999999	124.21499999999996
170	114	1	87.14	162.82500000000005
170	115	1	79.76000000000002	104.75500000000002
170	116	1	103.03499999999998	33.35999999999999
170	117	1	27.155000000000012	39.94000000000002
170	118	1	186.51499999999987	71.09
170	119	1	123.55500000000004	156.515
170	120	1	112.05000000000004	103.10999999999994
170	121	1	92.94000000000005	172.9399999999999
170	122	1	113.33668341708547	65.25125628140707
170	123	1	83.85	120.41500000000002
170	124	1	49.239999999999974	41.18000000000001
170	125	1	37.130653266331656	166.43216080402013
170	126	1	123.87999999999997	142.87999999999974
170	127	1	39.339999999999996	106.53999999999996
170	128	1	161.55500000000006	22.48500000000001
170	129	1	78.48500000000006	199.32
170	130	1	86.47000000000007	54.80999999999998
170	131	1	175.67499999999998	170.82000000000008
170	132	1	51.52000000000001	86.26000000000003
170	133	1	168.1909547738693	119.60301507537682
170	134	1	39.90954773869345	20.653266331658298
170	135	1	52.834999999999994	74.83000000000001
170	136	1	120.07000000000001	111.26999999999997
170	137	1	5.009999999999999	38.62000000000001
170	138	1	36.92	61.40999999999999
170	139	1	42.13999999999999	16.940000000000005
170	140	1	102.995	80.64999999999996
170	141	1	158.66000000000008	168.96500000000003
170	142	1	144.5999999999999	0.5550000000000003
170	143	1	27.064999999999994	13.315000000000003
170	144	1	25.20499999999999	89.71500000000002
170	145	1	71.59500000000001	85.55999999999996
180	1	2	9.691489361702128	9.691489361702128
180	2	2	10.120000000000005	54.88
180	3	2	10.126315789473686	99.6105263157895
180	4	2	9.870000000000005	144.93999999999997
180	5	2	10.000000000000002	189.99999999999997
180	6	2	55.020833333333336	10.270833333333334
180	7	2	54.72916666666666	54.729166666666664
180	8	2	55.12000000000002	99.88
180	9	2	54.87999999999998	144.88
180	10	2	55.000000000000014	190
180	11	2	100.13999999999999	9.940000000000003
180	12	2	100.25555555555555	54.45555555555557
180	13	2	99.72916666666669	100.02083333333333
180	14	2	99.96907216494847	145.30927835051548
180	15	2	99.54945054945055	190.1868131868132
180	16	2	144.72916666666669	10.27083333333333
180	17	2	144.7835051546392	55.309278350515456
180	18	2	145.1199999999999	100.12000000000003
180	19	2	144.87999999999997	144.88
180	20	2	144.71428571428572	190.74725274725276
180	21	2	190.0299999999999	10.13
180	22	2	190.38947368421051	54.87368421052632
180	23	2	189.99999999999994	100.50000000000001
180	24	2	189.87999999999997	145.11999999999998
180	25	2	189.72916666666669	190.02083333333326
180	26	1	26.879999999999974	152.40999999999994
180	27	1	134.5099999999999	159.57500000000005
180	28	1	160.37500000000006	179.7199999999999
180	29	1	191.88059701492537	123.32338308457712
180	30	1	49.99000000000004	1.7149999999999999
180	31	1	143.10999999999999	179.29499999999996
180	32	1	94.08500000000002	113.27999999999999
180	33	1	138.34	86.51000000000002
180	34	1	154.25499999999994	41.970000000000034
180	35	1	69.20999999999994	151.78999999999994
180	36	1	127.92537313432831	75.75124378109456
180	37	1	199.905	197.365
180	38	1	193.485	174.32
180	39	1	120.66666666666669	87.81094527363186
180	40	1	161.12	3.160000000000003
180	41	1	172.45499999999993	57.26500000000001
180	42	1	42.80499999999999	183.40999999999997
180	43	1	52.87499999999999	29.56
180	44	1	134.03999999999996	114.48500000000004
180	45	1	127.265	1.445
180	46	1	127.59701492537313	173.84577114427856
180	47	1	198.985	77.84500000000001
180	48	1	121.59203980099507	47.56218905472637
180	49	1	162.1899999999999	189.38499999999988
180	50	1	102.49000000000004	69.60500000000003
180	51	1	23.099502487562187	114.73134328358215
180	52	1	39.74500000000002	92.21000000000001
180	53	1	141.56499999999988	71.36000000000001
180	54	1	66.82000000000004	55.380000000000045
180	55	1	116.76616915422883	136.33830845771146
180	56	1	31.23999999999998	198.655
180	57	1	74.39999999999999	165.03999999999994
180	58	1	76.84500000000004	53.36500000000001
180	59	1	170.73499999999993	93.31500000000001
180	60	1	148.58499999999987	32.445
180	61	1	199.095	106.99
180	62	1	26.004999999999992	26.54499999999999
180	63	1	89.74500000000003	36.74499999999998
180	64	1	108.825	179.81999999999996
180	65	1	84.48241206030146	77.97989949748742
180	66	1	75.64500000000004	94.16000000000004
180	67	1	83.38999999999999	19.064999999999987
180	68	1	181.00999999999988	53.22999999999998
180	69	1	183.90499999999992	160.08999999999992
180	70	1	83.95000000000005	184.94499999999996
180	71	1	129.725	97.6
180	72	1	25.615000000000013	102.175
180	73	1	97.68	126.89
180	74	1	119.02000000000004	37.17499999999999
180	75	1	57.18592964824121	173.29145728643223
180	76	1	15.305000000000003	132.60500000000008
180	77	1	172.64499999999995	110.49000000000001
180	78	1	111.34	158.02999999999992
180	79	1	144.9449999999998	165.97499999999994
180	80	1	48.439999999999976	117.37
180	81	1	130.20999999999998	61.31000000000002
180	82	1	70.345	74.035
180	83	1	58.545000000000016	126.37500000000004
180	84	1	105.76499999999996	167.79499999999987
180	85	1	60.231155778894475	162.3517587939699
180	86	1	109.37185929648247	121.03015075376881
180	87	1	58.345	65.92500000000001
180	88	1	13.24	84.18499999999996
180	89	1	76.35820895522396	36.786069651741315
180	90	1	15.559999999999999	30.654999999999998
180	91	1	81.73999999999998	145.87499999999991
180	92	1	163.60999999999999	131.66500000000002
180	93	1	88.14213197969536	141.46192893401007
180	94	1	126.94000000000001	188.52500000000012
180	95	1	24.522613065326624	169.7587939698492
180	96	1	64.69500000000002	37.275000000000006
180	97	1	125.97512437810944	123.88059701492537
180	98	1	54.50251256281406	197.72864321608054
180	99	1	37.779999999999994	73.31999999999996
180	100	1	5.069999999999997	116.16500000000002
180	101	1	113.97999999999995	191.39499999999992
180	102	1	196.445	87.97999999999996
180	103	1	118.21105527638187	57.06532663316584
180	104	1	85.40500000000007	6.099999999999996
180	105	1	33.344999999999985	122.58499999999992
180	106	1	159.01999999999998	103.03999999999995
180	107	1	105.43499999999999	89.55499999999998
180	108	1	15.440000000000003	11.545000000000005
180	109	1	27.109999999999992	76.58499999999997
180	110	1	127.44500000000001	14.945000000000018
180	111	1	182.75999999999996	87.51500000000003
180	112	1	91.46499999999996	66.725
180	113	1	10.529999999999998	124.22999999999999
180	114	1	87.26500000000001	162.63
180	115	1	79.90500000000002	104.81499999999996
180	116	1	102.71000000000002	33.705
180	117	1	26.905000000000012	40.04500000000002
180	118	1	186.42000000000004	71.17
180	119	1	123.315	156.54
180	120	1	112.16499999999996	102.97500000000004
180	121	1	92.84499999999998	172.98000000000002
180	122	1	113.345	65.22500000000002
180	123	1	84.18500000000006	120.77999999999994
180	124	1	49.16500000000001	41.21999999999997
180	125	1	36.96	166.34
180	126	1	123.93969849246228	142.90452261306532
180	127	1	39.26500000000001	106.92999999999999
180	128	1	161.50500000000005	22.60999999999999
180	129	1	78.595	199.225
180	130	1	86.67164179104476	54.90547263681592
180	131	1	175.7049999999999	170.68499999999997
180	132	1	51.57500000000002	86.45500000000003
180	133	1	168.1500000000001	119.65499999999999
180	134	1	39.90452261306531	20.61809045226131
180	135	1	52.664999999999985	74.845
180	136	1	120.03500000000007	111.14500000000002
180	137	1	5.73	39.09499999999999
180	138	1	36.93	61.415000000000006
180	139	1	42.13000000000002	17.035000000000007
180	140	1	102.83500000000002	80.65000000000002
180	141	1	158.81	169.07500000000002
180	142	1	144.7249999999999	0.6699999999999997
180	143	1	27.175	13.329999999999993
180	144	1	25.004975124378106	89.7412935323384
180	145	1	71.42000000000003	85.58000000000003
190	1	2	9.691489361702128	9.691489361702128
190	2	2	10.120000000000005	54.88
190	3	2	10.126315789473686	99.6105263157895
190	4	2	9.870000000000005	144.93999999999997
190	5	2	10.000000000000002	189.99999999999997
190	6	2	55.020833333333336	10.270833333333334
190	7	2	54.72916666666666	54.729166666666664
190	8	2	55.12000000000002	99.88
190	9	2	54.87999999999998	144.88
190	10	2	55.000000000000014	190
190	11	2	100.13999999999999	9.940000000000003
190	12	2	100.25555555555555	54.45555555555557
190	13	2	99.72916666666669	100.02083333333333
190	14	2	99.96907216494847	145.30927835051548
190	15	2	99.54945054945055	190.1868131868132
190	16	2	144.72916666666669	10.27083333333333
190	17	2	144.7835051546392	55.309278350515456
190	18	2	145.1199999999999	100.12000000000003
190	19	2	144.87999999999997	144.88
190	20	2	144.71428571428572	190.74725274725276
190	21	2	190.0299999999999	10.13
190	22	2	190.38947368421051	54.87368421052632
190	23	2	189.99999999999994	100.50000000000001
190	24	2	189.87999999999997	145.11999999999998
190	25	2	189.72916666666669	190.02083333333326
190	26	1	25.628140703517595	151.07537688442218
190	27	1	134.51500000000004	159.49499999999998
190	28	1	160.5999999999999	179.6800000000001
190	29	1	191.885	123.055
190	30	1	50.09045226130654	1.6582914572864333
190	31	1	143.15999999999997	179.15
190	32	1	94.06999999999998	113.27000000000005
190	33	1	139.23499999999996	86.31999999999998
190	34	1	154.2849999999999	42.22999999999999
190	35	1	68.77000000000007	151.855
190	36	1	127.98507462686567	75.95024875621887
190	37	1	0.034999999999998734	197.3
190	38	1	193.605	174.87999999999997
190	39	1	120.84500000000003	87.77000000000001
190	40	1	161.15499999999997	3.1900000000000004
190	41	1	172.3100000000001	56.955000000000005
190	42	1	42.800000000000004	183.355
190	43	1	52.8805970149254	29.51741293532337
190	44	1	133.69500000000008	114.32499999999997
190	45	1	127.20000000000003	1.525000000000001
190	46	1	127.41999999999997	173.83499999999998
190	47	1	198.93	77.87499999999997
190	48	1	121.43499999999996	47.625000000000014
190	49	1	162.09999999999994	189.50000000000006
190	50	1	102.49499999999998	69.67499999999995
190	51	1	23.194999999999997	114.85000000000002
190	52	1	39.595000000000034	92.37000000000005
190	53	1	141.3432835820896	71.88059701492537
190	54	1	66.72000000000001	55.14499999999999
190	55	1	117.06	136.32000000000002
190	56	1	31.4228855721393	198.73134328358208
190	57	1	74.44499999999998	164.91500000000005
190	58	1	76.93000000000005	53.55500000000001
190	59	1	170.14999999999992	92.46000000000004
190	60	1	148.9349999999999	32.28999999999997
190	61	1	199.18905472636817	106.94029850746269
190	62	1	25.96019900497513	26.641791044776113
190	63	1	89.80000000000003	36.70499999999999
190	64	1	108.875	179.7149999999999
190	65	1	84.43499999999999	78.00499999999998
190	66	1	75.94499999999992	94.05999999999999
190	67	1	83.28	18.84499999999999
190	68	1	180.95500000000013	53.304999999999986
190	69	1	184.54000000000008	160.38499999999996
190	70	1	83.99499999999999	184.76500000000001
190	71	1	130.54	97.49500000000003
190	72	1	25.555000000000003	102.09500000000006
190	73	1	98.19900497512434	125.88059701492533
190	74	1	118.88000000000004	37.24499999999999
190	75	1	57.17500000000002	173.37499999999991
190	76	1	15.39	133.2449999999999
190	77	1	172.52499999999995	110.22500000000002
190	78	1	111.31999999999998	158.3600000000001
190	79	1	144.76	165.99999999999997
190	80	1	48.295	117.49000000000004
190	81	1	130.30499999999992	61.434999999999995
190	82	1	70.32999999999996	73.75
190	83	1	59.790000000000006	126.805
190	84	1	105.77500000000003	167.82499999999996
190	85	1	60.32500000000002	162.20999999999995
190	86	1	109.65999999999997	121.86000000000004
190	87	1	58.209999999999994	65.87499999999999
190	88	1	13.194999999999995	84.23499999999996
190	89	1	76.57999999999997	36.985000000000014
190	90	1	15.306532663316593	30.683417085427145
190	91	1	81.89054726368167	145.8208955223881
190	92	1	163.47499999999997	131.5300000000001
190	93	1	88.14213197969536	141.46192893401007
190	94	1	127.11999999999999	188.29999999999998
190	95	1	24.91000000000001	169.49500000000006
190	96	1	64.755	37.25000000000001
190	97	1	125.72499999999995	124.045
190	98	1	54.50251256281406	197.72864321608054
190	99	1	37.97000000000001	73.38499999999993
190	100	1	5.250000000000003	116.04500000000002
190	101	1	114.06	191.53499999999997
190	102	1	196.31	88.07999999999998
190	103	1	118.35	57.17499999999999
190	104	1	85.38499999999995	6.140000000000003
190	105	1	32.89949748743719	122.50251256281406
190	106	1	159.3799999999999	102.80499999999998
190	107	1	105.60199004975122	89.51741293532339
190	108	1	15.505	11.674999999999997
190	109	1	27.14572864321608	76.5326633165829
190	110	1	126.66666666666671	15.368159203980094
190	111	1	182.825	87.55000000000003
190	112	1	91.52499999999998	66.73999999999998
190	113	1	10.485000000000003	124.09499999999994
190	114	1	87.14500000000002	162.625
190	115	1	80.18	104.91000000000001
190	116	1	102.54726368159203	33.85572139303483
190	117	1	27.10000000000001	39.974999999999994
190	118	1	186.1	71.11000000000006
190	119	1	123.11055276381909	156.76381909547743
190	120	1	112.51000000000005	102.7
190	121	1	92.99999999999999	172.93999999999997
190	122	1	113.30000000000004	65.19999999999997
190	123	1	84.42999999999994	121.00999999999995
190	124	1	49.211055276381956	41.231155778894454
190	125	1	36.64	166.24000000000012
190	126	1	124.10050251256277	143.19095477386938
190	127	1	39.17587939698493	107.1809045226131
190	128	1	161.40201005025125	22.522613065326627
190	129	1	78.46500000000003	199.28
190	130	1	86.72500000000001	54.739999999999995
190	131	1	175.81094527363197	170.72139303482592
190	132	1	51.43499999999997	86.52
190	133	1	167.8799999999999	119.65000000000003
190	134	1	39.82323232323233	20.66666666666666
190	135	1	52.87499999999998	74.96500000000002
190	136	1	120.11055276381911	110.8542713567839
190	137	1	6.306532663316582	39.407035175879386
190	138	1	36.75999999999999	61.560000000000024
190	139	1	42.21000000000002	17.020000000000003
190	140	1	102.79500000000002	80.69500000000001
190	141	1	158.8300000000001	169.0900000000001
190	142	1	144.83000000000004	0.6800000000000004
190	143	1	27.221105527638183	13.467336683417088
190	144	1	25.07	89.57000000000005
190	145	1	71.26499999999997	85.52499999999999
200	1	2	9.691489361702128	9.691489361702128
200	2	2	10.120000000000005	54.88
200	3	2	10.126315789473686	99.6105263157895
200	4	2	9.870000000000005	144.93999999999997
200	5	2	10.000000000000002	189.99999999999997
200	6	2	55.020833333333336	10.270833333333334
200	7	2	54.72916666666666	54.729166666666664
200	8	2	55.12000000000002	99.88
200	9	2	54.87999999999998	144.88
200	10	2	55.000000000000014	190
200	11	2	100.13999999999999	9.940000000000003
200	12	2	100.25555555555555	54.45555555555557
200	13	2	99.72916666666669	100.02083333333333
200	14	2	99.96907216494847	145.30927835051548
200	15	2	99.54945054945055	190.1868131868132
200	16	2	144.72916666666669	10.27083333333333
200	17	2	144.7835051546392	55.309278350515456
200	18	2	145.1199999999999	100.12000000000003
200	19	2	144.87999999999997	144.88
200	20	2	144.71428571428572	190.74725274725276
200	21	2	190.0299999999999	10.13
200	22	2	190.38947368421051	54.87368421052632
200	23	2	189.99999999999994	100.50000000000001
200	24	2	189.87999999999997	145.11999999999998
200	25	2	189.72916666666669	190.02083333333326
200	26	1	25.34	150.405
200	27	1	134.43781094527364	159.70646766169145
200	28	1	160.67000000000004	179.76500000000007
200	29	1	191.635	123.065
200	30	1	49.964824120603	1.7688442211055282
200	31	1	143.03500000000005	179.05500000000004
200	32	1	94.12500000000001	113.41500000000002
200	33	1	139.76500000000004	85.81499999999998
200	34	1	154.35000000000014	42.540000000000006
200	35	1	68.50999999999999	152.11499999999995
200	36	1	127.885	76.28999999999996
200	37	1	0.15075376884422112	197.0502512562814
200	38	1	193.565	174.84999999999994
200	39	1	120.88	87.84499999999993
200	40	1	160.945	3.225000000000002
200	41	1	172.1750000000001	57.285000000000004
200	42	1	42.78109452736317	183.14427860696506
200	43	1	52.960000000000015	29.344999999999995
200	44	1	133.52499999999995	114.365
200	45	1	127.24875621890544	1.4527363184079616
200	46	1	126.98507462686564	174.18905472636817
200	47	1	198.82	77.79000000000006
200	48	1	121.36999999999999	47.62499999999998
200	49	1	162.06000000000003	189.45499999999993
200	50	1	102.47000000000001	69.47999999999999
200	51	1	23.18500000000001	114.885
200	52	1	39.97487437185929	92.38693467336681
200	53	1	140.98	71.73500000000001
200	54	1	66.74500000000003	55.35499999999999
200	55	1	117.02999999999999	136.13500000000008
200	56	1	31.41499999999998	198.56499999999994
200	57	1	74.70500000000001	164.9749999999999
200	58	1	76.77499999999993	53.62499999999997
200	59	1	169.4399999999999	92.19999999999997
200	60	1	148.81499999999988	32.62499999999999
200	61	1	198.87	107.31999999999998
200	62	1	26.139999999999993	26.79000000000001
200	63	1	89.79500000000003	36.14
200	64	1	108.84999999999995	179.665
200	65	1	84.45	78.06000000000003
200	66	1	76.13432835820896	94.089552238806
200	67	1	83.25000000000003	18.479999999999993
200	68	1	180.82500000000005	52.93999999999998
200	69	1	185.26999999999995	160.7550000000002
200	70	1	84.01005025125626	184.7185929648242
200	71	1	131.07000000000002	97.30999999999999
200	72	1	26.054726368159205	102.01990049751241
200	73	1	98.61691542288555	124.85572139303488
200	74	1	118.56500000000003	37.380000000000024
200	75	1	57.11999999999999	173.1900000000001
200	76	1	15.795000000000003	133.435
200	77	1	172.55223880597023	110.27860696517406
200	78	1	111.42	158.31500000000005
200	79	1	144.57999999999996	166.325
200	80	1	48.84577114427861	117.22885572139303
200	81	1	130.36	61.53999999999997
200	82	1	70.12437810945272	73.81094527363186
200	83	1	61.81499999999999	127.25999999999996
200	84	1	105.83582089552235	167.83582089552252
200	85	1	60.390000000000015	162.21
200	86	1	109.68500000000004	122.88499999999998
200	87	1	58.07537688442211	65.86432160804021
200	88	1	13.080000000000009	84.26999999999998
200	89	1	76.685	37.13
200	90	1	15.385000000000012	30.68499999999999
200	91	1	81.91	145.70000000000002
200	92	1	163.51499999999987	131.41500000000005
200	93	1	88.14213197969536	141.46192893401007
200	94	1	126.94999999999997	188.27000000000004
200	95	1	25.210000000000015	169.02000000000015
200	96	1	64.57500000000003	37.21500000000003
200	97	1	125.82000000000005	124.21000000000002
200	98	1	54.50251256281406	197.72864321608054
200	99	1	38	73.455
200	100	1	5.319999999999997	115.96499999999997
200	101	1	114.07499999999995	191.80499999999995
200	102	1	196.49	88.36000000000001
200	103	1	118.36	57.185
200	104	1	85.83500000000001	5.8500000000000005
200	105	1	32.870000000000005	122.52499999999995
200	106	1	160.30653266331652	102.3417085427135
200	107	1	105.63000000000007	89.56499999999997
200	108	1	15.693467336683419	11.597989949748744
200	109	1	27.07462686567165	76.47263681592044
200	110	1	126.4750000000001	15.414999999999988
200	111	1	182.685	87.24499999999999
200	112	1	91.34000000000003	67.03499999999998
200	113	1	10.53499999999999	124.05
200	114	1	87.30653266331659	162.43216080402013
200	115	1	80.715	104.81000000000002
200	116	1	102.35500000000006	34.085
200	117	1	27.049999999999994	39.96000000000001
200	118	1	185.83499999999992	70.98499999999996
200	119	1	123.08500000000001	156.79500000000002
200	120	1	112.71859296482414	102.55276381909546
200	121	1	92.93000000000005	172.84500000000003
200	122	1	113.38000000000002	65.31500000000003
200	123	1	84.48500000000006	121.04000000000006
200	124	1	49.064676616915435	41.29353233830845
200	125	1	36.550000000000004	166.3000000000001
200	126	1	124.185	143.09499999999997
200	127	1	39.13930348258706	107.67164179104479
200	128	1	161.46999999999994	22.540000000000006
200	129	1	78.46999999999997	199.285
200	130	1	86.48499999999997	54.62999999999998
200	131	1	175.82500000000013	170.6450000000001
200	132	1	51.48000000000002	86.59000000000009
200	133	1	167.70999999999995	119.705
200	134	1	39.69696969696971	20.787878787878782
200	135	1	52.83417085427137	75.07537688442207
200	136	1	119.97999999999998	111.16
200	137	1	6.965	39.43500000000003
200	138	1	36.99000000000001	61.47499999999999
200	139	1	42.235000000000014	16.960000000000008
200	140	1	102.91	80.715
200	141	1	159.03	169.19
200	142	1	144.8600000000001	0.8400000000000001
200	143	1	27.296482412060318	13.341708542713572
200	144	1	25.074999999999996	89.57999999999998
200	145	1	71.32500000000002	85.49500000000008
210	1	2	9.691489361702128	9.691489361702128
210	2	2	10.120000000000005	54.88
210	3	2	10.126315789473686	99.6105263157895
210	4	2	9.870000000000005	144.93999999999997
210	5	2	10.000000000000002	189.99999999999997
210	6	2	55.020833333333336	10.270833333333334
210	7	2	54.72916666666666	54.729166666666664
210	8	2	55.12000000000002	99.88
210	9	2	54.87999999999998	144.88
210	10	2	55.000000000000014	190
210	11	2	100.13999999999999	9.940000000000003
210	12	2	100.25555555555555	54.45555555555557
210	13	2	99.72916666666669	100.02083333333333
210	14	2	99.96907216494847	145.30927835051548
210	15	2	99.54945054945055	190.1868131868132
210	16	2	144.72916666666669	10.27083333333333
210	17	2	144.7835051546392	55.309278350515456
210	18	2	145.1199999999999	100.12000000000003
210	19	2	144.87999999999997	144.88
210	20	2	144.71428571428572	190.74725274725276
210	21	2	190.0299999999999	10.13
210	22	2	190.38947368421051	54.87368421052632
210	23	2	189.99999999999994	100.50000000000001
210	24	2	189.87999999999997	145.11999999999998
210	25	2	189.72916666666669	190.02083333333326
210	26	1	25.429999999999996	150.185
210	27	1	134.265	160.02499999999992
210	28	1	160.27000000000004	180.07999999999998
210	29	1	191.44000000000003	123.08000000000004
210	30	1	50.01999999999998	1.7450000000000006
210	31	1	142.39000000000001	178.87000000000006
210	32	1	94.32500000000002	113.52499999999996
210	33	1	139.88999999999996	85.24499999999996
210	34	1	154.18905472636828	42.91044776119403
210	35	1	68.75499999999998	152.15499999999994
210	36	1	127.9054726368159	76.47761194029853
210	37	1	0.07000000000000009	196.525
210	38	1	193.46231155778895	174.52261306532665
210	39	1	120.74	87.88999999999999
210	40	1	160.85999999999996	3.1799999999999993
210	41	1	172.13500000000002	57.25
210	42	1	43.1044776119403	183.26368159203972
210	43	1	52.84499999999999	29.299999999999994
210	44	1	133.51999999999992	113.94499999999998
210	45	1	126.72139303482585	1.855721393034826
210	46	1	125.93000000000002	173.92000000000002
210	47	1	199.11940298507463	77.7412935323383
210	48	1	121.37499999999997	47.58500000000001
210	49	1	162.24499999999998	189.37999999999997
210	50	1	102.36000000000004	69.57499999999997
210	51	1	23.120000000000008	114.82000000000002
210	52	1	40.48000000000002	92.56500000000005
210	53	1	140.67839195979903	71.4522613065327
210	54	1	66.89999999999999	55.515
210	55	1	116.81	136.16499999999996
210	56	1	31.334999999999994	198.52999999999997
210	57	1	74.78109452736321	165.17910447761196
210	58	1	76.86500000000004	53.364999999999995
210	59	1	168.77999999999997	91.79499999999999
210	60	1	148.70499999999996	32.850000000000016
210	61	1	198.805	107.33500000000002
210	62	1	26.41	27.085000000000004
210	63	1	90.09500000000001	35.375000000000014
210	64	1	109.05	179.53499999999994
210	65	1	84.59296482412059	78.24120603015079
210	66	1	76.11500000000004	94.235
210	67	1	83.41499999999999	18.580000000000002
210	68	1	180.79000000000008	53.18499999999999
210	69	1	185.47499999999997	160.89999999999995
210	70	1	84.14000000000004	184.8799999999999
210	71	1	131.20603015075386	97.17085427135677
210	72	1	26.449999999999996	101.96999999999997
210	73	1	98.55000000000003	124.80999999999993
210	74	1	118.32499999999997	37.335000000000036
210	75	1	57.32999999999999	173.26000000000005
210	76	1	16.393034825870643	133.49751243781088
210	77	1	172.77500000000003	110.77499999999998
210	78	1	111.795	158.69500000000002
210	79	1	144.64999999999992	166.33999999999992
210	80	1	49.109999999999985	117.47500000000001
210	81	1	130.41500000000002	61.445
210	82	1	70.30999999999996	73.84499999999998
210	83	1	62.99004975124379	127.70646766169159
210	84	1	105.67839195979894	167.61306532663318
210	85	1	60.27999999999998	162.24999999999994
210	86	1	109.63000000000001	123.40500000000003
210	87	1	58.18500000000001	65.93499999999999
210	88	1	13.105527638190948	84.5276381909548
210	89	1	76.71500000000003	37.089999999999996
210	90	1	15.325000000000008	30.680000000000007
210	91	1	82.05499999999996	145.75500000000008
210	92	1	163.42999999999992	131.40999999999997
210	93	1	88.14213197969536	141.46192893401007
210	94	1	127.03482587064681	187.91542288557207
210	95	1	25.405000000000012	168.5350000000001
210	96	1	64.48500000000003	37.269999999999996
210	97	1	126.02000000000002	124.04500000000002
210	98	1	54.50251256281406	197.72864321608054
210	99	1	37.985	73.61500000000004
210	100	1	5.315	116.00999999999999
210	101	1	114.02499999999995	191.67000000000002
210	102	1	196.44278606965173	88.33830845771139
210	103	1	118.42500000000005	57.15000000000002
210	104	1	85.85499999999996	5.6999999999999975
210	105	1	32.41	123.06499999999997
210	106	1	161.36815920397999	102.223880597015
210	107	1	105.74500000000003	89.59999999999997
210	108	1	15.790000000000006	11.674999999999997
210	109	1	27.14	76.70000000000002
210	110	1	126.94500000000006	14.955000000000009
210	111	1	182.63500000000005	87.22999999999999
210	112	1	91.22499999999997	67.02000000000005
210	113	1	10.552238805970145	124.11940298507461
210	114	1	87.455	162.33000000000007
210	115	1	81.335	104.685
210	116	1	102.36500000000002	34.005
210	117	1	26.884999999999994	40.13500000000002
210	118	1	185.935	70.87000000000005
210	119	1	123.15000000000005	156.85500000000002
210	120	1	112.78999999999995	102.74500000000006
210	121	1	92.78000000000002	172.74500000000015
210	122	1	113.35999999999997	65.21999999999998
210	123	1	84.39500000000002	120.87499999999996
210	124	1	48.77499999999999	41.21000000000001
210	125	1	36.696517412935314	166.11442786069642
210	126	1	124.11	143.13000000000005
210	127	1	39.15000000000002	108.15500000000003
210	128	1	161.54500000000007	22.680000000000007
210	129	1	78.37185929648241	199.1105527638191
210	130	1	86.42500000000007	54.67999999999999
210	131	1	175.88000000000008	170.60000000000005
210	132	1	51.55500000000001	86.47999999999993
210	133	1	166.8150000000001	119.35500000000002
210	134	1	39.658291457286445	20.798994974874358
210	135	1	52.910000000000025	75.02500000000003
210	136	1	119.82499999999999	111.58000000000004
210	137	1	7.265	39.71499999999998
210	138	1	36.91499999999997	61.59
210	139	1	42.14000000000002	16.91
210	140	1	103.06500000000003	80.70999999999997
210	141	1	159.235	169.49500000000006
210	142	1	144.82412060301527	0.7487437185929644
210	143	1	27.240000000000002	13.29
210	144	1	25.40796019900498	89.78606965174126
210	145	1	71.47738693467329	85.55276381909542
220	1	2	9.691489361702128	9.691489361702128
220	2	2	10.120000000000005	54.88
220	3	2	10.126315789473686	99.6105263157895
220	4	2	9.870000000000005	144.93999999999997
220	5	2	10.000000000000002	189.99999999999997
220	6	2	55.020833333333336	10.270833333333334
220	7	2	54.72916666666666	54.729166666666664
220	8	2	55.12000000000002	99.88
220	9	2	54.87999999999998	144.88
220	10	2	55.000000000000014	190
220	11	2	100.13999999999999	9.940000000000003
220	12	2	100.25555555555555	54.45555555555557
220	13	2	99.72916666666669	100.02083333333333
220	14	2	99.96907216494847	145.30927835051548
220	15	2	99.54945054945055	190.1868131868132
220	16	2	144.72916666666669	10.27083333333333
220	17	2	144.7835051546392	55.309278350515456
220	18	2	145.1199999999999	100.12000000000003
220	19	2	144.87999999999997	144.88
220	20	2	144.71428571428572	190.74725274725276
220	21	2	190.0299999999999	10.13
220	22	2	190.38947368421051	54.87368421052632
220	23	2	189.99999999999994	100.50000000000001
220	24	2	189.87999999999997	145.11999999999998
220	25	2	189.72916666666669	190.02083333333326
220	26	1	26.179104477611943	150.16915422885563
220	27	1	134.35678391959797	160.3919597989949
220	28	1	160.46999999999997	179.94499999999994
220	29	1	191.64000000000001	122.995
220	30	1	49.97	1.8700000000000003
220	31	1	142.28999999999982	178.87499999999991
220	32	1	94.81000000000003	113.39500000000001
220	33	1	140.452736318408	84.72636815920406
220	34	1	154.17085427135692	43.21608040201008
220	35	1	68.76999999999994	152.26999999999995
220	36	1	127.36999999999999	76.58500000000005
220	37	1	0.3150000000000009	196.16
220	38	1	193.39000000000001	174.4149999999999
220	39	1	120.46766169154226	87.98507462686571
220	40	1	160.83999999999986	3.340000000000001
220	41	1	172.045	57.595000000000006
220	42	1	43.254999999999995	183.2350000000001
220	43	1	52.119402985074636	29.850746268656714
220	44	1	133.39	113.63499999999998
220	45	1	126.10447761194024	2.4825870646766166
220	46	1	124.76500000000001	173.65
220	47	1	0.07499999999999937	77.74
220	48	1	121.44999999999995	47.66999999999998
220	49	1	162.0449999999999	189.47
220	50	1	102.43216080402011	69.44723618090453
220	51	1	22.909999999999993	114.58999999999999
220	52	1	40.625000000000014	92.56
220	53	1	140.13567839195983	71.71859296482405
220	54	1	66.875	55.365
220	55	1	116.63184079601989	136.31840796019893
220	56	1	31.334999999999987	198.61
220	57	1	74.92999999999999	165.34500000000003
220	58	1	76.92500000000003	53.199999999999996
220	59	1	168.645	91.565
220	60	1	148.9597989949748	32.82412060301506
220	61	1	198.815	107.28
220	62	1	26.434999999999988	27.205000000000005
220	63	1	90.31499999999998	35.264999999999965
220	64	1	109.29000000000002	179.69499999999996
220	65	1	84.60499999999998	78.13999999999997
220	66	1	76.29499999999994	94.325
220	67	1	83.30500000000006	18.440000000000005
220	68	1	180.72500000000005	53.140000000000015
220	69	1	185.3165829145728	160.74874371859306
220	70	1	84.19500000000004	184.77
220	71	1	130.9850000000001	97.08999999999997
220	72	1	26.535	101.81500000000003
220	73	1	98.35500000000003	124.87500000000001
220	74	1	118.2800000000001	37.365
220	75	1	57.629999999999995	173.28000000000006
220	76	1	16.455000000000002	133.64500000000004
220	77	1	172.56500000000003	110.97999999999999
220	78	1	112.30653266331659	158.99999999999997
220	79	1	144.6683417085426	166.38190954773873
220	80	1	49.26	117.19000000000001
220	81	1	130.33999999999997	61.65499999999997
220	82	1	70.43500000000004	73.68500000000003
220	83	1	63.562189054726346	127.37810945273633
220	84	1	105.09999999999998	167.15499999999997
220	85	1	60.24000000000001	162.41499999999996
220	86	1	109.725	124.06000000000002
220	87	1	58.14999999999998	65.95500000000001
220	88	1	13.100000000000003	84.47999999999998
220	89	1	76.94500000000002	37.02500000000002
220	90	1	15.014999999999999	30.49499999999999
220	91	1	82.02999999999997	145.87500000000006
220	92	1	163.16417910447757	131.51741293532342
220	93	1	88.14213197969536	141.46192893401007
220	94	1	127.57999999999998	187.38
220	95	1	25.59	167.41999999999996
220	96	1	64.47000000000004	37.27
220	97	1	126.28499999999994	124.40499999999997
220	98	1	54.449999999999996	197.73500000000007
220	99	1	38.025	73.74999999999999
220	100	1	5.427135678391958	115.98994974874364
220	101	1	114.67999999999996	191.71999999999994
220	102	1	196.47761194029852	88.29850746268657
220	103	1	118.35678391959793	57.02512562814075
220	104	1	86.04500000000003	5.579999999999999
220	105	1	31.634999999999994	123.80000000000004
220	106	1	162.16499999999994	102.12
220	107	1	105.49500000000002	89.76499999999994
220	108	1	15.790000000000006	11.685000000000006
220	109	1	27.050000000000022	76.60000000000004
220	110	1	127.22999999999998	14.765000000000002
220	111	1	182.82000000000008	86.69500000000002
220	112	1	91.25999999999995	67.08999999999999
220	113	1	10.85	124.11
220	114	1	87.24000000000002	162.54000000000005
220	115	1	82.41000000000003	104.61999999999999
220	116	1	102.36499999999997	33.92000000000003
220	117	1	26.959999999999994	40.02999999999998
220	118	1	186.035	70.8
220	119	1	123.31155778894475	156.92964824120614
220	120	1	112.74874371859302	103.01005025125626
220	121	1	93.1	172.98999999999998
220	122	1	113.23500000000007	65.08999999999999
220	123	1	84.57999999999998	120.83500000000001
220	124	1	48.87	41.275000000000006
220	125	1	36.655	165.86999999999998
220	126	1	124.14572864321607	143.25125628140705
220	127	1	39.01	108.87000000000003
220	128	1	161.5500000000001	22.485000000000003
220	129	1	78.34999999999998	199.15
220	130	1	86.42999999999995	54.925
220	131	1	175.7049999999999	170.5399999999999
220	132	1	51.665000000000006	86.59000000000003
220	133	1	166.25000000000014	118.98
220	134	1	39.658291457286445	20.798994974874358
220	135	1	53.004999999999995	75.08000000000004
220	136	1	119.73000000000006	111.84000000000002
220	137	1	7.589999999999996	39.760000000000005
220	138	1	36.834999999999994	61.71000000000001
220	139	1	42.100000000000016	16.800000000000004
220	140	1	102.92500000000004	80.83500000000002
220	141	1	159.19597989949744	169.42211055276383
220	142	1	144.93969849246227	0.6532663316582906
220	143	1	27.28000000000001	13.505000000000004
220	144	1	25.940000000000012	89.81999999999991
220	145	1	71.4029850746269	85.49253731343283
230	1	2	9.691489361702128	9.691489361702128
230	2	2	10.120000000000005	54.88
230	3	2	10.126315789473686	99.6105263157895
230	4	2	9.870000000000005	144.93999999999997
230	5	2	10.000000000000002	189.99999999999997
230	6	2	55.020833333333336	10.270833333333334
230	7	2	54.72916666666666	54.729166666666664
230	8	2	55.12000000000002	99.88
230	9	2	54.87999999999998	144.88
230	10	2	55.000000000000014	190
230	11	2	100.13999999999999	9.940000000000003
230	12	2	100.25555555555555	54.45555555555557
230	13	2	99.72916666666669	100.02083333333333
230	14	2	99.96907216494847	145.30927835051548
230	15	2	99.54945054945055	190.1868131868132
230	16	2	144.72916666666669	10.27083333333333
230	17	2	144.7835051546392	55.309278350515456
230	18	2	145.1199999999999	100.12000000000003
230	19	2	144.87999999999997	144.88
230	20	2	144.71428571428572	190.74725274725276
230	21	2	190.0299999999999	10.13
230	22	2	190.38947368421051	54.87368421052632
230	23	2	189.99999999999994	100.50000000000001
230	24	2	189.87999999999997	145.11999999999998
230	25	2	189.72916666666669	190.02083333333326
230	26	1	26.562189054726378	150.4825870646766
230	27	1	134.20000000000005	160.4050000000001
230	28	1	160.47500000000002	179.94499999999996
230	29	1	191.6683417085427	122.56783919597989
230	30	1	49.9045226130653	1.7989949748743728
230	31	1	142.49	178.70499999999993
230	32	1	94.75999999999996	113.40499999999999
230	33	1	141.28999999999996	83.87
230	34	1	154.1649999999999	44.31500000000002
230	35	1	68.72000000000001	152.27500000000006
230	36	1	127.12499999999991	76.645
230	37	1	0.3749999999999999	195.97
230	38	1	193.89	175.01999999999995
230	39	1	120.34500000000001	88.51999999999995
230	40	1	160.765	3.4900000000000015
230	41	1	172.12499999999991	57.870000000000026
230	42	1	43.437185929648244	183.19597989949747
230	43	1	51.5	30.130000000000006
230	44	1	133.24	113.35000000000002
230	45	1	126.11557788944728	2.6130653266331687
230	46	1	123.91999999999999	173.47000000000017
230	47	1	0.779999999999998	77.83000000000001
230	48	1	121.2	47.765
230	49	1	161.91000000000003	189.53500000000003
230	50	1	102.42500000000001	69.61499999999995
230	51	1	23.129999999999995	114.56999999999998
230	52	1	40.761194029850714	92.6865671641791
230	53	1	139.8358208955222	72.08457711442786
230	54	1	66.94974874371864	55.30653266331657
230	55	1	116.69346733668343	136.12060301507552
230	56	1	31.363184079601982	198.57213930348254
230	57	1	74.8793969849246	165.25125628140702
230	58	1	76.99500000000003	53.31000000000002
230	59	1	168.82412060301516	91.09045226130652
230	60	1	148.9399999999999	33.02500000000001
230	61	1	198.85929648241205	107.0402010050251
230	62	1	26.485000000000003	27.135
230	63	1	90.37688442211054	35.11055276381911
230	64	1	109.32000000000002	179.67999999999995
230	65	1	84.52500000000003	78.15499999999997
230	66	1	76.775	94.24499999999998
230	67	1	83.20000000000002	18.475
230	68	1	180.59296482412057	53.06030150753768
230	69	1	185.33500000000006	160.7699999999999
230	70	1	84.3	184.6349999999999
230	71	1	130.76000000000008	96.83999999999997
230	72	1	26.425000000000008	101.88000000000005
230	73	1	98.14499999999998	125.125
230	74	1	118.24	37.345000000000006
230	75	1	57.6218905472637	173.3980099502487
230	76	1	16.465	133.63999999999993
230	77	1	171.92999999999992	111.24500000000002
230	78	1	112.35678391959797	158.81909547738707
230	79	1	144.49500000000003	166.35499999999996
230	80	1	49.27	117.23
230	81	1	130.41500000000005	61.53000000000001
230	82	1	70.455	73.89999999999999
230	83	1	63.67000000000001	127.12499999999996
230	84	1	104.78	166.84999999999997
230	85	1	60.36000000000002	162.25999999999996
230	86	1	109.64	124.12999999999998
230	87	1	58.22110552763819	65.8994974874372
230	88	1	13.169154228855719	84.58706467661686
230	89	1	77.07000000000004	37.19500000000003
230	90	1	14.894999999999998	30.405000000000012
230	91	1	82.01005025125622	145.9246231155779
230	92	1	163.83000000000004	133.155
230	93	1	88.14213197969536	141.46192893401007
230	94	1	127.8994974874372	186.57286432160817
230	95	1	25.31500000000001	166.405
230	96	1	64.58291457286433	37.12562814070353
230	97	1	126.23999999999997	124.59
230	98	1	54.50251256281406	197.72864321608054
230	99	1	38.06467661691541	73.88059701492536
230	100	1	5.470000000000001	115.96499999999999
230	101	1	115.25373134328359	191.76119402985069
230	102	1	196.42	88.145
230	103	1	118.33999999999995	57.14
230	104	1	85.78	5.574999999999999
230	105	1	31.160804020100507	124.53768844221104
230	106	1	163.1691542288557	102.04975124378112
230	107	1	105.20100502512558	89.74874371859298
230	108	1	15.745000000000005	11.780000000000008
230	109	1	27.085000000000008	76.65999999999997
230	110	1	127.22500000000001	14.744999999999992
230	111	1	182.65999999999988	86.05499999999998
230	112	1	91.35000000000004	67.32499999999996
230	113	1	10.994999999999996	123.89999999999989
230	114	1	87.24499999999996	162.56499999999997
230	115	1	83.25	104.24000000000004
230	116	1	102.685	34.299999999999976
230	117	1	26.785000000000004	39.894999999999996
230	118	1	186.17499999999987	70.63
230	119	1	123.205	157.17999999999998
230	120	1	112.42	103.35000000000001
230	121	1	92.91499999999995	173.05999999999992
230	122	1	113.28	65.09500000000003
230	123	1	84.715	120.92500000000003
230	124	1	49.37499999999999	41.09000000000006
230	125	1	36.42500000000004	166.11500000000018
230	126	1	124.15000000000003	143.385
230	127	1	38.980000000000004	109.18000000000002
230	128	1	161.56999999999994	22.714999999999993
230	129	1	78.31658291457293	199.09547738693468
230	130	1	86.34500000000004	55.235000000000014
230	131	1	175.835	170.44999999999996
230	132	1	51.82	86.48499999999999
230	133	1	165.77499999999998	119.02500000000003
230	134	1	39.658291457286445	20.798994974874358
230	135	1	53.15500000000001	74.99000000000001
230	136	1	119.74500000000002	111.91499999999999
230	137	1	7.7650000000000015	39.74499999999998
230	138	1	36.925	61.855000000000004
230	139	1	42.23115577889448	16.80904522613065
230	140	1	103.38308457711442	80.95024875621881
230	141	1	159.15422885572139	169.34328358208964
230	142	1	144.88500000000013	0.6849999999999994
230	143	1	27.340000000000007	13.420000000000003
230	144	1	26.285000000000007	90.00500000000002
230	145	1	71.49499999999996	85.75999999999998
240	1	2	9.691489361702128	9.691489361702128
240	2	2	10.120000000000005	54.88
240	3	2	10.126315789473686	99.6105263157895
240	4	2	9.870000000000005	144.93999999999997
240	5	2	10.000000000000002	189.99999999999997
240	6	2	55.020833333333336	10.270833333333334
240	7	2	54.72916666666666	54.729166666666664
240	8	2	55.12000000000002	99.88
240	9	2	54.87999999999998	144.88
240	10	2	55.000000000000014	190
240	11	2	100.13999999999999	9.940000000000003
240	12	2	100.25555555555555	54.45555555555557
240	13	2	99.72916666666669	100.02083333333333
240	14	2	99.96907216494847	145.30927835051548
240	15	2	99.54945054945055	190.1868131868132
240	16	2	144.72916666666669	10.27083333333333
240	17	2	144.7835051546392	55.309278350515456
240	18	2	145.1199999999999	100.12000000000003
240	19	2	144.87999999999997	144.88
240	20	2	144.71428571428572	190.74725274725276
240	21	2	190.0299999999999	10.13
240	22	2	190.38947368421051	54.87368421052632
240	23	2	189.99999999999994	100.50000000000001
240	24	2	189.87999999999997	145.11999999999998
240	25	2	189.72916666666669	190.02083333333326
240	26	1	26.700000000000006	150.64500000000012
240	27	1	134.01000000000002	160.1600000000001
240	28	1	160.515	179.8600000000001
240	29	1	191.7049999999999	122.61
240	30	1	50.04020100502514	1.698492462311559
240	31	1	142.57000000000005	178.81500000000008
240	32	1	94.84577114427859	113.30845771144277
240	33	1	142.15000000000003	83.65499999999999
240	34	1	154.54000000000002	45.45999999999998
240	35	1	68.87939698492461	152.21105527638187
240	36	1	126.94000000000003	76.72000000000001
240	37	1	0.6069651741293522	196.35323383084577
240	38	1	194.42786069651743	175.19402985074635
240	39	1	120.45	88.58000000000004
240	40	1	160.90000000000003	3.51
240	41	1	172.045	57.860000000000014
240	42	1	43.62311557788947	183.13065326633173
240	43	1	50.73	30.47999999999999
240	44	1	133.1256281407035	113.11055276381907
240	45	1	126.23499999999994	2.395
240	46	1	123.79499999999999	173.63000000000005
240	47	1	1.1700000000000015	77.94999999999999
240	48	1	121.545	47.81000000000002
240	49	1	162.0349999999999	189.5350000000001
240	50	1	102.46999999999998	69.645
240	51	1	23.044999999999995	114.60500000000002
240	52	1	40.655000000000015	92.80500000000005
240	53	1	139.78999999999994	72.46000000000002
240	54	1	66.74999999999999	55.07
240	55	1	116.72000000000003	136.11499999999995
240	56	1	31.324999999999992	198.59999999999994
240	57	1	74.78499999999998	165.16500000000002
240	58	1	76.95	53.31999999999999
240	59	1	169.12060301507537	90.82412060301513
240	60	1	149.1099999999999	33.27000000000002
240	61	1	198.845	106.95999999999998
240	62	1	26.42000000000001	27.004999999999995
240	63	1	90.30999999999997	35.21500000000002
240	64	1	109.25000000000004	179.715
240	65	1	84.48241206030143	78.13567839195977
240	66	1	77.01000000000005	94.10500000000006
240	67	1	83.01507537688448	18.381909547738694
240	68	1	180.535	53.124999999999986
240	69	1	185.57	160.88500000000008
240	70	1	84.17	184.77
240	71	1	130.64000000000001	96.62999999999997
240	72	1	26.52	101.85000000000001
240	73	1	97.94	125.27000000000004
240	74	1	117.59296482412053	37.341708542713576
240	75	1	57.44499999999999	173.2750000000001
240	76	1	16.429999999999996	133.72000000000006
240	77	1	172.135	111.55999999999997
240	78	1	112.11499999999998	158.1749999999999
240	79	1	144.4449999999999	166.24499999999992
240	80	1	49.13500000000001	117.09000000000005
240	81	1	130.50499999999994	61.63000000000003
240	82	1	70.49500000000006	73.83999999999995
240	83	1	63.78499999999998	127.05500000000002
240	84	1	104.67499999999994	166.69000000000014
240	85	1	60.15422885572141	162.12437810945272
240	86	1	109.5373134328358	123.99502487562194
240	87	1	58.00000000000001	65.79999999999997
240	88	1	13.685000000000002	84.27499999999998
240	89	1	77.00999999999998	37.275000000000006
240	90	1	15.010050251256287	30.512562814070357
240	91	1	81.99000000000001	145.8100000000001
240	92	1	163.87499999999997	134.36499999999995
240	93	1	88.14213197969536	141.46192893401007
240	94	1	128.24	186.20999999999998
240	95	1	24.9	165.66000000000005
240	96	1	64.47000000000003	36.86999999999999
240	97	1	126.15500000000003	124.56499999999997
240	98	1	54.50251256281406	197.72864321608054
240	99	1	38.21500000000003	73.98999999999997
240	100	1	5.525000000000001	116.01000000000002
240	101	1	115.61000000000001	191.72499999999997
240	102	1	196.40298507462686	88.0597014925373
240	103	1	118.35499999999998	57.125000000000014
240	104	1	85.47236180904524	5.90954773869347
240	105	1	30.794999999999998	124.96000000000002
240	106	1	163.95000000000002	101.91499999999998
240	107	1	105.12999999999997	89.72999999999993
240	108	1	15.758793969849247	11.814070351758788
240	109	1	27.094999999999995	76.48500000000004
240	110	1	126.99000000000004	14.76999999999999
240	111	1	182.7462686567163	86.09452736318404
240	112	1	91.25000000000004	67.49000000000004
240	113	1	10.684999999999999	124.17
240	114	1	87.18000000000002	162.62999999999994
240	115	1	83.20999999999997	104.25500000000004
240	116	1	102.74000000000001	34.730000000000025
240	117	1	26.785000000000007	39.86500000000001
240	118	1	186.3349999999999	70.62000000000002
240	119	1	123.15422885572143	158.12935323383087
240	120	1	112.31499999999998	103.385
240	121	1	92.80904522613068	173.14572864321596
240	122	1	113.3417085427135	65.10552763819096
240	123	1	84.79999999999998	121.14999999999998
240	124	1	49.34500000000001	41.075
240	125	1	36.265000000000015	166.06
240	126	1	124.11000000000004	143.41999999999993
240	127	1	38.824999999999974	109.80000000000001
240	128	1	161.52499999999998	22.68499999999999
240	129	1	78.34999999999997	199.1
240	130	1	86.35999999999999	55.21999999999999
240	131	1	175.79	170.42499999999993
240	132	1	52.00999999999999	86.57499999999997
240	133	1	166.01499999999993	119.10499999999998
240	134	1	39.658291457286445	20.798994974874358
240	135	1	53.16080402010051	75.02512562814067
240	136	1	119.66000000000003	111.81000000000007
240	137	1	7.9099999999999975	39.80000000000004
240	138	1	36.98000000000001	61.90500000000002
240	139	1	42.33	16.780000000000005
240	140	1	103.51999999999994	80.89999999999995
240	141	1	159.225	169.31999999999988
240	142	1	144.92000000000004	0.8550000000000005
240	143	1	27.315	13.340000000000009
240	144	1	26.51000000000002	90.03999999999995
240	145	1	71.43999999999994	85.72999999999998
250	1	2	9.691489361702128	9.691489361702128
250	2	2	10.120000000000005	54.88
250	3	2	10.126315789473686	99.6105263157895
250	4	2	9.870000000000005	144.93999999999997
250	5	2	10.000000000000002	189.99999999999997
250	6	2	55.020833333333336	10.270833333333334
250	7	2	54.72916666666666	54.729166666666664
250	8	2	55.12000000000002	99.88
250	9	2	54.87999999999998	144.88
250	10	2	55.000000000000014	190
250	11	2	100.13999999999999	9.940000000000003
250	12	2	100.25555555555555	54.45555555555557
250	13	2	99.72916666666669	100.02083333333333
250	14	2	99.96907216494847	145.30927835051548
250	15	2	99.54945054945055	190.1868131868132
250	16	2	144.72916666666669	10.27083333333333
250	17	2	144.7835051546392	55.309278350515456
250	18	2	145.1199999999999	100.12000000000003
250	19	2	144.87999999999997	144.88
250	20	2	144.71428571428572	190.74725274725276
250	21	2	190.0299999999999	10.13
250	22	2	190.38947368421051	54.87368421052632
250	23	2	189.99999999999994	100.50000000000001
250	24	2	189.87999999999997	145.11999999999998
250	25	2	189.72916666666669	190.02083333333326
250	26	1	26.75499999999999	150.68499999999995
250	27	1	134.11500000000007	160.12000000000006
250	28	1	160.33165829145722	179.9045226130652
250	29	1	192.04020100502512	123.14572864321613
250	30	1	50.04020100502514	1.698492462311559
250	31	1	142.54	178.80500000000004
250	32	1	94.88000000000002	112.94000000000003
250	33	1	142.1349999999999	83.86500000000002
250	34	1	154.5999999999999	45.455000000000005
250	35	1	69.07960199004972	152.37313432835822
250	36	1	127.05000000000003	76.82000000000004
250	37	1	0.29500000000000076	196.035
250	38	1	195.23618090452263	175.78391959798995
250	39	1	120.425	88.565
250	40	1	160.79499999999993	3.624999999999999
250	41	1	171.96499999999995	57.719999999999985
250	42	1	43.985000000000014	182.925
250	43	1	50.85999999999997	30.33
250	44	1	133.14999999999995	112.83500000000001
250	45	1	126.32499999999997	2.4699999999999984
250	46	1	124.03999999999995	173.72999999999996
250	47	1	0.9799999999999999	78.00999999999996
250	48	1	121.86500000000002	47.845
250	49	1	162.2199999999999	189.545
250	50	1	102.65499999999999	69.55000000000005
250	51	1	23.36999999999999	114.41999999999996
250	52	1	40.97499999999999	92.925
250	53	1	139.90049751243782	72.51741293532338
250	54	1	66.67000000000003	55.004999999999995
250	55	1	116.75999999999999	135.96000000000004
250	56	1	31.336683417085432	198.5979899497486
250	57	1	74.76500000000004	165.43999999999988
250	58	1	76.92999999999999	53.18499999999998
250	59	1	169.17500000000007	90.84500000000003
250	60	1	149.22500000000014	33.19
250	61	1	198.73	107.19499999999996
250	62	1	26.484999999999996	27.030000000000015
250	63	1	90.19500000000002	35.345
250	64	1	109.31000000000002	179.65000000000006
250	65	1	84.55500000000005	78.31499999999997
250	66	1	77.8955223880597	93.97014925373132
250	67	1	83.25125628140702	18.437185929648226
250	68	1	180.465	53.099999999999994
250	69	1	185.43000000000006	160.84499999999997
250	70	1	83.82914572864323	185.02512562814067
250	71	1	130.73000000000008	96.69000000000001
250	72	1	26.434999999999995	101.805
250	73	1	97.81500000000001	125.40999999999998
250	74	1	116.91044776119404	37.93034825870648
250	75	1	57.615	173.21500000000006
250	76	1	17.035	133.81499999999997
250	77	1	172.33000000000004	111.59500000000004
250	78	1	112.13000000000001	157.98999999999992
250	79	1	144.41499999999996	166.14000000000004
250	80	1	49.206030150753776	117.36180904522608
250	81	1	130.48999999999998	61.79499999999999
250	82	1	70.81999999999998	73.70000000000002
250	83	1	63.809045226130635	126.92462311557784
250	84	1	104.85500000000005	166.86500000000004
250	85	1	60.19095477386935	161.90954773869342
250	86	1	109.52499999999995	123.88500000000003
250	87	1	58.205000000000005	65.90000000000002
250	88	1	13.844999999999995	84.32499999999999
250	89	1	76.88000000000002	37.18500000000002
250	90	1	15.069999999999999	30.52500000000001
250	91	1	81.77000000000004	145.63999999999996
250	92	1	164.29500000000004	135.19000000000003
250	93	1	88.14213197969536	141.46192893401007
250	94	1	128.22499999999994	186.34
250	95	1	24.740000000000006	165.67500000000004
250	96	1	64.44000000000001	36.90500000000003
250	97	1	126.17000000000002	124.68
250	98	1	54.50251256281406	197.72864321608054
250	99	1	37.78500000000001	73.85999999999999
250	100	1	5.634999999999999	116.03000000000006
250	101	1	115.71500000000003	191.85500000000005
250	102	1	196.71	88.23500000000003
250	103	1	118.33999999999996	57.17499999999999
250	104	1	85.255	5.894999999999998
250	105	1	30.180904522613073	125.17587939698494
250	106	1	164.06500000000008	102
250	107	1	105.09547738693465	89.76884422110552
250	108	1	15.758793969849247	11.814070351758788
250	109	1	26.799999999999994	76.535
250	110	1	127.03999999999999	14.780000000000003
250	111	1	182.55500000000018	86.01000000000005
250	112	1	91.24000000000004	67.76499999999999
250	113	1	10.542288557213928	124.2437810945274
250	114	1	87.26500000000001	162.355
250	115	1	83.25000000000003	104.20999999999997
250	116	1	102.68500000000002	34.655
250	117	1	26.663316582914582	39.884422110552755
250	118	1	186.35000000000005	70.71500000000002
250	119	1	123.01000000000005	158.30000000000004
250	120	1	112.32000000000002	103.365
250	121	1	92.515	173.18999999999994
250	122	1	113.25500000000001	64.88999999999999
250	123	1	85.09499999999998	121.53999999999992
250	124	1	49.27999999999999	41.02499999999995
250	125	1	36.19402985074627	165.6268656716418
250	126	1	124.33999999999996	143.38500000000002
250	127	1	38.954999999999984	110.07999999999998
250	128	1	161.59000000000006	22.694999999999993
250	129	1	78.2663316582915	199.10552763819095
250	130	1	86.295	55.324999999999996
250	131	1	175.6999999999999	170.40999999999997
250	132	1	52.07499999999998	86.15500000000003
250	133	1	166.00502512562815	119.0603015075377
250	134	1	39.658291457286445	20.798994974874358
250	135	1	52.895000000000024	74.84999999999998
250	136	1	119.64500000000002	111.77499999999996
250	137	1	7.779999999999997	39.67499999999999
250	138	1	36.70499999999999	61.985000000000014
250	139	1	42.325	16.819999999999997
250	140	1	103.77499999999999	80.87499999999994
250	141	1	159.2549999999999	169.35000000000008
250	142	1	144.995	0.8899999999999993
250	143	1	27.315000000000005	13.309999999999995
250	144	1	27.11500000000001	90.105
250	145	1	71.23000000000009	85.85499999999999
260	1	2	9.691489361702128	9.691489361702128
260	2	2	10.120000000000005	54.88
260	3	2	10.126315789473686	99.6105263157895
260	4	2	9.870000000000005	144.93999999999997
260	5	2	10.000000000000002	189.99999999999997
260	6	2	55.020833333333336	10.270833333333334
260	7	2	54.72916666666666	54.729166666666664
260	8	2	55.12000000000002	99.88
260	9	2	54.87999999999998	144.88
260	10	2	55.000000000000014	190
260	11	2	100.13999999999999	9.940000000000003
260	12	2	100.25555555555555	54.45555555555557
260	13	2	99.72916666666669	100.02083333333333
260	14	2	99.96907216494847	145.30927835051548
260	15	2	99.54945054945055	190.1868131868132
260	16	2	144.72916666666669	10.27083333333333
260	17	2	144.7835051546392	55.309278350515456
260	18	2	145.1199999999999	100.12000000000003
260	19	2	144.87999999999997	144.88
260	20	2	144.71428571428572	190.74725274725276
260	21	2	190.0299999999999	10.13
260	22	2	190.38947368421051	54.87368421052632
260	23	2	189.99999999999994	100.50000000000001
260	24	2	189.87999999999997	145.11999999999998
260	25	2	189.72916666666669	190.02083333333326
260	26	1	26.670000000000005	150.64000000000007
260	27	1	134.21999999999997	160.1100000000001
260	28	1	160.205	179.99000000000004
260	29	1	192.39800995024876	123.55721393034828
260	30	1	50.029999999999994	1.74
260	31	1	142.65829145728634	178.72361809045228
260	32	1	95.05500000000002	112.98000000000006
260	33	1	141.95999999999998	83.92
260	34	1	154.77000000000012	45.639999999999986
260	35	1	69.09000000000005	152.37500000000006
260	36	1	126.95000000000003	76.94000000000004
260	37	1	0.3100000000000004	195.99
260	38	1	195.55	176.1099999999999
260	39	1	120.62000000000002	88.63500000000002
260	40	1	160.78500000000003	3.5450000000000013
260	41	1	171.88999999999993	57.54000000000001
260	42	1	43.809999999999974	183.06
260	43	1	50.809999999999974	30.42500000000001
260	44	1	133.05025125628143	113.0050251256282
260	45	1	126.41499999999999	2.045
260	46	1	123.90500000000002	173.51000000000008
260	47	1	0.9350000000000006	77.76499999999997
260	48	1	122.29850746268659	47.75124378109451
260	49	1	162.51999999999995	189.45000000000005
260	50	1	102.62311557788944	69.62311557788946
260	51	1	23.580000000000005	114.53000000000002
260	52	1	41.2	92.83999999999996
260	53	1	139.93499999999997	72.44000000000003
260	54	1	66.5	54.81500000000001
260	55	1	116.97999999999998	135.55000000000013
260	56	1	31.249999999999982	198.61499999999998
260	57	1	74.79396984924622	165.467336683417
260	58	1	76.77	53.304999999999986
260	59	1	168.69499999999994	91.16499999999995
260	60	1	149.16582914572857	33.61306532663316
260	61	1	198.755	107.38500000000005
260	62	1	26.635000000000016	26.999999999999996
260	63	1	90.19	35.394999999999975
260	64	1	109.45500000000007	179.66000000000014
260	65	1	84.46999999999989	78.38999999999999
260	66	1	77.9	93.86500000000001
260	67	1	83.31999999999995	18.394999999999996
260	68	1	180.455	53.27999999999997
260	69	1	185.12999999999994	160.875
260	70	1	83.68999999999998	185.005
260	71	1	130.76	96.76999999999998
260	72	1	26.18	101.72000000000003
260	73	1	97.81094527363186	125.5820895522389
260	74	1	116.555	37.940000000000026
260	75	1	57.45000000000002	173.21999999999994
260	76	1	17.597014925373124	134.00000000000003
260	77	1	172.47000000000003	111.61500000000001
260	78	1	112.02499999999996	157.67499999999998
260	79	1	144.56499999999994	166.135
260	80	1	49.175	117.48499999999997
260	81	1	130.41000000000003	61.960000000000015
260	82	1	70.93500000000002	73.57999999999998
260	83	1	63.512562814070336	126.8090452261307
260	84	1	104.76500000000003	166.98499999999999
260	85	1	60.33999999999999	161.7199999999999
260	86	1	109.57500000000005	123.83500000000002
260	87	1	58.238805970149244	66.09452736318413
260	88	1	13.925	84.54499999999997
260	89	1	76.92499999999995	37.120000000000005
260	90	1	15.144999999999998	30.470000000000006
260	91	1	81.72500000000001	145.655
260	92	1	164.45999999999984	135.66000000000003
260	93	1	88.14213197969536	141.46192893401007
260	94	1	128.29000000000002	186.08500000000004
260	95	1	24.695000000000004	165.48999999999992
260	96	1	64.47500000000002	36.96500000000001
260	97	1	126.32999999999997	124.895
260	98	1	54.50251256281406	197.72864321608054
260	99	1	37.635000000000005	73.94
260	100	1	5.814999999999997	116.20499999999998
260	101	1	115.67999999999998	191.82500000000007
260	102	1	197.39303482587064	88.39800995024869
260	103	1	118.31499999999997	57.08499999999999
260	104	1	85.345	5.835
260	105	1	30.175000000000008	125.29000000000006
260	106	1	164.1449999999999	102.11500000000008
260	107	1	105.47500000000002	89.60000000000001
260	108	1	15.758793969849247	11.814070351758788
260	109	1	26.590000000000003	76.59999999999991
260	110	1	127.36999999999999	14.469999999999999
260	111	1	182.575	86.01000000000003
260	112	1	91.22999999999996	67.56500000000004
260	113	1	10.575	124.31999999999994
260	114	1	87.46499999999997	162.17500000000007
260	115	1	83.1094527363184	104.31343283582089
260	116	1	102.60000000000001	34.605000000000004
260	117	1	26.783919597989943	39.874371859296474
260	118	1	186.305	70.75499999999998
260	119	1	123.11499999999997	158.53499999999997
260	120	1	112.19000000000001	103.36
260	121	1	92.545	173.40999999999997
260	122	1	113.21999999999998	64.76500000000003
260	123	1	85.0904522613066	121.62814070351759
260	124	1	48.91	41.124999999999986
260	125	1	36.18500000000003	165.51000000000005
260	126	1	124.31000000000003	143.63500000000002
260	127	1	38.855000000000004	110.19499999999995
260	128	1	161.42786069651734	22.64676616915423
260	129	1	78.41500000000006	199.165
260	130	1	86.29	55.27
260	131	1	175.78500000000003	170.51999999999984
260	132	1	52.10499999999998	86.20499999999996
260	133	1	165.92499999999998	119.03
260	134	1	39.658291457286445	20.798994974874358
260	135	1	52.86000000000002	74.99000000000004
260	136	1	119.61000000000001	111.69500000000005
260	137	1	7.930000000000001	39.81
260	138	1	36.47000000000003	62.09000000000001
260	139	1	42.381909547738665	16.829145728643212
260	140	1	103.44500000000001	80.74999999999996
260	141	1	159.38000000000002	169.385
260	142	1	145.2763819095478	0.9296482412060295
260	143	1	27.315000000000005	13.165000000000003
260	144	1	27.535000000000007	90.38499999999998
260	145	1	71.43718592964825	85.78391959799
270	1	2	9.691489361702128	9.691489361702128
270	2	2	10.120000000000005	54.88
270	3	2	10.126315789473686	99.6105263157895
270	4	2	9.870000000000005	144.93999999999997
270	5	2	10.000000000000002	189.99999999999997
270	6	2	55.020833333333336	10.270833333333334
270	7	2	54.72916666666666	54.729166666666664
270	8	2	55.12000000000002	99.88
270	9	2	54.87999999999998	144.88
270	10	2	55.000000000000014	190
270	11	2	100.13999999999999	9.940000000000003
270	12	2	100.25555555555555	54.45555555555557
270	13	2	99.72916666666669	100.02083333333333
270	14	2	99.96907216494847	145.30927835051548
270	15	2	99.54945054945055	190.1868131868132
270	16	2	144.72916666666669	10.27083333333333
270	17	2	144.7835051546392	55.309278350515456
270	18	2	145.1199999999999	100.12000000000003
270	19	2	144.87999999999997	144.88
270	20	2	144.71428571428572	190.74725274725276
270	21	2	190.0299999999999	10.13
270	22	2	190.38947368421051	54.87368421052632
270	23	2	189.99999999999994	100.50000000000001
270	24	2	189.87999999999997	145.11999999999998
270	25	2	189.72916666666669	190.02083333333326
270	26	1	26.54228855721393	150.53233830845778
270	27	1	134.22	159.95999999999995
270	28	1	159.95	180.28000000000006
270	29	1	193.29999999999998	124.44
270	30	1	50.04020100502514	1.698492462311559
270	31	1	142.70499999999993	178.67500000000004
270	32	1	95.07499999999999	112.83999999999995
270	33	1	141.75499999999982	83.93999999999997
270	34	1	154.95000000000002	45.64
270	35	1	69.29500000000002	152.36999999999992
270	36	1	127.015	76.91500000000002
270	37	1	0.31500000000000045	195.945
270	38	1	195.565	176.05999999999997
270	39	1	120.56999999999998	88.61999999999996
270	40	1	160.535	3.715000000000001
270	41	1	171.9200000000001	57.50000000000003
270	42	1	43.81000000000002	182.87500000000006
270	43	1	50.68	30.400000000000002
270	44	1	133.16000000000008	112.65499999999996
270	45	1	126.23500000000006	1.9700000000000006
270	46	1	123.65500000000004	173.43999999999997
270	47	1	0.4200000000000006	77.625
270	48	1	122.63500000000002	47.629999999999995
270	49	1	162.73000000000008	189.31000000000006
270	50	1	102.62	69.39500000000008
270	51	1	24.02499999999999	114.54500000000007
270	52	1	41.19500000000003	92.54500000000003
270	53	1	139.91457286432157	72.35678391959799
270	54	1	66.56499999999997	54.83999999999999
270	55	1	116.90500000000002	135.61999999999995
270	56	1	31.36499999999999	198.65000000000003
270	57	1	74.885	165.43500000000003
270	58	1	76.83500000000001	53.230000000000004
270	59	1	167.97512437810948	91.19402985074622
270	60	1	149.18999999999997	33.575
270	61	1	198.785	107.525
270	62	1	26.569999999999993	26.990000000000002
270	63	1	90.13000000000001	35.44499999999998
270	64	1	109.21500000000002	179.57000000000005
270	65	1	84.50499999999998	78.24
270	66	1	78.155	93.685
270	67	1	83.30999999999999	18.33
270	68	1	180.40500000000003	53.039999999999985
270	69	1	185.19	160.805
270	70	1	83.70999999999995	184.94000000000005
270	71	1	130.68656716417914	96.78606965174133
270	72	1	25.33165829145729	101.17587939698494
270	73	1	97.86499999999995	125.46499999999999
270	74	1	116.39999999999996	38.30500000000003
270	75	1	57.38	173.19499999999996
270	76	1	18	134.0749999999999
270	77	1	172.65499999999997	111.775
270	78	1	111.93999999999998	157.50499999999997
270	79	1	144.54999999999998	166.26
270	80	1	49.31999999999998	117.785
270	81	1	130.375	61.81999999999998
270	82	1	70.88000000000001	73.61500000000001
270	83	1	63.059999999999995	126.93000000000002
270	84	1	104.75499999999997	166.82999999999998
270	85	1	60.265	161.81499999999997
270	86	1	109.67500000000001	123.73500000000003
270	87	1	58.41499999999998	66.01500000000007
270	88	1	13.655000000000005	84.30500000000002
270	89	1	76.78499999999997	37.07000000000002
270	90	1	14.939999999999998	30.44
270	91	1	81.81500000000004	145.47999999999988
270	92	1	164.35000000000008	135.50500000000002
270	93	1	88.14213197969536	141.46192893401007
270	94	1	128.30000000000004	186.05999999999997
270	95	1	24.79500000000001	165.51500000000007
270	96	1	64.29353233830844	36.885572139303484
270	97	1	126.34000000000002	124.72500000000001
270	98	1	54.50251256281406	197.72864321608054
270	99	1	37.95522388059702	73.93532338308458
270	100	1	5.744999999999997	116.18999999999996
270	101	1	115.70499999999998	191.70000000000002
270	102	1	197.76	88.59999999999998
270	103	1	118.31499999999997	57.08499999999999
270	104	1	85.55000000000003	5.679999999999999
270	105	1	30.215000000000018	124.98500000000001
270	106	1	164.40500000000006	101.86
270	107	1	105.37999999999997	89.52000000000001
270	108	1	15.758793969849247	11.814070351758788
270	109	1	26.629999999999985	76.71500000000009
270	110	1	127.32663316582912	14.35175879396985
270	111	1	182.45	86.45
270	112	1	91.20603015075385	67.60804020100505
270	113	1	10.764999999999999	124.13
270	114	1	87.68999999999998	161.99499999999998
270	115	1	83.04500000000002	104.17999999999996
270	116	1	102.61500000000004	34.74999999999999
270	117	1	26.849999999999987	39.835000000000015
270	118	1	186.08999999999997	70.60500000000002
270	119	1	123.13930348258711	158.70646766169153
270	120	1	112.10499999999996	103.42999999999996
270	121	1	93.01492537313436	173.82089552238807
270	122	1	113.2663316582915	64.68844221105526
270	123	1	85.07999999999998	121.47500000000001
270	124	1	49.01999999999999	41.169999999999995
270	125	1	36.16500000000002	165.2800000000001
270	126	1	124.27499999999993	143.72
270	127	1	39.03000000000002	110.00499999999994
270	128	1	161.12999999999994	22.590000000000007
270	129	1	78.28000000000006	199.33
270	130	1	86.37000000000006	55.09499999999999
270	131	1	175.51243781094524	170.29353233830852
270	132	1	52.381909547738715	86.28140703517586
270	133	1	166.20100502512562	119.15577889447236
270	134	1	39.658291457286445	20.798994974874358
270	135	1	52.84000000000001	74.78999999999994
270	136	1	119.6984924623115	111.6633165829145
270	137	1	7.780000000000001	39.63500000000001
270	138	1	36.537688442211056	61.95477386934672
270	139	1	42.381909547738665	16.844221105527634
270	140	1	103.64	80.57000000000002
270	141	1	159.29500000000002	169.29999999999998
270	142	1	145.10552763819095	0.8693467336683409
270	143	1	27.195000000000004	13.105
270	144	1	28.305	90.785
270	145	1	71.61500000000005	85.76
280	1	2	9.691489361702128	9.691489361702128
280	2	2	10.120000000000005	54.88
280	3	2	10.126315789473686	99.6105263157895
280	4	2	9.870000000000005	144.93999999999997
280	5	2	10.000000000000002	189.99999999999997
280	6	2	55.020833333333336	10.270833333333334
280	7	2	54.72916666666666	54.729166666666664
280	8	2	55.12000000000002	99.88
280	9	2	54.87999999999998	144.88
280	10	2	55.000000000000014	190
280	11	2	100.13999999999999	9.940000000000003
280	12	2	100.25555555555555	54.45555555555557
280	13	2	99.72916666666669	100.02083333333333
280	14	2	99.96907216494847	145.30927835051548
280	15	2	99.54945054945055	190.1868131868132
280	16	2	144.72916666666669	10.27083333333333
280	17	2	144.7835051546392	55.309278350515456
280	18	2	145.1199999999999	100.12000000000003
280	19	2	144.87999999999997	144.88
280	20	2	144.71428571428572	190.74725274725276
280	21	2	190.0299999999999	10.13
280	22	2	190.38947368421051	54.87368421052632
280	23	2	189.99999999999994	100.50000000000001
280	24	2	189.87999999999997	145.11999999999998
280	25	2	189.72916666666669	190.02083333333326
280	26	1	25.980000000000015	150.25000000000006
280	27	1	134.00999999999993	160.125
280	28	1	159.935	180.27499999999986
280	29	1	193.915	124.70499999999997
280	30	1	50.04020100502514	1.698492462311559
280	31	1	142.7	178.7549999999999
280	32	1	95.02000000000001	112.82499999999993
280	33	1	141.72499999999997	83.90500000000002
280	34	1	155.8308457711443	45.865671641791025
280	35	1	69.55500000000002	152.42499999999995
280	36	1	126.96000000000002	76.91000000000004
280	37	1	0.09500000000000021	195.7
280	38	1	195.51500000000001	175.99999999999986
280	39	1	120.57000000000002	88.59000000000002
280	40	1	160.5499999999999	3.759999999999996
280	41	1	171.90954773869356	57.884422110552784
280	42	1	43.635	182.3800000000001
280	43	1	50.819999999999986	30.37
280	44	1	133.2299999999998	112.80999999999999
280	45	1	126.42499999999997	1.8650000000000009
280	46	1	123.9346733668342	173.45226130653265
280	47	1	0.27500000000000085	77.63500000000003
280	48	1	122.49500000000003	47.640000000000015
280	49	1	162.64000000000013	189.33500000000004
280	50	1	102.50500000000004	69.53499999999995
280	51	1	24.200000000000006	114.325
280	52	1	41.514999999999986	92.34500000000003
280	53	1	139.89999999999992	72.32000000000002
280	54	1	66.55000000000003	54.62
280	55	1	116.83999999999996	135.78000000000003
280	56	1	31.592039800995014	198.4179104477611
280	57	1	74.80999999999996	165.405
280	58	1	76.88999999999996	53.10000000000003
280	59	1	167.7100000000001	91.14999999999998
280	60	1	149.61999999999992	33.58999999999999
280	61	1	198.75	107.46499999999997
280	62	1	26.674999999999994	27.01
280	63	1	90.17499999999998	35.529999999999994
280	64	1	109.391959798995	179.59296482412057
280	65	1	84.61999999999995	78.36000000000001
280	66	1	78.47000000000008	93.54499999999997
280	67	1	83.38499999999996	18.45000000000001
280	68	1	180.34999999999997	52.940000000000005
280	69	1	185.07999999999998	160.845
280	70	1	83.95500000000003	184.87500000000003
280	71	1	130.47999999999996	96.80499999999998
280	72	1	24.786069651741293	100.69154228855719
280	73	1	97.75500000000005	125.44000000000001
280	74	1	116.23000000000005	38.335000000000015
280	75	1	57.44000000000002	173.30000000000007
280	76	1	18.404999999999976	134.30000000000004
280	77	1	172.72500000000002	111.78999999999999
280	78	1	112.08	157.60000000000002
280	79	1	144.78499999999988	166.145
280	80	1	49.344999999999985	117.60499999999996
280	81	1	130.48499999999999	61.76500000000001
280	82	1	71.03500000000001	73.40999999999995
280	83	1	62.67999999999998	127.035
280	84	1	104.57500000000002	166.98500000000013
280	85	1	59.84999999999998	161.93499999999995
280	86	1	109.685	123.98500000000004
280	87	1	58.28499999999997	65.96499999999999
280	88	1	13.865	84.05000000000001
280	89	1	76.625	37.155
280	90	1	15.26633165829145	30.412060301507548
280	91	1	81.95	145.67500000000004
280	92	1	164.3869346733667	135.45226130653265
280	93	1	88.14213197969536	141.46192893401007
280	94	1	128.30150753768845	185.99497487437182
280	95	1	24.680000000000014	165.475
280	96	1	64.24120603015078	36.683417085427116
280	97	1	126.05000000000005	124.41500000000002
280	98	1	54.50251256281406	197.72864321608054
280	99	1	38.30000000000003	74.36499999999997
280	100	1	5.619999999999998	116.22000000000003
280	101	1	115.81500000000003	191.885
280	102	1	198.08	88.62000000000002
280	103	1	118.37999999999994	57.08
280	104	1	85.47999999999999	5.784999999999999
280	105	1	30.029999999999998	124.805
280	106	1	164.27999999999997	101.825
280	107	1	105.36999999999999	89.515
280	108	1	15.758793969849247	11.814070351758788
280	109	1	26.574999999999996	76.91000000000001
280	110	1	127.29648241206033	14.43718592964825
280	111	1	182.07	86.8
280	112	1	91.26130653266333	67.37185929648248
280	113	1	11.11	124.04499999999999
280	114	1	87.75499999999998	162.15000000000006
280	115	1	82.955	104.13999999999992
280	116	1	102.67000000000002	34.60500000000001
280	117	1	27.020000000000003	39.985000000000014
280	118	1	186.21500000000006	70.51000000000003
280	119	1	122.97499999999998	158.63000000000002
280	120	1	112.11000000000003	103.475
280	121	1	93.5870646766169	174.4776119402984
280	122	1	113.27500000000003	64.64999999999998
280	123	1	84.97	121.335
280	124	1	48.92462311557791	41.20603015075377
280	125	1	36.00999999999999	165.18500000000006
280	126	1	124.32999999999994	143.64000000000001
280	127	1	39.199999999999996	110.44000000000003
280	128	1	160.82	22.560000000000006
280	129	1	78.20500000000004	199.355
280	130	1	86.355	55.16499999999998
280	131	1	175.5749999999999	170.29500000000004
280	132	1	52.79499999999999	86.36
280	133	1	166.23499999999996	119.16999999999997
280	134	1	39.658291457286445	20.798994974874358
280	135	1	53.10050251256283	74.70854271356785
280	136	1	119.71000000000002	111.61999999999998
280	137	1	8.040201005025127	39.386934673366866
280	138	1	36.57	62.17500000000002
280	139	1	42.42999999999998	16.844999999999995
280	140	1	103.61999999999998	80.50999999999998
280	141	1	159.475	169.41000000000008
280	142	1	145.12562814070364	0.8492462311557791
280	143	1	27.13432835820895	12.83582089552239
280	144	1	29.320000000000004	91.53000000000002
280	145	1	71.69849246231153	85.76381909547736
290	1	2	9.691489361702128	9.691489361702128
290	2	2	10.120000000000005	54.88
290	3	2	10.126315789473686	99.6105263157895
290	4	2	9.870000000000005	144.93999999999997
290	5	2	10.000000000000002	189.99999999999997
290	6	2	55.020833333333336	10.270833333333334
290	7	2	54.72916666666666	54.729166666666664
290	8	2	55.12000000000002	99.88
290	9	2	54.87999999999998	144.88
290	10	2	55.000000000000014	190
290	11	2	100.13999999999999	9.940000000000003
290	12	2	100.25555555555555	54.45555555555557
290	13	2	99.72916666666669	100.02083333333333
290	14	2	99.96907216494847	145.30927835051548
290	15	2	99.54945054945055	190.1868131868132
290	16	2	144.72916666666669	10.27083333333333
290	17	2	144.7835051546392	55.309278350515456
290	18	2	145.1199999999999	100.12000000000003
290	19	2	144.87999999999997	144.88
290	20	2	144.71428571428572	190.74725274725276
290	21	2	190.0299999999999	10.13
290	22	2	190.38947368421051	54.87368421052632
290	23	2	189.99999999999994	100.50000000000001
290	24	2	189.87999999999997	145.11999999999998
290	25	2	189.72916666666669	190.02083333333326
290	26	1	25.765000000000004	150.19999999999993
290	27	1	133.93000000000006	160.09500000000003
290	28	1	160.04000000000005	180.35500000000002
290	29	1	194.13	124.73500000000001
290	30	1	49.96499999999999	1.7
290	31	1	142.55000000000004	178.58500000000012
290	32	1	94.99499999999999	112.855
290	33	1	141.753768844221	83.73869346733665
290	34	1	156.86000000000004	45.529999999999994
290	35	1	69.49500000000002	152.43
290	36	1	126.9849246231156	76.90954773869345
290	37	1	0.0650000000000004	195.71
290	38	1	195.475	175.94999999999993
290	39	1	120.48	88.56500000000001
290	40	1	160.60999999999999	3.8300000000000045
290	41	1	171.7700000000001	57.6
290	42	1	43.44499999999999	181.78499999999997
290	43	1	50.76999999999998	30.355000000000004
290	44	1	133.18999999999997	112.62500000000004
290	45	1	126.625	1.8900000000000008
290	46	1	123.81500000000004	173.41000000000005
290	47	1	0.27999999999999986	77.79000000000003
290	48	1	122.38499999999999	47.79
290	49	1	162.35999999999996	189.45499999999996
290	50	1	102.52999999999999	69.70999999999995
290	51	1	24.00995024875622	114.2189054726368
290	52	1	40.96999999999999	91.75500000000001
290	53	1	139.95000000000005	72.21499999999996
290	54	1	66.52261306532665	54.52763819095477
290	55	1	116.69999999999997	136.13000000000005
290	56	1	31.63500000000001	198.24999999999994
290	57	1	74.77500000000005	165.52
290	58	1	76.93000000000002	52.970000000000006
290	59	1	167.14	91.05
290	60	1	149.64824120603018	33.97487437185927
290	61	1	198.73	107.17999999999998
290	62	1	26.544999999999995	26.904999999999998
290	63	1	90.26999999999998	35.50500000000001
290	64	1	109.67164179104475	179.5124378109452
290	65	1	84.595	78.36500000000001
290	66	1	78.55276381909542	93.54271356783917
290	67	1	83.75500000000002	18.560000000000013
290	68	1	180.34000000000006	53.12499999999998
290	69	1	185.25500000000005	161.11499999999995
290	70	1	84.33999999999995	184.74999999999991
290	71	1	130.495	96.68499999999995
290	72	1	24.334999999999987	100.15000000000002
290	73	1	97.66999999999996	125.66500000000002
290	74	1	116.17500000000001	38.20999999999997
290	75	1	57.44499999999997	173.58000000000004
290	76	1	18.910000000000004	134.49499999999998
290	77	1	172.815	111.77500000000002
290	78	1	112.08	157.65000000000003
290	79	1	144.62	166.17999999999992
290	80	1	49.28500000000002	117.76499999999997
290	81	1	130.49000000000004	61.855000000000004
290	82	1	71.07500000000005	73.42
290	83	1	61.86	127.845
290	84	1	104.20999999999997	166.71
290	85	1	59.86934673366834	162.00502512562815
290	86	1	109.7	123.885
290	87	1	58.34673366834171	65.87939698492464
290	88	1	13.965000000000014	84.19000000000004
290	89	1	76.85000000000004	37.15000000000002
290	90	1	15.407035175879393	30.63819095477387
290	91	1	81.98000000000002	145.76500000000001
290	92	1	164.26000000000005	135.19500000000014
290	93	1	88.14213197969536	141.46192893401007
290	94	1	128.25870646766168	186.1293532338309
290	95	1	24.625000000000007	165.19
290	96	1	64.29499999999999	36.705
290	97	1	125.77500000000002	124.25000000000001
290	98	1	54.396984924623105	197.68341708542707
290	99	1	38.839195979899515	74.88944723618094
290	100	1	5.5649999999999995	116.12
290	101	1	115.81999999999998	192.10500000000002
290	102	1	197.98994974874373	88.5175879396985
290	103	1	118.41000000000004	57.15000000000002
290	104	1	85.59500000000007	5.809999999999997
290	105	1	30.044999999999987	124.61999999999999
290	106	1	164.69000000000003	101.50999999999996
290	107	1	105.13	89.58000000000001
290	108	1	15.758793969849247	11.814070351758788
290	109	1	26.49246231155779	76.6834170854271
290	110	1	127.16	14.575000000000001
290	111	1	181.84	86.79500000000003
290	112	1	91.14500000000002	67.33
290	113	1	11.39	123.93999999999997
290	114	1	87.84000000000003	161.98
290	115	1	82.88500000000002	104.05499999999998
290	116	1	102.67999999999992	34.66499999999999
290	117	1	27.139999999999993	40.105000000000025
290	118	1	186.10500000000008	70.56500000000003
290	119	1	122.96500000000005	158.52499999999998
290	120	1	112.13	103.50999999999996
290	121	1	93.70149253731344	174.72139303482592
290	122	1	113.245	64.58000000000003
290	123	1	84.91499999999999	121.365
290	124	1	48.89999999999999	41.16500000000002
290	125	1	36.00500000000001	164.87500000000009
290	126	1	124.61499999999994	143.50999999999996
290	127	1	39.199999999999996	110.26000000000002
290	128	1	160.85500000000005	22.769999999999996
290	129	1	78.20500000000001	199.485
290	130	1	86.48500000000001	55.119999999999976
290	131	1	175.65671641791047	170.35323383084565
290	132	1	53.06467661691539	86.69154228855727
290	133	1	166.05527638190958	118.9045226130653
290	134	1	39.658291457286445	20.798994974874358
290	135	1	52.98000000000001	74.47999999999999
290	136	1	119.74500000000006	111.50999999999996
290	137	1	8.278606965174127	39.636815920397986
290	138	1	36.67499999999997	62.21
290	139	1	42.325	16.819999999999997
290	140	1	103.67	80.56000000000007
290	141	1	159.53266331658287	169.59296482412063
290	142	1	144.9200000000001	0.9300000000000004
290	143	1	27.124999999999993	12.75
290	144	1	29.703517587939704	91.99497487437188
290	145	1	71.57499999999996	85.81500000000001
300	1	2	9.691489361702128	9.691489361702128
300	2	2	10.120000000000005	54.88
300	3	2	10.126315789473686	99.6105263157895
300	4	2	9.870000000000005	144.93999999999997
300	5	2	10.000000000000002	189.99999999999997
300	6	2	55.020833333333336	10.270833333333334
300	7	2	54.72916666666666	54.729166666666664
300	8	2	55.12000000000002	99.88
300	9	2	54.87999999999998	144.88
300	10	2	55.000000000000014	190
300	11	2	100.13999999999999	9.940000000000003
300	12	2	100.25555555555555	54.45555555555557
300	13	2	99.72916666666669	100.02083333333333
300	14	2	99.96907216494847	145.30927835051548
300	15	2	99.54945054945055	190.1868131868132
300	16	2	144.72916666666669	10.27083333333333
300	17	2	144.7835051546392	55.309278350515456
300	18	2	145.1199999999999	100.12000000000003
300	19	2	144.87999999999997	144.88
300	20	2	144.71428571428572	190.74725274725276
300	21	2	190.0299999999999	10.13
300	22	2	190.38947368421051	54.87368421052632
300	23	2	189.99999999999994	100.50000000000001
300	24	2	189.87999999999997	145.11999999999998
300	25	2	189.72916666666669	190.02083333333326
300	26	1	25.559999999999988	150.17999999999986
300	27	1	133.97000000000003	160.03000000000006
300	28	1	159.93500000000003	180.39000000000004
300	29	1	194	124.50251256281406
300	30	1	49.82412060301507	1.6984924623115571
300	31	1	142.18999999999997	178.635
300	32	1	95.07462686567165	112.75621890547269
300	33	1	141.60000000000008	83.75
300	34	1	158.44999999999993	45.52499999999998
300	35	1	69.74500000000003	152.545
300	36	1	127.01999999999998	76.90500000000003
300	37	1	0.12499999999999997	195.695
300	38	1	195.24	175.86999999999986
300	39	1	120.50999999999992	88.625
300	40	1	160.58499999999995	3.84
300	41	1	171.85074626865668	57.86069651741294
300	42	1	43.24875621890547	181.44278606965165
300	43	1	50.56000000000002	30.464999999999993
300	44	1	133.13	112.84499999999997
300	45	1	126.80000000000001	1.8699999999999997
300	46	1	123.84000000000003	173.3399999999999
300	47	1	0.5649999999999988	77.64500000000001
300	48	1	122.43500000000002	47.895
300	49	1	162.225	189.385
300	50	1	102.67000000000004	69.76000000000003
300	51	1	24.04999999999999	114.21000000000002
300	52	1	40.42	91.56500000000003
300	53	1	140.13500000000002	72.07499999999996
300	54	1	66.56499999999997	54.51500000000001
300	55	1	116.735	136.15500000000003
300	56	1	31.79	198.02
300	57	1	74.72000000000006	165.69000000000005
300	58	1	77.025	53.005
300	59	1	167.0099502487563	90.77114427860698
300	60	1	149.865	34.775
300	61	1	198.70854271356785	107.27135678391956
300	62	1	26.609999999999992	26.89500000000002
300	63	1	90.18999999999996	35.40999999999999
300	64	1	109.86999999999998	179.645
300	65	1	84.59999999999998	78.28
300	66	1	78.53499999999997	93.64000000000004
300	67	1	83.74000000000002	18.350000000000005
300	68	1	180.36	52.794999999999995
300	69	1	185.11499999999998	161.1099999999999
300	70	1	84.29648241206031	184.88944723618104
300	71	1	130.76499999999996	96.66000000000001
300	72	1	23.744999999999987	99.71999999999993
300	73	1	97.73500000000001	125.72499999999995
300	74	1	116.04999999999998	38.22000000000003
300	75	1	57.32999999999999	173.60000000000008
300	76	1	19.099999999999998	134.5549999999999
300	77	1	172.70999999999984	111.70000000000003
300	78	1	112.19999999999997	157.60499999999988
300	79	1	144.6200000000001	166.34000000000006
300	80	1	49.15	117.94000000000001
300	81	1	130.51500000000004	61.84499999999999
300	82	1	71.19500000000004	73.26500000000004
300	83	1	61.641791044776106	128.1044776119402
300	84	1	104.16000000000007	166.93499999999992
300	85	1	59.800000000000004	162.18
300	86	1	109.75500000000002	123.86000000000003
300	87	1	58.19500000000001	65.83000000000006
300	88	1	13.830000000000009	84.33499999999995
300	89	1	76.915	37.24
300	90	1	15.390000000000006	30.489999999999995
300	91	1	81.885	145.7049999999999
300	92	1	164.23000000000002	135.10499999999993
300	93	1	88.14213197969536	141.46192893401007
300	94	1	128.15000000000006	186.29500000000002
300	95	1	24.750000000000018	165.04999999999993
300	96	1	64.31	36.825
300	97	1	125.82914572864317	124.33668341708541
300	98	1	54.50251256281406	197.72864321608054
300	99	1	39.14000000000001	74.99499999999998
300	100	1	5.530000000000002	116.18499999999992
300	101	1	116.03500000000001	192.22000000000003
300	102	1	197.615	88.21
300	103	1	118.43216080402011	57.17587939698493
300	104	1	85.85929648241198	5.567839195979898
300	105	1	29.89000000000001	124.615
300	106	1	164.65999999999997	101.30000000000003
300	107	1	105.115	89.575
300	108	1	15.758793969849247	11.814070351758788
300	109	1	26.445000000000018	76.54500000000002
300	110	1	126.92999999999999	14.465000000000009
300	111	1	181.62500000000003	87.07000000000004
300	112	1	91.28000000000002	67.31500000000005
300	113	1	11.275	123.975
300	114	1	87.95999999999998	161.89500000000004
300	115	1	82.61000000000006	104.38000000000002
300	116	1	102.54499999999999	34.59499999999998
300	117	1	27.105	40.42
300	118	1	186.19500000000005	70.495
300	119	1	122.92964824120601	158.55276381909528
300	120	1	112.1306532663317	103.54773869346734
300	121	1	93.69849246231156	174.7135678391959
300	122	1	113.21999999999998	64.405
300	123	1	84.97999999999999	121.56500000000001
300	124	1	48.77499999999999	41.165000000000035
300	125	1	36.264999999999986	164.46499999999992
300	126	1	125.16500000000005	143.56000000000003
300	127	1	39.3283582089552	110.1840796019901
300	128	1	160.65671641791047	23.029850746268657
300	129	1	78.16499999999999	199.54
300	130	1	86.58499999999998	55.120000000000026
300	131	1	175.54271356783926	170.20100502512565
300	132	1	52.780000000000015	86.64999999999999
300	133	1	166.02999999999992	118.95999999999998
300	134	1	39.658291457286445	20.798994974874358
300	135	1	53.39999999999999	74.75
300	136	1	119.78999999999995	111.37000000000005
300	137	1	8.524999999999997	39.795000000000016
300	138	1	36.46500000000001	62.50000000000002
300	139	1	42.325	16.819999999999997
300	140	1	103.67999999999998	80.54500000000003
300	141	1	159.42500000000004	169.635
300	142	1	145.33500000000006	0.8549999999999989
300	143	1	27.13999999999999	12.665000000000006
300	144	1	29.920398009950233	92.73134328358213
300	145	1	71.78894472361812	85.85427135678393
310	1	2	9.691489361702128	9.691489361702128
310	2	2	10.120000000000005	54.88
310	3	2	10.126315789473686	99.6105263157895
310	4	2	9.870000000000005	144.93999999999997
310	5	2	10.000000000000002	189.99999999999997
310	6	2	55.020833333333336	10.270833333333334
310	7	2	54.72916666666666	54.729166666666664
310	8	2	55.12000000000002	99.88
310	9	2	54.87999999999998	144.88
310	10	2	55.000000000000014	190
310	11	2	100.13999999999999	9.940000000000003
310	12	2	100.25555555555555	54.45555555555557
310	13	2	99.72916666666669	100.02083333333333
310	14	2	99.96907216494847	145.30927835051548
310	15	2	99.54945054945055	190.1868131868132
310	16	2	144.72916666666669	10.27083333333333
310	17	2	144.7835051546392	55.309278350515456
310	18	2	145.1199999999999	100.12000000000003
310	19	2	144.87999999999997	144.88
310	20	2	144.71428571428572	190.74725274725276
310	21	2	190.0299999999999	10.13
310	22	2	190.38947368421051	54.87368421052632
310	23	2	189.99999999999994	100.50000000000001
310	24	2	189.87999999999997	145.11999999999998
310	25	2	189.72916666666669	190.02083333333326
310	26	1	25.624999999999993	150.15500000000003
310	27	1	134.05499999999995	160.0999999999999
310	28	1	159.92039800995028	180.3681592039802
310	29	1	193.9497487437186	124.3165829145729
310	30	1	49.82	1.7750000000000015
310	31	1	142.06499999999988	178.7149999999999
310	32	1	95.19499999999996	112.61500000000004
310	33	1	141.36999999999998	83.83000000000004
310	34	1	160.2574257425744	45.34158415841585
310	35	1	69.87500000000004	152.645
310	36	1	127.07499999999997	76.83000000000003
310	37	1	0.015000000000000499	195.785
310	38	1	195.295	175.85000000000005
310	39	1	120.48500000000001	88.67999999999998
310	40	1	160.7250000000001	3.725000000000001
310	41	1	172.08999999999986	58.25
310	42	1	42.68500000000001	180.78000000000003
310	43	1	50.52999999999999	30.54
310	44	1	133.09	112.83500000000002
310	45	1	126.61500000000005	2.0050000000000017
310	46	1	124.19095477386935	173.42713567839186
310	47	1	0.504999999999999	77.68999999999996
310	48	1	122.38693467336682	47.914572864321606
310	49	1	162.34000000000006	189.255
310	50	1	102.51758793969843	69.39195979899496
310	51	1	24.120000000000008	114.01
310	52	1	40.080000000000005	91.04500000000004
310	53	1	140.30499999999995	72.21500000000006
310	54	1	66.55000000000001	54.30999999999997
310	55	1	116.93500000000002	136.02000000000004
310	56	1	31.870000000000005	198.095
310	57	1	74.75000000000001	165.55499999999998
310	58	1	77.09999999999998	53.145
310	59	1	166.82500000000005	90.74500000000002
310	60	1	150.12500000000009	35.754999999999995
310	61	1	198.84924623115577	107.54271356783926
310	62	1	26.815	27.03000000000001
310	63	1	90.07999999999994	35.32499999999999
310	64	1	109.9	179.80000000000007
310	65	1	84.55	78.13999999999997
310	66	1	78.315	93.72
310	67	1	83.87500000000003	18.304999999999993
310	68	1	180.35500000000008	52.654999999999994
310	69	1	184.97000000000008	160.93499999999997
310	70	1	84.22999999999999	185.065
310	71	1	130.95477386934667	96.56783919597994
310	72	1	23.599999999999994	99.605
310	73	1	97.77500000000006	125.60499999999999
310	74	1	116.10945273631847	38.15920398009951
310	75	1	57.82999999999996	173.84500000000006
310	76	1	19.540000000000013	134.44000000000005
310	77	1	172.75	111.69
310	78	1	112.25628140703522	157.45728643216074
310	79	1	144.7449999999999	166.33499999999995
310	80	1	49.065326633165846	117.9246231155779
310	81	1	130.55500000000004	61.79000000000003
310	82	1	71.00500000000001	73.29
310	83	1	61.55223880597014	128.82587064676616
310	84	1	104.25000000000006	167.14000000000001
310	85	1	59.33500000000001	162.73000000000008
310	86	1	109.71500000000005	123.87500000000001
310	87	1	58.08999999999998	65.67499999999998
310	88	1	13.880000000000003	84.32000000000001
310	89	1	76.84422110552762	37.226130653266345
310	90	1	15.544999999999998	30.474999999999994
310	91	1	81.93999999999998	145.64999999999995
310	92	1	164.13000000000002	135.1399999999999
310	93	1	88.14213197969536	141.46192893401007
310	94	1	128.01500000000001	186.36000000000004
310	95	1	24.82412060301507	164.87939698492465
310	96	1	64.315	36.76500000000001
310	97	1	125.97499999999997	124.44500000000002
310	98	1	54.50251256281406	197.72864321608054
310	99	1	39.245000000000005	75.09000000000003
310	100	1	5.924999999999998	116.12499999999999
310	101	1	115.925	192.33500000000004
310	102	1	197.6	88.20499999999998
310	103	1	118.43216080402011	57.17587939698493
310	104	1	85.99000000000001	5.509999999999999
310	105	1	30.31	124.19500000000002
310	106	1	164.93999999999997	101.39500000000001
310	107	1	105.34	89.50999999999995
310	108	1	15.758793969849247	11.814070351758788
310	109	1	26.310000000000002	76.44999999999999
310	110	1	127.07000000000002	14.455000000000005
310	111	1	181.53999999999988	87.12499999999999
310	112	1	91.17	67.60499999999998
310	113	1	11.464999999999998	124.26
310	114	1	87.98499999999997	161.95500000000004
310	115	1	82.86432160804023	104.3819095477387
310	116	1	102.45500000000003	34.75499999999998
310	117	1	26.995000000000008	40.63000000000001
310	118	1	186.16000000000005	70.595
310	119	1	122.72000000000003	158.84
310	120	1	112.12500000000001	103.71000000000008
310	121	1	93.74	174.84500000000003
310	122	1	113.21393034825867	64.46766169154228
310	123	1	85.10000000000004	121.81500000000001
310	124	1	48.795	41.230000000000004
310	125	1	36.575	163.78999999999988
310	126	1	125.37499999999997	143.85
310	127	1	39.80500000000001	109.68500000000004
310	128	1	160.38000000000008	23.395
310	129	1	77.88500000000005	199.67
310	130	1	86.63499999999999	55.13500000000001
310	131	1	175.88999999999987	170.10999999999996
310	132	1	52.89999999999999	86.84499999999998
310	133	1	166.09	119.045
310	134	1	39.658291457286445	20.798994974874358
310	135	1	53.580000000000034	74.81499999999998
310	136	1	119.95522388059703	111.35323383084574
310	137	1	8.720000000000004	39.839999999999996
310	138	1	36.59	62.58999999999999
310	139	1	42.325	16.819999999999997
310	140	1	103.88999999999997	80.41000000000003
310	141	1	159.465	169.66500000000008
310	142	1	145.33500000000006	0.8549999999999989
310	143	1	27.110552763819086	12.693467336683423
310	144	1	30.105000000000015	93.25000000000001
310	145	1	71.74499999999993	85.845
320	1	2	9.691489361702128	9.691489361702128
320	2	2	10.120000000000005	54.88
320	3	2	10.126315789473686	99.6105263157895
320	4	2	9.870000000000005	144.93999999999997
320	5	2	10.000000000000002	189.99999999999997
320	6	2	55.020833333333336	10.270833333333334
320	7	2	54.72916666666666	54.729166666666664
320	8	2	55.12000000000002	99.88
320	9	2	54.87999999999998	144.88
320	10	2	55.000000000000014	190
320	11	2	100.13999999999999	9.940000000000003
320	12	2	100.25555555555555	54.45555555555557
320	13	2	99.72916666666669	100.02083333333333
320	14	2	99.96907216494847	145.30927835051548
320	15	2	99.54945054945055	190.1868131868132
320	16	2	144.72916666666669	10.27083333333333
320	17	2	144.7835051546392	55.309278350515456
320	18	2	145.1199999999999	100.12000000000003
320	19	2	144.87999999999997	144.88
320	20	2	144.71428571428572	190.74725274725276
320	21	2	190.0299999999999	10.13
320	22	2	190.38947368421051	54.87368421052632
320	23	2	189.99999999999994	100.50000000000001
320	24	2	189.87999999999997	145.11999999999998
320	25	2	189.72916666666669	190.02083333333326
320	26	1	25.65326633165829	150.12060301507535
320	27	1	134.2100000000001	160.25500000000005
320	28	1	159.97499999999997	180.22499999999994
320	29	1	194.1	124.36999999999998
320	30	1	49.879999999999995	1.7099999999999995
320	31	1	141.84999999999997	178.91000000000003
320	32	1	95.33000000000003	112.665
320	33	1	141.42000000000004	83.95499999999996
320	34	1	161.81407035175877	45.522613065326624
320	35	1	69.94500000000001	152.83000000000004
320	36	1	127.14000000000003	76.83999999999995
320	37	1	0.21499999999999989	195.92
320	38	1	195.545	175.94000000000014
320	39	1	120.77999999999997	88.66000000000004
320	40	1	160.53233830845764	3.970149253731339
320	41	1	172.09	58.389999999999986
320	42	1	42.135	180.445
320	43	1	50.475	30.574999999999992
320	44	1	133.13999999999996	112.89999999999999
320	45	1	126.39499999999995	2.2499999999999982
320	46	1	124.36500000000002	173.51500000000007
320	47	1	0.6649999999999988	77.595
320	48	1	122.61999999999996	47.959999999999994
320	49	1	162.37499999999997	189.22000000000003
320	50	1	102.37999999999997	69.77500000000005
320	51	1	24.05000000000001	113.89499999999994
320	52	1	40.15577889447235	90.82412060301509
320	53	1	140.4550000000001	72.055
320	54	1	66.51999999999998	54.10499999999999
320	55	1	116.96500000000003	135.93500000000003
320	56	1	31.859999999999985	198.03
320	57	1	74.39500000000001	165.56999999999996
320	58	1	77.06999999999998	53.42000000000002
320	59	1	166.54	90.65500000000002
320	60	1	150.80999999999997	36.92000000000001
320	61	1	198.88	107.40500000000004
320	62	1	26.815920398009954	27.064676616915417
320	63	1	89.84000000000002	34.95000000000002
320	64	1	110.00000000000004	179.83999999999992
320	65	1	84.58999999999999	78.25499999999995
320	66	1	78.205	93.75999999999998
320	67	1	84.13999999999996	18.380000000000003
320	68	1	180.335	52.60499999999999
320	69	1	184.75621890547274	161.07960199004984
320	70	1	84.43499999999999	185.02499999999995
320	71	1	131.005	96.56499999999998
320	72	1	23.606965174129353	99.66666666666666
320	73	1	97.725	125.54999999999997
320	74	1	115.685	38.499999999999986
320	75	1	57.430000000000014	174.01499999999996
320	76	1	19.540000000000006	134.45499999999993
320	77	1	172.76	111.58499999999997
320	78	1	112.28999999999996	157.61499999999987
320	79	1	144.9549999999999	166.42000000000002
320	80	1	49.215	118.10000000000002
320	81	1	130.46500000000003	61.835
320	82	1	71.01499999999999	73.27
320	83	1	61.75500000000002	130.07000000000002
320	84	1	104.16000000000003	167.15499999999997
320	85	1	58.775000000000006	163.16000000000003
320	86	1	109.75000000000003	123.80499999999998
320	87	1	58.240000000000016	65.58
320	88	1	13.999999999999998	84.43999999999997
320	89	1	76.94000000000005	37.30999999999998
320	90	1	15.552238805970148	30.5273631840796
320	91	1	82.03999999999995	145.72000000000003
320	92	1	164.24000000000004	135.035
320	93	1	88.14213197969536	141.46192893401007
320	94	1	127.98500000000004	186.63500000000005
320	95	1	24.865	164.67000000000004
320	96	1	64.375	36.72999999999996
320	97	1	125.98009950248758	124.4328358208955
320	98	1	54.50251256281406	197.72864321608054
320	99	1	39.37999999999998	75.14499999999994
320	100	1	5.970000000000001	116.10499999999999
320	101	1	115.77000000000001	192.30000000000007
320	102	1	197.50248756218906	88.05970149253731
320	103	1	118.43216080402011	57.17587939698493
320	104	1	86.14999999999998	5.42
320	105	1	30.68844221105527	123.74874371859298
320	106	1	164.92999999999998	101.35999999999996
320	107	1	105.415	89.56500000000001
320	108	1	15.758793969849247	11.814070351758788
320	109	1	26.447761194029844	76.76119402985076
320	110	1	127.03500000000001	14.529999999999998
320	111	1	181.43500000000006	87.19000000000003
320	112	1	91.09500000000004	67.38500000000006
320	113	1	11.689999999999994	124.25
320	114	1	87.87499999999994	162.05500000000006
320	115	1	82.83000000000003	104.51500000000001
320	116	1	102.115	34.72000000000002
320	117	1	26.975000000000005	40.70000000000001
320	118	1	186.07035175879395	71.02010050251255
320	119	1	122.80000000000001	158.92
320	120	1	112.03999999999995	103.80499999999999
320	121	1	93.74499999999995	174.81499999999997
320	122	1	113.16499999999996	64.46000000000004
320	123	1	84.96999999999998	121.91999999999999
320	124	1	48.96999999999999	41.250000000000014
320	125	1	36.9	163.41
320	126	1	125.26368159203979	143.8756218905472
320	127	1	40.15999999999999	109.11999999999998
320	128	1	160.3249999999999	23.239999999999977
320	129	1	77.77000000000004	199.59
320	130	1	86.70999999999995	54.62000000000001
320	131	1	175.73999999999987	170.18499999999997
320	132	1	53.35323383084575	87.23880597014924
320	133	1	166.11500000000007	118.94500000000004
320	134	1	39.658291457286445	20.798994974874358
320	135	1	53.75000000000001	74.95
320	136	1	120.12999999999991	111.20999999999998
320	137	1	8.510000000000003	39.65999999999999
320	138	1	36.765	62.85000000000002
320	139	1	42.325	16.819999999999997
320	140	1	104.0099502487562	80.44776119402984
320	141	1	159.20499999999998	169.59499999999994
320	142	1	145.255	0.7749999999999996
320	143	1	27.119999999999987	12.644999999999994
320	144	1	30.27500000000001	93.44000000000003
320	145	1	71.75124378109449	85.7363184079602
330	1	2	9.691489361702128	9.691489361702128
330	2	2	10.120000000000005	54.88
330	3	2	10.126315789473686	99.6105263157895
330	4	2	9.870000000000005	144.93999999999997
330	5	2	10.000000000000002	189.99999999999997
330	6	2	55.020833333333336	10.270833333333334
330	7	2	54.72916666666666	54.729166666666664
330	8	2	55.12000000000002	99.88
330	9	2	54.87999999999998	144.88
330	10	2	55.000000000000014	190
330	11	2	100.13999999999999	9.940000000000003
330	12	2	100.25555555555555	54.45555555555557
330	13	2	99.72916666666669	100.02083333333333
330	14	2	99.96907216494847	145.30927835051548
330	15	2	99.54945054945055	190.1868131868132
330	16	2	144.72916666666669	10.27083333333333
330	17	2	144.7835051546392	55.309278350515456
330	18	2	145.1199999999999	100.12000000000003
330	19	2	144.87999999999997	144.88
330	20	2	144.71428571428572	190.74725274725276
330	21	2	190.0299999999999	10.13
330	22	2	190.38947368421051	54.87368421052632
330	23	2	189.99999999999994	100.50000000000001
330	24	2	189.87999999999997	145.11999999999998
330	25	2	189.72916666666669	190.02083333333326
330	26	1	25.689999999999998	150.1700000000001
330	27	1	134.08000000000007	160.18
330	28	1	159.81999999999994	180.22500000000005
330	29	1	194.21	124.57999999999993
330	30	1	49.909547738693455	1.723618090452261
330	31	1	141.87499999999997	178.83499999999995
330	32	1	95.285	112.86999999999999
330	33	1	141.47000000000006	83.78999999999998
330	34	1	162.715	45.37499999999999
330	35	1	69.77000000000004	152.85000000000002
330	36	1	126.83500000000005	76.98000000000002
330	37	1	0.019999999999999102	196.02
330	38	1	195.33668341708542	175.32663316582926
330	39	1	120.72999999999999	88.62999999999995
330	40	1	160.56000000000003	3.919999999999998
330	41	1	172.15422885572144	58.52238805970146
330	42	1	42.090000000000025	180.10499999999996
330	43	1	50.475	30.574999999999992
330	44	1	133.03499999999997	112.94999999999996
330	45	1	126.325	2.4050000000000002
330	46	1	124.17085427135684	173.4874371859296
330	47	1	0.8899999999999993	77.42000000000009
330	48	1	122.44999999999999	47.91499999999996
330	49	1	162.49499999999995	189.195
330	50	1	102.39000000000003	69.53
330	51	1	24.11	113.68999999999996
330	52	1	40.14500000000001	90.57000000000004
330	53	1	140.44278606965167	71.80597014925372
330	54	1	66.51499999999999	54.12500000000001
330	55	1	117.01499999999994	135.79500000000007
330	56	1	31.844999999999988	198.15
330	57	1	74.39500000000005	165.60000000000002
330	58	1	77.03499999999998	53.12999999999999
330	59	1	166.6683417085428	90.69849246231153
330	60	1	151.32500000000005	37.59499999999999
330	61	1	199.05	107.49500000000003
330	62	1	26.850000000000016	27.135000000000012
330	63	1	89.73	35.28500000000001
330	64	1	110.21000000000001	180.06500000000003
330	65	1	84.57999999999997	78.20500000000003
330	66	1	77.93500000000002	93.91000000000001
330	67	1	83.97999999999998	18.340000000000003
330	68	1	180.30000000000007	52.69499999999999
330	69	1	184.65999999999994	160.84499999999994
330	70	1	84.48000000000006	184.91500000000008
330	71	1	130.84499999999994	96.59999999999995
330	72	1	23.6	99.74000000000001
330	73	1	98.18905472636817	125.39303482587069
330	74	1	115.70500000000004	38.434999999999995
330	75	1	57.48000000000003	173.985
330	76	1	19.584999999999997	134.54500000000002
330	77	1	172.79500000000004	111.58000000000001
330	78	1	112.23999999999998	157.5650000000001
330	79	1	144.92999999999998	166.11499999999998
330	80	1	49.144278606965194	118.50746268656714
330	81	1	130.65	61.909999999999975
330	82	1	71.12999999999997	73.14500000000002
330	83	1	61.955000000000005	131.375
330	84	1	104.115	167.325
330	85	1	58.60499999999998	163.29999999999993
330	86	1	109.98999999999998	123.83500000000001
330	87	1	58.12000000000002	65.59999999999998
330	88	1	13.919999999999998	84.615
330	89	1	76.89000000000009	37.364999999999995
330	90	1	15.535	30.374999999999986
330	91	1	82.00500000000002	145.76000000000005
330	92	1	164.1	134.76999999999998
330	93	1	88.14213197969536	141.46192893401007
330	94	1	128.09499999999997	186.46499999999995
330	95	1	24.924999999999997	164.79500000000004
330	96	1	64.21000000000001	36.66500000000002
330	97	1	126.15499999999997	124.71999999999997
330	98	1	54.449999999999996	197.73500000000007
330	99	1	39.64500000000001	75.38
330	100	1	5.935000000000002	116.35499999999998
330	101	1	115.98000000000002	192.38999999999993
330	102	1	197.59	88.13999999999997
330	103	1	118.43216080402011	57.17587939698493
330	104	1	86.11000000000006	5.600000000000003
330	105	1	30.629999999999995	123.57000000000001
330	106	1	164.82500000000007	101.35499999999998
330	107	1	105.215	89.56
330	108	1	15.758793969849247	11.814070351758788
330	109	1	26.333333333333336	76.70149253731343
330	110	1	127.27638190954774	14.608040201005025
330	111	1	181.5621890547264	87.07960199004974
330	112	1	91.10000000000004	67.62000000000002
330	113	1	11.799999999999997	124.38
330	114	1	87.80099502487558	162.0746268656716
330	115	1	83.03500000000001	104.67999999999999
330	116	1	102.05999999999997	34.76
330	117	1	27.03015075376884	40.60804020100502
330	118	1	186.12499999999997	71.02
330	119	1	122.81909547738695	158.97989949748745
330	120	1	112.06499999999997	103.66
330	121	1	93.65999999999997	174.80500000000004
330	122	1	113.10000000000001	64.49999999999996
330	123	1	84.925	122.34000000000002
330	124	1	48.62500000000001	41.290000000000006
330	125	1	36.76500000000003	163.45
330	126	1	125.06999999999998	143.8099999999999
330	127	1	40.28499999999998	108.855
330	128	1	160.22613065326638	23.27638190954774
330	129	1	77.84	199.445
330	130	1	86.685	54.92500000000001
330	131	1	176.02499999999998	170.245
330	132	1	53.95500000000002	87.46999999999998
330	133	1	165.89999999999984	118.88499999999998
330	134	1	39.658291457286445	20.798994974874358
330	135	1	53.80999999999998	74.9349999999999
330	136	1	119.94500000000009	111.15999999999995
330	137	1	8.310000000000002	39.44000000000002
330	138	1	36.490000000000016	62.984999999999985
330	139	1	42.381909547738665	16.844221105527634
330	140	1	104.13065326633165	80.41708542713565
330	141	1	159.15999999999985	169.7250000000001
330	142	1	145.23999999999998	0.8149999999999994
330	143	1	27.12999999999998	12.680000000000001
330	144	1	30.285000000000004	93.33999999999995
330	145	1	71.8606965174129	85.72139303482585
340	1	2	9.691489361702128	9.691489361702128
340	2	2	10.120000000000005	54.88
340	3	2	10.126315789473686	99.6105263157895
340	4	2	9.870000000000005	144.93999999999997
340	5	2	10.000000000000002	189.99999999999997
340	6	2	55.020833333333336	10.270833333333334
340	7	2	54.72916666666666	54.729166666666664
340	8	2	55.12000000000002	99.88
340	9	2	54.87999999999998	144.88
340	10	2	55.000000000000014	190
340	11	2	100.13999999999999	9.940000000000003
340	12	2	100.25555555555555	54.45555555555557
340	13	2	99.72916666666669	100.02083333333333
340	14	2	99.96907216494847	145.30927835051548
340	15	2	99.54945054945055	190.1868131868132
340	16	2	144.72916666666669	10.27083333333333
340	17	2	144.7835051546392	55.309278350515456
340	18	2	145.1199999999999	100.12000000000003
340	19	2	144.87999999999997	144.88
340	20	2	144.71428571428572	190.74725274725276
340	21	2	190.0299999999999	10.13
340	22	2	190.38947368421051	54.87368421052632
340	23	2	189.99999999999994	100.50000000000001
340	24	2	189.87999999999997	145.11999999999998
340	25	2	189.72916666666669	190.02083333333326
340	26	1	25.855000000000004	150.15
340	27	1	133.88500000000002	160.41000000000003
340	28	1	159.82089552238818	180.10945273631845
340	29	1	194.36180904522612	124.47738693467339
340	30	1	49.909547738693455	1.723618090452261
340	31	1	141.7849999999999	179.0000000000001
340	32	1	95.285	112.78500000000005
340	33	1	141.49499999999995	83.84000000000002
340	34	1	163.83000000000007	44.80499999999997
340	35	1	69.77999999999999	152.845
340	36	1	126.84999999999998	77.25499999999997
340	37	1	0.030000000000000325	196.055
340	38	1	195.135	175.265
340	39	1	120.48499999999997	88.73500000000001
340	40	1	160.73499999999993	3.9999999999999987
340	41	1	172.03999999999994	58.65500000000001
340	42	1	42.18499999999998	180.27499999999995
340	43	1	50.289999999999985	30.650000000000002
340	44	1	133.03499999999997	112.95999999999992
340	45	1	126.405	2.335000000000001
340	46	1	124.11500000000004	173.73000000000002
340	47	1	1.6666666666666656	76.91542288557213
340	48	1	122.53999999999995	47.91000000000001
340	49	1	162.48999999999992	189.1999999999999
340	50	1	102.60301507537687	69.36683417085422
340	51	1	23.950000000000014	113.77000000000001
340	52	1	40.12999999999999	90.71000000000002
340	53	1	140.3599999999999	71.79499999999994
340	54	1	66.58999999999999	54.069999999999986
340	55	1	116.96500000000006	135.80999999999997
340	56	1	31.910000000000014	197.995
340	57	1	74.40000000000003	165.5750000000001
340	58	1	77.16582914572865	53.17587939698492
340	59	1	166.70500000000007	90.62999999999995
340	60	1	152.30999999999997	38.415000000000006
340	61	1	199.11	107.35499999999998
340	62	1	26.715	27.06000000000001
340	63	1	89.82587064676616	35.547263681592035
340	64	1	110.00499999999998	179.95999999999998
340	65	1	84.48999999999994	78.15500000000003
340	66	1	77.92500000000003	93.81
340	67	1	84.19500000000002	18.36
340	68	1	180.17999999999995	52.744999999999976
340	69	1	184.66500000000008	160.92500000000007
340	70	1	84.44000000000007	184.8400000000001
340	71	1	130.81999999999996	96.55999999999996
340	72	1	23.645000000000007	99.75000000000001
340	73	1	98.13999999999996	125.29999999999997
340	74	1	115.72500000000001	38.55499999999999
340	75	1	57.37000000000002	173.96999999999994
340	76	1	19.65999999999999	134.54500000000007
340	77	1	172.61499999999995	111.49
340	78	1	112.17412935323378	157.42786069651746
340	79	1	144.825	166.0949999999999
340	80	1	49.135000000000005	118.65500000000004
340	81	1	130.55778894472365	62.13065326633164
340	82	1	71.09500000000003	73.11500000000007
340	83	1	62.24875621890547	132.52736318407975
340	84	1	103.96500000000003	166.9200000000001
340	85	1	58.57000000000001	163.32499999999996
340	86	1	109.98499999999999	124.015
340	87	1	58.25870646766168	65.49253731343285
340	88	1	13.770000000000007	84.64499999999997
340	89	1	76.98	37.404999999999994
340	90	1	15.540000000000001	30.494999999999997
340	91	1	82.06965174129351	145.87562189054734
340	92	1	163.92999999999998	134.52500000000003
340	93	1	88.14213197969536	141.46192893401007
340	94	1	128.16417910447757	186.592039800995
340	95	1	24.985000000000003	164.49499999999998
340	96	1	64.24000000000002	36.715000000000025
340	97	1	126.10499999999999	124.73499999999996
340	98	1	54.5175879396985	197.7788944723618
340	99	1	39.84999999999999	75.46000000000002
340	100	1	6.030000000000002	116.23500000000004
340	101	1	116.07500000000007	192.4900000000001
340	102	1	197.695	88.15500000000002
340	103	1	118.43216080402011	57.17587939698493
340	104	1	86.335	5.884999999999999
340	105	1	30.735000000000007	123.42999999999999
340	106	1	164.8200000000001	101.34500000000004
340	107	1	105.24	89.64500000000002
340	108	1	15.758793969849247	11.814070351758788
340	109	1	26.600000000000005	76.91
340	110	1	127.14499999999997	14.434999999999995
340	111	1	181.675	87.00999999999999
340	112	1	91.03980099502493	67.76119402985073
340	113	1	11.735000000000003	124.42999999999996
340	114	1	87.89500000000001	162.09500000000006
340	115	1	82.89	104.57499999999999
340	116	1	102.21999999999997	34.585
340	117	1	27.190000000000005	40.62999999999995
340	118	1	186.36000000000004	71.27499999999999
340	119	1	122.71500000000005	159.1250000000001
340	120	1	112.08499999999997	103.78
340	121	1	93.84000000000003	174.77
340	122	1	113.16	64.53
340	123	1	84.975	122.30000000000003
340	124	1	48.539999999999985	41.28999999999999
340	125	1	36.77611940298507	163.62189054726372
340	126	1	125.2	143.81000000000003
340	127	1	40.30150753768842	108.76884422110552
340	128	1	159.5749999999999	23.250000000000007
340	129	1	77.91000000000001	199.485
340	130	1	86.84	54.705000000000005
340	131	1	176.075	170.405
340	132	1	53.795	87.46999999999997
340	133	1	165.96999999999989	119.065
340	134	1	39.658291457286445	20.798994974874358
340	135	1	53.645	74.78
340	136	1	119.88000000000004	111.19500000000001
340	137	1	8.412060301507537	39.52261306532663
340	138	1	36.330000000000034	62.965000000000025
340	139	1	42.325	16.819999999999997
340	140	1	103.90500000000002	80.46000000000005
340	141	1	159.12	169.72000000000003
340	142	1	145.31499999999997	0.7849999999999994
340	143	1	27.16000000000001	12.684999999999999
340	144	1	30.454999999999977	93.57499999999999
340	145	1	71.69999999999996	85.63000000000001
350	1	2	9.691489361702128	9.691489361702128
350	2	2	10.120000000000005	54.88
350	3	2	10.126315789473686	99.6105263157895
350	4	2	9.870000000000005	144.93999999999997
350	5	2	10.000000000000002	189.99999999999997
350	6	2	55.020833333333336	10.270833333333334
350	7	2	54.72916666666666	54.729166666666664
350	8	2	55.12000000000002	99.88
350	9	2	54.87999999999998	144.88
350	10	2	55.000000000000014	190
350	11	2	100.13999999999999	9.940000000000003
350	12	2	100.25555555555555	54.45555555555557
350	13	2	99.72916666666669	100.02083333333333
350	14	2	99.96907216494847	145.30927835051548
350	15	2	99.54945054945055	190.1868131868132
350	16	2	144.72916666666669	10.27083333333333
350	17	2	144.7835051546392	55.309278350515456
350	18	2	145.1199999999999	100.12000000000003
350	19	2	144.87999999999997	144.88
350	20	2	144.71428571428572	190.74725274725276
350	21	2	190.0299999999999	10.13
350	22	2	190.38947368421051	54.87368421052632
350	23	2	189.99999999999994	100.50000000000001
350	24	2	189.87999999999997	145.11999999999998
350	25	2	189.72916666666669	190.02083333333326
350	26	1	25.854999999999997	150.03500000000005
350	27	1	133.94999999999993	160.39
350	28	1	159.48	180.09999999999994
350	29	1	194.23000000000002	124.44999999999996
350	30	1	49.879999999999995	1.7099999999999995
350	31	1	141.6949999999999	179.10999999999993
350	32	1	95.35323383084577	112.76119402985076
350	33	1	141.605	83.76999999999998
350	34	1	164.715	44.15
350	35	1	69.795	152.91000000000005
350	36	1	126.66000000000005	77.20499999999996
350	37	1	199.905	195.885
350	38	1	194.865	174.96
350	39	1	120.52999999999993	88.74499999999995
350	40	1	160.6000000000001	4.095000000000001
350	41	1	172.01000000000002	58.74
350	42	1	42.11000000000002	180.25
350	43	1	50.28999999999998	30.69
350	44	1	132.94029850746267	112.82089552238806
350	45	1	126.62	2.0699999999999994
350	46	1	124.22000000000006	173.73000000000002
350	47	1	2.035	76.33500000000004
350	48	1	122.63000000000001	47.954999999999984
350	49	1	162.52999999999994	189.09999999999997
350	50	1	102.52499999999995	69.22500000000005
350	51	1	23.884999999999987	113.69499999999998
350	52	1	39.964999999999996	90.63000000000004
350	53	1	140.27499999999992	71.91999999999999
350	54	1	66.52000000000002	54.120000000000005
350	55	1	116.88999999999997	135.70499999999993
350	56	1	31.84499999999999	198.265
350	57	1	74.32	165.63
350	58	1	77.15499999999997	53.16999999999999
350	59	1	166.67000000000002	90.685
350	60	1	153.41791044776116	38.89552238805972
350	61	1	199.03	107.37000000000006
350	62	1	26.800000000000004	27.185
350	63	1	89.84	35.52000000000002
350	64	1	109.99	179.9350000000001
350	65	1	84.61306532663323	78.31155778894475
350	66	1	77.91999999999997	93.86000000000001
350	67	1	84.165	18.479999999999993
350	68	1	180.13500000000002	52.614999999999995
350	69	1	184.46	160.97999999999988
350	70	1	84.33668341708542	184.73869346733667
350	71	1	130.61194029850745	96.5174129353234
350	72	1	23.87500000000001	99.82500000000005
350	73	1	98.00500000000002	125.07000000000002
350	74	1	115.86500000000008	38.439999999999976
350	75	1	57.482587064676636	174.07960199004978
350	76	1	19.779999999999998	134.50999999999996
350	77	1	172.64499999999995	111.30000000000007
350	78	1	112.265	157.16500000000002
350	79	1	144.86500000000012	166.17000000000013
350	80	1	49.50251256281409	119.10050251256278
350	81	1	130.7537688442211	62.030150753768844
350	82	1	71.25500000000002	73.05500000000006
350	83	1	63.17412935323383	134.56716417910454
350	84	1	104.10000000000004	166.78000000000006
350	85	1	58.550000000000004	163.39500000000007
350	86	1	109.73000000000005	124.345
350	87	1	58.05499999999999	65.56999999999998
350	88	1	13.439999999999996	83.91999999999999
350	89	1	77.04020100502515	37.40201005025124
350	90	1	15.519999999999998	30.509999999999987
350	91	1	82.10000000000007	145.81499999999997
350	92	1	163.59	134.22000000000006
350	93	1	88.14213197969536	141.46192893401007
350	94	1	128.00000000000003	186.6069651741294
350	95	1	24.999999999999996	164.10999999999996
350	96	1	64.34000000000003	36.71500000000003
350	97	1	126.12562814070347	124.9145728643216
350	98	1	54.50251256281406	197.72864321608054
350	99	1	39.85999999999999	75.595
350	100	1	6.09	116.185
350	101	1	115.76	192.40500000000011
350	102	1	197.875	88.06499999999998
350	103	1	118.43216080402011	57.17587939698493
350	104	1	86.27	5.8800000000000034
350	105	1	31.09500000000002	123.20500000000006
350	106	1	164.9750000000001	101.42000000000002
350	107	1	105.43283582089553	89.60696517412937
350	108	1	15.758793969849247	11.814070351758788
350	109	1	26.534999999999993	77.10500000000002
350	110	1	127.08999999999997	14.300000000000002
350	111	1	181.7750000000001	87.00500000000005
350	112	1	90.86500000000004	67.77499999999998
350	113	1	11.794999999999995	124.45
350	114	1	87.88059701492534	162.04477611940302
350	115	1	82.87500000000003	104.68499999999996
350	116	1	102.56716417910442	34.696517412935314
350	117	1	27.369999999999987	40.72999999999996
350	118	1	186.68500000000003	71.66000000000003
350	119	1	122.72361809045229	159.3366834170854
350	120	1	111.92000000000002	104.05999999999993
350	121	1	93.94527363184082	174.53731343283587
350	122	1	113.09000000000007	64.44500000000001
350	123	1	84.92462311557789	122.21105527638194
350	124	1	49.050000000000004	41.264999999999986
350	125	1	36.68999999999999	163.73000000000005
350	126	1	125.15999999999994	143.9799999999999
350	127	1	40.47999999999999	108.70500000000001
350	128	1	157.90954773869333	23.60804020100503
350	129	1	77.73999999999992	199.38500000000002
350	130	1	86.835	54.67000000000001
350	131	1	175.82500000000002	170.61000000000004
350	132	1	53.86999999999998	87.48499999999997
350	133	1	166.16	119.32499999999995
350	134	1	39.658291457286445	20.798994974874358
350	135	1	53.650000000000006	74.77000000000001
350	136	1	119.88000000000005	111.27499999999999
350	137	1	8.435	39.28999999999998
350	138	1	36.04	63.035000000000004
350	139	1	42.325	16.819999999999997
350	140	1	103.81500000000001	80.32999999999997
350	141	1	159.27499999999995	169.55999999999995
350	142	1	145.38999999999996	0.8200000000000001
350	143	1	27.05000000000001	12.805000000000001
350	144	1	30.260000000000005	93.45500000000001
350	145	1	71.605	85.62499999999999
360	1	2	9.691489361702128	9.691489361702128
360	2	2	10.120000000000005	54.88
360	3	2	10.126315789473686	99.6105263157895
360	4	2	9.870000000000005	144.93999999999997
360	5	2	10.000000000000002	189.99999999999997
360	6	2	55.020833333333336	10.270833333333334
360	7	2	54.72916666666666	54.729166666666664
360	8	2	55.12000000000002	99.88
360	9	2	54.87999999999998	144.88
360	10	2	55.000000000000014	190
360	11	2	100.13999999999999	9.940000000000003
360	12	2	100.25555555555555	54.45555555555557
360	13	2	99.72916666666669	100.02083333333333
360	14	2	99.96907216494847	145.30927835051548
360	15	2	99.54945054945055	190.1868131868132
360	16	2	144.72916666666669	10.27083333333333
360	17	2	144.7835051546392	55.309278350515456
360	18	2	145.1199999999999	100.12000000000003
360	19	2	144.87999999999997	144.88
360	20	2	144.71428571428572	190.74725274725276
360	21	2	190.0299999999999	10.13
360	22	2	190.38947368421051	54.87368421052632
360	23	2	189.99999999999994	100.50000000000001
360	24	2	189.87999999999997	145.11999999999998
360	25	2	189.72916666666669	190.02083333333326
360	26	1	25.97500000000002	149.98000000000005
360	27	1	133.9250000000001	160.485
360	28	1	159.3549999999999	180.01999999999998
360	29	1	194.065	124.15500000000002
360	30	1	49.97487437185929	1.6633165829145715
360	31	1	141.6899999999999	179.265
360	32	1	95.455	112.80000000000007
360	33	1	141.58999999999997	83.70000000000006
360	34	1	165.1600000000001	43.765000000000015
360	35	1	70.04000000000003	152.53500000000008
360	36	1	126.32499999999996	77.36000000000006
360	37	1	199.975	195.86
360	38	1	194.665	174.42000000000007
360	39	1	120.74999999999994	88.88499999999999
360	40	1	160.76000000000002	3.7950000000000004
360	41	1	172.09499999999997	58.824999999999996
360	42	1	42.11000000000002	179.79500000000013
360	43	1	50.280000000000015	30.610000000000024
360	44	1	133.08	112.37
360	45	1	126.585	2.064999999999999
360	46	1	124.04499999999997	173.64499999999998
360	47	1	2.0499999999999994	76.29999999999995
360	48	1	122.73500000000001	47.985
360	49	1	162.435	189.20999999999992
360	50	1	102.45500000000003	69.24499999999995
360	51	1	23.685000000000002	113.62499999999994
360	52	1	39.95	90.64999999999996
360	53	1	140.09500000000006	71.845
360	54	1	66.48000000000003	54.13499999999999
360	55	1	116.7810945273632	135.60199004975127
360	56	1	31.85999999999999	198.28500000000005
360	57	1	74.60999999999997	165.57999999999998
360	58	1	77.19499999999998	53.15000000000002
360	59	1	166.68	90.69499999999996
360	60	1	153.95000000000005	39.07500000000002
360	61	1	198.885	107.51499999999994
360	62	1	26.82499999999999	27.16500000000002
360	63	1	89.85500000000003	35.539999999999985
360	64	1	110.01999999999997	180.06499999999994
360	65	1	84.67499999999997	78.30500000000006
360	66	1	77.93000000000006	93.84999999999997
360	67	1	84.35000000000002	18.69499999999999
360	68	1	180.06500000000005	52.635000000000005
360	69	1	184.34999999999994	161.14000000000001
360	70	1	84.47999999999999	184.68500000000003
360	71	1	130.72361809045228	96.48743718592968
360	72	1	23.944999999999993	99.81999999999995
360	73	1	97.89054726368161	125.09950248756225
360	74	1	115.885	38.60000000000002
360	75	1	57.660000000000004	173.80000000000007
360	76	1	19.905	134.51500000000001
360	77	1	172.65500000000003	111.55
360	78	1	112.445	157.00999999999996
360	79	1	144.80597014925377	166.13930348258705
360	80	1	49.41499999999998	119.18000000000002
360	81	1	130.89949748743726	61.94974874371859
360	82	1	71.40000000000002	72.86999999999999
360	83	1	63.16499999999999	135.42000000000007
360	84	1	104.11500000000001	166.81000000000012
360	85	1	58.750000000000014	163.17000000000002
360	86	1	109.57000000000004	124.59500000000003
360	87	1	58	65.57286432160802
360	88	1	13.129999999999995	83.63499999999996
360	89	1	76.91499999999999	37.59499999999998
360	90	1	15.369999999999997	30.480000000000008
360	91	1	82.24999999999997	145.99499999999992
360	92	1	162.89499999999995	133.85499999999985
360	93	1	88.14213197969536	141.46192893401007
360	94	1	127.97999999999996	186.55499999999998
360	95	1	25.1	164.13500000000002
360	96	1	64.24999999999999	36.56000000000001
360	97	1	126.17500000000001	124.61500000000001
360	98	1	54.449999999999996	197.73500000000007
360	99	1	39.81	75.57500000000009
360	100	1	6.3216080402010055	115.97487437185929
360	101	1	115.78999999999998	192.47000000000006
360	102	1	198	88.16000000000001
360	103	1	118.43216080402011	57.17587939698493
360	104	1	86.27499999999998	5.884999999999998
360	105	1	31.04500000000001	123.18999999999998
360	106	1	164.98999999999992	101.53999999999999
360	107	1	105.78000000000004	89.73499999999999
360	108	1	15.758793969849247	11.814070351758788
360	109	1	26.39499999999999	77.15000000000003
360	110	1	127.08	14.360000000000001
360	111	1	181.68499999999986	87.23499999999997
360	112	1	90.97000000000001	67.595
360	113	1	11.609999999999994	124.61500000000004
360	114	1	88.06500000000001	162.25000000000009
360	115	1	82.91500000000003	104.68999999999996
360	116	1	102.52999999999997	34.72000000000003
360	117	1	27.460000000000008	40.599999999999994
360	118	1	186.5376884422111	71.84422110552765
360	119	1	122.74	159.37500000000006
360	120	1	111.71641791044777	104.228855721393
360	121	1	93.91999999999999	174.63500000000008
360	122	1	113.195	64.46500000000003
360	123	1	84.84500000000004	122.19999999999996
360	124	1	49.440000000000005	41.324999999999996
360	125	1	36.73499999999998	163.6550000000001
360	126	1	125.19999999999995	143.87499999999994
360	127	1	40.33499999999999	108.76
360	128	1	156.69154228855723	24.014925373134325
360	129	1	77.51999999999998	199.43
360	130	1	86.88999999999997	54.575
360	131	1	175.4371859296482	170.63819095477385
360	132	1	53.815000000000005	87.43000000000004
360	133	1	166.20000000000002	119.48
360	134	1	39.658291457286445	20.798994974874358
360	135	1	53.76500000000002	74.84500000000004
360	136	1	119.91500000000002	111.29000000000005
360	137	1	8.753768844221108	39.69346733668342
360	138	1	36.1959798994975	63.030150753768865
360	139	1	42.325	16.819999999999997
360	140	1	103.84000000000003	80.37500000000004
360	141	1	159.37	169.50499999999997
360	142	1	145.36000000000007	0.8549999999999992
360	143	1	27.069999999999986	12.814999999999998
360	144	1	30.194999999999997	93.37000000000003
360	145	1	71.59999999999994	85.54999999999998
370	1	2	9.691489361702128	9.691489361702128
370	2	2	10.120000000000005	54.88
370	3	2	10.126315789473686	99.6105263157895
370	4	2	9.870000000000005	144.93999999999997
370	5	2	10.000000000000002	189.99999999999997
370	6	2	55.020833333333336	10.270833333333334
370	7	2	54.72916666666666	54.729166666666664
370	8	2	55.12000000000002	99.88
370	9	2	54.87999999999998	144.88
370	10	2	55.000000000000014	190
370	11	2	100.13999999999999	9.940000000000003
370	12	2	100.25555555555555	54.45555555555557
370	13	2	99.72916666666669	100.02083333333333
370	14	2	99.96907216494847	145.30927835051548
370	15	2	99.54945054945055	190.1868131868132
370	16	2	144.72916666666669	10.27083333333333
370	17	2	144.7835051546392	55.309278350515456
370	18	2	145.1199999999999	100.12000000000003
370	19	2	144.87999999999997	144.88
370	20	2	144.71428571428572	190.74725274725276
370	21	2	190.0299999999999	10.13
370	22	2	190.38947368421051	54.87368421052632
370	23	2	189.99999999999994	100.50000000000001
370	24	2	189.87999999999997	145.11999999999998
370	25	2	189.72916666666669	190.02083333333326
370	26	1	25.775000000000013	149.89999999999992
370	27	1	133.90000000000003	160.73999999999992
370	28	1	159.41499999999996	179.91999999999996
370	29	1	193.675	123.68
370	30	1	49.909547738693455	1.723618090452261
370	31	1	141.62499999999994	179.21500000000006
370	32	1	95.33999999999999	112.80499999999999
370	33	1	141.64999999999995	83.74499999999993
370	34	1	165.24999999999997	43.72499999999997
370	35	1	70.11940298507467	152.2636815920398
370	36	1	126.37810945273633	77.61194029850748
370	37	1	199.99	195.655
370	38	1	195.7363184079602	174.42786069651743
370	39	1	120.63499999999999	89.03499999999995
370	40	1	160.77386934673356	3.8442211055276383
370	41	1	171.57000000000002	58.40999999999998
370	42	1	42.243781094527364	179.90049751243788
370	43	1	50.355000000000004	30.59500000000002
370	44	1	133.17000000000013	112.54999999999993
370	45	1	126.55000000000004	2.2350000000000003
370	46	1	123.97999999999995	173.62
370	47	1	1.8499999999999996	76.42
370	48	1	122.78	47.96500000000003
370	49	1	162.57499999999993	189.2299999999999
370	50	1	102.36000000000008	69.11500000000001
370	51	1	23.77499999999999	113.62500000000003
370	52	1	40.00999999999999	90.73499999999997
370	53	1	140.16999999999996	71.755
370	54	1	66.42500000000001	54.02499999999998
370	55	1	116.415	135.73500000000004
370	56	1	31.860000000000007	198.28500000000005
370	57	1	74.46999999999997	165.515
370	58	1	77.12499999999996	53.18999999999998
370	59	1	166.95	90.67999999999996
370	60	1	154.19500000000002	38.86499999999999
370	61	1	199.04522613065328	107.37688442211062
370	62	1	26.78000000000001	27.160000000000014
370	63	1	90.06500000000005	35.46500000000002
370	64	1	109.98499999999999	180.05000000000007
370	65	1	84.53999999999996	78.28000000000002
370	66	1	78.22499999999995	93.76000000000002
370	67	1	84.28	18.760000000000016
370	68	1	180.00500000000008	52.86999999999998
370	69	1	184.14000000000001	161.47999999999993
370	70	1	84.575	184.91999999999993
370	71	1	130.67499999999995	96.60499999999995
370	72	1	23.884999999999998	99.84499999999996
370	73	1	97.91457286432156	125.17587939698493
370	74	1	115.68844221105536	38.557788944723605
370	75	1	57.835000000000036	173.76500000000001
370	76	1	19.69	134.50500000000008
370	77	1	172.6499999999999	111.60500000000002
370	78	1	112.38308457711437	157.07960199004967
370	79	1	144.85500000000002	165.94
370	80	1	49.41206030150755	119.29145728643215
370	81	1	130.6049999999999	62.285000000000025
370	82	1	71.40499999999999	72.865
370	83	1	63.41293532338309	135.910447761194
370	84	1	103.92964824120608	166.8090452261306
370	85	1	58.688442211055296	163.00000000000009
370	86	1	109.635	124.63500000000006
370	87	1	58.17000000000001	65.54500000000006
370	88	1	13.225000000000003	83.65000000000002
370	89	1	77.27499999999999	37.64999999999997
370	90	1	15.339999999999998	30.349999999999987
370	91	1	82.25500000000002	146.00999999999988
370	92	1	161.91500000000002	133.26500000000004
370	93	1	88.14213197969536	141.46192893401007
370	94	1	128.0995024875622	186.7661691542288
370	95	1	25.304999999999993	164.13000000000002
370	96	1	64.39999999999999	36.639999999999986
370	97	1	125.98499999999996	124.64000000000003
370	98	1	54.391959798994954	197.748743718593
370	99	1	39.696517412935314	75.59701492537316
370	100	1	6.429999999999998	115.87500000000004
370	101	1	115.78500000000004	192.29999999999998
370	102	1	198.07	88.13000000000008
370	103	1	118.43216080402011	57.17587939698493
370	104	1	86.27500000000002	6.015
370	105	1	31.23000000000001	123.28500000000004
370	106	1	164.89499999999992	101.665
370	107	1	105.86500000000005	89.71000000000002
370	108	1	15.758793969849247	11.814070351758788
370	109	1	26.280000000000015	77.04499999999996
370	110	1	127.05	14.445000000000004
370	111	1	181.79999999999998	87.19999999999999
370	112	1	90.99500000000003	67.615
370	113	1	11.929648241206031	124.46231155778895
370	114	1	87.9751243781095	162.24875621890556
370	115	1	82.89999999999995	104.71000000000001
370	116	1	102.54500000000003	34.84500000000001
370	117	1	27.57	40.65499999999997
370	118	1	186.20000000000002	71.70499999999998
370	119	1	122.68999999999994	159.48000000000005
370	120	1	111.405	104.53999999999996
370	121	1	93.72499999999994	174.515
370	122	1	113.16999999999996	64.405
370	123	1	84.92000000000002	122.32499999999999
370	124	1	49.36499999999999	41.245000000000005
370	125	1	36.964824120603005	163.58793969849242
370	126	1	125.04499999999997	143.91499999999996
370	127	1	40.21890547263681	108.96517412935323
370	128	1	155.78606965174134	23.90547263681593
370	129	1	77.50000000000001	199.605
370	130	1	86.865	54.57500000000001
370	131	1	175.51999999999992	170.77999999999997
370	132	1	53.79500000000001	87.4849999999999
370	133	1	166.38000000000008	119.77999999999996
370	134	1	39.658291457286445	20.798994974874358
370	135	1	53.924999999999976	74.97500000000001
370	136	1	119.91	110.95999999999998
370	137	1	9.144999999999998	39.80000000000001
370	138	1	36.195	63.01500000000001
370	139	1	42.296482412060286	16.844221105527627
370	140	1	103.75000000000003	80.32500000000002
370	141	1	159.49500000000003	169.5300000000001
370	142	1	145.4924623115578	0.8793969849246233
370	143	1	27.07999999999999	12.819999999999997
370	144	1	30.144999999999996	93.18000000000004
370	145	1	71.52261306532664	85.66834170854274
380	1	2	9.691489361702128	9.691489361702128
380	2	2	10.120000000000005	54.88
380	3	2	10.126315789473686	99.6105263157895
380	4	2	9.870000000000005	144.93999999999997
380	5	2	10.000000000000002	189.99999999999997
380	6	2	55.020833333333336	10.270833333333334
380	7	2	54.72916666666666	54.729166666666664
380	8	2	55.12000000000002	99.88
380	9	2	54.87999999999998	144.88
380	10	2	55.000000000000014	190
380	11	2	100.13999999999999	9.940000000000003
380	12	2	100.25555555555555	54.45555555555557
380	13	2	99.72916666666669	100.02083333333333
380	14	2	99.96907216494847	145.30927835051548
380	15	2	99.54945054945055	190.1868131868132
380	16	2	144.72916666666669	10.27083333333333
380	17	2	144.7835051546392	55.309278350515456
380	18	2	145.1199999999999	100.12000000000003
380	19	2	144.87999999999997	144.88
380	20	2	144.71428571428572	190.74725274725276
380	21	2	190.0299999999999	10.13
380	22	2	190.38947368421051	54.87368421052632
380	23	2	189.99999999999994	100.50000000000001
380	24	2	189.87999999999997	145.11999999999998
380	25	2	189.72916666666669	190.02083333333326
380	26	1	25.879999999999992	149.89999999999998
380	27	1	133.98499999999999	160.78500000000005
380	28	1	159.23499999999999	179.99
380	29	1	193.47	123.49
380	30	1	49.909547738693455	1.723618090452261
380	31	1	141.49246231155783	178.97989949748734
380	32	1	95.33999999999999	112.93000000000004
380	33	1	141.52736318407958	83.83084577114431
380	34	1	165.58706467661696	44.06965174129353
380	35	1	69.90999999999998	152.14999999999998
380	36	1	126.56218905472633	77.6218905472637
380	37	1	199.91	195.41
380	38	1	196.71	174.28
380	39	1	120.56500000000001	88.79499999999999
380	40	1	160.50248756218903	4.353233830845774
380	41	1	171.02499999999998	58.605000000000004
380	42	1	42.21500000000002	179.74500000000003
380	43	1	50.129999999999995	30.584999999999994
380	44	1	133.19095477386944	112.4874371859297
380	45	1	126.46000000000001	2.345
380	46	1	123.92039800995028	173.51741293532342
380	47	1	1.699999999999998	76.55499999999994
380	48	1	122.78999999999999	47.910000000000004
380	49	1	162.57499999999996	189.195
380	50	1	102.25628140703516	69.02512562814076
380	51	1	23.889999999999983	113.70000000000005
380	52	1	39.98	90.55500000000005
380	53	1	140.06500000000003	71.63
380	54	1	66.41206030150751	53.889447236180914
380	55	1	116.40499999999994	135.8800000000001
380	56	1	31.795000000000012	198.35000000000005
380	57	1	74.49499999999999	165.20499999999996
380	58	1	77.03999999999999	53.214999999999996
380	59	1	166.85499999999996	90.74
380	60	1	154.2700000000001	38.665
380	61	1	198.955	107.20999999999998
380	62	1	26.78000000000001	27.160000000000014
380	63	1	90.20000000000003	35.49499999999998
380	64	1	109.86499999999998	180.06500000000008
380	65	1	84.51499999999999	78.25500000000004
380	66	1	78.19499999999998	93.80999999999992
380	67	1	84.20000000000002	18.814999999999987
380	68	1	179.7399999999999	52.64499999999999
380	69	1	184.055	162.04499999999993
380	70	1	84.98999999999997	184.74
380	71	1	130.73869346733662	96.63819095477388
380	72	1	23.88	99.91499999999999
380	73	1	97.84079601990054	125.45771144278604
380	74	1	115.55000000000001	38.52000000000002
380	75	1	57.609999999999964	173.80000000000013
380	76	1	19.564999999999998	134.61500000000007
380	77	1	172.645	111.34499999999997
380	78	1	112.305	157.1300000000001
380	79	1	144.9749999999999	165.92499999999998
380	80	1	49.394999999999996	119.43999999999997
380	81	1	130.63499999999996	62.009999999999984
380	82	1	71.28999999999994	72.67000000000003
380	83	1	63.490000000000016	135.9999999999999
380	84	1	104.04000000000003	166.8000000000001
380	85	1	58.74000000000001	162.98499999999999
380	86	1	109.74500000000006	124.51499999999999
380	87	1	57.829999999999984	65.68
380	88	1	13.134328358208947	83.5273631840796
380	89	1	77.38308457711446	37.65671641791042
380	90	1	15.334999999999999	30.369999999999997
380	91	1	82.13065326633162	145.9597989949749
380	92	1	160.86499999999998	132.75000000000006
380	93	1	88.14213197969536	141.46192893401007
380	94	1	128.30999999999997	187.2599999999999
380	95	1	25.169999999999995	164.02000000000004
380	96	1	64.22999999999999	36.58500000000001
380	97	1	125.83	124.53
380	98	1	54.449999999999996	197.73500000000007
380	99	1	39.55223880597012	75.52736318407963
380	100	1	6.487562189054723	115.89552238805963
380	101	1	115.97999999999998	192.09499999999997
380	102	1	197.91	87.945
380	103	1	118.43216080402011	57.17587939698493
380	104	1	86.18000000000002	6.385
380	105	1	31.25500000000001	123.30500000000005
380	106	1	164.8649999999999	101.58500000000004
380	107	1	106.02000000000001	89.71
380	108	1	15.758793969849247	11.814070351758788
380	109	1	26.075000000000017	77.13999999999999
380	110	1	126.9798994974875	14.477386934673369
380	111	1	181.7149999999999	87.27999999999996
380	112	1	90.935	67.58499999999997
380	113	1	11.830000000000002	124.60999999999999
380	114	1	88.17999999999994	161.7950000000001
380	115	1	83.00999999999995	104.675
380	116	1	102.42713567839195	35.14070351758796
380	117	1	27.552763819095485	40.62311557788943
380	118	1	186.145	71.485
380	119	1	122.61000000000007	159.38500000000002
380	120	1	111.41999999999996	104.59499999999997
380	121	1	93.395	173.8349999999999
380	122	1	113.23618090452261	64.52763819095473
380	123	1	84.87499999999997	122.29999999999995
380	124	1	49.507537688442184	41.30653266331654
380	125	1	36.750000000000014	163.74000000000007
380	126	1	125.16000000000001	143.8199999999999
380	127	1	40.41999999999998	108.79
380	128	1	155.01499999999996	23.18500000000001
380	129	1	77.62189054726369	199.39303482587064
380	130	1	86.74	54.645000000000024
380	131	1	175.47499999999985	170.87500000000009
380	132	1	53.76499999999999	87.44999999999996
380	133	1	166.30500000000006	119.90499999999996
380	134	1	39.658291457286445	20.798994974874358
380	135	1	54.07	75.14999999999995
380	136	1	120.02499999999995	110.74000000000001
380	137	1	9.044999999999998	39.98000000000001
380	138	1	35.935000000000024	62.885000000000005
380	139	1	42.291457286432156	16.778894472361806
380	140	1	103.68999999999994	80.27499999999998
380	141	1	159.57500000000013	169.36000000000004
380	142	1	145.53999999999988	0.9150000000000001
380	143	1	27.07999999999999	12.819999999999997
380	144	1	30.220000000000002	93.37000000000002
380	145	1	71.48500000000001	85.80500000000006
390	1	2	9.691489361702128	9.691489361702128
390	2	2	10.120000000000005	54.88
390	3	2	10.126315789473686	99.6105263157895
390	4	2	9.870000000000005	144.93999999999997
390	5	2	10.000000000000002	189.99999999999997
390	6	2	55.020833333333336	10.270833333333334
390	7	2	54.72916666666666	54.729166666666664
390	8	2	55.12000000000002	99.88
390	9	2	54.87999999999998	144.88
390	10	2	55.000000000000014	190
390	11	2	100.13999999999999	9.940000000000003
390	12	2	100.25555555555555	54.45555555555557
390	13	2	99.72916666666669	100.02083333333333
390	14	2	99.96907216494847	145.30927835051548
390	15	2	99.54945054945055	190.1868131868132
390	16	2	144.72916666666669	10.27083333333333
390	17	2	144.7835051546392	55.309278350515456
390	18	2	145.1199999999999	100.12000000000003
390	19	2	144.87999999999997	144.88
390	20	2	144.71428571428572	190.74725274725276
390	21	2	190.0299999999999	10.13
390	22	2	190.38947368421051	54.87368421052632
390	23	2	189.99999999999994	100.50000000000001
390	24	2	189.87999999999997	145.11999999999998
390	25	2	189.72916666666669	190.02083333333326
390	26	1	25.94472361809045	150.01005025125627
390	27	1	133.9699999999999	161.215
390	28	1	159.1349999999999	179.98999999999998
390	29	1	193.55	123.45999999999995
390	30	1	50.02010050251256	1.7035175879396987
390	31	1	141.24999999999997	179.1099999999999
390	32	1	95.61000000000001	112.62500000000004
390	33	1	141.29499999999996	83.96499999999999
390	34	1	165.92964824120577	44.201005025125625
390	35	1	69.77611940298507	152.2935323383085
390	36	1	126.39500000000001	77.51999999999995
390	37	1	199.945	195.475
390	38	1	197.915	174.185
390	39	1	120.55499999999999	88.815
390	40	1	160.34000000000012	4.814999999999996
390	41	1	170.205	58.25000000000003
390	42	1	42.44000000000002	179.66999999999996
390	43	1	50.059999999999995	30.74000000000001
390	44	1	133.30999999999997	112.51999999999998
390	45	1	126.08955223880598	2.4129353233830844
390	46	1	123.73499999999994	173.56000000000003
390	47	1	1.6700000000000013	76.50500000000001
390	48	1	122.78391959798998	47.87939698492462
390	49	1	162.67499999999998	189.25
390	50	1	102.1155778894472	69.07035175879396
390	51	1	23.905000000000015	113.74
390	52	1	40.06999999999999	90.53999999999998
390	53	1	139.8949999999999	71.51500000000001
390	54	1	66.50000000000001	53.89500000000001
390	55	1	116.39000000000004	135.71500000000006
390	56	1	31.904999999999994	198.34500000000003
390	57	1	74.535	164.90499999999997
390	58	1	77.08500000000001	53.259999999999984
390	59	1	166.95	90.74000000000001
390	60	1	154.46000000000006	38.72499999999999
390	61	1	198.98	107.03499999999998
390	62	1	26.63999999999998	27.09500000000002
390	63	1	90.32999999999997	35.42000000000002
390	64	1	109.55499999999994	180.13
390	65	1	84.43499999999995	78.35000000000002
390	66	1	78.58291457286433	93.73869346733669
390	67	1	84.22000000000004	18.779999999999998
390	68	1	179.73134328358225	53.18407960199006
390	69	1	184.00499999999988	162.54000000000008
390	70	1	85.01000000000002	184.8599999999999
390	71	1	130.70500000000004	96.61500000000001
390	72	1	23.935000000000013	99.87499999999999
390	73	1	97.60499999999999	125.52500000000003
390	74	1	115.69000000000004	38.68000000000002
390	75	1	57.92999999999998	173.97000000000006
390	76	1	19.679999999999986	134.84500000000008
390	77	1	172.73999999999995	111.665
390	78	1	112.36999999999996	157.3250000000001
390	79	1	145.02	165.91000000000005
390	80	1	49.34999999999999	119.57999999999998
390	81	1	130.65999999999994	61.99999999999998
390	82	1	71.29499999999997	72.57999999999997
390	83	1	63.62000000000001	136.14000000000001
390	84	1	104.12500000000003	166.645
390	85	1	58.61999999999999	163.11500000000012
390	86	1	109.61000000000003	124.56000000000004
390	87	1	57.559999999999995	65.61499999999997
390	88	1	13.079601990049754	83.45273631840796
390	89	1	77.60999999999994	37.75500000000002
390	90	1	15.35	30.290000000000017
390	91	1	82.11499999999998	145.92000000000002
390	92	1	160.2786069651742	133.0597014925374
390	93	1	88.14213197969536	141.46192893401007
390	94	1	128.92537313432834	187.65174129353235
390	95	1	25.105527638190953	163.85427135678395
390	96	1	64.24000000000002	36.605000000000004
390	97	1	125.84500000000003	124.54499999999999
390	98	1	54.449999999999996	197.73500000000007
390	99	1	39.6	75.57999999999996
390	100	1	6.499999999999994	116.13000000000005
390	101	1	116.20499999999998	191.86999999999995
390	102	1	197.825	87.88999999999996
390	103	1	118.43216080402011	57.17587939698493
390	104	1	86.19999999999995	6.2
390	105	1	31.185000000000002	123.22000000000006
390	106	1	164.8855721393034	101.52736318407959
390	107	1	106.10999999999997	89.745
390	108	1	15.758793969849247	11.814070351758788
390	109	1	26.08955223880598	77.1691542288557
390	110	1	127.32999999999996	14.139999999999999
390	111	1	181.85929648241202	86.77889447236178
390	112	1	90.87500000000001	67.60000000000001
390	113	1	11.855	124.74500000000005
390	114	1	88.32999999999994	161.8549999999999
390	115	1	83.09500000000003	104.85
390	116	1	102.555	35.32000000000001
390	117	1	27.281407035175878	40.597989949748744
390	118	1	185.91542288557207	71.86567164179111
390	119	1	122.64499999999997	159.28999999999985
390	120	1	111.35999999999999	104.77
390	121	1	93.1499999999999	173.6049999999999
390	122	1	113.16999999999996	64.40000000000002
390	123	1	84.93999999999997	122.48499999999997
390	124	1	49.370000000000005	41.34500000000001
390	125	1	36.557788944723626	164.45226130653268
390	126	1	125.12500000000006	143.85499999999996
390	127	1	40.50753768844224	108.62311557788945
390	128	1	154.95499999999996	22.29000000000001
390	129	1	77.395	199.525
390	130	1	86.76500000000003	54.530000000000015
390	131	1	175.63499999999996	171.0749999999999
390	132	1	53.77499999999997	87.42500000000003
390	133	1	166.4199999999999	120.28000000000004
390	134	1	39.658291457286445	20.798994974874358
390	135	1	54.18407960199006	75.12935323383086
390	136	1	120.11557788944725	110.73366834170851
390	137	1	8.579999999999998	39.865000000000016
390	138	1	35.86999999999999	62.85999999999999
390	139	1	42.381909547738665	16.844221105527634
390	140	1	103.68500000000004	80.21499999999996
390	141	1	159.70149253731356	169.3432835820894
390	142	1	145.48743718592954	0.9045226130653267
390	143	1	27.12562814070352	12.73869346733668
390	144	1	30.223880597014933	93.4029850746269
390	145	1	71.35000000000002	85.98500000000004
400	1	2	9.691489361702128	9.691489361702128
400	2	2	10.120000000000005	54.88
400	3	2	10.126315789473686	99.6105263157895
400	4	2	9.870000000000005	144.93999999999997
400	5	2	10.000000000000002	189.99999999999997
400	6	2	55.020833333333336	10.270833333333334
400	7	2	54.72916666666666	54.729166666666664
400	8	2	55.12000000000002	99.88
400	9	2	54.87999999999998	144.88
400	10	2	55.000000000000014	190
400	11	2	100.13999999999999	9.940000000000003
400	12	2	100.25555555555555	54.45555555555557
400	13	2	99.72916666666669	100.02083333333333
400	14	2	99.96907216494847	145.30927835051548
400	15	2	99.54945054945055	190.1868131868132
400	16	2	144.72916666666669	10.27083333333333
400	17	2	144.7835051546392	55.309278350515456
400	18	2	145.1199999999999	100.12000000000003
400	19	2	144.87999999999997	144.88
400	20	2	144.71428571428572	190.74725274725276
400	21	2	190.0299999999999	10.13
400	22	2	190.38947368421051	54.87368421052632
400	23	2	189.99999999999994	100.50000000000001
400	24	2	189.87999999999997	145.11999999999998
400	25	2	189.72916666666669	190.02083333333326
400	26	1	25.860000000000007	149.9600000000001
400	27	1	133.96500000000003	161.12500000000003
400	28	1	159.05499999999998	180.01
400	29	1	193.245	122.91500000000005
400	30	1	49.909547738693455	1.723618090452261
400	31	1	140.88059701492537	179.04477611940294
400	32	1	95.57499999999999	112.64500000000001
400	33	1	140.96999999999989	84.1
400	34	1	166.24499999999995	44.13000000000001
400	35	1	69.84999999999997	152.30999999999995
400	36	1	126.33999999999999	77.49000000000001
400	37	1	199.97989949748745	195.35175879396985
400	38	1	198.53233830845772	174.01492537313433
400	39	1	120.44000000000003	88.815
400	40	1	160.3549999999999	5.155000000000002
400	41	1	169.58000000000004	57.96499999999998
400	42	1	42.36000000000001	179.75500000000005
400	43	1	50.00000000000001	30.754999999999992
400	44	1	134.02487562189057	112.82089552238807
400	45	1	125.91500000000005	2.6350000000000002
400	46	1	123.50999999999998	173.66000000000008
400	47	1	1.4350000000000012	76.49499999999999
400	48	1	122.75000000000004	47.89499999999999
400	49	1	162.83	189.21
400	50	1	101.89999999999998	68.96000000000001
400	51	1	23.904999999999994	113.79999999999995
400	52	1	40.05499999999999	90.415
400	53	1	139.95024875621888	71.51741293532339
400	54	1	66.38500000000003	53.71
400	55	1	116.55500000000002	135.78000000000003
400	56	1	31.85929648241206	198.3366834170854
400	57	1	74.495	164.80999999999983
400	58	1	77.03999999999992	53.24999999999997
400	59	1	167.0699999999999	90.61499999999997
400	60	1	154.52499999999998	38.71500000000001
400	61	1	199.08	107.04999999999998
400	62	1	26.504999999999992	27.080000000000013
400	63	1	90.32499999999996	35.43499999999999
400	64	1	109.665	179.99499999999995
400	65	1	84.49500000000002	78.44499999999998
400	66	1	78.77500000000003	93.535
400	67	1	84.50999999999998	19.00000000000001
400	68	1	179.7236180904524	53.311557788944725
400	69	1	184.18500000000012	162.64500000000007
400	70	1	85.12499999999999	184.81499999999997
400	71	1	130.29999999999998	96.88999999999994
400	72	1	23.84999999999999	99.84
400	73	1	97.36000000000001	125.685
400	74	1	115.56999999999996	38.81500000000002
400	75	1	57.79104477611939	174.0398009950249
400	76	1	19.580000000000002	134.78999999999994
400	77	1	172.80402010050256	111.6130653266331
400	78	1	112.32000000000002	157.3499999999999
400	79	1	144.9399999999999	165.96999999999994
400	80	1	49.25499999999998	119.71500000000002
400	81	1	130.67500000000004	61.88499999999997
400	82	1	71.44500000000001	72.34499999999998
400	83	1	63.572864321608044	136.17085427135675
400	84	1	104.18905472636818	166.23880597014926
400	85	1	58.54	163.14499999999992
400	86	1	109.56716417910451	124.7611940298507
400	87	1	57.32	65.72500000000001
400	88	1	13.119999999999997	83.51500000000001
400	89	1	77.52736318407952	37.55223880597017
400	90	1	14.875621890547263	29.960199004975138
400	91	1	82.04499999999992	146.01499999999996
400	92	1	159.865	132.92000000000002
400	93	1	88.14213197969536	141.46192893401007
400	94	1	128.99500000000006	187.86000000000004
400	95	1	24.894999999999996	163.68499999999997
400	96	1	64.19	36.49500000000001
400	97	1	125.69499999999998	124.27999999999997
400	98	1	54.391959798994954	197.748743718593
400	99	1	39.60999999999999	75.59500000000001
400	100	1	6.55778894472362	116.10050251256278
400	101	1	116.09500000000003	191.97500000000008
400	102	1	198.065	87.77999999999996
400	103	1	118.43216080402011	57.17587939698493
400	104	1	86.25500000000001	6.344999999999996
400	105	1	31.34	123.22499999999995
400	106	1	164.97000000000006	101.685
400	107	1	106.13999999999997	89.84000000000003
400	108	1	15.758793969849247	11.814070351758788
400	109	1	26.105000000000008	77.21
400	110	1	127.41999999999994	14.234999999999994
400	111	1	182.0753768844222	86.65326633165832
400	112	1	90.68499999999996	67.74
400	113	1	11.819999999999993	124.68500000000002
400	114	1	88.40499999999999	161.75
400	115	1	83.4825870646766	104.44278606965175
400	116	1	102.34500000000003	35.565
400	117	1	27.140000000000015	40.57000000000001
400	118	1	185.11999999999995	72.01499999999997
400	119	1	122.82587064676615	159.228855721393
400	120	1	111.31999999999996	105.02
400	121	1	93.33499999999997	173.58499999999998
400	122	1	113.10945273631845	64.4726368159204
400	123	1	84.8059701492537	122.48756218905478
400	124	1	49.00000000000001	41.25373134328358
400	125	1	36.49000000000002	164.53000000000003
400	126	1	125.25125628140701	143.86432160804017
400	127	1	40.47999999999998	108.32000000000001
400	128	1	154.54500000000007	21.415
400	129	1	77.335	199.6
400	130	1	86.68499999999999	54.400000000000006
400	131	1	175.6865671641791	170.8258706467663
400	132	1	53.66499999999999	87.52999999999996
400	133	1	166.56999999999996	120.31499999999997
400	134	1	39.658291457286445	20.798994974874358
400	135	1	54.51	75.30500000000002
400	136	1	120.15999999999994	110.87500000000003
400	137	1	8.719999999999997	39.69499999999997
400	138	1	35.760000000000005	63.004999999999974
400	139	1	42.325	16.819999999999997
400	140	1	103.76000000000002	80.185
400	141	1	159.59798994974867	169.356783919598
400	142	1	145.17	0.8950000000000007
400	143	1	27.125000000000004	12.844999999999995
400	144	1	30.209999999999997	93.51500000000001
400	145	1	71.06000000000003	85.985
410	1	2	9.691489361702128	9.691489361702128
410	2	2	10.120000000000005	54.88
410	3	2	10.126315789473686	99.6105263157895
410	4	2	9.870000000000005	144.93999999999997
410	5	2	10.000000000000002	189.99999999999997
410	6	2	55.020833333333336	10.270833333333334
410	7	2	54.72916666666666	54.729166666666664
410	8	2	55.12000000000002	99.88
410	9	2	54.87999999999998	144.88
410	10	2	55.000000000000014	190
410	11	2	100.13999999999999	9.940000000000003
410	12	2	100.25555555555555	54.45555555555557
410	13	2	99.72916666666669	100.02083333333333
410	14	2	99.96907216494847	145.30927835051548
410	15	2	99.54945054945055	190.1868131868132
410	16	2	144.72916666666669	10.27083333333333
410	17	2	144.7835051546392	55.309278350515456
410	18	2	145.1199999999999	100.12000000000003
410	19	2	144.87999999999997	144.88
410	20	2	144.71428571428572	190.74725274725276
410	21	2	190.0299999999999	10.13
410	22	2	190.38947368421051	54.87368421052632
410	23	2	189.99999999999994	100.50000000000001
410	24	2	189.87999999999997	145.11999999999998
410	25	2	189.72916666666669	190.02083333333326
410	26	1	25.64500000000001	149.955
410	27	1	133.95	161.18999999999986
410	28	1	159.10999999999996	180.04999999999995
410	29	1	193.15	123.04999999999998
410	30	1	49.89999999999997	1.6900000000000013
410	31	1	140.75621890547262	178.85572139303474
410	32	1	95.61	112.38999999999996
410	33	1	140.58291457286424	84.25628140703516
410	34	1	166.10499999999988	43.949999999999996
410	35	1	69.86069651741296	152.34328358208953
410	36	1	126.405	77.39999999999999
410	37	1	199.86934673366835	195.09547738693468
410	38	1	199.4179104477612	173.72139303482587
410	39	1	120.535	88.78499999999994
410	40	1	160.56499999999997	4.984999999999999
410	41	1	169.50753768844214	57.86432160804023
410	42	1	42.41999999999998	179.79999999999998
410	43	1	50.08000000000001	30.795000000000005
410	44	1	134.32999999999984	112.78999999999999
410	45	1	125.79000000000005	2.6150000000000033
410	46	1	123.47500000000005	173.49
410	47	1	1.4349999999999994	76.72000000000003
410	48	1	122.59999999999995	47.89499999999999
410	49	1	162.72999999999996	189.25500000000008
410	50	1	101.77611940298505	69.08955223880601
410	51	1	23.895000000000003	113.78000000000002
410	52	1	40.16000000000002	90.48499999999999
410	53	1	139.9	71.36999999999996
410	54	1	66.32499999999996	53.56999999999999
410	55	1	116.66500000000005	135.91500000000002
410	56	1	31.798994974874372	198.3718592964823
410	57	1	74.51999999999998	164.9200000000001
410	58	1	77.02499999999999	53.36999999999999
410	59	1	167.24499999999998	90.56499999999996
410	60	1	154.43	38.61500000000001
410	61	1	199.03	107.24499999999996
410	62	1	26.384999999999973	27.005000000000003
410	63	1	90.13000000000001	35.37500000000001
410	64	1	110.225	179.43000000000006
410	65	1	84.59500000000003	78.50500000000001
410	66	1	78.80500000000004	93.55
410	67	1	84.79999999999998	19.179999999999996
410	68	1	179.51500000000007	53.495
410	69	1	184.32	162.60000000000005
410	70	1	85.23	184.785
410	71	1	130.1899999999999	97.29999999999997
410	72	1	23.78	99.72999999999998
410	73	1	97.09000000000002	125.8300000000001
410	74	1	115.39999999999996	38.925000000000004
410	75	1	57.63499999999999	174.03999999999996
410	76	1	19.645000000000003	134.35999999999993
410	77	1	172.8249999999999	111.32
410	78	1	112.52000000000001	157.70000000000002
410	79	1	144.985	165.7949999999999
410	80	1	49.11000000000001	119.72000000000001
410	81	1	130.71500000000006	61.69500000000001
410	82	1	71.38499999999998	72.30000000000005
410	83	1	63.34999999999997	135.79499999999985
410	84	1	103.58793969849245	164.94472361809048
410	85	1	58.355000000000004	163.24000000000004
410	86	1	109.365	125.00499999999997
410	87	1	57.42000000000002	65.65000000000002
410	88	1	13.12	83.625
410	89	1	77.43781094527363	37.57711442786068
410	90	1	14.17412935323383	29.55721393034825
410	91	1	81.95000000000002	146.14500000000004
410	92	1	159.74626865671647	133.44278606965176
410	93	1	88.14213197969536	141.46192893401007
410	94	1	129.38308457711446	187.82587064676605
410	95	1	24.775000000000006	163.62499999999991
410	96	1	64.25500000000002	36.415
410	97	1	125.69500000000001	123.875
410	98	1	54.482412060301534	197.74874371859292
410	99	1	39.55500000000002	75.59000000000002
410	100	1	6.592964824120607	115.90954773869343
410	101	1	116.51741293532338	192.0845771144279
410	102	1	197.855	87.67500000000005
410	103	1	118.43216080402011	57.17587939698493
410	104	1	86.08500000000004	6.400000000000004
410	105	1	31.47499999999999	123.06999999999996
410	106	1	164.99499999999998	101.765
410	107	1	106.34999999999998	89.93000000000005
410	108	1	15.758793969849247	11.814070351758788
410	109	1	26.07500000000001	77.26500000000006
410	110	1	127.39303482587059	14.129353233830843
410	111	1	182.18499999999997	86.37499999999994
410	112	1	90.62814070351756	67.62814070351756
410	113	1	11.734999999999996	124.70499999999998
410	114	1	88.49500000000008	161.74999999999997
410	115	1	83.90500000000002	103.83500000000002
410	116	1	102.375	35.164999999999985
410	117	1	27.398009950248753	40.37810945273632
410	118	1	184.71641791044772	71.73134328358213
410	119	1	122.97499999999998	158.9150000000001
410	120	1	111.245	105.16499999999999
410	121	1	93.60500000000003	173.515
410	122	1	113.13000000000001	64.48000000000002
410	123	1	84.91500000000003	122.27999999999994
410	124	1	48.894472361809036	41.20603015075372
410	125	1	36.59	164.35499999999996
410	126	1	125.45500000000007	143.67999999999998
410	127	1	40.62686567164177	108.20895522388062
410	128	1	154.56999999999994	21.025
410	129	1	77.23500000000006	199.62
410	130	1	86.72500000000001	54.245000000000005
410	131	1	175.86	170.19
410	132	1	53.649999999999984	87.35499999999995
410	133	1	166.68500000000003	120.16000000000003
410	134	1	39.658291457286445	20.798994974874358
410	135	1	54.51499999999995	75.24999999999994
410	136	1	119.84000000000003	111.02500000000003
410	137	1	8.909999999999998	39.404999999999966
410	138	1	35.42499999999997	63.170000000000016
410	139	1	42.325	16.819999999999997
410	140	1	103.86999999999995	80.18
410	141	1	159.65500000000003	169.37000000000006
410	142	1	144.99000000000004	0.8850000000000001
410	143	1	27.11999999999998	12.844999999999997
410	144	1	30.22	93.53
410	145	1	71.15999999999998	85.98499999999999
420	1	2	9.691489361702128	9.691489361702128
420	2	2	10.120000000000005	54.88
420	3	2	10.126315789473686	99.6105263157895
420	4	2	9.870000000000005	144.93999999999997
420	5	2	10.000000000000002	189.99999999999997
420	6	2	55.020833333333336	10.270833333333334
420	7	2	54.72916666666666	54.729166666666664
420	8	2	55.12000000000002	99.88
420	9	2	54.87999999999998	144.88
420	10	2	55.000000000000014	190
420	11	2	100.13999999999999	9.940000000000003
420	12	2	100.25555555555555	54.45555555555557
420	13	2	99.72916666666669	100.02083333333333
420	14	2	99.96907216494847	145.30927835051548
420	15	2	99.54945054945055	190.1868131868132
420	16	2	144.72916666666669	10.27083333333333
420	17	2	144.7835051546392	55.309278350515456
420	18	2	145.1199999999999	100.12000000000003
420	19	2	144.87999999999997	144.88
420	20	2	144.71428571428572	190.74725274725276
420	21	2	190.0299999999999	10.13
420	22	2	190.38947368421051	54.87368421052632
420	23	2	189.99999999999994	100.50000000000001
420	24	2	189.87999999999997	145.11999999999998
420	25	2	189.72916666666669	190.02083333333326
420	26	1	25.32663316582915	149.964824120603
420	27	1	134.08000000000004	160.9950000000001
420	28	1	159.01	180.10999999999993
420	29	1	193.14	122.80000000000004
420	30	1	49.909547738693455	1.723618090452261
420	31	1	140.86000000000004	178.8249999999999
420	32	1	95.48500000000011	112.45499999999998
420	33	1	140.37499999999994	84.42500000000004
420	34	1	166.17499999999995	43.645
420	35	1	69.98499999999997	152.38500000000005
420	36	1	126.38499999999996	77.47
420	37	1	199.9900497512438	194.46766169154228
420	38	1	199.7788944723618	173.25125628140708
420	39	1	120.75499999999994	89.05499999999998
420	40	1	160.40500000000003	4.849999999999995
420	41	1	169.26000000000013	57.61999999999999
420	42	1	42.44999999999998	180.07000000000002
420	43	1	50.05527638190956	30.708542713567844
420	44	1	134.62686567164184	112.6716417910448
420	45	1	125.89500000000001	2.725000000000001
420	46	1	123.88557213930345	173.70149253731344
420	47	1	1.4250000000000012	76.75000000000006
420	48	1	122.82000000000002	47.84
420	49	1	162.72361809045208	189.18090452261296
420	50	1	101.76999999999997	69.22500000000005
420	51	1	23.909999999999993	113.74500000000003
420	52	1	40.165000000000006	90.50500000000001
420	53	1	139.79000000000002	71.28500000000001
420	54	1	66.36999999999996	53.565
420	55	1	116.62000000000002	135.85500000000002
420	56	1	31.790000000000003	198.37999999999994
420	57	1	74.68999999999994	164.84999999999997
420	58	1	76.97989949748744	53.34170854271359
420	59	1	167.46268656716424	90.5721393034826
420	60	1	154.75500000000005	37.95499999999999
420	61	1	199.145	107.23499999999996
420	62	1	26.25000000000001	26.965
420	63	1	90.24000000000001	35.39499999999999
420	64	1	110.37688442211055	178.87437185929647
420	65	1	84.69500000000002	78.67500000000004
420	66	1	78.88000000000001	93.71499999999999
420	67	1	84.67499999999997	19.200000000000003
420	68	1	179.39195979899492	53.65326633165831
420	69	1	184.52999999999992	162.86499999999992
420	70	1	85.33165829145729	184.64321608040206
420	71	1	130.36499999999998	97.73499999999999
420	72	1	23.790000000000003	99.96000000000001
420	73	1	97.02500000000002	126.10500000000003
420	74	1	115.19500000000002	39.27500000000001
420	75	1	57.41000000000001	173.925
420	76	1	19.766169154228848	133.66666666666657
420	77	1	172.9601990049752	111.2636815920398
420	78	1	112.7412935323383	157.75124378109447
420	79	1	144.95499999999998	165.90500000000003
420	80	1	49.2039800995025	119.58706467661689
420	81	1	130.72000000000006	61.704999999999956
420	82	1	71.39	72.255
420	83	1	63.485	135.8049999999999
420	84	1	103.55500000000002	163.63500000000002
420	85	1	58.40796019900498	163.15920398009948
420	86	1	109.165	125.14499999999998
420	87	1	57.55000000000003	65.58500000000002
420	88	1	13.095	83.82
420	89	1	77.475	37.58499999999999
420	90	1	13.749999999999996	29.485000000000014
420	91	1	82.00000000000001	146.08499999999998
420	92	1	159.41999999999987	134.23
420	93	1	88.14213197969536	141.46192893401007
420	94	1	129.49499999999998	187.81499999999997
420	95	1	24.585	163.75500000000005
420	96	1	64.19500000000002	36.305
420	97	1	125.72500000000002	123.68500000000003
420	98	1	54.5175879396985	197.7788944723618
420	99	1	39.59500000000002	75.555
420	100	1	6.649999999999996	116.00999999999998
420	101	1	116.64500000000004	192.00999999999982
420	102	1	197.78	87.63500000000002
420	103	1	118.43216080402011	57.17587939698493
420	104	1	86.11000000000001	6.289999999999998
420	105	1	31.760000000000005	123.02999999999999
420	106	1	164.91499999999994	101.74499999999992
420	107	1	106.41000000000003	89.87999999999998
420	108	1	15.758793969849247	11.814070351758788
420	109	1	25.960000000000008	77.44499999999998
420	110	1	127.70000000000003	14.579999999999998
420	111	1	182.235	86.13500000000002
420	112	1	90.49246231155777	67.55276381909547
420	113	1	11.350000000000003	125.40999999999998
420	114	1	88.63999999999999	161.855
420	115	1	84.70000000000003	103.21000000000002
420	116	1	102.60696517412933	34.8358208955224
420	117	1	27.52499999999999	40.165000000000035
420	118	1	184.3316582914573	71.43718592964831
420	119	1	123.13000000000002	159.00500000000008
420	120	1	111.24000000000004	105.115
420	121	1	94.09	173.355
420	122	1	113.13500000000002	64.495
420	123	1	84.95999999999997	122.215
420	124	1	48.95499999999999	41.129999999999974
420	125	1	36.51500000000003	164.55000000000007
420	126	1	125.42499999999998	143.57999999999993
420	127	1	40.58500000000002	108.28999999999999
420	128	1	154.79000000000008	20.53000000000001
420	129	1	77.33499999999998	199.62
420	130	1	86.72499999999994	54.07500000000002
420	131	1	175.65999999999988	170.08499999999995
420	132	1	53.515	87.32499999999999
420	133	1	166.52999999999997	120.12999999999994
420	134	1	39.658291457286445	20.798994974874358
420	135	1	54.570000000000014	75.22999999999996
420	136	1	119.68	111.21999999999997
420	137	1	8.919999999999998	39.285
420	138	1	35.35500000000001	63.535000000000004
420	139	1	42.325	16.819999999999997
420	140	1	104.07000000000004	80.12499999999999
420	141	1	159.67500000000007	169.32499999999996
420	142	1	144.77386934673373	0.8844221105527647
420	143	1	27.11	12.940000000000003
420	144	1	30.02500000000002	93.33000000000007
420	145	1	71.29648241206034	85.8391959798995
430	1	2	9.691489361702128	9.691489361702128
430	2	2	10.120000000000005	54.88
430	3	2	10.126315789473686	99.6105263157895
430	4	2	9.870000000000005	144.93999999999997
430	5	2	10.000000000000002	189.99999999999997
430	6	2	55.020833333333336	10.270833333333334
430	7	2	54.72916666666666	54.729166666666664
430	8	2	55.12000000000002	99.88
430	9	2	54.87999999999998	144.88
430	10	2	55.000000000000014	190
430	11	2	100.13999999999999	9.940000000000003
430	12	2	100.25555555555555	54.45555555555557
430	13	2	99.72916666666669	100.02083333333333
430	14	2	99.96907216494847	145.30927835051548
430	15	2	99.54945054945055	190.1868131868132
430	16	2	144.72916666666669	10.27083333333333
430	17	2	144.7835051546392	55.309278350515456
430	18	2	145.1199999999999	100.12000000000003
430	19	2	144.87999999999997	144.88
430	20	2	144.71428571428572	190.74725274725276
430	21	2	190.0299999999999	10.13
430	22	2	190.38947368421051	54.87368421052632
430	23	2	189.99999999999994	100.50000000000001
430	24	2	189.87999999999997	145.11999999999998
430	25	2	189.72916666666669	190.02083333333326
430	26	1	25.115	149.65500000000006
430	27	1	134.08000000000013	161.225
430	28	1	158.71000000000004	180.245
430	29	1	193.07960199004975	122.55223880597022
430	30	1	49.909547738693455	1.723618090452261
430	31	1	140.89000000000007	179.01499999999996
430	32	1	95.45	112.49
430	33	1	140.56999999999996	84.325
430	34	1	166.27860696517422	43.60199004975125
430	35	1	69.99000000000004	152.04500000000002
430	36	1	126.24378109452745	77.55721393034827
430	37	1	0.04499999999999987	194.38
430	38	1	199.44	173.25999999999993
430	39	1	120.68999999999998	89.12000000000006
430	40	1	160.47999999999996	4.749999999999998
430	41	1	169.08500000000006	57.46999999999999
430	42	1	42.665000000000006	180.225
430	43	1	50.04	30.73499999999999
430	44	1	135.20999999999995	112.37999999999995
430	45	1	126.02500000000003	2.7499999999999996
430	46	1	124.02500000000005	174
430	47	1	1.6815920398009943	76.78109452736321
430	48	1	122.68500000000003	47.82499999999999
430	49	1	162.8699999999999	189.08499999999995
430	50	1	101.67500000000004	69.11999999999999
430	51	1	23.810000000000013	113.76499999999999
430	52	1	40.39999999999999	90.80500000000002
430	53	1	139.60999999999996	71.68000000000005
430	54	1	66.25	53.40999999999998
430	55	1	116.645	135.80499999999998
430	56	1	31.774999999999995	198.41999999999987
430	57	1	74.91999999999994	164.64000000000007
430	58	1	76.89500000000004	53.63999999999998
430	59	1	168.05999999999986	90.525
430	60	1	155.19000000000008	37.57000000000001
430	61	1	199.085	107.23
430	62	1	26.195979899497498	26.9396984924623
430	63	1	90.48000000000005	35.10000000000001
430	64	1	110.61999999999998	178.525
430	65	1	84.60804020100502	78.54773869346731
430	66	1	78.8955223880597	93.93034825870646
430	67	1	84.44500000000001	19.160000000000007
430	68	1	179.37500000000006	53.85499999999998
430	69	1	184.55499999999992	162.91500000000016
430	70	1	85.52999999999999	185.01499999999996
430	71	1	130.465	97.89499999999998
430	72	1	23.704999999999995	100.08
430	73	1	97.14000000000001	126.11000000000001
430	74	1	114.80500000000004	39.29999999999997
430	75	1	57.41293532338308	173.86567164179104
430	76	1	19.489999999999988	132.6099999999999
430	77	1	172.5399999999999	111.23500000000004
430	78	1	112.82500000000003	158.28000000000003
430	79	1	144.9751243781095	166.05970149253724
430	80	1	49.390000000000015	119.57500000000002
430	81	1	130.75499999999994	61.879999999999974
430	82	1	71.24999999999997	72.38000000000004
430	83	1	63.390000000000015	135.8049999999999
430	84	1	102.945	162.975
430	85	1	58.68499999999998	163.06000000000003
430	86	1	109.45500000000001	125.01500000000007
430	87	1	57.298507462686544	65.502487562189
430	88	1	13.44	83.89500000000005
430	89	1	77.68000000000002	37.75000000000001
430	90	1	13.720000000000006	29.505
430	91	1	81.96000000000001	146.0600000000001
430	92	1	158.70149253731338	136.42786069651748
430	93	1	88.14213197969536	141.46192893401007
430	94	1	129.45999999999995	187.8449999999999
430	95	1	24.615	163.88500000000008
430	96	1	64.32	36.14999999999998
430	97	1	126.00497512437812	123.37313432835816
430	98	1	54.449999999999996	197.73500000000007
430	99	1	39.70646766169151	75.51741293532334
430	100	1	6.665000000000001	116.12500000000001
430	101	1	116.68000000000004	192.36
430	102	1	197.66666666666666	87.47263681592038
430	103	1	118.43216080402011	57.17587939698493
430	104	1	86.19000000000001	6.2749999999999995
430	105	1	31.76499999999999	123.13499999999998
430	106	1	164.67499999999993	101.75999999999996
430	107	1	106.29	89.82499999999999
430	108	1	15.758793969849247	11.814070351758788
430	109	1	26.17500000000001	77.74999999999997
430	110	1	127.82	15.18500000000001
430	111	1	182.07500000000005	86.07000000000004
430	112	1	90.55000000000003	67.49
430	113	1	10.555	126.49000000000007
430	114	1	88.60199004975122	161.9452736318407
430	115	1	85.12000000000003	102.62499999999997
430	116	1	103.39000000000004	33.9
430	117	1	27.805	39.995
430	118	1	183.55999999999995	71.45000000000005
430	119	1	123.07499999999999	159.0149999999999
430	120	1	111.19500000000001	105.13500000000005
430	121	1	94.71500000000003	173.60999999999996
430	122	1	113.08000000000006	64.575
430	123	1	85.07960199004977	122.15920398009952
430	124	1	49.410000000000004	41.24000000000002
430	125	1	36.44776119402987	165.23383084577108
430	126	1	125.30499999999998	143.60999999999999
430	127	1	40.74999999999998	108.64499999999998
430	128	1	154.76999999999995	20.505
430	129	1	77.14070351758791	199.79396984924622
430	130	1	86.6417910447761	54.1094527363184
430	131	1	175.5749999999999	170.17
430	132	1	53.294999999999995	87.43000000000002
430	133	1	166.49999999999997	120.545
430	134	1	39.658291457286445	20.798994974874358
430	135	1	54.68844221105528	75.33668341708542
430	136	1	119.79000000000003	111.03000000000003
430	137	1	9.110552763819095	39.53768844221106
430	138	1	35.195000000000014	63.574999999999996
430	139	1	42.325	16.819999999999997
430	140	1	104.04999999999997	80.07500000000005
430	141	1	159.63000000000002	169.23500000000007
430	142	1	144.89500000000004	0.815
430	143	1	27.069999999999986	13.015000000000002
430	144	1	30.32999999999999	93.64500000000001
430	145	1	71.06000000000003	85.86000000000001
440	1	2	9.691489361702128	9.691489361702128
440	2	2	10.120000000000005	54.88
440	3	2	10.126315789473686	99.6105263157895
440	4	2	9.870000000000005	144.93999999999997
440	5	2	10.000000000000002	189.99999999999997
440	6	2	55.020833333333336	10.270833333333334
440	7	2	54.72916666666666	54.729166666666664
440	8	2	55.12000000000002	99.88
440	9	2	54.87999999999998	144.88
440	10	2	55.000000000000014	190
440	11	2	100.13999999999999	9.940000000000003
440	12	2	100.25555555555555	54.45555555555557
440	13	2	99.72916666666669	100.02083333333333
440	14	2	99.96907216494847	145.30927835051548
440	15	2	99.54945054945055	190.1868131868132
440	16	2	144.72916666666669	10.27083333333333
440	17	2	144.7835051546392	55.309278350515456
440	18	2	145.1199999999999	100.12000000000003
440	19	2	144.87999999999997	144.88
440	20	2	144.71428571428572	190.74725274725276
440	21	2	190.0299999999999	10.13
440	22	2	190.38947368421051	54.87368421052632
440	23	2	189.99999999999994	100.50000000000001
440	24	2	189.87999999999997	145.11999999999998
440	25	2	189.72916666666669	190.02083333333326
440	26	1	25.259999999999998	149.75
440	27	1	134.1800000000001	161.52000000000004
440	28	1	158.49500000000006	180.21
440	29	1	193.295	122.51000000000005
440	30	1	49.96499999999999	1.7
440	31	1	140.83999999999992	179.28000000000003
440	32	1	95.43500000000004	112.37500000000001
440	33	1	140.39000000000004	84.24999999999999
440	34	1	166.34999999999997	43.48999999999999
440	35	1	70.11999999999999	151.795
440	36	1	126.06999999999995	77.50999999999996
440	37	1	0.11499999999999991	194.26
440	38	1	199.615	173.0999999999998
440	39	1	120.51500000000003	89.40499999999997
440	40	1	160.4099999999999	5.084999999999998
440	41	1	169.11499999999995	57.324999999999996
440	42	1	42.49999999999999	180.09000000000003
440	43	1	50.130000000000024	30.73500000000001
440	44	1	135.74500000000015	111.82500000000003
440	45	1	126.01499999999999	2.69
440	46	1	124.095	173.9449999999999
440	47	1	0.8208955223880589	76.6268656716418
440	48	1	122.73500000000006	47.820000000000014
440	49	1	162.67	189.32500000000002
440	50	1	101.87	69.03999999999998
440	51	1	23.780000000000005	114.195
440	52	1	40.46733668341708	90.58291457286435
440	53	1	139.50500000000005	71.67000000000006
440	54	1	66.25	53.18999999999999
440	55	1	116.66500000000002	135.85000000000008
440	56	1	31.899497487437188	198.2814070351758
440	57	1	74.92999999999994	164.52499999999998
440	58	1	76.98000000000002	53.065000000000026
440	59	1	168.615	90.81000000000002
440	60	1	155.27500000000006	37.45499999999999
440	61	1	199.055	107.44
440	62	1	26.229999999999997	26.880000000000013
440	63	1	91.09000000000005	35.635
440	64	1	110.88499999999993	178.345
440	65	1	84.57500000000002	78.70000000000002
440	66	1	78.715	94.09000000000003
440	67	1	84.73000000000002	19.429999999999996
440	68	1	179.44000000000003	54.22999999999997
440	69	1	184.35500000000002	162.95999999999998
440	70	1	85.69000000000001	185.36999999999998
440	71	1	130.33	97.86500000000004
440	72	1	24.05500000000001	100.25000000000004
440	73	1	97.04477611940297	126.16417910447761
440	74	1	114.48499999999996	39.365000000000016
440	75	1	57.305	173.72499999999994
440	76	1	19.53	132.2599999999999
440	77	1	172.49999999999986	111.24000000000004
440	78	1	112.77999999999999	158.47999999999988
440	79	1	145.0850000000002	166.3300000000002
440	80	1	49.31840796019901	119.46766169154232
440	81	1	130.7600000000001	61.87
440	82	1	71.47000000000003	71.92000000000003
440	83	1	63.73	136
440	84	1	102.50251256281402	162.59296482412068
440	85	1	58.51000000000002	163.13000000000014
440	86	1	109.56499999999998	124.97999999999999
440	87	1	57.58000000000001	65.56499999999997
440	88	1	13.275000000000004	84.08000000000006
440	89	1	78.14000000000006	37.23499999999999
440	90	1	13.87939698492462	29.522613065326627
440	91	1	82.01499999999999	146.36000000000007
440	92	1	158.29850746268647	137.71641791044775
440	93	1	88.14213197969536	141.46192893401007
440	94	1	129.46766169154225	187.78606965174123
440	95	1	24.72	164.03500000000005
440	96	1	64.40499999999997	36.12499999999999
440	97	1	126.44776119402981	123.20398009950252
440	98	1	54.449999999999996	197.73500000000007
440	99	1	39.72864321608039	75.60301507537686
440	100	1	7.014999999999999	115.95500000000003
440	101	1	116.63999999999997	192.47499999999997
440	102	1	197.53	87.49999999999999
440	103	1	118.43216080402011	57.17587939698493
440	104	1	86.16500000000003	6.4350000000000005
440	105	1	31.73134328358208	123.61691542288555
440	106	1	164.73000000000002	101.80999999999995
440	107	1	106.36500000000002	89.785
440	108	1	15.758793969849247	11.814070351758788
440	109	1	26.090000000000007	77.88000000000004
440	110	1	127.98999999999998	15.219999999999999
440	111	1	182.18500000000003	85.79499999999999
440	112	1	90.49	67.81000000000006
440	113	1	10.075	127.535
440	114	1	88.73999999999998	162.08499999999984
440	115	1	85.14500000000002	102.36000000000006
440	116	1	103.9601990049751	32.532338308457724
440	117	1	27.89	39.919999999999995
440	118	1	182.4049999999999	71.195
440	119	1	123.11055276381913	158.91959798994975
440	120	1	111.21500000000002	105.36000000000003
440	121	1	95.38999999999997	174.14
440	122	1	113.09000000000003	64.44000000000003
440	123	1	85.20895522388054	122.37313432835823
440	124	1	49.605	41.40500000000001
440	125	1	36.16417910447759	166.14427860696526
440	126	1	125.24999999999997	143.61999999999998
440	127	1	40.92000000000001	108.35999999999996
440	128	1	154.59000000000006	20.470000000000006
440	129	1	77.07999999999998	199.865
440	130	1	86.65829145728644	54.185929648241206
440	131	1	175.24999999999994	170.39999999999992
440	132	1	53.509999999999984	87.52500000000003
440	133	1	166.26999999999992	120.66499999999995
440	134	1	39.658291457286445	20.798994974874358
440	135	1	54.73	75.36500000000002
440	136	1	119.93500000000003	111.25499999999998
440	137	1	9.225	39.59
440	138	1	35.324999999999974	63.730000000000004
440	139	1	42.325	16.819999999999997
440	140	1	103.96999999999997	80.07999999999996
440	141	1	159.6649999999999	169.025
440	142	1	144.86500000000004	0.8299999999999998
440	143	1	27.125000000000004	12.850000000000001
440	144	1	30.414999999999978	93.63499999999999
440	145	1	71.06500000000007	85.61999999999996
450	1	2	9.691489361702128	9.691489361702128
450	2	2	10.120000000000005	54.88
450	3	2	10.126315789473686	99.6105263157895
450	4	2	9.870000000000005	144.93999999999997
450	5	2	10.000000000000002	189.99999999999997
450	6	2	55.020833333333336	10.270833333333334
450	7	2	54.72916666666666	54.729166666666664
450	8	2	55.12000000000002	99.88
450	9	2	54.87999999999998	144.88
450	10	2	55.000000000000014	190
450	11	2	100.13999999999999	9.940000000000003
450	12	2	100.25555555555555	54.45555555555557
450	13	2	99.72916666666669	100.02083333333333
450	14	2	99.96907216494847	145.30927835051548
450	15	2	99.54945054945055	190.1868131868132
450	16	2	144.72916666666669	10.27083333333333
450	17	2	144.7835051546392	55.309278350515456
450	18	2	145.1199999999999	100.12000000000003
450	19	2	144.87999999999997	144.88
450	20	2	144.71428571428572	190.74725274725276
450	21	2	190.0299999999999	10.13
450	22	2	190.38947368421051	54.87368421052632
450	23	2	189.99999999999994	100.50000000000001
450	24	2	189.87999999999997	145.11999999999998
450	25	2	189.72916666666669	190.02083333333326
450	26	1	25.424999999999994	150.11499999999984
450	27	1	134.3781094527363	161.5522388059702
450	28	1	158.45728643216094	180.33668341708545
450	29	1	193.335	122.28000000000006
450	30	1	49.87939698492463	1.7085427135678404
450	31	1	140.85499999999993	179.4049999999998
450	32	1	95.39500000000004	112.66499999999998
450	33	1	140.36499999999998	84.31000000000003
450	34	1	166.50000000000009	43.31000000000004
450	35	1	70.47	151.25500000000002
450	36	1	126.07499999999999	77.55999999999999
450	37	1	199.9145728643216	194.09045226130652
450	38	1	199.93	173.1000000000001
450	39	1	120.56	89.37500000000003
450	40	1	160.34999999999994	4.844999999999997
450	41	1	168.76500000000001	57.129999999999995
450	42	1	42.11499999999999	179.8
450	43	1	50.08040201005025	30.66331658291458
450	44	1	135.97000000000008	111.39999999999999
450	45	1	126.10999999999993	2.439999999999999
450	46	1	124.26500000000003	173.925
450	47	1	0.7200000000000003	76.36500000000004
450	48	1	122.875	47.899999999999984
450	49	1	162.6399999999999	189.41500000000013
450	50	1	101.90499999999996	69.015
450	51	1	23.849999999999998	114.44
450	52	1	40.580000000000005	90.47
450	53	1	139.51758793969861	71.71356783919602
450	54	1	66.33999999999999	53.145
450	55	1	116.76499999999997	135.62000000000003
450	56	1	32.00500000000001	198.195
450	57	1	74.89	164.455
450	58	1	76.86999999999993	52.474999999999994
450	59	1	169.455	91.215
450	60	1	155.39500000000004	37.35
450	61	1	199.14572864321607	107.31658291457289
450	62	1	26.24499999999999	26.890000000000004
450	63	1	91.70351758793967	35.87437185929649
450	64	1	110.835	178.09500000000006
450	65	1	84.58500000000002	78.78999999999999
450	66	1	78.97999999999999	93.98999999999998
450	67	1	84.9	19.585000000000004
450	68	1	179.3799999999999	54.394999999999996
450	69	1	184.7099999999999	163.3250000000001
450	70	1	85.80499999999998	185.5950000000001
450	71	1	129.9353233830846	98.12935323383087
450	72	1	24.194999999999997	100.43500000000002
450	73	1	97.05999999999997	126.40500000000002
450	74	1	114.39500000000001	39.399999999999984
450	75	1	57.07500000000002	173.54500000000007
450	76	1	19.27	131.88499999999996
450	77	1	172.39999999999998	111.20000000000005
450	78	1	112.80500000000002	158.56500000000005
450	79	1	145.0954773869347	166.26633165829145
450	80	1	49.110000000000014	119.215
450	81	1	130.80499999999986	62.01499999999998
450	82	1	71.90499999999997	71.38500000000002
450	83	1	63.723618090452284	136.1155778894472
450	84	1	102.34500000000003	162.455
450	85	1	58.713567839195974	162.95477386934667
450	86	1	109.45500000000007	125.055
450	87	1	57.64999999999999	65.69500000000004
450	88	1	13.338308457711445	84.01990049751241
450	89	1	78.73500000000006	36.580000000000005
450	90	1	13.905	29.519999999999996
450	91	1	82.05999999999999	146.43
450	92	1	158.55223880597026	138.1144278606965
450	93	1	88.14213197969536	141.46192893401007
450	94	1	129.615	187.82499999999987
450	95	1	25.110000000000007	164.20999999999998
450	96	1	64.56499999999998	35.92
450	97	1	126.98500000000001	123.065
450	98	1	54.50251256281406	197.72864321608054
450	99	1	39.92000000000001	75.68499999999997
450	100	1	7.400000000000001	115.65999999999995
450	101	1	116.64500000000001	192.24000000000007
450	102	1	197.655	87.39499999999997
450	103	1	118.43216080402011	57.17587939698493
450	104	1	85.93500000000003	6.655
450	105	1	31.487562189054724	124.17412935323387
450	106	1	164.49000000000004	101.84500000000001
450	107	1	106.28499999999998	89.86
450	108	1	15.758793969849247	11.814070351758788
450	109	1	26.225000000000005	77.85000000000001
450	110	1	127.63819095477383	15.532663316582914
450	111	1	182.21	85.61000000000001
450	112	1	90.52500000000003	67.83000000000004
450	113	1	9.410000000000002	127.91500000000009
450	114	1	88.57500000000003	162.41000000000003
450	115	1	85.175	102.43999999999996
450	116	1	104.84577114427866	31.15920398009952
450	117	1	28.005000000000013	39.930000000000014
450	118	1	182.05999999999992	71.10000000000004
450	119	1	123.14500000000001	158.93000000000006
450	120	1	111.21999999999994	105.41
450	121	1	95.64000000000001	174.41500000000005
450	122	1	113.26500000000003	64.65499999999999
450	123	1	85.19500000000001	122.44999999999997
450	124	1	50.03500000000001	41.32499999999998
450	125	1	35.68500000000003	167.47499999999985
450	126	1	124.99500000000003	143.52500000000006
450	127	1	40.764999999999986	108.37499999999999
450	128	1	154.58500000000006	20.429999999999996
450	129	1	76.89499999999995	199.84000000000003
450	130	1	86.79601990049755	53.86567164179105
450	131	1	175.11999999999995	170.58499999999995
450	132	1	53.79396984924624	87.47236180904525
450	133	1	166.1949999999999	120.83500000000001
450	134	1	39.658291457286445	20.798994974874358
450	135	1	55.07035175879398	75.58793969849242
450	136	1	119.81000000000002	111.70499999999998
450	137	1	9.567839195979893	39.70854271356783
450	138	1	35.52999999999999	63.75000000000001
450	139	1	42.325	16.819999999999997
450	140	1	103.83	80.095
450	141	1	159.54726368159214	169.18905472636808
450	142	1	144.85000000000014	0.8350000000000002
450	143	1	27.11	12.840000000000002
450	144	1	30.46000000000001	93.57000000000005
450	145	1	71.15500000000002	85.51999999999998
460	1	2	9.691489361702128	9.691489361702128
460	2	2	10.120000000000005	54.88
460	3	2	10.126315789473686	99.6105263157895
460	4	2	9.870000000000005	144.93999999999997
460	5	2	10.000000000000002	189.99999999999997
460	6	2	55.020833333333336	10.270833333333334
460	7	2	54.72916666666666	54.729166666666664
460	8	2	55.12000000000002	99.88
460	9	2	54.87999999999998	144.88
460	10	2	55.000000000000014	190
460	11	2	100.13999999999999	9.940000000000003
460	12	2	100.25555555555555	54.45555555555557
460	13	2	99.72916666666669	100.02083333333333
460	14	2	99.96907216494847	145.30927835051548
460	15	2	99.54945054945055	190.1868131868132
460	16	2	144.72916666666669	10.27083333333333
460	17	2	144.7835051546392	55.309278350515456
460	18	2	145.1199999999999	100.12000000000003
460	19	2	144.87999999999997	144.88
460	20	2	144.71428571428572	190.74725274725276
460	21	2	190.0299999999999	10.13
460	22	2	190.38947368421051	54.87368421052632
460	23	2	189.99999999999994	100.50000000000001
460	24	2	189.87999999999997	145.11999999999998
460	25	2	189.72916666666669	190.02083333333326
460	26	1	25.309999999999988	149.96499999999997
460	27	1	134.225	161.61999999999995
460	28	1	158.83999999999992	180.2150000000001
460	29	1	193.6865671641791	122.63184079601986
460	30	1	49.82412060301507	1.6984924623115571
460	31	1	140.96000000000006	179.4499999999999
460	32	1	95.27500000000008	112.77000000000004
460	33	1	140.01999999999992	84.61
460	34	1	166.60500000000002	43.364999999999995
460	35	1	70.84500000000004	150.6
460	36	1	125.995	77.74000000000001
460	37	1	199.885	194.16
460	38	1	199.845	173.24999999999997
460	39	1	120.55499999999999	89.53500000000001
460	40	1	160.44500000000005	4.824999999999998
460	41	1	168.62500000000003	57.18500000000001
460	42	1	41.89499999999998	179.74
460	43	1	50.03000000000001	30.610000000000003
460	44	1	135.9597989949749	111.12562814070351
460	45	1	126.20000000000005	2.1999999999999997
460	46	1	124.21499999999999	173.97
460	47	1	1.0499999999999998	76.49500000000002
460	48	1	122.85000000000007	47.800000000000026
460	49	1	162.38500000000008	189.6049999999999
460	50	1	101.75499999999998	69.12000000000002
460	51	1	24.134999999999998	114.63499999999998
460	52	1	40.547263681592064	89.81094527363192
460	53	1	139.5049999999999	71.75000000000004
460	54	1	66.33499999999997	53.11000000000001
460	55	1	116.79499999999999	135.45999999999995
460	56	1	32.24000000000002	198.025
460	57	1	74.66999999999996	164.61
460	58	1	76.65	52.12499999999999
460	59	1	169.895	91.47500000000001
460	60	1	155.31	37.135
460	61	1	199.3	107.29499999999996
460	62	1	26.32000000000001	26.96000000000001
460	63	1	92.63184079601994	36.258706467661675
460	64	1	110.87499999999993	178.05499999999998
460	65	1	84.53499999999998	78.92499999999995
460	66	1	78.945	93.94000000000001
460	67	1	84.77000000000005	19.744999999999997
460	68	1	179.3550000000002	54.44500000000002
460	69	1	184.82	163.32500000000007
460	70	1	85.94000000000004	185.68500000000006
460	71	1	129.43999999999997	98.575
460	72	1	24.220000000000006	100.21000000000005
460	73	1	97.17500000000004	126.38000000000001
460	74	1	114.185	39.28
460	75	1	57.010000000000026	173.60999999999996
460	76	1	19.08	131.15500000000006
460	77	1	172.52	111.19999999999999
460	78	1	112.71641791044782	158.54726368159203
460	79	1	144.98499999999999	166.35999999999984
460	80	1	49.17499999999998	119.13999999999999
460	81	1	130.75000000000009	62.125
460	82	1	72.205	71.14500000000004
460	83	1	63.723618090452284	136.2914572864323
460	84	1	102.11000000000001	162.485
460	85	1	58.96000000000001	162.87999999999997
460	86	1	109.56218905472633	125.17412935323378
460	87	1	57.945000000000036	65.62499999999996
460	88	1	13.284999999999997	84.06499999999993
460	89	1	79.3	35.900000000000006
460	90	1	14.04	29.44
460	91	1	82.14000000000001	146.41500000000013
460	92	1	158.42000000000002	138.42999999999995
460	93	1	88.14213197969536	141.46192893401007
460	94	1	129.56999999999994	187.70499999999996
460	95	1	25.139303482587064	164.08457711442782
460	96	1	64.67500000000001	35.944999999999986
460	97	1	127.50500000000002	122.95000000000003
460	98	1	54.50251256281406	197.72864321608054
460	99	1	39.64321608040201	75.27135678391963
460	100	1	7.714999999999997	115.45499999999998
460	101	1	116.36000000000006	192.23999999999992
460	102	1	197.675	87.57499999999997
460	103	1	118.26499999999992	57.019999999999996
460	104	1	85.89500000000002	6.594999999999995
460	105	1	31.74874371859296	124.01005025125632
460	106	1	164.66999999999993	101.805
460	107	1	106.38999999999997	89.82999999999998
460	108	1	15.758793969849247	11.814070351758788
460	109	1	26.14500000000002	77.87499999999999
460	110	1	127.64	15.600000000000007
460	111	1	182.28499999999994	85.41000000000001
460	112	1	90.31000000000009	67.775
460	113	1	8.94	128.33500000000015
460	114	1	88.41500000000002	162.40499999999992
460	115	1	85.13499999999998	102.59499999999998
460	116	1	104.80499999999999	30.075000000000003
460	117	1	27.390000000000008	39.86499999999998
460	118	1	182.46999999999994	71.00499999999994
460	119	1	123.13500000000005	158.96
460	120	1	110.76499999999997	105.57500000000002
460	121	1	95.745	174.525
460	122	1	113.30499999999999	64.67
460	123	1	85.11000000000007	122.325
460	124	1	50.27500000000003	41.30499999999999
460	125	1	35.52000000000002	167.94500000000005
460	126	1	124.94000000000003	143.65000000000006
460	127	1	40.76000000000001	108.10999999999997
460	128	1	154.66331658291458	20.41206030150754
460	129	1	76.46500000000002	199.79999999999998
460	130	1	86.61999999999998	53.50000000000001
460	131	1	174.99999999999997	170.53999999999994
460	132	1	54.01005025125627	87.6733668341708
460	133	1	165.94499999999996	120.72499999999998
460	134	1	39.658291457286445	20.798994974874358
460	135	1	55.205	75.62000000000003
460	136	1	119.59500000000003	111.97999999999999
460	137	1	9.15	39.68499999999999
460	138	1	35.900000000000006	63.695
460	139	1	42.325	16.819999999999997
460	140	1	103.80500000000004	80.02499999999996
460	141	1	159.4673366834172	169.06030150753756
460	142	1	144.77500000000003	0.7850000000000007
460	143	1	27.089999999999986	12.825000000000001
460	144	1	30.549999999999994	93.46
460	145	1	71.00999999999998	85.465
470	1	2	9.691489361702128	9.691489361702128
470	2	2	10.120000000000005	54.88
470	3	2	10.126315789473686	99.6105263157895
470	4	2	9.870000000000005	144.93999999999997
470	5	2	10.000000000000002	189.99999999999997
470	6	2	55.020833333333336	10.270833333333334
470	7	2	54.72916666666666	54.729166666666664
470	8	2	55.12000000000002	99.88
470	9	2	54.87999999999998	144.88
470	10	2	55.000000000000014	190
470	11	2	100.13999999999999	9.940000000000003
470	12	2	100.25555555555555	54.45555555555557
470	13	2	99.72916666666669	100.02083333333333
470	14	2	99.96907216494847	145.30927835051548
470	15	2	99.54945054945055	190.1868131868132
470	16	2	144.72916666666669	10.27083333333333
470	17	2	144.7835051546392	55.309278350515456
470	18	2	145.1199999999999	100.12000000000003
470	19	2	144.87999999999997	144.88
470	20	2	144.71428571428572	190.74725274725276
470	21	2	190.0299999999999	10.13
470	22	2	190.38947368421051	54.87368421052632
470	23	2	189.99999999999994	100.50000000000001
470	24	2	189.87999999999997	145.11999999999998
470	25	2	189.72916666666669	190.02083333333326
470	26	1	25.333333333333332	150.25870646766163
470	27	1	134.23618090452263	161.41708542713562
470	28	1	158.79104477611943	180.22388059701487
470	29	1	193.8	122.47
470	30	1	49.879999999999995	1.6900000000000013
470	31	1	141.1799999999998	179.43500000000006
470	32	1	95.12999999999995	112.945
470	33	1	139.73499999999987	85.21000000000002
470	34	1	166.74999999999994	43.355000000000004
470	35	1	70.71999999999998	150.62
470	36	1	126.03482587064681	77.71641791044779
470	37	1	199.825	193.85
470	38	1	199.42211055276383	173.41206030150747
470	39	1	120.67164179104475	89.50746268656718
470	40	1	160.525	4.729999999999999
470	41	1	168.64	57.324999999999996
470	42	1	41.91500000000002	180.00000000000009
470	43	1	49.93467336683419	30.70351758793968
470	44	1	135.85999999999999	110.71
470	45	1	126.21393034825871	2.149253731343285
470	46	1	124.36500000000005	174.1250000000001
470	47	1	1.0849999999999989	76.61
470	48	1	122.74999999999997	47.85000000000003
470	49	1	162.37999999999988	189.5750000000001
470	50	1	101.65999999999998	69.135
470	51	1	23.8994974874372	114.89949748743717
470	52	1	40.90000000000002	89.61499999999998
470	53	1	139.49000000000004	71.79500000000006
470	54	1	66.24500000000002	53.11999999999999
470	55	1	116.78500000000008	135.24999999999997
470	56	1	32.155	198.105
470	57	1	74.595	164.62500000000003
470	58	1	76.54999999999997	52.129999999999995
470	59	1	170.12500000000009	91.62500000000003
470	60	1	155.49	37.06500000000001
470	61	1	199.385	107.06499999999994
470	62	1	26.323383084577102	26.950248756218905
470	63	1	93.60500000000003	36.29500000000004
470	64	1	110.84499999999996	178.0200000000001
470	65	1	84.50000000000001	78.86999999999999
470	66	1	78.84499999999998	93.74000000000001
470	67	1	84.53	19.74000000000002
470	68	1	179.27000000000004	54.34999999999998
470	69	1	184.75500000000005	163.49
470	70	1	85.96499999999997	185.73999999999995
470	71	1	129.04499999999993	98.73
470	72	1	24.170000000000005	100.24999999999999
470	73	1	97.16499999999994	126.44999999999995
470	74	1	113.97000000000001	39.205000000000005
470	75	1	57.13999999999999	173.5300000000001
470	76	1	18.980000000000008	131.39499999999998
470	77	1	172.48258706467658	110.96517412935322
470	78	1	112.72500000000002	158.63999999999987
470	79	1	144.95500000000004	166.33
470	80	1	48.844999999999985	118.99499999999999
470	81	1	130.78500000000005	62.08999999999997
470	82	1	72.425	70.78
470	83	1	63.72999999999999	136.495
470	84	1	102.09000000000003	162.48
470	85	1	58.80597014925375	162.8905472636817
470	86	1	109.50500000000001	124.93999999999998
470	87	1	58.095000000000006	65.66000000000001
470	88	1	13.264999999999999	84.16000000000007
470	89	1	79.21499999999999	35.74
470	90	1	13.970149253731341	29.417910447761184
470	91	1	82.14000000000001	146.41500000000013
470	92	1	158.52763819095478	138.29145728643212
470	93	1	88.14213197969536	141.46192893401007
470	94	1	129.62000000000006	187.72500000000008
470	95	1	25.350000000000005	164.275
470	96	1	64.49499999999996	36.035000000000004
470	97	1	127.59999999999992	122.89000000000001
470	98	1	54.50251256281406	197.72864321608054
470	99	1	39.50746268656717	75.15920398009948
470	100	1	7.639999999999998	115.54999999999994
470	101	1	116.38499999999996	192.1499999999999
470	102	1	197.56281407035175	87.56281407035172
470	103	1	118.39499999999995	57.09999999999997
470	104	1	85.70999999999995	6.39
470	105	1	31.729999999999986	123.88499999999999
470	106	1	164.23383084577108	101.5820895522389
470	107	1	106.2139303482587	89.81592039800998
470	108	1	15.758793969849247	11.814070351758788
470	109	1	26.474999999999998	78.25
470	110	1	127.86499999999994	15.479999999999995
470	111	1	182.1256281407035	85.61809045226127
470	112	1	90.28499999999997	67.755
470	113	1	8.729999999999999	128.43000000000006
470	114	1	88.44500000000002	162.30499999999992
470	115	1	85.10999999999999	102.48999999999998
470	116	1	104.31343283582083	28.666666666666657
470	117	1	27.155	39.81499999999999
470	118	1	182.63184079601982	71.13432835820893
470	119	1	123.23383084577114	159.16915422885577
470	120	1	110.43500000000003	105.7500000000001
470	121	1	95.83000000000003	174.6099999999999
470	122	1	113.36499999999997	64.74
470	123	1	85.00500000000005	122.275
470	124	1	49.94000000000001	41.454999999999984
470	125	1	35.819095477386945	168.2261306532664
470	126	1	124.73499999999999	143.70499999999993
470	127	1	40.73000000000003	107.87000000000002
470	128	1	154.72000000000003	20.27
470	129	1	76.36815920398016	199.27860696517413
470	130	1	86.57	52.625
470	131	1	175.03500000000005	170.43500000000006
470	132	1	54.459999999999965	87.95000000000003
470	133	1	165.8299999999999	120.62999999999998
470	134	1	39.658291457286445	20.798994974874358
470	135	1	54.743718592964775	75.34673366834176
470	136	1	119.91	112.02000000000002
470	137	1	9.084999999999996	39.83500000000001
470	138	1	36.00499999999997	63.56
470	139	1	42.381909547738665	16.844221105527634
470	140	1	103.89999999999998	79.93999999999997
470	141	1	159.57999999999998	169.07500000000002
470	142	1	144.819095477387	0.753768844221105
470	143	1	27.134999999999994	12.789999999999997
470	144	1	30.631840796019922	93.65174129353234
470	145	1	71.04499999999993	85.23500000000003
480	1	2	9.691489361702128	9.691489361702128
480	2	2	10.120000000000005	54.88
480	3	2	10.126315789473686	99.6105263157895
480	4	2	9.870000000000005	144.93999999999997
480	5	2	10.000000000000002	189.99999999999997
480	6	2	55.020833333333336	10.270833333333334
480	7	2	54.72916666666666	54.729166666666664
480	8	2	55.12000000000002	99.88
480	9	2	54.87999999999998	144.88
480	10	2	55.000000000000014	190
480	11	2	100.13999999999999	9.940000000000003
480	12	2	100.25555555555555	54.45555555555557
480	13	2	99.72916666666669	100.02083333333333
480	14	2	99.96907216494847	145.30927835051548
480	15	2	99.54945054945055	190.1868131868132
480	16	2	144.72916666666669	10.27083333333333
480	17	2	144.7835051546392	55.309278350515456
480	18	2	145.1199999999999	100.12000000000003
480	19	2	144.87999999999997	144.88
480	20	2	144.71428571428572	190.74725274725276
480	21	2	190.0299999999999	10.13
480	22	2	190.38947368421051	54.87368421052632
480	23	2	189.99999999999994	100.50000000000001
480	24	2	189.87999999999997	145.11999999999998
480	25	2	189.72916666666669	190.02083333333326
480	26	1	25.289999999999996	150.22500000000002
480	27	1	134.25000000000006	161.50499999999997
480	28	1	158.66500000000002	180.27000000000004
480	29	1	193.86069651741292	122.07960199004978
480	30	1	49.96499999999999	1.7
480	31	1	141.15999999999997	179.42999999999998
480	32	1	95.32835820895522	113.18905472636818
480	33	1	139.4749999999999	85.74000000000001
480	34	1	166.64999999999992	43.335
480	35	1	70.97014925373134	150.47761194029857
480	36	1	126.07999999999996	78
480	37	1	199.74	193.49
480	38	1	199.17	173.66000000000008
480	39	1	120.46499999999999	89.54999999999991
480	40	1	160.3949999999999	4.735000000000001
480	41	1	168.61499999999992	57.33999999999999
480	42	1	41.76119402985076	179.97014925373142
480	43	1	50.055000000000014	30.835000000000004
480	44	1	135.78500000000003	110.01500000000007
480	45	1	126.16500000000009	2.080000000000003
480	46	1	124.26368159203983	174.1044776119402
480	47	1	1.1999999999999995	76.68499999999997
480	48	1	122.66	47.91500000000001
480	49	1	162.3	189.53500000000005
480	50	1	101.8358208955224	69.09950248756222
480	51	1	23.930000000000014	114.85000000000005
480	52	1	40.90499999999998	89.32000000000004
480	53	1	139.43216080402007	71.86934673366837
480	54	1	66.32338308457712	53.417910447761194
480	55	1	116.96999999999998	135.26
480	56	1	32.26	198
480	57	1	74.44000000000005	165.03500000000003
480	58	1	76.56999999999998	52.239999999999974
480	59	1	170.24500000000003	91.76500000000004
480	60	1	155.46999999999989	37.16999999999998
480	61	1	199.95	106.965
480	62	1	26.36499999999999	26.99999999999999
480	63	1	94.07960199004974	36.24378109452734
480	64	1	110.70500000000003	178.1500000000001
480	65	1	84.54999999999998	79.11
480	66	1	78.55999999999996	93.77500000000003
480	67	1	84.43000000000004	19.885000000000005
480	68	1	179.19500000000008	54.25499999999999
480	69	1	184.70499999999987	163.56500000000014
480	70	1	85.89499999999997	185.57000000000002
480	71	1	128.65500000000006	99.00499999999997
480	72	1	24.270000000000007	100.34000000000002
480	73	1	97.14999999999998	126.52000000000002
480	74	1	113.69500000000006	39.17000000000004
480	75	1	56.755	173.56999999999996
480	76	1	18.950000000000006	131.43000000000004
480	77	1	172.5678391959799	110.95477386934675
480	78	1	112.77500000000005	158.59500000000014
480	79	1	145.0150753768844	166.2964824120603
480	80	1	48.93000000000002	119.08999999999999
480	81	1	130.62	62.44499999999997
480	82	1	72.975	70.55000000000003
480	83	1	63.763819095477416	136.37185929648248
480	84	1	102.07	162.52000000000004
480	85	1	59.23999999999999	162.73000000000002
480	86	1	109.655	124.80499999999998
480	87	1	58.20500000000001	65.73499999999996
480	88	1	13.360000000000007	84.4
480	89	1	79.13499999999996	35.62499999999999
480	90	1	13.845	29.39000000000001
480	91	1	82.22499999999998	146.6299999999999
480	92	1	158.57213930348257	138.3830845771145
480	93	1	88.14213197969536	141.46192893401007
480	94	1	129.79500000000002	187.83
480	95	1	25.344999999999995	164.30499999999998
480	96	1	64.655	36.14999999999999
480	97	1	127.69500000000006	122.87000000000002
480	98	1	54.449999999999996	197.73500000000007
480	99	1	39.95522388059702	75.35323383084574
480	100	1	7.685	115.69500000000001
480	101	1	116.27	192.065
480	102	1	197.48	87.73500000000004
480	103	1	118.43216080402011	57.17587939698493
480	104	1	85.26499999999996	6.310000000000001
480	105	1	31.784999999999993	123.81999999999998
480	106	1	164.35499999999993	101.57000000000001
480	107	1	106.02999999999999	89.81999999999996
480	108	1	15.758793969849247	11.814070351758788
480	109	1	26.562189054726375	78.27363184079597
480	110	1	127.75621890547265	15.353233830845769
480	111	1	181.59	85.27999999999999
480	112	1	90.34500000000001	67.86499999999995
480	113	1	8.724999999999996	128.38000000000002
480	114	1	88.33500000000001	162.36000000000004
480	115	1	84.98499999999997	102.51999999999992
480	116	1	104.10000000000001	27.67
480	117	1	27.215000000000003	39.74
480	118	1	183.08500000000004	71.22
480	119	1	123.21499999999997	159.24499999999998
480	120	1	110.09500000000004	105.53000000000004
480	121	1	95.70500000000001	174.595
480	122	1	113.29000000000005	64.69999999999999
480	123	1	84.99499999999998	122.23000000000002
480	124	1	49.884999999999984	41.56499999999997
480	125	1	35.82500000000001	168.41500000000002
480	126	1	124.82500000000002	143.68000000000006
480	127	1	40.86500000000001	107.82500000000006
480	128	1	154.83000000000004	20.330000000000013
480	129	1	76.39999999999999	198.86000000000004
480	130	1	86.59000000000003	52.16499999999999
480	131	1	175.02487562189043	170.48756218905476
480	132	1	54.229999999999976	88.54
480	133	1	165.91500000000002	120.71500000000005
480	134	1	39.658291457286445	20.798994974874358
480	135	1	54.49	75.09999999999997
480	136	1	119.76000000000002	112.32500000000003
480	137	1	9.08	39.875
480	138	1	36.502487562189074	63.42786069651743
480	139	1	42.35000000000003	16.91
480	140	1	103.87499999999997	80.02000000000002
480	141	1	159.56281407035175	169.13065326633165
480	142	1	144.695	0.7449999999999999
480	143	1	27.044999999999995	12.725000000000001
480	144	1	30.64000000000001	93.67999999999996
480	145	1	70.84577114427861	85.07960199004978
490	1	2	9.691489361702128	9.691489361702128
490	2	2	10.120000000000005	54.88
490	3	2	10.126315789473686	99.6105263157895
490	4	2	9.870000000000005	144.93999999999997
490	5	2	10.000000000000002	189.99999999999997
490	6	2	55.020833333333336	10.270833333333334
490	7	2	54.72916666666666	54.729166666666664
490	8	2	55.12000000000002	99.88
490	9	2	54.87999999999998	144.88
490	10	2	55.000000000000014	190
490	11	2	100.13999999999999	9.940000000000003
490	12	2	100.25555555555555	54.45555555555557
490	13	2	99.72916666666669	100.02083333333333
490	14	2	99.96907216494847	145.30927835051548
490	15	2	99.54945054945055	190.1868131868132
490	16	2	144.72916666666669	10.27083333333333
490	17	2	144.7835051546392	55.309278350515456
490	18	2	145.1199999999999	100.12000000000003
490	19	2	144.87999999999997	144.88
490	20	2	144.71428571428572	190.74725274725276
490	21	2	190.0299999999999	10.13
490	22	2	190.38947368421051	54.87368421052632
490	23	2	189.99999999999994	100.50000000000001
490	24	2	189.87999999999997	145.11999999999998
490	25	2	189.72916666666669	190.02083333333326
490	26	1	25.339999999999993	150.2349999999999
490	27	1	134.36499999999995	161.5349999999999
490	28	1	158.64499999999995	180.16999999999993
490	29	1	193.66	121.55000000000004
490	30	1	49.879999999999995	1.7099999999999995
490	31	1	140.95499999999998	179.6200000000001
490	32	1	95.46766169154228	113.15422885572136
490	33	1	139.23499999999999	86.33500000000001
490	34	1	166.78391959798995	43.38190954773868
490	35	1	70.99000000000001	150.33499999999995
490	36	1	125.96500000000002	77.89000000000003
490	37	1	199.71859296482413	193.36180904522612
490	38	1	199.16	174.15999999999994
490	39	1	120.66999999999999	89.29000000000002
490	40	1	160.35000000000002	4.729999999999999
490	41	1	168.62499999999994	57.35
490	42	1	41.124378109452714	180.44776119402988
490	43	1	50.37499999999999	30.919999999999987
490	44	1	135.71	109.71999999999998
490	45	1	125.85572139303481	2.2139303482587067
490	46	1	124.17000000000003	174.07499999999993
490	47	1	0.9250000000000009	76.73000000000002
490	48	1	122.66500000000003	48.045
490	49	1	162.07	189.5200000000001
490	50	1	101.70351758793966	69.2060301507538
490	51	1	23.985000000000007	114.8
490	52	1	40.834999999999994	89.045
490	53	1	139.4000000000001	72.11499999999998
490	54	1	66.48	53.449999999999996
490	55	1	116.91999999999994	135.44999999999996
490	56	1	32.43	198.01
490	57	1	74.33000000000001	165.01999999999998
490	58	1	76.765	52.235000000000035
490	59	1	170.80999999999997	91.995
490	60	1	155.69999999999996	36.914999999999985
490	61	1	0.21999999999999983	106.96000000000001
490	62	1	26.529999999999983	27.034999999999993
490	63	1	94.96000000000001	36.01999999999997
490	64	1	110.83500000000002	178.34
490	65	1	84.73000000000002	79.13999999999999
490	66	1	78.69000000000003	93.58999999999997
490	67	1	84.21999999999998	19.985000000000007
490	68	1	179.28358208955225	54.28358208955223
490	69	1	184.62499999999991	163.47000000000003
490	70	1	85.71000000000002	185.59499999999989
490	71	1	128.34328358208958	99.2636815920398
490	72	1	24.385	100.29500000000004
490	73	1	97.07035175879399	126.44221105527645
490	74	1	113.67999999999998	39.269999999999996
490	75	1	56.316831683168346	173.45544554455438
490	76	1	18.925000000000004	131.42499999999998
490	77	1	172.79999999999993	111.07
490	78	1	112.69500000000005	158.81499999999994
490	79	1	144.9499999999999	166.46499999999983
490	80	1	48.95979899497489	119.20100502512565
490	81	1	130.72	62.43499999999996
490	82	1	73.22499999999997	70.53499999999998
490	83	1	63.810000000000024	136.33499999999998
490	84	1	102.06000000000003	162.38000000000008
490	85	1	59.29500000000004	162.53999999999988
490	86	1	109.70999999999997	124.78000000000002
490	87	1	58.375000000000014	65.66499999999998
490	88	1	13.440000000000008	84.44500000000001
490	89	1	79.26999999999992	35.39999999999999
490	90	1	13.935000000000002	29.34
490	91	1	82.22499999999998	146.61999999999992
490	92	1	158.64676616915415	138.179104477612
490	93	1	88.14213197969536	141.46192893401007
490	94	1	129.59203980099502	187.86567164179104
490	95	1	25.24	164.17499999999998
490	96	1	64.78999999999999	36.24499999999999
490	97	1	127.72999999999999	123.09499999999996
490	98	1	54.50251256281406	197.72864321608054
490	99	1	40.27638190954773	75.40703517587943
490	100	1	7.735000000000004	115.82499999999993
490	101	1	115.84	192.34500000000006
490	102	1	197.35	87.64999999999999
490	103	1	118.43216080402011	57.17587939698493
490	104	1	85.06030150753767	6.51758793969849
490	105	1	31.96500000000001	123.635
490	106	1	164.365	101.28000000000009
490	107	1	106.15000000000002	89.97000000000004
490	108	1	15.758793969849247	11.814070351758788
490	109	1	26.532338308457714	78.07462686567165
490	110	1	127.92499999999998	14.74
490	111	1	180.47	84.57999999999993
490	112	1	90.34000000000007	67.615
490	113	1	8.676616915422889	128.53233830845775
490	114	1	88.51999999999997	162.30500000000004
490	115	1	85.05499999999998	102.56500000000004
490	116	1	104.16499999999998	26.800000000000004
490	117	1	27.39195979899499	39.68844221105528
490	118	1	183.21999999999994	71.34999999999997
490	119	1	123.19500000000002	159.33000000000004
490	120	1	110.02487562189057	105.2636815920398
490	121	1	95.48499999999996	174.36499999999995
490	122	1	113.16500000000002	64.61999999999996
490	123	1	85.03499999999998	122.32999999999998
490	124	1	49.88999999999999	41.76500000000003
490	125	1	35.61194029850745	168.83084577114434
490	126	1	124.70500000000004	143.69500000000002
490	127	1	40.845000000000006	107.74499999999998
490	128	1	154.90499999999997	20.569999999999993
490	129	1	76.36500000000001	198.795
490	130	1	86.44000000000003	51.43999999999998
490	131	1	175.00499999999997	170.6299999999999
490	132	1	54.175000000000004	88.44500000000001
490	133	1	165.84	120.43500000000006
490	134	1	39.658291457286445	20.798994974874358
490	135	1	54.57499999999999	74.92000000000003
490	136	1	119.58999999999996	112.47500000000001
490	137	1	9.185000000000004	39.730000000000025
490	138	1	36.56281407035175	63.703517587939665
490	139	1	42.492462311557794	16.90452261306532
490	140	1	103.94500000000002	80.09999999999998
490	141	1	159.37999999999994	169.06500000000003
490	142	1	144.65000000000003	0.685
490	143	1	27.07035175879397	12.894472361809049
490	144	1	30.45500000000001	93.44999999999997
490	145	1	70.82000000000002	85.19500000000001
500	1	2	9.691489361702128	9.691489361702128
500	2	2	10.120000000000005	54.88
500	3	2	10.126315789473686	99.6105263157895
500	4	2	9.870000000000005	144.93999999999997
500	5	2	10.000000000000002	189.99999999999997
500	6	2	55.020833333333336	10.270833333333334
500	7	2	54.72916666666666	54.729166666666664
500	8	2	55.12000000000002	99.88
500	9	2	54.87999999999998	144.88
500	10	2	55.000000000000014	190
500	11	2	100.13999999999999	9.940000000000003
500	12	2	100.25555555555555	54.45555555555557
500	13	2	99.72916666666669	100.02083333333333
500	14	2	99.96907216494847	145.30927835051548
500	15	2	99.54945054945055	190.1868131868132
500	16	2	144.72916666666669	10.27083333333333
500	17	2	144.7835051546392	55.309278350515456
500	18	2	145.1199999999999	100.12000000000003
500	19	2	144.87999999999997	144.88
500	20	2	144.71428571428572	190.74725274725276
500	21	2	190.0299999999999	10.13
500	22	2	190.38947368421051	54.87368421052632
500	23	2	189.99999999999994	100.50000000000001
500	24	2	189.87999999999997	145.11999999999998
500	25	2	189.72916666666669	190.02083333333326
500	26	1	25.4	150.21999999999989
500	27	1	134.40499999999997	161.44000000000003
500	28	1	158.83499999999998	180.1250000000001
500	29	1	193.68	121.37500000000001
500	30	1	49.909547738693455	1.723618090452261
500	31	1	141.04999999999993	179.77999999999994
500	32	1	95.48000000000003	113.30499999999999
500	33	1	139.60999999999987	86.66500000000002
500	34	1	166.81499999999997	43.41
500	35	1	71	150.7299999999999
500	36	1	126.05500000000002	77.97000000000001
500	37	1	199.54	193.34
500	38	1	199.21	174.875
500	39	1	120.78	89.18000000000008
500	40	1	160.08999999999997	4.675000000000002
500	41	1	168.84	57.665000000000006
500	42	1	40.736318407960226	180.77611940298502
500	43	1	50.24499999999998	30.995000000000015
500	44	1	135.79	109.395
500	45	1	125.40999999999998	2.5050000000000012
500	46	1	124.19500000000004	174.05500000000004
500	47	1	0.8159203980099479	76.6567164179105
500	48	1	122.57711442786064	47.91044776119405
500	49	1	162.07999999999998	189.47499999999997
500	50	1	101.71500000000003	69.18999999999998
500	51	1	23.780000000000012	114.86999999999999
500	52	1	40.950000000000024	89.00999999999998
500	53	1	139.545	72.44000000000004
500	54	1	66.56500000000008	53.690000000000026
500	55	1	117.07035175879399	135.4773869346733
500	56	1	32.49	197.785
500	57	1	74.47263681592044	165.13432835820902
500	58	1	76.72999999999996	52.18999999999999
500	59	1	171.39500000000012	91.98500000000001
500	60	1	155.88499999999993	36.54499999999997
500	61	1	0.28500000000000053	106.955
500	62	1	26.509999999999994	26.900000000000016
500	63	1	95.325	35.760000000000026
500	64	1	110.90547263681593	178.33333333333337
500	65	1	84.78999999999999	79.24000000000004
500	66	1	78.87500000000003	93.44499999999994
500	67	1	84.24500000000002	19.844999999999988
500	68	1	179.11	54.05499999999997
500	69	1	184.66499999999982	163.78500000000005
500	70	1	85.69499999999996	185.74000000000007
500	71	1	128.42288557213928	99.20398009950247
500	72	1	24.325000000000014	100.21999999999994
500	73	1	97.28999999999999	126.49499999999998
500	74	1	113.56000000000003	39.194999999999986
500	75	1	56.160000000000025	173.55999999999995
500	76	1	19.040000000000013	131.77000000000004
500	77	1	172.95999999999995	111.30000000000001
500	78	1	112.65000000000002	158.625
500	79	1	144.49999999999994	166.75500000000002
500	80	1	49.125000000000014	119.06499999999996
500	81	1	130.705	62.63499999999997
500	82	1	73.25999999999999	70.45999999999994
500	83	1	63.78000000000001	136.31000000000003
500	84	1	102.10000000000001	162.54
500	85	1	59.160000000000004	162.74000000000007
500	86	1	109.81000000000004	124.94999999999999
500	87	1	58.04999999999998	65.68
500	88	1	13.264999999999997	84.54500000000003
500	89	1	79.54228855721391	35.23880597014923
500	90	1	13.884999999999998	29.315000000000005
500	91	1	82.235	146.5349999999999
500	92	1	159.13499999999993	137.53499999999988
500	93	1	88.14213197969536	141.46192893401007
500	94	1	129.33999999999992	187.955
500	95	1	25.23	164.06500000000003
500	96	1	64.79499999999999	36.440000000000005
500	97	1	127.81	123.10000000000002
500	98	1	54.449999999999996	197.73500000000007
500	99	1	40.20000000000002	75.49499999999999
500	100	1	7.760000000000002	115.81500000000001
500	101	1	115.69000000000003	192.66499999999994
500	102	1	197.49	87.75000000000007
500	103	1	118.43216080402011	57.17587939698493
500	104	1	85.03999999999999	6.455000000000001
500	105	1	31.79999999999999	123.51500000000004
500	106	1	164.44000000000005	101.29499999999997
500	107	1	106.165	89.96499999999999
500	108	1	15.758793969849247	11.814070351758788
500	109	1	26.249999999999993	78.11500000000002
500	110	1	128.06999999999996	14.150000000000002
500	111	1	179.63681592039796	84.08457711442786
500	112	1	90.24000000000004	67.695
500	113	1	8.540000000000003	128.53499999999994
500	114	1	88.66500000000002	162.35500000000002
500	115	1	85.15499999999999	102.72000000000001
500	116	1	103.72999999999998	26.65
500	117	1	27.114999999999995	39.835
500	118	1	183.19000000000005	71.38499999999999
500	119	1	123.3	159.3250000000001
500	120	1	110.44499999999998	105.06500000000004
500	121	1	95.41500000000003	174.44999999999985
500	122	1	113.22499999999997	64.62000000000003
500	123	1	85.07500000000003	122.37499999999999
500	124	1	49.615	41.71000000000002
500	125	1	35.505	169.03499999999988
500	126	1	124.8	143.79500000000007
500	127	1	40.49	108.00500000000005
500	128	1	155.02499999999995	20.820000000000007
500	129	1	76.25500000000001	198.87000000000003
500	130	1	86.455	51.34500000000002
500	131	1	174.89000000000001	170.76999999999992
500	132	1	54.42500000000002	88.42000000000003
500	133	1	165.73000000000005	120.36499999999995
500	134	1	39.658291457286445	20.798994974874358
500	135	1	54.643216080402006	74.97989949748744
500	136	1	119.55721393034831	112.52736318407963
500	137	1	9.339999999999996	39.73499999999999
500	138	1	36.404999999999994	63.91000000000002
500	139	1	42.41206030150753	16.90452261306532
500	140	1	103.98492462311555	80.12562814070355
500	141	1	159.14999999999998	168.97
500	142	1	144.54773869346738	0.6934673366834173
500	143	1	27.074999999999985	12.620000000000001
500	144	1	30.457711442786085	93.35820895522386
500	145	1	70.83	85.19999999999999
510	1	2	9.691489361702128	9.691489361702128
510	2	2	10.120000000000005	54.88
510	3	2	10.126315789473686	99.6105263157895
510	4	2	9.870000000000005	144.93999999999997
510	5	2	10.000000000000002	189.99999999999997
510	6	2	55.020833333333336	10.270833333333334
510	7	2	54.72916666666666	54.729166666666664
510	8	2	55.12000000000002	99.88
510	9	2	54.87999999999998	144.88
510	10	2	55.000000000000014	190
510	11	2	100.13999999999999	9.940000000000003
510	12	2	100.25555555555555	54.45555555555557
510	13	2	99.72916666666669	100.02083333333333
510	14	2	99.96907216494847	145.30927835051548
510	15	2	99.54945054945055	190.1868131868132
510	16	2	144.72916666666669	10.27083333333333
510	17	2	144.7835051546392	55.309278350515456
510	18	2	145.1199999999999	100.12000000000003
510	19	2	144.87999999999997	144.88
510	20	2	144.71428571428572	190.74725274725276
510	21	2	190.0299999999999	10.13
510	22	2	190.38947368421051	54.87368421052632
510	23	2	189.99999999999994	100.50000000000001
510	24	2	189.87999999999997	145.11999999999998
510	25	2	189.72916666666669	190.02083333333326
510	26	1	25.33999999999998	150.21500000000006
510	27	1	134.4000000000001	161.00500000000002
510	28	1	158.71000000000006	180.03499999999985
510	29	1	193.755	121.17000000000003
510	30	1	49.96499999999999	1.7
510	31	1	141.26500000000004	179.8000000000001
510	32	1	95.425	113.25999999999998
510	33	1	140.21999999999994	86.87499999999999
510	34	1	166.97	43.44000000000002
510	35	1	71.00499999999997	150.55499999999984
510	36	1	126.00000000000003	78.18500000000004
510	37	1	199.44723618090453	193.4070351758794
510	38	1	199.06	175.3
510	39	1	120.77499999999998	89.16500000000003
510	40	1	160.01507537688443	4.7587939698492425
510	41	1	168.8499999999999	57.76499999999999
510	42	1	40.565	181.29499999999993
510	43	1	50.44499999999997	31.104999999999986
510	44	1	135.70999999999995	109.25499999999997
510	45	1	125.20000000000009	2.45
510	46	1	124.18500000000003	174.12499999999994
510	47	1	0.6399999999999995	76.64999999999998
510	48	1	122.40298507462681	47.98009950248756
510	49	1	162.06500000000003	189.5199999999998
510	50	1	101.72999999999998	68.89500000000005
510	51	1	23.84500000000001	114.83000000000003
510	52	1	41.00000000000003	89.12999999999995
510	53	1	139.452736318408	72.905472636816
510	54	1	66.44499999999998	53.62
510	55	1	117.08000000000004	135.52
510	56	1	32.44500000000003	197.775
510	57	1	74.46499999999999	165.20499999999998
510	58	1	76.745	52.105
510	59	1	172.36499999999998	92.05999999999999
510	60	1	156.11500000000007	36.43000000000002
510	61	1	0.1049999999999992	106.73000000000002
510	62	1	26.450000000000003	26.895000000000014
510	63	1	95.45273631840799	35.995024875621894
510	64	1	110.87999999999995	178.44000000000003
510	65	1	84.69000000000003	79.18000000000004
510	66	1	78.75500000000001	93.52499999999999
510	67	1	84.22	20.134999999999984
510	68	1	179.2049999999999	54.17
510	69	1	184.69000000000003	164.00500000000002
510	70	1	85.66499999999996	185.70499999999998
510	71	1	128.9195979899497	98.97989949748742
510	72	1	24.44500000000001	100.28999999999999
510	73	1	97.44000000000001	126.46500000000003
510	74	1	113.60000000000005	39.04499999999999
510	75	1	55.800000000000004	173.78500000000003
510	76	1	19.105	131.78000000000006
510	77	1	173.68844221105522	111.73869346733663
510	78	1	112.66500000000005	158.54999999999987
510	79	1	143.92499999999993	167.12500000000006
510	80	1	48.94000000000001	119.14
510	81	1	130.7064676616915	62.835820895522396
510	82	1	73.285	70.25000000000001
510	83	1	63.804999999999986	136.32500000000002
510	84	1	102.23499999999996	162.5900000000001
510	85	1	59.56	162.64
510	86	1	109.70499999999998	125.28
510	87	1	57.98994974874368	65.62814070351762
510	88	1	13.179999999999996	84.60499999999999
510	89	1	79.44999999999997	35.009999999999984
510	90	1	13.805000000000009	29.304999999999996
510	91	1	82.16499999999995	146.565
510	92	1	159.15499999999994	137.63
510	93	1	88.14213197969536	141.46192893401007
510	94	1	129.26999999999998	188.19499999999994
510	95	1	25.245000000000008	164.17000000000002
510	96	1	64.95500000000001	36.345000000000006
510	97	1	127.60696517412939	122.91542288557214
510	98	1	54.449999999999996	197.73500000000007
510	99	1	40.10500000000002	75.515
510	100	1	7.915	115.62500000000001
510	101	1	115.24999999999997	192.73499999999993
510	102	1	197.61691542288557	87.87064676616914
510	103	1	118.43216080402011	57.17587939698493
510	104	1	85.15999999999997	6.645000000000004
510	105	1	31.651741293532332	123.80597014925374
510	106	1	164.50746268656712	101.72139303482587
510	107	1	106.29499999999996	90.04499999999999
510	108	1	15.758793969849247	11.814070351758788
510	109	1	26.084577114427866	78.31840796019902
510	110	1	128.07500000000005	13.875000000000007
510	111	1	178.85929648241213	83.86934673366828
510	112	1	90.13065326633168	67.91959798994971
510	113	1	8.55	128.42500000000007
510	114	1	88.87	162.19000000000003
510	115	1	85.31500000000001	102.52500000000003
510	116	1	102.82412060301505	26.738693467336674
510	117	1	27.50251256281406	40.01005025125629
510	118	1	183.23999999999995	71.49000000000004
510	119	1	123.30499999999999	159.43500000000003
510	120	1	110.67661691542291	105.09950248756219
510	121	1	95.295	174.36000000000007
510	122	1	113.20999999999998	64.55999999999999
510	123	1	85.13499999999992	122.55
510	124	1	49.59499999999998	41.725000000000016
510	125	1	35.50500000000002	169.23499999999993
510	126	1	124.61500000000002	143.91499999999996
510	127	1	40.47500000000001	108.08500000000005
510	128	1	154.99999999999991	20.86500000000002
510	129	1	76.285	198.98000000000005
510	130	1	86.46999999999997	51.100000000000016
510	131	1	174.645	170.885
510	132	1	54.480000000000004	88.15999999999998
510	133	1	165.68499999999997	120.12499999999999
510	134	1	39.658291457286445	20.798994974874358
510	135	1	54.699999999999996	74.92499999999998
510	136	1	119.335	112.41499999999995
510	137	1	9.860696517412933	39.751243781094516
510	138	1	36.25999999999999	63.87999999999999
510	139	1	42.452261306532655	16.944723618090464
510	140	1	104.02999999999996	79.99499999999999
510	141	1	158.99499999999992	168.9
510	142	1	144.42713567839198	0.6783919597989947
510	143	1	27.115000000000002	12.64
510	144	1	30.565	93.46499999999992
510	145	1	70.93500000000004	85.185
520	1	2	9.691489361702128	9.691489361702128
520	2	2	10.120000000000005	54.88
520	3	2	10.126315789473686	99.6105263157895
520	4	2	9.870000000000005	144.93999999999997
520	5	2	10.000000000000002	189.99999999999997
520	6	2	55.020833333333336	10.270833333333334
520	7	2	54.72916666666666	54.729166666666664
520	8	2	55.12000000000002	99.88
520	9	2	54.87999999999998	144.88
520	10	2	55.000000000000014	190
520	11	2	100.13999999999999	9.940000000000003
520	12	2	100.25555555555555	54.45555555555557
520	13	2	99.72916666666669	100.02083333333333
520	14	2	99.96907216494847	145.30927835051548
520	15	2	99.54945054945055	190.1868131868132
520	16	2	144.72916666666669	10.27083333333333
520	17	2	144.7835051546392	55.309278350515456
520	18	2	145.1199999999999	100.12000000000003
520	19	2	144.87999999999997	144.88
520	20	2	144.71428571428572	190.74725274725276
520	21	2	190.0299999999999	10.13
520	22	2	190.38947368421051	54.87368421052632
520	23	2	189.99999999999994	100.50000000000001
520	24	2	189.87999999999997	145.11999999999998
520	25	2	189.72916666666669	190.02083333333326
520	26	1	25.434999999999988	150.48000000000002
520	27	1	134.37185929648246	160.6934673366834
520	28	1	158.64824120603018	179.83417085427135
520	29	1	193.875	121.36500000000001
520	30	1	49.909547738693455	1.723618090452261
520	31	1	141.23618090452257	179.79396984924617
520	32	1	95.77	113.25999999999999
520	33	1	140.5349999999999	87.39000000000006
520	34	1	167.005	43.51000000000002
520	35	1	71.09000000000005	150.27
520	36	1	125.79000000000005	78.20999999999998
520	37	1	199.415	193.185
520	38	1	199.005	175.39000000000001
520	39	1	120.88	89.06499999999997
520	40	1	160.01999999999995	4.870000000000002
520	41	1	169.12562814070344	57.854271356783904
520	42	1	40.875	181.13500000000002
520	43	1	50.839999999999996	31.049999999999997
520	44	1	135.7700000000002	109.16
520	45	1	125.35175879396982	1.9195979899497475
520	46	1	123.63316582914575	174.321608040201
520	47	1	0.6299999999999983	76.85000000000004
520	48	1	122.44278606965172	47.97014925373134
520	49	1	161.71500000000006	189.72000000000006
520	50	1	101.78000000000004	68.75499999999995
520	51	1	23.414999999999996	115.09000000000003
520	52	1	41.08500000000001	89.20000000000003
520	53	1	139.33	73.21499999999996
520	54	1	66.43499999999995	54.12000000000001
520	55	1	117.00999999999998	135.365
520	56	1	32.440000000000005	197.835
520	57	1	74.73000000000002	164.86999999999992
520	58	1	76.48258706467662	51.731343283582085
520	59	1	173.14	92.20999999999992
520	60	1	156.636815920398	36.15920398009949
520	61	1	199.845	106.93500000000002
520	62	1	26.28500000000001	26.86
520	63	1	95.8844221105528	36.08542713567841
520	64	1	110.78500000000001	178.64999999999986
520	65	1	84.85000000000001	79.62000000000002
520	66	1	78.8706467661692	93.46268656716414
520	67	1	84.15499999999994	20.025000000000013
520	68	1	179.18592964824114	54.025125628140685
520	69	1	184.48500000000007	164.1450000000001
520	70	1	85.78499999999994	185.69000000000005
520	71	1	129.03500000000003	98.80499999999999
520	72	1	24.550000000000008	100.31
520	73	1	97.25999999999996	126.64999999999995
520	74	1	113.68999999999997	39.00999999999998
520	75	1	55.85500000000002	173.90500000000003
520	76	1	19.065000000000012	131.9000000000001
520	77	1	174.41708542713562	111.86432160804011
520	78	1	112.73	158.20999999999995
520	79	1	143.33668341708545	167.36683417085422
520	80	1	49.004999999999995	118.945
520	81	1	130.65500000000006	62.88499999999999
520	82	1	73.39499999999997	70.22499999999998
520	83	1	63.785	136.06500000000008
520	84	1	102.26499999999997	162.70499999999998
520	85	1	59.616915422885576	162.63184079602001
520	86	1	109.56500000000003	124.94000000000001
520	87	1	57.7537688442211	65.72361809045226
520	88	1	13.380000000000008	84.74500000000003
520	89	1	79.53499999999997	34.92499999999999
520	90	1	13.475000000000005	29.314999999999994
520	91	1	82.15999999999997	146.565
520	92	1	159.4800000000001	137.24
520	93	1	88.14213197969536	141.46192893401007
520	94	1	129.47	188.17500000000004
520	95	1	25.045	164.2999999999999
520	96	1	65.04522613065326	36.49246231155783
520	97	1	127.3781094527363	122.80099502487559
520	98	1	54.449999999999996	197.73500000000007
520	99	1	40.19	75.635
520	100	1	8.205	115.25999999999999
520	101	1	115.30000000000005	193.42
520	102	1	197.775	88.02999999999996
520	103	1	118.43216080402011	57.17587939698493
520	104	1	85.28999999999999	6.6000000000000005
520	105	1	31.974999999999984	123.24499999999998
520	106	1	164.40499999999992	101.67999999999996
520	107	1	106.4170854271356	89.99497487437185
520	108	1	15.758793969849247	11.814070351758788
520	109	1	26.305000000000007	78.495
520	110	1	127.99499999999993	13.890000000000002
520	111	1	178.72000000000003	83.72499999999995
520	112	1	90.04499999999997	67.99500000000005
520	113	1	8.489999999999998	128.38000000000005
520	114	1	88.82999999999998	162.34500000000008
520	115	1	85.17000000000003	102.76500000000001
520	116	1	102.09452736318403	26.726368159203986
520	117	1	28.335	39.925000000000026
520	118	1	183.3599999999999	71.46
520	119	1	123.29499999999999	159.67999999999995
520	120	1	110.875	104.71999999999997
520	121	1	95.33333333333337	174.54726368159203
520	122	1	113.18592964824118	64.51256281407031
520	123	1	85.15	122.39000000000001
520	124	1	49.42000000000002	41.88500000000002
520	125	1	35.427135678391956	169.30150753768856
520	126	1	124.52500000000003	143.97999999999993
520	127	1	40.56	108.16499999999995
520	128	1	155.1100000000001	20.860000000000007
520	129	1	76.44776119402982	198.98507462686575
520	130	1	86.28499999999995	51.11999999999998
520	131	1	174.6	171.2
520	132	1	54.76499999999999	88.15500000000006
520	133	1	165.92039800995016	119.5024875621891
520	134	1	39.658291457286445	20.798994974874358
520	135	1	54.705000000000005	74.92000000000007
520	136	1	119.305	112.40999999999997
520	137	1	10.609999999999994	39.67499999999998
520	138	1	35.96000000000001	63.98499999999999
520	139	1	42.485	16.984999999999996
520	140	1	103.68000000000004	79.96500000000002
520	141	1	158.5671641791045	168.90049751243785
520	142	1	144.47236180904517	0.723618090452261
520	143	1	27.059999999999995	12.625000000000004
520	144	1	30.775	93.72500000000005
520	145	1	70.82	85.24
530	1	2	9.691489361702128	9.691489361702128
530	2	2	10.120000000000005	54.88
530	3	2	10.126315789473686	99.6105263157895
530	4	2	9.870000000000005	144.93999999999997
530	5	2	10.000000000000002	189.99999999999997
530	6	2	55.020833333333336	10.270833333333334
530	7	2	54.72916666666666	54.729166666666664
530	8	2	55.12000000000002	99.88
530	9	2	54.87999999999998	144.88
530	10	2	55.000000000000014	190
530	11	2	100.13999999999999	9.940000000000003
530	12	2	100.25555555555555	54.45555555555557
530	13	2	99.72916666666669	100.02083333333333
530	14	2	99.96907216494847	145.30927835051548
530	15	2	99.54945054945055	190.1868131868132
530	16	2	144.72916666666669	10.27083333333333
530	17	2	144.7835051546392	55.309278350515456
530	18	2	145.1199999999999	100.12000000000003
530	19	2	144.87999999999997	144.88
530	20	2	144.71428571428572	190.74725274725276
530	21	2	190.0299999999999	10.13
530	22	2	190.38947368421051	54.87368421052632
530	23	2	189.99999999999994	100.50000000000001
530	24	2	189.87999999999997	145.11999999999998
530	25	2	189.72916666666669	190.02083333333326
530	26	1	25.49999999999999	150.50999999999993
530	27	1	134.1741293532338	160.06467661691545
530	28	1	158.88	179.6149999999998
530	29	1	193.615	121.25500000000005
530	30	1	49.96499999999999	1.7
530	31	1	140.95477386934675	179.90954773869348
530	32	1	95.83000000000001	113.39500000000001
530	33	1	140.96019900497515	87.67164179104478
530	34	1	166.56218905472633	43.6268656716418
530	35	1	71.04500000000003	150.36499999999992
530	36	1	125.875	78.22000000000006
530	37	1	199.35	193.105
530	38	1	198.95	175.25500000000008
530	39	1	121.01507537688441	89.09045226130655
530	40	1	160.0249999999999	5.045000000000001
530	41	1	169.0949999999999	57.829999999999984
530	42	1	40.758793969849236	181.38693467336682
530	43	1	50.974999999999966	31.144999999999992
530	44	1	135.43999999999994	109.15999999999998
530	45	1	125.16417910447758	1.2537313432835826
530	46	1	123.26865671641791	174.40796019900492
530	47	1	0.38499999999999907	76.82499999999997
530	48	1	122.46499999999999	48.04000000000002
530	49	1	161.71499999999986	189.845
530	50	1	101.7	68.76999999999997
530	51	1	23.19095477386936	115.33668341708548
530	52	1	41.09500000000003	89.30000000000001
530	53	1	139.86499999999995	74.11500000000001
530	54	1	66.36000000000004	54.41000000000003
530	55	1	116.91499999999998	135.1199999999999
530	56	1	32.379999999999995	197.88
530	57	1	74.71499999999997	164.85000000000016
530	58	1	76.15500000000004	51.44
530	59	1	173.67499999999998	92.10999999999999
530	60	1	157.45999999999995	35.39999999999998
530	61	1	199.61	106.77500000000002
530	62	1	26.06500000000001	26.81499999999999
530	63	1	95.98000000000002	36.175
530	64	1	110.78999999999998	179.47000000000003
530	65	1	84.70000000000002	79.39999999999998
530	66	1	78.70500000000003	93.49499999999999
530	67	1	84.09999999999998	20.02000000000002
530	68	1	179.23500000000004	54
530	69	1	184.17000000000007	164.785
530	70	1	85.935	185.68499999999995
530	71	1	129.13000000000008	98.74000000000008
530	72	1	24.509999999999994	100.27999999999999
530	73	1	97.07500000000003	126.91499999999992
530	74	1	113.53	38.98
530	75	1	55.44776119402983	173.9601990049752
530	76	1	19.16582914572865	132.01507537688445
530	77	1	175.895	112.84000000000002
530	78	1	112.76500000000004	158.155
530	79	1	143.06999999999994	167.505
530	80	1	49.004999999999995	118.95500000000003
530	81	1	130.67999999999995	63.05999999999995
530	82	1	73.56999999999998	70.03
530	83	1	63.909999999999975	136.11000000000004
530	84	1	102.43500000000003	162.89
530	85	1	59.53500000000002	162.75500000000005
530	86	1	109.54000000000002	124.93
530	87	1	57.713567839196	65.6331658291458
530	88	1	13.41	84.615
530	89	1	79.74499999999998	35.01
530	90	1	13.335000000000006	29.350000000000012
530	91	1	82.17499999999997	146.59999999999997
530	92	1	159.8407960199005	136.63184079601984
530	93	1	88.14213197969536	141.46192893401007
530	94	1	129.51000000000002	188.3600000000001
530	95	1	25.125000000000007	164.2100000000001
530	96	1	65.21000000000002	36.57499999999998
530	97	1	127.73	122.67999999999996
530	98	1	54.371859296482405	197.69849246231163
530	99	1	40.430000000000014	75.76499999999994
530	100	1	7.959798994974874	115.41206030150751
530	101	1	114.94499999999995	194.385
530	102	1	198.015	88.255
530	103	1	118.43216080402011	57.17587939698493
530	104	1	85.24000000000001	6.605000000000003
530	105	1	32.02487562189054	122.77114427860695
530	106	1	164.7849999999999	101.68000000000002
530	107	1	106.56999999999998	89.81500000000005
530	108	1	15.758793969849247	11.814070351758788
530	109	1	26.505000000000017	78.46500000000006
530	110	1	127.44723618090455	13.371859296482407
530	111	1	178.3065326633166	83.47236180904524
530	112	1	89.99999999999999	67.80999999999997
530	113	1	8.355000000000004	128.21499999999992
530	114	1	88.62999999999997	162.38500000000005
530	115	1	85.21499999999997	102.76500000000004
530	116	1	101.30150753768842	26.7638190954774
530	117	1	28.854999999999997	39.755
530	118	1	183.56500000000005	71.625
530	119	1	123.32999999999998	159.87500000000017
530	120	1	110.92499999999995	104.685
530	121	1	95.46499999999997	174.46499999999997
530	122	1	113.19999999999996	64.475
530	123	1	85.08	122.445
530	124	1	49.39500000000001	41.99499999999999
530	125	1	35.58208955223883	169.01990049751245
530	126	1	124.33999999999999	143.86
530	127	1	40.735000000000014	108.23499999999994
530	128	1	155.13	20.955000000000005
530	129	1	76.50999999999998	199.0749999999999
530	130	1	86.43500000000002	50.974999999999994
530	131	1	174.41999999999993	171.45999999999995
530	132	1	54.91499999999997	88.01999999999995
530	133	1	166.06999999999996	118.755
530	134	1	39.658291457286445	20.798994974874358
530	135	1	54.81499999999998	74.87999999999997
530	136	1	119.16000000000005	112.41
530	137	1	10.859999999999998	39.74500000000001
530	138	1	35.611940298507456	64.18905472636817
530	139	1	42.59500000000001	17.09
530	140	1	103.59500000000003	79.99499999999999
530	141	1	158.03015075376877	168.92964824120597
530	142	1	144.47738693467326	0.7236180904522621
530	143	1	27.115	12.719999999999999
530	144	1	30.720000000000006	93.74499999999999
530	145	1	70.82500000000003	85.23500000000006
540	1	2	9.691489361702128	9.691489361702128
540	2	2	10.120000000000005	54.88
540	3	2	10.126315789473686	99.6105263157895
540	4	2	9.870000000000005	144.93999999999997
540	5	2	10.000000000000002	189.99999999999997
540	6	2	55.020833333333336	10.270833333333334
540	7	2	54.72916666666666	54.729166666666664
540	8	2	55.12000000000002	99.88
540	9	2	54.87999999999998	144.88
540	10	2	55.000000000000014	190
540	11	2	100.13999999999999	9.940000000000003
540	12	2	100.25555555555555	54.45555555555557
540	13	2	99.72916666666669	100.02083333333333
540	14	2	99.96907216494847	145.30927835051548
540	15	2	99.54945054945055	190.1868131868132
540	16	2	144.72916666666669	10.27083333333333
540	17	2	144.7835051546392	55.309278350515456
540	18	2	145.1199999999999	100.12000000000003
540	19	2	144.87999999999997	144.88
540	20	2	144.71428571428572	190.74725274725276
540	21	2	190.0299999999999	10.13
540	22	2	190.38947368421051	54.87368421052632
540	23	2	189.99999999999994	100.50000000000001
540	24	2	189.87999999999997	145.11999999999998
540	25	2	189.72916666666669	190.02083333333326
540	26	1	25.420000000000005	150.39000000000001
540	27	1	133.98507462686564	159.79601990049744
540	28	1	158.9798994974873	179.3316582914573
540	29	1	193.625	121.23499999999996
540	30	1	49.96499999999999	1.7
540	31	1	140.72	180.18499999999997
540	32	1	96.11000000000004	113.42499999999997
540	33	1	141.08499999999992	87.67500000000004
540	34	1	165.13930348258688	44.268656716417915
540	35	1	71.14999999999998	150.27499999999995
540	36	1	125.99502487562188	78.31840796019904
540	37	1	199.425	192.925
540	38	1	198.72	175.065
540	39	1	120.71500000000002	89.28999999999996
540	40	1	160.00000000000006	4.889447236180904
540	41	1	169.2749999999999	58.03
540	42	1	40.65671641791046	181.21890547263695
540	43	1	50.98999999999998	31.19500000000001
540	44	1	135.23999999999998	109.27499999999999
540	45	1	125.00000000000003	0.65
540	46	1	122.88500000000003	174.2300000000001
540	47	1	0.5949999999999993	76.915
540	48	1	122.51500000000009	48.10500000000001
540	49	1	161.53499999999985	189.85500000000008
540	50	1	101.81094527363179	68.81592039800996
540	51	1	22.98	115.29999999999994
540	52	1	41.18	89.44999999999996
540	53	1	140.63499999999988	74.76499999999996
540	54	1	66.495	54.875
540	55	1	116.95522388059699	135.2039800995025
540	56	1	32.370000000000005	197.885
540	57	1	74.61691542288553	164.80099502487568
540	58	1	75.92500000000011	51.34500000000003
540	59	1	173.84499999999997	91.97999999999999
540	60	1	158.83499999999984	35.030000000000015
540	61	1	199.43718592964825	106.81909547738694
540	62	1	25.884999999999998	26.74000000000001
540	63	1	95.84	36.06500000000001
540	64	1	110.69500000000004	180.32
540	65	1	84.67499999999998	79.77500000000003
540	66	1	78.53500000000004	93.58999999999999
540	67	1	84.59000000000003	19.804999999999996
540	68	1	179.08999999999997	53.78
540	69	1	183.90499999999997	165.11500000000007
540	70	1	85.90500000000003	185.73499999999987
540	71	1	129.11000000000007	98.53
540	72	1	24.5175879396985	100.27638190954774
540	73	1	96.86499999999994	127.16999999999993
540	74	1	113.47761194029854	38.96517412935321
540	75	1	55.305000000000014	174.06499999999994
540	76	1	19.239999999999995	132.32999999999998
540	77	1	177.175	113.84500000000003
540	78	1	112.91499999999998	157.9
540	79	1	142.84500000000003	167.77999999999983
540	80	1	48.71641791044776	118.82587064676618
540	81	1	130.6649999999999	63.26999999999999
540	82	1	73.905	70.03499999999998
540	83	1	63.67999999999999	135.95500000000007
540	84	1	102.55223880597012	163.03980099502485
540	85	1	59.384999999999984	162.88
540	86	1	109.44999999999999	125.19000000000001
540	87	1	57.527363184079626	65.61194029850748
540	88	1	13.53	84.90000000000003
540	89	1	79.89999999999995	34.68000000000001
540	90	1	13.400000000000006	29.550000000000008
540	91	1	82.18500000000002	146.4800000000001
540	92	1	160.49751243781103	135.71641791044783
540	93	1	88.14213197969536	141.46192893401007
540	94	1	129.25628140703517	188.3819095477387
540	95	1	24.980000000000008	164.1850000000001
540	96	1	65.26999999999998	36.824999999999996
540	97	1	127.62499999999999	122.81000000000003
540	98	1	54.482412060301534	197.76884422110555
540	99	1	40.440000000000005	75.725
540	100	1	8.410000000000004	114.98499999999999
540	101	1	114.71499999999999	195.37
540	102	1	197.835	87.97999999999998
540	103	1	118.43216080402011	57.17587939698493
540	104	1	85.23383084577117	6.512437810945273
540	105	1	31.714999999999982	122.84
540	106	1	165.00499999999997	101.44
540	107	1	106.46766169154226	89.78606965174126
540	108	1	15.758793969849247	11.814070351758788
540	109	1	26.644999999999985	78.52500000000002
540	110	1	126.88059701492546	12.800995024875617
540	111	1	178.24500000000003	83.24499999999998
540	112	1	89.95522388059705	67.89552238805972
540	113	1	7.949999999999999	128.3350000000001
540	114	1	88.70500000000004	162.26499999999984
540	115	1	85.085	102.96
540	116	1	100.99500000000002	26.794999999999987
540	117	1	29.599999999999998	39.660000000000004
540	118	1	183.64499999999995	71.61000000000003
540	119	1	123.49246231155776	160.50753768844214
540	120	1	110.99999999999997	104.78999999999998
540	121	1	95.50000000000003	174.51000000000013
540	122	1	113.30999999999997	64.38499999999999
540	123	1	85.10500000000005	122.315
540	124	1	49.55499999999999	42.12
540	125	1	35.45728643216082	168.88944723618087
540	126	1	124.42000000000002	144.0600000000001
540	127	1	40.53000000000004	108.45
540	128	1	155.25125628140697	21.221105527638187
540	129	1	76.35	198.965
540	130	1	86.32000000000001	50.54500000000001
540	131	1	174.17000000000007	171.86
540	132	1	54.96482412060302	87.96984924623118
540	133	1	166.32338308457716	117.55721393034823
540	134	1	39.658291457286445	20.798994974874358
540	135	1	55.16000000000002	75.02000000000001
540	136	1	119.07999999999998	112.43000000000005
540	137	1	11.285000000000004	40.065
540	138	1	35.26865671641791	64.39303482587067
540	139	1	42.59500000000001	17.09
540	140	1	103.61306532663319	79.93969849246231
540	141	1	157.92964824120614	168.8743718592965
540	142	1	144.38999999999996	0.7550000000000003
540	143	1	27.115	12.719999999999999
540	144	1	30.570000000000004	93.71000000000002
540	145	1	70.64499999999992	85.33999999999999
550	1	2	9.691489361702128	9.691489361702128
550	2	2	10.120000000000005	54.88
550	3	2	10.126315789473686	99.6105263157895
550	4	2	9.870000000000005	144.93999999999997
550	5	2	10.000000000000002	189.99999999999997
550	6	2	55.020833333333336	10.270833333333334
550	7	2	54.72916666666666	54.729166666666664
550	8	2	55.12000000000002	99.88
550	9	2	54.87999999999998	144.88
550	10	2	55.000000000000014	190
550	11	2	100.13999999999999	9.940000000000003
550	12	2	100.25555555555555	54.45555555555557
550	13	2	99.72916666666669	100.02083333333333
550	14	2	99.96907216494847	145.30927835051548
550	15	2	99.54945054945055	190.1868131868132
550	16	2	144.72916666666669	10.27083333333333
550	17	2	144.7835051546392	55.309278350515456
550	18	2	145.1199999999999	100.12000000000003
550	19	2	144.87999999999997	144.88
550	20	2	144.71428571428572	190.74725274725276
550	21	2	190.0299999999999	10.13
550	22	2	190.38947368421051	54.87368421052632
550	23	2	189.99999999999994	100.50000000000001
550	24	2	189.87999999999997	145.11999999999998
550	25	2	189.72916666666669	190.02083333333326
550	26	1	25.30999999999999	150.25500000000014
550	27	1	134.18000000000004	159.92499999999998
550	28	1	159.11999999999992	179.3199999999999
550	29	1	193.715	121.34
550	30	1	49.909547738693455	1.723618090452261
550	31	1	140.64000000000007	180.17000000000002
550	32	1	95.94500000000008	113.27500000000003
550	33	1	141.07999999999998	87.47000000000004
550	34	1	164.0099502487561	44.412935323383095
550	35	1	71.01999999999997	150.28499999999997
550	36	1	126.28499999999997	78.31000000000002
550	37	1	199.52763819095478	192.96482412060303
550	38	1	198.7537688442211	175.18592964824109
550	39	1	120.65	89.32499999999997
550	40	1	159.84500000000003	5.18
550	41	1	169.22500000000005	57.84499999999999
550	42	1	40.785	181.19500000000008
550	43	1	50.81000000000003	31.50999999999999
550	44	1	135.12999999999994	109.17500000000003
550	45	1	124.82999999999998	0.31499999999999956
550	46	1	122.82089552238801	174.2238805970148
550	47	1	0.42786069651741404	77.00995024875623
550	48	1	122.71500000000006	48.35000000000001
550	49	1	161.42999999999986	189.89
550	50	1	101.70499999999998	69.03500000000001
550	51	1	22.92499999999999	115.315
550	52	1	41.04975124378109	89.68159203980102
550	53	1	141.65	75.53500000000007
550	54	1	66.33000000000001	54.87500000000001
550	55	1	117.17999999999998	135.125
550	56	1	32.41	197.81
550	57	1	74.54999999999997	164.86
550	58	1	75.76500000000003	51.40999999999998
550	59	1	173.91044776119398	92.01492537313433
550	60	1	161.31658291457285	35.02512562814072
550	61	1	199.50746268656715	106.80099502487568
550	62	1	25.98	26.85499999999999
550	63	1	95.90499999999994	36.20999999999998
550	64	1	110.65174129353233	180.49751243781094
550	65	1	84.8	80.08499999999997
550	66	1	78.775	93.48000000000002
550	67	1	85.10500000000005	19.81000000000001
550	68	1	178.9649999999999	53.780000000000015
550	69	1	183.94029850746264	165.81592039800987
550	70	1	85.97999999999995	185.63000000000008
550	71	1	129.05499999999998	98.43000000000002
550	72	1	24.595000000000002	100.24999999999999
550	73	1	96.87064676616917	127.20398009950247
550	74	1	113.48499999999997	39.10999999999999
550	75	1	55.52499999999999	174.08500000000015
550	76	1	19.507462686567166	132.4278606965173
550	77	1	177.59	114.22000000000003
550	78	1	112.96000000000002	157.54500000000004
550	79	1	142.83000000000007	167.85
550	80	1	48.71641791044774	118.86567164179102
550	81	1	130.73000000000005	63.750000000000014
550	82	1	74.11000000000001	70.13500000000005
550	83	1	63.72499999999998	136.02499999999984
550	84	1	102.39000000000001	163.0400000000001
550	85	1	59.38499999999997	162.74500000000003
550	86	1	109.50499999999997	125.13500000000005
550	87	1	57.71999999999999	65.74
550	88	1	13.230000000000006	84.79499999999999
550	89	1	79.90500000000002	34.54999999999999
550	90	1	13.278606965174127	29.393034825870636
550	91	1	82.11499999999992	146.49499999999992
550	92	1	160.68999999999994	135.2199999999999
550	93	1	88.14213197969536	141.46192893401007
550	94	1	129.1306532663316	188.31155778894464
550	95	1	25.298507462686572	164.15920398009948
550	96	1	65.39500000000004	36.89000000000002
550	97	1	127.68500000000004	122.90499999999999
550	98	1	54.449999999999996	197.73500000000007
550	99	1	40.54499999999999	76.065
550	100	1	8.454999999999998	115.02
550	101	1	114.65326633165829	195.89447236180905
550	102	1	197.56	88.04000000000006
550	103	1	118.43216080402011	57.17587939698493
550	104	1	85.03000000000003	6.444999999999998
550	105	1	31.80500000000001	122.95999999999998
550	106	1	164.54500000000004	101.37500000000004
550	107	1	106.58999999999999	89.79500000000003
550	108	1	15.758793969849247	11.814070351758788
550	109	1	26.414999999999996	78.47499999999998
550	110	1	126.17412935323385	12.004975124378106
550	111	1	178.2049999999999	83.16500000000006
550	112	1	89.93000000000006	67.76000000000002
550	113	1	8.124999999999995	128.33499999999984
550	114	1	88.54499999999999	162.20500000000004
550	115	1	85.53500000000005	102.86999999999998
550	116	1	100.9402985074627	27.01492537313433
550	117	1	29.439999999999998	39.730000000000004
550	118	1	183.6949999999999	71.45999999999994
550	119	1	123.24378109452735	161.0796019900497
550	120	1	110.96000000000001	104.965
550	121	1	95.43499999999993	174.37000000000003
550	122	1	113.34328358208951	64.72636815920403
550	123	1	85.18999999999997	122.56000000000002
550	124	1	49.660000000000004	42.28999999999998
550	125	1	35.61500000000001	169.01500000000001
550	126	1	124.62499999999999	144.31
550	127	1	40.56000000000004	108.45500000000006
550	128	1	155.40499999999992	22.115000000000006
550	129	1	76.35500000000002	199.12499999999991
550	130	1	86.065	50.709999999999965
550	131	1	173.65500000000011	171.60999999999996
550	132	1	55.049999999999976	87.98500000000001
550	133	1	166.5628140703518	116.92964824120598
550	134	1	39.658291457286445	20.798994974874358
550	135	1	55.17000000000004	75.00500000000001
550	136	1	119.05000000000001	112.55999999999996
550	137	1	11.255	40.07000000000001
550	138	1	35.63500000000001	64.56000000000003
550	139	1	42.390000000000015	17.024999999999988
550	140	1	103.65000000000002	79.99000000000004
550	141	1	157.87999999999997	168.7
550	142	1	144.46499999999997	0.8200000000000002
550	143	1	27.055000000000003	12.710000000000006
550	144	1	30.354999999999993	93.52000000000002
550	145	1	70.31499999999998	85.67499999999997
560	1	2	9.691489361702128	9.691489361702128
560	2	2	10.120000000000005	54.88
560	3	2	10.126315789473686	99.6105263157895
560	4	2	9.870000000000005	144.93999999999997
560	5	2	10.000000000000002	189.99999999999997
560	6	2	55.020833333333336	10.270833333333334
560	7	2	54.72916666666666	54.729166666666664
560	8	2	55.12000000000002	99.88
560	9	2	54.87999999999998	144.88
560	10	2	55.000000000000014	190
560	11	2	100.13999999999999	9.940000000000003
560	12	2	100.25555555555555	54.45555555555557
560	13	2	99.72916666666669	100.02083333333333
560	14	2	99.96907216494847	145.30927835051548
560	15	2	99.54945054945055	190.1868131868132
560	16	2	144.72916666666669	10.27083333333333
560	17	2	144.7835051546392	55.309278350515456
560	18	2	145.1199999999999	100.12000000000003
560	19	2	144.87999999999997	144.88
560	20	2	144.71428571428572	190.74725274725276
560	21	2	190.0299999999999	10.13
560	22	2	190.38947368421051	54.87368421052632
560	23	2	189.99999999999994	100.50000000000001
560	24	2	189.87999999999997	145.11999999999998
560	25	2	189.72916666666669	190.02083333333326
560	26	1	25.14500000000001	150.0650000000001
560	27	1	134.17999999999995	159.98000000000016
560	28	1	159.07537688442213	179.2562814070352
560	29	1	193.745	121.32000000000002
560	30	1	49.96499999999999	1.7
560	31	1	140.61500000000015	180.285
560	32	1	95.67164179104483	113.33830845771143
560	33	1	141.04000000000005	87.55499999999999
560	34	1	162.9350000000001	44.379999999999995
560	35	1	70.84924623115573	150.15075376884423
560	36	1	126.41500000000003	78.32000000000002
560	37	1	199.6	192.86
560	38	1	198.4726368159204	175.1592039800995
560	39	1	120.59499999999998	89.30999999999996
560	40	1	159.49	5.455000000000001
560	41	1	169.35999999999993	58.1
560	42	1	40.875000000000014	181.2600000000001
560	43	1	50.765000000000015	31.545000000000005
560	44	1	135.11999999999995	109.15000000000005
560	45	1	124.56783919597991	199.9145728643216
560	46	1	123.00995024875621	174.05472636815927
560	47	1	0.34499999999999936	76.99000000000002
560	48	1	122.71000000000002	48.49999999999999
560	49	1	161.62999999999985	189.905
560	50	1	101.51500000000001	69.14
560	51	1	22.99499999999998	115.09499999999996
560	52	1	41.07462686567161	89.48258706467662
560	53	1	141.69999999999996	75.72499999999997
560	54	1	66.43500000000002	54.974999999999994
560	55	1	117.13000000000002	135.24999999999991
560	56	1	32.36999999999998	197.91
560	57	1	74.36000000000003	164.8300000000001
560	58	1	75.85500000000006	51.449999999999996
560	59	1	173.905	92.02000000000004
560	60	1	163.56716417910445	34.82587064676618
560	61	1	199.48	106.73000000000002
560	62	1	26.029850746268654	26.890547263681583
560	63	1	95.72000000000003	36.06499999999997
560	64	1	110.85499999999999	180.2950000000001
560	65	1	84.55499999999999	79.88499999999998
560	66	1	79.165	93.04500000000003
560	67	1	85.31499999999998	19.909999999999993
560	68	1	178.57000000000002	53.55999999999999
560	69	1	183.48999999999998	166.53500000000003
560	70	1	86.27000000000001	185.47000000000008
560	71	1	129.03500000000003	98.40500000000002
560	72	1	24.447761194029827	100.0746268656716
560	73	1	96.84000000000006	127.27000000000002
560	74	1	113.35999999999996	39.1
560	75	1	55.51499999999999	174.09999999999997
560	76	1	19.804999999999996	132.375
560	77	1	177.7299999999999	114.455
560	78	1	112.67000000000007	157.39000000000004
560	79	1	142.9346733668341	167.97487437185939
560	80	1	48.050000000000026	118.65000000000003
560	81	1	130.67000000000004	63.809999999999974
560	82	1	73.98507462686563	70.38805970149248
560	83	1	63.710000000000015	135.83000000000004
560	84	1	102.24499999999998	163.24000000000007
560	85	1	59.27000000000001	162.84999999999997
560	86	1	109.63499999999995	125.00000000000003
560	87	1	57.72	65.73000000000005
560	88	1	13.144278606965175	84.80099502487568
560	89	1	79.56499999999996	34.70999999999997
560	90	1	13.290000000000003	29.43
560	91	1	82.02000000000002	146.55999999999995
560	92	1	160.80099502487556	134.99004975124376
560	93	1	88.14213197969536	141.46192893401007
560	94	1	128.78109452736322	188.18407960199
560	95	1	25.330000000000005	164.20500000000004
560	96	1	65.20999999999997	36.750000000000014
560	97	1	127.51499999999997	122.66499999999995
560	98	1	54.449999999999996	197.73500000000007
560	99	1	40.63500000000001	76.03
560	100	1	8.344999999999999	115.09
560	101	1	114.14500000000002	197.145
560	102	1	197.65	88.07999999999991
560	103	1	118.43216080402011	57.17587939698493
560	104	1	85.09499999999997	6.4849999999999985
560	105	1	31.76500000000002	123.05999999999996
560	106	1	164.70500000000015	101.17500000000001
560	107	1	106.57000000000006	89.63000000000002
560	108	1	15.758793969849247	11.814070351758788
560	109	1	26.430000000000003	78.52000000000008
560	110	1	125.92500000000005	11.425000000000002
560	111	1	178.39500000000007	83.21000000000002
560	112	1	89.69000000000004	67.63499999999999
560	113	1	8.25	128.29500000000002
560	114	1	88.35499999999998	162.2
560	115	1	85.39499999999997	102.765
560	116	1	101.07500000000003	27.06499999999999
560	117	1	29.544999999999998	39.78000000000002
560	118	1	183.78499999999997	71.67500000000007
560	119	1	123.08500000000006	161.24999999999997
560	120	1	110.83999999999997	104.98499999999997
560	121	1	95.64000000000006	174.455
560	122	1	113.22	64.73999999999998
560	123	1	85.16	122.77999999999996
560	124	1	49.74499999999999	42.40499999999998
560	125	1	35.51500000000001	168.66499999999985
560	126	1	124.55	144.50499999999997
560	127	1	40.57711442786068	108.17412935323385
560	128	1	155.21499999999995	23.209999999999997
560	129	1	76.56999999999998	199.20499999999998
560	130	1	86.23115577889445	50.39195979899499
560	131	1	173.14499999999992	170.93000000000015
560	132	1	55.224999999999966	87.83
560	133	1	166.73999999999998	116.89500000000002
560	134	1	39.658291457286445	20.798994974874358
560	135	1	55.425	75.05500000000004
560	136	1	118.85499999999996	112.52000000000004
560	137	1	11.230000000000004	40.07499999999999
560	138	1	35.669999999999995	64.625
560	139	1	42.43718592964823	17.065326633165828
560	140	1	103.85499999999999	79.80499999999998
560	141	1	157.80499999999995	168.69999999999996
560	142	1	144.40000000000003	0.7349999999999999
560	143	1	27.055000000000003	12.720000000000004
560	144	1	30.374999999999986	93.545
560	145	1	69.98499999999997	86.96000000000002
570	1	2	9.691489361702128	9.691489361702128
570	2	2	10.120000000000005	54.88
570	3	2	10.126315789473686	99.6105263157895
570	4	2	9.870000000000005	144.93999999999997
570	5	2	10.000000000000002	189.99999999999997
570	6	2	55.020833333333336	10.270833333333334
570	7	2	54.72916666666666	54.729166666666664
570	8	2	55.12000000000002	99.88
570	9	2	54.87999999999998	144.88
570	10	2	55.000000000000014	190
570	11	2	100.13999999999999	9.940000000000003
570	12	2	100.25555555555555	54.45555555555557
570	13	2	99.72916666666669	100.02083333333333
570	14	2	99.96907216494847	145.30927835051548
570	15	2	99.54945054945055	190.1868131868132
570	16	2	144.72916666666669	10.27083333333333
570	17	2	144.7835051546392	55.309278350515456
570	18	2	145.1199999999999	100.12000000000003
570	19	2	144.87999999999997	144.88
570	20	2	144.71428571428572	190.74725274725276
570	21	2	190.0299999999999	10.13
570	22	2	190.38947368421051	54.87368421052632
570	23	2	189.99999999999994	100.50000000000001
570	24	2	189.87999999999997	145.11999999999998
570	25	2	189.72916666666669	190.02083333333326
570	26	1	25.194999999999997	149.87500000000003
570	27	1	134.06467661691542	159.97014925373136
570	28	1	159.06000000000003	179.36499999999992
570	29	1	193.625	121.04999999999994
570	30	1	49.879999999999995	1.7099999999999995
570	31	1	140.39999999999998	180.32500000000002
570	32	1	95.68499999999999	113.23500000000004
570	33	1	140.865	87.52999999999997
570	34	1	162.34499999999997	44.06500000000002
570	35	1	70.92500000000001	150.03000000000003
570	36	1	126.42999999999992	78.30000000000001
570	37	1	199.715	192.82999999999998
570	38	1	198.285	175.07000000000002
570	39	1	120.58291457286428	89.32160804020099
570	40	1	159.3600000000001	5.4750000000000005
570	41	1	169.66499999999985	58.26499999999999
570	42	1	40.82000000000004	181.315
570	43	1	50.740000000000016	31.57
570	44	1	135.02999999999997	109.27000000000001
570	45	1	124.50251256281409	199.74371859296483
570	46	1	122.75124378109457	174.25373134328348
570	47	1	0.5300000000000005	76.94499999999998
570	48	1	122.75376884422109	48.552763819095496
570	49	1	161.595	190.03999999999994
570	50	1	101.48241206030151	69.27135678391957
570	51	1	22.885	115.07499999999997
570	52	1	41.084999999999994	89.41
570	53	1	142.02999999999994	76.07500000000002
570	54	1	66.58999999999995	55.245000000000026
570	55	1	117.21000000000004	135.18500000000003
570	56	1	32.33999999999998	197.995
570	57	1	74.19999999999997	165.0399999999999
570	58	1	75.99500000000002	51.480000000000025
570	59	1	174.0250000000001	91.97999999999999
570	60	1	164.55500000000004	34.93
570	61	1	199.5075376884422	106.73366834170858
570	62	1	26.04000000000001	26.834999999999994
570	63	1	95.53999999999998	35.99499999999999
570	64	1	110.83500000000005	180.39499999999998
570	65	1	84.42500000000004	79.78000000000002
570	66	1	79.15000000000002	92.97999999999999
570	67	1	85.315	20.045
570	68	1	178.60999999999996	53.32500000000002
570	69	1	183.2189054726369	167.16417910447765
570	70	1	86.17085427135675	185.67336683417093
570	71	1	128.89	98.48999999999998
570	72	1	24.205000000000002	100.10000000000001
570	73	1	96.72000000000001	127.35500000000006
570	74	1	113.14	39.06000000000003
570	75	1	55.68499999999999	174.14999999999998
570	76	1	19.80999999999999	132.45000000000007
570	77	1	177.75999999999996	114.41500000000003
570	78	1	112.53500000000007	157.27000000000007
570	79	1	142.8549999999999	167.93000000000004
570	80	1	47.87000000000004	118.53999999999996
570	81	1	130.64999999999995	63.99500000000003
570	82	1	73.85000000000005	70.80000000000001
570	83	1	63.605000000000004	135.6899999999999
570	84	1	102.26999999999998	163.25
570	85	1	59.39303482587064	162.70646766169156
570	86	1	109.60499999999999	124.995
570	87	1	57.84999999999998	65.63000000000001
570	88	1	13.325000000000001	84.65999999999998
570	89	1	79.08999999999999	34.544999999999995
570	90	1	13.384999999999994	29.470000000000006
570	91	1	81.99999999999994	146.54000000000005
570	92	1	160.90452261306527	134.96984924623098
570	93	1	88.14213197969536	141.46192893401007
570	94	1	128.86999999999995	188.35999999999996
570	95	1	25.264999999999997	164.40499999999992
570	96	1	65.16000000000003	37.00500000000002
570	97	1	127.38	122.76
570	98	1	54.50251256281406	197.72864321608054
570	99	1	40.410000000000025	76.04499999999996
570	100	1	8.422110552763815	115.13567839195983
570	101	1	113.90999999999997	197.85999999999999
570	102	1	197.66	87.98500000000003
570	103	1	118.43216080402011	57.17587939698493
570	104	1	85.12000000000002	6.639999999999999
570	105	1	31.64999999999999	122.73000000000005
570	106	1	164.90999999999988	101.05999999999999
570	107	1	106.53	89.59499999999993
570	108	1	15.758793969849247	11.814070351758788
570	109	1	26.1	78.23999999999998
570	110	1	125.30000000000001	11.239999999999997
570	111	1	178.76499999999996	83.14
570	112	1	89.62500000000004	67.75500000000005
570	113	1	8.069651741293532	128.41791044776116
570	114	1	88.42000000000003	161.9850000000001
570	115	1	85.63500000000006	102.35999999999999
570	116	1	101.37000000000003	27.225000000000005
570	117	1	29.740000000000006	39.80499999999999
570	118	1	184.08999999999997	71.6
570	119	1	122.88999999999997	161.41999999999993
570	120	1	110.80000000000003	105.05000000000004
570	121	1	95.53500000000003	174.33499999999998
570	122	1	113.21608040201004	64.83919597989949
570	123	1	85.14999999999995	122.555
570	124	1	50.00499999999998	42.435
570	125	1	35.38693467336684	168.8743718592963
570	126	1	124.45500000000008	144.595
570	127	1	40.525	107.91999999999999
570	128	1	155.11500000000012	23.84499999999999
570	129	1	76.48743718592972	199.36683417085433
570	130	1	86.17999999999999	50.20000000000005
570	131	1	172.88000000000008	170.50500000000005
570	132	1	55.03500000000001	87.68500000000003
570	133	1	166.80099502487553	116.90049751243781
570	134	1	39.658291457286445	20.798994974874358
570	135	1	55.51999999999998	75.01000000000002
570	136	1	118.74999999999996	112.58000000000006
570	137	1	11.371859296482421	39.93969849246234
570	138	1	35.74999999999998	64.66
570	139	1	42.567839195979886	17.140703517587944
570	140	1	103.9149999999999	79.77499999999999
570	141	1	157.605	168.8300000000001
570	142	1	144.49000000000004	0.8199999999999998
570	143	1	27.089999999999993	12.760000000000009
570	144	1	30.429999999999996	93.52499999999998
570	145	1	69.75499999999997	87.68000000000004
580	1	2	9.691489361702128	9.691489361702128
580	2	2	10.120000000000005	54.88
580	3	2	10.126315789473686	99.6105263157895
580	4	2	9.870000000000005	144.93999999999997
580	5	2	10.000000000000002	189.99999999999997
580	6	2	55.020833333333336	10.270833333333334
580	7	2	54.72916666666666	54.729166666666664
580	8	2	55.12000000000002	99.88
580	9	2	54.87999999999998	144.88
580	10	2	55.000000000000014	190
580	11	2	100.13999999999999	9.940000000000003
580	12	2	100.25555555555555	54.45555555555557
580	13	2	99.72916666666669	100.02083333333333
580	14	2	99.96907216494847	145.30927835051548
580	15	2	99.54945054945055	190.1868131868132
580	16	2	144.72916666666669	10.27083333333333
580	17	2	144.7835051546392	55.309278350515456
580	18	2	145.1199999999999	100.12000000000003
580	19	2	144.87999999999997	144.88
580	20	2	144.71428571428572	190.74725274725276
580	21	2	190.0299999999999	10.13
580	22	2	190.38947368421051	54.87368421052632
580	23	2	189.99999999999994	100.50000000000001
580	24	2	189.87999999999997	145.11999999999998
580	25	2	189.72916666666669	190.02083333333326
580	26	1	25.190000000000012	149.83500000000006
580	27	1	134.0149999999999	159.97999999999996
580	28	1	158.94500000000008	179.49500000000003
580	29	1	193.5678391959799	120.90452261306532
580	30	1	49.909547738693455	1.723618090452261
580	31	1	140.13500000000002	180.23000000000002
580	32	1	95.62499999999999	113.23500000000003
580	33	1	140.26000000000008	87.54000000000005
580	34	1	162.28643216080403	44.216080402010064
580	35	1	70.945	150.05500000000004
580	36	1	126.45728643216084	78.2462311557789
580	37	1	199.58	192.845
580	38	1	198.005	175.16499999999994
580	39	1	120.47499999999998	89.48
580	40	1	158.93969849246218	6.010050251256284
580	41	1	170.02500000000006	58.819999999999986
580	42	1	40.87000000000003	181.31000000000006
580	43	1	50.84000000000001	31.51500000000001
580	44	1	134.9749999999999	109.19000000000001
580	45	1	124.16000000000003	199.455
580	46	1	122.87500000000004	174.54999999999993
580	47	1	0.7299999999999984	76.84
580	48	1	122.365	48.484999999999985
580	49	1	161.33499999999998	190.06500000000003
580	50	1	101.31999999999998	69.38999999999999
580	51	1	23.325	114.64
580	52	1	41.06	89.33499999999998
580	53	1	142.01999999999995	76.06500000000004
580	54	1	66.60999999999996	55.22000000000002
580	55	1	117.39499999999997	135.05000000000007
580	56	1	32.38499999999999	197.945
580	57	1	74.16499999999999	165.14999999999984
580	58	1	76.27999999999993	51.45499999999996
580	59	1	173.89	91.95999999999995
580	60	1	164.74499999999998	34.85499999999998
580	61	1	199.495	106.875
580	62	1	25.985000000000007	26.769999999999996
580	63	1	95.32500000000006	35.56000000000001
580	64	1	110.80500000000002	180.19
580	65	1	84.27000000000007	79.835
580	66	1	79.46	92.95499999999997
580	67	1	85.32500000000005	20.210000000000008
580	68	1	178.47738693467332	53.135678391959765
580	69	1	182.69000000000003	168.61500000000004
580	70	1	85.99000000000005	186.05
580	71	1	128.75499999999997	98.71999999999996
580	72	1	23.85000000000001	100.07499999999997
580	73	1	96.75500000000001	127.57499999999999
580	74	1	112.88557213930349	38.915422885572156
580	75	1	55.74499999999997	174.145
580	76	1	19.849999999999994	131.93000000000006
580	77	1	177.87499999999994	114.40500000000004
580	78	1	112.47236180904527	157.43718592964822
580	79	1	142.87437185929653	167.8391959798995
580	80	1	47.56	118.505
580	81	1	130.5749999999999	64.00999999999993
580	82	1	73.74500000000003	70.85999999999999
580	83	1	63.73869346733667	135.7236180904523
580	84	1	102.23	163.165
580	85	1	59.45499999999999	162.59999999999985
580	86	1	109.57213930348257	124.99502487562197
580	87	1	57.79899497487436	65.70854271356784
580	88	1	13.270000000000003	84.60000000000001
580	89	1	78.65174129353235	34.33333333333332
580	90	1	13.480000000000004	29.599999999999998
580	91	1	81.92999999999996	146.4949999999999
580	92	1	160.91500000000008	135.0149999999999
580	93	1	88.14213197969536	141.46192893401007
580	94	1	128.89499999999992	188.4699999999999
580	95	1	25.07	164.06499999999997
580	96	1	65.1442786069651	37.492537313432834
580	97	1	127.56500000000003	122.83499999999998
580	98	1	54.449999999999996	197.73500000000007
580	99	1	40.52500000000002	76.27000000000001
580	100	1	8.360000000000001	115.56500000000001
580	101	1	113.62	198.47
580	102	1	197.69849246231155	88.15075376884424
580	103	1	118.43216080402011	57.17587939698493
580	104	1	85.13000000000002	6.770000000000001
580	105	1	31.785000000000007	122.88
580	106	1	164.84499999999994	101.24500000000003
580	107	1	106.34499999999996	89.66000000000007
580	108	1	15.758793969849247	11.814070351758788
580	109	1	26.1105527638191	78.22613065326634
580	110	1	125.5	11.035000000000002
580	111	1	179.095	83.04999999999994
580	112	1	89.38000000000001	67.64000000000001
580	113	1	8.155	128.66000000000005
580	114	1	88.365	162.02
580	115	1	85.64499999999998	102.30999999999996
580	116	1	102.42786069651741	27.194029850746276
580	117	1	29.85000000000001	39.72
580	118	1	184.16500000000005	71.74000000000001
580	119	1	122.96000000000002	161.55
580	120	1	110.70500000000004	105.08
580	121	1	95.40703517587941	174.25628140703506
580	122	1	113.13500000000002	64.99
580	123	1	85.215	122.71499999999999
580	124	1	50.05499999999998	42.52
580	125	1	35.314999999999976	168.98499999999999
580	126	1	124.19000000000001	144.9800000000001
580	127	1	40.73499999999999	107.50000000000003
580	128	1	155.14572864321602	24.613065326633166
580	129	1	76.45999999999998	199.38499999999993
580	130	1	86.24999999999994	50.14
580	131	1	172.625	170.36000000000007
580	132	1	55.11000000000001	87.75499999999998
580	133	1	166.6900000000001	117.03
580	134	1	39.658291457286445	20.798994974874358
580	135	1	55.649999999999984	75.05
580	136	1	118.71859296482407	112.66331658291456
580	137	1	11.464999999999998	40.05499999999999
580	138	1	35.769999999999996	64.86500000000001
580	139	1	42.55500000000001	17.164999999999996
580	140	1	103.97499999999997	79.83000000000001
580	141	1	157.60499999999996	168.94999999999987
580	142	1	144.47738693467346	0.8693467336683415
580	143	1	27.079999999999995	12.68
580	144	1	30.48999999999999	93.725
580	145	1	69.73999999999997	87.90499999999994
590	1	2	9.691489361702128	9.691489361702128
590	2	2	10.120000000000005	54.88
590	3	2	10.126315789473686	99.6105263157895
590	4	2	9.870000000000005	144.93999999999997
590	5	2	10.000000000000002	189.99999999999997
590	6	2	55.020833333333336	10.270833333333334
590	7	2	54.72916666666666	54.729166666666664
590	8	2	55.12000000000002	99.88
590	9	2	54.87999999999998	144.88
590	10	2	55.000000000000014	190
590	11	2	100.13999999999999	9.940000000000003
590	12	2	100.25555555555555	54.45555555555557
590	13	2	99.72916666666669	100.02083333333333
590	14	2	99.96907216494847	145.30927835051548
590	15	2	99.54945054945055	190.1868131868132
590	16	2	144.72916666666669	10.27083333333333
590	17	2	144.7835051546392	55.309278350515456
590	18	2	145.1199999999999	100.12000000000003
590	19	2	144.87999999999997	144.88
590	20	2	144.71428571428572	190.74725274725276
590	21	2	190.0299999999999	10.13
590	22	2	190.38947368421051	54.87368421052632
590	23	2	189.99999999999994	100.50000000000001
590	24	2	189.87999999999997	145.11999999999998
590	25	2	189.72916666666669	190.02083333333326
590	26	1	25.293532338308466	149.7960199004976
590	27	1	133.90499999999997	159.95000000000002
590	28	1	158.96984924623115	179.59296482412074
590	29	1	193.48743718592965	120.66834170854271
590	30	1	49.909547738693455	1.723618090452261
590	31	1	140.12499999999991	180.27500000000003
590	32	1	95.59000000000002	113.04000000000003
590	33	1	140.43499999999995	87.455
590	34	1	162.35999999999996	44.430000000000014
590	35	1	70.91500000000002	149.9549999999999
590	36	1	126.325	78.28
590	37	1	199.585	192.76
590	38	1	197.765	175.13999999999982
590	39	1	120.63000000000002	89.33999999999993
590	40	1	158.726368159204	6.308457711442784
590	41	1	170.68656716417914	59.54228855721396
590	42	1	41.05500000000001	181.40499999999997
590	43	1	51.40000000000003	31.180000000000017
590	44	1	134.70999999999987	109.38999999999999
590	45	1	124.30999999999996	199.485
590	46	1	122.87500000000006	174.7099999999999
590	47	1	0.5025125628140703	76.63819095477386
590	48	1	122.22000000000001	48.215
590	49	1	161.45999999999995	190.07999999999996
590	50	1	101.26130653266328	69.39698492462306
590	51	1	23.67999999999999	114.55000000000001
590	52	1	40.974999999999994	89.36500000000002
590	53	1	142.10000000000008	75.98500000000008
590	54	1	66.64999999999998	55.07499999999998
590	55	1	117.21105527638191	134.97487437185936
590	56	1	32.295	197.995
590	57	1	74.255	165.10000000000005
590	58	1	76.37185929648243	51.296482412060286
590	59	1	173.81499999999983	91.89499999999998
590	60	1	164.8706467661692	34.402985074626855
590	61	1	199.58	106.875
590	62	1	26.034999999999997	26.795
590	63	1	95.31840796019902	35.56716417910448
590	64	1	110.69500000000005	179.775
590	65	1	84.31155778894474	79.81909547738691
590	66	1	79.82499999999993	92.92999999999998
590	67	1	85.66499999999998	20.25
590	68	1	178.54726368159209	52.99004975124376
590	69	1	182.30150753768842	169.47738693467332
590	70	1	85.99	186.38499999999996
590	71	1	128.84999999999994	98.64000000000001
590	72	1	23.26500000000001	100.63
590	73	1	96.67999999999992	127.58499999999998
590	74	1	112.62	38.81000000000002
590	75	1	55.52999999999997	174.19
590	76	1	19.860696517412958	131.74129353233826
590	77	1	177.795	114.44
590	78	1	112.43500000000006	157.54499999999996
590	79	1	142.82999999999993	167.78
590	80	1	47.23500000000002	118.70000000000003
590	81	1	130.5449999999999	64.025
590	82	1	73.79999999999997	70.63
590	83	1	63.824999999999974	135.445
590	84	1	101.92537313432831	163.05970149253727
590	85	1	59.55	162.61
590	86	1	109.36683417085425	124.93467336683416
590	87	1	57.91500000000003	65.74
590	88	1	13.275000000000011	84.37
590	89	1	78.465	34.27000000000002
590	90	1	13.470000000000002	29.57499999999998
590	91	1	81.80597014925374	146.3731343283581
590	92	1	160.87499999999991	134.90499999999997
590	93	1	88.14213197969536	141.46192893401007
590	94	1	128.965	188.595
590	95	1	25.224999999999994	164.23499999999999
590	96	1	64.96000000000001	37.514999999999986
590	97	1	127.55500000000005	122.92499999999997
590	98	1	54.402010050251256	197.74874371859295
590	99	1	40.25499999999996	76.24499999999999
590	100	1	8.189999999999996	115.84999999999998
590	101	1	113.61500000000004	198.245
590	102	1	197.935	88.20999999999994
590	103	1	118.43216080402011	57.17587939698493
590	104	1	84.9597989949749	7.090452261306531
590	105	1	31.725000000000005	123.10000000000004
590	106	1	165.02487562189066	101.37313432835819
590	107	1	106.42499999999998	89.66499999999999
590	108	1	15.758793969849247	11.814070351758788
590	109	1	26.019999999999996	78.49500000000003
590	110	1	125.22000000000003	11.214999999999998
590	111	1	179.42500000000004	82.84499999999997
590	112	1	89.32499999999989	67.55499999999996
590	113	1	8.155	128.895
590	114	1	88.43500000000002	162.03499999999983
590	115	1	85.3731343283582	102.39303482587056
590	116	1	102.91542288557217	27.074626865671636
590	117	1	30.034999999999993	39.63999999999999
590	118	1	184.35175879396982	71.75879396984925
590	119	1	122.88999999999993	161.67
590	120	1	110.89500000000005	104.83999999999999
590	121	1	95.02499999999999	174.56999999999996
590	122	1	113.09	64.86999999999998
590	123	1	85.28500000000001	122.75499999999998
590	124	1	50.18000000000003	42.44500000000002
590	125	1	35.40703517587941	169.04020100502515
590	126	1	123.85499999999999	145.09499999999997
590	127	1	40.98499999999998	107.34999999999998
590	128	1	155.13567839195983	24.94974874371859
590	129	1	76.55223880597009	199.3930348258706
590	130	1	86.25000000000003	50.14499999999998
590	131	1	172.41500000000008	169.83
590	132	1	54.99500000000002	87.61500000000001
590	133	1	166.55	117.085
590	134	1	39.658291457286445	20.798994974874358
590	135	1	55.39499999999999	74.97500000000002
590	136	1	118.60999999999996	112.815
590	137	1	11.681592039800993	40.1044776119403
590	138	1	35.68999999999999	64.90499999999997
590	139	1	42.65499999999998	17.200000000000006
590	140	1	103.87500000000003	79.79000000000005
590	141	1	157.37688442211044	169.02010050251258
590	142	1	144.34500000000006	0.815000000000001
590	143	1	27.144999999999996	12.740000000000002
590	144	1	30.54000000000001	94.04499999999993
590	145	1	69.96499999999997	87.34000000000007
