0	1	2	10.000000000000004	10.000000000000004
0	2	2	9.999999999999996	54.95145631067961
0	3	2	10.019801980198018	99.980198019802
0	4	2	10.049019607843146	145.14705882352945
0	5	2	9.961165048543691	189.83495145631073
0	6	2	54.9313725490196	10.058823529411768
0	7	2	54.97222222222223	54.9537037037037
0	8	2	55.01869158878505	99.98130841121494
0	9	2	55.08571428571428	145.0095238095238
0	10	2	55.04672897196264	190.09345794392522
0	11	2	100.1747572815534	9.970873786407767
0	12	2	100.05999999999997	55.13000000000001
0	13	2	99.98113207547172	99.85849056603769
0	14	2	99.91428571428571	145.0666666666667
0	15	2	99.99038461538461	190
0	16	2	145.00000000000014	9.904761904761909
0	17	2	145.00943396226413	54.97169811320755
0	18	2	144.92452830188677	100.04716981132074
0	19	2	145.02830188679258	144.95283018867926
0	20	2	144.90654205607478	190
0	21	2	190.05825242718456	10.048543689320388
0	22	2	189.89622641509428	54.97169811320755
0	23	2	189.76923076923075	100.03846153846153
0	24	2	190.09708737864077	145.04854368932044
0	25	2	189.98130841121494	190.01869158878498
0	26	1	152.5	192.75
0	27	1	59.5	133.5
0	28	1	151.5	24.5
0	29	1	161	180
0	30	1	140.5	175.5
0	31	1	140	49
0	32	1	135.5	169
0	33	1	20	102.33333333333333
0	34	1	17	50
0	35	1	126	2
0	36	1	2	37
0	37	1	177.5	183.5
0	38	1	168.33333333333334	26.333333333333332
0	39	1	62	67
0	40	1	85	112.4
0	41	1	62	117
0	42	1	59.5	139.25
0	43	1	134	68.75
0	44	1	48	56.666666666666664
0	45	1	115.5	175.5
0	46	1	165.5	168.5
0	47	1	161.42857142857144	135.71428571428572
0	48	1	34.333333333333336	37.333333333333336
0	49	1	163	13.5
0	50	1	198	144
0	51	1	65.5	123
0	52	1	39.5	183.5
0	53	1	6	71
0	54	1	93.5	138.5
0	55	1	114	148.33333333333334
0	56	1	157	121.5
0	57	1	115	164.83333333333334
0	58	1	120.33333333333333	36
0	59	1	169	24.5
0	60	1	178.66666666666666	127.66666666666667
0	61	1	155	90.33333333333333
0	62	1	65.5	112
0	63	1	49	187
0	64	1	52	29.5
0	65	1	76	199
0	66	1	137	197
0	67	1	170	9.5
0	68	1	167.5	1
0	69	1	145.75	44.5
0	70	1	33	60.5
0	71	1	57	133
0	72	1	147	179
0	73	1	26	56.5
0	74	1	121.33333333333333	171.33333333333334
0	75	1	134.33333333333334	134.83333333333331
10	1	2	10.02	10.050000000000004
10	2	2	9.797872340425535	55.26595744680853
10	3	2	9.929292929292936	99.9090909090909
10	4	2	9.950000000000008	145.16000000000005
10	5	2	10.000000000000002	189.73999999999995
10	6	2	54.849999999999994	9.999999999999998
10	7	2	55.30927835051546	54.78350515463916
10	8	2	54.95	100.02000000000002
10	9	2	54.72631578947367	145.4842105263157
10	10	2	55.112244897959194	190.19387755102042
10	11	2	100.06	9.850000000000001
10	12	2	100.12	55.12000000000001
10	13	2	99.97000000000003	99.60999999999999
10	14	2	99.55670103092784	144.91752577319593
10	15	2	100.06	190.10000000000002
10	16	2	145	9.979999999999999
10	17	2	145.06593406593393	55.57142857142857
10	18	2	144.92000000000004	100.28
10	19	2	145.08	144.69000000000003
10	20	2	144.763440860215	189.80645161290317
10	21	2	190.17999999999992	10.11
10	22	2	189.74	55.140000000000015
10	23	2	189.64	100.20999999999998
10	24	2	189.40659340659334	145.2637362637362
10	25	2	189.99999999999994	189.73999999999995
10	26	1	155.45637583892616	193.14765100671144
10	27	1	61.33333333333332	133.22666666666663
10	28	1	152.10185185185185	24.02777777777778
10	29	1	160.87012987012986	178.5324675324676
10	30	1	138.79000000000002	177.59999999999997
10	31	1	140.41558441558436	47.220779220779235
10	32	1	136.44303797468345	167.37974683544297
10	33	1	21.372670807453417	102.8260869565217
10	34	1	16.541666666666675	49.208333333333336
10	35	1	125.09876543209876	1.864197530864198
10	36	1	1.4795918367346927	35.72448979591837
10	37	1	176.171974522293	184.10828025477704
10	38	1	168.6753246753247	26.207792207792206
10	39	1	61.48999999999998	66.70000000000005
10	40	1	85.69230769230771	112.34871794871793
10	41	1	62.90196078431373	116.21568627450982
10	42	1	61.7625	140.91250000000002
10	43	1	133.5877192982456	69.49122807017542
10	44	1	46.18367346938775	55.41836734693878
10	45	1	114.32352941176474	178.47058823529412
10	46	1	164.18348623853214	169.2752293577981
10	47	1	161.01052631578932	134.84736842105258
10	48	1	32.426086956521736	36.96521739130435
10	49	1	162.6489361702128	14.308510638297873
10	50	1	199.07751937984497	143.13953488372096
10	51	1	66.71304347826086	122.90434782608693
10	52	1	38.94029850746269	184.39800995024865
10	53	1	8.2625	71.02499999999998
10	54	1	91.93478260869567	137.78260869565221
10	55	1	112.42953020134226	146.10067114093962
10	56	1	158.39830508474583	120.33050847457633
10	57	1	115.49999999999999	163.61594202898553
10	58	1	119.4392523364486	36.99065420560748
10	59	1	167.75324675324674	22.532467532467525
10	60	1	177.98230088495572	128.63716814159292
10	61	1	156.62500000000003	89.12499999999996
10	62	1	65.3809523809524	110.4920634920635
10	63	1	49.395833333333314	185.81249999999997
10	64	1	52.39259259259259	30.466666666666665
10	65	1	74.375	198.52777777777774
10	66	1	137.46153846153854	196.72649572649578
10	67	1	170.48979591836732	9.295918367346935
10	68	1	166.2181818181818	1.136363636363636
10	69	1	146.67592592592595	44.398148148148145
10	70	1	33.17886178861788	59.447154471544714
10	71	1	55.47142857142859	130.92857142857144
10	72	1	147.83495145631065	178.78640776699032
10	73	1	26.102272727272734	56.05681818181818
10	74	1	120.48101265822783	171.67088607594945
10	75	1	133.69780219780228	135.3516483516482
20	1	2	10.02	10.050000000000004
20	2	2	9.858585858585856	55.14141414141413
20	3	2	9.828282828282825	99.89898989898988
20	4	2	10.255102040816325	145.2040816326531
20	5	2	10.000000000000002	189.73999999999995
20	6	2	54.849999999999994	9.999999999999998
20	7	2	55.30927835051546	54.78350515463916
20	8	2	54.92929292929294	99.969696969697
20	9	2	54.71428571428571	145.74725274725276
20	10	2	55.199999999999996	190.31578947368425
20	11	2	100.06	9.850000000000001
20	12	2	100.12	55.12000000000001
20	13	2	99.97000000000003	99.60999999999999
20	14	2	99.50000000000001	144.99999999999991
20	15	2	100.06	190.10000000000002
20	16	2	144.93999999999997	9.85
20	17	2	145.09574468085103	55.41489361702127
20	18	2	144.92000000000004	100.28
20	19	2	145.1199999999999	144.76
20	20	2	144.72916666666669	189.72916666666663
20	21	2	190.17999999999992	10.11
20	22	2	189.74	55.140000000000015
20	23	2	189.64	100.20999999999998
20	24	2	189.50537634408596	145.2903225806451
20	25	2	189.99999999999994	189.73999999999995
20	26	1	154.59405940594064	195.42574257425738
20	27	1	64.57692307692308	131.81318681318683
20	28	1	149.21499999999995	24.975000000000012
20	29	1	162.60591133004917	178.20689655172416
20	30	1	137.05472636815924	178.38805970149258
20	31	1	138.5074626865671	47.34328358208954
20	32	1	137.07960199004975	166.35323383084582
20	33	1	21.87064676616914	103.63681592039804
20	34	1	15.339999999999998	46.40500000000002
20	35	1	125.14925373134328	2.1542288557214704
20	36	1	1.4179104477611941	35.492537313432834
20	37	1	176.91542288557216	184.79104477611943
20	38	1	169.02970297029705	27.524752475247528
20	39	1	61.69651741293534	67.18407960199004
20	40	1	84.93532338308454	113.39800995024878
20	41	1	60.762162162162156	116.23783783783782
20	42	1	62.67741935483871	143.53763440860212
20	43	1	133.57711442786072	69.34328358208951
20	44	1	45.0547263681592	55.089552238805936
20	45	1	112.99502487562185	179.69651741293524
20	46	1	164.90547263681594	167.30348258706474
20	47	1	161.26368159203983	134.17910447761196
20	48	1	31.746268656716435	36.61691542288557
20	49	1	159.2039800995025	13.452736318407958
20	50	1	199.5148514851485	144.14851485148503
20	51	1	72.39226519337014	122.93370165745853
20	52	1	37.084577114427866	183.41293532338307
20	53	1	8.343283582089555	71.23383084577112
20	54	1	92.28500000000004	137.23499999999996
20	55	1	112.79601990049753	146.46268656716418
20	56	1	158.50746268656712	120.65671641791039
20	57	1	114.24120603015075	161.0100502512564
20	58	1	119.50990099009901	37.0891089108911
20	59	1	168.34500000000003	24.325000000000006
20	60	1	177.4228855721393	128.6666666666667
20	61	1	156.33663366336637	87.99504950495052
20	62	1	65.87755102040819	107.58163265306118
20	63	1	47.98499999999999	184.9600000000001
20	64	1	52.60199004975125	31.432835820895512
20	65	1	74.99009900990103	198.62376237623766
20	66	1	137.47263681592037	196.54726368159206
20	67	1	173.07462686567172	8.656716417910447
20	68	1	165.62376237623758	197.82673267326732
20	69	1	148.72772277227716	42.3861386138614
20	70	1	34.26237623762377	59.594059405940634
20	71	1	51.65104166666666	129.80729166666663
20	72	1	150.30348258706465	178.92537313432834
20	73	1	24.935643564356436	55.356435643564375
20	74	1	121.49999999999993	171.68316831683163
20	75	1	132.83084577114425	134.60199004975132
30	1	2	10.02	10.050000000000004
30	2	2	9.8469387755102	55.1938775510204
30	3	2	9.879999999999997	99.87999999999998
30	4	2	10.309278350515465	145.2164948453608
30	5	2	10.000000000000002	189.73999999999995
30	6	2	54.849999999999994	9.999999999999998
30	7	2	55.30927835051546	54.78350515463916
30	8	2	54.85858585858585	99.85858585858585
30	9	2	54.71428571428571	145.74725274725276
30	10	2	55.14141414141414	190.14141414141415
30	11	2	100.06	9.850000000000001
30	12	2	100.12	55.12000000000001
30	13	2	99.97000000000003	99.60999999999999
30	14	2	99.50000000000001	144.99999999999991
30	15	2	100.06	190.10000000000002
30	16	2	144.93999999999997	9.85
30	17	2	145.09574468085103	55.41489361702127
30	18	2	144.92000000000004	100.28
30	19	2	145.1199999999999	144.76
30	20	2	144.72916666666669	189.72916666666663
30	21	2	190.17999999999992	10.11
30	22	2	189.74	55.140000000000015
30	23	2	189.64	100.20999999999998
30	24	2	189.69072164948446	145.21649484536076
30	25	2	189.99999999999994	189.73999999999995
30	26	1	154.61000000000004	195.47
30	27	1	64.82178217821782	131.55445544554453
30	28	1	149.12000000000012	25.615
30	29	1	163.005	178.59500000000003
30	30	1	136.65499999999994	178.21000000000004
30	31	1	139.07999999999998	47.349999999999994
30	32	1	136.76616915422895	166.01492537313442
30	33	1	22.365000000000013	104.09499999999993
30	34	1	15.940298507462689	45.557213930348276
30	35	1	125.45728643216084	2.577889447236174
30	36	1	1.6532663316582927	35.015075376884404
30	37	1	176.78606965174126	184.771144278607
30	38	1	168.93532338308464	27.567164179104473
30	39	1	61.75000000000001	68.11000000000001
30	40	1	84.49	113.96499999999996
30	41	1	60.263681592039795	116.49751243781093
30	42	1	63.56499999999999	143.72500000000005
30	43	1	133.00497512437818	69.33830845771139
30	44	1	44.765000000000015	55.779999999999994
30	45	1	112.45771144278608	179.33333333333337
30	46	1	164.97999999999996	167.03500000000003
30	47	1	160.88999999999996	133.54000000000005
30	48	1	31.246231155778894	36.54773869346733
30	49	1	159.11442786069657	13.462686567164175
30	50	1	199.17412935323384	143.71144278606974
30	51	1	73.7761194029851	123.17910447761199
30	52	1	36.273631840796035	183.59203980099497
30	53	1	8.664999999999997	71.26000000000002
30	54	1	92.22885572139305	136.47263681592034
30	55	1	112.50746268656715	147.18905472636817
30	56	1	158.4299999999999	120.66
30	57	1	114.88557213930346	161.2189054726369
30	58	1	119.03500000000003	37.08999999999998
30	59	1	168.32999999999998	24.034999999999997
30	60	1	176.3781094527363	129.00995024875616
30	61	1	156.2388059701492	87.09452736318406
30	62	1	65.98999999999997	107.235
30	63	1	47.16915422885573	184.67661691542293
30	64	1	52.616915422885576	32.4626865671642
30	65	1	75.16499999999998	199.055
30	66	1	137.4849999999999	197.05999999999997
30	67	1	172.31840796019907	8.159203980099504
30	68	1	166.02985074626875	197.40796019900498
30	69	1	148.76381909547732	41.71859296482411
30	70	1	34.363184079602	59.15422885572141
30	71	1	51.2	129.70500000000015
30	72	1	150.45049504950498	178.45544554455444
30	73	1	24.529999999999987	55.88
30	74	1	121.29353233830841	172.542288557214
30	75	1	132.69999999999996	133.56500000000005
40	1	2	10.02	10.050000000000004
40	2	2	9.824742268041236	55.23711340206186
40	3	2	9.879999999999997	99.87999999999998
40	4	2	10.309278350515465	145.2164948453608
40	5	2	10.000000000000002	189.73999999999995
40	6	2	54.849999999999994	9.999999999999998
40	7	2	55.30927835051546	54.78350515463916
40	8	2	54.85858585858585	99.85858585858585
40	9	2	54.71428571428571	145.74725274725276
40	10	2	55.19387755102042	190.15306122448985
40	11	2	100.06	9.850000000000001
40	12	2	100.12	55.12000000000001
40	13	2	99.97000000000003	99.60999999999999
40	14	2	99.50000000000001	144.99999999999991
40	15	2	100.06	190.10000000000002
40	16	2	144.93999999999997	9.85
40	17	2	145.09574468085103	55.41489361702127
40	18	2	144.92000000000004	100.28
40	19	2	145.1199999999999	144.76
40	20	2	144.72916666666669	189.72916666666663
40	21	2	190.17999999999992	10.11
40	22	2	189.74	55.140000000000015
40	23	2	189.64	100.20999999999998
40	24	2	189.69072164948446	145.21649484536076
40	25	2	189.99999999999994	189.73999999999995
40	26	1	154.9	195.50500000000008
40	27	1	64.45499999999996	130.81499999999997
40	28	1	148.82499999999987	26.055000000000014
40	29	1	163.28499999999985	179.54000000000005
40	30	1	136.97999999999993	177.69499999999994
40	31	1	139.10999999999999	47.09999999999997
40	32	1	137.02500000000006	166.01500000000004
40	33	1	22.994999999999994	105.56
40	34	1	17.005	45.52500000000001
40	35	1	125.74999999999999	2.5849999999999227
40	36	1	2.4179104477611935	34.7313432835821
40	37	1	175.79999999999995	184.0500000000001
40	38	1	168.955	27.494999999999997
40	39	1	61.420000000000016	69.30000000000001
40	40	1	84.305	114.44000000000001
40	41	1	59.02010050251255	116.19597989949747
40	42	1	63.78606965174131	143.24378109452735
40	43	1	132.67499999999993	68.96500000000002
40	44	1	44.575000000000024	56.21999999999997
40	45	1	111.72500000000002	179.23000000000005
40	46	1	164.7	166.62
40	47	1	160.86934673366832	133.1658291457286
40	48	1	30.669999999999995	36.785000000000025
40	49	1	159.04999999999993	13.450000000000001
40	50	1	199.025	143.29000000000002
40	51	1	73.545	123.14000000000007
40	52	1	36.330000000000005	183.14
40	53	1	9.125	71.25999999999996
40	54	1	91.97999999999999	135.3499999999999
40	55	1	112.23383084577117	148.0497512437811
40	56	1	157.964824120603	120.45728643216083
40	57	1	115.62686567164177	161.8656716417909
40	58	1	118.275	36.049999999999976
40	59	1	168.20000000000002	23.924999999999997
40	60	1	175.60000000000005	129.1349999999999
40	61	1	156.4	85.54999999999998
40	62	1	66.3582089552239	107.29850746268657
40	63	1	46.3819095477387	184.20100502512565
40	64	1	53.527363184079626	34.1691542288557
40	65	1	76.42000000000004	0.6150000000000375
40	66	1	137.51000000000002	197.70500000000007
40	67	1	172.17000000000002	8.034999999999998
40	68	1	166.635	197.325
40	69	1	149.20000000000002	41.45999999999997
40	70	1	34.572864321608044	59.28140703517587
40	71	1	50.60301507537688	129.47738693467332
40	72	1	150.92000000000007	178.13500000000005
40	73	1	24.575	56.26499999999998
40	74	1	120.745	172.88
40	75	1	133.14999999999992	132.43999999999997
50	1	2	10.02	10.050000000000004
50	2	2	9.858585858585856	55.14141414141413
50	3	2	9.879999999999997	99.87999999999998
50	4	2	10.309278350515465	145.2164948453608
50	5	2	10.000000000000002	189.73999999999995
50	6	2	54.849999999999994	9.999999999999998
50	7	2	55.30927835051546	54.78350515463916
50	8	2	54.85858585858585	99.85858585858585
50	9	2	54.71428571428571	145.74725274725276
50	10	2	55.14141414141414	190.14141414141415
50	11	2	100.06	9.850000000000001
50	12	2	100.12	55.12000000000001
50	13	2	99.97000000000003	99.60999999999999
50	14	2	99.50000000000001	144.99999999999991
50	15	2	100.06	190.10000000000002
50	16	2	144.93999999999997	9.85
50	17	2	145.09574468085103	55.41489361702127
50	18	2	144.92000000000004	100.28
50	19	2	145.1199999999999	144.76
50	20	2	144.72916666666669	189.72916666666663
50	21	2	190.17999999999992	10.11
50	22	2	189.74	55.140000000000015
50	23	2	189.64	100.20999999999998
50	24	2	189.69072164948446	145.21649484536076
50	25	2	189.99999999999994	189.73999999999995
50	26	1	155.25499999999994	195.33499999999998
50	27	1	64.34999999999998	130.64000000000019
50	28	1	148.27000000000004	26.624999999999982
50	29	1	163.4975124378108	179.65174129353235
50	30	1	137.145	177.26499999999993
50	31	1	138.9253731343283	46.95024875621889
50	32	1	137.01500000000001	165.95000000000013
50	33	1	23.365	106.88500000000003
50	34	1	18.199999999999996	45.379999999999995
50	35	1	126.5970149253731	2.870646766169216
50	36	1	3.7750000000000012	33.92999999999999
50	37	1	175.54271356783917	183.43718592964825
50	38	1	169.02512562814061	27.904522613065332
50	39	1	61.499999999999986	70.53000000000002
50	40	1	84.11999999999996	115.20999999999997
50	41	1	57.67661691542286	115.74626865671638
50	42	1	63.9246231155779	143.28140703517585
50	43	1	132.47500000000005	68.22000000000006
50	44	1	44.67500000000002	57.105000000000004
50	45	1	110.93000000000004	178.72499999999994
50	46	1	164.27999999999992	166.04999999999998
50	47	1	160.30999999999997	132.75000000000009
50	48	1	29.59	36.845
50	49	1	159.02500000000003	13.429999999999996
50	50	1	198.96	143.11500000000007
50	51	1	73.26633165829148	122.9246231155779
50	52	1	36.225	183.12
50	53	1	9.694999999999999	71.43500000000002
50	54	1	92.88059701492533	133.38308457711446
50	55	1	112.273631840796	148.0796019900497
50	56	1	157.36499999999992	120.42499999999997
50	57	1	116.54	161.91499999999996
50	58	1	117.3819095477387	35.15075376884421
50	59	1	168.44000000000005	23.715
50	60	1	174.8799999999999	129.88499999999996
50	61	1	157.245	83.62
50	62	1	66.70149253731344	107.49253731343288
50	63	1	46.24378109452736	183.58208955223887
50	64	1	54.28643216080402	34.83417085427137
50	65	1	77.06999999999995	1.6600000000000819
50	66	1	137.41206030150764	197.8190954773869
50	67	1	171.93999999999997	8.189999999999998
50	68	1	167.22499999999994	197.25
50	69	1	149.30999999999986	41.394999999999996
50	70	1	34.63	59.975000000000016
50	71	1	50.109452736318424	129.41293532338312
50	72	1	151.45999999999995	177.72000000000003
50	73	1	24.745000000000005	56.359999999999985
50	74	1	120.45	172.96499999999997
50	75	1	133.53500000000005	131.23499999999993
60	1	2	10.02	10.050000000000004
60	2	2	9.858585858585856	55.14141414141413
60	3	2	9.879999999999997	99.87999999999998
60	4	2	10.309278350515465	145.2164948453608
60	5	2	10.000000000000002	189.73999999999995
60	6	2	54.849999999999994	9.999999999999998
60	7	2	55.30927835051546	54.78350515463916
60	8	2	54.85858585858585	99.85858585858585
60	9	2	54.71428571428571	145.74725274725276
60	10	2	55.14141414141414	190.14141414141415
60	11	2	100.06	9.850000000000001
60	12	2	100.12	55.12000000000001
60	13	2	99.97000000000003	99.60999999999999
60	14	2	99.50000000000001	144.99999999999991
60	15	2	100.06	190.10000000000002
60	16	2	144.93999999999997	9.85
60	17	2	145.09574468085103	55.41489361702127
60	18	2	144.92000000000004	100.28
60	19	2	145.1199999999999	144.76
60	20	2	144.72916666666669	189.72916666666663
60	21	2	190.17999999999992	10.11
60	22	2	189.74	55.140000000000015
60	23	2	189.64	100.20999999999998
60	24	2	189.69072164948446	145.21649484536076
60	25	2	189.99999999999994	189.73999999999995
60	26	1	155.10000000000002	195.48999999999995
60	27	1	64.11500000000001	130.61499999999992
60	28	1	147.9499999999999	26.96000000000001
60	29	1	163.59999999999997	179.96499999999995
60	30	1	137.1349999999999	177.38999999999996
60	31	1	138.87	46.62500000000001
60	32	1	137.2249999999999	166.26
60	33	1	23.35499999999999	107.61
60	34	1	18.855721393034823	45.37313432835822
60	35	1	126.93969849246228	3.0753768844221114
60	36	1	5.68	32.719999999999985
60	37	1	175.125	182.98499999999996
60	38	1	168.96500000000003	27.709999999999994
60	39	1	60.92	72.3200000000001
60	40	1	83.66666666666673	115.65174129353238
60	41	1	56.86	115.16500000000003
60	42	1	64.61194029850742	143.6666666666667
60	43	1	132.32500000000002	67.74499999999996
60	44	1	44.70499999999999	57.30000000000001
60	45	1	110.11500000000005	177.51
60	46	1	163.81499999999988	165.55500000000004
60	47	1	159.81500000000003	132.48499999999996
60	48	1	29.015000000000004	37.19500000000001
60	49	1	158.76999999999995	13.384999999999994
60	50	1	199.05	142.9899999999999
60	51	1	72.65671641791042	122.85074626865669
60	52	1	36.38	183.04
60	53	1	11.345	71.53999999999996
60	54	1	93.9054726368159	131.27363184079604
60	55	1	112.37499999999994	148.20499999999998
60	56	1	157.32000000000005	120.34000000000002
60	57	1	116.67661691542293	161.95522388059703
60	58	1	117.16999999999999	34.824999999999996
60	59	1	168.53768844221102	23.748743718592955
60	60	1	174.41500000000002	130.20000000000005
60	61	1	157.2562814070352	81.71859296482407
60	62	1	67.17000000000004	107.68499999999997
60	63	1	46.48241206030153	183.24623115577884
60	64	1	54.450000000000024	35.02000000000004
60	65	1	78.34825870646758	3.477611940298507
60	66	1	137.35500000000005	197.905
60	67	1	171.75499999999997	8.12
60	68	1	167.32500000000007	197.085
60	69	1	149.3768844221105	41.38693467336683
60	70	1	34.709999999999994	60.574999999999974
60	71	1	49.375000000000014	129.47000000000006
60	72	1	151.95999999999998	177.24
60	73	1	25.179999999999993	55.745
60	74	1	120.07960199004975	172.96019900497512
60	75	1	134.29499999999996	130.105
70	1	2	10.02	10.050000000000004
70	2	2	9.858585858585856	55.14141414141413
70	3	2	9.879999999999997	99.87999999999998
70	4	2	10.309278350515465	145.2164948453608
70	5	2	10.000000000000002	189.73999999999995
70	6	2	54.849999999999994	9.999999999999998
70	7	2	55.30927835051546	54.78350515463916
70	8	2	54.85858585858585	99.85858585858585
70	9	2	54.71428571428571	145.74725274725276
70	10	2	55.14141414141414	190.14141414141415
70	11	2	100.06	9.850000000000001
70	12	2	100.12	55.12000000000001
70	13	2	99.97000000000003	99.60999999999999
70	14	2	99.50000000000001	144.99999999999991
70	15	2	100.06	190.10000000000002
70	16	2	144.93999999999997	9.85
70	17	2	145.09574468085103	55.41489361702127
70	18	2	144.92000000000004	100.28
70	19	2	145.1199999999999	144.76
70	20	2	144.72916666666669	189.72916666666663
70	21	2	190.17999999999992	10.11
70	22	2	189.74	55.140000000000015
70	23	2	189.64	100.20999999999998
70	24	2	189.69072164948446	145.21649484536076
70	25	2	189.99999999999994	189.73999999999995
70	26	1	155.19000000000014	195.42
70	27	1	63.95499999999998	130.95499999999987
70	28	1	147.30500000000004	27.164999999999996
70	29	1	163.45999999999995	179.79999999999998
70	30	1	137.51999999999995	177.29999999999984
70	31	1	138.41500000000008	46.45000000000002
70	32	1	136.97000000000003	166.35
70	33	1	23.218905472636823	108.12437810945272
70	34	1	18.819999999999993	45.400000000000006
70	35	1	127.93034825870647	4.174129353233831
70	36	1	7.621890547263683	31.25870646766169
70	37	1	175.13	183.08999999999995
70	38	1	168.96500000000003	27.709999999999994
70	39	1	60.900000000000006	73.67000000000002
70	40	1	83.17	116.34
70	41	1	56.039999999999985	114.83499999999991
70	42	1	64.71499999999999	143.59999999999997
70	43	1	132.45499999999984	67.64000000000001
70	44	1	44.71999999999999	57.13
70	45	1	109.93000000000005	176.92500000000015
70	46	1	163.61499999999998	164.96
70	47	1	159.51256281407035	132.06030150753773
70	48	1	28.455000000000002	37.28500000000002
70	49	1	158.56716417910445	13.432835820895518
70	50	1	199.16	143.03500000000005
70	51	1	71.64	122.47000000000003
70	52	1	36.105000000000004	183.19000000000005
70	53	1	12.240000000000002	71.49000000000001
70	54	1	94.46500000000003	129.2700000000001
70	55	1	112.425	148.09
70	56	1	157.2949999999999	120.42000000000004
70	57	1	116.61	161.92500000000004
70	58	1	116.87999999999997	34.660000000000004
70	59	1	168.49999999999997	23.724999999999994
70	60	1	173.75500000000002	130.88999999999996
70	61	1	157.1100000000001	80.18500000000003
70	62	1	67.65829145728645	108.01005025125627
70	63	1	46.335	183.24999999999994
70	64	1	54.31999999999998	35.440000000000005
70	65	1	79.21000000000006	4.144999999999999
70	66	1	137.30999999999997	197.95499999999996
70	67	1	171.71499999999997	8.21
70	68	1	167.28000000000003	197.045
70	69	1	149.35999999999993	41.209999999999994
70	70	1	34.535000000000004	60.92000000000003
70	71	1	48.422885572139336	129.72139303482584
70	72	1	152.34999999999997	176.14000000000004
70	73	1	25.639999999999983	55.07499999999998
70	74	1	120.08500000000001	173.00499999999997
70	75	1	134.85999999999993	129.065
80	1	2	10.02	10.050000000000004
80	2	2	9.858585858585856	55.14141414141413
80	3	2	9.879999999999997	99.87999999999998
80	4	2	10.309278350515465	145.2164948453608
80	5	2	10.000000000000002	189.73999999999995
80	6	2	54.849999999999994	9.999999999999998
80	7	2	55.30927835051546	54.78350515463916
80	8	2	54.85858585858585	99.85858585858585
80	9	2	54.71428571428571	145.74725274725276
80	10	2	55.14141414141414	190.14141414141415
80	11	2	100.06	9.850000000000001
80	12	2	100.12	55.12000000000001
80	13	2	99.97000000000003	99.60999999999999
80	14	2	99.50000000000001	144.99999999999991
80	15	2	100.06	190.10000000000002
80	16	2	144.93999999999997	9.85
80	17	2	145.09574468085103	55.41489361702127
80	18	2	144.92000000000004	100.28
80	19	2	145.1199999999999	144.76
80	20	2	144.72916666666669	189.72916666666663
80	21	2	190.17999999999992	10.11
80	22	2	189.74	55.140000000000015
80	23	2	189.64	100.20999999999998
80	24	2	189.69072164948446	145.21649484536076
80	25	2	189.99999999999994	189.73999999999995
80	26	1	155.155	195.41
80	27	1	63.68500000000002	131.31499999999988
80	28	1	146.99999999999991	27.33999999999999
80	29	1	163.47500000000002	179.6350000000001
80	30	1	137.785	177.02500000000003
80	31	1	138.5500000000001	46.40500000000001
80	32	1	136.75621890547276	166.33333333333326
80	33	1	22.77	108.96000000000002
80	34	1	19.070000000000007	45.620000000000005
80	35	1	128.7661691542289	5.6865671641791025
80	36	1	9.170000000000003	30.29500000000001
80	37	1	175.2412060301508	183.19095477386946
80	38	1	168.98492462311557	27.648241206030168
80	39	1	60.72000000000003	75.17
80	40	1	83.10000000000001	116.49000000000001
80	41	1	55.72864321608038	114.89949748743713
80	42	1	64.68341708542711	143.56783919597984
80	43	1	132.38000000000002	67.75499999999998
80	44	1	44.76616915422884	57.33333333333338
80	45	1	109.855	176.81499999999983
80	46	1	163.46499999999983	164.48499999999987
80	47	1	159.30653266331657	131.8994974874373
80	48	1	28.40000000000001	37.45000000000002
80	49	1	158.40499999999992	13.545
80	50	1	199.17	143.27499999999998
80	51	1	70.60500000000005	121.895
80	52	1	36.10000000000002	183.2299999999999
80	53	1	12.750000000000004	71.095
80	54	1	94.8391959798995	127.62814070351763
80	55	1	112.52763819095479	148.16582914572857
80	56	1	157.2039800995025	120.36815920398011
80	57	1	116.57999999999996	162.05500000000012
80	58	1	117.15	34.755
80	59	1	168.49999999999997	23.724999999999994
80	60	1	173.7788944723618	130.65326633165833
80	61	1	156.51	78.655
80	62	1	68.36500000000001	108.24499999999999
80	63	1	46.33999999999998	183.30999999999997
80	64	1	54.275	35.78499999999997
80	65	1	80.61000000000001	4.7400000000000375
80	66	1	136.50499999999994	198.015
80	67	1	171.57499999999993	8.264999999999999
80	68	1	167.04522613065316	196.97989949748742
80	69	1	149.24000000000004	41.06500000000003
80	70	1	34.37	61.194999999999986
80	71	1	47.61999999999998	129.65500000000006
80	72	1	152.5721393034826	175.5223880597014
80	73	1	25.97000000000002	54.99000000000004
80	74	1	120.46268656716417	173.26865671641798
80	75	1	135.71000000000006	127.81499999999997
90	1	2	10.02	10.050000000000004
90	2	2	9.858585858585856	55.14141414141413
90	3	2	9.879999999999997	99.87999999999998
90	4	2	10.309278350515465	145.2164948453608
90	5	2	10.000000000000002	189.73999999999995
90	6	2	54.849999999999994	9.999999999999998
90	7	2	55.30927835051546	54.78350515463916
90	8	2	54.85858585858585	99.85858585858585
90	9	2	54.71428571428571	145.74725274725276
90	10	2	55.14141414141414	190.14141414141415
90	11	2	100.06	9.850000000000001
90	12	2	100.12	55.12000000000001
90	13	2	99.97000000000003	99.60999999999999
90	14	2	99.50000000000001	144.99999999999991
90	15	2	100.06	190.10000000000002
90	16	2	144.93999999999997	9.85
90	17	2	145.09574468085103	55.41489361702127
90	18	2	144.92000000000004	100.28
90	19	2	145.1199999999999	144.76
90	20	2	144.72916666666669	189.72916666666663
90	21	2	190.17999999999992	10.11
90	22	2	189.74	55.140000000000015
90	23	2	189.64	100.20999999999998
90	24	2	189.69072164948446	145.21649484536076
90	25	2	189.99999999999994	189.73999999999995
90	26	1	155.07499999999996	195.26500000000004
90	27	1	63.305	131.52499999999995
90	28	1	147.08	27.34
90	29	1	163.61	179.60500000000005
90	30	1	137.45728643216077	177.11557788944734
90	31	1	138.51499999999993	46.36999999999999
90	32	1	136.785	166.43
90	33	1	23.711442786069647	110.33830845771143
90	34	1	18.90547263681592	45.86567164179102
90	35	1	129.43069306930684	7.366336633663364
90	36	1	11.149253731343281	29.527363184079597
90	37	1	175.1500000000001	183.25000000000006
90	38	1	168.96500000000003	27.709999999999994
90	39	1	59.91044776119403	76.75124378109452
90	40	1	82.55	116.46000000000001
90	41	1	55.499999999999986	115.26000000000002
90	42	1	65.22000000000003	143.64000000000007
90	43	1	132.1849999999999	67.45999999999998
90	44	1	44.78000000000001	57.38499999999999
90	45	1	109.87499999999999	176.735
90	46	1	163.2039800995024	164.0149253731344
90	47	1	159.11055276381913	131.96984924623118
90	48	1	28.134999999999994	37.48000000000001
90	49	1	158.44221105527637	13.417085427135676
90	50	1	199.355	143.29999999999998
90	51	1	69.89000000000004	121.42
90	52	1	36.315000000000005	182.9350000000001
90	53	1	13.305000000000003	70.88499999999995
90	54	1	95.0597014925373	127.10447761194033
90	55	1	112.2238805970149	148.2835820895522
90	56	1	156.82	120.43500000000002
90	57	1	116.49000000000001	162.13500000000008
90	58	1	118.2636815920398	34.34328358208955
90	59	1	168.43216080402007	23.728643216080396
90	60	1	173.87499999999991	130.48500000000004
90	61	1	156.46499999999997	77.64000000000004
90	62	1	68.89447236180898	108.28643216080398
90	63	1	46.53000000000001	183.25999999999996
90	64	1	54.35678391959799	35.90954773869347
90	65	1	82.07462686567163	4.328358208955222
90	66	1	136.0452261306533	198.3819095477388
90	67	1	171.79999999999995	8.469999999999995
90	68	1	166.71499999999995	197.08
90	69	1	149.07499999999985	40.725
90	70	1	34.42713567839195	61.09547738693466
90	71	1	47.119402985074665	129.6865671641791
90	72	1	152.69500000000005	175.3449999999999
90	73	1	25.754999999999995	55.355
90	74	1	120.75999999999999	173.44000000000005
90	75	1	136.49999999999991	126.54000000000006
100	1	2	10.02	10.050000000000004
100	2	2	9.858585858585856	55.14141414141413
100	3	2	9.879999999999997	99.87999999999998
100	4	2	10.309278350515465	145.2164948453608
100	5	2	10.000000000000002	189.73999999999995
100	6	2	54.849999999999994	9.999999999999998
100	7	2	55.30927835051546	54.78350515463916
100	8	2	54.85858585858585	99.85858585858585
100	9	2	54.71428571428571	145.74725274725276
100	10	2	55.14141414141414	190.14141414141415
100	11	2	100.06	9.850000000000001
100	12	2	100.12	55.12000000000001
100	13	2	99.97000000000003	99.60999999999999
100	14	2	99.50000000000001	144.99999999999991
100	15	2	100.06	190.10000000000002
100	16	2	144.93999999999997	9.85
100	17	2	145.09574468085103	55.41489361702127
100	18	2	144.92000000000004	100.28
100	19	2	145.1199999999999	144.76
100	20	2	144.72916666666669	189.72916666666663
100	21	2	190.17999999999992	10.11
100	22	2	189.74	55.140000000000015
100	23	2	189.64	100.20999999999998
100	24	2	189.69072164948446	145.21649484536076
100	25	2	189.99999999999994	189.73999999999995
100	26	1	155.00500000000008	195.36499999999992
100	27	1	62.620000000000005	131.4850000000001
100	28	1	147.2399999999999	27.370000000000008
100	29	1	163.57999999999993	179.23000000000002
100	30	1	137.53999999999996	176.90499999999992
100	31	1	138.34170854271363	46.30150753768843
100	32	1	136.60199004975118	166.34825870646773
100	33	1	24.38	111.73000000000003
100	34	1	19.03	45.799999999999976
100	35	1	130.24000000000007	8.909999999999998
100	36	1	12.055000000000003	29.14999999999999
100	37	1	174.98000000000005	183.47500000000005
100	38	1	168.95477386934678	27.66331658291457
100	39	1	59.22999999999997	77.36
100	40	1	82.35500000000002	116.44500000000002
100	41	1	54.98507462686566	115.69154228855719
100	42	1	65.26499999999999	143.58999999999995
100	43	1	132.2	66.93000000000006
100	44	1	44.80499999999999	57.13000000000003
100	45	1	109.69000000000004	176.48500000000007
100	46	1	163.415	163.35499999999996
100	47	1	159.2849999999999	131.83500000000004
100	48	1	27.885000000000005	37.47499999999997
100	49	1	158.53000000000006	13.295000000000002
100	50	1	199.3	142.9199999999999
100	51	1	69.29499999999999	120.78999999999999
100	52	1	36.36999999999999	182.72000000000003
100	53	1	14.1044776119403	70.21393034825866
100	54	1	95.015	127.24999999999997
100	55	1	111.97499999999998	148.54999999999998
100	56	1	157.0298507462686	120.35820895522386
100	57	1	116.52000000000001	162.24499999999998
100	58	1	119.31683168316835	33.12871287128713
100	59	1	168.49999999999997	23.724999999999994
100	60	1	173.94999999999993	130.61999999999992
100	61	1	156.2	77.43
100	62	1	70.18499999999995	108.23500000000001
100	63	1	46.43999999999998	183.33999999999997
100	64	1	55.40298507462687	36.6318407960199
100	65	1	84.03000000000003	4.209999999999997
100	66	1	135.94499999999994	198.67500000000004
100	67	1	171.69499999999994	8.365
100	68	1	166.79	196.95
100	69	1	149.2562814070352	40.984924623115596
100	70	1	34.49500000000002	61.32999999999999
100	71	1	46.574999999999996	129.64000000000007
100	72	1	152.75500000000005	175.55499999999992
100	73	1	26.07035175879398	55.22110552763817
100	74	1	120.84499999999997	173.64999999999986
100	75	1	136.80099502487562	125.85572139303478
110	1	2	10.02	10.050000000000004
110	2	2	9.858585858585856	55.14141414141413
110	3	2	9.879999999999997	99.87999999999998
110	4	2	10.309278350515465	145.2164948453608
110	5	2	10.000000000000002	189.73999999999995
110	6	2	54.849999999999994	9.999999999999998
110	7	2	55.30927835051546	54.78350515463916
110	8	2	54.85858585858585	99.85858585858585
110	9	2	54.71428571428571	145.74725274725276
110	10	2	55.14141414141414	190.14141414141415
110	11	2	100.06	9.850000000000001
110	12	2	100.12	55.12000000000001
110	13	2	99.97000000000003	99.60999999999999
110	14	2	99.50000000000001	144.99999999999991
110	15	2	100.06	190.10000000000002
110	16	2	144.93999999999997	9.85
110	17	2	145.09574468085103	55.41489361702127
110	18	2	144.92000000000004	100.28
110	19	2	145.1199999999999	144.76
110	20	2	144.72916666666669	189.72916666666663
110	21	2	190.17999999999992	10.11
110	22	2	189.74	55.140000000000015
110	23	2	189.64	100.20999999999998
110	24	2	189.69072164948446	145.21649484536076
110	25	2	189.99999999999994	189.73999999999995
110	26	1	154.92537313432837	195.32835820895525
110	27	1	62.6268656716418	131.48756218905484
110	28	1	147.37999999999994	27.194999999999993
110	29	1	163.80000000000007	179.12999999999988
110	30	1	137.13499999999996	176.945
110	31	1	138.205	46.550000000000004
110	32	1	136.63500000000002	166.49
110	33	1	24.82500000000001	112.56499999999996
110	34	1	18.734999999999996	45.53500000000001
110	35	1	130.64999999999998	9.530000000000001
110	36	1	12.791044776119405	28.77611940298508
110	37	1	175.25500000000002	183.85999999999996
110	38	1	168.98994974874378	27.683417085427138
110	39	1	58.515	77.455
110	40	1	81.62189054726369	116.73134328358206
110	41	1	54.36499999999998	116.02000000000005
110	42	1	65.34999999999998	143.62999999999997
110	43	1	132.51499999999996	66.63500000000002
110	44	1	44.79999999999998	56.86499999999999
110	45	1	109.92499999999998	175.83000000000007
110	46	1	163.47999999999985	162.4899999999999
110	47	1	159.12562814070353	131.713567839196
110	48	1	27.559999999999995	37.17
110	49	1	158.4749999999999	13.190000000000001
110	50	1	199.23	142.66499999999994
110	51	1	68.61194029850748	120.57213930348259
110	52	1	36.31999999999999	182.645
110	53	1	14.975000000000009	69.03500000000004
110	54	1	95.06030150753769	127.3216080402011
110	55	1	111.88944723618093	148.42211055276377
110	56	1	156.80500000000006	120.47499999999995
110	57	1	116.58208955223881	162.2487562189055
110	58	1	120.41500000000003	31.790000000000013
110	59	1	168.51256281407044	23.73869346733668
110	60	1	174.04500000000013	130.455
110	61	1	156.3349999999999	77.33500000000004
110	62	1	71.08999999999999	108.18000000000005
110	63	1	46.33668341708544	183.57286432160808
110	64	1	57.41584158415843	37.6980198019802
110	65	1	85.72	4.175
110	66	1	135.91500000000008	198.69499999999988
110	67	1	171.71356783919595	8.427135678391966
110	68	1	166.6700000000001	196.92
110	69	1	148.90999999999994	40.74500000000001
110	70	1	34.29999999999999	61.21500000000003
110	71	1	46.610000000000014	129.63499999999993
110	72	1	152.71500000000006	175.86499999999995
110	73	1	26.260000000000005	54.820000000000014
110	74	1	121.65671641791047	174.74626865671647
110	75	1	136.74000000000012	125.835
120	1	2	10.02	10.050000000000004
120	2	2	9.858585858585856	55.14141414141413
120	3	2	9.879999999999997	99.87999999999998
120	4	2	10.309278350515465	145.2164948453608
120	5	2	10.000000000000002	189.73999999999995
120	6	2	54.849999999999994	9.999999999999998
120	7	2	55.30927835051546	54.78350515463916
120	8	2	54.85858585858585	99.85858585858585
120	9	2	54.71428571428571	145.74725274725276
120	10	2	55.14141414141414	190.14141414141415
120	11	2	100.06	9.850000000000001
120	12	2	100.12	55.12000000000001
120	13	2	99.97000000000003	99.60999999999999
120	14	2	99.50000000000001	144.99999999999991
120	15	2	100.06	190.10000000000002
120	16	2	144.93999999999997	9.85
120	17	2	145.09574468085103	55.41489361702127
120	18	2	144.92000000000004	100.28
120	19	2	145.1199999999999	144.76
120	20	2	144.72916666666669	189.72916666666663
120	21	2	190.17999999999992	10.11
120	22	2	189.74	55.140000000000015
120	23	2	189.64	100.20999999999998
120	24	2	189.69072164948446	145.21649484536076
120	25	2	189.99999999999994	189.73999999999995
120	26	1	154.8149999999999	195.40000000000006
120	27	1	62.69999999999996	131.35999999999999
120	28	1	147.19000000000008	27.134999999999994
120	29	1	163.87	179.22999999999996
120	30	1	137.18499999999995	176.94999999999993
120	31	1	138.26000000000002	46.47999999999999
120	32	1	136.56218905472636	166.48258706467664
120	33	1	25.67839195979899	112.49748743718594
120	34	1	19.00499999999999	45.470000000000006
120	35	1	130.92	10.080000000000004
120	36	1	13.044999999999998	28.620000000000008
120	37	1	175.30500000000006	183.98999999999984
120	38	1	168.98499999999999	27.67499999999999
120	39	1	57.263681592039816	76.87064676616912
120	40	1	80.94999999999997	116.57000000000001
120	41	1	53.693467336683426	116.31155778894474
120	42	1	65.47999999999992	143.72500000000002
120	43	1	132.67499999999993	66.33
120	44	1	44.776119402985074	56.940298507462686
120	45	1	109.95999999999997	175.27499999999992
120	46	1	163.64000000000019	162.19000000000005
120	47	1	159.05472636815924	131.63681592039808
120	48	1	27.040000000000003	36.88000000000001
120	49	1	158.35500000000008	13.199999999999996
120	50	1	199.325	142.80500000000006
120	51	1	68.30999999999992	120.74999999999999
120	52	1	36.360000000000014	182.41999999999993
120	53	1	14.82089552238806	68.26865671641788
120	54	1	95.12	127.35
120	55	1	111.79499999999999	148.53499999999994
120	56	1	156.77500000000006	120.37500000000001
120	57	1	116.86000000000001	162.345
120	58	1	121.29500000000002	29.819999999999997
120	59	1	168.51256281407044	23.713567839195996
120	60	1	173.64	130.65500000000011
120	61	1	156.78999999999994	77.26500000000003
120	62	1	71.09000000000002	108.175
120	63	1	45.88000000000001	184.01999999999998
120	64	1	59.87	38.17
120	65	1	86.42211055276381	4.010050251256281
120	66	1	135.86499999999995	198.80000000000004
120	67	1	171.76884422110547	8.487437185929643
120	68	1	166.45499999999996	196.855
120	69	1	148.67999999999995	40.31000000000002
120	70	1	34.14427860696516	61.447761194029844
120	71	1	46.61499999999998	129.645
120	72	1	152.89	175.60999999999993
120	73	1	26.393034825870647	54.78109452736318
120	74	1	121.91000000000004	175.3399999999999
120	75	1	136.9353233830845	125.8159203980099
130	1	2	10.02	10.050000000000004
130	2	2	9.858585858585856	55.14141414141413
130	3	2	9.879999999999997	99.87999999999998
130	4	2	10.309278350515465	145.2164948453608
130	5	2	10.000000000000002	189.73999999999995
130	6	2	54.849999999999994	9.999999999999998
130	7	2	55.30927835051546	54.78350515463916
130	8	2	54.85858585858585	99.85858585858585
130	9	2	54.71428571428571	145.74725274725276
130	10	2	55.14141414141414	190.14141414141415
130	11	2	100.06	9.850000000000001
130	12	2	100.12	55.12000000000001
130	13	2	99.97000000000003	99.60999999999999
130	14	2	99.50000000000001	144.99999999999991
130	15	2	100.06	190.10000000000002
130	16	2	144.93999999999997	9.85
130	17	2	145.09574468085103	55.41489361702127
130	18	2	144.92000000000004	100.28
130	19	2	145.1199999999999	144.76
130	20	2	144.72916666666669	189.72916666666663
130	21	2	190.17999999999992	10.11
130	22	2	189.74	55.140000000000015
130	23	2	189.64	100.20999999999998
130	24	2	189.69072164948446	145.21649484536076
130	25	2	189.99999999999994	189.73999999999995
130	26	1	154.765	195.4150000000001
130	27	1	62.934999999999974	131.23499999999999
130	28	1	147.2949999999999	27.060000000000013
130	29	1	163.60500000000005	179.24999999999991
130	30	1	137.16000000000005	176.94499999999988
130	31	1	138.08500000000012	46.67
130	32	1	136.39500000000007	166.51999999999992
130	33	1	27.06467661691543	112.31840796019897
130	34	1	19.24	45.155000000000015
130	35	1	130.8949999999999	9.869999999999992
130	36	1	12.875000000000002	28.544999999999995
130	37	1	175.00000000000014	183.80597014925362
130	38	1	168.98999999999995	27.635
130	39	1	55.82999999999998	76.11
130	40	1	80.64676616915418	116.4825870646767
130	41	1	52.969999999999985	116.34000000000002
130	42	1	65.29500000000003	143.76500000000007
130	43	1	132.54000000000002	65.96000000000006
130	44	1	44.535	57.04499999999998
130	45	1	109.91999999999999	174.87500000000003
130	46	1	163.72	162.09999999999997
130	47	1	159.00000000000006	131.71499999999995
130	48	1	26.195000000000004	36.57000000000001
130	49	1	158.55778894472354	13.025125628140707
130	50	1	199.4	142.435
130	51	1	67.94500000000002	120.64499999999997
130	52	1	36.25	182.2950000000001
130	53	1	14.608040201005027	67.70351758793976
130	54	1	95.03000000000004	127.51499999999999
130	55	1	112.25500000000001	148.76999999999995
130	56	1	156.39999999999998	120.365
130	57	1	116.96999999999993	162.51500000000004
130	58	1	122.53000000000004	28.689999999999994
130	59	1	168.48743718592976	23.73366834170854
130	60	1	173.61499999999992	130.6550000000001
130	61	1	158.00497512437815	77.11442786069654
130	62	1	71.195	108.16
130	63	1	45.67499999999999	184.225
130	64	1	61.36318407960197	38.01492537313433
130	65	1	86.68844221105532	4.904522613065327
130	66	1	136.04975124378112	198.89054726368164
130	67	1	171.92499999999993	8.270000000000001
130	68	1	166.56	196.79
130	69	1	148.56499999999988	40.229999999999976
130	70	1	32.914572864321606	62.125628140703505
130	71	1	46.68499999999998	129.73999999999995
130	72	1	152.77	175.35
130	73	1	26.650000000000006	54.555
130	74	1	122.16499999999996	176.21000000000004
130	75	1	137.36000000000004	125.31499999999997
140	1	2	10.02	10.050000000000004
140	2	2	9.858585858585856	55.14141414141413
140	3	2	9.879999999999997	99.87999999999998
140	4	2	10.309278350515465	145.2164948453608
140	5	2	10.000000000000002	189.73999999999995
140	6	2	54.849999999999994	9.999999999999998
140	7	2	55.30927835051546	54.78350515463916
140	8	2	54.85858585858585	99.85858585858585
140	9	2	54.71428571428571	145.74725274725276
140	10	2	55.14141414141414	190.14141414141415
140	11	2	100.06	9.850000000000001
140	12	2	100.12	55.12000000000001
140	13	2	99.97000000000003	99.60999999999999
140	14	2	99.50000000000001	144.99999999999991
140	15	2	100.06	190.10000000000002
140	16	2	144.93999999999997	9.85
140	17	2	145.09574468085103	55.41489361702127
140	18	2	144.92000000000004	100.28
140	19	2	145.1199999999999	144.76
140	20	2	144.72916666666669	189.72916666666663
140	21	2	190.17999999999992	10.11
140	22	2	189.74	55.140000000000015
140	23	2	189.64	100.20999999999998
140	24	2	189.69072164948446	145.21649484536076
140	25	2	189.99999999999994	189.73999999999995
140	26	1	154.70149253731338	195.29850746268664
140	27	1	63.18500000000003	131.05999999999992
140	28	1	147.51999999999992	27.060000000000006
140	29	1	163.61000000000007	179.14999999999992
140	30	1	137.38500000000005	176.83999999999995
140	31	1	137.91000000000008	46.18500000000004
140	32	1	136.185	166.39000000000001
140	33	1	28.67336683417085	111.64824120603015
140	34	1	19.189999999999994	44.84499999999999
140	35	1	130.8900000000001	9.519999999999992
140	36	1	12.725	28.515
140	37	1	175.13499999999993	183.9650000000001
140	38	1	169.01005025125622	27.592964824120596
140	39	1	54.34499999999998	75.47
140	40	1	80.48500000000003	116.45499999999996
140	41	1	53.11000000000001	115.95499999999997
140	42	1	65.405	143.745
140	43	1	133.71859296482407	65.36683417085425
140	44	1	44.36000000000001	56.63500000000002
140	45	1	110.10500000000002	174.5749999999999
140	46	1	163.67499999999995	162.0700000000001
140	47	1	158.89054726368144	131.7313432835822
140	48	1	26.169999999999998	36.669999999999995
140	49	1	158.32835820895517	12.860696517412938
140	50	1	199.41	142.36
140	51	1	67.7	120.45499999999994
140	52	1	36.26999999999999	182.29499999999987
140	53	1	13.77	67.295
140	54	1	95.04500000000003	127.53500000000005
140	55	1	112.17000000000003	148.74999999999994
140	56	1	156.05999999999995	120.29500000000002
140	57	1	117.32835820895522	162.41791044776122
140	58	1	123.69	27.894999999999992
140	59	1	168.48743718592976	23.73366834170854
140	60	1	173.36499999999995	130.49499999999998
140	61	1	160.25999999999996	77.24000000000001
140	62	1	71.28500000000004	108.01499999999997
140	63	1	45.575000000000045	184.315
140	64	1	62.07999999999998	36.825
140	65	1	86.97512437810943	6.45273631840796
140	66	1	136.14500000000004	198.8
140	67	1	171.76	8.269999999999998
140	68	1	166.49999999999997	196.68
140	69	1	148.53000000000003	40.3
140	70	1	32.294999999999995	62.62499999999997
140	71	1	46.8894472361809	129.78894472361804
140	72	1	152.77000000000007	175.26000000000002
140	73	1	26.865671641791057	54.537313432835816
140	74	1	122.41999999999997	176.50999999999988
140	75	1	137.60000000000002	125.49500000000012
150	1	2	10.02	10.050000000000004
150	2	2	9.858585858585856	55.14141414141413
150	3	2	9.879999999999997	99.87999999999998
150	4	2	10.309278350515465	145.2164948453608
150	5	2	10.000000000000002	189.73999999999995
150	6	2	54.849999999999994	9.999999999999998
150	7	2	55.30927835051546	54.78350515463916
150	8	2	54.85858585858585	99.85858585858585
150	9	2	54.71428571428571	145.74725274725276
150	10	2	55.14141414141414	190.14141414141415
150	11	2	100.06	9.850000000000001
150	12	2	100.12	55.12000000000001
150	13	2	99.97000000000003	99.60999999999999
150	14	2	99.50000000000001	144.99999999999991
150	15	2	100.06	190.10000000000002
150	16	2	144.93999999999997	9.85
150	17	2	145.09574468085103	55.41489361702127
150	18	2	144.92000000000004	100.28
150	19	2	145.1199999999999	144.76
150	20	2	144.72916666666669	189.72916666666663
150	21	2	190.17999999999992	10.11
150	22	2	189.74	55.140000000000015
150	23	2	189.64	100.20999999999998
150	24	2	189.69072164948446	145.21649484536076
150	25	2	189.99999999999994	189.73999999999995
150	26	1	154.67499999999987	195.30999999999995
150	27	1	62.96499999999999	130.9650000000001
150	28	1	147.685	26.849999999999998
150	29	1	163.39000000000001	179.16000000000003
150	30	1	137.65174129353235	176.76119402985077
150	31	1	137.85499999999988	45.839999999999996
150	32	1	136.1649999999999	166.33999999999997
150	33	1	29.420000000000012	110.82999999999998
150	34	1	18.641791044776106	43.45771144278606
150	35	1	130.75500000000005	9.384999999999996
150	36	1	13.055000000000009	28.55999999999999
150	37	1	175.1649999999999	183.77499999999995
150	38	1	168.96500000000003	27.709999999999994
150	39	1	52.76616915422887	74.51243781094526
150	40	1	80.33499999999998	116.39499999999998
150	41	1	52.93034825870647	115.56218905472639
150	42	1	65.5025125628141	143.38693467336688
150	43	1	135.155	65.21499999999993
150	44	1	43.939698492462306	56.55778894472362
150	45	1	110.00999999999998	174.59999999999997
150	46	1	163.71999999999997	162.24499999999995
150	47	1	158.96	131.59500000000003
150	48	1	26.284999999999997	36.735
150	49	1	158.27999999999992	12.794999999999995
150	50	1	199.465	142.32
150	51	1	67.51999999999995	120.55500000000002
150	52	1	36.344999999999985	182.24500000000003
150	53	1	13.465000000000003	66.96499999999997
150	54	1	95.19	127.39499999999997
150	55	1	112.39999999999998	149.2150000000001
150	56	1	155.04020100502504	119.66331658291455
150	57	1	117.32500000000003	162.54500000000004
150	58	1	124.265	27.535000000000004
150	59	1	168.49999999999997	23.724999999999994
150	60	1	173.19999999999993	130.11000000000007
150	61	1	162.65841584158412	77.01485148514851
150	62	1	70.655	108.03499999999997
150	63	1	45.55000000000003	184.275
150	64	1	62.750000000000014	34.91999999999999
150	65	1	86.99499999999993	8.019999999999996
150	66	1	136.17500000000007	198.78500000000003
150	67	1	171.50999999999996	8.160000000000002
150	68	1	166.47738693467346	196.57788944723617
150	69	1	148.5050000000001	40.03999999999999
150	70	1	31.435	63.23999999999999
150	71	1	46.895	129.99
150	72	1	152.65	175.7700000000001
150	73	1	26.644999999999996	54.58499999999999
150	74	1	122.44499999999996	176.5299999999999
150	75	1	137.58	125.63999999999996
160	1	2	10.02	10.050000000000004
160	2	2	9.858585858585856	55.14141414141413
160	3	2	9.879999999999997	99.87999999999998
160	4	2	10.309278350515465	145.2164948453608
160	5	2	10.000000000000002	189.73999999999995
160	6	2	54.849999999999994	9.999999999999998
160	7	2	55.30927835051546	54.78350515463916
160	8	2	54.85858585858585	99.85858585858585
160	9	2	54.71428571428571	145.74725274725276
160	10	2	55.14141414141414	190.14141414141415
160	11	2	100.06	9.850000000000001
160	12	2	100.12	55.12000000000001
160	13	2	99.97000000000003	99.60999999999999
160	14	2	99.50000000000001	144.99999999999991
160	15	2	100.06	190.10000000000002
160	16	2	144.93999999999997	9.85
160	17	2	145.09574468085103	55.41489361702127
160	18	2	144.92000000000004	100.28
160	19	2	145.1199999999999	144.76
160	20	2	144.72916666666669	189.72916666666663
160	21	2	190.17999999999992	10.11
160	22	2	189.74	55.140000000000015
160	23	2	189.64	100.20999999999998
160	24	2	189.69072164948446	145.21649484536076
160	25	2	189.99999999999994	189.73999999999995
160	26	1	154.6299999999999	195.29000000000008
160	27	1	62.94527363184079	131.0746268656716
160	28	1	147.6417910447761	26.965174129353233
160	29	1	163.05500000000004	179.04
160	30	1	137.52000000000004	176.51500000000004
160	31	1	137.63999999999996	45.535
160	32	1	136.180904522613	165.98994974874373
160	33	1	30.55721393034826	109.22388059701497
160	34	1	18.004975124378113	42.9452736318408
160	35	1	130.5700000000001	9.3
160	36	1	13.030000000000003	28.409999999999986
160	37	1	174.99999999999994	183.70000000000007
160	38	1	168.93500000000003	27.625
160	39	1	51.681592039801004	73.68159203980098
160	40	1	80.02500000000005	116.57000000000001
160	41	1	52.970000000000006	115.85000000000002
160	42	1	65.80499999999999	143.42000000000013
160	43	1	136.66666666666663	65.31840796019895
160	44	1	43.72000000000001	56.925000000000026
160	45	1	110.35	174.565
160	46	1	163.66500000000002	162.10000000000008
160	47	1	158.8700000000001	131.08500000000004
160	48	1	26.44723618090452	36.99999999999999
160	49	1	158.26499999999996	12.794999999999995
160	50	1	199.62	142.44999999999996
160	51	1	67.27500000000003	120.68499999999997
160	52	1	36.19000000000002	182.34
160	53	1	13.165	67.03999999999998
160	54	1	95.14500000000004	127.16499999999989
160	55	1	112.64000000000001	149.27999999999992
160	56	1	154.1094527363184	118.69154228855719
160	57	1	117.12499999999999	162.44000000000005
160	58	1	124.49499999999998	27.189999999999998
160	59	1	168.49999999999997	23.724999999999994
160	60	1	172.66499999999996	129.785
160	61	1	164.38190954773867	76.03015075376882
160	62	1	70.77000000000002	108.09499999999998
160	63	1	45.585	184.35000000000002
160	64	1	63.139999999999986	33.34500000000003
160	65	1	87.15422885572143	8.442786069651742
160	66	1	136.00500000000008	198.94000000000005
160	67	1	171.55499999999998	8.01
160	68	1	166.4499999999999	196.575
160	69	1	148.61000000000007	39.85500000000002
160	70	1	31.089999999999993	63.475
160	71	1	46.75621890547265	129.70149253731338
160	72	1	152.47999999999993	175.79000000000002
160	73	1	26.555	54.525
160	74	1	122.78499999999997	176.32499999999996
160	75	1	137.60499999999993	125.60000000000004
170	1	2	10.02	10.050000000000004
170	2	2	9.858585858585856	55.14141414141413
170	3	2	9.879999999999997	99.87999999999998
170	4	2	10.309278350515465	145.2164948453608
170	5	2	10.000000000000002	189.73999999999995
170	6	2	54.849999999999994	9.999999999999998
170	7	2	55.30927835051546	54.78350515463916
170	8	2	54.85858585858585	99.85858585858585
170	9	2	54.71428571428571	145.74725274725276
170	10	2	55.14141414141414	190.14141414141415
170	11	2	100.06	9.850000000000001
170	12	2	100.12	55.12000000000001
170	13	2	99.97000000000003	99.60999999999999
170	14	2	99.50000000000001	144.99999999999991
170	15	2	100.06	190.10000000000002
170	16	2	144.93999999999997	9.85
170	17	2	145.09574468085103	55.41489361702127
170	18	2	144.92000000000004	100.28
170	19	2	145.1199999999999	144.76
170	20	2	144.72916666666669	189.72916666666663
170	21	2	190.17999999999992	10.11
170	22	2	189.74	55.140000000000015
170	23	2	189.64	100.20999999999998
170	24	2	189.69072164948446	145.21649484536076
170	25	2	189.99999999999994	189.73999999999995
170	26	1	154.67499999999987	195.32000000000002
170	27	1	62.98	131.0000000000001
170	28	1	147.78499999999994	26.985000000000007
170	29	1	162.99497487437188	179.0150753768843
170	30	1	137.62499999999991	176.63500000000002
170	31	1	137.77999999999997	45.02000000000001
170	32	1	136.0299999999999	166.08
170	33	1	31.255	108.42000000000002
170	34	1	17.639999999999993	42.46500000000001
170	35	1	130.7412935323384	9.398009950248756
170	36	1	13.265000000000004	28.33999999999999
170	37	1	174.965	183.62999999999994
170	38	1	168.94000000000003	27.795000000000005
170	39	1	51.484999999999985	72.84000000000002
170	40	1	79.85074626865674	116.18905472636818
170	41	1	53.06467661691543	115.85572139303483
170	42	1	66.26500000000001	143.5699999999999
170	43	1	138.82999999999998	66.14
170	44	1	43.57999999999998	56.74500000000002
170	45	1	110.31155778894471	174.69849246231155
170	46	1	163.41708542713576	162.33668341708548
170	47	1	159.00499999999997	130.50999999999996
170	48	1	27.135	37.240000000000016
170	49	1	158.21500000000003	12.789999999999994
170	50	1	199.775	142.45999999999992
170	51	1	67.325	120.695
170	52	1	35.97000000000002	182.25999999999996
170	53	1	13.089999999999993	67.67000000000002
170	54	1	94.63819095477382	127.32663316582911
170	55	1	113.76119402985074	149.67164179104483
170	56	1	152.85499999999985	117.48
170	57	1	116.96500000000002	162.64000000000004
170	58	1	124.29353233830845	27.293532338308435
170	59	1	168.56281407035178	23.703517587939707
170	60	1	172.0854271356784	129.56281407035175
170	61	1	165.56716417910445	74.43283582089558
170	62	1	70.66499999999996	107.54999999999998
170	63	1	45.41206030150758	184.4472361809045
170	64	1	64.14499999999997	32.510000000000026
170	65	1	87.01990049751248	9.149253731343284
170	66	1	136.29500000000004	198.87000000000006
170	67	1	171.53	8.045
170	68	1	166.5422885572139	196.53233830845772
170	69	1	148.95477386934675	39.76381909547739
170	70	1	31.175879396984914	63.20100502512562
170	71	1	46.920000000000016	129.15999999999997
170	72	1	152.49246231155766	175.7437185929648
170	73	1	26.14999999999999	54.69000000000001
170	74	1	122.75	176.40499999999992
170	75	1	138.0248756218905	125.79104477611942
180	1	2	10.02	10.050000000000004
180	2	2	9.858585858585856	55.14141414141413
180	3	2	9.879999999999997	99.87999999999998
180	4	2	10.309278350515465	145.2164948453608
180	5	2	10.000000000000002	189.73999999999995
180	6	2	54.849999999999994	9.999999999999998
180	7	2	55.30927835051546	54.78350515463916
180	8	2	54.85858585858585	99.85858585858585
180	9	2	54.71428571428571	145.74725274725276
180	10	2	55.14141414141414	190.14141414141415
180	11	2	100.06	9.850000000000001
180	12	2	100.12	55.12000000000001
180	13	2	99.97000000000003	99.60999999999999
180	14	2	99.50000000000001	144.99999999999991
180	15	2	100.06	190.10000000000002
180	16	2	144.93999999999997	9.85
180	17	2	145.09574468085103	55.41489361702127
180	18	2	144.92000000000004	100.28
180	19	2	145.1199999999999	144.76
180	20	2	144.72916666666669	189.72916666666663
180	21	2	190.17999999999992	10.11
180	22	2	189.74	55.140000000000015
180	23	2	189.64	100.20999999999998
180	24	2	189.69072164948446	145.21649484536076
180	25	2	189.99999999999994	189.73999999999995
180	26	1	154.61	195.5299999999999
180	27	1	62.755	130.97000000000003
180	28	1	147.7700000000001	27.14999999999999
180	29	1	163.1741293532337	179.13432835820893
180	30	1	137.82999999999996	176.70499999999996
180	31	1	137.97999999999985	44.95000000000002
180	32	1	136.02999999999994	166.12500000000009
180	33	1	31.580000000000002	108.345
180	34	1	17.774999999999995	42.584999999999994
180	35	1	130.8391959798996	9.733668341708547
180	36	1	13.059999999999995	28.459999999999987
180	37	1	174.96000000000006	183.59499999999994
180	38	1	168.915	27.730000000000008
180	39	1	51.537313432835816	72.08457711442784
180	40	1	79.56499999999998	116.09999999999998
180	41	1	53.414999999999985	116.25500000000004
180	42	1	66.54000000000003	143.3249999999999
180	43	1	139.72000000000003	67.04499999999999
180	44	1	43.62500000000002	57.22499999999998
180	45	1	111.13999999999997	175.35500000000005
180	46	1	163.72139303482592	162.21393034825869
180	47	1	159.41791044776116	129.90547263681603
180	48	1	27.569999999999997	37.300000000000026
180	49	1	158.22499999999997	12.999999999999996
180	50	1	199.815	141.8800000000001
180	51	1	67.40000000000005	120.52999999999999
180	52	1	36.09500000000003	182.04999999999998
180	53	1	12.600000000000003	68.18999999999998
180	54	1	92.91044776119405	127.45771144278599
180	55	1	114.50000000000003	150.26500000000016
180	56	1	151.99502487562185	116.6218905472637
180	57	1	116.87500000000003	162.61499999999992
180	58	1	123.46500000000005	27.66499999999999
180	59	1	168.48743718592976	23.748743718592966
180	60	1	171.67999999999995	129.35
180	61	1	165.02487562189054	72.80597014925371
180	62	1	70.59203980099505	106.58208955223878
180	63	1	45.40500000000001	184.40000000000003
180	64	1	64.75124378109456	32.890547263681576
180	65	1	86.2587064676617	9.462686567164173
180	66	1	136.35500000000005	199.08999999999997
180	67	1	171.45500000000007	7.935000000000001
180	68	1	166.48241206030147	196.66331658291458
180	69	1	149.13000000000002	39.67500000000001
180	70	1	31.371859296482402	62.93467336683424
180	71	1	46.62999999999998	128.60500000000002
180	72	1	152.595	175.65500000000006
180	73	1	26.139999999999997	54.65499999999998
180	74	1	122.93500000000002	176.31499999999988
180	75	1	138.62500000000006	125.41999999999997
190	1	2	10.02	10.050000000000004
190	2	2	9.858585858585856	55.14141414141413
190	3	2	9.879999999999997	99.87999999999998
190	4	2	10.309278350515465	145.2164948453608
190	5	2	10.000000000000002	189.73999999999995
190	6	2	54.849999999999994	9.999999999999998
190	7	2	55.30927835051546	54.78350515463916
190	8	2	54.85858585858585	99.85858585858585
190	9	2	54.71428571428571	145.74725274725276
190	10	2	55.14141414141414	190.14141414141415
190	11	2	100.06	9.850000000000001
190	12	2	100.12	55.12000000000001
190	13	2	99.97000000000003	99.60999999999999
190	14	2	99.50000000000001	144.99999999999991
190	15	2	100.06	190.10000000000002
190	16	2	144.93999999999997	9.85
190	17	2	145.09574468085103	55.41489361702127
190	18	2	144.92000000000004	100.28
190	19	2	145.1199999999999	144.76
190	20	2	144.72916666666669	189.72916666666663
190	21	2	190.17999999999992	10.11
190	22	2	189.74	55.140000000000015
190	23	2	189.64	100.20999999999998
190	24	2	189.69072164948446	145.21649484536076
190	25	2	189.99999999999994	189.73999999999995
190	26	1	154.58000000000004	195.48
190	27	1	62.375	130.38000000000005
190	28	1	147.23000000000002	27.729999999999993
190	29	1	163.09452736318408	178.9502487562189
190	30	1	137.8793969849246	176.814070351759
190	31	1	137.99499999999998	44.91499999999999
190	32	1	136.02999999999997	166.18
190	33	1	33.02499999999999	108.42500000000005
190	34	1	18.105	42.495
190	35	1	130.72499999999997	9.665000000000004
190	36	1	13.562189054726375	27.925373134328346
190	37	1	174.82914572864317	183.7939698492462
190	38	1	168.915	27.620000000000005
190	39	1	51.86	71.46500000000005
190	40	1	79.22388059701488	115.41293532338308
190	41	1	53.22000000000001	116.21000000000005
190	42	1	66.4477611940299	142.86069651741295
190	43	1	140.30348258706465	67.78606965174131
190	44	1	43.589999999999996	57.26499999999996
190	45	1	111.76500000000003	175.78000000000006
190	46	1	164.03999999999994	161.99500000000003
190	47	1	159.5074626865672	129.7462686567165
190	48	1	28.3	37.36
190	49	1	158.02487562189052	13.258706467661696
190	50	1	199.975	142.16500000000002
190	51	1	66.97499999999997	119.75500000000002
190	52	1	36.07999999999997	182.05499999999992
190	53	1	11.81500000000001	68.65000000000006
190	54	1	90.87064676616912	127.92039800995033
190	55	1	115.64179104477613	150.44776119403002
190	56	1	150.93969849246227	116.02010050251252
190	57	1	116.66834170854267	162.26633165829145
190	58	1	122.83000000000001	27.650000000000013
190	59	1	168.48743718592976	23.748743718592966
190	60	1	171.32500000000002	128.83500000000004
190	61	1	164.62999999999994	71.11000000000003
190	62	1	70.325	105.21000000000002
190	63	1	45.43500000000001	184.53999999999994
190	64	1	66.22388059701495	32.55721393034825
190	65	1	85.81500000000003	9.829999999999998
190	66	1	136.3849999999999	199.13
190	67	1	171.44	7.995000000000002
190	68	1	166.4	196.805
190	69	1	149.47263681592023	39.97014925373136
190	70	1	31.245	63.080000000000005
190	71	1	46.51000000000001	128.46499999999997
190	72	1	152.72000000000003	175.395
190	73	1	26.019900497512445	54.791044776119406
190	74	1	122.97989949748744	175.86934673366832
190	75	1	138.9346733668342	125.66834170854275
200	1	2	10.02	10.050000000000004
200	2	2	9.858585858585856	55.14141414141413
200	3	2	9.879999999999997	99.87999999999998
200	4	2	10.309278350515465	145.2164948453608
200	5	2	10.000000000000002	189.73999999999995
200	6	2	54.849999999999994	9.999999999999998
200	7	2	55.30927835051546	54.78350515463916
200	8	2	54.85858585858585	99.85858585858585
200	9	2	54.71428571428571	145.74725274725276
200	10	2	55.14141414141414	190.14141414141415
200	11	2	100.06	9.850000000000001
200	12	2	100.12	55.12000000000001
200	13	2	99.97000000000003	99.60999999999999
200	14	2	99.50000000000001	144.99999999999991
200	15	2	100.06	190.10000000000002
200	16	2	144.93999999999997	9.85
200	17	2	145.09574468085103	55.41489361702127
200	18	2	144.92000000000004	100.28
200	19	2	145.1199999999999	144.76
200	20	2	144.72916666666669	189.72916666666663
200	21	2	190.17999999999992	10.11
200	22	2	189.74	55.140000000000015
200	23	2	189.64	100.20999999999998
200	24	2	189.69072164948446	145.21649484536076
200	25	2	189.99999999999994	189.73999999999995
200	26	1	154.53499999999997	195.1
200	27	1	62.457286432160814	129.9597989949748
200	28	1	147.14	27.790000000000003
200	29	1	163.04477611940302	178.71641791044775
200	30	1	137.88499999999993	177.01
200	31	1	138.04522613065322	44.54271356783919
200	32	1	135.86000000000007	166.20499999999998
200	33	1	33.82	108.525
200	34	1	18.009999999999994	42.415000000000006
200	35	1	130.83000000000007	9.760000000000002
200	36	1	13.262376237623759	27.21782178217821
200	37	1	174.58000000000004	183.58999999999992
200	38	1	168.97499999999997	27.610000000000003
200	39	1	51.985074626865675	70.40796019900495
200	40	1	78.89000000000003	114.57499999999999
200	41	1	53.432160804020086	115.14070351758794
200	42	1	66.43000000000002	142.41000000000003
200	43	1	141.16999999999996	68.60499999999998
200	44	1	43.54499999999997	57.43500000000002
200	45	1	111.97999999999999	175.88999999999996
200	46	1	164.325	161.96499999999997
200	47	1	159.71999999999997	129.49000000000004
200	48	1	28.210000000000008	37.34000000000003
200	49	1	158.24000000000004	13.115
200	50	1	0.24499999999999958	141.73500000000004
200	51	1	67.15577889447238	119.52763819095473
200	52	1	36.15499999999997	182.14500000000004
200	53	1	11.364999999999998	68.93999999999994
200	54	1	89.30499999999999	127.37500000000016
200	55	1	116.28000000000003	150.29500000000007
200	56	1	150.7487437185929	115.71859296482411
200	57	1	117.29000000000005	162.20500000000004
200	58	1	122.80499999999996	27.43500000000001
200	59	1	168.48743718592976	23.748743718592966
200	60	1	171.64999999999984	127.80499999999994
200	61	1	164.19500000000002	69.405
200	62	1	69.85929648241209	104.26633165829143
200	63	1	45.644999999999996	184.41999999999993
200	64	1	67.91044776119409	32.84079601990049
200	65	1	85.20999999999995	10.410000000000004
200	66	1	136.54999999999987	199.28
200	67	1	171.35499999999996	7.9799999999999995
200	68	1	166.23499999999981	196.735
200	69	1	150.4549999999999	40.09999999999998
200	70	1	31.17	63.175000000000004
200	71	1	46.97512437810947	127.51243781094527
200	72	1	152.63500000000005	175.10000000000002
200	73	1	26.075000000000006	54.815
200	74	1	123.21500000000002	176.11000000000004
200	75	1	139.365	125.4750000000001
210	1	2	10.02	10.050000000000004
210	2	2	9.858585858585856	55.14141414141413
210	3	2	9.879999999999997	99.87999999999998
210	4	2	10.309278350515465	145.2164948453608
210	5	2	10.000000000000002	189.73999999999995
210	6	2	54.849999999999994	9.999999999999998
210	7	2	55.30927835051546	54.78350515463916
210	8	2	54.85858585858585	99.85858585858585
210	9	2	54.71428571428571	145.74725274725276
210	10	2	55.14141414141414	190.14141414141415
210	11	2	100.06	9.850000000000001
210	12	2	100.12	55.12000000000001
210	13	2	99.97000000000003	99.60999999999999
210	14	2	99.50000000000001	144.99999999999991
210	15	2	100.06	190.10000000000002
210	16	2	144.93999999999997	9.85
210	17	2	145.09574468085103	55.41489361702127
210	18	2	144.92000000000004	100.28
210	19	2	145.1199999999999	144.76
210	20	2	144.72916666666669	189.72916666666663
210	21	2	190.17999999999992	10.11
210	22	2	189.74	55.140000000000015
210	23	2	189.64	100.20999999999998
210	24	2	189.69072164948446	145.21649484536076
210	25	2	189.99999999999994	189.73999999999995
210	26	1	154.74000000000004	194.86
210	27	1	62.09000000000002	129.96000000000004
210	28	1	147.17499999999993	27.80999999999999
210	29	1	163.02985074626878	178.59701492537314
210	30	1	137.79601990049747	177.16417910447763
210	31	1	138.3134328358209	44.039800995024876
210	32	1	135.67336683417088	166.3216080402009
210	33	1	34.579999999999984	108.46999999999993
210	34	1	17.915000000000003	42.00499999999999
210	35	1	131.06000000000003	9.799999999999995
210	36	1	12.747524752475243	26.376237623762382
210	37	1	174.30499999999995	183.08999999999997
210	38	1	169.00000000000006	27.700000000000003
210	39	1	52.517412935323414	69.78109452736321
210	40	1	78.27	113.66999999999993
210	41	1	53.239999999999995	114.20000000000002
210	42	1	66.665	141.78499999999988
210	43	1	142.465	69.90500000000002
210	44	1	43.46000000000001	57.58
210	45	1	112.19999999999999	175.96000000000004
210	46	1	164.53500000000005	161.72999999999996
210	47	1	159.72500000000008	129.47500000000002
210	48	1	27.840000000000003	37.25000000000001
210	49	1	158.355	12.910000000000004
210	50	1	0.6349999999999996	140.97000000000003
210	51	1	67.23000000000005	119.45999999999995
210	52	1	36.120000000000005	182.17999999999995
210	53	1	11.615000000000004	68.78000000000002
210	54	1	88.4228855721393	126.49253731343283
210	55	1	117.09000000000002	149.7400000000001
210	56	1	150.82999999999996	115.57000000000002
210	57	1	118.09950248756215	161.66169154228854
210	58	1	123.02500000000005	27.45500000000001
210	59	1	168.48743718592976	23.73366834170854
210	60	1	171.82000000000005	127.23499999999999
210	61	1	164.66000000000005	68.06999999999996
210	62	1	68.95522388059706	102.88059701492537
210	63	1	45.592964824120585	184.53768844221102
210	64	1	69.46268656716418	33.62189054726369
210	65	1	85.14000000000003	11.670000000000003
210	66	1	136.59000000000003	199.11
210	67	1	171.45499999999996	7.980000000000001
210	68	1	166.48000000000005	196.74
210	69	1	151.105	40.214999999999975
210	70	1	31.074999999999996	63.14500000000007
210	71	1	47.170854271356795	126.1105527638191
210	72	1	152.64000000000001	174.99499999999998
210	73	1	26.23	54.60499999999998
210	74	1	123.1	175.78
210	75	1	139.74	125.28
220	1	2	10.02	10.050000000000004
220	2	2	9.858585858585856	55.14141414141413
220	3	2	9.879999999999997	99.87999999999998
220	4	2	10.309278350515465	145.2164948453608
220	5	2	10.000000000000002	189.73999999999995
220	6	2	54.849999999999994	9.999999999999998
220	7	2	55.30927835051546	54.78350515463916
220	8	2	54.85858585858585	99.85858585858585
220	9	2	54.71428571428571	145.74725274725276
220	10	2	55.14141414141414	190.14141414141415
220	11	2	100.06	9.850000000000001
220	12	2	100.12	55.12000000000001
220	13	2	99.97000000000003	99.60999999999999
220	14	2	99.50000000000001	144.99999999999991
220	15	2	100.06	190.10000000000002
220	16	2	144.93999999999997	9.85
220	17	2	145.09574468085103	55.41489361702127
220	18	2	144.92000000000004	100.28
220	19	2	145.1199999999999	144.76
220	20	2	144.72916666666669	189.72916666666663
220	21	2	190.17999999999992	10.11
220	22	2	189.74	55.140000000000015
220	23	2	189.64	100.20999999999998
220	24	2	189.69072164948446	145.21649484536076
220	25	2	189.99999999999994	189.73999999999995
220	26	1	154.76500000000004	194.855
220	27	1	61.42288557213932	130.02985074626872
220	28	1	146.82500000000005	28.589999999999996
220	29	1	162.97	178.54000000000002
220	30	1	138.04499999999982	177.155
220	31	1	138.4	43.72500000000002
220	32	1	135.51758793969856	166.3366834170855
220	33	1	34.68656716417911	108.4278606965174
220	34	1	17.76	41.75000000000002
220	35	1	131.08499999999995	9.679999999999998
220	36	1	11.815	25.445000000000007
220	37	1	174.14999999999992	182.765
220	38	1	169.00000000000006	27.595000000000002
220	39	1	53.08999999999999	69.625
220	40	1	77.43	112.43999999999997
220	41	1	53.364999999999995	113.875
220	42	1	67.21	141.10000000000002
220	43	1	142.87499999999983	70.68000000000004
220	44	1	43.54500000000001	57.50000000000001
220	45	1	112.51256281407038	175.60301507537685
220	46	1	164.6800000000001	161.9599999999999
220	47	1	159.7049999999999	129.45999999999992
220	48	1	27.324999999999992	37.11
220	49	1	158.22500000000002	13.105000000000008
220	50	1	0.716417910447762	139.78109452736317
220	51	1	67.32338308457709	119.57213930348261
220	52	1	35.557213930348254	182.59701492537317
220	53	1	11.890000000000006	68.70999999999998
220	54	1	86.80099502487563	125.66169154228851
220	55	1	117.73631840796023	150.1243781094527
220	56	1	151.08542713567823	115.76884422110557
220	57	1	119.74752475247527	160.8316831683168
220	58	1	122.82587064676616	27.41791044776119
220	59	1	168.51256281407044	23.73869346733668
220	60	1	172.39999999999998	126.04
220	61	1	165.29850746268662	67.13432835820899
220	62	1	68.41500000000002	102.16000000000004
220	63	1	45.46000000000001	184.5300000000001
220	64	1	70.87500000000003	34.844999999999985
220	65	1	84.70500000000007	13.315000000000012
220	66	1	136.54500000000004	198.89
220	67	1	171.26999999999995	7.905000000000003
220	68	1	166.62	196.615
220	69	1	152.1049999999999	39.71500000000001
220	70	1	31.18	63.074999999999996
220	71	1	46.661691542288544	123.77114427860698
220	72	1	152.66499999999988	174.68000000000006
220	73	1	26.055000000000007	54.720000000000006
220	74	1	123.23999999999997	175.14500000000004
220	75	1	139.79500000000002	125.25499999999997
230	1	2	10.02	10.050000000000004
230	2	2	9.858585858585856	55.14141414141413
230	3	2	9.879999999999997	99.87999999999998
230	4	2	10.309278350515465	145.2164948453608
230	5	2	10.000000000000002	189.73999999999995
230	6	2	54.849999999999994	9.999999999999998
230	7	2	55.30927835051546	54.78350515463916
230	8	2	54.85858585858585	99.85858585858585
230	9	2	54.71428571428571	145.74725274725276
230	10	2	55.14141414141414	190.14141414141415
230	11	2	100.06	9.850000000000001
230	12	2	100.12	55.12000000000001
230	13	2	99.97000000000003	99.60999999999999
230	14	2	99.50000000000001	144.99999999999991
230	15	2	100.06	190.10000000000002
230	16	2	144.93999999999997	9.85
230	17	2	145.09574468085103	55.41489361702127
230	18	2	144.92000000000004	100.28
230	19	2	145.1199999999999	144.76
230	20	2	144.72916666666669	189.72916666666663
230	21	2	190.17999999999992	10.11
230	22	2	189.74	55.140000000000015
230	23	2	189.64	100.20999999999998
230	24	2	189.69072164948446	145.21649484536076
230	25	2	189.99999999999994	189.73999999999995
230	26	1	154.73999999999995	194.78
230	27	1	60.71000000000002	130.36999999999995
230	28	1	146.29850746268656	29.611940298507456
230	29	1	163.00500000000002	178.66
230	30	1	137.65999999999997	177.21500000000003
230	31	1	138.655	43.41499999999999
230	32	1	135.33000000000007	166.42
230	33	1	34.794999999999995	108.22999999999995
230	34	1	17.507462686567155	41.43283582089552
230	35	1	131.21000000000012	10.155000000000003
230	36	1	10.970000000000004	24.740000000000013
230	37	1	173.99000000000007	182.28499999999988
230	38	1	168.9550000000001	27.705
230	39	1	53.914999999999985	69.78999999999995
230	40	1	77.21	111.25499999999998
230	41	1	53.349999999999994	114.17
230	42	1	68.165	139.60999999999996
230	43	1	143.58999999999995	71.73500000000007
230	44	1	43.574999999999996	57.64499999999998
230	45	1	112.37999999999994	175.29999999999984
230	46	1	164.4800000000001	162.01000000000005
230	47	1	160.24499999999992	129.645
230	48	1	27.255000000000006	37.12000000000001
230	49	1	158	13.344999999999999
230	50	1	0.6467661691542292	138.5721393034826
230	51	1	67.12060301507536	119.34673366834166
230	52	1	35.23499999999999	182.2899999999999
230	53	1	11.895000000000001	68.56499999999998
230	54	1	85.37623762376238	124.89108910891088
230	55	1	117.5099999999999	150.7400000000001
230	56	1	151.81094527363183	116.26865671641794
230	57	1	120.79104477611938	160.25373134328362
230	58	1	122.345	27.530000000000005
230	59	1	168.48743718592976	23.73366834170854
230	60	1	173.88000000000008	125.09499999999994
230	61	1	165.79000000000005	66.58999999999997
230	62	1	68.24000000000001	101.91
230	63	1	45.30845771144278	184.54726368159209
230	64	1	72.19000000000004	37.48
230	65	1	84.24999999999997	13.8
230	66	1	136.50500000000005	198.965
230	67	1	171.19500000000005	7.860000000000003
230	68	1	166.51500000000004	196.55
230	69	1	153.9154228855721	38.89054726368158
230	70	1	31.270000000000014	62.950000000000024
230	71	1	46.46000000000002	122.80000000000004
230	72	1	152.62999999999994	174.55999999999997
230	73	1	26.444999999999993	54.28499999999999
230	74	1	122.99502487562187	174.70646766169145
230	75	1	140.18499999999992	124.90500000000004
240	1	2	10.02	10.050000000000004
240	2	2	9.858585858585856	55.14141414141413
240	3	2	9.879999999999997	99.87999999999998
240	4	2	10.309278350515465	145.2164948453608
240	5	2	10.000000000000002	189.73999999999995
240	6	2	54.849999999999994	9.999999999999998
240	7	2	55.30927835051546	54.78350515463916
240	8	2	54.85858585858585	99.85858585858585
240	9	2	54.71428571428571	145.74725274725276
240	10	2	55.14141414141414	190.14141414141415
240	11	2	100.06	9.850000000000001
240	12	2	100.12	55.12000000000001
240	13	2	99.97000000000003	99.60999999999999
240	14	2	99.50000000000001	144.99999999999991
240	15	2	100.06	190.10000000000002
240	16	2	144.93999999999997	9.85
240	17	2	145.09574468085103	55.41489361702127
240	18	2	144.92000000000004	100.28
240	19	2	145.1199999999999	144.76
240	20	2	144.72916666666669	189.72916666666663
240	21	2	190.17999999999992	10.11
240	22	2	189.74	55.140000000000015
240	23	2	189.64	100.20999999999998
240	24	2	189.69072164948446	145.21649484536076
240	25	2	189.99999999999994	189.73999999999995
240	26	1	154.5820895522388	194.82587064676616
240	27	1	60.25500000000001	130.5499999999999
240	28	1	146.28500000000005	30.580000000000005
240	29	1	163.02499999999995	178.70499999999998
240	30	1	137.58000000000004	177.235
240	31	1	138.7810945273633	43.35323383084573
240	32	1	135.45000000000002	166.4000000000001
240	33	1	35.049999999999976	108.00499999999997
240	34	1	17.705000000000005	41.48499999999997
240	35	1	131.43216080402007	10.88442211055277
240	36	1	9.606965174129352	24.19402985074626
240	37	1	173.8900000000001	182.30499999999995
240	38	1	169.15577889447235	27.552763819095485
240	39	1	54.939698492462306	70.1256281407035
240	40	1	77.1	111.47
240	41	1	53.449999999999996	114.145
240	42	1	69.18500000000003	138.12
240	43	1	143.97499999999994	72.34499999999997
240	44	1	43.75376884422112	58.366834170854275
240	45	1	112.40999999999997	175.14
240	46	1	164.27000000000004	161.89500000000012
240	47	1	160.90999999999994	129.75
240	48	1	26.985000000000014	36.790000000000006
240	49	1	157.65671641791045	13.711442786069657
240	50	1	0.45226130653266294	137.7989949748744
240	51	1	67.09500000000004	119.44499999999998
240	52	1	33.63681592039802	182.2288557213929
240	53	1	12.27	68.50999999999999
240	54	1	84.805	125.2
240	55	1	116.86069651741293	151.17910447761193
240	56	1	152.23383084577105	116.34328358208953
240	57	1	121.28358208955223	159.80597014925377
240	58	1	122.14999999999999	27.16999999999999
240	59	1	168.48743718592976	23.73366834170854
240	60	1	174.95999999999998	124.24
240	61	1	166.47999999999996	66.07500000000002
240	62	1	68.28000000000002	101.90499999999997
240	63	1	44.929648241206024	184.6281407035176
240	64	1	73.2821782178218	39.232673267326724
240	65	1	84.18500000000002	14
240	66	1	136.48000000000002	199.14500000000007
240	67	1	171.04500000000016	8.004999999999997
240	68	1	166.30499999999992	196.615
240	69	1	155.47499999999997	37.89000000000003
240	70	1	31.29	62.75499999999999
240	71	1	46.309999999999995	122.51499999999996
240	72	1	152.60999999999999	174.77
240	73	1	26.429999999999996	54.190000000000026
240	74	1	122.92500000000004	174.37000000000006
240	75	1	140.60000000000002	124.44500000000006
250	1	2	10.02	10.050000000000004
250	2	2	9.858585858585856	55.14141414141413
250	3	2	9.879999999999997	99.87999999999998
250	4	2	10.309278350515465	145.2164948453608
250	5	2	10.000000000000002	189.73999999999995
250	6	2	54.849999999999994	9.999999999999998
250	7	2	55.30927835051546	54.78350515463916
250	8	2	54.85858585858585	99.85858585858585
250	9	2	54.71428571428571	145.74725274725276
250	10	2	55.14141414141414	190.14141414141415
250	11	2	100.06	9.850000000000001
250	12	2	100.12	55.12000000000001
250	13	2	99.97000000000003	99.60999999999999
250	14	2	99.50000000000001	144.99999999999991
250	15	2	100.06	190.10000000000002
250	16	2	144.93999999999997	9.85
250	17	2	145.09574468085103	55.41489361702127
250	18	2	144.92000000000004	100.28
250	19	2	145.1199999999999	144.76
250	20	2	144.72916666666669	189.72916666666663
250	21	2	190.17999999999992	10.11
250	22	2	189.74	55.140000000000015
250	23	2	189.64	100.20999999999998
250	24	2	189.69072164948446	145.21649484536076
250	25	2	189.99999999999994	189.73999999999995
250	26	1	154.72499999999997	194.68
250	27	1	60.19999999999999	130.72499999999985
250	28	1	146.345	30.945000000000014
250	29	1	163.06	178.81999999999994
250	30	1	137.95499999999998	177.13499999999996
250	31	1	138.92000000000002	42.98000000000001
250	32	1	135.285	166.32999999999998
250	33	1	34.791044776119364	107.6318407960199
250	34	1	17.984999999999992	41.57000000000001
250	35	1	131.24500000000003	11.38
250	36	1	8.769999999999998	24.06500000000001
250	37	1	173.96	182.43499999999997
250	38	1	169.1	27.725000000000005
250	39	1	56.08499999999999	70.10499999999999
250	40	1	77.21500000000002	111.67999999999998
250	41	1	53.46268656716416	114.26368159203982
250	42	1	70.67499999999997	137.68500000000006
250	43	1	144.35500000000005	72.70000000000005
250	44	1	43.85572139303483	58.10447761194027
250	45	1	112.54271356783923	175.39195979899492
250	46	1	164.3049999999999	161.99500000000003
250	47	1	161.44278606965173	129.94527363184082
250	48	1	26.765	36.750000000000014
250	49	1	157.43499999999997	13.989999999999995
250	50	1	0.31658291457286464	137.22110552763826
250	51	1	67.105	119.585
250	52	1	32.63499999999999	182.14000000000001
250	53	1	13.094999999999995	68.89500000000001
250	54	1	83.56000000000003	126.01999999999994
250	55	1	116.09000000000003	151.26
250	56	1	152.61809045226124	116.58291457286435
250	57	1	120.74499999999999	159.72500000000002
250	58	1	122.05000000000004	26.574999999999996
250	59	1	168.49999999999997	23.724999999999994
250	60	1	175.30999999999992	123.89500000000002
250	61	1	166.86	65.72499999999997
250	62	1	68.25999999999996	102.39500000000001
250	63	1	44.86432160804022	184.65326633165824
250	64	1	73.79000000000003	41.44999999999997
250	65	1	84.24000000000001	13.950000000000005
250	66	1	136.56	199.21
250	67	1	171.11999999999998	8.270000000000003
250	68	1	166.05999999999992	196.86
250	69	1	156.37	37.59499999999999
250	70	1	31.669999999999998	62.63500000000003
250	71	1	46.165000000000035	122.455
250	72	1	152.53731343283587	174.6119402985074
250	73	1	26.38999999999999	54.405
250	74	1	122.88	174.27500000000003
250	75	1	140.80499999999998	123.98499999999999
260	1	2	10.02	10.050000000000004
260	2	2	9.858585858585856	55.14141414141413
260	3	2	9.879999999999997	99.87999999999998
260	4	2	10.309278350515465	145.2164948453608
260	5	2	10.000000000000002	189.73999999999995
260	6	2	54.849999999999994	9.999999999999998
260	7	2	55.30927835051546	54.78350515463916
260	8	2	54.85858585858585	99.85858585858585
260	9	2	54.71428571428571	145.74725274725276
260	10	2	55.14141414141414	190.14141414141415
260	11	2	100.06	9.850000000000001
260	12	2	100.12	55.12000000000001
260	13	2	99.97000000000003	99.60999999999999
260	14	2	99.50000000000001	144.99999999999991
260	15	2	100.06	190.10000000000002
260	16	2	144.93999999999997	9.85
260	17	2	145.09574468085103	55.41489361702127
260	18	2	144.92000000000004	100.28
260	19	2	145.1199999999999	144.76
260	20	2	144.72916666666669	189.72916666666663
260	21	2	190.17999999999992	10.11
260	22	2	189.74	55.140000000000015
260	23	2	189.64	100.20999999999998
260	24	2	189.69072164948446	145.21649484536076
260	25	2	189.99999999999994	189.73999999999995
260	26	1	154.73631840796023	194.55721393034827
260	27	1	60.199004975124375	130.71144278606974
260	28	1	146.69499999999988	31.434999999999988
260	29	1	163.07000000000005	178.95
260	30	1	137.92999999999995	177.195
260	31	1	138.46231155778906	42.623115577889415
260	32	1	135.20398009950253	166.3283582089552
260	33	1	34.54999999999999	107.49000000000004
260	34	1	18.110000000000003	41.53500000000001
260	35	1	131.26500000000001	11.374999999999996
260	36	1	8.204999999999998	23.720000000000006
260	37	1	174.05	182.18499999999997
260	38	1	169.13065326633165	27.80402010050251
260	39	1	56.78109452736321	69.91044776119402
260	40	1	77.46733668341709	112.38693467336674
260	41	1	53.579999999999984	114.37999999999994
260	42	1	70.95024875621888	138.27363184079607
260	43	1	144.23999999999998	72.73999999999998
260	44	1	43.79899497487438	58.11557788944723
260	45	1	112.47236180904518	175.27135678391969
260	46	1	164.31999999999994	162.08000000000004
260	47	1	161.705	129.84499999999997
260	48	1	26.618090452261328	36.45226130653268
260	49	1	157.39	14.075
260	50	1	199.975	136.65999999999985
260	51	1	67.32	119.79999999999995
260	52	1	32.140000000000015	182.22499999999997
260	53	1	14.195000000000002	69.05999999999999
260	54	1	82.72139303482582	127.26368159203982
260	55	1	115.80000000000004	151.45999999999998
260	56	1	152.73499999999999	116.79999999999997
260	57	1	120.91959798994974	159.532663316583
260	58	1	121.98499999999999	26.20999999999999
260	59	1	168.49999999999997	23.724999999999994
260	60	1	175.56000000000003	123.66499999999998
260	61	1	166.859296482412	65.81407035175877
260	62	1	68.46000000000002	102.64999999999996
260	63	1	44.910000000000025	184.51500000000001
260	64	1	74.29702970297026	43.75742574257429
260	65	1	84.21499999999995	13.860000000000001
260	66	1	136.59000000000003	199.4
260	67	1	171.02999999999992	8.280000000000003
260	68	1	165.96499999999997	196.88
260	69	1	158.09499999999994	37.855000000000025
260	70	1	32.005	62.384999999999984
260	71	1	46.145000000000024	122.30000000000001
260	72	1	152.51500000000004	174.59499999999994
260	73	1	26.469999999999995	54.40999999999999
260	74	1	122.935	174.325
260	75	1	140.98499999999993	122.88499999999998
270	1	2	10.02	10.050000000000004
270	2	2	9.858585858585856	55.14141414141413
270	3	2	9.879999999999997	99.87999999999998
270	4	2	10.309278350515465	145.2164948453608
270	5	2	10.000000000000002	189.73999999999995
270	6	2	54.849999999999994	9.999999999999998
270	7	2	55.30927835051546	54.78350515463916
270	8	2	54.85858585858585	99.85858585858585
270	9	2	54.71428571428571	145.74725274725276
270	10	2	55.14141414141414	190.14141414141415
270	11	2	100.06	9.850000000000001
270	12	2	100.12	55.12000000000001
270	13	2	99.97000000000003	99.60999999999999
270	14	2	99.50000000000001	144.99999999999991
270	15	2	100.06	190.10000000000002
270	16	2	144.93999999999997	9.85
270	17	2	145.09574468085103	55.41489361702127
270	18	2	144.92000000000004	100.28
270	19	2	145.1199999999999	144.76
270	20	2	144.72916666666669	189.72916666666663
270	21	2	190.17999999999992	10.11
270	22	2	189.74	55.140000000000015
270	23	2	189.64	100.20999999999998
270	24	2	189.69072164948446	145.21649484536076
270	25	2	189.99999999999994	189.73999999999995
270	26	1	154.71500000000006	194.525
270	27	1	60.225	130.82000000000002
270	28	1	146.84577114427867	32.154228855721406
270	29	1	162.98499999999999	178.97
270	30	1	137.8743718592963	176.97487437185933
270	31	1	137.0049999999999	42.475
270	32	1	135.105	166.2000000000001
270	33	1	33.81499999999999	107.25999999999996
270	34	1	18.17000000000001	41.45000000000001
270	35	1	130.771144278607	11.169154228855716
270	36	1	7.965000000000002	23.489999999999984
270	37	1	173.91999999999996	182.14499999999998
270	38	1	169.12499999999994	27.845000000000006
270	39	1	57.20000000000001	69.71500000000003
270	40	1	77.273631840796	112.8557213930348
270	41	1	53.47500000000002	114.53500000000004
270	42	1	71.59500000000003	138.84
270	43	1	144.06499999999994	72.42999999999996
270	44	1	43.884999999999984	58.20999999999998
270	45	1	112.25000000000003	175.2500000000001
270	46	1	164.47000000000003	162.39499999999998
270	47	1	161.715	129.68
270	48	1	26.660000000000007	36.705000000000005
270	49	1	157.33333333333326	14.283582089552239
270	50	1	0.1699999999999996	136.38499999999993
270	51	1	67.44499999999998	120.09499999999994
270	52	1	32.31	182.305
270	53	1	15.195	69.40000000000003
270	54	1	82.22388059701491	127.8855721393035
270	55	1	115.135	151.85
270	56	1	152.91542288557218	117.03980099502492
270	57	1	120.49999999999999	159.8500000000001
270	58	1	122.23500000000001	26.230000000000015
270	59	1	168.48743718592976	23.748743718592966
270	60	1	175.64179104477606	123.62686567164178
270	61	1	166.64499999999992	66.23499999999999
270	62	1	68.54271356783927	102.72361809045223
270	63	1	45.02000000000003	184.03000000000003
270	64	1	74.47500000000002	46.434999999999995
270	65	1	84.27500000000003	13.614999999999995
270	66	1	136.60000000000016	199.645
270	67	1	170.85500000000002	7.949999999999999
270	68	1	165.69500000000002	196.93
270	69	1	158.59999999999994	38.000000000000014
270	70	1	32.180000000000014	62.52000000000001
270	71	1	45.91500000000003	121.98499999999999
270	72	1	152.30999999999997	174.68000000000004
270	73	1	26.776119402985078	54.31343283582091
270	74	1	122.95499999999996	174.83499999999992
270	75	1	140.8900000000001	121.56499999999998
280	1	2	10.02	10.050000000000004
280	2	2	9.858585858585856	55.14141414141413
280	3	2	9.879999999999997	99.87999999999998
280	4	2	10.309278350515465	145.2164948453608
280	5	2	10.000000000000002	189.73999999999995
280	6	2	54.849999999999994	9.999999999999998
280	7	2	55.30927835051546	54.78350515463916
280	8	2	54.85858585858585	99.85858585858585
280	9	2	54.71428571428571	145.74725274725276
280	10	2	55.14141414141414	190.14141414141415
280	11	2	100.06	9.850000000000001
280	12	2	100.12	55.12000000000001
280	13	2	99.97000000000003	99.60999999999999
280	14	2	99.50000000000001	144.99999999999991
280	15	2	100.06	190.10000000000002
280	16	2	144.93999999999997	9.85
280	17	2	145.09574468085103	55.41489361702127
280	18	2	144.92000000000004	100.28
280	19	2	145.1199999999999	144.76
280	20	2	144.72916666666669	189.72916666666663
280	21	2	190.17999999999992	10.11
280	22	2	189.74	55.140000000000015
280	23	2	189.64	100.20999999999998
280	24	2	189.69072164948446	145.21649484536076
280	25	2	189.99999999999994	189.73999999999995
280	26	1	154.74000000000004	194.60500000000008
280	27	1	60.440000000000005	130.96500000000003
280	28	1	146.96499999999995	32.294999999999995
280	29	1	163.11999999999995	178.95000000000005
280	30	1	137.67661691542284	177.0049751243781
280	31	1	136.00999999999996	41.965
280	32	1	134.95499999999996	166.18000000000006
280	33	1	33.75499999999999	107.32000000000001
280	34	1	18.16582914572864	41.49748743718593
280	35	1	129.587064676617	10.597014925373134
280	36	1	7.935000000000004	23.554999999999993
280	37	1	173.80500000000006	182.0349999999999
280	38	1	169.08040201005028	28.03517587939699
280	39	1	57.10000000000001	69.77000000000001
280	40	1	77.21999999999997	113.625
280	41	1	53.28999999999999	114.93499999999997
280	42	1	71.95499999999998	139.55500000000004
280	43	1	144	72.425
280	44	1	43.815	58.26499999999999
280	45	1	112.27499999999998	175.085
280	46	1	165.25500000000002	162.71499999999992
280	47	1	161.69000000000003	129.66000000000003
280	48	1	26.495000000000005	36.55500000000001
280	49	1	157.37999999999988	14.284999999999997
280	50	1	0.275	136.09500000000014
280	51	1	67.2550000000001	119.74000000000004
280	52	1	32.540000000000006	182.32999999999998
280	53	1	15.704999999999993	69.49
280	54	1	81.59000000000005	128.51999999999992
280	55	1	114.27000000000002	152.06
280	56	1	152.39	117.39000000000003
280	57	1	120.26130653266334	160.01005025125627
280	58	1	122.31000000000003	26.109999999999992
280	59	1	168.48743718592976	23.73366834170854
280	60	1	175.51	123.61500000000002
280	61	1	166.73631840796025	66.72636815920397
280	62	1	68.84422110552767	102.61809045226127
280	63	1	45.145728643216046	182.79899497487438
280	64	1	73.99504950495052	48.653465346534645
280	65	1	84.15500000000002	13.699999999999998
280	66	1	136.4	199.86000000000013
280	67	1	171.01507537688434	7.844221105527635
280	68	1	165.56000000000006	197.145
280	69	1	158.64999999999992	38.054999999999986
280	70	1	31.990049751243795	62.78606965174131
280	71	1	46.035000000000004	122.25999999999998
280	72	1	152.3383084577115	174.73134328358213
280	73	1	27.04522613065325	54.06030150753767
280	74	1	122.79000000000005	175.35999999999996
280	75	1	140.22110552763812	120.32663316582908
290	1	2	10.02	10.050000000000004
290	2	2	9.858585858585856	55.14141414141413
290	3	2	9.879999999999997	99.87999999999998
290	4	2	10.309278350515465	145.2164948453608
290	5	2	10.000000000000002	189.73999999999995
290	6	2	54.849999999999994	9.999999999999998
290	7	2	55.30927835051546	54.78350515463916
290	8	2	54.85858585858585	99.85858585858585
290	9	2	54.71428571428571	145.74725274725276
290	10	2	55.14141414141414	190.14141414141415
290	11	2	100.06	9.850000000000001
290	12	2	100.12	55.12000000000001
290	13	2	99.97000000000003	99.60999999999999
290	14	2	99.50000000000001	144.99999999999991
290	15	2	100.06	190.10000000000002
290	16	2	144.93999999999997	9.85
290	17	2	145.09574468085103	55.41489361702127
290	18	2	144.92000000000004	100.28
290	19	2	145.1199999999999	144.76
290	20	2	144.72916666666669	189.72916666666663
290	21	2	190.17999999999992	10.11
290	22	2	189.74	55.140000000000015
290	23	2	189.64	100.20999999999998
290	24	2	189.69072164948446	145.21649484536076
290	25	2	189.99999999999994	189.73999999999995
290	26	1	154.72499999999997	194.67499999999998
290	27	1	60.819999999999986	131.11999999999995
290	28	1	146.69	32.40999999999998
290	29	1	163.16499999999996	178.8249999999999
290	30	1	137.79	177.1349999999999
290	31	1	135.29999999999995	41.83999999999999
290	32	1	134.88000000000005	166.37499999999994
290	33	1	33.88000000000001	107.53999999999998
290	34	1	18.218905472636816	41.35820895522389
290	35	1	128.56499999999997	10.419999999999998
290	36	1	7.684999999999998	23.48
290	37	1	173.57500000000002	181.62500000000009
290	38	1	168.9350000000001	27.979999999999997
290	39	1	56.94999999999999	69.72999999999999
290	40	1	77.33165829145726	113.819095477387
290	41	1	53.134999999999984	114.98
290	42	1	72.73499999999996	140.16499999999994
290	43	1	144.24000000000004	72.36999999999999
290	44	1	43.630000000000024	58.11499999999999
290	45	1	112.08000000000003	174.985
290	46	1	166.77611940298505	162.92039800995028
290	47	1	161.7437185929648	129.6582914572865
290	48	1	26.552763819095475	36.56281407035175
290	49	1	157.27500000000006	14.325000000000003
290	50	1	0.2338308457711444	135.8258706467661
290	51	1	66.89054726368165	119.37313432835823
290	52	1	32.83499999999998	182.60999999999993
290	53	1	16.274999999999995	69.58000000000001
290	54	1	81.11442786069648	128.65174129353235
290	55	1	114.13	152.19000000000005
290	56	1	151.85572139303468	118.3582089552239
290	57	1	120.49999999999999	160.195
290	58	1	122.43	26.055
290	59	1	168.49999999999997	23.724999999999994
290	60	1	175.33	123.65500000000003
290	61	1	167.11055276381902	67.19597989949744
290	62	1	69.28999999999999	102.76499999999999
290	63	1	45.18090452261307	182.50251256281405
290	64	1	73.00995024875625	50.597014925373124
290	65	1	84.195	13.150000000000002
290	66	1	136.78999999999994	0.5450000000000004
290	67	1	171.04999999999993	7.959999999999996
290	68	1	165.58706467661688	197.08457711442787
290	69	1	158.49499999999998	38.06499999999999
290	70	1	32.10000000000001	62.87499999999999
290	71	1	46.308457711442806	122.7910447761194
290	72	1	152.58499999999995	174.76500000000001
290	73	1	27.12999999999999	54.03499999999999
290	74	1	122.61499999999998	175.84500000000008
290	75	1	140.04522613065342	118.49246231155776
300	1	2	10.02	10.050000000000004
300	2	2	9.858585858585856	55.14141414141413
300	3	2	9.879999999999997	99.87999999999998
300	4	2	10.309278350515465	145.2164948453608
300	5	2	10.000000000000002	189.73999999999995
300	6	2	54.849999999999994	9.999999999999998
300	7	2	55.30927835051546	54.78350515463916
300	8	2	54.85858585858585	99.85858585858585
300	9	2	54.71428571428571	145.74725274725276
300	10	2	55.14141414141414	190.14141414141415
300	11	2	100.06	9.850000000000001
300	12	2	100.12	55.12000000000001
300	13	2	99.97000000000003	99.60999999999999
300	14	2	99.50000000000001	144.99999999999991
300	15	2	100.06	190.10000000000002
300	16	2	144.93999999999997	9.85
300	17	2	145.09574468085103	55.41489361702127
300	18	2	144.92000000000004	100.28
300	19	2	145.1199999999999	144.76
300	20	2	144.72916666666669	189.72916666666663
300	21	2	190.17999999999992	10.11
300	22	2	189.74	55.140000000000015
300	23	2	189.64	100.20999999999998
300	24	2	189.69072164948446	145.21649484536076
300	25	2	189.99999999999994	189.73999999999995
300	26	1	154.67999999999986	194.69
300	27	1	61.31500000000002	131.93999999999997
300	28	1	146.6268656716419	32.29353233830846
300	29	1	163.245	178.73
300	30	1	137.86999999999998	176.92500000000007
300	31	1	134.95000000000005	41.76499999999998
300	32	1	134.72999999999996	166.28000000000014
300	33	1	34.295	107.69500000000002
300	34	1	17.915	40.71999999999999
300	35	1	128.07500000000002	10.025000000000002
300	36	1	6.590000000000001	22.900000000000013
300	37	1	173.45999999999984	181.5150000000001
300	38	1	168.99499999999992	28.07500000000002
300	39	1	56.77499999999998	69.44500000000001
300	40	1	77.33999999999999	113.87500000000007
300	41	1	53.139999999999986	115.23000000000005
300	42	1	74.08499999999997	140.85500000000002
300	43	1	144.57500000000007	72.29999999999998
300	44	1	43.62499999999999	57.87499999999996
300	45	1	112.00499999999998	174.82500000000016
300	46	1	167.88059701492537	163.51741293532336
300	47	1	161.82500000000007	129.81000000000003
300	48	1	26.564999999999994	36.54000000000001
300	49	1	157.28500000000005	14.424999999999995
300	50	1	199.785	135.01499999999996
300	51	1	66.78000000000002	119.585
300	52	1	32.56999999999999	182.71000000000004
300	53	1	16.495000000000005	69.59500000000004
300	54	1	80.72	128.66499999999988
300	55	1	114.26000000000002	152.37000000000012
300	56	1	151.1094527363183	120.1293532338309
300	57	1	120.47999999999998	160.3149999999999
300	58	1	122.75500000000001	25.87499999999999
300	59	1	168.51256281407044	23.73869346733668
300	60	1	175.0599999999999	123.58499999999994
300	61	1	167.47499999999994	67.60000000000007
300	62	1	69.105	102.85499999999999
300	63	1	45.25999999999998	182.45500000000007
300	64	1	71.94	51.875
300	65	1	84.26000000000006	13.055000000000001
300	66	1	136.66	0.4899999999999997
300	67	1	170.95000000000002	8.025000000000004
300	68	1	165.58999999999997	197.08
300	69	1	158.43000000000018	38.08999999999998
300	70	1	31.970000000000002	62.83000000000001
300	71	1	46.60696517412936	123.21890547263683
300	72	1	152.71641791044775	174.63681592039802
300	73	1	26.924623115577894	53.98492462311556
300	74	1	122.63499999999999	176.08499999999992
300	75	1	140.52499999999984	117.42999999999996
310	1	2	10.02	10.050000000000004
310	2	2	9.858585858585856	55.14141414141413
310	3	2	9.879999999999997	99.87999999999998
310	4	2	10.309278350515465	145.2164948453608
310	5	2	10.000000000000002	189.73999999999995
310	6	2	54.849999999999994	9.999999999999998
310	7	2	55.30927835051546	54.78350515463916
310	8	2	54.85858585858585	99.85858585858585
310	9	2	54.71428571428571	145.74725274725276
310	10	2	55.14141414141414	190.14141414141415
310	11	2	100.06	9.850000000000001
310	12	2	100.12	55.12000000000001
310	13	2	99.97000000000003	99.60999999999999
310	14	2	99.50000000000001	144.99999999999991
310	15	2	100.06	190.10000000000002
310	16	2	144.93999999999997	9.85
310	17	2	145.09574468085103	55.41489361702127
310	18	2	144.92000000000004	100.28
310	19	2	145.1199999999999	144.76
310	20	2	144.72916666666669	189.72916666666663
310	21	2	190.17999999999992	10.11
310	22	2	189.74	55.140000000000015
310	23	2	189.64	100.20999999999998
310	24	2	189.69072164948446	145.21649484536076
310	25	2	189.99999999999994	189.73999999999995
310	26	1	154.72000000000003	194.635
310	27	1	61.61999999999997	132.43500000000012
310	28	1	146.52499999999992	32.26000000000002
310	29	1	163.22500000000002	178.14
310	30	1	137.72499999999994	177.02500000000003
310	31	1	135.48000000000008	41.730000000000004
310	32	1	134.91000000000008	166.25500000000008
310	33	1	34.404999999999994	107.795
310	34	1	17.464999999999993	40.094999999999985
310	35	1	127.61691542288557	9.830845771144284
310	36	1	6.405	22.845
310	37	1	173.24999999999994	181.40000000000003
310	38	1	169.045	28.125000000000004
310	39	1	56.51	69.46000000000001
310	40	1	77.39000000000001	114.21999999999998
310	41	1	53.220000000000006	115.47499999999997
310	42	1	75.45728643216081	141.1758793969848
310	43	1	144.71499999999997	72.52499999999996
310	44	1	43.54499999999999	57.995
310	45	1	112.11000000000003	174.62000000000015
310	46	1	169.27363184079596	164.323383084577
310	47	1	161.50500000000002	129.3649999999998
310	48	1	26.349999999999987	36.47499999999997
310	49	1	157.325	14.325
310	50	1	198.48	134.045
310	51	1	66.86499999999998	119.895
310	52	1	32.97499999999999	182.6200000000001
310	53	1	16.54	69.41499999999998
310	54	1	80.46766169154225	128.94527363184065
310	55	1	114.15499999999997	152.63499999999996
310	56	1	150.87064676616913	120.70646766169155
310	57	1	120.70500000000006	160.30500000000006
310	58	1	122.41293532338302	25.706467661691555
310	59	1	168.4773869346734	23.758793969849258
310	60	1	175.0402010050252	123.54271356783919
310	61	1	168.60999999999996	68.41999999999999
310	62	1	69.15000000000002	103.22000000000001
310	63	1	45.25	182.56999999999996
310	64	1	70.15	53.84000000000002
310	65	1	84.47500000000002	12.170000000000007
310	66	1	136.59999999999997	0.545
310	67	1	170.85000000000002	8.02
310	68	1	165.60499999999996	196.88
310	69	1	158.23999999999987	38.129999999999995
310	70	1	31.945273631840784	62.99004975124377
310	71	1	46.835	123.54000000000005
310	72	1	152.7064676616915	174.497512437811
310	73	1	26.819999999999993	53.92000000000001
310	74	1	122.80904522613069	176.145728643216
310	75	1	140.85999999999999	117.24000000000001
320	1	2	10.02	10.050000000000004
320	2	2	9.858585858585856	55.14141414141413
320	3	2	9.879999999999997	99.87999999999998
320	4	2	10.309278350515465	145.2164948453608
320	5	2	10.000000000000002	189.73999999999995
320	6	2	54.849999999999994	9.999999999999998
320	7	2	55.30927835051546	54.78350515463916
320	8	2	54.85858585858585	99.85858585858585
320	9	2	54.71428571428571	145.74725274725276
320	10	2	55.14141414141414	190.14141414141415
320	11	2	100.06	9.850000000000001
320	12	2	100.12	55.12000000000001
320	13	2	99.97000000000003	99.60999999999999
320	14	2	99.50000000000001	144.99999999999991
320	15	2	100.06	190.10000000000002
320	16	2	144.93999999999997	9.85
320	17	2	145.09574468085103	55.41489361702127
320	18	2	144.92000000000004	100.28
320	19	2	145.1199999999999	144.76
320	20	2	144.72916666666669	189.72916666666663
320	21	2	190.17999999999992	10.11
320	22	2	189.74	55.140000000000015
320	23	2	189.64	100.20999999999998
320	24	2	189.69072164948446	145.21649484536076
320	25	2	189.99999999999994	189.73999999999995
320	26	1	154.72499999999997	194.61
320	27	1	61.85074626865673	133.21393034825877
320	28	1	146.62686567164172	32.10447761194026
320	29	1	163.15	177.81499999999997
320	30	1	137.79396984924622	177.14572864321616
320	31	1	135.445	41.584999999999994
320	32	1	135.13930348258697	166.3184079601989
320	33	1	34.48500000000001	107.74999999999999
320	34	1	17.115000000000006	39.789999999999985
320	35	1	127.72	9.790000000000001
320	36	1	6.260000000000001	22.625
320	37	1	172.95499999999993	181.14500000000007
320	38	1	169.05025125628134	28.090452261306545
320	39	1	56.53499999999997	69.37499999999999
320	40	1	77.39499999999998	114.46999999999998
320	41	1	53.56500000000002	115.75999999999998
320	42	1	76.34499999999996	141.06000000000014
320	43	1	144.46733668341702	72.1959798994975
320	44	1	43.48756218905472	57.79601990049753
320	45	1	112.37000000000003	174.99999999999991
320	46	1	169.54999999999998	164.4999999999999
320	47	1	161.42000000000004	129.4400000000001
320	48	1	26.185000000000006	36.52000000000001
320	49	1	157.42499999999998	14.195000000000007
320	50	1	196.7860696517413	132.58208955223878
320	51	1	66.96499999999996	120.24499999999999
320	52	1	33.368159203980085	182.45273631840797
320	53	1	16.507462686567163	69.40298507462688
320	54	1	80.32000000000005	129.43499999999986
320	55	1	114.10000000000002	152.89500000000018
320	56	1	150.60696517412936	121.59701492537317
320	57	1	120.68499999999999	160.42499999999998
320	58	1	122.37500000000003	25.54999999999999
320	59	1	168.49999999999997	23.724999999999994
320	60	1	174.59499999999994	123.46500000000002
320	61	1	169.29850746268653	69.54228855721395
320	62	1	69.19000000000003	103.3
320	63	1	45.28500000000002	182.27000000000007
320	64	1	68.91959798994982	55.1959798994975
320	65	1	84.55500000000005	11.735000000000005
320	66	1	136.66000000000003	0.3349999999999993
320	67	1	170.81999999999988	7.97
320	68	1	165.82089552238796	196.64676616915423
320	69	1	158.30000000000007	38.249999999999986
320	70	1	31.84999999999999	63.040000000000006
320	71	1	46.93532338308456	123.6865671641791
320	72	1	152.67500000000004	174.58499999999998
320	73	1	26.711442786069657	53.75124378109452
320	74	1	123.06000000000002	176.21000000000012
320	75	1	141.1306532663317	116.90452261306531
330	1	2	10.02	10.050000000000004
330	2	2	9.858585858585856	55.14141414141413
330	3	2	9.879999999999997	99.87999999999998
330	4	2	10.309278350515465	145.2164948453608
330	5	2	10.000000000000002	189.73999999999995
330	6	2	54.849999999999994	9.999999999999998
330	7	2	55.30927835051546	54.78350515463916
330	8	2	54.85858585858585	99.85858585858585
330	9	2	54.71428571428571	145.74725274725276
330	10	2	55.14141414141414	190.14141414141415
330	11	2	100.06	9.850000000000001
330	12	2	100.12	55.12000000000001
330	13	2	99.97000000000003	99.60999999999999
330	14	2	99.50000000000001	144.99999999999991
330	15	2	100.06	190.10000000000002
330	16	2	144.93999999999997	9.85
330	17	2	145.09574468085103	55.41489361702127
330	18	2	144.92000000000004	100.28
330	19	2	145.1199999999999	144.76
330	20	2	144.72916666666669	189.72916666666663
330	21	2	190.17999999999992	10.11
330	22	2	189.74	55.140000000000015
330	23	2	189.64	100.20999999999998
330	24	2	189.69072164948446	145.21649484536076
330	25	2	189.99999999999994	189.73999999999995
330	26	1	154.85999999999993	194.365
330	27	1	62.0646766169154	133.87562189054734
330	28	1	146.65999999999994	31.96500000000002
330	29	1	163.08457711442776	177.53731343283584
330	30	1	137.89000000000001	177.03
330	31	1	135.695	41.66999999999999
330	32	1	135.09499999999989	166.24499999999992
330	33	1	35.084999999999994	107.86500000000001
330	34	1	16.94	39.645
330	35	1	127.89999999999998	9.919999999999996
330	36	1	6.100000000000001	22.425000000000004
330	37	1	173.06499999999994	181.1250000000001
330	38	1	169.04	28.140000000000004
330	39	1	56.329999999999984	68.89
330	40	1	77.21999999999991	114.76000000000005
330	41	1	53.750000000000014	115.92500000000001
330	42	1	77.14500000000001	140.99499999999998
330	43	1	144.38499999999982	72.18999999999996
330	44	1	43.39999999999997	57.81499999999997
330	45	1	112.41000000000001	175.17999999999992
330	46	1	169.815	164.60000000000002
330	47	1	161.57711442786072	129.74129353233832
330	48	1	26.355000000000008	36.695
330	49	1	157.56999999999994	13.915000000000001
330	50	1	195.045	132.31000000000003
330	51	1	66.795	120.31000000000002
330	52	1	33.594999999999985	182.1900000000001
330	53	1	16.380000000000006	69.30499999999999
330	54	1	79.94974874371862	129.7638190954774
330	55	1	114.265	152.89999999999998
330	56	1	150.37313432835822	122.14427860696516
330	57	1	120.91000000000003	160.23000000000002
330	58	1	122.73000000000005	25.31999999999999
330	59	1	168.49999999999997	23.724999999999994
330	60	1	174.215	123.705
330	61	1	169.81592039800984	69.95522388059705
330	62	1	69.19597989949754	103.24120603015075
330	63	1	45.22613065326635	182.4070351758792
330	64	1	68.4278606965174	56.44278606965175
330	65	1	84.70000000000003	11.099999999999998
330	66	1	136.67839195979897	0.42211055276381965
330	67	1	170.89499999999995	7.634999999999997
330	68	1	165.795	196.625
330	69	1	158.075	38.365000000000016
330	70	1	31.970000000000002	62.82500000000002
330	71	1	46.949999999999996	123.72499999999998
330	72	1	152.5500000000001	175.0299999999999
330	73	1	26.66000000000001	53.72000000000003
330	74	1	122.95477386934672	176.10552763819103
330	75	1	141.15500000000003	116.555
340	1	2	10.02	10.050000000000004
340	2	2	9.858585858585856	55.14141414141413
340	3	2	9.879999999999997	99.87999999999998
340	4	2	10.309278350515465	145.2164948453608
340	5	2	10.000000000000002	189.73999999999995
340	6	2	54.849999999999994	9.999999999999998
340	7	2	55.30927835051546	54.78350515463916
340	8	2	54.85858585858585	99.85858585858585
340	9	2	54.71428571428571	145.74725274725276
340	10	2	55.14141414141414	190.14141414141415
340	11	2	100.06	9.850000000000001
340	12	2	100.12	55.12000000000001
340	13	2	99.97000000000003	99.60999999999999
340	14	2	99.50000000000001	144.99999999999991
340	15	2	100.06	190.10000000000002
340	16	2	144.93999999999997	9.85
340	17	2	145.09574468085103	55.41489361702127
340	18	2	144.92000000000004	100.28
340	19	2	145.1199999999999	144.76
340	20	2	144.72916666666669	189.72916666666663
340	21	2	190.17999999999992	10.11
340	22	2	189.74	55.140000000000015
340	23	2	189.64	100.20999999999998
340	24	2	189.69072164948446	145.21649484536076
340	25	2	189.99999999999994	189.73999999999995
340	26	1	154.75500000000002	194.305
340	27	1	62.03015075376884	133.85929648241216
340	28	1	146.72	31.739999999999995
340	29	1	162.99499999999992	177.62
340	30	1	138.2649999999999	176.9000000000001
340	31	1	136.28500000000003	41.75000000000001
340	32	1	135.10500000000005	166.2400000000001
340	33	1	34.839999999999996	107.83000000000001
340	34	1	17.04500000000001	39.79999999999997
340	35	1	127.89500000000002	10.259999999999994
340	36	1	6.204999999999999	22.495
340	37	1	172.89999999999995	180.86500000000007
340	38	1	169.04	28.140000000000004
340	39	1	56.455000000000005	68.27
340	40	1	77.235	114.69
340	41	1	53.87064676616918	116.29850746268654
340	42	1	77.46000000000001	140.82499999999996
340	43	1	144.91000000000005	72.14500000000001
340	44	1	43.44500000000002	57.98000000000001
340	45	1	112.32999999999998	174.81
340	46	1	169.3399999999999	164.5049999999999
340	47	1	161.6999999999999	129.96
340	48	1	26.366834170854254	36.69346733668341
340	49	1	157.4129353233831	13.776119402985072
340	50	1	193.395	132.30500000000004
340	51	1	66.82499999999999	120.21000000000001
340	52	1	33.555000000000014	181.905
340	53	1	16.395	69.32000000000001
340	54	1	79.98000000000002	129.72000000000006
340	55	1	114.55276381909543	152.7537688442211
340	56	1	150.07499999999993	122.31500000000001
340	57	1	120.94499999999998	160.10999999999993
340	58	1	122.825	25.135
340	59	1	168.53768844221102	23.748743718592955
340	60	1	174.2249999999999	123.82
340	61	1	170.57999999999998	69.86999999999996
340	62	1	68.72000000000006	103.46000000000004
340	63	1	45.20000000000002	182.5449999999999
340	64	1	68.66834170854275	57.185929648241206
340	65	1	84.79999999999997	11.285000000000005
340	66	1	136.68341708542715	0.6582914572864321
340	67	1	170.77500000000003	7.664999999999993
340	68	1	165.73000000000005	196.655
340	69	1	157.78000000000006	38.330000000000005
340	70	1	31.805	62.610000000000014
340	71	1	46.90000000000002	123.71500000000002
340	72	1	152.45	175.4
340	73	1	26.534999999999993	53.62499999999999
340	74	1	122.955	176.01999999999998
340	75	1	141.73631840796023	115.8706467661692
350	1	2	10.02	10.050000000000004
350	2	2	9.858585858585856	55.14141414141413
350	3	2	9.879999999999997	99.87999999999998
350	4	2	10.309278350515465	145.2164948453608
350	5	2	10.000000000000002	189.73999999999995
350	6	2	54.849999999999994	9.999999999999998
350	7	2	55.30927835051546	54.78350515463916
350	8	2	54.85858585858585	99.85858585858585
350	9	2	54.71428571428571	145.74725274725276
350	10	2	55.14141414141414	190.14141414141415
350	11	2	100.06	9.850000000000001
350	12	2	100.12	55.12000000000001
350	13	2	99.97000000000003	99.60999999999999
350	14	2	99.50000000000001	144.99999999999991
350	15	2	100.06	190.10000000000002
350	16	2	144.93999999999997	9.85
350	17	2	145.09574468085103	55.41489361702127
350	18	2	144.92000000000004	100.28
350	19	2	145.1199999999999	144.76
350	20	2	144.72916666666669	189.72916666666663
350	21	2	190.17999999999992	10.11
350	22	2	189.74	55.140000000000015
350	23	2	189.64	100.20999999999998
350	24	2	189.69072164948446	145.21649484536076
350	25	2	189.99999999999994	189.73999999999995
350	26	1	154.63500000000005	194.53
350	27	1	62.050000000000026	133.57
350	28	1	146.7850000000001	31.684999999999995
350	29	1	162.99999999999997	177.67999999999998
350	30	1	138.32338308457702	176.84079601990047
350	31	1	136.885	41.80000000000001
350	32	1	135.1249999999999	166.205
350	33	1	35.16000000000001	107.67500000000003
350	34	1	16.825000000000006	39.55000000000001
350	35	1	127.655	10.764999999999993
350	36	1	6.275	22.459999999999997
350	37	1	172.9300000000001	180.78000000000006
350	38	1	169.07	28.015
350	39	1	56.279999999999994	68.27500000000002
350	40	1	77.24623115577887	114.6683417085427
350	41	1	53.82000000000002	116.13000000000004
350	42	1	77.33	140.9400000000001
350	43	1	145.60301507537687	72.27638190954775
350	44	1	43.709999999999994	58.135
350	45	1	112.27499999999999	174.92499999999995
350	46	1	169.30499999999995	164.42999999999984
350	47	1	162.06965174129363	130.33830845771143
350	48	1	26.580000000000027	36.87
350	49	1	157.44	13.760000000000005
350	50	1	192.17	132.26500000000004
350	51	1	66.91999999999996	120.10499999999999
350	52	1	33.45	182.02
350	53	1	16.539999999999992	68.94000000000004
350	54	1	79.93500000000003	129.8049999999999
350	55	1	115.11999999999999	152.09
350	56	1	149.075	122.91999999999999
350	57	1	120.95000000000002	159.96999999999994
350	58	1	122.51000000000002	25.14499999999999
350	59	1	168.51256281407044	23.713567839195996
350	60	1	173.99004975124367	124.0248756218905
350	61	1	170.70000000000007	70.04499999999996
350	62	1	67.73	103.99000000000005
350	63	1	45.145	182.61499999999987
350	64	1	68.80500000000002	57.815000000000005
350	65	1	85.12499999999996	11.250000000000005
350	66	1	136.575	0.6849999999999994
350	67	1	170.92000000000002	7.285
350	68	1	165.6800000000001	196.62
350	69	1	157.87999999999994	38.38000000000001
350	70	1	31.944999999999997	62.48999999999998
350	71	1	46.79999999999998	123.56
350	72	1	152.56000000000003	175.3200000000001
350	73	1	26.609999999999996	53.40000000000001
350	74	1	122.9054726368159	175.76119402985077
350	75	1	142.7638190954774	115.31658291457283
360	1	2	10.02	10.050000000000004
360	2	2	9.858585858585856	55.14141414141413
360	3	2	9.879999999999997	99.87999999999998
360	4	2	10.309278350515465	145.2164948453608
360	5	2	10.000000000000002	189.73999999999995
360	6	2	54.849999999999994	9.999999999999998
360	7	2	55.30927835051546	54.78350515463916
360	8	2	54.85858585858585	99.85858585858585
360	9	2	54.71428571428571	145.74725274725276
360	10	2	55.14141414141414	190.14141414141415
360	11	2	100.06	9.850000000000001
360	12	2	100.12	55.12000000000001
360	13	2	99.97000000000003	99.60999999999999
360	14	2	99.50000000000001	144.99999999999991
360	15	2	100.06	190.10000000000002
360	16	2	144.93999999999997	9.85
360	17	2	145.09574468085103	55.41489361702127
360	18	2	144.92000000000004	100.28
360	19	2	145.1199999999999	144.76
360	20	2	144.72916666666669	189.72916666666663
360	21	2	190.17999999999992	10.11
360	22	2	189.74	55.140000000000015
360	23	2	189.64	100.20999999999998
360	24	2	189.69072164948446	145.21649484536076
360	25	2	189.99999999999994	189.73999999999995
360	26	1	154.64499999999998	194.32499999999996
360	27	1	62.21499999999998	133.46999999999997
360	28	1	146.7	31.48
360	29	1	162.90954773869348	177.67839195979892
360	30	1	138.56716417910437	176.9004975124378
360	31	1	136.9350000000001	41.59499999999999
360	32	1	135.01	166.13499999999988
360	33	1	35.33500000000002	107.75999999999998
360	34	1	16.743718592964825	39.467336683417095
360	35	1	127.27999999999999	11.534999999999993
360	36	1	6.385000000000003	22.330000000000013
360	37	1	172.84999999999988	180.8149999999999
360	38	1	169.03999999999996	28.055000000000003
360	39	1	56.574999999999974	67.81499999999997
360	40	1	77.21999999999994	114.58999999999997
360	41	1	53.81500000000002	116.27000000000001
360	42	1	77.42500000000001	141.14500000000004
360	43	1	147.15500000000011	72.41999999999999
360	44	1	43.74500000000002	58.444999999999986
360	45	1	112.44999999999999	174.93499999999995
360	46	1	169.59500000000003	164.48000000000013
360	47	1	162.98500000000004	130.6300000000001
360	48	1	26.512562814070357	36.88442211055277
360	49	1	157.465	13.629999999999992
360	50	1	191.405	131.98499999999996
360	51	1	67.05527638190955	119.64321608040206
360	52	1	33.33500000000001	182.31499999999994
360	53	1	17.249999999999996	68.47499999999997
360	54	1	79.85500000000003	129.79999999999993
360	55	1	115.89000000000003	151.34999999999982
360	56	1	148.62000000000006	123.20499999999997
360	57	1	121.00999999999999	160.05000000000004
360	58	1	122.29850746268662	25.825870646766177
360	59	1	168.43216080402007	23.713567839195974
360	60	1	173.94029850746276	124.49751243781091
360	61	1	170.64999999999992	69.98499999999999
360	62	1	66.99500000000003	103.99999999999994
360	63	1	45.169999999999995	182.81999999999982
360	64	1	68.95500000000003	58.315000000000005
360	65	1	85.42999999999998	11.515
360	66	1	136.60500000000002	1.1099999999999999
360	67	1	171.11999999999998	7.139999999999995
360	68	1	165.46000000000004	196.805
360	69	1	157.8049999999999	38.28500000000001
360	70	1	32.26499999999999	62.24
360	71	1	46.969999999999985	123.55999999999997
360	72	1	152.45	174.89000000000001
360	73	1	26.880000000000003	52.84500000000002
360	74	1	123.23115577889448	175.9346733668341
360	75	1	143.265	115.05999999999997
370	1	2	10.02	10.050000000000004
370	2	2	9.858585858585856	55.14141414141413
370	3	2	9.879999999999997	99.87999999999998
370	4	2	10.309278350515465	145.2164948453608
370	5	2	10.000000000000002	189.73999999999995
370	6	2	54.849999999999994	9.999999999999998
370	7	2	55.30927835051546	54.78350515463916
370	8	2	54.85858585858585	99.85858585858585
370	9	2	54.71428571428571	145.74725274725276
370	10	2	55.14141414141414	190.14141414141415
370	11	2	100.06	9.850000000000001
370	12	2	100.12	55.12000000000001
370	13	2	99.97000000000003	99.60999999999999
370	14	2	99.50000000000001	144.99999999999991
370	15	2	100.06	190.10000000000002
370	16	2	144.93999999999997	9.85
370	17	2	145.09574468085103	55.41489361702127
370	18	2	144.92000000000004	100.28
370	19	2	145.1199999999999	144.76
370	20	2	144.72916666666669	189.72916666666663
370	21	2	190.17999999999992	10.11
370	22	2	189.74	55.140000000000015
370	23	2	189.64	100.20999999999998
370	24	2	189.69072164948446	145.21649484536076
370	25	2	189.99999999999994	189.73999999999995
370	26	1	154.54	194.35499999999988
370	27	1	62.25500000000001	133.5250000000001
370	28	1	146.79601990049744	31.467661691542297
370	29	1	162.81	178.09500000000003
370	30	1	138.75879396984922	176.9447236180905
370	31	1	136.83999999999995	41.49499999999998
370	32	1	134.95500000000007	166.175
370	33	1	35.56000000000002	107.82
370	34	1	16.464999999999993	39.23499999999999
370	35	1	126.665	12.895000000000001
370	36	1	6.599999999999998	22.200000000000003
370	37	1	172.87999999999994	180.74999999999997
370	38	1	169.0050251256281	28.035175879396988
370	39	1	56.659999999999975	67.68499999999995
370	40	1	77.38499999999998	114.685
370	41	1	53.964999999999975	116.405
370	42	1	77.56999999999996	141.20500000000007
370	43	1	149.69651741293526	73.0348258706468
370	44	1	43.71000000000001	58.475
370	45	1	112.44499999999998	174.79500000000002
370	46	1	169.05999999999992	164.45999999999995
370	47	1	163.81999999999996	130.87500000000003
370	48	1	26.544999999999995	36.89500000000002
370	49	1	157.6399999999999	13.594999999999997
370	50	1	190.905	132.185
370	51	1	67.02999999999999	119.25000000000006
370	52	1	33.28999999999999	182.20499999999998
370	53	1	17.95522388059701	67.70149253731343
370	54	1	79.44000000000001	129.69500000000008
370	55	1	116.63000000000002	151.01000000000002
370	56	1	148.74500000000006	123.28999999999998
370	57	1	120.90500000000006	159.97500000000005
370	58	1	121.79601990049754	26.825870646766163
370	59	1	168.54773869346732	23.688442211055285
370	60	1	173.91499999999996	124.55499999999995
370	61	1	170.84000000000003	69.71000000000004
370	62	1	66.77999999999997	103.93999999999998
370	63	1	45.145728643216046	182.7286432160804
370	64	1	68.97000000000001	58.41499999999999
370	65	1	86.13930348258711	12.194029850746267
370	66	1	136.31343283582078	1.2238805970149265
370	67	1	171.23500000000004	7.155000000000005
370	68	1	165.58499999999992	196.8
370	69	1	157.75500000000008	38.235
370	70	1	32.59798994974874	62.336683417085396
370	71	1	46.890547263681604	123.41293532338308
370	72	1	152.37500000000003	175.01
370	73	1	27.005025125628155	52.5075376884422
370	74	1	123.34500000000003	175.85500000000002
370	75	1	143.67164179104475	114.86567164179097
380	1	2	10.02	10.050000000000004
380	2	2	9.858585858585856	55.14141414141413
380	3	2	9.879999999999997	99.87999999999998
380	4	2	10.309278350515465	145.2164948453608
380	5	2	10.000000000000002	189.73999999999995
380	6	2	54.849999999999994	9.999999999999998
380	7	2	55.30927835051546	54.78350515463916
380	8	2	54.85858585858585	99.85858585858585
380	9	2	54.71428571428571	145.74725274725276
380	10	2	55.14141414141414	190.14141414141415
380	11	2	100.06	9.850000000000001
380	12	2	100.12	55.12000000000001
380	13	2	99.97000000000003	99.60999999999999
380	14	2	99.50000000000001	144.99999999999991
380	15	2	100.06	190.10000000000002
380	16	2	144.93999999999997	9.85
380	17	2	145.09574468085103	55.41489361702127
380	18	2	144.92000000000004	100.28
380	19	2	145.1199999999999	144.76
380	20	2	144.72916666666669	189.72916666666663
380	21	2	190.17999999999992	10.11
380	22	2	189.74	55.140000000000015
380	23	2	189.64	100.20999999999998
380	24	2	189.69072164948446	145.21649484536076
380	25	2	189.99999999999994	189.73999999999995
380	26	1	154.40500000000011	194.57999999999996
380	27	1	62.305000000000014	133.31000000000012
380	28	1	146.83499999999998	31.54500000000001
380	29	1	162.80999999999997	178.41000000000014
380	30	1	138.8200000000001	176.8349999999999
380	31	1	136.8150000000001	41.44499999999999
380	32	1	134.89000000000001	166.14000000000001
380	33	1	35.860000000000014	108.01000000000006
380	34	1	16.42	39.25499999999998
380	35	1	125.45226130653265	13.673366834170858
380	36	1	6.689999999999998	22.160000000000007
380	37	1	173.08	180.51000000000002
380	38	1	169.10499999999993	27.98500000000001
380	39	1	56.569999999999986	67.79000000000003
380	40	1	77.73500000000006	114.78500000000004
380	41	1	54.11999999999998	116.34499999999998
380	42	1	77.51	141.31499999999983
380	43	1	151.11442786069642	73.33830845771142
380	44	1	43.86567164179104	58.537313432835845
380	45	1	112.12000000000005	174.52500000000006
380	46	1	168.72636815920396	164.34328358208958
380	47	1	164.45226130653256	130.99497487437182
380	48	1	26.50500000000001	36.739999999999995
380	49	1	157.70999999999995	13.65
380	50	1	190.25	132.39499999999998
380	51	1	67.46733668341714	118.54773869346734
380	52	1	33.43000000000003	182.41
380	53	1	18.910000000000004	67.18500000000003
380	54	1	79.06500000000001	129.98499999999996
380	55	1	117.65000000000002	150.56500000000003
380	56	1	148.61999999999995	123.32499999999999
380	57	1	120.82500000000003	160.16
380	58	1	121.61194029850753	27.268656716417905
380	59	1	168.48743718592976	23.748743718592966
380	60	1	174.04999999999998	124.65499999999997
380	61	1	170.43999999999988	67.86
380	62	1	66.5300000000001	104.01499999999997
380	63	1	45.12	183.09
380	64	1	68.97499999999995	58.35999999999999
380	65	1	86.95000000000005	13.555000000000007
380	66	1	135.41791044776122	1.447761194029849
380	67	1	171.18499999999997	7.105000000000001
380	68	1	165.67499999999995	196.615
380	69	1	157.8400000000001	38.27499999999999
380	70	1	33.27860696517413	62.75124378109452
380	71	1	47.115	123.52499999999999
380	72	1	152.46499999999995	175.01
380	73	1	26.995	52.255
380	74	1	123.36999999999996	176.17000000000002
380	75	1	143.87499999999997	114.89999999999999
390	1	2	10.02	10.050000000000004
390	2	2	9.858585858585856	55.14141414141413
390	3	2	9.879999999999997	99.87999999999998
390	4	2	10.309278350515465	145.2164948453608
390	5	2	10.000000000000002	189.73999999999995
390	6	2	54.849999999999994	9.999999999999998
390	7	2	55.30927835051546	54.78350515463916
390	8	2	54.85858585858585	99.85858585858585
390	9	2	54.71428571428571	145.74725274725276
390	10	2	55.14141414141414	190.14141414141415
390	11	2	100.06	9.850000000000001
390	12	2	100.12	55.12000000000001
390	13	2	99.97000000000003	99.60999999999999
390	14	2	99.50000000000001	144.99999999999991
390	15	2	100.06	190.10000000000002
390	16	2	144.93999999999997	9.85
390	17	2	145.09574468085103	55.41489361702127
390	18	2	144.92000000000004	100.28
390	19	2	145.1199999999999	144.76
390	20	2	144.72916666666669	189.72916666666663
390	21	2	190.17999999999992	10.11
390	22	2	189.74	55.140000000000015
390	23	2	189.64	100.20999999999998
390	24	2	189.69072164948446	145.21649484536076
390	25	2	189.99999999999994	189.73999999999995
390	26	1	154.27499999999992	195.32
390	27	1	62.155000000000015	132.91999999999987
390	28	1	146.79499999999985	31.445000000000007
390	29	1	162.77500000000003	178.67500000000007
390	30	1	138.94999999999996	177.0099999999999
390	31	1	137.39800995024876	41.577114427860714
390	32	1	134.85499999999993	166.18999999999988
390	33	1	35.815000000000005	107.96500000000005
390	34	1	16.299999999999997	39.25500000000001
390	35	1	123.665	14.159999999999991
390	36	1	6.74	21.99
390	37	1	173.05500000000004	180.45499999999996
390	38	1	169.05999999999983	27.834999999999997
390	39	1	56.48756218905473	67.92537313432841
390	40	1	78.04522613065326	114.89949748743717
390	41	1	54.14000000000001	116.24000000000001
390	42	1	77.60500000000003	141.38999999999996
390	43	1	152.12060301507532	73.70351758793964
390	44	1	43.76500000000002	58.06500000000002
390	45	1	112.11000000000003	174.64999999999998
390	46	1	168.25000000000006	164.48999999999998
390	47	1	164.915	131
390	48	1	26.305000000000007	36.78
390	49	1	157.5449999999999	13.959999999999997
390	50	1	188.89499999999992	132.37500000000006
390	51	1	67.685	117.985
390	52	1	33.42	182.475
390	53	1	19.646766169154223	66.72636815920396
390	54	1	78.91499999999995	129.81999999999996
390	55	1	117.78000000000002	150.43000000000012
390	56	1	148.78999999999996	123.09499999999997
390	57	1	120.81500000000003	160.145
390	58	1	121.55000000000001	27.00499999999999
390	59	1	168.48743718592976	23.748743718592966
390	60	1	174.3	124.725
390	61	1	170.27860696517416	66.2139303482587
390	62	1	65.84500000000006	104.24999999999999
390	63	1	45.04500000000001	182.99500000000003
390	64	1	68.87500000000001	58.564999999999976
390	65	1	87.4776119402986	14.756218905472636
390	66	1	134.88499999999988	1.5599999999999994
390	67	1	171.05499999999992	7.070000000000003
390	68	1	165.56999999999994	196.54
390	69	1	158.01507537688448	38.39195979899498
390	70	1	34.08500000000002	63.24
390	71	1	47.125	123.35999999999994
390	72	1	152.575	175.09500000000003
390	73	1	27.075000000000006	52.099999999999994
390	74	1	123.33000000000001	175.865
390	75	1	143.96999999999997	114.85500000000008
400	1	2	10.02	10.050000000000004
400	2	2	9.858585858585856	55.14141414141413
400	3	2	9.879999999999997	99.87999999999998
400	4	2	10.309278350515465	145.2164948453608
400	5	2	10.000000000000002	189.73999999999995
400	6	2	54.849999999999994	9.999999999999998
400	7	2	55.30927835051546	54.78350515463916
400	8	2	54.85858585858585	99.85858585858585
400	9	2	54.71428571428571	145.74725274725276
400	10	2	55.14141414141414	190.14141414141415
400	11	2	100.06	9.850000000000001
400	12	2	100.12	55.12000000000001
400	13	2	99.97000000000003	99.60999999999999
400	14	2	99.50000000000001	144.99999999999991
400	15	2	100.06	190.10000000000002
400	16	2	144.93999999999997	9.85
400	17	2	145.09574468085103	55.41489361702127
400	18	2	144.92000000000004	100.28
400	19	2	145.1199999999999	144.76
400	20	2	144.72916666666669	189.72916666666663
400	21	2	190.17999999999992	10.11
400	22	2	189.74	55.140000000000015
400	23	2	189.64	100.20999999999998
400	24	2	189.69072164948446	145.21649484536076
400	25	2	189.99999999999994	189.73999999999995
400	26	1	154.32999999999987	195.775
400	27	1	62.215	133.05499999999998
400	28	1	146.90954773869356	31.1859296482412
400	29	1	162.665	178.825
400	30	1	138.91499999999994	176.90000000000003
400	31	1	137.29500000000004	41.25499999999999
400	32	1	134.79500000000002	165.88500000000005
400	33	1	35.875	108.135
400	34	1	16.384999999999994	39.3
400	35	1	121.72999999999993	14.754999999999999
400	36	1	6.800000000000001	22.000000000000004
400	37	1	172.855	180.27999999999994
400	38	1	169.03999999999996	28.010000000000012
400	39	1	56.55778894472363	68.09547738693469
400	40	1	78.21500000000006	114.78499999999997
400	41	1	54.255	116.54000000000002
400	42	1	77.39499999999995	141.35500000000008
400	43	1	152.0599999999999	73.86500000000001
400	44	1	43.75	58.68500000000002
400	45	1	112.185	174.77499999999995
400	46	1	168.14000000000007	164.39
400	47	1	165.21499999999997	131.08000000000004
400	48	1	26.630000000000006	37.14499999999998
400	49	1	157.48999999999998	14.075000000000006
400	50	1	188.20000000000005	132.39499999999992
400	51	1	67.67999999999995	117.86000000000003
400	52	1	33.075000000000024	182.62999999999997
400	53	1	19.895000000000007	66.68999999999996
400	54	1	78.9800995024876	129.57213930348263
400	55	1	117.62500000000001	150.49499999999995
400	56	1	149.03499999999994	123.04500000000003
400	57	1	120.76000000000002	159.925
400	58	1	121.66500000000002	26.865000000000002
400	59	1	168.49999999999997	23.724999999999994
400	60	1	174.4371859296483	124.81407035175877
400	61	1	170.04000000000005	64.975
400	62	1	65.42000000000003	104.50000000000001
400	63	1	44.94999999999999	183.14499999999998
400	64	1	68.93499999999997	58.545000000000016
400	65	1	87.78500000000004	16.565
400	66	1	133.99004975124382	1.9154228855721382
400	67	1	170.96000000000004	6.845000000000001
400	68	1	165.74499999999995	196.495
400	69	1	157.94000000000005	38.37500000000002
400	70	1	34.455	63.680000000000014
400	71	1	46.980099502487555	123.2885572139303
400	72	1	152.665	174.95500000000004
400	73	1	27.005000000000024	52.30499999999999
400	74	1	123.46231155778895	175.63819095477385
400	75	1	143.73000000000002	115.06999999999998
410	1	2	10.02	10.050000000000004
410	2	2	9.858585858585856	55.14141414141413
410	3	2	9.879999999999997	99.87999999999998
410	4	2	10.309278350515465	145.2164948453608
410	5	2	10.000000000000002	189.73999999999995
410	6	2	54.849999999999994	9.999999999999998
410	7	2	55.30927835051546	54.78350515463916
410	8	2	54.85858585858585	99.85858585858585
410	9	2	54.71428571428571	145.74725274725276
410	10	2	55.14141414141414	190.14141414141415
410	11	2	100.06	9.850000000000001
410	12	2	100.12	55.12000000000001
410	13	2	99.97000000000003	99.60999999999999
410	14	2	99.50000000000001	144.99999999999991
410	15	2	100.06	190.10000000000002
410	16	2	144.93999999999997	9.85
410	17	2	145.09574468085103	55.41489361702127
410	18	2	144.92000000000004	100.28
410	19	2	145.1199999999999	144.76
410	20	2	144.72916666666669	189.72916666666663
410	21	2	190.17999999999992	10.11
410	22	2	189.74	55.140000000000015
410	23	2	189.64	100.20999999999998
410	24	2	189.69072164948446	145.21649484536076
410	25	2	189.99999999999994	189.73999999999995
410	26	1	154.30500000000004	195.955
410	27	1	62.27499999999999	132.85999999999996
410	28	1	146.92999999999998	31.055
410	29	1	162.57499999999993	178.78499999999994
410	30	1	138.9095477386935	176.88944723618087
410	31	1	137.73500000000007	41.37
410	32	1	134.66666666666666	165.72636815920407
410	33	1	36.045226130653255	108.09547738693469
410	34	1	16.370000000000005	39.360000000000014
410	35	1	120.61499999999998	14.540000000000004
410	36	1	7.060000000000002	22.265000000000004
410	37	1	172.65000000000006	180.08499999999995
410	38	1	168.9145728643216	28.095477386934665
410	39	1	56.699999999999974	68.11000000000003
410	40	1	78.38	114.995
410	41	1	54.20000000000003	116.72
410	42	1	77.51500000000003	141.31999999999996
410	43	1	151.99999999999983	73.98999999999997
410	44	1	43.79999999999999	58.73999999999998
410	45	1	111.925	174.71999999999997
410	46	1	168.075	164.28500000000008
410	47	1	165.18000000000004	131.11500000000004
410	48	1	26.64999999999999	37.16500000000002
410	49	1	157.32500000000007	14.165
410	50	1	187.73500000000007	131.93999999999988
410	51	1	67.81500000000001	117.71999999999997
410	52	1	33.32	182.76500000000001
410	53	1	20.374999999999993	66.37500000000004
410	54	1	78.94000000000005	129.73500000000004
410	55	1	117.44500000000001	150.48499999999999
410	56	1	149.13500000000013	123.03999999999995
410	57	1	120.65500000000009	160.02
410	58	1	121.70500000000001	26.489999999999995
410	59	1	168.51256281407044	23.713567839195996
410	60	1	174.29	124.63499999999996
410	61	1	169.75999999999996	64.13500000000002
410	62	1	65.25000000000001	104.58499999999998
410	63	1	44.80499999999998	183.26500000000013
410	64	1	68.98	58.485000000000035
410	65	1	87.65000000000003	17.935
410	66	1	133.39999999999984	2.695
410	67	1	170.86000000000018	7.294999999999998
410	68	1	165.73000000000005	196.65
410	69	1	157.91	38.57000000000001
410	70	1	35.09999999999998	64.16499999999999
410	71	1	46.62499999999999	122.98999999999995
410	72	1	152.54999999999993	175.285
410	73	1	27.06999999999998	52.299999999999976
410	74	1	123.52	175.52500000000003
410	75	1	143.47499999999997	115.22500000000002
420	1	2	10.02	10.050000000000004
420	2	2	9.858585858585856	55.14141414141413
420	3	2	9.879999999999997	99.87999999999998
420	4	2	10.309278350515465	145.2164948453608
420	5	2	10.000000000000002	189.73999999999995
420	6	2	54.849999999999994	9.999999999999998
420	7	2	55.30927835051546	54.78350515463916
420	8	2	54.85858585858585	99.85858585858585
420	9	2	54.71428571428571	145.74725274725276
420	10	2	55.14141414141414	190.14141414141415
420	11	2	100.06	9.850000000000001
420	12	2	100.12	55.12000000000001
420	13	2	99.97000000000003	99.60999999999999
420	14	2	99.50000000000001	144.99999999999991
420	15	2	100.06	190.10000000000002
420	16	2	144.93999999999997	9.85
420	17	2	145.09574468085103	55.41489361702127
420	18	2	144.92000000000004	100.28
420	19	2	145.1199999999999	144.76
420	20	2	144.72916666666669	189.72916666666663
420	21	2	190.17999999999992	10.11
420	22	2	189.74	55.140000000000015
420	23	2	189.64	100.20999999999998
420	24	2	189.69072164948446	145.21649484536076
420	25	2	189.99999999999994	189.73999999999995
420	26	1	154.3650000000001	196.22
420	27	1	62.21	132.52499999999995
420	28	1	146.9449999999999	31.23
420	29	1	162.60999999999987	178.65
420	30	1	139.01499999999996	177.1799999999999
420	31	1	138.22499999999997	41.595
420	32	1	134.7899999999999	165.94500000000008
420	33	1	36.124999999999986	108.20999999999998
420	34	1	16.36	39.255
420	35	1	119.62999999999998	14.279999999999994
420	36	1	7.135000000000002	22.230000000000004
420	37	1	172.72636815920396	180.55721393034824
420	38	1	168.80500000000006	28.535000000000007
420	39	1	56.76616915422887	68.03980099502488
420	40	1	78.42500000000003	114.59500000000001
420	41	1	54.12000000000001	116.54
420	42	1	77.39499999999998	141.19
420	43	1	152.02499999999998	75.20499999999997
420	44	1	43.794999999999995	58.82499999999998
420	45	1	112.08999999999997	174.87000000000006
420	46	1	168.08499999999998	164.38500000000002
420	47	1	165.16500000000008	131.25000000000006
420	48	1	26.875000000000004	37.59499999999997
420	49	1	157.14500000000004	14.695
420	50	1	187.15920398009953	131.38308457711457
420	51	1	67.80499999999998	117.61999999999992
420	52	1	33.15422885572139	182.75124378109442
420	53	1	20.760000000000005	66.405
420	54	1	78.96984924623118	129.6331658291456
420	55	1	117.53000000000002	150.58000000000004
420	56	1	149.41500000000002	123.09500000000001
420	57	1	120.745	160.1000000000001
420	58	1	121.68500000000004	26.229999999999993
420	59	1	168.56281407035178	23.723618090452252
420	60	1	174.39999999999995	124.36500000000002
420	61	1	169.82587064676622	63.1044776119403
420	62	1	65.40000000000003	104.49500000000003
420	63	1	44.839999999999996	183.2250000000001
420	64	1	68.87000000000002	58.725
420	65	1	87.04	19.794999999999995
420	66	1	133.12935323383073	4.213930348258706
420	67	1	170.48000000000002	7.554999999999999
420	68	1	165.71499999999997	196.735
420	69	1	157.56	39.06499999999999
420	70	1	35.22500000000001	64.20499999999998
420	71	1	46.695	123
420	72	1	152.60999999999993	175.41000000000003
420	73	1	27.005000000000003	52.335
420	74	1	123.40499999999996	175.36000000000004
420	75	1	143.47	115.25499999999994
430	1	2	10.02	10.050000000000004
430	2	2	9.858585858585856	55.14141414141413
430	3	2	9.879999999999997	99.87999999999998
430	4	2	10.309278350515465	145.2164948453608
430	5	2	10.000000000000002	189.73999999999995
430	6	2	54.849999999999994	9.999999999999998
430	7	2	55.30927835051546	54.78350515463916
430	8	2	54.85858585858585	99.85858585858585
430	9	2	54.71428571428571	145.74725274725276
430	10	2	55.14141414141414	190.14141414141415
430	11	2	100.06	9.850000000000001
430	12	2	100.12	55.12000000000001
430	13	2	99.97000000000003	99.60999999999999
430	14	2	99.50000000000001	144.99999999999991
430	15	2	100.06	190.10000000000002
430	16	2	144.93999999999997	9.85
430	17	2	145.09574468085103	55.41489361702127
430	18	2	144.92000000000004	100.28
430	19	2	145.1199999999999	144.76
430	20	2	144.72916666666669	189.72916666666663
430	21	2	190.17999999999992	10.11
430	22	2	189.74	55.140000000000015
430	23	2	189.64	100.20999999999998
430	24	2	189.69072164948446	145.21649484536076
430	25	2	189.99999999999994	189.73999999999995
430	26	1	154.36499999999995	196.375
430	27	1	62.54499999999998	132.79499999999993
430	28	1	147.25500000000002	31.15
430	29	1	162.55000000000004	178.88999999999987
430	30	1	139.11999999999998	177.15500000000003
430	31	1	138.09500000000003	41.264999999999986
430	32	1	134.82499999999996	165.925
430	33	1	36.189054726368134	108.46766169154226
430	34	1	16.235000000000007	39.045000000000016
430	35	1	119.36499999999998	14.010000000000003
430	36	1	7.360000000000002	22.294999999999998
430	37	1	172.59	180.33
430	38	1	168.84500000000008	28.56499999999999
430	39	1	57.07035175879396	67.78391959798998
430	40	1	78.365	114.77999999999992
430	41	1	54.21000000000001	116.54000000000003
430	42	1	77.57500000000007	140.79999999999995
430	43	1	152.6299999999999	76.60499999999999
430	44	1	43.82089552238809	58.73631840796019
430	45	1	112.06467661691542	174.7412935323383
430	46	1	168.22999999999993	164.50499999999997
430	47	1	165.06500000000003	131.24499999999986
430	48	1	26.625000000000004	37.37500000000002
430	49	1	157.17000000000007	14.659999999999995
430	50	1	186.80099502487553	130.9552238805971
430	51	1	67.76119402985077	117.61194029850748
430	52	1	33.19402985074626	182.71144278606968
430	53	1	20.870000000000005	66.43999999999997
430	54	1	79.58499999999994	129.3700000000001
430	55	1	117.56999999999998	150.59500000000017
430	56	1	149.29000000000005	123.32000000000002
430	57	1	120.69999999999999	160.14000000000001
430	58	1	121.37500000000003	26.190000000000005
430	59	1	168.48743718592976	23.748743718592966
430	60	1	174.62686567164178	124.27363184079607
430	61	1	169.70499999999996	62.35999999999999
430	62	1	65.74999999999997	104.34
430	63	1	44.94	183.18000000000004
430	64	1	68.99499999999992	58.335
430	65	1	86.96534653465349	21.07920792079208
430	66	1	133.31000000000006	6.170000000000003
430	67	1	170.40499999999994	7.720000000000003
430	68	1	166.18407960199016	196.65671641791045
430	69	1	157.08457711442784	39.63681592039805
430	70	1	35.334999999999994	63.714999999999975
430	71	1	46.970000000000006	123.31499999999997
430	72	1	152.49500000000003	175.4350000000001
430	73	1	26.665000000000003	52.16499999999999
430	74	1	123.44000000000004	175.41000000000003
430	75	1	143.56999999999996	115.18500000000003
440	1	2	10.02	10.050000000000004
440	2	2	9.858585858585856	55.14141414141413
440	3	2	9.879999999999997	99.87999999999998
440	4	2	10.309278350515465	145.2164948453608
440	5	2	10.000000000000002	189.73999999999995
440	6	2	54.849999999999994	9.999999999999998
440	7	2	55.30927835051546	54.78350515463916
440	8	2	54.85858585858585	99.85858585858585
440	9	2	54.71428571428571	145.74725274725276
440	10	2	55.14141414141414	190.14141414141415
440	11	2	100.06	9.850000000000001
440	12	2	100.12	55.12000000000001
440	13	2	99.97000000000003	99.60999999999999
440	14	2	99.50000000000001	144.99999999999991
440	15	2	100.06	190.10000000000002
440	16	2	144.93999999999997	9.85
440	17	2	145.09574468085103	55.41489361702127
440	18	2	144.92000000000004	100.28
440	19	2	145.1199999999999	144.76
440	20	2	144.72916666666669	189.72916666666663
440	21	2	190.17999999999992	10.11
440	22	2	189.74	55.140000000000015
440	23	2	189.64	100.20999999999998
440	24	2	189.69072164948446	145.21649484536076
440	25	2	189.99999999999994	189.73999999999995
440	26	1	154.48999999999995	196.40999999999994
440	27	1	62.644999999999996	132.35999999999999
440	28	1	147.8650000000001	31.285
440	29	1	162.6249999999999	178.825
440	30	1	139.3749999999999	177.06000000000012
440	31	1	137.6467661691542	41.2139303482587
440	32	1	134.79999999999993	165.92999999999995
440	33	1	36.285000000000046	108.465
440	34	1	16.049999999999997	38.87500000000002
440	35	1	118.84577114427864	13.781094527363187
440	36	1	7.394999999999999	22.375000000000004
440	37	1	172.69346733668343	180.51256281407038
440	38	1	168.80000000000004	28.795000000000012
440	39	1	57.33	67.64999999999998
440	40	1	78.21499999999997	115.295
440	41	1	54.10500000000002	116.39999999999995
440	42	1	77.63819095477389	140.3718592964824
440	43	1	152.535	77.69500000000002
440	44	1	43.91	59.01999999999998
440	45	1	112.115	174.67500000000004
440	46	1	168.24499999999998	164.6499999999999
440	47	1	165.1199999999999	131.26500000000007
440	48	1	26.490000000000006	37.36
440	49	1	156.99	14.639999999999997
440	50	1	186.57499999999996	129.5300000000001
440	51	1	67.72999999999999	117.76999999999998
440	52	1	33.095	182.2600000000001
440	53	1	20.904999999999998	66.22499999999998
440	54	1	80.795	129.33999999999997
440	55	1	117.59296482412063	150.6331658291457
440	56	1	149.395	123.07999999999997
440	57	1	120.79500000000003	160.35999999999996
440	58	1	121.6	25.749999999999996
440	59	1	168.56281407035178	23.703517587939707
440	60	1	174.755	124.38999999999999
440	61	1	169.75999999999996	62.690000000000005
440	62	1	65.90500000000004	104.47500000000002
440	63	1	44.965174129353244	183.16915422885586
440	64	1	69.02499999999996	58.46499999999998
440	65	1	87.00000000000003	21.855
440	66	1	133.33830845771143	7.243781094527361
440	67	1	170.45999999999998	8.004999999999995
440	68	1	166.2099999999999	196.705
440	69	1	156.5223880597015	40.45273631840797
440	70	1	35.254999999999995	63.33999999999999
440	71	1	47.03500000000003	123.47000000000007
440	72	1	152.6130653266332	175.21105527638196
440	73	1	26.175000000000008	51.964999999999996
440	74	1	123.625	175.74999999999997
440	75	1	143.405	115.18000000000004
450	1	2	10.02	10.050000000000004
450	2	2	9.858585858585856	55.14141414141413
450	3	2	9.879999999999997	99.87999999999998
450	4	2	10.309278350515465	145.2164948453608
450	5	2	10.000000000000002	189.73999999999995
450	6	2	54.849999999999994	9.999999999999998
450	7	2	55.30927835051546	54.78350515463916
450	8	2	54.85858585858585	99.85858585858585
450	9	2	54.71428571428571	145.74725274725276
450	10	2	55.14141414141414	190.14141414141415
450	11	2	100.06	9.850000000000001
450	12	2	100.12	55.12000000000001
450	13	2	99.97000000000003	99.60999999999999
450	14	2	99.50000000000001	144.99999999999991
450	15	2	100.06	190.10000000000002
450	16	2	144.93999999999997	9.85
450	17	2	145.09574468085103	55.41489361702127
450	18	2	144.92000000000004	100.28
450	19	2	145.1199999999999	144.76
450	20	2	144.72916666666669	189.72916666666663
450	21	2	190.17999999999992	10.11
450	22	2	189.74	55.140000000000015
450	23	2	189.64	100.20999999999998
450	24	2	189.69072164948446	145.21649484536076
450	25	2	189.99999999999994	189.73999999999995
450	26	1	154.5400000000001	196.33
450	27	1	63.08500000000004	132.4149999999999
450	28	1	148.6799999999999	31.55
450	29	1	162.79000000000008	178.75999999999993
450	30	1	139.42000000000013	177.16999999999996
450	31	1	136.98000000000002	41.10500000000001
450	32	1	135.08500000000012	166.10000000000002
450	33	1	36.45500000000001	108.37499999999997
450	34	1	16.358208955223873	39.248756218905484
450	35	1	118.42500000000003	13.42
450	36	1	7.739999999999997	22.62
450	37	1	172.80499999999992	180.39000000000001
450	38	1	168.83500000000004	28.88000000000001
450	39	1	57.36999999999998	67.965
450	40	1	78.06000000000003	115.71000000000002
450	41	1	54.26368159203979	116.44776119402985
450	42	1	77.79500000000004	140.14999999999998
450	43	1	152.42999999999995	79.41000000000004
450	44	1	43.94999999999999	59.19499999999998
450	45	1	111.88999999999996	174.26999999999995
450	46	1	168.0653266331658	164.53768844221094
450	47	1	165.18500000000006	131.34999999999982
450	48	1	26.654999999999998	37.14500000000001
450	49	1	156.89	14.954999999999998
450	50	1	186.84577114427867	128.2686567164178
450	51	1	67.97500000000002	117.91
450	52	1	32.85500000000002	180.85500000000005
450	53	1	20.890000000000004	66.38000000000001
450	54	1	82.1144278606965	128.92537313432837
450	55	1	117.765	150.62499999999991
450	56	1	149.40999999999994	123.22500000000001
450	57	1	121.19999999999999	160.35000000000014
450	58	1	121.76500000000006	25.415000000000003
450	59	1	168.54773869346732	23.688442211055285
450	60	1	174.86500000000004	124.52499999999999
450	61	1	169.58999999999995	62.48499999999999
450	62	1	65.94999999999999	104.61
450	63	1	44.54499999999999	183.05000000000004
450	64	1	68.98	58.555000000000014
450	65	1	87.06499999999994	22.28500000000001
450	66	1	133.36499999999992	8.199999999999994
450	67	1	170.32000000000005	8.265000000000002
450	68	1	166.32	196.66
450	69	1	155.28999999999996	41.47
450	70	1	35.13999999999999	63.30999999999999
450	71	1	47.214999999999996	123.45499999999998
450	72	1	152.67661691542295	175.2985074626865
450	73	1	26.06999999999999	52.00000000000001
450	74	1	123.50499999999998	175.53499999999988
450	75	1	143.76500000000001	115.10500000000002
460	1	2	10.02	10.050000000000004
460	2	2	9.858585858585856	55.14141414141413
460	3	2	9.879999999999997	99.87999999999998
460	4	2	10.309278350515465	145.2164948453608
460	5	2	10.000000000000002	189.73999999999995
460	6	2	54.849999999999994	9.999999999999998
460	7	2	55.30927835051546	54.78350515463916
460	8	2	54.85858585858585	99.85858585858585
460	9	2	54.71428571428571	145.74725274725276
460	10	2	55.14141414141414	190.14141414141415
460	11	2	100.06	9.850000000000001
460	12	2	100.12	55.12000000000001
460	13	2	99.97000000000003	99.60999999999999
460	14	2	99.50000000000001	144.99999999999991
460	15	2	100.06	190.10000000000002
460	16	2	144.93999999999997	9.85
460	17	2	145.09574468085103	55.41489361702127
460	18	2	144.92000000000004	100.28
460	19	2	145.1199999999999	144.76
460	20	2	144.72916666666669	189.72916666666663
460	21	2	190.17999999999992	10.11
460	22	2	189.74	55.140000000000015
460	23	2	189.64	100.20999999999998
460	24	2	189.69072164948446	145.21649484536076
460	25	2	189.99999999999994	189.73999999999995
460	26	1	154.63500000000005	196.43500000000003
460	27	1	63.36500000000001	132.30499999999995
460	28	1	149.39000000000004	32.04000000000001
460	29	1	162.9800995024875	178.7412935323383
460	30	1	139.49499999999995	177.09499999999989
460	31	1	136.38499999999996	40.87000000000001
460	32	1	135.03500000000008	166.06000000000003
460	33	1	36.75500000000001	108.15999999999997
460	34	1	16.532338308457714	39.18905472636815
460	35	1	118.39999999999995	13.404999999999994
460	36	1	7.824999999999999	22.879999999999995
460	37	1	172.875	180.88499999999996
460	38	1	168.93	28.575000000000017
460	39	1	57.49	68.085
460	40	1	78.15499999999999	116.00000000000001
460	41	1	54.504999999999974	116.58999999999999
460	42	1	77.61194029850748	140.0149253731344
460	43	1	151.81188118811872	80.61386138613858
460	44	1	43.920000000000016	59.11500000000001
460	45	1	111.79499999999999	174.4049999999999
460	46	1	168.14499999999998	164.63999999999993
460	47	1	165.15000000000012	131.28500000000005
460	48	1	28.00502512562815	37.688442211055275
460	49	1	156.21999999999997	15.839999999999996
460	50	1	187.30999999999995	127.31000000000002
460	51	1	67.98000000000006	117.75
460	52	1	32.42999999999999	179.48500000000007
460	53	1	21.20000000000001	66.145
460	54	1	82.53999999999992	128.80499999999995
460	55	1	117.95499999999998	150.40999999999997
460	56	1	149.54500000000004	123.29999999999995
460	57	1	121.12935323383086	160.54726368159206
460	58	1	121.8	25.365000000000013
460	59	1	168.49999999999997	23.724999999999994
460	60	1	175.07999999999987	124.55000000000003
460	61	1	169.54500000000002	62.42000000000001
460	62	1	66.84079601990051	103.92537313432837
460	63	1	43.71500000000002	183.2449999999999
460	64	1	68.98	58.73000000000002
460	65	1	87.10500000000002	22.47500000000001
460	66	1	133.42	8.635000000000003
460	67	1	170.1507537688442	8.346733668341713
460	68	1	166.06999999999996	197.115
460	69	1	154.87499999999994	41.934999999999995
460	70	1	35.02500000000001	63.39500000000001
460	71	1	47.26000000000001	123.34499999999998
460	72	1	152.74500000000006	175.34000000000012
460	73	1	25.82089552238806	51.81094527363183
460	74	1	123.4825870646766	175.61691542288554
460	75	1	143.48743718592962	115.08542713567842
470	1	2	10.02	10.050000000000004
470	2	2	9.858585858585856	55.14141414141413
470	3	2	9.879999999999997	99.87999999999998
470	4	2	10.309278350515465	145.2164948453608
470	5	2	10.000000000000002	189.73999999999995
470	6	2	54.849999999999994	9.999999999999998
470	7	2	55.30927835051546	54.78350515463916
470	8	2	54.85858585858585	99.85858585858585
470	9	2	54.71428571428571	145.74725274725276
470	10	2	55.14141414141414	190.14141414141415
470	11	2	100.06	9.850000000000001
470	12	2	100.12	55.12000000000001
470	13	2	99.97000000000003	99.60999999999999
470	14	2	99.50000000000001	144.99999999999991
470	15	2	100.06	190.10000000000002
470	16	2	144.93999999999997	9.85
470	17	2	145.09574468085103	55.41489361702127
470	18	2	144.92000000000004	100.28
470	19	2	145.1199999999999	144.76
470	20	2	144.72916666666669	189.72916666666663
470	21	2	190.17999999999992	10.11
470	22	2	189.74	55.140000000000015
470	23	2	189.64	100.20999999999998
470	24	2	189.69072164948446	145.21649484536076
470	25	2	189.99999999999994	189.73999999999995
470	26	1	154.65000000000003	196.28
470	27	1	63.190000000000005	132.13499999999993
470	28	1	150.0201005025125	32.226130653266345
470	29	1	163.00499999999988	178.53999999999988
470	30	1	139.49499999999986	177.29000000000008
470	31	1	136.286432160804	40.67336683417086
470	32	1	135.07999999999993	166.32500000000002
470	33	1	37.13000000000004	108.295
470	34	1	16.675000000000004	39.140000000000015
470	35	1	118.81000000000002	13.550000000000002
470	36	1	7.730000000000002	22.895000000000007
470	37	1	172.85500000000008	181.10000000000002
470	38	1	168.87499999999994	28.694999999999986
470	39	1	57.41999999999998	68.17499999999998
470	40	1	78.13999999999997	116.01000000000003
470	41	1	54.55276381909546	116.07537688442208
470	42	1	77.35999999999999	139.95499999999996
470	43	1	151.69500000000005	80.57
470	44	1	44.14000000000002	59.55
470	45	1	111.74500000000002	174.22999999999996
470	46	1	168.10499999999988	164.61
470	47	1	165.407960199005	131.45771144278604
470	48	1	28.115000000000006	37.61000000000001
470	49	1	156.07500000000005	16.104999999999997
470	50	1	188.19499999999988	126.55999999999999
470	51	1	67.99004975124383	117.94029850746269
470	52	1	32.52000000000002	178.28999999999996
470	53	1	21.15499999999999	65.97000000000003
470	54	1	82.45000000000002	128.78499999999997
470	55	1	117.96000000000004	150.61999999999998
470	56	1	149.715	123.40000000000005
470	57	1	121.23383084577115	160.49253731343288
470	58	1	122.00000000000001	25.419999999999995
470	59	1	168.49999999999997	23.724999999999994
470	60	1	175.04499999999987	124.52000000000001
470	61	1	169.57500000000007	62.589999999999975
470	62	1	67.4228855721393	103.44278606965176
470	63	1	42.99499999999998	182.57500000000002
470	64	1	68.62500000000006	58.775000000000006
470	65	1	87.16417910447753	23.094527363184092
470	66	1	133.33500000000006	8.449999999999998
470	67	1	169.965	8.49999999999999
470	68	1	165.9699999999999	197.135
470	69	1	154.77386934673376	42.18592964824117
470	70	1	34.75500000000001	63.38499999999999
470	71	1	47.43999999999998	123.39000000000009
470	72	1	152.70499999999998	175.47000000000006
470	73	1	26.240000000000002	51.599999999999994
470	74	1	123.40499999999996	175.51
470	75	1	143.18000000000006	115.45500000000001
480	1	2	10.02	10.050000000000004
480	2	2	9.858585858585856	55.14141414141413
480	3	2	9.879999999999997	99.87999999999998
480	4	2	10.309278350515465	145.2164948453608
480	5	2	10.000000000000002	189.73999999999995
480	6	2	54.849999999999994	9.999999999999998
480	7	2	55.30927835051546	54.78350515463916
480	8	2	54.85858585858585	99.85858585858585
480	9	2	54.71428571428571	145.74725274725276
480	10	2	55.14141414141414	190.14141414141415
480	11	2	100.06	9.850000000000001
480	12	2	100.12	55.12000000000001
480	13	2	99.97000000000003	99.60999999999999
480	14	2	99.50000000000001	144.99999999999991
480	15	2	100.06	190.10000000000002
480	16	2	144.93999999999997	9.85
480	17	2	145.09574468085103	55.41489361702127
480	18	2	144.92000000000004	100.28
480	19	2	145.1199999999999	144.76
480	20	2	144.72916666666669	189.72916666666663
480	21	2	190.17999999999992	10.11
480	22	2	189.74	55.140000000000015
480	23	2	189.64	100.20999999999998
480	24	2	189.69072164948446	145.21649484536076
480	25	2	189.99999999999994	189.73999999999995
480	26	1	154.79999999999998	196.03500000000014
480	27	1	62.565	131.88499999999996
480	28	1	149.97499999999997	32.32
480	29	1	162.9303482587065	178.2338308457711
480	30	1	139.49000000000007	177.25500000000005
480	31	1	136.27499999999998	40.69500000000005
480	32	1	135.07500000000002	166.40499999999992
480	33	1	36.970000000000006	108.49
480	34	1	16.5771144278607	38.63184079601993
480	35	1	118.85499999999999	13.940000000000003
480	36	1	7.994999999999996	22.684999999999985
480	37	1	172.78000000000006	181.47500000000005
480	38	1	168.82500000000002	28.779999999999994
480	39	1	57.412060301507545	68.02512562814073
480	40	1	78.13499999999999	116.24000000000002
480	41	1	54.82499999999999	115.24999999999996
480	42	1	76.83582089552237	140
480	43	1	151.37500000000006	80.63000000000005
480	44	1	43.84000000000001	59.28000000000001
480	45	1	111.66000000000001	174.1
480	46	1	167.98000000000005	164.7800000000001
480	47	1	165.35999999999993	131.13499999999996
480	48	1	28.075	37.59500000000001
480	49	1	155.935	16.100000000000012
480	50	1	189.665	125.74999999999996
480	51	1	67.93999999999998	118.15999999999991
480	52	1	32.334999999999994	177.51000000000008
480	53	1	20.819095477386934	66.1005025125628
480	54	1	82.34500000000006	128.92999999999995
480	55	1	117.96499999999997	150.68499999999995
480	56	1	149.61000000000007	123.455
480	57	1	121.56499999999996	160.24999999999991
480	58	1	122.77000000000001	25.424999999999997
480	59	1	168.43216080402007	23.713567839195974
480	60	1	176.01990049751237	124.00497512437812
480	61	1	169.65499999999986	62.15500000000001
480	62	1	67.90499999999997	103.25000000000001
480	63	1	42.705	182.115
480	64	1	68.59499999999997	58.77000000000001
480	65	1	87.40703517587937	25.140703517587937
480	66	1	132.84	8.664999999999997
480	67	1	169.77999999999997	8.664999999999997
480	68	1	166.09499999999994	197.22
480	69	1	154.89054726368153	42.373134328358226
480	70	1	34.58706467661692	63.30845771144278
480	71	1	47.53233830845773	123.11940298507464
480	72	1	152.63500000000002	175.36499999999998
480	73	1	26.379999999999995	51.770000000000024
480	74	1	123.17910447761194	175.43781094527372
480	75	1	142.79499999999993	115.70500000000004
490	1	2	10.02	10.050000000000004
490	2	2	9.858585858585856	55.14141414141413
490	3	2	9.879999999999997	99.87999999999998
490	4	2	10.309278350515465	145.2164948453608
490	5	2	10.000000000000002	189.73999999999995
490	6	2	54.849999999999994	9.999999999999998
490	7	2	55.30927835051546	54.78350515463916
490	8	2	54.85858585858585	99.85858585858585
490	9	2	54.71428571428571	145.74725274725276
490	10	2	55.14141414141414	190.14141414141415
490	11	2	100.06	9.850000000000001
490	12	2	100.12	55.12000000000001
490	13	2	99.97000000000003	99.60999999999999
490	14	2	99.50000000000001	144.99999999999991
490	15	2	100.06	190.10000000000002
490	16	2	144.93999999999997	9.85
490	17	2	145.09574468085103	55.41489361702127
490	18	2	144.92000000000004	100.28
490	19	2	145.1199999999999	144.76
490	20	2	144.72916666666669	189.72916666666663
490	21	2	190.17999999999992	10.11
490	22	2	189.74	55.140000000000015
490	23	2	189.64	100.20999999999998
490	24	2	189.69072164948446	145.21649484536076
490	25	2	189.99999999999994	189.73999999999995
490	26	1	154.62999999999997	196.18
490	27	1	61.80499999999999	132.09500000000006
490	28	1	150.18	32.42
490	29	1	162.81999999999996	178.45500000000004
490	30	1	139.47499999999997	177.21499999999997
490	31	1	136.455	40.47
490	32	1	135.16999999999996	166.28500000000008
490	33	1	36.82999999999999	108.54000000000005
490	34	1	16.424999999999997	38.454999999999984
490	35	1	119.31500000000004	13.555
490	36	1	8.34	22.92499999999999
490	37	1	172.8200000000001	181.6400000000001
490	38	1	168.89000000000007	28.795
490	39	1	57.51500000000003	68.24500000000002
490	40	1	77.98999999999995	116.16999999999999
490	41	1	55.110552763819115	115.08040201005022
490	42	1	76.95522388059706	139.87064676616913
490	43	1	150.86499999999992	80.46499999999997
490	44	1	43.750000000000014	59.08999999999998
490	45	1	111.86999999999998	174.16999999999996
490	46	1	168.14999999999992	164.92000000000004
490	47	1	165.98500000000004	131.06500000000003
490	48	1	28.258706467661693	37.67661691542288
490	49	1	156.04499999999993	16.034999999999997
490	50	1	191.61194029850745	124.46766169154225
490	51	1	67.67000000000002	118.78999999999996
490	52	1	32.164999999999985	176.455
490	53	1	21.527638190954793	66.30653266331657
490	54	1	82.04500000000006	128.89500000000004
490	55	1	117.74999999999999	150.805
490	56	1	149.33999999999997	123.66499999999996
490	57	1	121.91542288557216	160.0298507462687
490	58	1	123.53233830845771	25.119402985074615
490	59	1	168.48743718592976	23.73366834170854
490	60	1	177.535	123.58999999999999
490	61	1	169.5100000000001	62.03000000000001
490	62	1	68.08000000000004	103.35500000000005
490	63	1	42.42000000000001	182.26000000000005
490	64	1	68.65999999999998	58.914999999999985
490	65	1	87.5549999999999	25.845000000000002
490	66	1	132.59701492537326	9.099502487562187
490	67	1	169.8649999999999	8.750000000000002
490	68	1	165.91500000000002	197.305
490	69	1	155.01	42.569999999999986
490	70	1	34.40298507462685	62.960199004975145
490	71	1	47.23880597014924	122.7313432835821
490	72	1	152.65499999999992	175.23000000000016
490	73	1	26.567164179104484	51.487562189054735
490	74	1	123.34500000000001	175.2800000000001
490	75	1	142.84999999999988	115.68500000000002
500	1	2	10.02	10.050000000000004
500	2	2	9.858585858585856	55.14141414141413
500	3	2	9.879999999999997	99.87999999999998
500	4	2	10.309278350515465	145.2164948453608
500	5	2	10.000000000000002	189.73999999999995
500	6	2	54.849999999999994	9.999999999999998
500	7	2	55.30927835051546	54.78350515463916
500	8	2	54.85858585858585	99.85858585858585
500	9	2	54.71428571428571	145.74725274725276
500	10	2	55.14141414141414	190.14141414141415
500	11	2	100.06	9.850000000000001
500	12	2	100.12	55.12000000000001
500	13	2	99.97000000000003	99.60999999999999
500	14	2	99.50000000000001	144.99999999999991
500	15	2	100.06	190.10000000000002
500	16	2	144.93999999999997	9.85
500	17	2	145.09574468085103	55.41489361702127
500	18	2	144.92000000000004	100.28
500	19	2	145.1199999999999	144.76
500	20	2	144.72916666666669	189.72916666666663
500	21	2	190.17999999999992	10.11
500	22	2	189.74	55.140000000000015
500	23	2	189.64	100.20999999999998
500	24	2	189.69072164948446	145.21649484536076
500	25	2	189.99999999999994	189.73999999999995
500	26	1	154.48000000000002	196.1499999999999
500	27	1	61.37999999999996	132.09499999999994
500	28	1	150.4623115577889	32.36180904522612
500	29	1	162.835	178.47499999999994
500	30	1	139.5699999999999	177.28499999999994
500	31	1	136.75500000000005	40.35500000000001
500	32	1	135.29999999999995	166.29500000000016
500	33	1	36.57999999999999	108.87500000000006
500	34	1	16.286432160804015	38.236180904522605
500	35	1	119.30499999999998	13.675000000000004
500	36	1	8.449999999999998	22.875
500	37	1	172.8200000000001	181.95499999999996
500	38	1	168.76616915422875	29.01990049751246
500	39	1	57.61306532663315	68.30150753768845
500	40	1	77.97500000000005	115.96999999999991
500	41	1	55.12000000000004	115.05500000000002
500	42	1	76.77500000000003	139.63
500	43	1	149.455	80.16500000000003
500	44	1	43.88499999999999	59.685
500	45	1	111.82500000000003	174.03499999999997
500	46	1	168.18999999999994	165.00500000000002
500	47	1	166.14572864321605	130.88944723618084
500	48	1	28.14	37.695000000000014
500	49	1	156.17499999999998	15.890000000000006
500	50	1	192.3731343283582	124.03482587064676
500	51	1	67.55499999999996	118.9949999999999
500	52	1	32.089999999999996	175.10000000000005
500	53	1	22.256281407035168	66.59798994974868
500	54	1	82.02000000000004	128.82
500	55	1	117.67500000000004	151.03500000000003
500	56	1	149.12499999999986	123.81000000000002
500	57	1	122.04000000000005	160.04500000000007
500	58	1	123.94000000000001	24.955000000000005
500	59	1	168.4773869346734	23.758793969849258
500	60	1	178.22000000000008	123.42
500	61	1	169.12000000000006	62.35
500	62	1	68.24500000000002	103.29499999999996
500	63	1	42.35999999999999	182.46499999999992
500	64	1	68.38999999999996	58.86999999999997
500	65	1	87.52999999999997	25.94000000000001
500	66	1	132.57500000000013	10.114999999999997
500	67	1	169.91500000000002	8.83
500	68	1	165.79000000000002	197.355
500	69	1	154.92999999999998	43.33000000000002
500	70	1	33.52499999999999	62.330000000000005
500	71	1	47.204999999999984	122.98000000000003
500	72	1	152.69000000000003	175.09500000000003
500	73	1	27.064676616915428	51.03980099502486
500	74	1	123.45499999999998	175.18499999999997
500	75	1	142.78	115.74999999999993
510	1	2	10.02	10.050000000000004
510	2	2	9.858585858585856	55.14141414141413
510	3	2	9.879999999999997	99.87999999999998
510	4	2	10.309278350515465	145.2164948453608
510	5	2	10.000000000000002	189.73999999999995
510	6	2	54.849999999999994	9.999999999999998
510	7	2	55.30927835051546	54.78350515463916
510	8	2	54.85858585858585	99.85858585858585
510	9	2	54.71428571428571	145.74725274725276
510	10	2	55.14141414141414	190.14141414141415
510	11	2	100.06	9.850000000000001
510	12	2	100.12	55.12000000000001
510	13	2	99.97000000000003	99.60999999999999
510	14	2	99.50000000000001	144.99999999999991
510	15	2	100.06	190.10000000000002
510	16	2	144.93999999999997	9.85
510	17	2	145.09574468085103	55.41489361702127
510	18	2	144.92000000000004	100.28
510	19	2	145.1199999999999	144.76
510	20	2	144.72916666666669	189.72916666666663
510	21	2	190.17999999999992	10.11
510	22	2	189.74	55.140000000000015
510	23	2	189.64	100.20999999999998
510	24	2	189.69072164948446	145.21649484536076
510	25	2	189.99999999999994	189.73999999999995
510	26	1	154.2950000000001	196.325
510	27	1	61.24000000000001	132.1350000000001
510	28	1	151.22	32.345
510	29	1	162.60000000000002	178.72499999999994
510	30	1	139.94499999999988	177.27000000000007
510	31	1	137.36000000000007	40.269999999999975
510	32	1	135.30000000000007	166.36999999999998
510	33	1	36.09	108.80999999999997
510	34	1	16.11	38.185000000000024
510	35	1	119.45000000000002	13.679999999999998
510	36	1	8.216080402010052	22.708542713567827
510	37	1	172.98000000000008	182.215
510	38	1	168.85000000000002	29.060000000000006
510	39	1	57.73366834170855	68.28643216080405
510	40	1	78.10999999999999	115.71499999999996
510	41	1	55.14	115.01000000000002
510	42	1	76.59500000000004	139.48000000000002
510	43	1	147.547263681592	79.72636815920397
510	44	1	43.71500000000001	59.8
510	45	1	112.03015075376882	174.0804020100503
510	46	1	168.08499999999984	165.33499999999984
510	47	1	166.33999999999995	130.89999999999998
510	48	1	27.914999999999996	37.51
510	49	1	156.18999999999997	15.695
510	50	1	192.34	124.12500000000006
510	51	1	67.55499999999999	119.27499999999998
510	52	1	32.089999999999996	175.125
510	53	1	22.904999999999994	66.60499999999999
510	54	1	81.83000000000001	128.66499999999996
510	55	1	117.48756218905467	151.15920398009956
510	56	1	149.17999999999995	123.87000000000003
510	57	1	121.99499999999999	160.10000000000005
510	58	1	124.69849246231156	24.582914572864315
510	59	1	168.51256281407044	23.713567839195996
510	60	1	178.48999999999998	123.36999999999999
510	61	1	168.37000000000003	62.92000000000001
510	62	1	68.42786069651739	103.26368159203977
510	63	1	42.19500000000001	182.3449999999999
510	64	1	68.4875621890547	58.865671641791025
510	65	1	87.56500000000003	26.190000000000015
510	66	1	133.3417085427136	11.336683417085423
510	67	1	169.75124378109453	8.87562189054727
510	68	1	165.7249999999999	197.13
510	69	1	154.8643216080403	44.46231155778895
510	70	1	33.054999999999986	61.82500000000002
510	71	1	47.18999999999997	122.74
510	72	1	152.78500000000005	174.44499999999988
510	73	1	27.005000000000006	50.614999999999974
510	74	1	123.61500000000004	175.37499999999994
510	75	1	142.96500000000003	115.62999999999995
520	1	2	10.02	10.050000000000004
520	2	2	9.858585858585856	55.14141414141413
520	3	2	9.879999999999997	99.87999999999998
520	4	2	10.309278350515465	145.2164948453608
520	5	2	10.000000000000002	189.73999999999995
520	6	2	54.849999999999994	9.999999999999998
520	7	2	55.30927835051546	54.78350515463916
520	8	2	54.85858585858585	99.85858585858585
520	9	2	54.71428571428571	145.74725274725276
520	10	2	55.14141414141414	190.14141414141415
520	11	2	100.06	9.850000000000001
520	12	2	100.12	55.12000000000001
520	13	2	99.97000000000003	99.60999999999999
520	14	2	99.50000000000001	144.99999999999991
520	15	2	100.06	190.10000000000002
520	16	2	144.93999999999997	9.85
520	17	2	145.09574468085103	55.41489361702127
520	18	2	144.92000000000004	100.28
520	19	2	145.1199999999999	144.76
520	20	2	144.72916666666669	189.72916666666663
520	21	2	190.17999999999992	10.11
520	22	2	189.74	55.140000000000015
520	23	2	189.64	100.20999999999998
520	24	2	189.69072164948446	145.21649484536076
520	25	2	189.99999999999994	189.73999999999995
520	26	1	154.41999999999996	195.94499999999994
520	27	1	60.99499999999998	131.855
520	28	1	151.22499999999997	32.32000000000001
520	29	1	162.68499999999997	178.81499999999997
520	30	1	140.2099999999999	177.42000000000007
520	31	1	137.87999999999994	40.21000000000003
520	32	1	135.54500000000007	166.45999999999995
520	33	1	35.47263681592041	108.52238805970151
520	34	1	16.104999999999997	38.16000000000001
520	35	1	120.12000000000002	13.490000000000004
520	36	1	8.537688442211055	22.849246231155774
520	37	1	173.08955223880596	182.32338308457702
520	38	1	168.85999999999999	29.155
520	39	1	57.73999999999998	68.30500000000005
520	40	1	77.87	115.63000000000001
520	41	1	55.05499999999998	114.815
520	42	1	76.27135678391956	139.3266331658292
520	43	1	144.8159203980099	79.30845771144281
520	44	1	43.61306532663316	59.55276381909546
520	45	1	111.92999999999998	173.94000000000003
520	46	1	168.67661691542287	165.5124378109453
520	47	1	166.27	130.74499999999998
520	48	1	27.925373134328357	37.38308457711443
520	49	1	156.275	15.519999999999996
520	50	1	192.62311557788945	123.89447236180902
520	51	1	67.48999999999998	119.21000000000002
520	52	1	32.195	175.24499999999995
520	53	1	23.240000000000002	66.65500000000003
520	54	1	81.72500000000001	128.57000000000005
520	55	1	117.66999999999999	151.16499999999994
520	56	1	149.2261306532662	123.94472361809045
520	57	1	121.96482412060303	160.35175879396988
520	58	1	124.85499999999999	24.539999999999992
520	59	1	168.51256281407044	23.713567839195996
520	60	1	178.51243781094524	123.28855721393033
520	61	1	167.325	63.57000000000002
520	62	1	68.19500000000002	103.07500000000002
520	63	1	42.284999999999975	182.43500000000003
520	64	1	68.575	59.13
520	65	1	87.75500000000001	26.334999999999983
520	66	1	134.3869346733668	12.648241206030143
520	67	1	169.905	8.944999999999997
520	68	1	165.59000000000012	197.34
520	69	1	155.00499999999988	44.755000000000024
520	70	1	32.78	61.43999999999996
520	71	1	47.15500000000001	122.53999999999998
520	72	1	152.92964824120608	174.15577889447238
520	73	1	26.845	50.434999999999995
520	74	1	123.69999999999997	175.41
520	75	1	143.21393034825874	115.69651741293532
530	1	2	10.02	10.050000000000004
530	2	2	9.858585858585856	55.14141414141413
530	3	2	9.879999999999997	99.87999999999998
530	4	2	10.309278350515465	145.2164948453608
530	5	2	10.000000000000002	189.73999999999995
530	6	2	54.849999999999994	9.999999999999998
530	7	2	55.30927835051546	54.78350515463916
530	8	2	54.85858585858585	99.85858585858585
530	9	2	54.71428571428571	145.74725274725276
530	10	2	55.14141414141414	190.14141414141415
530	11	2	100.06	9.850000000000001
530	12	2	100.12	55.12000000000001
530	13	2	99.97000000000003	99.60999999999999
530	14	2	99.50000000000001	144.99999999999991
530	15	2	100.06	190.10000000000002
530	16	2	144.93999999999997	9.85
530	17	2	145.09574468085103	55.41489361702127
530	18	2	144.92000000000004	100.28
530	19	2	145.1199999999999	144.76
530	20	2	144.72916666666669	189.72916666666663
530	21	2	190.17999999999992	10.11
530	22	2	189.74	55.140000000000015
530	23	2	189.64	100.20999999999998
530	24	2	189.69072164948446	145.21649484536076
530	25	2	189.99999999999994	189.73999999999995
530	26	1	154.39698492462307	196.09045226130652
530	27	1	61.00995024875621	131.7114427860697
530	28	1	150.64999999999998	32.239999999999995
530	29	1	162.48999999999995	179.04999999999998
530	30	1	140.08499999999998	177.40500000000006
530	31	1	138.46999999999989	40.19999999999999
530	32	1	135.49499999999992	166.34999999999988
530	33	1	34.653266331658315	107.98492462311556
530	34	1	15.930000000000005	38.18000000000001
530	35	1	120.29500000000004	13.29
530	36	1	8.469999999999995	22.84
530	37	1	173.12	182.295
530	38	1	168.86432160804011	29.371859296482416
530	39	1	57.73	68.24000000000005
530	40	1	77.99000000000004	115.41999999999997
530	41	1	54.879999999999995	114.79000000000003
530	42	1	76.13	139.2549999999999
530	43	1	142.9549999999999	79.685
530	44	1	43.49	59.60500000000002
530	45	1	111.82	173.735
530	46	1	168.9349999999999	165.83499999999992
530	47	1	166.03	130.74999999999997
530	48	1	27.799999999999994	37.41500000000002
530	49	1	156.40499999999997	15.585
530	50	1	192.46231155778895	123.92462311557789
530	51	1	67.39698492462313	119.09045226130651
530	52	1	32.115	175.23
530	53	1	23.527638190954768	66.72864321608037
530	54	1	81.60199004975124	128.53731343283576
530	55	1	117.55	151.245
530	56	1	149.455	123.94499999999995
530	57	1	122.11000000000001	160.3699999999999
530	58	1	124.97512437810944	24.417910447761198
530	59	1	168.51256281407044	23.73869346733668
530	60	1	178.70000000000002	123.33999999999997
530	61	1	165.5649999999999	64.07000000000001
530	62	1	68.50999999999996	103.15000000000002
530	63	1	42.3969849246231	182.2311557788945
530	64	1	69.01999999999997	58.92999999999999
530	65	1	87.74500000000002	26.464999999999982
530	66	1	135.25870646766165	13.825870646766164
530	67	1	169.91999999999996	9.205000000000002
530	68	1	165.655	197.335
530	69	1	155.17499999999993	44.47999999999998
530	70	1	32.78999999999999	61.60999999999999
530	71	1	47.025000000000006	122.45
530	72	1	152.78499999999997	173.97500000000008
530	73	1	26.87939698492462	50.40201005025125
530	74	1	123.73500000000004	175.37500000000009
530	75	1	143.29	115.595
540	1	2	10.02	10.050000000000004
540	2	2	9.858585858585856	55.14141414141413
540	3	2	9.879999999999997	99.87999999999998
540	4	2	10.309278350515465	145.2164948453608
540	5	2	10.000000000000002	189.73999999999995
540	6	2	54.849999999999994	9.999999999999998
540	7	2	55.30927835051546	54.78350515463916
540	8	2	54.85858585858585	99.85858585858585
540	9	2	54.71428571428571	145.74725274725276
540	10	2	55.14141414141414	190.14141414141415
540	11	2	100.06	9.850000000000001
540	12	2	100.12	55.12000000000001
540	13	2	99.97000000000003	99.60999999999999
540	14	2	99.50000000000001	144.99999999999991
540	15	2	100.06	190.10000000000002
540	16	2	144.93999999999997	9.85
540	17	2	145.09574468085103	55.41489361702127
540	18	2	144.92000000000004	100.28
540	19	2	145.1199999999999	144.76
540	20	2	144.72916666666669	189.72916666666663
540	21	2	190.17999999999992	10.11
540	22	2	189.74	55.140000000000015
540	23	2	189.64	100.20999999999998
540	24	2	189.69072164948446	145.21649484536076
540	25	2	189.99999999999994	189.73999999999995
540	26	1	154.46000000000006	196.065
540	27	1	61.12000000000002	131.62499999999997
540	28	1	150.55999999999995	31.805000000000003
540	29	1	162.62500000000003	179.08499999999995
540	30	1	139.6218905472636	177.63681592039794
540	31	1	138.78109452736308	39.5273631840796
540	32	1	135.8349999999999	166.53000000000006
540	33	1	34.21500000000001	107.805
540	34	1	15.860000000000003	38.30000000000002
540	35	1	120.46	13.440000000000003
540	36	1	8.625000000000002	22.800000000000004
540	37	1	173.22000000000006	182.36
540	38	1	168.89499999999998	29.67
540	39	1	57.739999999999995	68.165
540	40	1	77.96999999999998	115.21499999999997
540	41	1	54.55	114.66500000000002
540	42	1	76.35999999999996	139.04999999999993
540	43	1	141.83999999999997	79.70999999999995
540	44	1	43.40499999999997	59.66999999999998
540	45	1	111.945	173.9
540	46	1	168.49999999999991	165.79499999999996
540	47	1	166.17000000000004	130.715
540	48	1	27.695000000000018	37.36
540	49	1	156.66169154228857	15.562189054726373
540	50	1	192.565	123.93000000000002
540	51	1	67.315	119.07499999999997
540	52	1	32.230000000000004	175.41
540	53	1	23.264999999999997	66.71499999999996
540	54	1	81.58999999999999	128.42000000000007
540	55	1	117.76499999999999	151.3
540	56	1	149.61999999999998	124.165
540	57	1	122.11999999999996	160.52999999999997
540	58	1	125.13500000000006	24.39000000000001
540	59	1	168.49999999999997	23.724999999999994
540	60	1	178.71	123.37000000000002
540	61	1	164.16499999999988	63.68499999999995
540	62	1	68.37688442211052	103.21608040201
540	63	1	42.49	181.8499999999999
540	64	1	69.24999999999997	58.585000000000015
540	65	1	87.65500000000003	26.53500000000001
540	66	1	135.77500000000003	14.195000000000006
540	67	1	170.15000000000006	9.484999999999992
540	68	1	165.73999999999992	197.305
540	69	1	154.9199999999999	44.365000000000016
540	70	1	32.64500000000002	61.710000000000015
540	71	1	47.18999999999998	122.64999999999999
540	72	1	152.61500000000007	174.36499999999995
540	73	1	26.810000000000006	50.485
540	74	1	123.77500000000002	175.23499999999996
540	75	1	143.05500000000012	115.62999999999998
550	1	2	10.02	10.050000000000004
550	2	2	9.858585858585856	55.14141414141413
550	3	2	9.879999999999997	99.87999999999998
550	4	2	10.309278350515465	145.2164948453608
550	5	2	10.000000000000002	189.73999999999995
550	6	2	54.849999999999994	9.999999999999998
550	7	2	55.30927835051546	54.78350515463916
550	8	2	54.85858585858585	99.85858585858585
550	9	2	54.71428571428571	145.74725274725276
550	10	2	55.14141414141414	190.14141414141415
550	11	2	100.06	9.850000000000001
550	12	2	100.12	55.12000000000001
550	13	2	99.97000000000003	99.60999999999999
550	14	2	99.50000000000001	144.99999999999991
550	15	2	100.06	190.10000000000002
550	16	2	144.93999999999997	9.85
550	17	2	145.09574468085103	55.41489361702127
550	18	2	144.92000000000004	100.28
550	19	2	145.1199999999999	144.76
550	20	2	144.72916666666669	189.72916666666663
550	21	2	190.17999999999992	10.11
550	22	2	189.74	55.140000000000015
550	23	2	189.64	100.20999999999998
550	24	2	189.69072164948446	145.21649484536076
550	25	2	189.99999999999994	189.73999999999995
550	26	1	154.30000000000007	196.05
550	27	1	61.15500000000002	131.49999999999997
550	28	1	150.10499999999996	31.23
550	29	1	162.485	178.87499999999994
550	30	1	138.90999999999997	177.91499999999988
550	31	1	139.457711442786	38.696517412935336
550	32	1	135.835	166.55999999999995
550	33	1	34.05000000000001	107.79000000000003
550	34	1	16.125	38.39999999999999
550	35	1	120.45	13.365000000000002
550	36	1	8.680000000000001	23.01499999999999
550	37	1	173.195	182.46500000000012
550	38	1	168.74999999999997	29.64499999999999
550	39	1	57.59203980099502	68.02985074626865
550	40	1	78.00500000000001	115.24500000000005
550	41	1	54.27999999999999	114.76499999999997
550	42	1	76.32000000000002	139.00999999999993
550	43	1	141.49000000000004	79.91999999999997
550	44	1	43.55500000000004	59.569999999999986
550	45	1	111.84000000000002	173.98499999999993
550	46	1	168.6699999999999	165.81000000000003
550	47	1	166.19500000000002	130.67500000000004
550	48	1	27.970000000000002	37.48500000000001
550	49	1	156.6150000000001	15.545000000000009
550	50	1	192.44221105527637	123.72864321608039
550	51	1	67.08999999999997	118.86999999999998
550	52	1	32.23115577889447	175.41206030150755
550	53	1	23.215000000000003	66.52999999999997
550	54	1	81.36000000000001	128.44000000000008
550	55	1	117.59999999999995	151.44500000000005
550	56	1	149.83499999999995	124.31500000000003
550	57	1	122.00999999999996	160.61000000000004
550	58	1	125.125	24.200000000000003
550	59	1	168.56281407035178	23.703517587939707
550	60	1	178.79500000000002	123.3
550	61	1	162.71641791044775	62.37810945273632
550	62	1	68.71	103.42
550	63	1	42.33999999999998	181.93999999999997
550	64	1	69.435	58.625000000000014
550	65	1	87.75499999999995	26.465
550	66	1	135.7350000000001	14.115000000000004
550	67	1	169.88499999999985	9.360000000000001
550	68	1	165.41499999999996	196.905
550	69	1	154.94527363184073	43.865671641791046
550	70	1	32.75	61.740000000000016
550	71	1	47.01999999999998	122.705
550	72	1	152.39303482587073	174.39800995024865
550	73	1	26.714999999999996	50.62999999999999
550	74	1	123.64824120603014	175.07537688442207
550	75	1	143.04000000000002	115.55500000000004
560	1	2	10.02	10.050000000000004
560	2	2	9.858585858585856	55.14141414141413
560	3	2	9.879999999999997	99.87999999999998
560	4	2	10.309278350515465	145.2164948453608
560	5	2	10.000000000000002	189.73999999999995
560	6	2	54.849999999999994	9.999999999999998
560	7	2	55.30927835051546	54.78350515463916
560	8	2	54.85858585858585	99.85858585858585
560	9	2	54.71428571428571	145.74725274725276
560	10	2	55.14141414141414	190.14141414141415
560	11	2	100.06	9.850000000000001
560	12	2	100.12	55.12000000000001
560	13	2	99.97000000000003	99.60999999999999
560	14	2	99.50000000000001	144.99999999999991
560	15	2	100.06	190.10000000000002
560	16	2	144.93999999999997	9.85
560	17	2	145.09574468085103	55.41489361702127
560	18	2	144.92000000000004	100.28
560	19	2	145.1199999999999	144.76
560	20	2	144.72916666666669	189.72916666666663
560	21	2	190.17999999999992	10.11
560	22	2	189.74	55.140000000000015
560	23	2	189.64	100.20999999999998
560	24	2	189.69072164948446	145.21649484536076
560	25	2	189.99999999999994	189.73999999999995
560	26	1	154.17999999999998	195.985
560	27	1	61.139999999999986	131.595
560	28	1	148.7711442786069	30.51741293532337
560	29	1	162.4000000000001	178.83
560	30	1	138.60999999999984	177.90500000000023
560	31	1	140.06965174129337	38.238805970149265
560	32	1	135.84999999999997	166.42500000000013
560	33	1	34.074999999999996	108.02499999999999
560	34	1	16.080000000000002	38.43000000000003
560	35	1	120.41206030150745	13.452261306532657
560	36	1	8.587064676616917	22.960199004975127
560	37	1	173.16500000000005	182.3
560	38	1	168.6449999999999	29.575000000000014
560	39	1	57.78391959798992	68.08542713567839
560	40	1	78.04999999999994	115.07999999999994
560	41	1	54.355000000000025	114.735
560	42	1	76.21608040201001	138.98994974874373
560	43	1	140.8249999999999	80.60499999999999
560	44	1	43.66500000000001	59.640000000000036
560	45	1	111.79	174.24500000000012
560	46	1	167.93499999999995	165.405
560	47	1	166.01000000000002	130.63000000000005
560	48	1	27.7412935323383	37.318407960199
560	49	1	156.54999999999998	15.834999999999996
560	50	1	192.41708542713567	123.73869346733669
560	51	1	66.96482412060304	118.8743718592965
560	52	1	32.345000000000006	175.15000000000003
560	53	1	23.01499999999999	66.545
560	54	1	81.08500000000002	128.39000000000007
560	55	1	117.54499999999999	151.38999999999984
560	56	1	149.76	124.36499999999998
560	57	1	122.29000000000002	160.275
560	58	1	125.23618090452258	24.28140703517588
560	59	1	168.49999999999997	23.724999999999994
560	60	1	178.66000000000005	123.41500000000002
560	61	1	161.75999999999993	60.385000000000005
560	62	1	68.98000000000003	103.59500000000001
560	63	1	42.71000000000002	182.18
560	64	1	70.08955223880595	58.28358208955222
560	65	1	87.48500000000004	26.41
560	66	1	135.5226130653266	14.356783919597985
560	67	1	169.78000000000003	9.190000000000005
560	68	1	165.22000000000008	196.76
560	69	1	154.9597989949749	42.778894472361806
560	70	1	32.74500000000001	61.360000000000014
560	71	1	47.075	122.55999999999999
560	72	1	152.23500000000004	174.36500000000007
560	73	1	26.58000000000001	50.66499999999999
560	74	1	123.48999999999998	174.7549999999999
560	75	1	143.145	115.66499999999999
570	1	2	10.02	10.050000000000004
570	2	2	9.858585858585856	55.14141414141413
570	3	2	9.879999999999997	99.87999999999998
570	4	2	10.309278350515465	145.2164948453608
570	5	2	10.000000000000002	189.73999999999995
570	6	2	54.849999999999994	9.999999999999998
570	7	2	55.30927835051546	54.78350515463916
570	8	2	54.85858585858585	99.85858585858585
570	9	2	54.71428571428571	145.74725274725276
570	10	2	55.14141414141414	190.14141414141415
570	11	2	100.06	9.850000000000001
570	12	2	100.12	55.12000000000001
570	13	2	99.97000000000003	99.60999999999999
570	14	2	99.50000000000001	144.99999999999991
570	15	2	100.06	190.10000000000002
570	16	2	144.93999999999997	9.85
570	17	2	145.09574468085103	55.41489361702127
570	18	2	144.92000000000004	100.28
570	19	2	145.1199999999999	144.76
570	20	2	144.72916666666669	189.72916666666663
570	21	2	190.17999999999992	10.11
570	22	2	189.74	55.140000000000015
570	23	2	189.64	100.20999999999998
570	24	2	189.69072164948446	145.21649484536076
570	25	2	189.99999999999994	189.73999999999995
570	26	1	154.34328358208955	195.66169154228857
570	27	1	61.16000000000001	131.51500000000007
570	28	1	148.1791044776119	30.06965174129353
570	29	1	162.33830845771146	178.7611940298508
570	30	1	138.49999999999986	177.98999999999998
570	31	1	140.4328358208955	38.283582089552255
570	32	1	136.03	166.41000000000003
570	33	1	34.19500000000003	108.06500000000001
570	34	1	16.099999999999998	38.509999999999984
570	35	1	120.34	13.61
570	36	1	8.759999999999998	23.119999999999994
570	37	1	173.00000000000009	182.16000000000008
570	38	1	168.7487437185929	29.417085427135667
570	39	1	57.56716417910449	68.16915422885573
570	40	1	78.22499999999998	115.06499999999998
570	41	1	54.35500000000001	114.79499999999997
570	42	1	76.21499999999999	138.98
570	43	1	139.47999999999988	81.48499999999999
570	44	1	43.85000000000002	59.580000000000005
570	45	1	111.87000000000002	174.27499999999992
570	46	1	167.05999999999997	164.175
570	47	1	165.960199004975	130.54726368159191
570	48	1	27.693467336683426	37.251256281407045
570	49	1	156.49499999999992	15.919999999999996
570	50	1	192.04	124.165
570	51	1	66.93499999999996	118.76500000000006
570	52	1	32.170000000000016	175.67499999999998
570	53	1	22.83	66.59500000000003
570	54	1	80.96019900497512	128.4278606965175
570	55	1	117.48	151.355
570	56	1	149.72636815920396	124.20398009950252
570	57	1	122.12	160.26499999999993
570	58	1	125.89500000000002	24.280000000000005
570	59	1	168.49999999999997	23.724999999999994
570	60	1	178.69	123.355
570	61	1	160.22500000000002	58.684999999999995
570	62	1	69.19999999999995	103.64500000000001
570	63	1	43.41000000000002	182.40000000000012
570	64	1	70.67499999999995	58.18999999999998
570	65	1	87.015	26.67499999999999
570	66	1	135.18999999999994	14.099999999999994
570	67	1	169.80500000000004	9.004999999999997
570	68	1	165.49499999999998	196.8
570	69	1	155.03999999999982	42.00000000000002
570	70	1	32.615000000000016	61.184999999999974
570	71	1	46.92	122.48000000000002
570	72	1	152.29500000000002	174.25500000000002
570	73	1	26.54999999999999	50.68500000000003
570	74	1	123.58500000000002	174.56499999999988
570	75	1	143.10499999999996	115.59499999999997
580	1	2	10.02	10.050000000000004
580	2	2	9.858585858585856	55.14141414141413
580	3	2	9.879999999999997	99.87999999999998
580	4	2	10.309278350515465	145.2164948453608
580	5	2	10.000000000000002	189.73999999999995
580	6	2	54.849999999999994	9.999999999999998
580	7	2	55.30927835051546	54.78350515463916
580	8	2	54.85858585858585	99.85858585858585
580	9	2	54.71428571428571	145.74725274725276
580	10	2	55.14141414141414	190.14141414141415
580	11	2	100.06	9.850000000000001
580	12	2	100.12	55.12000000000001
580	13	2	99.97000000000003	99.60999999999999
580	14	2	99.50000000000001	144.99999999999991
580	15	2	100.06	190.10000000000002
580	16	2	144.93999999999997	9.85
580	17	2	145.09574468085103	55.41489361702127
580	18	2	144.92000000000004	100.28
580	19	2	145.1199999999999	144.76
580	20	2	144.72916666666669	189.72916666666663
580	21	2	190.17999999999992	10.11
580	22	2	189.74	55.140000000000015
580	23	2	189.64	100.20999999999998
580	24	2	189.69072164948446	145.21649484536076
580	25	2	189.99999999999994	189.73999999999995
580	26	1	154.48500000000004	195.445
580	27	1	61.20500000000001	131.51000000000002
580	28	1	147.85499999999988	29.995000000000005
580	29	1	162.47	178.6899999999999
580	30	1	138.44278606965173	177.93532338308455
580	31	1	140.67999999999995	38.36
580	32	1	136.055	166.40999999999997
580	33	1	34.200000000000024	108.10999999999999
580	34	1	16.27135678391959	38.73869346733668
580	35	1	120.43283582089556	14.129353233830843
580	36	1	8.805000000000001	23.355000000000008
580	37	1	173.02985074626864	182.31343283582092
580	38	1	168.76000000000005	29.53
580	39	1	57.425000000000004	68.24499999999996
580	40	1	78.15500000000002	115.12499999999997
580	41	1	54.345000000000006	114.71500000000003
580	42	1	76.21500000000003	139.10000000000005
580	43	1	137.78999999999994	82.19500000000004
580	44	1	44.05000000000001	60.010000000000005
580	45	1	111.80000000000003	174.20500000000004
580	46	1	166.7014925373133	163.3781094527362
580	47	1	165.98999999999992	130.525
580	48	1	27.794999999999998	37.365
580	49	1	156.66500000000002	15.830000000000007
580	50	1	190.975	125.42
580	51	1	66.82500000000002	118.76999999999998
580	52	1	32.59	175.84999999999994
580	53	1	22.959999999999994	66.67999999999996
580	54	1	81.01499999999999	128.42000000000004
580	55	1	117.40000000000006	151.27999999999994
580	56	1	150.015	124.205
580	57	1	122.09500000000003	160.09000000000015
580	58	1	127.23499999999997	25.049999999999994
580	59	1	168.4773869346734	23.758793969849258
580	60	1	178.79500000000004	123.43499999999996
580	61	1	159.5850000000001	57.475
580	62	1	69.25999999999998	103.815
580	63	1	44.651741293532346	181.96019900497498
580	64	1	70.60500000000003	58.399999999999984
580	65	1	86.69000000000001	27.159999999999982
580	66	1	135.12999999999994	14.530000000000001
580	67	1	169.89499999999995	9.570000000000006
580	68	1	165.66169154228865	196.89054726368158
580	69	1	155.21499999999986	41.67999999999999
580	70	1	32.67000000000001	61.15500000000001
580	71	1	46.95000000000002	122.54999999999997
580	72	1	152.32999999999996	174.35500000000005
580	73	1	26.45226130653266	50.768844221105525
580	74	1	123.42999999999996	174.4599999999999
580	75	1	143.03499999999997	115.74
590	1	2	10.02	10.050000000000004
590	2	2	9.858585858585856	55.14141414141413
590	3	2	9.879999999999997	99.87999999999998
590	4	2	10.309278350515465	145.2164948453608
590	5	2	10.000000000000002	189.73999999999995
590	6	2	54.849999999999994	9.999999999999998
590	7	2	55.30927835051546	54.78350515463916
590	8	2	54.85858585858585	99.85858585858585
590	9	2	54.71428571428571	145.74725274725276
590	10	2	55.14141414141414	190.14141414141415
590	11	2	100.06	9.850000000000001
590	12	2	100.12	55.12000000000001
590	13	2	99.97000000000003	99.60999999999999
590	14	2	99.50000000000001	144.99999999999991
590	15	2	100.06	190.10000000000002
590	16	2	144.93999999999997	9.85
590	17	2	145.09574468085103	55.41489361702127
590	18	2	144.92000000000004	100.28
590	19	2	145.1199999999999	144.76
590	20	2	144.72916666666669	189.72916666666663
590	21	2	190.17999999999992	10.11
590	22	2	189.74	55.140000000000015
590	23	2	189.64	100.20999999999998
590	24	2	189.69072164948446	145.21649484536076
590	25	2	189.99999999999994	189.73999999999995
590	26	1	154.55500000000006	195.37
590	27	1	61.35499999999998	131.57000000000002
590	28	1	148.04000000000005	29.835000000000008
590	29	1	162.55223880597006	178.50248756218912
590	30	1	138.5649999999999	177.74499999999992
590	31	1	140.60500000000002	38.11000000000002
590	32	1	135.98500000000007	166.30500000000006
590	33	1	34.134999999999984	108.015
590	34	1	16.22	38.685
590	35	1	120.56499999999997	15.675000000000015
590	36	1	8.955000000000004	23.46999999999999
590	37	1	173.00000000000003	181.83999999999995
590	38	1	168.77499999999998	29.79
590	39	1	56.725	68.61999999999996
590	40	1	78.35000000000004	115.04500000000002
590	41	1	54.269999999999996	114.69999999999995
590	42	1	76.19	139.11499999999987
590	43	1	135.57213930348243	82.20398009950252
590	44	1	44.515000000000036	60.180000000000014
590	45	1	111.83500000000004	174.40999999999997
590	46	1	166.25628140703506	162.52261306532654
590	47	1	165.92499999999998	130.25
590	48	1	27.885	37.35500000000002
590	49	1	156.82499999999987	15.595
590	50	1	190.70499999999998	125.84499999999997
590	51	1	66.78	118.76500000000007
590	52	1	33.49748743718596	175.7487437185929
590	53	1	23.190000000000012	66.975
590	54	1	81.175	128.21000000000004
590	55	1	117.47500000000002	151.23499999999999
590	56	1	149.910447761194	124.17412935323385
590	57	1	122.04999999999997	160.03
590	58	1	128.59500000000003	26.20499999999999
590	59	1	168.46231155778892	23.758793969849254
590	60	1	179.17500000000004	123.27000000000002
590	61	1	159.46231155778898	56.613065326633155
590	62	1	69.35500000000003	103.84999999999994
590	63	1	45.66499999999999	182.00000000000006
590	64	1	70.39499999999998	58.504999999999974
590	65	1	86.20398009950254	28.034825870646763
590	66	1	134.88499999999993	14.700000000000005
590	67	1	170.035	9.59
590	68	1	165.595	196.795
590	69	1	155.37999999999994	41.589999999999975
590	70	1	32.73500000000002	61.01500000000001
590	71	1	47.03499999999999	122.57500000000005
590	72	1	152.33333333333326	174.39303482587073
590	73	1	26.335000000000008	50.87499999999999
590	74	1	123.43500000000002	174.44000000000005
590	75	1	143.04999999999993	115.70499999999993
600	1	2	10.02	10.050000000000004
600	2	2	9.858585858585856	55.14141414141413
600	3	2	9.879999999999997	99.87999999999998
600	4	2	10.309278350515465	145.2164948453608
600	5	2	10.000000000000002	189.73999999999995
600	6	2	54.849999999999994	9.999999999999998
600	7	2	55.30927835051546	54.78350515463916
600	8	2	54.85858585858585	99.85858585858585
600	9	2	54.71428571428571	145.74725274725276
600	10	2	55.14141414141414	190.14141414141415
600	11	2	100.06	9.850000000000001
600	12	2	100.12	55.12000000000001
600	13	2	99.97000000000003	99.60999999999999
600	14	2	99.50000000000001	144.99999999999991
600	15	2	100.06	190.10000000000002
600	16	2	144.93999999999997	9.85
600	17	2	145.09574468085103	55.41489361702127
600	18	2	144.92000000000004	100.28
600	19	2	145.1199999999999	144.76
600	20	2	144.72916666666669	189.72916666666663
600	21	2	190.17999999999992	10.11
600	22	2	189.74	55.140000000000015
600	23	2	189.64	100.20999999999998
600	24	2	189.69072164948446	145.21649484536076
600	25	2	189.99999999999994	189.73999999999995
600	26	1	154.59000000000015	195.35499999999993
600	27	1	61.63999999999999	131.39999999999995
600	28	1	148.24000000000007	29.790000000000013
600	29	1	162.62311557788937	178.2763819095477
600	30	1	138.77	177.67500000000013
600	31	1	140.73499999999996	38.17999999999999
600	32	1	135.90500000000003	166.04000000000002
600	33	1	34.47999999999999	107.85500000000003
600	34	1	16.075000000000006	38.61
600	35	1	120.50500000000004	16.924999999999997
600	36	1	9.065	23.425000000000008
600	37	1	173.0300000000001	181.03500000000005
600	38	1	168.82499999999996	29.83500000000002
600	39	1	56.34170854271358	68.86432160804021
600	40	1	78.54499999999994	115.06000000000003
600	41	1	54.35499999999999	114.72500000000008
600	42	1	76.25628140703519	139.2914572864323
600	43	1	133.4749999999999	81.86000000000001
600	44	1	44.72000000000001	60.19499999999999
600	45	1	111.905	174.29000000000002
600	46	1	165.62686567164178	161.41791044776124
600	47	1	166.06030150753773	130.21105527638193
600	48	1	27.95999999999999	37.43
600	49	1	156.95000000000002	15.399999999999997
600	50	1	190.76	125.66500000000006
600	51	1	66.83500000000002	118.52500000000002
600	52	1	34.16500000000001	175.25000000000003
600	53	1	23.174129353233837	66.71641791044779
600	54	1	81.20500000000001	128.105
600	55	1	117.26499999999994	151.40499999999994
600	56	1	150.1099999999999	124.155
600	57	1	121.92500000000004	160.13999999999984
600	58	1	129.82	27.175000000000004
600	59	1	168.49999999999997	23.724999999999994
600	60	1	179.0904522613065	123.321608040201
600	61	1	159.56	55.97000000000002
600	62	1	69.88000000000002	103.75000000000001
600	63	1	45.955223880597	181.58208955223887
600	64	1	70.06500000000003	58.745
600	65	1	85.62189054726375	28.66666666666666
600	66	1	134.54000000000002	14.885000000000002
600	67	1	169.94999999999993	9.375000000000005
600	68	1	165.70000000000002	196.48
600	69	1	155.48500000000007	41.75999999999999
600	70	1	32.970000000000006	61.09499999999995
600	71	1	47.05472636815919	122.52736318407963
600	72	1	152.52499999999998	174.5499999999999
600	73	1	26.36999999999998	50.87499999999999
600	74	1	123.75879396984925	174.51758793969844
600	75	1	142.98000000000008	115.88499999999995
610	1	2	10.02	10.050000000000004
610	2	2	9.858585858585856	55.14141414141413
610	3	2	9.879999999999997	99.87999999999998
610	4	2	10.309278350515465	145.2164948453608
610	5	2	10.000000000000002	189.73999999999995
610	6	2	54.849999999999994	9.999999999999998
610	7	2	55.30927835051546	54.78350515463916
610	8	2	54.85858585858585	99.85858585858585
610	9	2	54.71428571428571	145.74725274725276
610	10	2	55.14141414141414	190.14141414141415
610	11	2	100.06	9.850000000000001
610	12	2	100.12	55.12000000000001
610	13	2	99.97000000000003	99.60999999999999
610	14	2	99.50000000000001	144.99999999999991
610	15	2	100.06	190.10000000000002
610	16	2	144.93999999999997	9.85
610	17	2	145.09574468085103	55.41489361702127
610	18	2	144.92000000000004	100.28
610	19	2	145.1199999999999	144.76
610	20	2	144.72916666666669	189.72916666666663
610	21	2	190.17999999999992	10.11
610	22	2	189.74	55.140000000000015
610	23	2	189.64	100.20999999999998
610	24	2	189.69072164948446	145.21649484536076
610	25	2	189.99999999999994	189.73999999999995
610	26	1	154.65500000000003	195.34999999999997
610	27	1	61.73499999999998	131.48499999999993
610	28	1	148.3000000000001	29.785000000000004
610	29	1	162.59000000000003	178.30000000000013
610	30	1	138.97999999999985	177.59499999999986
610	31	1	141.05500000000004	38.595000000000006
610	32	1	136.06532663316585	165.92462311557796
610	33	1	34.82089552238805	108.11940298507464
610	34	1	16.304999999999996	38.68000000000001
610	35	1	120.51741293532345	17.60696517412935
610	36	1	9.350000000000005	23.55
610	37	1	172.81592039801004	179.64676616915432
610	38	1	168.865	29.965000000000003
610	39	1	56.283582089552226	68.98507462686565
610	40	1	78.38000000000002	114.99499999999998
610	41	1	54.39999999999999	114.66999999999999
610	42	1	75.94500000000002	139.57000000000005
610	43	1	131.2238805970148	81.29850746268654
610	44	1	44.66500000000003	60.34500000000002
610	45	1	112.26999999999998	174.3099999999999
610	46	1	164.58706467661705	160.06965174129357
610	47	1	166.11499999999992	130.36499999999998
610	48	1	28.020100502512562	37.256281407035175
610	49	1	157.13000000000014	15.084999999999997
610	50	1	190.855	125.75499999999998
610	51	1	66.81000000000002	118.44500000000002
610	52	1	34.96499999999999	175.10500000000005
610	53	1	23.499999999999986	66.82499999999996
610	54	1	81.12	128.35500000000005
610	55	1	117.095	151.4149999999999
610	56	1	150.4549999999999	123.97000000000004
610	57	1	121.90000000000008	159.905
610	58	1	130.4600000000001	27.669999999999998
610	59	1	168.49999999999997	23.724999999999994
610	60	1	178.9396984924623	123.54773869346734
610	61	1	159.80999999999995	55.360000000000014
610	62	1	70.18000000000005	103.57000000000005
610	63	1	45.8442211055276	181.04020100502515
610	64	1	70.90049751243781	59.542288557213915
610	65	1	85.58499999999997	28.854999999999993
610	66	1	134.41708542713556	15.216080402010046
610	67	1	169.90000000000003	9.32
610	68	1	166.03499999999997	196.16
610	69	1	155.54999999999993	41.83
610	70	1	33.165	61.18500000000001
610	71	1	47.14499999999998	122.435
610	72	1	152.76119402985069	174.46268656716413
610	73	1	26.21499999999999	50.91000000000001
610	74	1	124.15	173.985
610	75	1	142.80499999999986	115.97500000000005
620	1	2	10.02	10.050000000000004
620	2	2	9.858585858585856	55.14141414141413
620	3	2	9.879999999999997	99.87999999999998
620	4	2	10.309278350515465	145.2164948453608
620	5	2	10.000000000000002	189.73999999999995
620	6	2	54.849999999999994	9.999999999999998
620	7	2	55.30927835051546	54.78350515463916
620	8	2	54.85858585858585	99.85858585858585
620	9	2	54.71428571428571	145.74725274725276
620	10	2	55.14141414141414	190.14141414141415
620	11	2	100.06	9.850000000000001
620	12	2	100.12	55.12000000000001
620	13	2	99.97000000000003	99.60999999999999
620	14	2	99.50000000000001	144.99999999999991
620	15	2	100.06	190.10000000000002
620	16	2	144.93999999999997	9.85
620	17	2	145.09574468085103	55.41489361702127
620	18	2	144.92000000000004	100.28
620	19	2	145.1199999999999	144.76
620	20	2	144.72916666666669	189.72916666666663
620	21	2	190.17999999999992	10.11
620	22	2	189.74	55.140000000000015
620	23	2	189.64	100.20999999999998
620	24	2	189.69072164948446	145.21649484536076
620	25	2	189.99999999999994	189.73999999999995
620	26	1	154.97014925373128	195.318407960199
620	27	1	61.754999999999995	131.58500000000006
620	28	1	148.39303482587061	29.796019900497523
620	29	1	162.83999999999997	178.52500000000003
620	30	1	138.91959798994978	177.57286432160794
620	31	1	141.09500000000003	38.705
620	32	1	136.03999999999994	166.00000000000009
620	33	1	34.62500000000002	108.10000000000004
620	34	1	16.321608040201	38.71859296482414
620	35	1	120.89000000000003	17.86499999999999
620	36	1	9.525	23.63
620	37	1	172.66331658291463	178.54773869346735
620	38	1	168.6850000000001	30.115000000000016
620	39	1	56.437185929648216	68.70351758793971
620	40	1	78.16499999999998	114.95500000000003
620	41	1	54.42000000000002	114.84500000000003
620	42	1	75.8994974874372	139.63819095477385
620	43	1	129.58500000000004	80.70999999999994
620	44	1	44.67500000000001	60.55499999999999
620	45	1	112.31000000000002	174.095
620	46	1	164.0299999999999	159.545
620	47	1	166.05499999999998	130.44499999999994
620	48	1	28.08	37.42999999999999
620	49	1	157.34500000000003	15.119999999999996
620	50	1	190.75	126.19999999999999
620	51	1	66.79	118.66500000000002
620	52	1	34.77114427860699	175.44776119402985
620	53	1	23.41500000000001	66.73499999999999
620	54	1	81.37499999999999	128.40499999999997
620	55	1	117.0497512437811	151.56218905472642
620	56	1	150.5399999999999	123.87499999999999
620	57	1	122.12999999999997	159.76500000000004
620	58	1	130.84577114427864	27.99502487562188
620	59	1	168.53768844221102	23.748743718592955
620	60	1	178.93499999999992	123.74000000000004
620	61	1	159.95999999999998	54.86499999999999
620	62	1	70.46	103.21500000000002
620	63	1	46.10999999999998	180.25999999999996
620	64	1	72.15346534653466	60.16831683168316
620	65	1	85.65000000000002	28.939999999999998
620	66	1	134.60999999999993	15.305000000000003
620	67	1	170.3830845771145	9.701492537313435
620	68	1	166.31	196.34
620	69	1	155.47000000000008	42.06500000000002
620	70	1	33.239999999999995	61.14000000000002
620	71	1	47.06000000000002	122.41
620	72	1	152.82000000000005	174.895
620	73	1	26.11499999999999	50.84000000000001
620	74	1	124.12000000000002	174.03000000000003
620	75	1	142.85999999999993	116.02500000000002
630	1	2	10.02	10.050000000000004
630	2	2	9.858585858585856	55.14141414141413
630	3	2	9.879999999999997	99.87999999999998
630	4	2	10.309278350515465	145.2164948453608
630	5	2	10.000000000000002	189.73999999999995
630	6	2	54.849999999999994	9.999999999999998
630	7	2	55.30927835051546	54.78350515463916
630	8	2	54.85858585858585	99.85858585858585
630	9	2	54.71428571428571	145.74725274725276
630	10	2	55.14141414141414	190.14141414141415
630	11	2	100.06	9.850000000000001
630	12	2	100.12	55.12000000000001
630	13	2	99.97000000000003	99.60999999999999
630	14	2	99.50000000000001	144.99999999999991
630	15	2	100.06	190.10000000000002
630	16	2	144.93999999999997	9.85
630	17	2	145.09574468085103	55.41489361702127
630	18	2	144.92000000000004	100.28
630	19	2	145.1199999999999	144.76
630	20	2	144.72916666666669	189.72916666666663
630	21	2	190.17999999999992	10.11
630	22	2	189.74	55.140000000000015
630	23	2	189.64	100.20999999999998
630	24	2	189.69072164948446	145.21649484536076
630	25	2	189.99999999999994	189.73999999999995
630	26	1	155.02999999999992	195.52
630	27	1	61.540000000000035	131.44499999999994
630	28	1	148.4824120603015	29.924623115577877
630	29	1	162.85999999999999	178.69000000000008
630	30	1	138.81999999999996	177.71000000000004
630	31	1	141.20100502512565	38.55778894472359
630	32	1	136	165.98000000000008
630	33	1	34.809999999999995	108.27499999999999
630	34	1	16.154999999999994	38.575000000000024
630	35	1	121.02512562814071	18.04522613065326
630	36	1	9.754999999999999	23.694999999999997
630	37	1	172.63	178.46000000000015
630	38	1	168.71000000000006	29.474999999999984
630	39	1	57.00000000000001	68.195
630	40	1	78.25999999999999	115.08499999999991
630	41	1	54.605	114.82500000000006
630	42	1	75.535	139.82499999999993
630	43	1	127.54726368159206	80.07960199004978
630	44	1	44.67999999999998	60.62
630	45	1	112.40499999999997	174.10999999999996
630	46	1	163.87000000000006	159.33500000000004
630	47	1	166.28499999999997	130.62499999999991
630	48	1	28.104999999999997	37.515000000000015
630	49	1	157.1500000000001	15.405000000000003
630	50	1	190.8905472636817	126.9253731343284
630	51	1	66.97500000000001	118.62500000000001
630	52	1	34.6	175.7849999999999
630	53	1	23.424999999999976	66.77000000000001
630	54	1	81.17500000000003	128.59
630	55	1	117.07000000000002	151.96500000000003
630	56	1	150.62000000000003	124.06500000000004
630	57	1	122.52999999999996	159.70000000000013
630	58	1	131.04500000000004	28.560000000000002
630	59	1	168.49999999999997	23.724999999999994
630	60	1	179.01499999999996	123.88499999999998
630	61	1	159.8499999999999	54.88999999999997
630	62	1	70.59203980099505	102.88059701492537
630	63	1	46.224999999999994	179.615
630	64	1	73.85499999999996	60.124999999999986
630	65	1	85.62	28.935000000000002
630	66	1	134.57286432160805	15.50251256281407
630	67	1	171.14499999999992	9.920000000000007
630	68	1	166.3649999999999	196.47
630	69	1	155.72500000000002	41.89499999999999
630	70	1	33.41999999999998	61.335
630	71	1	47.01492537313434	122.23383084577111
630	72	1	152.6268656716418	175.0995024875622
630	73	1	26.125000000000025	50.909999999999975
630	74	1	124.085	174.11999999999995
630	75	1	142.85000000000005	116.13
640	1	2	10.02	10.050000000000004
640	2	2	9.858585858585856	55.14141414141413
640	3	2	9.879999999999997	99.87999999999998
640	4	2	10.309278350515465	145.2164948453608
640	5	2	10.000000000000002	189.73999999999995
640	6	2	54.849999999999994	9.999999999999998
640	7	2	55.30927835051546	54.78350515463916
640	8	2	54.85858585858585	99.85858585858585
640	9	2	54.71428571428571	145.74725274725276
640	10	2	55.14141414141414	190.14141414141415
640	11	2	100.06	9.850000000000001
640	12	2	100.12	55.12000000000001
640	13	2	99.97000000000003	99.60999999999999
640	14	2	99.50000000000001	144.99999999999991
640	15	2	100.06	190.10000000000002
640	16	2	144.93999999999997	9.85
640	17	2	145.09574468085103	55.41489361702127
640	18	2	144.92000000000004	100.28
640	19	2	145.1199999999999	144.76
640	20	2	144.72916666666669	189.72916666666663
640	21	2	190.17999999999992	10.11
640	22	2	189.74	55.140000000000015
640	23	2	189.64	100.20999999999998
640	24	2	189.69072164948446	145.21649484536076
640	25	2	189.99999999999994	189.73999999999995
640	26	1	155.14070351758792	195.58291457286433
640	27	1	61.27000000000001	131.36999999999992
640	28	1	148.54500000000004	29.894999999999996
640	29	1	162.77500000000003	178.42000000000002
640	30	1	138.71999999999994	177.67999999999995
640	31	1	141.13500000000002	38.46999999999998
640	32	1	135.97499999999994	166.09999999999994
640	33	1	35.135000000000005	108.34499999999997
640	34	1	16.43	38.59500000000001
640	35	1	120.85	17.98999999999999
640	36	1	9.855000000000006	23.889999999999993
640	37	1	172.59000000000006	178.59
640	38	1	168.65999999999988	29.12499999999999
640	39	1	57.26499999999997	67.85999999999996
640	40	1	78.07500000000005	115.065
640	41	1	54.57500000000001	114.76499999999997
640	42	1	75.69154228855717	139.68656716417922
640	43	1	126.321608040201	79.7587939698492
640	44	1	44.82089552238807	60.786069651741315
640	45	1	112.43000000000002	173.89
640	46	1	163.96499999999995	159.34500000000008
640	47	1	166.2900000000001	130.51500000000004
640	48	1	28.36	37.385
640	49	1	157.2749999999999	15.405000000000008
640	50	1	191.31	128.59500000000006
640	51	1	67.09500000000003	118.88999999999999
640	52	1	34.58500000000001	175.935
640	53	1	23.385000000000012	66.81999999999998
640	54	1	81.21890547263682	128.44278606965165
640	55	1	117.10999999999999	152.08499999999978
640	56	1	150.84999999999997	124.08999999999996
640	57	1	123.055	159.4949999999998
640	58	1	131.12500000000003	28.585000000000004
640	59	1	168.48743718592976	23.73366834170854
640	60	1	179.3582089552239	123.90547263681587
640	61	1	159.75999999999996	54.955
640	62	1	70.85999999999997	102.46
640	63	1	46.25000000000001	179.17499999999998
640	64	1	74.74626865671638	59.985074626865696
640	65	1	85.76500000000001	28.299999999999994
640	66	1	134.39999999999992	15.334999999999999
640	67	1	171.5949999999999	9.735000000000001
640	68	1	166.21999999999994	196.49499999999995
640	69	1	155.74499999999998	42.05
640	70	1	33.365	61.26
640	71	1	46.86934673366836	122.23115577889455
640	72	1	152.57000000000002	175.32500000000005
640	73	1	26.343283582089548	50.78606965174128
640	74	1	123.98000000000002	174.37000000000003
640	75	1	142.8299999999999	116.39000000000003
650	1	2	10.02	10.050000000000004
650	2	2	9.858585858585856	55.14141414141413
650	3	2	9.879999999999997	99.87999999999998
650	4	2	10.309278350515465	145.2164948453608
650	5	2	10.000000000000002	189.73999999999995
650	6	2	54.849999999999994	9.999999999999998
650	7	2	55.30927835051546	54.78350515463916
650	8	2	54.85858585858585	99.85858585858585
650	9	2	54.71428571428571	145.74725274725276
650	10	2	55.14141414141414	190.14141414141415
650	11	2	100.06	9.850000000000001
650	12	2	100.12	55.12000000000001
650	13	2	99.97000000000003	99.60999999999999
650	14	2	99.50000000000001	144.99999999999991
650	15	2	100.06	190.10000000000002
650	16	2	144.93999999999997	9.85
650	17	2	145.09574468085103	55.41489361702127
650	18	2	144.92000000000004	100.28
650	19	2	145.1199999999999	144.76
650	20	2	144.72916666666669	189.72916666666663
650	21	2	190.17999999999992	10.11
650	22	2	189.74	55.140000000000015
650	23	2	189.64	100.20999999999998
650	24	2	189.69072164948446	145.21649484536076
650	25	2	189.99999999999994	189.73999999999995
650	26	1	155.10000000000005	195.64000000000007
650	27	1	61.30999999999998	131.45000000000013
650	28	1	148.65326633165827	29.869346733668326
650	29	1	162.82587064676616	178.48756218905464
650	30	1	138.13432835820896	178.00497512437803
650	31	1	141.195	38.37500000000001
650	32	1	136.29145728643215	166.28643216080403
650	33	1	35.285000000000004	108.48500000000008
650	34	1	16.469999999999988	38.80499999999999
650	35	1	120.70500000000004	17.799999999999997
650	36	1	10.174999999999994	24.20500000000002
650	37	1	172.54999999999995	178.73999999999998
650	38	1	168.67499999999998	29.114999999999995
650	39	1	57.465	67.67000000000006
650	40	1	78.25000000000001	115.02499999999993
650	41	1	54.58	114.57
650	42	1	75.67000000000002	139.55000000000004
650	43	1	126.15499999999999	80.17500000000001
650	44	1	44.63	60.91000000000002
650	45	1	112.77386934673369	173.9346733668341
650	46	1	163.89054726368167	159.44776119402985
650	47	1	166.32999999999996	130.5949999999999
650	48	1	28.48743718592965	37.3316582914573
650	49	1	157.66169154228854	15.40796019900498
650	50	1	192.36	129.6799999999999
650	51	1	67.09000000000006	118.93499999999997
650	52	1	34.49499999999999	176.08
650	53	1	23.20603015075377	66.80402010050248
650	54	1	81.31658291457288	128.25628140703512
650	55	1	117.12000000000003	151.95500000000013
650	56	1	151.47738693467335	124.04020100502508
650	57	1	123.15920398009958	159.36318407960198
650	58	1	131.10447761194027	28.37313432835821
650	59	1	168.51256281407044	23.713567839195996
650	60	1	179.69499999999994	123.92500000000005
650	61	1	159.7035175879397	54.86432160804019
650	62	1	70.84000000000006	102.36000000000001
650	63	1	46.345000000000006	178.7450000000001
650	64	1	75.38500000000002	59.35500000000002
650	65	1	85.82587064676625	28.567164179104495
650	66	1	134.3100000000001	15.344999999999995
650	67	1	172.32999999999984	9.285000000000005
650	68	1	166.16500000000002	196.575
650	69	1	155.81407035175874	42.11055276381909
650	70	1	33.26999999999998	61.365000000000016
650	71	1	47.00499999999999	122.25000000000003
650	72	1	152.6030150753768	175.33668341708542
650	73	1	26.535000000000018	50.759999999999984
650	74	1	124.09499999999994	174.4200000000001
650	75	1	142.64999999999998	116.63999999999996
660	1	2	10.02	10.050000000000004
660	2	2	9.858585858585856	55.14141414141413
660	3	2	9.879999999999997	99.87999999999998
660	4	2	10.309278350515465	145.2164948453608
660	5	2	10.000000000000002	189.73999999999995
660	6	2	54.849999999999994	9.999999999999998
660	7	2	55.30927835051546	54.78350515463916
660	8	2	54.85858585858585	99.85858585858585
660	9	2	54.71428571428571	145.74725274725276
660	10	2	55.14141414141414	190.14141414141415
660	11	2	100.06	9.850000000000001
660	12	2	100.12	55.12000000000001
660	13	2	99.97000000000003	99.60999999999999
660	14	2	99.50000000000001	144.99999999999991
660	15	2	100.06	190.10000000000002
660	16	2	144.93999999999997	9.85
660	17	2	145.09574468085103	55.41489361702127
660	18	2	144.92000000000004	100.28
660	19	2	145.1199999999999	144.76
660	20	2	144.72916666666669	189.72916666666663
660	21	2	190.17999999999992	10.11
660	22	2	189.74	55.140000000000015
660	23	2	189.64	100.20999999999998
660	24	2	189.69072164948446	145.21649484536076
660	25	2	189.99999999999994	189.73999999999995
660	26	1	155.19500000000002	195.73999999999995
660	27	1	61.304999999999986	131.25499999999994
660	28	1	148.49	29.72499999999999
660	29	1	162.83499999999995	178.5500000000001
660	30	1	137.25499999999994	178.32500000000002
660	31	1	141.30999999999997	38.555000000000014
660	32	1	136.72500000000002	166.79499999999996
660	33	1	35.510000000000026	108.585
660	34	1	16.525000000000002	38.97999999999999
660	35	1	120.61000000000001	17.825000000000003
660	36	1	10.264999999999999	24.475000000000005
660	37	1	172.53499999999997	178.55500000000004
660	38	1	168.62499999999991	29.150000000000016
660	39	1	57.329999999999984	67.75000000000004
660	40	1	78.33999999999996	115.00499999999994
660	41	1	54.58999999999998	114.48500000000001
660	42	1	75.76500000000003	139.58
660	43	1	125.61306532663316	80.70854271356784
660	44	1	44.59999999999997	60.87500000000001
660	45	1	113.04500000000003	173.95500000000007
660	46	1	163.94500000000008	159.485
660	47	1	166.2814070351759	130.48241206030153
660	48	1	28.500000000000007	37.165000000000035
660	49	1	158.07999999999993	15.405000000000006
660	50	1	193.725	129.875
660	51	1	67.09000000000005	118.97000000000006
660	52	1	34.39500000000001	176.62
660	53	1	23.074999999999992	66.71499999999996
660	54	1	81.37000000000002	128.18499999999995
660	55	1	116.67000000000003	152.39499999999998
660	56	1	151.61999999999998	123.99999999999997
660	57	1	123.52763819095478	159.5276381909548
660	58	1	131.1542288557213	28.05970149253731
660	59	1	168.49999999999997	23.724999999999994
660	60	1	180.34673366834184	123.99999999999999
660	61	1	160.28999999999988	53.89999999999997
660	62	1	70.75500000000004	102.68000000000005
660	63	1	46.60499999999997	177.93999999999994
660	64	1	75.55000000000005	58.29999999999999
660	65	1	85.90954773869348	28.427135678391974
660	66	1	134.23115577889442	15.216080402010045
660	67	1	173.11999999999998	8.854999999999997
660	68	1	166.065	196.715
660	69	1	155.84500000000006	42.185000000000024
660	70	1	33.30999999999999	61.280000000000015
660	71	1	46.949999999999996	122.295
660	72	1	152.67164179104478	175.18407960199013
660	73	1	26.515000000000008	50.72499999999999
660	74	1	123.98	175.06000000000003
660	75	1	142.38499999999985	117.09000000000003
670	1	2	10.02	10.050000000000004
670	2	2	9.858585858585856	55.14141414141413
670	3	2	9.879999999999997	99.87999999999998
670	4	2	10.309278350515465	145.2164948453608
670	5	2	10.000000000000002	189.73999999999995
670	6	2	54.849999999999994	9.999999999999998
670	7	2	55.30927835051546	54.78350515463916
670	8	2	54.85858585858585	99.85858585858585
670	9	2	54.71428571428571	145.74725274725276
670	10	2	55.14141414141414	190.14141414141415
670	11	2	100.06	9.850000000000001
670	12	2	100.12	55.12000000000001
670	13	2	99.97000000000003	99.60999999999999
670	14	2	99.50000000000001	144.99999999999991
670	15	2	100.06	190.10000000000002
670	16	2	144.93999999999997	9.85
670	17	2	145.09574468085103	55.41489361702127
670	18	2	144.92000000000004	100.28
670	19	2	145.1199999999999	144.76
670	20	2	144.72916666666669	189.72916666666663
670	21	2	190.17999999999992	10.11
670	22	2	189.74	55.140000000000015
670	23	2	189.64	100.20999999999998
670	24	2	189.69072164948446	145.21649484536076
670	25	2	189.99999999999994	189.73999999999995
670	26	1	155.21000000000012	195.72
670	27	1	61.37000000000004	131.07999999999998
670	28	1	148.68159203980105	29.820895522388057
670	29	1	162.76000000000002	178.94500000000002
670	30	1	136.955223880597	178.54228855721394
670	31	1	141.23999999999992	38.45000000000002
670	32	1	136.88	166.92499999999995
670	33	1	35.825	108.83500000000001
670	34	1	16.660000000000004	38.910000000000004
670	35	1	120.50999999999996	17.999999999999996
670	36	1	9.990000000000004	24.415000000000024
670	37	1	172.41000000000003	178.4799999999999
670	38	1	168.73000000000005	29.115000000000006
670	39	1	57.544999999999966	67.46000000000001
670	40	1	78.74	115.17499999999998
670	41	1	54.58499999999999	114.39000000000001
670	42	1	75.75	139.16999999999993
670	43	1	124.625	80.83000000000006
670	44	1	44.560000000000024	60.769999999999975
670	45	1	112.89949748743722	173.75376884422104
670	46	1	164.17	159.84999999999994
670	47	1	166.54000000000002	130.28999999999982
670	48	1	28.52999999999999	36.86999999999999
670	49	1	158.525	15.125000000000004
670	50	1	194.58	129.8200000000001
670	51	1	67.34000000000002	118.84500000000003
670	52	1	34.415000000000006	177.06500000000003
670	53	1	23.314999999999994	66.73
670	54	1	82.07000000000001	127.78999999999998
670	55	1	116.49999999999996	152.595
670	56	1	152.0499999999999	123.71999999999996
670	57	1	123.54999999999994	159.545
670	58	1	131.0200000000001	27.88
670	59	1	168.49999999999997	23.724999999999994
670	60	1	181.005	124.36500000000001
670	61	1	161.14999999999992	52.955000000000034
670	62	1	70.68	103.01499999999994
670	63	1	46.98009950248753	177.53233830845767
670	64	1	75.88000000000002	56.545
670	65	1	85.75999999999998	28.57999999999999
670	66	1	134.37000000000003	15.489999999999997
670	67	1	173.54228855721396	7.766169154228854
670	68	1	166.085	197.055
670	69	1	155.74500000000003	42.29499999999999
670	70	1	33.36999999999998	61.36499999999999
670	71	1	46.939698492462334	122.32160804020096
670	72	1	152.70499999999993	175.23500000000004
670	73	1	26.76500000000001	50.58000000000002
670	74	1	123.9	175.05999999999995
670	75	1	141.98507462686564	118.45771144278606
680	1	2	10.02	10.050000000000004
680	2	2	9.858585858585856	55.14141414141413
680	3	2	9.879999999999997	99.87999999999998
680	4	2	10.309278350515465	145.2164948453608
680	5	2	10.000000000000002	189.73999999999995
680	6	2	54.849999999999994	9.999999999999998
680	7	2	55.30927835051546	54.78350515463916
680	8	2	54.85858585858585	99.85858585858585
680	9	2	54.71428571428571	145.74725274725276
680	10	2	55.14141414141414	190.14141414141415
680	11	2	100.06	9.850000000000001
680	12	2	100.12	55.12000000000001
680	13	2	99.97000000000003	99.60999999999999
680	14	2	99.50000000000001	144.99999999999991
680	15	2	100.06	190.10000000000002
680	16	2	144.93999999999997	9.85
680	17	2	145.09574468085103	55.41489361702127
680	18	2	144.92000000000004	100.28
680	19	2	145.1199999999999	144.76
680	20	2	144.72916666666669	189.72916666666663
680	21	2	190.17999999999992	10.11
680	22	2	189.74	55.140000000000015
680	23	2	189.64	100.20999999999998
680	24	2	189.69072164948446	145.21649484536076
680	25	2	189.99999999999994	189.73999999999995
680	26	1	155.495	195.79500000000002
680	27	1	61.105	130.90500000000006
680	28	1	148.71999999999994	29.760000000000016
680	29	1	162.75000000000003	179.05499999999992
680	30	1	136.71999999999997	178.9899999999999
680	31	1	141.59701492537312	38.557213930348254
680	32	1	136.88	167.08
680	33	1	35.96000000000002	108.70999999999994
680	34	1	16.585	38.959999999999994
680	35	1	120.51000000000003	17.98499999999999
680	36	1	9.860000000000003	24.495000000000015
680	37	1	172.3900000000001	178.60500000000008
680	38	1	168.60804020100508	29.040201005025114
680	39	1	57.885000000000005	67.32499999999997
680	40	1	78.87000000000002	115.29500000000004
680	41	1	54.395	113.99000000000002
680	42	1	75.32000000000005	138.89000000000007
680	43	1	124.48241206030151	80.92462311557789
680	44	1	44.42	60.94999999999998
680	45	1	112.56499999999998	173.30000000000004
680	46	1	164.31999999999985	160.05999999999995
680	47	1	166.60000000000005	129.62999999999997
680	48	1	28.479999999999997	37.00000000000002
680	49	1	158.61999999999998	15.250000000000007
680	50	1	195.135	129.64
680	51	1	67.53500000000001	119.02999999999996
680	52	1	34.68500000000002	176.95499999999998
680	53	1	23.065000000000005	66.75500000000005
680	54	1	82.46268656716414	127.74626865671641
680	55	1	116.57	152.45999999999998
680	56	1	152.88499999999996	123.49500000000002
680	57	1	123.41999999999999	159.71500000000006
680	58	1	131.1049999999999	27.939999999999998
680	59	1	168.49999999999997	23.724999999999994
680	60	1	181.2400000000001	124.96999999999998
680	61	1	162.04975124378103	52.427860696517406
680	62	1	70.65000000000008	103.06999999999996
680	63	1	47.12935323383087	176.45771144278623
680	64	1	74.94	55.27500000000007
680	65	1	85.72999999999999	28.939999999999998
680	66	1	134.45999999999995	15.475000000000001
680	67	1	173.805	7.325000000000003
680	68	1	166.31840796019904	197.22388059701478
680	69	1	155.86432160804014	42.62311557788945
680	70	1	33.309999999999995	61.53999999999999
680	71	1	46.75	122.08999999999997
680	72	1	152.57500000000005	175.52499999999992
680	73	1	26.804999999999986	50.65500000000001
680	74	1	123.91000000000008	175.14500000000004
680	75	1	141.76500000000004	119.59999999999994
690	1	2	10.02	10.050000000000004
690	2	2	9.858585858585856	55.14141414141413
690	3	2	9.879999999999997	99.87999999999998
690	4	2	10.309278350515465	145.2164948453608
690	5	2	10.000000000000002	189.73999999999995
690	6	2	54.849999999999994	9.999999999999998
690	7	2	55.30927835051546	54.78350515463916
690	8	2	54.85858585858585	99.85858585858585
690	9	2	54.71428571428571	145.74725274725276
690	10	2	55.14141414141414	190.14141414141415
690	11	2	100.06	9.850000000000001
690	12	2	100.12	55.12000000000001
690	13	2	99.97000000000003	99.60999999999999
690	14	2	99.50000000000001	144.99999999999991
690	15	2	100.06	190.10000000000002
690	16	2	144.93999999999997	9.85
690	17	2	145.09574468085103	55.41489361702127
690	18	2	144.92000000000004	100.28
690	19	2	145.1199999999999	144.76
690	20	2	144.72916666666669	189.72916666666663
690	21	2	190.17999999999992	10.11
690	22	2	189.74	55.140000000000015
690	23	2	189.64	100.20999999999998
690	24	2	189.69072164948446	145.21649484536076
690	25	2	189.99999999999994	189.73999999999995
690	26	1	155.76500000000001	195.2900000000001
690	27	1	61.22110552763818	131.0954773869346
690	28	1	148.6169154228855	29.83084577114428
690	29	1	162.77999999999997	179.20000000000002
690	30	1	136.62999999999988	179.16000000000005
690	31	1	142.23500000000004	38.67499999999997
690	32	1	136.925	167.15
690	33	1	36.67500000000002	108.60000000000001
690	34	1	16.52	38.93
690	35	1	120.63316582914575	17.904522613065332
690	36	1	10.129353233830852	24.562189054726378
690	37	1	172.2763819095477	178.7386934673368
690	38	1	168.52	28.94999999999998
690	39	1	58.53	66.71499999999997
690	40	1	78.525	115.33500000000002
690	41	1	54.32499999999998	114.12499999999999
690	42	1	75.25373134328355	138.72636815920396
690	43	1	123.97000000000006	81.06499999999993
690	44	1	44.40000000000002	60.98500000000002
690	45	1	112.06500000000005	172.75
690	46	1	164.53499999999994	160.26000000000016
690	47	1	166.81499999999994	128.94999999999993
690	48	1	28.559999999999995	37.07
690	49	1	158.75000000000003	15.190000000000003
690	50	1	195.29	128.79000000000002
690	51	1	67.44999999999999	119.11
690	52	1	34.91500000000002	176.74499999999998
690	53	1	22.74000000000001	66.70000000000002
690	54	1	83.49253731343278	127.26368159203984
690	55	1	116.62189054726366	152.65671641791036
690	56	1	153.61999999999998	123.20499999999997
690	57	1	123.45499999999997	159.965
690	58	1	131.2000000000001	27.690000000000005
690	59	1	168.51256281407044	23.713567839195996
690	60	1	181.9549999999999	125.80999999999999
690	61	1	163.26999999999995	51.65499999999997
690	62	1	70.42500000000003	103.21000000000005
690	63	1	47.34000000000002	175.76999999999998
690	64	1	74.48258706467664	53.08457711442788
690	65	1	86.4271356783919	28.46733668341708
690	66	1	134.52499999999998	15.280000000000005
690	67	1	174.83499999999998	6.2749999999999995
690	68	1	166.055	198.4
690	69	1	156.37185929648243	42.884422110552755
690	70	1	33.420000000000016	61.735000000000014
690	71	1	46.809045226130664	122.12060301507536
690	72	1	152.61194029850742	175.09950248756215
690	73	1	26.85000000000001	50.72999999999999
690	74	1	123.86500000000002	175.33999999999995
690	75	1	141.83500000000006	119.91999999999996
700	1	2	10.02	10.050000000000004
700	2	2	9.858585858585856	55.14141414141413
700	3	2	9.879999999999997	99.87999999999998
700	4	2	10.309278350515465	145.2164948453608
700	5	2	10.000000000000002	189.73999999999995
700	6	2	54.849999999999994	9.999999999999998
700	7	2	55.30927835051546	54.78350515463916
700	8	2	54.85858585858585	99.85858585858585
700	9	2	54.71428571428571	145.74725274725276
700	10	2	55.14141414141414	190.14141414141415
700	11	2	100.06	9.850000000000001
700	12	2	100.12	55.12000000000001
700	13	2	99.97000000000003	99.60999999999999
700	14	2	99.50000000000001	144.99999999999991
700	15	2	100.06	190.10000000000002
700	16	2	144.93999999999997	9.85
700	17	2	145.09574468085103	55.41489361702127
700	18	2	144.92000000000004	100.28
700	19	2	145.1199999999999	144.76
700	20	2	144.72916666666669	189.72916666666663
700	21	2	190.17999999999992	10.11
700	22	2	189.74	55.140000000000015
700	23	2	189.64	100.20999999999998
700	24	2	189.69072164948446	145.21649484536076
700	25	2	189.99999999999994	189.73999999999995
700	26	1	156.14999999999998	194.985
700	27	1	61.345	130.93
700	28	1	148.75500000000008	29.685000000000013
700	29	1	162.5699999999999	179.14
700	30	1	136.51999999999987	179.14499999999998
700	31	1	142.94499999999988	38.585000000000015
700	32	1	136.97999999999988	167.22999999999993
700	33	1	36.82000000000002	108.44500000000005
700	34	1	16.58	39.07
700	35	1	120.85000000000004	18.139999999999993
700	36	1	10.065326633165826	24.53266331658293
700	37	1	172.15499999999992	179.35000000000014
700	38	1	168.52500000000003	29.009999999999998
700	39	1	58.80499999999998	66.45000000000003
700	40	1	78.80000000000003	115.48500000000004
700	41	1	54.4	114.23999999999998
700	42	1	75.27860696517412	138.74626865671638
700	43	1	123.74999999999997	81.105
700	44	1	44.29999999999999	61.025000000000006
700	45	1	111.96999999999996	172.675
700	46	1	164.70000000000005	160.45499999999993
700	47	1	166.70999999999998	128.51000000000005
700	48	1	28.464999999999996	37.08500000000001
700	49	1	158.60696517412939	15.114427860696523
700	50	1	194.84	127.58500000000002
700	51	1	67.70646766169158	118.83582089552235
700	52	1	34.54999999999998	176.75500000000002
700	53	1	22.52238805970151	66.64179104477613
700	54	1	84.02000000000001	127.1
700	55	1	116.22999999999999	153.20999999999998
700	56	1	153.93499999999995	123.17499999999998
700	57	1	123.7437185929648	159.86432160804011
700	58	1	131.18500000000006	27.72499999999999
700	59	1	168.49999999999997	23.724999999999994
700	60	1	181.95999999999992	126.13999999999996
700	61	1	164.17999999999998	51.07
700	62	1	70.34499999999996	103.145
700	63	1	47.485	175.27499999999992
700	64	1	73.6517412935323	51.28358208955224
700	65	1	87.15577889447238	28.296482412060296
700	66	1	134.83919597989942	15.532663316582909
700	67	1	175.15500000000006	6.140000000000004
700	68	1	166.41999999999996	199.255
700	69	1	157.09045226130655	43.030150753768844
700	70	1	33.35500000000001	62.005000000000024
700	71	1	46.61999999999999	121.83500000000001
700	72	1	152.725	174.65999999999985
700	73	1	27.065000000000005	50.85
700	74	1	123.66999999999999	175.475
700	75	1	141.89499999999992	120.09
710	1	2	10.02	10.050000000000004
710	2	2	9.858585858585856	55.14141414141413
710	3	2	9.879999999999997	99.87999999999998
710	4	2	10.309278350515465	145.2164948453608
710	5	2	10.000000000000002	189.73999999999995
710	6	2	54.849999999999994	9.999999999999998
710	7	2	55.30927835051546	54.78350515463916
710	8	2	54.85858585858585	99.85858585858585
710	9	2	54.71428571428571	145.74725274725276
710	10	2	55.14141414141414	190.14141414141415
710	11	2	100.06	9.850000000000001
710	12	2	100.12	55.12000000000001
710	13	2	99.97000000000003	99.60999999999999
710	14	2	99.50000000000001	144.99999999999991
710	15	2	100.06	190.10000000000002
710	16	2	144.93999999999997	9.85
710	17	2	145.09574468085103	55.41489361702127
710	18	2	144.92000000000004	100.28
710	19	2	145.1199999999999	144.76
710	20	2	144.72916666666669	189.72916666666663
710	21	2	190.17999999999992	10.11
710	22	2	189.74	55.140000000000015
710	23	2	189.64	100.20999999999998
710	24	2	189.69072164948446	145.21649484536076
710	25	2	189.99999999999994	189.73999999999995
710	26	1	156.255	194.74999999999997
710	27	1	61.355	130.915
710	28	1	149.1691542288557	29.810945273631834
710	29	1	162.56500000000014	179.48500000000007
710	30	1	136.64824120603006	179.19095477386927
710	31	1	143.05500000000004	38.52000000000001
710	32	1	136.81	167.175
710	33	1	36.99500000000002	108.06000000000003
710	34	1	16.499999999999996	39.09999999999999
710	35	1	121.04499999999996	18.304999999999982
710	36	1	10.01000000000001	24.555
710	37	1	172.22110552763817	179.62311557788945
710	38	1	168.6699999999999	29.07500000000001
710	39	1	59.22500000000002	65.95000000000007
710	40	1	78.98499999999999	115.50500000000004
710	41	1	54.30500000000001	114.25000000000006
710	42	1	75.31500000000003	138.39999999999998
710	43	1	123.64999999999998	81.15500000000004
710	44	1	44.360000000000014	60.94999999999999
710	45	1	111.85499999999999	172.6000000000001
710	46	1	164.66	161.03500000000005
710	47	1	166.84	128.28000000000003
710	48	1	28.275	37.02500000000003
710	49	1	158.58999999999997	15.16499999999999
710	50	1	194.6	126.93500000000002
710	51	1	67.75500000000002	118.89999999999999
710	52	1	33.77000000000003	176.64500000000004
710	53	1	22.340000000000007	66.47
710	54	1	84.14999999999995	126.98
710	55	1	115.4378109452736	154.0049751243781
710	56	1	154.4825870646766	122.98507462686565
710	57	1	123.74500000000003	159.7150000000001
710	58	1	131.28000000000006	27.984999999999996
710	59	1	168.54773869346732	23.688442211055285
710	60	1	182.475	126.11
710	61	1	165.98	50.04
710	62	1	70.18000000000002	103.30500000000002
710	63	1	47.185929648241206	175.63819095477385
710	64	1	72.56000000000002	49.485
710	65	1	88.86500000000004	26.71999999999999
710	66	1	134.9099999999999	15.64999999999999
710	67	1	175.03999999999996	6.2999999999999945
710	68	1	166.60000000000005	199.355
710	69	1	157.57999999999996	43.145
710	70	1	33.56500000000001	62.32
710	71	1	46.75499999999998	121.88000000000002
710	72	1	152.58499999999987	174.69500000000008
710	73	1	27.04020100502512	50.959798994974875
710	74	1	123.72000000000001	175.4250000000001
710	75	1	142.15577889447232	120.27135678391954
720	1	2	10.02	10.050000000000004
720	2	2	9.858585858585856	55.14141414141413
720	3	2	9.879999999999997	99.87999999999998
720	4	2	10.309278350515465	145.2164948453608
720	5	2	10.000000000000002	189.73999999999995
720	6	2	54.849999999999994	9.999999999999998
720	7	2	55.30927835051546	54.78350515463916
720	8	2	54.85858585858585	99.85858585858585
720	9	2	54.71428571428571	145.74725274725276
720	10	2	55.14141414141414	190.14141414141415
720	11	2	100.06	9.850000000000001
720	12	2	100.12	55.12000000000001
720	13	2	99.97000000000003	99.60999999999999
720	14	2	99.50000000000001	144.99999999999991
720	15	2	100.06	190.10000000000002
720	16	2	144.93999999999997	9.85
720	17	2	145.09574468085103	55.41489361702127
720	18	2	144.92000000000004	100.28
720	19	2	145.1199999999999	144.76
720	20	2	144.72916666666669	189.72916666666663
720	21	2	190.17999999999992	10.11
720	22	2	189.74	55.140000000000015
720	23	2	189.64	100.20999999999998
720	24	2	189.69072164948446	145.21649484536076
720	25	2	189.99999999999994	189.73999999999995
720	26	1	156.09500000000006	195.25999999999996
720	27	1	61.275	131.105
720	28	1	149.46268656716416	29.820895522388053
720	29	1	162.50499999999997	179.79999999999995
720	30	1	136.57	179.38999999999993
720	31	1	143.0449999999999	38.430000000000014
720	32	1	137.00999999999996	167.38500000000002
720	33	1	37.65499999999998	108.22000000000004
720	34	1	16.354999999999997	39.099999999999994
720	35	1	121.18499999999993	17.895000000000003
720	36	1	10.070351758793965	24.683417085427138
720	37	1	172.21500000000006	179.465
720	38	1	168.715	29.044999999999998
720	39	1	59.28500000000001	65.87000000000002
720	40	1	79.495	115.425
720	41	1	54.56281407035174	114.34170854271355
720	42	1	75.36000000000003	138.1500000000001
720	43	1	124.27363184079596	80.71641791044775
720	44	1	44.48000000000003	61.504999999999995
720	45	1	112.07499999999999	172.60499999999988
720	46	1	164.83500000000012	161.41999999999996
720	47	1	166.785	128.545
720	48	1	28.135	37.05499999999997
720	49	1	158.83500000000006	14.954999999999993
720	50	1	193.93532338308458	126.08457711442787
720	51	1	68.02500000000003	119.04999999999997
720	52	1	32.330000000000005	176.33000000000013
720	53	1	22.38999999999999	66.32500000000006
720	54	1	83.86	126.97500000000002
720	55	1	115.60199004975128	153.96019900497527
720	56	1	154.66000000000003	122.90499999999997
720	57	1	123.93999999999994	159.71000000000004
720	58	1	131.13000000000002	28.09
720	59	1	168.54773869346732	23.688442211055285
720	60	1	182.46000000000006	126.16999999999994
720	61	1	166.96999999999994	49.405
720	62	1	69.9497487437186	103.50251256281403
720	63	1	47.110552763819115	175.79396984924622
720	64	1	72.09500000000001	48.63999999999998
720	65	1	90.83582089552242	24.706467661691537
720	66	1	134.92499999999993	15.964999999999996
720	67	1	174.85500000000005	6.485000000000003
720	68	1	167.01507537688423	198.86934673366835
720	69	1	157.935	43.12999999999999
720	70	1	33.74499999999999	62.42000000000001
720	71	1	46.96499999999999	122.10499999999999
720	72	1	152.63316582914572	174.73869346733667
720	73	1	27.095000000000013	51.09499999999998
720	74	1	123.74000000000002	175.42499999999998
720	75	1	142.16915422885558	120.47263681592038
730	1	2	10.02	10.050000000000004
730	2	2	9.858585858585856	55.14141414141413
730	3	2	9.879999999999997	99.87999999999998
730	4	2	10.309278350515465	145.2164948453608
730	5	2	10.000000000000002	189.73999999999995
730	6	2	54.849999999999994	9.999999999999998
730	7	2	55.30927835051546	54.78350515463916
730	8	2	54.85858585858585	99.85858585858585
730	9	2	54.71428571428571	145.74725274725276
730	10	2	55.14141414141414	190.14141414141415
730	11	2	100.06	9.850000000000001
730	12	2	100.12	55.12000000000001
730	13	2	99.97000000000003	99.60999999999999
730	14	2	99.50000000000001	144.99999999999991
730	15	2	100.06	190.10000000000002
730	16	2	144.93999999999997	9.85
730	17	2	145.09574468085103	55.41489361702127
730	18	2	144.92000000000004	100.28
730	19	2	145.1199999999999	144.76
730	20	2	144.72916666666669	189.72916666666663
730	21	2	190.17999999999992	10.11
730	22	2	189.74	55.140000000000015
730	23	2	189.64	100.20999999999998
730	24	2	189.69072164948446	145.21649484536076
730	25	2	189.99999999999994	189.73999999999995
730	26	1	156.18499999999992	195.26499999999996
730	27	1	61.615	131.7299999999999
730	28	1	149.58499999999995	29.574999999999978
730	29	1	162.64499999999998	180.1300000000001
730	30	1	136.9	179.22499999999997
730	31	1	143.17999999999992	38.27000000000001
730	32	1	136.84499999999997	167.19000000000003
730	33	1	37.860000000000014	108.32000000000002
730	34	1	16.135000000000005	39.01499999999997
730	35	1	121.31500000000003	17.440000000000005
730	36	1	10.070000000000002	24.56999999999999
730	37	1	172.26500000000001	179.19000000000003
730	38	1	168.6180904522613	29.065326633165824
730	39	1	59.76999999999999	65.56000000000002
730	40	1	80.05500000000002	115.73000000000005
730	41	1	54.630000000000024	114.48000000000002
730	42	1	75.395	138.01499999999993
730	43	1	124.98500000000004	79.58000000000003
730	44	1	44.50500000000001	61.875
730	45	1	112.13065326633163	172.6180904522613
730	46	1	164.95522388059706	161.5024875621891
730	47	1	166.86567164179098	128.42288557213922
730	48	1	27.507537688442227	36.6281407035176
730	49	1	158.86499999999992	14.73
730	50	1	193.565	125.80999999999992
730	51	1	68.0995024875622	119.0398009950249
730	52	1	31.706467661691548	176.457711442786
730	53	1	22.305000000000003	66.13000000000007
730	54	1	83.86499999999997	126.91499999999996
730	55	1	115.62500000000003	153.74000000000004
730	56	1	154.73000000000005	122.84000000000003
730	57	1	123.73999999999995	159.71000000000015
730	58	1	131.20999999999998	28.25999999999999
730	59	1	168.49999999999997	23.724999999999994
730	60	1	182.49000000000007	126.21000000000001
730	61	1	168.045	48.535000000000004
730	62	1	70.13499999999999	103.55000000000004
730	63	1	46.97000000000002	176.04499999999996
730	64	1	71.85	48.185
730	65	1	92.08955223880598	23.805970149253742
730	66	1	135.00500000000008	16.01
730	67	1	174.47500000000002	6.795000000000001
730	68	1	167.6080402010051	198.58291457286433
730	69	1	158.01492537313433	43.3084577114428
730	70	1	33.77	62.37499999999999
730	71	1	47.36	122.21999999999998
730	72	1	152.84499999999997	174.62999999999994
730	73	1	27.735	50.73
730	74	1	123.77499999999999	175.26999999999992
730	75	1	141.94000000000008	121.05499999999999
740	1	2	10.02	10.050000000000004
740	2	2	9.858585858585856	55.14141414141413
740	3	2	9.879999999999997	99.87999999999998
740	4	2	10.309278350515465	145.2164948453608
740	5	2	10.000000000000002	189.73999999999995
740	6	2	54.849999999999994	9.999999999999998
740	7	2	55.30927835051546	54.78350515463916
740	8	2	54.85858585858585	99.85858585858585
740	9	2	54.71428571428571	145.74725274725276
740	10	2	55.14141414141414	190.14141414141415
740	11	2	100.06	9.850000000000001
740	12	2	100.12	55.12000000000001
740	13	2	99.97000000000003	99.60999999999999
740	14	2	99.50000000000001	144.99999999999991
740	15	2	100.06	190.10000000000002
740	16	2	144.93999999999997	9.85
740	17	2	145.09574468085103	55.41489361702127
740	18	2	144.92000000000004	100.28
740	19	2	145.1199999999999	144.76
740	20	2	144.72916666666669	189.72916666666663
740	21	2	190.17999999999992	10.11
740	22	2	189.74	55.140000000000015
740	23	2	189.64	100.20999999999998
740	24	2	189.69072164948446	145.21649484536076
740	25	2	189.99999999999994	189.73999999999995
740	26	1	156.29999999999993	195.10499999999993
740	27	1	61.74	132.24499999999992
740	28	1	149.7437185929648	29.547738693467334
740	29	1	162.65	180.6099999999999
740	30	1	136.94500000000005	179.23500000000013
740	31	1	143.47499999999985	38.30999999999999
740	32	1	136.765	166.98000000000005
740	33	1	38.070000000000014	108.64499999999998
740	34	1	16.245000000000008	39.230000000000004
740	35	1	121.34499999999994	17.359999999999996
740	36	1	9.870000000000001	24.575000000000003
740	37	1	172.05000000000007	178.93500000000006
740	38	1	168.67999999999992	29.184999999999995
740	39	1	59.90499999999999	65.44000000000007
740	40	1	80.22388059701491	115.4776119402985
740	41	1	54.82412060301508	114.52261306532667
740	42	1	75.52763819095473	137.76381909547743
740	43	1	125.50746268656722	77.94029850746274
740	44	1	44.48999999999998	61.94000000000001
740	45	1	112.06499999999998	172.36999999999998
740	46	1	164.98	161.365
740	47	1	167.26000000000002	127.79499999999999
740	48	1	26.874999999999996	35.929999999999964
740	49	1	159.11499999999998	14.549999999999999
740	50	1	193.455	125.55999999999996
740	51	1	68.00000000000003	119.21999999999997
740	52	1	31.639999999999983	176.3699999999999
740	53	1	22.58	65.95499999999997
740	54	1	83.47000000000003	126.71499999999997
740	55	1	115.51500000000004	153.75000000000003
740	56	1	154.72500000000005	123.01500000000001
740	57	1	123.63999999999999	159.70499999999984
740	58	1	131.24499999999992	28.319999999999993
740	59	1	168.53768844221102	23.748743718592955
740	60	1	182.32000000000005	126.45499999999998
740	61	1	169.67000000000004	47.54499999999999
740	62	1	70.07000000000002	103.74000000000002
740	63	1	47.205000000000005	176.06499999999994
740	64	1	71.66500000000003	48.30999999999999
740	65	1	92.24999999999999	23.734999999999996
740	66	1	135.08499999999998	16.185
740	67	1	174.12500000000003	7.125000000000006
740	68	1	168.39999999999995	197.905
740	69	1	158.39499999999987	43.41499999999999
740	70	1	34.16	62.515
740	71	1	47.597014925373145	122.55223880597015
740	72	1	153.11499999999995	174.20499999999996
740	73	1	28.346733668341717	50.07035175879396
740	74	1	123.96517412935324	175.35323383084577
740	75	1	142.10500000000005	121.08500000000002
750	1	2	10.02	10.050000000000004
750	2	2	9.858585858585856	55.14141414141413
750	3	2	9.879999999999997	99.87999999999998
750	4	2	10.309278350515465	145.2164948453608
750	5	2	10.000000000000002	189.73999999999995
750	6	2	54.849999999999994	9.999999999999998
750	7	2	55.30927835051546	54.78350515463916
750	8	2	54.85858585858585	99.85858585858585
750	9	2	54.71428571428571	145.74725274725276
750	10	2	55.14141414141414	190.14141414141415
750	11	2	100.06	9.850000000000001
750	12	2	100.12	55.12000000000001
750	13	2	99.97000000000003	99.60999999999999
750	14	2	99.50000000000001	144.99999999999991
750	15	2	100.06	190.10000000000002
750	16	2	144.93999999999997	9.85
750	17	2	145.09574468085103	55.41489361702127
750	18	2	144.92000000000004	100.28
750	19	2	145.1199999999999	144.76
750	20	2	144.72916666666669	189.72916666666663
750	21	2	190.17999999999992	10.11
750	22	2	189.74	55.140000000000015
750	23	2	189.64	100.20999999999998
750	24	2	189.69072164948446	145.21649484536076
750	25	2	189.99999999999994	189.73999999999995
750	26	1	156.48241206030156	195.19095477386938
750	27	1	61.57213930348258	132.68159203980088
750	28	1	149.72999999999993	29.43499999999999
750	29	1	162.64000000000013	180.93000000000006
750	30	1	136.7	179.16000000000005
750	31	1	143.69999999999987	38.34
750	32	1	136.7349999999999	166.65499999999997
750	33	1	37.86999999999999	108.69500000000002
750	34	1	16.224999999999998	39.230000000000004
750	35	1	121.375	17.34
750	36	1	10.064999999999996	24.925000000000004
750	37	1	172.17000000000002	179.15500000000003
750	38	1	168.71499999999997	29.425
750	39	1	59.779999999999994	65.55500000000004
750	40	1	80.595	115.40999999999998
750	41	1	54.760000000000026	114.55
750	42	1	75.20499999999996	137.6899999999999
750	43	1	125.18000000000004	76.10000000000007
750	44	1	44.575	61.955
750	45	1	112.035	172.02999999999997
750	46	1	164.76499999999987	161.665
750	47	1	168.04975124378103	127.3134328358208
750	48	1	26.562189054726375	35.32835820895522
750	49	1	159.54999999999998	14.235000000000014
750	50	1	193.26	125.54000000000002
750	51	1	67.89000000000004	119.37499999999999
750	52	1	31.93467336683417	176.6130653266331
750	53	1	22.96499999999999	65.83000000000004
750	54	1	83.14	126.58
750	55	1	115.41499999999999	153.57
750	56	1	154.74499999999998	123.23499999999993
750	57	1	123.43499999999999	159.76499999999996
750	58	1	131.22613065326618	28.351758793969854
750	59	1	168.56281407035178	23.703517587939707
750	60	1	181.5749999999999	127.14500000000002
750	61	1	170.185	47.359999999999985
750	62	1	70.04477611940298	103.96517412935329
750	63	1	47.25	175.88
750	64	1	71.60499999999998	48.304999999999986
750	65	1	92.0753768844221	23.929648241206017
750	66	1	135.25499999999988	16.310000000000013
750	67	1	174.125	7.045000000000002
750	68	1	169.313432835821	197.0547263681592
750	69	1	158.69500000000002	43.30500000000003
750	70	1	34.306532663316574	62.48241206030151
750	71	1	47.56218905472638	122.63184079601997
750	72	1	153.05500000000012	174.3350000000001
750	73	1	28.407035175879393	49.949748743718594
750	74	1	124.07499999999999	175.385
750	75	1	142.12999999999997	121.36500000000004
760	1	2	10.02	10.050000000000004
760	2	2	9.858585858585856	55.14141414141413
760	3	2	9.879999999999997	99.87999999999998
760	4	2	10.309278350515465	145.2164948453608
760	5	2	10.000000000000002	189.73999999999995
760	6	2	54.849999999999994	9.999999999999998
760	7	2	55.30927835051546	54.78350515463916
760	8	2	54.85858585858585	99.85858585858585
760	9	2	54.71428571428571	145.74725274725276
760	10	2	55.14141414141414	190.14141414141415
760	11	2	100.06	9.850000000000001
760	12	2	100.12	55.12000000000001
760	13	2	99.97000000000003	99.60999999999999
760	14	2	99.50000000000001	144.99999999999991
760	15	2	100.06	190.10000000000002
760	16	2	144.93999999999997	9.85
760	17	2	145.09574468085103	55.41489361702127
760	18	2	144.92000000000004	100.28
760	19	2	145.1199999999999	144.76
760	20	2	144.72916666666669	189.72916666666663
760	21	2	190.17999999999992	10.11
760	22	2	189.74	55.140000000000015
760	23	2	189.64	100.20999999999998
760	24	2	189.69072164948446	145.21649484536076
760	25	2	189.99999999999994	189.73999999999995
760	26	1	156.48000000000002	195.34500000000003
760	27	1	61.604999999999976	132.76000000000002
760	28	1	149.95522388059698	29.497512437810943
760	29	1	162.6050000000001	181.27000000000007
760	30	1	136.7499999999999	179.17999999999998
760	31	1	143.5749999999999	38.209999999999994
760	32	1	136.82499999999993	166.5599999999999
760	33	1	38.08000000000001	108.36500000000001
760	34	1	16.274999999999995	39.37499999999999
760	35	1	121.1909547738694	16.417085427135678
760	36	1	10.244999999999997	24.88
760	37	1	172.14499999999995	179.2500000000001
760	38	1	168.71499999999997	29.415
760	39	1	59.65499999999997	65.615
760	40	1	81.13567839195981	115.29648241206031
760	41	1	54.92499999999998	114.71000000000002
760	42	1	74.92500000000004	137.735
760	43	1	125.05970149253736	75.39303482587067
760	44	1	44.560000000000024	61.92499999999998
760	45	1	111.96999999999998	172.2249999999999
760	46	1	164.49500000000003	161.935
760	47	1	168.92499999999984	126.13499999999999
760	48	1	26.295000000000012	34.76500000000001
760	49	1	160.09499999999994	13.899999999999997
760	50	1	192.78391959798995	125.1105527638191
760	51	1	67.94500000000004	119.38
760	52	1	32.09	176.67999999999998
760	53	1	22.804999999999996	65.67999999999998
760	54	1	82.88999999999997	126.54500000000002
760	55	1	115.35000000000001	153.5499999999999
760	56	1	154.55500000000004	123.00500000000001
760	57	1	123.25000000000009	159.88999999999996
760	58	1	130.70149253731344	28.343283582089555
760	59	1	168.54773869346732	23.688442211055285
760	60	1	180.69500000000002	128.71
760	61	1	170.23999999999995	47.304999999999986
760	62	1	70.11499999999995	104.19499999999992
760	63	1	47.28999999999997	176.19499999999996
760	64	1	71.5276381909548	48.437185929648244
760	65	1	92.12999999999998	24.27500000000002
760	66	1	135.4079601990051	16.567164179104484
760	67	1	174.21499999999997	7.300000000000002
760	68	1	169.66500000000005	196.745
760	69	1	158.82999999999993	43.14499999999999
760	70	1	34.44000000000001	62.63999999999999
760	71	1	47.47500000000002	122.61499999999997
760	72	1	152.81500000000003	174.49499999999998
760	73	1	28.404999999999973	49.965000000000025
760	74	1	124.07000000000002	175.11000000000013
760	75	1	142.01499999999993	121.46500000000002
770	1	2	10.02	10.050000000000004
770	2	2	9.858585858585856	55.14141414141413
770	3	2	9.879999999999997	99.87999999999998
770	4	2	10.309278350515465	145.2164948453608
770	5	2	10.000000000000002	189.73999999999995
770	6	2	54.849999999999994	9.999999999999998
770	7	2	55.30927835051546	54.78350515463916
770	8	2	54.85858585858585	99.85858585858585
770	9	2	54.71428571428571	145.74725274725276
770	10	2	55.14141414141414	190.14141414141415
770	11	2	100.06	9.850000000000001
770	12	2	100.12	55.12000000000001
770	13	2	99.97000000000003	99.60999999999999
770	14	2	99.50000000000001	144.99999999999991
770	15	2	100.06	190.10000000000002
770	16	2	144.93999999999997	9.85
770	17	2	145.09574468085103	55.41489361702127
770	18	2	144.92000000000004	100.28
770	19	2	145.1199999999999	144.76
770	20	2	144.72916666666669	189.72916666666663
770	21	2	190.17999999999992	10.11
770	22	2	189.74	55.140000000000015
770	23	2	189.64	100.20999999999998
770	24	2	189.69072164948446	145.21649484536076
770	25	2	189.99999999999994	189.73999999999995
770	26	1	156.40000000000006	195.49000000000004
770	27	1	61.47000000000003	132.505
770	28	1	149.74499999999998	29.210000000000004
770	29	1	162.73000000000002	181.70500000000015
770	30	1	136.79	179.15999999999994
770	31	1	143.70499999999996	38.14999999999999
770	32	1	136.91999999999987	166.5399999999999
770	33	1	38.345	108.49499999999998
770	34	1	16.482412060301503	39.47236180904521
770	35	1	120.66999999999994	16.425
770	36	1	10.485000000000001	24.885000000000012
770	37	1	172.16000000000008	179.47999999999996
770	38	1	168.71	29.570000000000004
770	39	1	59.77499999999999	65.35499999999999
770	40	1	81.92537313432835	115.1442786069652
770	41	1	55.005	114.51999999999994
770	42	1	74.87000000000003	137.88000000000002
770	43	1	124.905	74.85
770	44	1	44.477386934673355	61.72361809045227
770	45	1	112.06	172.24499999999998
770	46	1	164.335	162.43499999999992
770	47	1	169.83168316831689	125.35148514851485
770	48	1	26.21	34.175
770	49	1	160.395	13.685
770	50	1	192.58706467661693	125.25373134328356
770	51	1	68.01492537313433	119.3084577114428
770	52	1	31.781094527363184	176.9601990049749
770	53	1	22.930000000000007	65.59999999999997
770	54	1	82.37185929648237	126.66331658291455
770	55	1	115.76500000000001	153.25500000000005
770	56	1	154.58	122.79000000000005
770	57	1	123.36000000000004	159.85000000000005
770	58	1	130.53000000000011	28.375
770	59	1	168.49999999999997	23.724999999999994
770	60	1	179.96499999999995	129.62999999999997
770	61	1	170.33500000000015	47.31499999999999
770	62	1	70.39698492462308	104.46231155778891
770	63	1	47.00500000000002	176.04000000000016
770	64	1	71.50499999999998	48.445
770	65	1	92.205	24.970000000000002
770	66	1	135.10499999999996	16.540000000000003
770	67	1	174.38999999999982	7.460000000000008
770	68	1	169.90547263681592	196.66666666666666
770	69	1	158.8955223880597	43.059701492537314
770	70	1	34.430000000000014	62.505000000000024
770	71	1	47.404999999999994	122.58000000000007
770	72	1	152.61999999999995	175.00999999999985
770	73	1	28.494999999999976	49.80999999999999
770	74	1	124.06000000000003	174.99499999999992
770	75	1	142.02	121.33999999999993
780	1	2	10.02	10.050000000000004
780	2	2	9.858585858585856	55.14141414141413
780	3	2	9.879999999999997	99.87999999999998
780	4	2	10.309278350515465	145.2164948453608
780	5	2	10.000000000000002	189.73999999999995
780	6	2	54.849999999999994	9.999999999999998
780	7	2	55.30927835051546	54.78350515463916
780	8	2	54.85858585858585	99.85858585858585
780	9	2	54.71428571428571	145.74725274725276
780	10	2	55.14141414141414	190.14141414141415
780	11	2	100.06	9.850000000000001
780	12	2	100.12	55.12000000000001
780	13	2	99.97000000000003	99.60999999999999
780	14	2	99.50000000000001	144.99999999999991
780	15	2	100.06	190.10000000000002
780	16	2	144.93999999999997	9.85
780	17	2	145.09574468085103	55.41489361702127
780	18	2	144.92000000000004	100.28
780	19	2	145.1199999999999	144.76
780	20	2	144.72916666666669	189.72916666666663
780	21	2	190.17999999999992	10.11
780	22	2	189.74	55.140000000000015
780	23	2	189.64	100.20999999999998
780	24	2	189.69072164948446	145.21649484536076
780	25	2	189.99999999999994	189.73999999999995
780	26	1	156.50500000000002	195.54500000000004
780	27	1	61.465000000000025	132.4550000000001
780	28	1	150.0000000000001	29.358208955223873
780	29	1	162.685	181.72999999999993
780	30	1	136.80999999999992	179.15500000000003
780	31	1	143.48000000000005	38.03
780	32	1	136.90499999999994	166.39000000000001
780	33	1	38.985074626865654	108.78606965174133
780	34	1	16.527363184079597	39.31840796019903
780	35	1	120.40000000000002	15.955
780	36	1	11.070000000000002	24.490000000000002
780	37	1	172.24500000000003	179.68999999999988
780	38	1	168.76884422110564	29.517587939698487
780	39	1	59.684999999999995	65.52499999999999
780	40	1	82.25500000000004	114.98500000000004
780	41	1	55.24623115577887	114.33165829145722
780	42	1	74.87000000000009	137.83500000000004
780	43	1	124.82999999999997	74.29999999999998
780	44	1	44.49499999999999	61.525000000000006
780	45	1	112.13000000000004	172.13999999999993
780	46	1	164.35499999999993	162.56999999999988
780	47	1	170.77114427860704	124.77611940298505
780	48	1	26.110000000000007	33.80500000000001
780	49	1	160.41500000000002	13.749999999999995
780	50	1	192.40298507462686	125.318407960199
780	51	1	67.86999999999996	118.97500000000001
780	52	1	31.283582089552226	178.00497512437823
780	53	1	23.03999999999999	65.58999999999993
780	54	1	82.11500000000007	126.57999999999998
780	55	1	115.82	153.27499999999998
780	56	1	154.59999999999994	121.81499999999997
780	57	1	123.38	159.9699999999999
780	58	1	130.16000000000003	28.159999999999997
780	59	1	168.49999999999997	23.724999999999994
780	60	1	179.61999999999992	130.24999999999997
780	61	1	170.26999999999995	47.275000000000006
780	62	1	70.85500000000002	104.79500000000003
780	63	1	46.82089552238807	176.22885572139296
780	64	1	71.38308457711445	48.81094527363184
780	65	1	92.87499999999996	26.139999999999993
780	66	1	135.355	16.935000000000006
780	67	1	174.42499999999993	7.640000000000007
780	68	1	169.96499999999997	196.76
780	69	1	158.98499999999999	43.01000000000001
780	70	1	34.50000000000001	62.61
780	71	1	47.32663316582914	122.86432160804023
780	72	1	152.74999999999994	174.9250000000002
780	73	1	28.606965174129353	49.67164179104481
780	74	1	124.20499999999994	174.92000000000002
780	75	1	142.17999999999998	121.30000000000005
790	1	2	10.02	10.050000000000004
790	2	2	9.858585858585856	55.14141414141413
790	3	2	9.879999999999997	99.87999999999998
790	4	2	10.309278350515465	145.2164948453608
790	5	2	10.000000000000002	189.73999999999995
790	6	2	54.849999999999994	9.999999999999998
790	7	2	55.30927835051546	54.78350515463916
790	8	2	54.85858585858585	99.85858585858585
790	9	2	54.71428571428571	145.74725274725276
790	10	2	55.14141414141414	190.14141414141415
790	11	2	100.06	9.850000000000001
790	12	2	100.12	55.12000000000001
790	13	2	99.97000000000003	99.60999999999999
790	14	2	99.50000000000001	144.99999999999991
790	15	2	100.06	190.10000000000002
790	16	2	144.93999999999997	9.85
790	17	2	145.09574468085103	55.41489361702127
790	18	2	144.92000000000004	100.28
790	19	2	145.1199999999999	144.76
790	20	2	144.72916666666669	189.72916666666663
790	21	2	190.17999999999992	10.11
790	22	2	189.74	55.140000000000015
790	23	2	189.64	100.20999999999998
790	24	2	189.69072164948446	145.21649484536076
790	25	2	189.99999999999994	189.73999999999995
790	26	1	156.43999999999983	195.39999999999998
790	27	1	61.40999999999999	132.43999999999988
790	28	1	150.3668341708543	29.407035175879386
790	29	1	162.7810945273631	181.74626865671644
790	30	1	137.07000000000002	178.89000000000001
790	31	1	143.04500000000013	38.055
790	32	1	136.78999999999996	166.48
790	33	1	39.289999999999985	109.18499999999993
790	34	1	16.859999999999996	39.500000000000036
790	35	1	120.66500000000002	15.905000000000006
790	36	1	11.9	24.11
790	37	1	172.145	179.365
790	38	1	168.65999999999994	29.604999999999997
790	39	1	59.700000000000024	65.56499999999998
790	40	1	82.185	114.97000000000006
790	41	1	54.78000000000003	113.67000000000004
790	42	1	75.06500000000004	137.75500000000002
790	43	1	124.915	74.12000000000003
790	44	1	44.52500000000002	61.580000000000005
790	45	1	111.99500000000002	172.18000000000006
790	46	1	163.2849999999999	163.15999999999997
790	47	1	171.22999999999993	124.67499999999998
790	48	1	26.325000000000003	33.19
790	49	1	160.44999999999993	13.590000000000007
790	50	1	192.21608040201	125.08040201005024
790	51	1	67.6865671641791	118.89054726368161
790	52	1	30.814999999999998	179.00500000000008
790	53	1	23.069999999999983	65.53000000000009
790	54	1	81.97014925373131	126.37313432835819
790	55	1	115.45500000000004	153.42500000000007
790	56	1	154.24499999999995	121.35
790	57	1	123.13	159.96999999999997
790	58	1	130.03000000000011	27.825000000000006
790	59	1	168.4773869346734	23.758793969849258
790	60	1	179.11999999999992	130.72999999999996
790	61	1	170.34500000000003	47.00999999999998
790	62	1	70.63999999999994	104.58500000000006
790	63	1	46.105000000000025	176.49499999999998
790	64	1	71.14000000000004	48.93500000000002
790	65	1	93.41000000000004	27.92
790	66	1	136.04	17.814999999999998
790	67	1	174.3699999999999	7.724999999999998
790	68	1	169.87000000000003	196.79
790	69	1	158.87999999999997	42.955000000000005
790	70	1	34.388059701492516	62.457711442786064
790	71	1	47.515000000000015	123.23
790	72	1	152.79500000000002	174.78499999999994
790	73	1	28.955000000000005	49.33000000000001
790	74	1	124.125	175.17999999999998
790	75	1	142.07	121.21000000000001
800	1	2	10.02	10.050000000000004
800	2	2	9.858585858585856	55.14141414141413
800	3	2	9.879999999999997	99.87999999999998
800	4	2	10.309278350515465	145.2164948453608
800	5	2	10.000000000000002	189.73999999999995
800	6	2	54.849999999999994	9.999999999999998
800	7	2	55.30927835051546	54.78350515463916
800	8	2	54.85858585858585	99.85858585858585
800	9	2	54.71428571428571	145.74725274725276
800	10	2	55.14141414141414	190.14141414141415
800	11	2	100.06	9.850000000000001
800	12	2	100.12	55.12000000000001
800	13	2	99.97000000000003	99.60999999999999
800	14	2	99.50000000000001	144.99999999999991
800	15	2	100.06	190.10000000000002
800	16	2	144.93999999999997	9.85
800	17	2	145.09574468085103	55.41489361702127
800	18	2	144.92000000000004	100.28
800	19	2	145.1199999999999	144.76
800	20	2	144.72916666666669	189.72916666666663
800	21	2	190.17999999999992	10.11
800	22	2	189.74	55.140000000000015
800	23	2	189.64	100.20999999999998
800	24	2	189.69072164948446	145.21649484536076
800	25	2	189.99999999999994	189.73999999999995
800	26	1	156.33	195.22
800	27	1	61.28855721393033	132.48756218905467
800	28	1	150.55223880597015	29.5223880597015
800	29	1	162.8905472636815	181.53233830845767
800	30	1	137.09452736318403	179.08457711442793
800	31	1	141.98999999999995	38.099999999999994
800	32	1	136.93000000000004	166.58499999999995
800	33	1	39.56500000000001	109.60499999999999
800	34	1	17.12437810945273	39.318407960199
800	35	1	120.89000000000001	15.754999999999992
800	36	1	12.432835820895525	24.02487562189055
800	37	1	172.0199999999999	178.87999999999988
800	38	1	168.7249999999998	29.585000000000008
800	39	1	59.96000000000001	65.54999999999998
800	40	1	81.71499999999996	115.11499999999998
800	41	1	54.149253731343286	113.089552238806
800	42	1	75.175	137.695
800	43	1	124.58500000000002	74.28499999999997
800	44	1	44.514999999999986	61.33500000000001
800	45	1	112.10999999999999	172.50999999999985
800	46	1	161.71999999999997	163.43000000000004
800	47	1	171.27363184079596	124.48756218905471
800	48	1	27.089999999999993	32.63000000000002
800	49	1	160.53999999999985	13.525000000000006
800	50	1	192.10999999999999	124.84000000000003
800	51	1	67.33	119.01
800	52	1	30.01500000000001	180.60000000000005
800	53	1	22.905000000000005	65.20999999999998
800	54	1	81.93	126.42499999999995
800	55	1	115.47500000000001	153.6049999999999
800	56	1	154.19500000000008	121.13500000000002
800	57	1	123.17000000000006	159.9850000000001
800	58	1	129.63999999999993	27.365000000000016
800	59	1	168.49999999999997	23.724999999999994
800	60	1	178.99999999999991	130.77889447236183
800	61	1	170.32663316582915	46.999999999999986
800	62	1	70.26	104.6
800	63	1	44.73499999999996	176.81500000000003
800	64	1	70.34999999999998	48.86999999999998
800	65	1	94.35820895522392	29.651741293532353
800	66	1	136.54499999999993	18.429999999999982
800	67	1	174.35499999999996	7.679999999999996
800	68	1	169.72864321608037	196.73869346733667
800	69	1	158.95499999999993	42.67499999999998
800	70	1	34.46	62.43999999999999
800	71	1	47.407960199004954	123.54726368159204
800	72	1	152.71000000000006	174.82999999999998
800	73	1	28.644999999999992	49.43999999999998
800	74	1	124.22999999999999	175.06000000000006
800	75	1	142.05500000000004	121.27999999999999
810	1	2	10.02	10.050000000000004
810	2	2	9.858585858585856	55.14141414141413
810	3	2	9.879999999999997	99.87999999999998
810	4	2	10.309278350515465	145.2164948453608
810	5	2	10.000000000000002	189.73999999999995
810	6	2	54.849999999999994	9.999999999999998
810	7	2	55.30927835051546	54.78350515463916
810	8	2	54.85858585858585	99.85858585858585
810	9	2	54.71428571428571	145.74725274725276
810	10	2	55.14141414141414	190.14141414141415
810	11	2	100.06	9.850000000000001
810	12	2	100.12	55.12000000000001
810	13	2	99.97000000000003	99.60999999999999
810	14	2	99.50000000000001	144.99999999999991
810	15	2	100.06	190.10000000000002
810	16	2	144.93999999999997	9.85
810	17	2	145.09574468085103	55.41489361702127
810	18	2	144.92000000000004	100.28
810	19	2	145.1199999999999	144.76
810	20	2	144.72916666666669	189.72916666666663
810	21	2	190.17999999999992	10.11
810	22	2	189.74	55.140000000000015
810	23	2	189.64	100.20999999999998
810	24	2	189.69072164948446	145.21649484536076
810	25	2	189.99999999999994	189.73999999999995
810	26	1	156.17499999999998	195.725
810	27	1	61.234999999999985	132.66499999999994
810	28	1	150.7950000000001	29.160000000000004
810	29	1	162.89949748743717	181.68844221105525
810	30	1	137.5499999999999	178.96499999999995
810	31	1	141.61194029850734	38.134328358208954
810	32	1	136.825	166.45000000000002
810	33	1	40.199004975124396	110.1442786069652
810	34	1	17.070000000000007	39.209999999999994
810	35	1	121.4129353233831	15.203980099502486
810	36	1	12.834999999999999	23.84
810	37	1	172.00500000000002	178.70499999999987
810	38	1	168.79999999999995	29.680000000000003
810	39	1	60.189999999999976	65.16499999999998
810	40	1	81.67164179104478	115.2089552238806
810	41	1	54.07000000000001	112.85000000000001
810	42	1	74.93499999999995	137.735
810	43	1	124.075	73.94499999999998
810	44	1	44.52999999999998	61.425000000000026
810	45	1	112.115	172.42499999999993
810	46	1	160.93	163.66499999999988
810	47	1	170.95000000000002	124.35499999999995
810	48	1	27.44499999999998	32.29000000000002
810	49	1	160.57499999999976	13.384999999999998
810	50	1	191.47500000000005	124.48000000000003
810	51	1	67.08	119.12999999999995
810	52	1	29.736318407960194	182.8656716417911
810	53	1	22.999999999999996	65.08499999999998
810	54	1	81.85074626865675	126.2686567164179
810	55	1	115.40500000000002	153.43499999999997
810	56	1	154.2249999999999	121.16000000000001
810	57	1	123.07500000000002	159.93999999999997
810	58	1	128.92000000000007	26.944999999999975
810	59	1	168.43216080402007	23.713567839195974
810	60	1	178.62499999999997	130.81499999999994
810	61	1	170.09	46.964999999999996
810	62	1	70.25499999999997	104.69999999999999
810	63	1	42.69154228855724	176.57213930348257
810	64	1	68.96999999999998	49.01500000000001
810	65	1	95.22000000000001	31.805
810	66	1	137.05472636815912	19.353233830845777
810	67	1	174.19499999999996	7.749999999999995
810	68	1	169.495	196.67
810	69	1	158.86000000000004	42.530000000000015
810	70	1	34.37	62.355000000000025
810	71	1	47.44	124.07999999999996
810	72	1	152.67999999999992	174.4349999999999
810	73	1	28.519999999999996	49.37999999999998
810	74	1	124.32499999999997	175.04000000000005
810	75	1	142.16915422885583	121.26368159203973
820	1	2	10.02	10.050000000000004
820	2	2	9.858585858585856	55.14141414141413
820	3	2	9.879999999999997	99.87999999999998
820	4	2	10.309278350515465	145.2164948453608
820	5	2	10.000000000000002	189.73999999999995
820	6	2	54.849999999999994	9.999999999999998
820	7	2	55.30927835051546	54.78350515463916
820	8	2	54.85858585858585	99.85858585858585
820	9	2	54.71428571428571	145.74725274725276
820	10	2	55.14141414141414	190.14141414141415
820	11	2	100.06	9.850000000000001
820	12	2	100.12	55.12000000000001
820	13	2	99.97000000000003	99.60999999999999
820	14	2	99.50000000000001	144.99999999999991
820	15	2	100.06	190.10000000000002
820	16	2	144.93999999999997	9.85
820	17	2	145.09574468085103	55.41489361702127
820	18	2	144.92000000000004	100.28
820	19	2	145.1199999999999	144.76
820	20	2	144.72916666666669	189.72916666666663
820	21	2	190.17999999999992	10.11
820	22	2	189.74	55.140000000000015
820	23	2	189.64	100.20999999999998
820	24	2	189.69072164948446	145.21649484536076
820	25	2	189.99999999999994	189.73999999999995
820	26	1	156.05500000000006	196.33
820	27	1	61.20499999999999	132.345
820	28	1	151.015	29.099999999999998
820	29	1	162.8950000000001	181.73000000000002
820	30	1	137.4527363184079	178.8805970149252
820	31	1	141.38500000000002	38.29999999999999
820	32	1	137.045	166.5150000000001
820	33	1	40.64000000000001	110.21000000000002
820	34	1	17.269999999999996	39.335
820	35	1	122.08500000000004	14.684999999999997
820	36	1	12.590000000000002	23.96
820	37	1	171.9650000000001	178.66999999999993
820	38	1	168.79500000000004	29.779999999999998
820	39	1	59.855000000000004	65.21500000000003
820	40	1	81.63316582914574	115.17085427135677
820	41	1	54.11499999999995	112.82000000000002
820	42	1	74.79999999999998	137.53500000000003
820	43	1	122.80499999999996	74.33000000000003
820	44	1	44.21105527638192	61.06532663316584
820	45	1	112.08542713567836	172.32663316582912
820	46	1	160.77000000000004	163.72499999999988
820	47	1	170.87437185929653	124.23115577889448
820	48	1	27.855721393034823	32.16915422885571
820	49	1	160.6299999999999	13.375
820	50	1	190.97999999999988	123.81000000000003
820	51	1	67.32	118.80999999999999
820	52	1	30.040000000000003	185.35000000000005
820	53	1	23.255000000000006	64.98500000000006
820	54	1	81.94999999999996	126.29
820	55	1	115.66000000000003	153.61000000000007
820	56	1	154.13000000000002	121.185
820	57	1	123.12999999999998	159.9650000000001
820	58	1	128.50499999999997	26.624999999999993
820	59	1	168.53768844221102	23.748743718592955
820	60	1	178.75500000000005	130.80499999999995
820	61	1	169.93	47.14500000000002
820	62	1	70.375	104.71000000000001
820	63	1	40.81999999999999	176.27499999999998
820	64	1	67.64179104477611	48.94029850746268
820	65	1	96.5820895522388	33.29353233830845
820	66	1	137.75	20.575000000000003
820	67	1	174.09000000000006	7.794999999999998
820	68	1	169.3949999999999	196.61
820	69	1	158.88499999999996	42.56999999999998
820	70	1	34.33830845771145	62.67164179104477
820	71	1	47.455000000000005	124.21000000000002
820	72	1	152.54	174.505
820	73	1	28.444999999999993	49.24
820	74	1	124.45000000000005	175.3700000000001
820	75	1	142.29145728643226	121.14070351758791
830	1	2	10.02	10.050000000000004
830	2	2	9.858585858585856	55.14141414141413
830	3	2	9.879999999999997	99.87999999999998
830	4	2	10.309278350515465	145.2164948453608
830	5	2	10.000000000000002	189.73999999999995
830	6	2	54.849999999999994	9.999999999999998
830	7	2	55.30927835051546	54.78350515463916
830	8	2	54.85858585858585	99.85858585858585
830	9	2	54.71428571428571	145.74725274725276
830	10	2	55.14141414141414	190.14141414141415
830	11	2	100.06	9.850000000000001
830	12	2	100.12	55.12000000000001
830	13	2	99.97000000000003	99.60999999999999
830	14	2	99.50000000000001	144.99999999999991
830	15	2	100.06	190.10000000000002
830	16	2	144.93999999999997	9.85
830	17	2	145.09574468085103	55.41489361702127
830	18	2	144.92000000000004	100.28
830	19	2	145.1199999999999	144.76
830	20	2	144.72916666666669	189.72916666666663
830	21	2	190.17999999999992	10.11
830	22	2	189.74	55.140000000000015
830	23	2	189.64	100.20999999999998
830	24	2	189.69072164948446	145.21649484536076
830	25	2	189.99999999999994	189.73999999999995
830	26	1	155.8557213930348	196.8507462686567
830	27	1	61.334999999999994	132.415
830	28	1	151.21500000000006	29.305000000000003
830	29	1	162.9	181.89499999999992
830	30	1	137.16499999999996	178.68000000000006
830	31	1	140.98	37.93999999999999
830	32	1	137.12999999999985	166.52999999999992
830	33	1	40.60804020100502	110.21105527638187
830	34	1	17.336683417085435	39.216080402010064
830	35	1	123.94500000000001	13.760000000000003
830	36	1	12.360000000000003	24.280000000000012
830	37	1	171.93499999999997	178.52
830	38	1	168.76000000000008	29.714999999999996
830	39	1	59.85	65.07499999999997
830	40	1	81.85000000000002	115.04500000000004
830	41	1	54.02487562189053	112.86567164179104
830	42	1	74.61499999999997	137.63
830	43	1	120.84422110552767	73.90954773869355
830	44	1	44.1	60.78000000000003
830	45	1	112.205	172.315
830	46	1	160.2985074626865	163.6567164179104
830	47	1	170.37500000000009	124.17500000000003
830	48	1	28.115000000000006	32.06999999999999
830	49	1	160.40298507462694	13.059701492537314
830	50	1	190.62	123.43000000000002
830	51	1	67.365	118.84500000000006
830	52	1	30.76119402985075	186.3283582089552
830	53	1	23.552238805970156	64.46766169154229
830	54	1	82.03500000000001	126.27000000000004
830	55	1	115.35999999999999	153.905
830	56	1	153.93034825870632	121.33830845771139
830	57	1	123.19500000000006	159.84000000000003
830	58	1	127.29000000000003	25.914999999999992
830	59	1	168.49999999999997	23.724999999999994
830	60	1	178.84079601990047	130.65174129353227
830	61	1	170.19095477386935	46.98994974874372
830	62	1	70.48	105.03499999999998
830	63	1	39.49000000000002	175.47999999999993
830	64	1	66.44500000000001	48.59
830	65	1	97.26499999999999	34.035
830	66	1	138.38999999999993	21.40500000000001
830	67	1	173.84500000000003	7.979999999999995
830	68	1	169.19500000000002	196.56499999999997
830	69	1	158.82500000000002	42.64999999999999
830	70	1	34.420000000000016	62.750000000000014
830	71	1	47.749999999999986	124.42500000000004
830	72	1	152.55499999999995	174.78
830	73	1	28.296482412060296	48.95477386934675
830	74	1	124.50500000000005	175.6949999999999
830	75	1	142.325	121.13499999999998
840	1	2	10.02	10.050000000000004
840	2	2	9.858585858585856	55.14141414141413
840	3	2	9.879999999999997	99.87999999999998
840	4	2	10.309278350515465	145.2164948453608
840	5	2	10.000000000000002	189.73999999999995
840	6	2	54.849999999999994	9.999999999999998
840	7	2	55.30927835051546	54.78350515463916
840	8	2	54.85858585858585	99.85858585858585
840	9	2	54.71428571428571	145.74725274725276
840	10	2	55.14141414141414	190.14141414141415
840	11	2	100.06	9.850000000000001
840	12	2	100.12	55.12000000000001
840	13	2	99.97000000000003	99.60999999999999
840	14	2	99.50000000000001	144.99999999999991
840	15	2	100.06	190.10000000000002
840	16	2	144.93999999999997	9.85
840	17	2	145.09574468085103	55.41489361702127
840	18	2	144.92000000000004	100.28
840	19	2	145.1199999999999	144.76
840	20	2	144.72916666666669	189.72916666666663
840	21	2	190.17999999999992	10.11
840	22	2	189.74	55.140000000000015
840	23	2	189.64	100.20999999999998
840	24	2	189.69072164948446	145.21649484536076
840	25	2	189.99999999999994	189.73999999999995
840	26	1	155.94499999999996	196.92000000000002
840	27	1	61.41500000000001	132.08999999999997
840	28	1	151.19499999999994	29.409999999999993
840	29	1	162.785	182.10999999999999
840	30	1	137.17999999999998	178.7250000000001
840	31	1	140.5771144278607	37.28855721393032
840	32	1	137.3149999999999	166.64000000000004
840	33	1	40.75879396984924	110.28643216080393
840	34	1	17.005025125628137	38.95477386934676
840	35	1	124.73499999999997	12.755000000000008
840	36	1	11.930348258706472	24.328358208955226
840	37	1	171.96	178.6249999999999
840	38	1	168.71499999999997	29.799999999999997
840	39	1	59.89	64.99499999999993
840	40	1	81.60499999999999	114.36499999999997
840	41	1	54.205000000000005	112.875
840	42	1	74.63500000000005	137.535
840	43	1	119.19900497512435	73.45273631840794
840	44	1	44.015	60.71999999999999
840	45	1	112.2388059701492	172.3333333333334
840	46	1	160.60999999999993	163.905
840	47	1	170.075	123.80499999999995
840	48	1	28.15920398009949	32.149253731343286
840	49	1	160.3400000000001	13.105000000000004
840	50	1	190.1144278606965	122.78606965174127
840	51	1	67.53499999999997	118.91999999999999
840	52	1	30.94	187.045
840	53	1	23.587064676616926	64.24378109452736
840	54	1	82.17412935323384	125.99502487562188
840	55	1	115.02487562189049	154.1741293532338
840	56	1	154.06965174129354	121.73134328358213
840	57	1	123.355	160.005
840	58	1	126.16582914572865	25.035175879396974
840	59	1	168.49999999999997	23.724999999999994
840	60	1	179.39303482587064	130.43283582089555
840	61	1	170.38190954773862	47.0502512562814
840	62	1	70.53	105.10499999999999
840	63	1	38.43000000000002	175.01999999999992
840	64	1	65.58999999999999	47.70000000000004
840	65	1	98.24999999999997	34.73000000000004
840	66	1	138.19402985074623	21.56716417910448
840	67	1	173.84500000000003	8.355
840	68	1	169.22499999999994	196.71
840	69	1	158.67	42.745000000000005
840	70	1	34.345000000000006	62.714999999999996
840	71	1	47.552763819095496	124.28140703517595
840	72	1	152.54000000000002	174.73499999999999
840	73	1	28.281407035175878	48.52261306532663
840	74	1	124.53233830845774	175.74626865671638
840	75	1	142.59999999999994	121.25000000000001
850	1	2	10.02	10.050000000000004
850	2	2	9.858585858585856	55.14141414141413
850	3	2	9.879999999999997	99.87999999999998
850	4	2	10.309278350515465	145.2164948453608
850	5	2	10.000000000000002	189.73999999999995
850	6	2	54.849999999999994	9.999999999999998
850	7	2	55.30927835051546	54.78350515463916
850	8	2	54.85858585858585	99.85858585858585
850	9	2	54.71428571428571	145.74725274725276
850	10	2	55.14141414141414	190.14141414141415
850	11	2	100.06	9.850000000000001
850	12	2	100.12	55.12000000000001
850	13	2	99.97000000000003	99.60999999999999
850	14	2	99.50000000000001	144.99999999999991
850	15	2	100.06	190.10000000000002
850	16	2	144.93999999999997	9.85
850	17	2	145.09574468085103	55.41489361702127
850	18	2	144.92000000000004	100.28
850	19	2	145.1199999999999	144.76
850	20	2	144.72916666666669	189.72916666666663
850	21	2	190.17999999999992	10.11
850	22	2	189.74	55.140000000000015
850	23	2	189.64	100.20999999999998
850	24	2	189.69072164948446	145.21649484536076
850	25	2	189.99999999999994	189.73999999999995
850	26	1	155.97000000000006	196.705
850	27	1	61.49999999999998	131.67
850	28	1	151.39999999999998	29.83
850	29	1	162.7860696517414	182.17910447761193
850	30	1	137.10499999999996	178.64999999999992
850	31	1	139.69999999999987	36.569999999999986
850	32	1	137.43500000000014	166.48500000000007
850	33	1	40.39499999999999	110.08500000000002
850	34	1	16.79	38.68000000000001
850	35	1	125.43500000000004	12.350000000000005
850	36	1	11.579999999999997	23.995000000000008
850	37	1	171.97000000000006	178.73499999999999
850	38	1	168.74999999999997	29.964999999999986
850	39	1	59.87999999999998	65.03500000000005
850	40	1	82.06499999999996	113.22999999999998
850	41	1	54.15500000000001	112.83999999999993
850	42	1	74.57499999999999	137.33500000000004
850	43	1	117.44278606965169	71.66169154228857
850	44	1	44.06999999999998	60.75999999999998
850	45	1	112.16999999999999	172.36500000000007
850	46	1	160.47499999999997	163.95000000000013
850	47	1	169.71499999999995	123.94499999999998
850	48	1	28.2	32.11999999999998
850	49	1	160.22999999999996	13.095000000000011
850	50	1	189.43499999999992	122.16499999999999
850	51	1	67.76119402985069	118.74129353233833
850	52	1	31.059999999999995	187.57
850	53	1	23.585	63.959999999999994
850	54	1	81.88500000000003	125.84999999999998
850	55	1	114.805	154.41000000000003
850	56	1	153.89499999999998	121.81500000000001
850	57	1	123.21500000000002	160.27
850	58	1	124.76500000000006	24.100000000000005
850	59	1	168.49999999999997	23.724999999999994
850	60	1	179.42288557213928	130.36318407960195
850	61	1	170.17499999999995	46.669999999999966
850	62	1	70.46733668341707	105.40201005025123
850	63	1	38.27999999999998	174.73000000000002
850	64	1	65.42786069651741	47.16417910447759
850	65	1	98.92500000000001	35.28999999999998
850	66	1	138.29499999999996	21.87000000000001
850	67	1	173.7049999999999	8.715
850	68	1	169.23999999999995	196.85
850	69	1	157.62499999999997	42.975
850	70	1	34.472361809045246	62.874371859296474
850	71	1	47.51500000000003	124.17999999999998
850	72	1	152.415	174.83999999999995
850	73	1	28.17999999999999	48.540000000000006
850	74	1	124.63999999999996	175.79000000000008
850	75	1	142.41500000000005	121.57500000000003
860	1	2	10.02	10.050000000000004
860	2	2	9.858585858585856	55.14141414141413
860	3	2	9.879999999999997	99.87999999999998
860	4	2	10.309278350515465	145.2164948453608
860	5	2	10.000000000000002	189.73999999999995
860	6	2	54.849999999999994	9.999999999999998
860	7	2	55.30927835051546	54.78350515463916
860	8	2	54.85858585858585	99.85858585858585
860	9	2	54.71428571428571	145.74725274725276
860	10	2	55.14141414141414	190.14141414141415
860	11	2	100.06	9.850000000000001
860	12	2	100.12	55.12000000000001
860	13	2	99.97000000000003	99.60999999999999
860	14	2	99.50000000000001	144.99999999999991
860	15	2	100.06	190.10000000000002
860	16	2	144.93999999999997	9.85
860	17	2	145.09574468085103	55.41489361702127
860	18	2	144.92000000000004	100.28
860	19	2	145.1199999999999	144.76
860	20	2	144.72916666666669	189.72916666666663
860	21	2	190.17999999999992	10.11
860	22	2	189.74	55.140000000000015
860	23	2	189.64	100.20999999999998
860	24	2	189.69072164948446	145.21649484536076
860	25	2	189.99999999999994	189.73999999999995
860	26	1	156.06000000000012	196.805
860	27	1	61.43499999999997	131.71500000000003
860	28	1	151.67000000000004	30.035000000000014
860	29	1	162.72000000000006	182.13500000000002
860	30	1	137.36500000000004	178.65
860	31	1	139.26499999999993	36.150000000000006
860	32	1	137.485	166.51500000000004
860	33	1	40.11500000000001	110.17
860	34	1	17.019999999999996	38.78499999999999
860	35	1	126.64824120603016	12.271356783919606
860	36	1	11.050000000000004	23.90000000000002
860	37	1	171.96517412935322	178.57213930348263
860	38	1	168.64000000000004	30.134999999999998
860	39	1	60.20000000000003	64.53500000000005
860	40	1	82.13567839195976	111.66331658291458
860	41	1	54.19500000000001	113.01000000000005
860	42	1	74.50000000000007	136.9000000000001
860	43	1	115.75621890547265	69.70646766169152
860	44	1	44.185	60.90500000000002
860	45	1	112.18999999999997	172.30999999999997
860	46	1	160.41708542713573	163.87437185929645
860	47	1	169.7700000000001	123.86499999999995
860	48	1	28.040000000000006	32.27499999999997
860	49	1	159.99499999999998	13.350000000000001
860	50	1	189.25499999999994	121.74500000000002
860	51	1	67.69000000000001	118.67000000000003
860	52	1	31.214999999999996	187.33000000000007
860	53	1	23.44	64.11499999999998
860	54	1	81.76119402985077	125.0497512437811
860	55	1	114.67500000000005	154.44
860	56	1	153.9499999999999	121.63000000000008
860	57	1	123.29500000000002	160.1799999999999
860	58	1	123.53000000000006	23.395000000000003
860	59	1	168.49999999999997	23.724999999999994
860	60	1	179.47263681592037	130.22388059701487
860	61	1	169.895	46.64
860	62	1	70.23500000000003	105.46499999999996
860	63	1	37.59203980099499	174.49751243781097
860	64	1	64.96000000000005	45.14
860	65	1	99.365	35.38999999999998
860	66	1	138.54500000000002	22.579999999999988
860	67	1	173.58000000000007	8.8
860	68	1	169.085	196.97
860	69	1	156.9299999999999	43.265000000000015
860	70	1	34.42499999999999	62.810000000000024
860	71	1	47.55000000000002	124.17999999999995
860	72	1	152.55499999999995	174.96000000000004
860	73	1	28.38499999999999	48.645000000000024
860	74	1	124.72499999999998	175.625
860	75	1	142.19	122.13000000000001
870	1	2	10.02	10.050000000000004
870	2	2	9.858585858585856	55.14141414141413
870	3	2	9.879999999999997	99.87999999999998
870	4	2	10.309278350515465	145.2164948453608
870	5	2	10.000000000000002	189.73999999999995
870	6	2	54.849999999999994	9.999999999999998
870	7	2	55.30927835051546	54.78350515463916
870	8	2	54.85858585858585	99.85858585858585
870	9	2	54.71428571428571	145.74725274725276
870	10	2	55.14141414141414	190.14141414141415
870	11	2	100.06	9.850000000000001
870	12	2	100.12	55.12000000000001
870	13	2	99.97000000000003	99.60999999999999
870	14	2	99.50000000000001	144.99999999999991
870	15	2	100.06	190.10000000000002
870	16	2	144.93999999999997	9.85
870	17	2	145.09574468085103	55.41489361702127
870	18	2	144.92000000000004	100.28
870	19	2	145.1199999999999	144.76
870	20	2	144.72916666666669	189.72916666666663
870	21	2	190.17999999999992	10.11
870	22	2	189.74	55.140000000000015
870	23	2	189.64	100.20999999999998
870	24	2	189.69072164948446	145.21649484536076
870	25	2	189.99999999999994	189.73999999999995
870	26	1	155.97000000000008	196.835
870	27	1	61.460000000000015	131.75000000000003
870	28	1	151.71500000000006	30.13999999999999
870	29	1	162.79499999999996	182.26500000000001
870	30	1	137.22499999999994	178.5899999999999
870	31	1	139.45226130653265	36.351758793969886
870	32	1	137.88000000000002	166.585
870	33	1	39.99499999999999	110.49500000000003
870	34	1	16.989949748743722	38.41708542713568
870	35	1	127.12500000000001	12.209999999999997
870	36	1	10.273631840796021	23.50248756218906
870	37	1	171.95500000000004	178.88499999999996
870	38	1	168.66500000000002	30.24500000000002
870	39	1	60.84499999999997	63.72000000000004
870	40	1	82.04000000000002	110.66499999999995
870	41	1	54.375	113.13499999999998
870	42	1	74.51500000000001	136.44999999999993
870	43	1	114.2338308457711	68.49751243781091
870	44	1	44.31500000000003	60.9
870	45	1	112.25500000000002	172.15499999999997
870	46	1	160.67499999999998	163.91999999999996
870	47	1	169.78894472361807	123.71859296482415
870	48	1	27.974874371859308	32.160804020100485
870	49	1	160.09499999999989	13.339999999999995
870	50	1	189.50753768844226	121.8040201005025
870	51	1	68	118.80499999999995
870	52	1	31.509999999999994	187.01999999999998
870	53	1	23.439999999999987	64.16999999999999
870	54	1	82.41500000000002	124.37000000000003
870	55	1	114.54500000000003	154.47000000000008
870	56	1	154.01499999999993	121.72499999999994
870	57	1	123.38500000000003	160.19
870	58	1	123.14000000000003	23.09
870	59	1	168.49999999999997	23.724999999999994
870	60	1	180.06532663316574	129.99497487437182
870	61	1	169.13499999999988	47.06
870	62	1	70.025	105.41999999999997
870	63	1	37.10000000000002	174.46499999999997
870	64	1	64.97014925373132	43.99004975124377
870	65	1	99.1306532663317	35.407035175879386
870	66	1	138.1949999999999	23.00000000000001
870	67	1	173.71	9.024999999999997
870	68	1	168.91	197.18
870	69	1	156.82500000000007	43.37999999999999
870	70	1	34.40500000000003	62.79000000000001
870	71	1	47.71356783919595	124.04522613065323
870	72	1	152.61499999999998	175.0850000000001
870	73	1	28.360000000000007	48.68999999999997
870	74	1	124.71500000000003	175.57000000000005
870	75	1	141.815	122.80499999999999
880	1	2	10.02	10.050000000000004
880	2	2	9.858585858585856	55.14141414141413
880	3	2	9.879999999999997	99.87999999999998
880	4	2	10.309278350515465	145.2164948453608
880	5	2	10.000000000000002	189.73999999999995
880	6	2	54.849999999999994	9.999999999999998
880	7	2	55.30927835051546	54.78350515463916
880	8	2	54.85858585858585	99.85858585858585
880	9	2	54.71428571428571	145.74725274725276
880	10	2	55.14141414141414	190.14141414141415
880	11	2	100.06	9.850000000000001
880	12	2	100.12	55.12000000000001
880	13	2	99.97000000000003	99.60999999999999
880	14	2	99.50000000000001	144.99999999999991
880	15	2	100.06	190.10000000000002
880	16	2	144.93999999999997	9.85
880	17	2	145.09574468085103	55.41489361702127
880	18	2	144.92000000000004	100.28
880	19	2	145.1199999999999	144.76
880	20	2	144.72916666666669	189.72916666666663
880	21	2	190.17999999999992	10.11
880	22	2	189.74	55.140000000000015
880	23	2	189.64	100.20999999999998
880	24	2	189.69072164948446	145.21649484536076
880	25	2	189.99999999999994	189.73999999999995
880	26	1	155.92	196.57000000000014
880	27	1	61.974874371859286	131.71859296482398
880	28	1	151.7499999999999	30.130000000000013
880	29	1	162.82999999999993	182.15999999999988
880	30	1	137.25999999999996	178.49500000000006
880	31	1	139.87939698492463	36.698492462311556
880	32	1	137.97999999999996	166.7549999999998
880	33	1	39.605000000000004	110.69000000000004
880	34	1	16.995000000000005	38.25999999999998
880	35	1	127.26633165829139	12.316582914572857
880	36	1	9.08955223880597	22.985074626865682
880	37	1	171.95024875621894	178.4676616915423
880	38	1	168.68000000000012	30.230000000000008
880	39	1	61.497512437810954	62.98009950248754
880	40	1	81.54999999999995	110.40499999999994
880	41	1	54.28358208955223	113.05472636815921
880	42	1	74.68499999999997	136.235
880	43	1	113.13000000000005	67.84999999999998
880	44	1	44.44776119402983	61.08457711442784
880	45	1	112.13000000000005	172.18499999999992
880	46	1	160.42000000000007	163.71500000000017
880	47	1	169.52000000000004	123.83499999999997
880	48	1	27.845000000000006	32.210000000000015
880	49	1	160.12437810945278	13.179104477611938
880	50	1	189.62499999999986	121.83000000000006
880	51	1	67.925	118.81499999999996
880	52	1	31.400000000000006	186.79999999999998
880	53	1	23.539999999999992	64.23999999999998
880	54	1	83.18090452261305	123.44221105527636
880	55	1	114.68500000000002	154.3899999999999
880	56	1	153.85500000000002	121.92500000000007
880	57	1	123.24999999999993	160.14000000000004
880	58	1	122.85929648241209	22.633165829145735
880	59	1	168.4773869346734	23.758793969849258
880	60	1	180.06499999999988	130.19
880	61	1	168.94000000000003	47.45500000000001
880	62	1	70.22999999999999	105.055
880	63	1	36.73499999999999	174.36500000000004
880	64	1	65.64356435643562	43.07920792079206
880	65	1	98.91500000000005	35.18000000000003
880	66	1	138.03980099502488	23.50248756218905
880	67	1	173.7049999999998	9.14
880	68	1	168.8700000000001	197.185
880	69	1	156.925	43.48499999999998
880	70	1	34.47000000000002	62.694999999999965
880	71	1	48.065000000000005	124.00500000000002
880	72	1	152.66999999999987	175.03499999999997
880	73	1	28.40796019900498	48.60696517412936
880	74	1	124.69500000000001	175.52499999999986
880	75	1	141.67499999999995	122.84999999999995
890	1	2	10.02	10.050000000000004
890	2	2	9.858585858585856	55.14141414141413
890	3	2	9.879999999999997	99.87999999999998
890	4	2	10.309278350515465	145.2164948453608
890	5	2	10.000000000000002	189.73999999999995
890	6	2	54.849999999999994	9.999999999999998
890	7	2	55.30927835051546	54.78350515463916
890	8	2	54.85858585858585	99.85858585858585
890	9	2	54.71428571428571	145.74725274725276
890	10	2	55.14141414141414	190.14141414141415
890	11	2	100.06	9.850000000000001
890	12	2	100.12	55.12000000000001
890	13	2	99.97000000000003	99.60999999999999
890	14	2	99.50000000000001	144.99999999999991
890	15	2	100.06	190.10000000000002
890	16	2	144.93999999999997	9.85
890	17	2	145.09574468085103	55.41489361702127
890	18	2	144.92000000000004	100.28
890	19	2	145.1199999999999	144.76
890	20	2	144.72916666666669	189.72916666666663
890	21	2	190.17999999999992	10.11
890	22	2	189.74	55.140000000000015
890	23	2	189.64	100.20999999999998
890	24	2	189.69072164948446	145.21649484536076
890	25	2	189.99999999999994	189.73999999999995
890	26	1	156.05999999999997	196.695
890	27	1	62.422885572139315	131.69651741293546
890	28	1	151.82089552238813	29.920398009950237
890	29	1	162.735	182.2949999999999
890	30	1	137.44776119402985	178.48756218905478
890	31	1	140.26999999999992	36.999999999999986
890	32	1	138.0949999999999	166.72000000000008
890	33	1	39.63499999999999	110.69000000000001
890	34	1	17.13000000000001	38.45499999999999
890	35	1	127.36999999999995	12.375000000000007
890	36	1	8.373134328358208	23.313432835820898
890	37	1	172.0402010050252	178.8391959798995
890	38	1	168.79999999999995	30.575000000000003
890	39	1	61.82500000000002	62.78500000000001
890	40	1	81.61999999999996	110.635
890	41	1	54.77	113.47499999999995
890	42	1	74.80099502487558	135.90049751243777
890	43	1	111.44000000000004	67.43999999999998
890	44	1	44.57	61.10500000000002
890	45	1	112.07499999999997	172.19500000000002
890	46	1	160.89999999999998	163.92000000000007
890	47	1	169.79499999999996	123.97000000000001
890	48	1	27.705000000000005	31.81000000000001
890	49	1	160.14500000000004	13.194999999999999
890	50	1	189.38500000000005	121.68000000000004
890	51	1	68.25	118.93000000000004
890	52	1	31.745000000000005	186.72500000000005
890	53	1	23.555000000000007	64.34000000000003
890	54	1	85.16417910447764	122.24875621890538
890	55	1	114.80499999999999	154.41999999999985
890	56	1	154.08000000000007	122.15999999999998
890	57	1	123.3618090452261	160.14572864321605
890	58	1	122.99004975124372	22.835820895522385
890	59	1	168.49999999999997	23.724999999999994
890	60	1	180.0249999999999	130.80999999999997
890	61	1	168.865	48.18500000000002
890	62	1	70.40999999999994	105.05999999999996
890	63	1	36.699999999999974	174.55000000000004
890	64	1	66.57286432160802	43.075376884422106
890	65	1	99.24000000000007	35.45499999999999
890	66	1	137.87999999999997	23.90999999999999
890	67	1	173.66	9.289999999999997
890	68	1	169.12935323383098	197.02985074626866
890	69	1	157.37499999999997	43.37500000000002
890	70	1	34.62499999999999	62.62499999999998
890	71	1	48.24000000000004	124.03999999999998
890	72	1	152.6749999999999	174.80000000000004
890	73	1	28.348258706467657	48.56218905472637
890	74	1	124.70646766169152	175.4875621890547
890	75	1	141.93000000000006	122.62999999999997
900	1	2	10.02	10.050000000000004
900	2	2	9.858585858585856	55.14141414141413
900	3	2	9.879999999999997	99.87999999999998
900	4	2	10.309278350515465	145.2164948453608
900	5	2	10.000000000000002	189.73999999999995
900	6	2	54.849999999999994	9.999999999999998
900	7	2	55.30927835051546	54.78350515463916
900	8	2	54.85858585858585	99.85858585858585
900	9	2	54.71428571428571	145.74725274725276
900	10	2	55.14141414141414	190.14141414141415
900	11	2	100.06	9.850000000000001
900	12	2	100.12	55.12000000000001
900	13	2	99.97000000000003	99.60999999999999
900	14	2	99.50000000000001	144.99999999999991
900	15	2	100.06	190.10000000000002
900	16	2	144.93999999999997	9.85
900	17	2	145.09574468085103	55.41489361702127
900	18	2	144.92000000000004	100.28
900	19	2	145.1199999999999	144.76
900	20	2	144.72916666666669	189.72916666666663
900	21	2	190.17999999999992	10.11
900	22	2	189.74	55.140000000000015
900	23	2	189.64	100.20999999999998
900	24	2	189.69072164948446	145.21649484536076
900	25	2	189.99999999999994	189.73999999999995
900	26	1	156.035175879397	196.82914572864323
900	27	1	62.77499999999999	131.71
900	28	1	151.86499999999987	29.94
900	29	1	162.7	182.475
900	30	1	137.44499999999994	178.465
900	31	1	140.51999999999998	36.975
900	32	1	137.96000000000004	166.57999999999987
900	33	1	39.775000000000006	110.68500000000003
900	34	1	16.905000000000005	38.18499999999999
900	35	1	127.39000000000007	12.515000000000002
900	36	1	7.070000000000001	23.64
900	37	1	172.18	179.1500000000001
900	38	1	168.745	30.535
900	39	1	61.75499999999998	62.73000000000003
900	40	1	81.455	110.99000000000001
900	41	1	54.854271356783926	113.36683417085432
900	42	1	75.12500000000003	135.41000000000003
900	43	1	110.85500000000002	67.29999999999998
900	44	1	44.58000000000002	61.125
900	45	1	112.00000000000001	172.05500000000006
900	46	1	161.02499999999998	163.97000000000003
900	47	1	169.645	123.92499999999997
900	48	1	27.125000000000004	31.85999999999998
900	49	1	160.01000000000002	13.250000000000002
900	50	1	189.30999999999992	121.695
900	51	1	68.17500000000001	119.14999999999999
900	52	1	32.56218905472635	186.11940298507454
900	53	1	23.600000000000005	64.24999999999997
900	54	1	86.42786069651743	121.39800995024878
900	55	1	114.81499999999997	154.49
900	56	1	153.875	122.29500000000007
900	57	1	123.33500000000006	160.20499999999993
900	58	1	123.24500000000005	22.919999999999995
900	59	1	168.48743718592976	23.748743718592966
900	60	1	179.81499999999994	130.95999999999998
900	61	1	168.587064676617	48.935323383084594
900	62	1	70.58499999999998	105.07999999999991
900	63	1	37.48756218905474	174.02985074626864
900	64	1	67.09000000000002	42.90000000000001
900	65	1	99.26499999999996	35.50999999999999
900	66	1	137.76000000000005	23.865000000000002
900	67	1	173.60500000000008	9.124999999999998
900	68	1	169.04999999999993	197.0850000000001
900	69	1	157.46499999999997	43.405
900	70	1	34.64499999999999	62.649999999999984
900	71	1	48.34000000000001	124.09499999999998
900	72	1	152.7300000000001	174.79000000000005
900	73	1	28.48258706467662	48.417910447761216
900	74	1	124.88499999999999	175.38500000000002
900	75	1	141.515	122.9
910	1	2	10.02	10.050000000000004
910	2	2	9.858585858585856	55.14141414141413
910	3	2	9.879999999999997	99.87999999999998
910	4	2	10.309278350515465	145.2164948453608
910	5	2	10.000000000000002	189.73999999999995
910	6	2	54.849999999999994	9.999999999999998
910	7	2	55.30927835051546	54.78350515463916
910	8	2	54.85858585858585	99.85858585858585
910	9	2	54.71428571428571	145.74725274725276
910	10	2	55.14141414141414	190.14141414141415
910	11	2	100.06	9.850000000000001
910	12	2	100.12	55.12000000000001
910	13	2	99.97000000000003	99.60999999999999
910	14	2	99.50000000000001	144.99999999999991
910	15	2	100.06	190.10000000000002
910	16	2	144.93999999999997	9.85
910	17	2	145.09574468085103	55.41489361702127
910	18	2	144.92000000000004	100.28
910	19	2	145.1199999999999	144.76
910	20	2	144.72916666666669	189.72916666666663
910	21	2	190.17999999999992	10.11
910	22	2	189.74	55.140000000000015
910	23	2	189.64	100.20999999999998
910	24	2	189.69072164948446	145.21649484536076
910	25	2	189.99999999999994	189.73999999999995
910	26	1	156.065	196.85
910	27	1	63.175	132.26999999999992
910	28	1	151.87500000000006	30.080000000000005
910	29	1	162.76499999999984	182.5999999999999
910	30	1	137.39000000000001	178.56000000000003
910	31	1	140.56999999999996	37.01500000000002
910	32	1	138	166.28500000000005
910	33	1	40.05499999999997	110.88999999999997
910	34	1	16.115	37.72500000000001
910	35	1	127.37810945273628	12.48258706467661
910	36	1	5.989999999999996	23.829999999999995
910	37	1	172.44	179.23500000000007
910	38	1	168.80500000000006	30.660000000000004
910	39	1	61.779999999999994	62.760000000000026
910	40	1	81.605	111.25999999999999
910	41	1	55.00995024875625	113.46766169154226
910	42	1	75.33000000000001	135.25999999999996
910	43	1	110.61000000000003	67.29000000000003
910	44	1	44.76000000000001	61.369999999999976
910	45	1	112.12000000000002	171.8699999999998
910	46	1	161.2211055276382	164.01005025125622
910	47	1	169.82	123.85
910	48	1	26.179999999999986	31.980000000000025
910	49	1	159.94029850746256	13.18905472636816
910	50	1	189.24999999999991	121.85999999999999
910	51	1	68.15000000000003	119.06500000000003
910	52	1	33.18	185.82999999999993
910	53	1	23.440000000000012	64.17500000000001
910	54	1	86.67839195979897	121.07035175879396
910	55	1	114.67500000000001	154.4999999999999
910	56	1	154.03980099502476	122.51243781094523
910	57	1	123.255	160.2299999999999
910	58	1	123.42000000000002	23.01
910	59	1	168.49999999999997	23.724999999999994
910	60	1	179.7200000000001	131.43499999999997
910	61	1	168.37499999999997	49.32999999999998
910	62	1	70.74000000000007	105.08499999999995
910	63	1	38.77611940298509	173.52238805970148
910	64	1	67.42000000000003	43.100000000000016
910	65	1	99.385	36.04500000000002
910	66	1	137.84	23.760000000000005
910	67	1	173.6	9.31
910	68	1	169.11999999999998	197.03
910	69	1	157.22885572139285	43.582089552238784
910	70	1	34.595	62.565
910	71	1	48.60500000000002	124.34999999999995
910	72	1	152.8	174.67000000000004
910	73	1	28.499999999999993	48.455000000000005
910	74	1	125.33499999999998	175.31
910	75	1	141.2949999999999	122.96000000000002
920	1	2	10.02	10.050000000000004
920	2	2	9.858585858585856	55.14141414141413
920	3	2	9.879999999999997	99.87999999999998
920	4	2	10.309278350515465	145.2164948453608
920	5	2	10.000000000000002	189.73999999999995
920	6	2	54.849999999999994	9.999999999999998
920	7	2	55.30927835051546	54.78350515463916
920	8	2	54.85858585858585	99.85858585858585
920	9	2	54.71428571428571	145.74725274725276
920	10	2	55.14141414141414	190.14141414141415
920	11	2	100.06	9.850000000000001
920	12	2	100.12	55.12000000000001
920	13	2	99.97000000000003	99.60999999999999
920	14	2	99.50000000000001	144.99999999999991
920	15	2	100.06	190.10000000000002
920	16	2	144.93999999999997	9.85
920	17	2	145.09574468085103	55.41489361702127
920	18	2	144.92000000000004	100.28
920	19	2	145.1199999999999	144.76
920	20	2	144.72916666666669	189.72916666666663
920	21	2	190.17999999999992	10.11
920	22	2	189.74	55.140000000000015
920	23	2	189.64	100.20999999999998
920	24	2	189.69072164948446	145.21649484536076
920	25	2	189.99999999999994	189.73999999999995
920	26	1	156.13499999999996	196.75499999999994
920	27	1	63.085000000000015	133.015
920	28	1	152.06000000000006	30.154999999999998
920	29	1	162.68999999999983	182.6350000000001
920	30	1	137.35500000000002	178.62500000000009
920	31	1	140.6019900497512	37.039800995024876
920	32	1	137.83000000000004	166.06999999999988
920	33	1	40.21393034825872	110.82089552238806
920	34	1	14.326633165829149	36.77889447236181
920	35	1	127.41000000000001	12.645000000000005
920	36	1	5.420000000000001	23.95500000000001
920	37	1	172.79601990049753	179.62686567164172
920	38	1	168.67500000000004	30.704999999999988
920	39	1	61.920398009950254	62.577114427860664
920	40	1	81.75500000000002	111.49000000000004
920	41	1	54.925373134328346	113.55223880597016
920	42	1	75.20499999999997	135.14500000000007
920	43	1	110.55999999999999	67.16000000000001
920	44	1	44.81	61.360000000000014
920	45	1	112.24499999999996	171.94000000000005
920	46	1	161.58999999999995	164.18999999999997
920	47	1	169.67839195979903	123.70854271356782
920	48	1	25.460000000000004	32.27999999999999
920	49	1	159.86	13.319999999999999
920	50	1	189.26999999999987	122.19000000000001
920	51	1	68.24499999999999	119.29499999999993
920	52	1	34.349999999999994	185.12999999999997
920	53	1	22.845771144278615	64.21393034825871
920	54	1	86.80000000000005	121.15
920	55	1	114.52500000000008	154.57500000000002
920	56	1	154.19000000000005	122.475
920	57	1	123.18499999999999	160.29499999999996
920	58	1	123.62499999999999	23.210000000000004
920	59	1	168.49999999999997	23.724999999999994
920	60	1	179.6899999999999	131.44499999999996
920	61	1	168.27499999999998	49.314999999999976
920	62	1	70.44	105.39500000000001
920	63	1	39.78500000000002	172.53999999999994
920	64	1	68.7860696517413	43.80597014925373
920	65	1	99.86567164179107	37.02487562189055
920	66	1	138.08	23.919999999999995
920	67	1	173.65999999999985	9.319999999999999
920	68	1	169.14999999999995	197.14
920	69	1	156.925	44.11499999999999
920	70	1	34.58500000000003	62.38499999999996
920	71	1	48.995000000000005	124.52499999999999
920	72	1	152.72500000000008	174.67
920	73	1	28.609999999999996	48.2
920	74	1	125.41499999999999	175.36499999999998
920	75	1	140.90499999999994	123.44000000000001
930	1	2	10.02	10.050000000000004
930	2	2	9.858585858585856	55.14141414141413
930	3	2	9.879999999999997	99.87999999999998
930	4	2	10.309278350515465	145.2164948453608
930	5	2	10.000000000000002	189.73999999999995
930	6	2	54.849999999999994	9.999999999999998
930	7	2	55.30927835051546	54.78350515463916
930	8	2	54.85858585858585	99.85858585858585
930	9	2	54.71428571428571	145.74725274725276
930	10	2	55.14141414141414	190.14141414141415
930	11	2	100.06	9.850000000000001
930	12	2	100.12	55.12000000000001
930	13	2	99.97000000000003	99.60999999999999
930	14	2	99.50000000000001	144.99999999999991
930	15	2	100.06	190.10000000000002
930	16	2	144.93999999999997	9.85
930	17	2	145.09574468085103	55.41489361702127
930	18	2	144.92000000000004	100.28
930	19	2	145.1199999999999	144.76
930	20	2	144.72916666666669	189.72916666666663
930	21	2	190.17999999999992	10.11
930	22	2	189.74	55.140000000000015
930	23	2	189.64	100.20999999999998
930	24	2	189.69072164948446	145.21649484536076
930	25	2	189.99999999999994	189.73999999999995
930	26	1	156.0749999999999	196.74000000000007
930	27	1	63.20499999999999	133.8300000000001
930	28	1	152.2786069651741	30.30845771144278
930	29	1	163.01000000000005	182.95499999999996
930	30	1	137.47500000000005	178.69000000000008
930	31	1	140.71499999999992	36.96499999999999
930	32	1	137.97499999999997	166.12999999999988
930	33	1	40.27000000000001	110.90999999999998
930	34	1	13.391959798994975	36.36683417085425
930	35	1	127.42	12.604999999999992
930	36	1	5.460000000000002	24.015000000000008
930	37	1	173.80099502487562	179.47761194029854
930	38	1	168.75000000000003	30.56999999999999
930	39	1	61.709999999999994	62.614999999999995
930	40	1	81.575	111.685
930	41	1	55.035175879397	113.74874371859299
930	42	1	74.78000000000003	135.2600000000001
930	43	1	110.60999999999999	67.05499999999995
930	44	1	44.77500000000002	61.135
930	45	1	112.21499999999999	171.60999999999996
930	46	1	161.89552238805976	164.74129353233823
930	47	1	169.76000000000008	123.93000000000004
930	48	1	25.504999999999995	32.489999999999995
930	49	1	159.72500000000005	13.185000000000004
930	50	1	189.03980099502482	122.31840796019901
930	51	1	68.17500000000004	119.38000000000002
930	52	1	34.71000000000001	185.17999999999998
930	53	1	22.129353233830834	64.35820895522387
930	54	1	86.95999999999997	121.01999999999997
930	55	1	114.74129353233833	154.30845771144288
930	56	1	154.30999999999997	122.46499999999999
930	57	1	123.24	160.29000000000008
930	58	1	123.80999999999996	23.244999999999994
930	59	1	168.49999999999997	23.724999999999994
930	60	1	179.93467336683423	131.87939698492463
930	61	1	168.18905472636817	49.16417910447761
930	62	1	70.52000000000007	105.435
930	63	1	39.84000000000002	171.77999999999997
930	64	1	69.53000000000003	44.76500000000003
930	65	1	100.31343283582078	38.11442786069653
930	66	1	138.15999999999997	23.925
930	67	1	173.50500000000005	9.485000000000007
930	68	1	168.99499999999992	196.97
930	69	1	156.91542288557216	44.875621890547286
930	70	1	34.29000000000001	62.4
930	71	1	48.99500000000001	124.51499999999994
930	72	1	152.86499999999987	174.65
930	73	1	28.155	48.165
930	74	1	125.48999999999997	175.26999999999995
930	75	1	140.76500000000001	123.39499999999998
940	1	2	10.02	10.050000000000004
940	2	2	9.858585858585856	55.14141414141413
940	3	2	9.879999999999997	99.87999999999998
940	4	2	10.309278350515465	145.2164948453608
940	5	2	10.000000000000002	189.73999999999995
940	6	2	54.849999999999994	9.999999999999998
940	7	2	55.30927835051546	54.78350515463916
940	8	2	54.85858585858585	99.85858585858585
940	9	2	54.71428571428571	145.74725274725276
940	10	2	55.14141414141414	190.14141414141415
940	11	2	100.06	9.850000000000001
940	12	2	100.12	55.12000000000001
940	13	2	99.97000000000003	99.60999999999999
940	14	2	99.50000000000001	144.99999999999991
940	15	2	100.06	190.10000000000002
940	16	2	144.93999999999997	9.85
940	17	2	145.09574468085103	55.41489361702127
940	18	2	144.92000000000004	100.28
940	19	2	145.1199999999999	144.76
940	20	2	144.72916666666669	189.72916666666663
940	21	2	190.17999999999992	10.11
940	22	2	189.74	55.140000000000015
940	23	2	189.64	100.20999999999998
940	24	2	189.69072164948446	145.21649484536076
940	25	2	189.99999999999994	189.73999999999995
940	26	1	156.19900497512444	196.9502487562189
940	27	1	63.391959798994975	134.8140703517589
940	28	1	152.34	30.529999999999998
940	29	1	163.21500000000003	183.18
940	30	1	137.75500000000005	178.4799999999999
940	31	1	140.68999999999994	36.80499999999999
940	32	1	137.98500000000004	166.04999999999993
940	33	1	40.52500000000001	111.05499999999996
940	34	1	13.45	36.385
940	35	1	127.28500000000005	12.499999999999993
940	36	1	5.250000000000002	23.730000000000008
940	37	1	174.74874371859303	179.50753768844226
940	38	1	168.72361809045225	30.71859296482412
940	39	1	61.614999999999995	62.66499999999999
940	40	1	81.99999999999994	111.26
940	41	1	55.300000000000004	114.04500000000002
940	42	1	74.53731343283584	135.07960199004975
940	43	1	111.01000000000002	66.55500000000002
940	44	1	44.575	60.694999999999986
940	45	1	112.26000000000003	171.57999999999996
940	46	1	162.6300000000001	165.24999999999997
940	47	1	169.62189054726372	124.04477611940293
940	48	1	25.414999999999996	32.449999999999996
940	49	1	159.50000000000003	13.385
940	50	1	189.47000000000008	122.565
940	51	1	68.27500000000002	119.72999999999995
940	52	1	35.32338308457714	185.64179104477608
940	53	1	21.964999999999993	64.35
940	54	1	86.61809045226133	121.27135678391957
940	55	1	115.015	154.18
940	56	1	154.07	122.38
940	57	1	123.44500000000004	160.18999999999994
940	58	1	123.97000000000003	23.07
940	59	1	168.4773869346734	23.758793969849258
940	60	1	179.98994974874375	131.59296482412057
940	61	1	167.86432160804017	48.85427135678395
940	62	1	70.82000000000001	105.85499999999999
940	63	1	40.070000000000014	170.6300000000001
940	64	1	70.86	46.3
940	65	1	100.295	39.27499999999999
940	66	1	138.29500000000002	23.77
940	67	1	173.23499999999996	9.77
940	68	1	169.14500000000007	196.815
940	69	1	156.73000000000002	45.61000000000001
940	70	1	34.29999999999997	62.66999999999999
940	71	1	48.96517412935326	124.57213930348259
940	72	1	152.96499999999995	174.44500000000005
940	73	1	28.08500000000001	48.05499999999998
940	74	1	125.49499999999999	175.34000000000003
940	75	1	140.52261306532645	123.09547738693465
950	1	2	10.02	10.050000000000004
950	2	2	9.858585858585856	55.14141414141413
950	3	2	9.879999999999997	99.87999999999998
950	4	2	10.309278350515465	145.2164948453608
950	5	2	10.000000000000002	189.73999999999995
950	6	2	54.849999999999994	9.999999999999998
950	7	2	55.30927835051546	54.78350515463916
950	8	2	54.85858585858585	99.85858585858585
950	9	2	54.71428571428571	145.74725274725276
950	10	2	55.14141414141414	190.14141414141415
950	11	2	100.06	9.850000000000001
950	12	2	100.12	55.12000000000001
950	13	2	99.97000000000003	99.60999999999999
950	14	2	99.50000000000001	144.99999999999991
950	15	2	100.06	190.10000000000002
950	16	2	144.93999999999997	9.85
950	17	2	145.09574468085103	55.41489361702127
950	18	2	144.92000000000004	100.28
950	19	2	145.1199999999999	144.76
950	20	2	144.72916666666669	189.72916666666663
950	21	2	190.17999999999992	10.11
950	22	2	189.74	55.140000000000015
950	23	2	189.64	100.20999999999998
950	24	2	189.69072164948446	145.21649484536076
950	25	2	189.99999999999994	189.73999999999995
950	26	1	156.165	196.9
950	27	1	63.84	135.89499999999995
950	28	1	152.28499999999997	30.580000000000013
950	29	1	163.77114427860698	183.30348258706474
950	30	1	137.95999999999995	178.615
950	31	1	140.79999999999995	36.70500000000001
950	32	1	138.08999999999995	166.195
950	33	1	40.574999999999974	111.04999999999997
950	34	1	13.440000000000005	36.470000000000006
950	35	1	127.305	12.500000000000005
950	36	1	5.049999999999998	23.525000000000006
950	37	1	175.80999999999997	178.975
950	38	1	168.54499999999996	31.05
950	39	1	61.56218905472639	62.5074626865672
950	40	1	82.22000000000001	111.01999999999997
950	41	1	55.425	114.46500000000003
950	42	1	74.32499999999999	134.59999999999994
950	43	1	111.24000000000002	65.84999999999998
950	44	1	44.49000000000002	60.40499999999999
950	45	1	112.32999999999998	171.70500000000004
950	46	1	162.75499999999997	165.92499999999995
950	47	1	169.31999999999996	124.19500000000001
950	48	1	25.09500000000001	32.35999999999999
950	49	1	159.69999999999996	13.270000000000003
950	50	1	189.63819095477388	122.85929648241203
950	51	1	68.28999999999999	119.46500000000002
950	52	1	35.8855721393035	186.0995024875622
950	53	1	21.990000000000006	64.31
950	54	1	86.18905472636814	121.53233830845768
950	55	1	114.88000000000002	154.24499999999995
950	56	1	153.5323383084577	122.69154228855722
950	57	1	123.30499999999995	160.21500000000003
950	58	1	124.12499999999999	23.150000000000002
950	59	1	168.49999999999997	23.724999999999994
950	60	1	179.8249999999998	131.63500000000008
950	61	1	167.59999999999994	48.91499999999998
950	62	1	70.62189054726373	105.98009950248762
950	63	1	39.93	169.32000000000002
950	64	1	71.8762376237623	48.272277227722725
950	65	1	99.67499999999997	39.595
950	66	1	138.54999999999998	23.69000000000001
950	67	1	173.31500000000008	10.179999999999987
950	68	1	168.99499999999986	196.89499999999995
950	69	1	156.51499999999996	46.29499999999998
950	70	1	34.27638190954774	62.467336683417045
950	71	1	48.93500000000002	124.60499999999999
950	72	1	153.12499999999997	174.58999999999997
950	73	1	28.000000000000004	47.785000000000004
950	74	1	125.65000000000006	175.245
950	75	1	139.34000000000006	123.18999999999996
960	1	2	10.02	10.050000000000004
960	2	2	9.858585858585856	55.14141414141413
960	3	2	9.879999999999997	99.87999999999998
960	4	2	10.309278350515465	145.2164948453608
960	5	2	10.000000000000002	189.73999999999995
960	6	2	54.849999999999994	9.999999999999998
960	7	2	55.30927835051546	54.78350515463916
960	8	2	54.85858585858585	99.85858585858585
960	9	2	54.71428571428571	145.74725274725276
960	10	2	55.14141414141414	190.14141414141415
960	11	2	100.06	9.850000000000001
960	12	2	100.12	55.12000000000001
960	13	2	99.97000000000003	99.60999999999999
960	14	2	99.50000000000001	144.99999999999991
960	15	2	100.06	190.10000000000002
960	16	2	144.93999999999997	9.85
960	17	2	145.09574468085103	55.41489361702127
960	18	2	144.92000000000004	100.28
960	19	2	145.1199999999999	144.76
960	20	2	144.72916666666669	189.72916666666663
960	21	2	190.17999999999992	10.11
960	22	2	189.74	55.140000000000015
960	23	2	189.64	100.20999999999998
960	24	2	189.69072164948446	145.21649484536076
960	25	2	189.99999999999994	189.73999999999995
960	26	1	156.3184079601991	196.84079601990055
960	27	1	64.38499999999995	136.87499999999991
960	28	1	152.255	30.545000000000005
960	29	1	163.9701492537312	183.35323383084577
960	30	1	137.8099999999998	178.65999999999988
960	31	1	140.97499999999997	36.68999999999999
960	32	1	138.0250000000001	166.34000000000003
960	33	1	40.51500000000005	111.11500000000007
960	34	1	13.459999999999994	36.46000000000002
960	35	1	127.15500000000002	12.469999999999999
960	36	1	5.055276381909547	23.63819095477387
960	37	1	176.36000000000007	178.23999999999984
960	38	1	168.63500000000008	31.075
960	39	1	61.480000000000004	62.584999999999994
960	40	1	82.16500000000002	110.855
960	41	1	55.414999999999985	114.65999999999994
960	42	1	74.08999999999996	133.94
960	43	1	111.55	63.92
960	44	1	44.48000000000001	60.43999999999999
960	45	1	112.22499999999995	171.845
960	46	1	163.40999999999994	166.62500000000006
960	47	1	169.2338308457712	124.16915422885569
960	48	1	25.16999999999999	32.30000000000001
960	49	1	159.542288557214	13.507462686567163
960	50	1	190.23499999999999	123.37499999999997
960	51	1	68.29500000000004	119.42999999999999
960	52	1	35.80499999999999	186.78500000000005
960	53	1	22.085427135678405	64.41206030150755
960	54	1	86.08499999999998	121.87500000000001
960	55	1	114.68500000000003	154.28500000000008
960	56	1	153.6231155778893	122.70854271356787
960	57	1	123.10000000000001	160.14000000000007
960	58	1	124.09499999999994	23.120000000000008
960	59	1	168.51256281407044	23.713567839195996
960	60	1	179.56999999999988	131.66
960	61	1	167.40298507462674	48.69651741293533
960	62	1	70.36000000000001	106.09500000000001
960	63	1	39.85	168.185
960	64	1	72.44278606965166	50.14427860696516
960	65	1	98.49500000000002	40.745
960	66	1	138.46499999999992	23.545
960	67	1	173.3199999999999	10.240000000000002
960	68	1	169.05999999999995	196.96499999999992
960	69	1	156.48999999999998	46.214999999999996
960	70	1	34.41500000000001	62.47
960	71	1	48.93999999999998	124.59000000000002
960	72	1	153.04000000000002	174.43000000000012
960	73	1	27.730000000000004	47.68
960	74	1	125.42500000000003	175.27500000000015
960	75	1	138.87064676616907	123.25373134328352
970	1	2	10.02	10.050000000000004
970	2	2	9.858585858585856	55.14141414141413
970	3	2	9.879999999999997	99.87999999999998
970	4	2	10.309278350515465	145.2164948453608
970	5	2	10.000000000000002	189.73999999999995
970	6	2	54.849999999999994	9.999999999999998
970	7	2	55.30927835051546	54.78350515463916
970	8	2	54.85858585858585	99.85858585858585
970	9	2	54.71428571428571	145.74725274725276
970	10	2	55.14141414141414	190.14141414141415
970	11	2	100.06	9.850000000000001
970	12	2	100.12	55.12000000000001
970	13	2	99.97000000000003	99.60999999999999
970	14	2	99.50000000000001	144.99999999999991
970	15	2	100.06	190.10000000000002
970	16	2	144.93999999999997	9.85
970	17	2	145.09574468085103	55.41489361702127
970	18	2	144.92000000000004	100.28
970	19	2	145.1199999999999	144.76
970	20	2	144.72916666666669	189.72916666666663
970	21	2	190.17999999999992	10.11
970	22	2	189.74	55.140000000000015
970	23	2	189.64	100.20999999999998
970	24	2	189.69072164948446	145.21649484536076
970	25	2	189.99999999999994	189.73999999999995
970	26	1	156.48499999999999	196.685
970	27	1	64.66999999999994	137.43499999999992
970	28	1	152.14999999999998	30.34499999999998
970	29	1	164.36000000000004	183.41499999999994
970	30	1	137.69651741293518	178.66666666666657
970	31	1	141.13999999999993	36.75499999999999
970	32	1	138.13930348258697	166.3333333333334
970	33	1	40.595	110.82500000000002
970	34	1	13.500000000000002	36.28999999999999
970	35	1	127.23500000000003	12.474999999999996
970	36	1	5.1899999999999995	23.430000000000003
970	37	1	177.10499999999996	177.66000000000017
970	38	1	168.57999999999996	31.234999999999992
970	39	1	61.44000000000002	62.62
970	40	1	82.3467336683417	110.72864321608037
970	41	1	55.429999999999986	114.35
970	42	1	73.65500000000002	133.41500000000013
970	43	1	112.46766169154226	61.54228855721395
970	44	1	44.47500000000002	60.389999999999986
970	45	1	112.18999999999997	171.64
970	46	1	164.7079207920792	167.6039603960396
970	47	1	169.47	124.18500000000002
970	48	1	25.180000000000003	32.17499999999999
970	49	1	159.68499999999997	13.564999999999992
970	50	1	190.86499999999998	123.38499999999998
970	51	1	68.65499999999994	119.88499999999999
970	52	1	35.71144278606966	187.51243781094533
970	53	1	22.044999999999995	64.33999999999997
970	54	1	86.43718592964825	121.81407035175884
970	55	1	114.90499999999996	153.80000000000013
970	56	1	153.85572139303474	122.83582089552236
970	57	1	122.63999999999997	160.27999999999997
970	58	1	124.06999999999994	23.16499999999999
970	59	1	168.49999999999997	23.724999999999994
970	60	1	179.6849999999999	131.39499999999995
970	61	1	167.21500000000012	48.83999999999997
970	62	1	70.435	106.44000000000005
970	63	1	39.975000000000016	167.09
970	64	1	72.8358208955224	51.63681592039802
970	65	1	96.57213930348263	41.14925373134326
970	66	1	138.47236180904525	23.502512562814076
970	67	1	173.40000000000012	10.019999999999994
970	68	1	169.03980099502482	196.8805970149254
970	69	1	156.35000000000002	46.21500000000003
970	70	1	34.27500000000002	62.48500000000002
970	71	1	49.105	124.35500000000002
970	72	1	153.16499999999996	174.28999999999996
970	73	1	27.53499999999999	47.75000000000001
970	74	1	125.51243781094534	175.23383084577102
970	75	1	138.3	123.19000000000003
980	1	2	10.02	10.050000000000004
980	2	2	9.858585858585856	55.14141414141413
980	3	2	9.879999999999997	99.87999999999998
980	4	2	10.309278350515465	145.2164948453608
980	5	2	10.000000000000002	189.73999999999995
980	6	2	54.849999999999994	9.999999999999998
980	7	2	55.30927835051546	54.78350515463916
980	8	2	54.85858585858585	99.85858585858585
980	9	2	54.71428571428571	145.74725274725276
980	10	2	55.14141414141414	190.14141414141415
980	11	2	100.06	9.850000000000001
980	12	2	100.12	55.12000000000001
980	13	2	99.97000000000003	99.60999999999999
980	14	2	99.50000000000001	144.99999999999991
980	15	2	100.06	190.10000000000002
980	16	2	144.93999999999997	9.85
980	17	2	145.09574468085103	55.41489361702127
980	18	2	144.92000000000004	100.28
980	19	2	145.1199999999999	144.76
980	20	2	144.72916666666669	189.72916666666663
980	21	2	190.17999999999992	10.11
980	22	2	189.74	55.140000000000015
980	23	2	189.64	100.20999999999998
980	24	2	189.69072164948446	145.21649484536076
980	25	2	189.99999999999994	189.73999999999995
980	26	1	156.56716417910454	196.66169154228857
980	27	1	64.64500000000001	137.33500000000004
980	28	1	152.22000000000003	30.334999999999994
980	29	1	164.32	183.33499999999987
980	30	1	137.59499999999989	178.24999999999997
980	31	1	141.17499999999995	36.625000000000014
980	32	1	138.13999999999996	166.19499999999996
980	33	1	40.65174129353235	110.66169154228858
980	34	1	13.479999999999999	36.29999999999997
980	35	1	127.34499999999997	12.199999999999994
980	36	1	5.467336683417084	23.517587939698497
980	37	1	177.16499999999996	177.18000000000004
980	38	1	168.62499999999997	31.31
980	39	1	61.44000000000001	62.84499999999999
980	40	1	82.16000000000004	110.995
980	41	1	55.40000000000001	114.44500000000001
980	42	1	73.56999999999995	133.35499999999993
980	43	1	113.57920792079207	60.029702970296995
980	44	1	44.38693467336683	60.160804020100485
980	45	1	112.03015075376878	171.0351758793968
980	46	1	165.32000000000005	168.07499999999996
980	47	1	169.61000000000007	123.94500000000004
980	48	1	25.169154228855728	32.0547263681592
980	49	1	159.675	13.715000000000003
980	50	1	191.715	123.04499999999997
980	51	1	69.11000000000006	120.18999999999996
980	52	1	35.16000000000001	189.27999999999994
980	53	1	22.383084577114438	64.23880597014926
980	54	1	87.17587939698488	122.11557788944728
980	55	1	114.77499999999999	153.615
980	56	1	154.02487562189054	123.5522388059701
980	57	1	122.775	160.16500000000008
980	58	1	124.10050251256283	23.34673366834171
980	59	1	168.49999999999997	23.724999999999994
980	60	1	179.845	131.0849999999999
980	61	1	167.33	48.87999999999998
980	62	1	70.44999999999999	106.59500000000003
980	63	1	39.91	167.16000000000008
980	64	1	73.265	52.39000000000002
980	65	1	94.80099502487565	41.18407960199004
980	66	1	138.32999999999996	23.329999999999995
980	67	1	173.32	9.690000000000003
980	68	1	169.20499999999993	196.78999999999996
980	69	1	156.34999999999994	45.99500000000003
980	70	1	34.33333333333334	62.517412935323385
980	71	1	49.109452736318424	124.28358208955224
980	72	1	153.08500000000006	174.4900000000001
980	73	1	27.582914572864325	47.67839195979901
980	74	1	125.03999999999996	175.43000000000006
980	75	1	138.37999999999985	123.17999999999999
990	1	2	10.02	10.050000000000004
990	2	2	9.858585858585856	55.14141414141413
990	3	2	9.879999999999997	99.87999999999998
990	4	2	10.309278350515465	145.2164948453608
990	5	2	10.000000000000002	189.73999999999995
990	6	2	54.849999999999994	9.999999999999998
990	7	2	55.30927835051546	54.78350515463916
990	8	2	54.85858585858585	99.85858585858585
990	9	2	54.71428571428571	145.74725274725276
990	10	2	55.14141414141414	190.14141414141415
990	11	2	100.06	9.850000000000001
990	12	2	100.12	55.12000000000001
990	13	2	99.97000000000003	99.60999999999999
990	14	2	99.50000000000001	144.99999999999991
990	15	2	100.06	190.10000000000002
990	16	2	144.93999999999997	9.85
990	17	2	145.09574468085103	55.41489361702127
990	18	2	144.92000000000004	100.28
990	19	2	145.1199999999999	144.76
990	20	2	144.72916666666669	189.72916666666663
990	21	2	190.17999999999992	10.11
990	22	2	189.74	55.140000000000015
990	23	2	189.64	100.20999999999998
990	24	2	189.69072164948446	145.21649484536076
990	25	2	189.99999999999994	189.73999999999995
990	26	1	156.63500000000005	196.6100000000001
990	27	1	64.61500000000002	137.14000000000001
990	28	1	152.17500000000015	30.39500000000001
990	29	1	164.1206030150753	183.1909547738695
990	30	1	137.51499999999996	178.41500000000008
990	31	1	140.99000000000004	36.59500000000002
990	32	1	138.37000000000012	166.3850000000001
990	33	1	40.99499999999998	110.34999999999998
990	34	1	13.57213930348259	36.35323383084581
990	35	1	127.33499999999997	12.359999999999994
990	36	1	5.710000000000002	23.610000000000003
990	37	1	177.39999999999998	176.71499999999995
990	38	1	168.57	30.98500000000001
990	39	1	61.305	63.169999999999995
990	40	1	81.88500000000002	111.10499999999999
990	41	1	55.519999999999996	114.74999999999993
990	42	1	73.85499999999999	133.71999999999994
990	43	1	115.21499999999997	58.270000000000024
990	44	1	44.36999999999999	60.23999999999999
990	45	1	112.16000000000001	170.49000000000012
990	46	1	166.03980099502488	168.1094527363184
990	47	1	169.66500000000002	123.95999999999998
990	48	1	24.92	32.05
990	49	1	159.7749999999998	13.594999999999999
990	50	1	192.41	122.69500000000001
990	51	1	69.38999999999994	120.40499999999996
990	52	1	34.640000000000015	189.725
990	53	1	22.294999999999995	64.21000000000001
990	54	1	87.75500000000004	121.81499999999998
990	55	1	114.97999999999996	153.48499999999999
990	56	1	154.08040201005028	124.05527638190955
990	57	1	122.97000000000004	160.34500000000003
990	58	1	124.17500000000004	23.549999999999994
990	59	1	168.49999999999997	23.724999999999994
990	60	1	180.365	130.90499999999992
990	61	1	167.16417910447765	48.820895522388035
990	62	1	70.18499999999996	106.55499999999998
990	63	1	40.03500000000001	167.49500000000003
990	64	1	72.93034825870646	52.20895522388063
990	65	1	92.08000000000001	41.37
990	66	1	138.75000000000006	23.08000000000001
990	67	1	173.36499999999995	9.685000000000011
990	68	1	169.40499999999992	196.12
990	69	1	156.415	45.64000000000004
990	70	1	34.36	62.70000000000002
990	71	1	49.074999999999996	124.09499999999994
990	72	1	153.10500000000002	174.50500000000005
990	73	1	27.65000000000001	48.02000000000002
990	74	1	124.52999999999999	176.07999999999996
990	75	1	138.44999999999987	123.31999999999992
1000	1	2	10.02	10.050000000000004
1000	2	2	9.858585858585856	55.14141414141413
1000	3	2	9.879999999999997	99.87999999999998
1000	4	2	10.309278350515465	145.2164948453608
1000	5	2	10.000000000000002	189.73999999999995
1000	6	2	54.849999999999994	9.999999999999998
1000	7	2	55.30927835051546	54.78350515463916
1000	8	2	54.85858585858585	99.85858585858585
1000	9	2	54.71428571428571	145.74725274725276
1000	10	2	55.14141414141414	190.14141414141415
1000	11	2	100.06	9.850000000000001
1000	12	2	100.12	55.12000000000001
1000	13	2	99.97000000000003	99.60999999999999
1000	14	2	99.50000000000001	144.99999999999991
1000	15	2	100.06	190.10000000000002
1000	16	2	144.93999999999997	9.85
1000	17	2	145.09574468085103	55.41489361702127
1000	18	2	144.92000000000004	100.28
1000	19	2	145.1199999999999	144.76
1000	20	2	144.72916666666669	189.72916666666663
1000	21	2	190.17999999999992	10.11
1000	22	2	189.74	55.140000000000015
1000	23	2	189.64	100.20999999999998
1000	24	2	189.69072164948446	145.21649484536076
1000	25	2	189.99999999999994	189.73999999999995
1000	26	1	156.5750000000001	196.73
1000	27	1	64.56499999999998	136.8549999999999
1000	28	1	152.50500000000005	30.625000000000004
1000	29	1	164.07000000000002	183.44999999999996
1000	30	1	137.15422885572153	178.6915422885572
1000	31	1	140.49748743718595	36.28140703517592
1000	32	1	138.22499999999997	166.46500000000012
1000	33	1	41.41500000000002	110.12999999999995
1000	34	1	13.75	36.625000000000014
1000	35	1	127.21105527638188	12.733668341708546
1000	36	1	5.809045226130654	24.040201005025114
1000	37	1	177.60999999999999	176.32999999999993
1000	38	1	168.67	30.830000000000002
1000	39	1	61.29648241206031	63.88442211055274
1000	40	1	82.21999999999998	111.16500000000006
1000	41	1	55.69999999999999	114.99000000000002
1000	42	1	74.16500000000002	133.52499999999995
1000	43	1	115.55	56.74
1000	44	1	44.20999999999999	60.11499999999999
1000	45	1	112.07000000000002	170.35000000000014
1000	46	1	166.36500000000015	168.36000000000004
1000	47	1	169.37499999999986	123.76
1000	48	1	24.685	32.09500000000001
1000	49	1	159.56500000000003	13.524999999999997
1000	50	1	192.29000000000002	122.50000000000003
1000	51	1	69.42999999999994	120.33500000000001
1000	52	1	33.746268656716424	190.5223880597016
1000	53	1	22.170000000000005	63.965
1000	54	1	88.67500000000004	121.04000000000003
1000	55	1	115.205	153.61500000000004
1000	56	1	154.03500000000003	124.27500000000005
1000	57	1	123.00999999999999	160.52
1000	58	1	124.10000000000004	24.029999999999994
1000	59	1	168.51256281407044	23.73869346733668
1000	60	1	180.185	130.63500000000005
1000	61	1	166.21499999999997	49.565000000000005
1000	62	1	69.95500000000001	106.87500000000001
1000	63	1	39.97	167.73999999999998
1000	64	1	72.49499999999995	52.33
1000	65	1	91.03499999999995	41.49999999999999
1000	66	1	139.35500000000013	22.864999999999995
1000	67	1	173.2799999999999	9.899999999999997
1000	68	1	169.4649999999999	196.04499999999996
1000	69	1	156.67500000000007	45.449999999999974
1000	70	1	34.27999999999998	62.799999999999976
1000	71	1	48.89500000000002	124.11499999999995
1000	72	1	153.245	174.71499999999992
1000	73	1	27.70999999999999	47.90000000000001
1000	74	1	123.99999999999996	176.51000000000005
1000	75	1	138.165	122.89499999999998
1010	1	2	10.02	10.050000000000004
1010	2	2	9.858585858585856	55.14141414141413
1010	3	2	9.879999999999997	99.87999999999998
1010	4	2	10.309278350515465	145.2164948453608
1010	5	2	10.000000000000002	189.73999999999995
1010	6	2	54.849999999999994	9.999999999999998
1010	7	2	55.30927835051546	54.78350515463916
1010	8	2	54.85858585858585	99.85858585858585
1010	9	2	54.71428571428571	145.74725274725276
1010	10	2	55.14141414141414	190.14141414141415
1010	11	2	100.06	9.850000000000001
1010	12	2	100.12	55.12000000000001
1010	13	2	99.97000000000003	99.60999999999999
1010	14	2	99.50000000000001	144.99999999999991
1010	15	2	100.06	190.10000000000002
1010	16	2	144.93999999999997	9.85
1010	17	2	145.09574468085103	55.41489361702127
1010	18	2	144.92000000000004	100.28
1010	19	2	145.1199999999999	144.76
1010	20	2	144.72916666666669	189.72916666666663
1010	21	2	190.17999999999992	10.11
1010	22	2	189.74	55.140000000000015
1010	23	2	189.64	100.20999999999998
1010	24	2	189.69072164948446	145.21649484536076
1010	25	2	189.99999999999994	189.73999999999995
1010	26	1	156.66000000000005	196.55499999999998
1010	27	1	64.50000000000006	136.7749999999999
1010	28	1	152.725	31.065
1010	29	1	164.18500000000003	183.26999999999998
1010	30	1	135.7810945273631	179.56716417910442
1010	31	1	140.04499999999993	36.120000000000026
1010	32	1	138.47	167.27000000000007
1010	33	1	41.69000000000002	110.26
1010	34	1	14.025000000000004	36.94000000000003
1010	35	1	127.55499999999999	13.359999999999998
1010	36	1	5.904999999999999	24.509999999999998
1010	37	1	177.7000000000001	176.01
1010	38	1	168.80499999999998	30.919999999999998
1010	39	1	61.28643216080403	64.15075376884421
1010	40	1	82.09	111.44000000000004
1010	41	1	56.07499999999998	115.37499999999999
1010	42	1	74.33499999999997	133.5150000000001
1010	43	1	115.28855721393035	55.37313432835818
1010	44	1	44.28000000000004	60.25000000000001
1010	45	1	111.29000000000002	170.17000000000004
1010	46	1	166.13000000000002	168.35999999999993
1010	47	1	169.56999999999996	123.63499999999999
1010	48	1	24.5	31.655000000000012
1010	49	1	159.42999999999992	13.405000000000003
1010	50	1	192.205	122.76000000000003
1010	51	1	69.35	120.38500000000005
1010	52	1	33.28	191.51499999999996
1010	53	1	22.482412060301492	63.477386934673376
1010	54	1	89.38999999999999	120.59000000000006
1010	55	1	115.335	154.07999999999998
1010	56	1	154.2299999999999	124.27999999999997
1010	57	1	123.55276381909546	160.77889447236169
1010	58	1	123.99000000000005	23.964999999999996
1010	59	1	168.49999999999997	23.724999999999994
1010	60	1	179.9249999999999	130.6599999999999
1010	61	1	165.43499999999986	50.38999999999998
1010	62	1	70.035	106.88499999999999
1010	63	1	39.85999999999998	168.41
1010	64	1	72.135	52.44499999999999
1010	65	1	89.83919597989951	41.02010050251258
1010	66	1	140.6800000000001	22.845000000000002
1010	67	1	173.095	10.185000000000004
1010	68	1	169.47500000000008	195.975
1010	69	1	156.91	45.53500000000002
1010	70	1	34.15500000000001	63.09000000000001
1010	71	1	48.49499999999998	124.07500000000002
1010	72	1	152.98499999999996	174.92000000000002
1010	73	1	27.52000000000001	47.62000000000001
1010	74	1	123.66000000000004	176.5450000000001
1010	75	1	137.40298507462688	122.43781094527367
1020	1	2	10.02	10.050000000000004
1020	2	2	9.858585858585856	55.14141414141413
1020	3	2	9.879999999999997	99.87999999999998
1020	4	2	10.309278350515465	145.2164948453608
1020	5	2	10.000000000000002	189.73999999999995
1020	6	2	54.849999999999994	9.999999999999998
1020	7	2	55.30927835051546	54.78350515463916
1020	8	2	54.85858585858585	99.85858585858585
1020	9	2	54.71428571428571	145.74725274725276
1020	10	2	55.14141414141414	190.14141414141415
1020	11	2	100.06	9.850000000000001
1020	12	2	100.12	55.12000000000001
1020	13	2	99.97000000000003	99.60999999999999
1020	14	2	99.50000000000001	144.99999999999991
1020	15	2	100.06	190.10000000000002
1020	16	2	144.93999999999997	9.85
1020	17	2	145.09574468085103	55.41489361702127
1020	18	2	144.92000000000004	100.28
1020	19	2	145.1199999999999	144.76
1020	20	2	144.72916666666669	189.72916666666663
1020	21	2	190.17999999999992	10.11
1020	22	2	189.74	55.140000000000015
1020	23	2	189.64	100.20999999999998
1020	24	2	189.69072164948446	145.21649484536076
1020	25	2	189.99999999999994	189.73999999999995
1020	26	1	156.66000000000008	196.60999999999999
1020	27	1	64.53	136.54000000000005
1020	28	1	152.70646766169153	31.40298507462687
1020	29	1	164.06000000000003	183.23500000000013
1020	30	1	134.85572139303477	180.11940298507463
1020	31	1	139.57999999999998	35.71999999999999
1020	32	1	138.71859296482404	167.52261306532668
1020	33	1	42.015000000000015	110.505
1020	34	1	14.575000000000001	37.359999999999985
1020	35	1	127.9502487562189	13.726368159203975
1020	36	1	5.646766169154233	25.398009950248767
1020	37	1	177.34	176.37500000000003
1020	38	1	168.6666666666666	30.995024875621887
1020	39	1	61.12060301507539	64.31155778894473
1020	40	1	82.065	111.305
1020	41	1	56.28500000000001	115.575
1020	42	1	74.58499999999998	133.45499999999996
1020	43	1	114.1831683168317	53.975247524752454
1020	44	1	44.13000000000004	60.17499999999997
1020	45	1	111.09	170.25999999999996
1020	46	1	165.7688442211055	168.4170854271357
1020	47	1	169.54500000000002	123.74999999999991
1020	48	1	23.965000000000003	31.135
1020	49	1	159.33000000000004	13.304999999999998
1020	50	1	191.88	122.61999999999998
1020	51	1	69.58291457286433	120.41708542713566
1020	52	1	33.01000000000001	191.94
1020	53	1	22.89	63.299999999999976
1020	54	1	89.96499999999996	120.17500000000005
1020	55	1	115.08999999999997	154.20999999999998
1020	56	1	154.51	124.02499999999998
1020	57	1	123.53000000000006	161.00499999999997
1020	58	1	123.47500000000005	23.885
1020	59	1	168.44221105527635	23.70351758793969
1020	60	1	180.1	130.58000000000004
1020	61	1	164.4350000000001	51.470000000000006
1020	62	1	69.61999999999998	106.885
1020	63	1	39.61000000000004	168.68500000000012
1020	64	1	72.07000000000001	52.60000000000001
1020	65	1	89.73	39.88500000000001
1020	66	1	141.615	22.820000000000004
1020	67	1	173.05499999999998	10.265000000000002
1020	68	1	169.47500000000002	195.935
1020	69	1	156.97	45.43999999999998
1020	70	1	34.388059701492544	63.91044776119401
1020	71	1	48.29499999999999	124.18999999999997
1020	72	1	152.40500000000003	175.36999999999998
1020	73	1	27.64500000000001	47.675
1020	74	1	123.87437185929652	176.2914572864322
1020	75	1	137.325	122.21999999999994
1030	1	2	10.02	10.050000000000004
1030	2	2	9.858585858585856	55.14141414141413
1030	3	2	9.879999999999997	99.87999999999998
1030	4	2	10.309278350515465	145.2164948453608
1030	5	2	10.000000000000002	189.73999999999995
1030	6	2	54.849999999999994	9.999999999999998
1030	7	2	55.30927835051546	54.78350515463916
1030	8	2	54.85858585858585	99.85858585858585
1030	9	2	54.71428571428571	145.74725274725276
1030	10	2	55.14141414141414	190.14141414141415
1030	11	2	100.06	9.850000000000001
1030	12	2	100.12	55.12000000000001
1030	13	2	99.97000000000003	99.60999999999999
1030	14	2	99.50000000000001	144.99999999999991
1030	15	2	100.06	190.10000000000002
1030	16	2	144.93999999999997	9.85
1030	17	2	145.09574468085103	55.41489361702127
1030	18	2	144.92000000000004	100.28
1030	19	2	145.1199999999999	144.76
1030	20	2	144.72916666666669	189.72916666666663
1030	21	2	190.17999999999992	10.11
1030	22	2	189.74	55.140000000000015
1030	23	2	189.64	100.20999999999998
1030	24	2	189.69072164948446	145.21649484536076
1030	25	2	189.99999999999994	189.73999999999995
1030	26	1	156.66834170854267	196.49748743718592
1030	27	1	64.62999999999998	136.7899999999999
1030	28	1	152.8799999999999	31.360000000000003
1030	29	1	163.92000000000002	183.34000000000003
1030	30	1	134.23000000000005	180.78000000000011
1030	31	1	139.49751243781108	35.19900497512438
1030	32	1	138.88000000000002	167.87000000000003
1030	33	1	42.621890547263675	110.53233830845768
1030	34	1	15.345000000000002	38.19500000000001
1030	35	1	128.43499999999995	14.110000000000007
1030	36	1	5.789999999999999	26.095
1030	37	1	177.295	176.30000000000004
1030	38	1	168.76000000000008	30.915000000000006
1030	39	1	60.88944723618091	64.57286432160805
1030	40	1	82.05499999999996	111.315
1030	41	1	56.61499999999998	115.685
1030	42	1	75.00497512437815	133.16417910447754
1030	43	1	113.19402985074632	52.77611940298511
1030	44	1	44.07000000000001	60.105000000000004
1030	45	1	111.08	170.10499999999993
1030	46	1	165.705	168.69500000000002
1030	47	1	169.61809045226133	123.48241206030153
1030	48	1	23.39999999999998	30.370000000000005
1030	49	1	159.35500000000002	13.270000000000005
1030	50	1	191.835	122.4600000000001
1030	51	1	69.51500000000006	120.53000000000002
1030	52	1	32.85999999999999	192.195
1030	53	1	22.78109452736318	63.04477611940299
1030	54	1	90.46	120.00500000000002
1030	55	1	115.0000000000001	154.32000000000005
1030	56	1	155.4699999999999	124.53999999999998
1030	57	1	123.615	161.14000000000013
1030	58	1	123.14572864321612	24.351758793969854
1030	59	1	168.51256281407044	23.713567839195996
1030	60	1	180.715	130.37499999999997
1030	61	1	163.9701492537314	52.15920398009952
1030	62	1	69.54499999999994	106.75000000000003
1030	63	1	39.76500000000001	168.90500000000003
1030	64	1	71.85074626865674	52.61691542288559
1030	65	1	90.089552238806	38.398009950248785
1030	66	1	142.33500000000004	22.805
1030	67	1	173.1050000000001	10.21
1030	68	1	169.52238805970148	195.9402985074627
1030	69	1	157.11500000000015	45.345
1030	70	1	34.395	64.39999999999998
1030	71	1	48.39999999999999	124.24999999999991
1030	72	1	151.76999999999992	175.96
1030	73	1	27.860000000000007	47.34500000000001
1030	74	1	123.8756218905473	176.25373134328368
1030	75	1	137.18499999999995	121.90999999999997
1040	1	2	10.02	10.050000000000004
1040	2	2	9.858585858585856	55.14141414141413
1040	3	2	9.879999999999997	99.87999999999998
1040	4	2	10.309278350515465	145.2164948453608
1040	5	2	10.000000000000002	189.73999999999995
1040	6	2	54.849999999999994	9.999999999999998
1040	7	2	55.30927835051546	54.78350515463916
1040	8	2	54.85858585858585	99.85858585858585
1040	9	2	54.71428571428571	145.74725274725276
1040	10	2	55.14141414141414	190.14141414141415
1040	11	2	100.06	9.850000000000001
1040	12	2	100.12	55.12000000000001
1040	13	2	99.97000000000003	99.60999999999999
1040	14	2	99.50000000000001	144.99999999999991
1040	15	2	100.06	190.10000000000002
1040	16	2	144.93999999999997	9.85
1040	17	2	145.09574468085103	55.41489361702127
1040	18	2	144.92000000000004	100.28
1040	19	2	145.1199999999999	144.76
1040	20	2	144.72916666666669	189.72916666666663
1040	21	2	190.17999999999992	10.11
1040	22	2	189.74	55.140000000000015
1040	23	2	189.64	100.20999999999998
1040	24	2	189.69072164948446	145.21649484536076
1040	25	2	189.99999999999994	189.73999999999995
1040	26	1	156.58499999999998	196.245
1040	27	1	64.59999999999997	136.87999999999997
1040	28	1	152.83499999999995	31.600000000000005
1040	29	1	163.78	183.27999999999997
1040	30	1	133.97487437185933	180.71859296482418
1040	31	1	139.25499999999994	34.82999999999997
1040	32	1	139.15999999999988	167.83
1040	33	1	42.89999999999999	110.53
1040	34	1	15.900000000000002	38.93
1040	35	1	129.17000000000007	14.600000000000001
1040	36	1	5.875	26.36000000000001
1040	37	1	176.99999999999997	176.69346733668343
1040	38	1	168.615	31.145000000000007
1040	39	1	60.700000000000024	64.755
1040	40	1	81.86500000000002	111.35499999999998
1040	41	1	56.70500000000002	115.61500000000007
1040	42	1	74.85999999999997	133.15
1040	43	1	111.58415841584161	51.940594059405925
1040	44	1	43.628140703517595	59.64824120603017
1040	45	1	110.975	170.10499999999993
1040	46	1	165.865	168.60000000000005
1040	47	1	169.30500000000004	123.08500000000002
1040	48	1	22.83084577114428	29.975124378109445
1040	49	1	159.54500000000002	13.080000000000004
1040	50	1	191.565	121.84
1040	51	1	69.42499999999998	120.64499999999998
1040	52	1	32.949999999999996	191.96
1040	53	1	22.755000000000013	62.38
1040	54	1	90.57000000000001	119.93499999999999
1040	55	1	114.89	154.38000000000014
1040	56	1	155.98499999999999	125.26000000000005
1040	57	1	123.60000000000001	161.12000000000006
1040	58	1	122.24000000000008	24.655000000000005
1040	59	1	168.4572864321608	23.703517587939697
1040	60	1	180.6249999999999	130.20999999999998
1040	61	1	163.35499999999988	52.680000000000014
1040	62	1	69.795	106.51999999999997
1040	63	1	39.835	168.89500000000004
1040	64	1	71.61500000000001	52.71000000000003
1040	65	1	90.99000000000004	37.07
1040	66	1	142.77500000000003	22.799999999999994
1040	67	1	173.04000000000008	10.350000000000001
1040	68	1	169.62499999999991	195.85
1040	69	1	156.95499999999996	45.45
1040	70	1	34.08999999999998	65.16000000000001
1040	71	1	48.154999999999994	124.225
1040	72	1	151.28999999999985	176.59000000000003
1040	73	1	27.98507462686568	47.004975124378106
1040	74	1	123.77	176.04500000000002
1040	75	1	137.425	122.02000000000002
1050	1	2	10.02	10.050000000000004
1050	2	2	9.858585858585856	55.14141414141413
1050	3	2	9.879999999999997	99.87999999999998
1050	4	2	10.309278350515465	145.2164948453608
1050	5	2	10.000000000000002	189.73999999999995
1050	6	2	54.849999999999994	9.999999999999998
1050	7	2	55.30927835051546	54.78350515463916
1050	8	2	54.85858585858585	99.85858585858585
1050	9	2	54.71428571428571	145.74725274725276
1050	10	2	55.14141414141414	190.14141414141415
1050	11	2	100.06	9.850000000000001
1050	12	2	100.12	55.12000000000001
1050	13	2	99.97000000000003	99.60999999999999
1050	14	2	99.50000000000001	144.99999999999991
1050	15	2	100.06	190.10000000000002
1050	16	2	144.93999999999997	9.85
1050	17	2	145.09574468085103	55.41489361702127
1050	18	2	144.92000000000004	100.28
1050	19	2	145.1199999999999	144.76
1050	20	2	144.72916666666669	189.72916666666663
1050	21	2	190.17999999999992	10.11
1050	22	2	189.74	55.140000000000015
1050	23	2	189.64	100.20999999999998
1050	24	2	189.69072164948446	145.21649484536076
1050	25	2	189.99999999999994	189.73999999999995
1050	26	1	156.6950000000001	196.16
1050	27	1	64.78	137.0149999999999
1050	28	1	152.9296482412061	31.83417085427136
1050	29	1	163.8950000000001	183.28
1050	30	1	133.8350000000001	180.51999999999987
1050	31	1	139.2039800995025	34.87064676616915
1050	32	1	139.17499999999993	167.75
1050	33	1	42.889447236180885	110.62814070351759
1050	34	1	16.210000000000008	39.269999999999996
1050	35	1	129.65999999999994	14.78
1050	36	1	6.110000000000001	26.51499999999999
1050	37	1	176.83999999999995	176.56
1050	38	1	168.78000000000006	30.949999999999992
1050	39	1	60.574999999999974	64.91499999999996
1050	40	1	81.77499999999995	111.72500000000001
1050	41	1	56.76000000000001	115.64999999999996
1050	42	1	74.95499999999993	132.93000000000004
1050	43	1	110.44776119402991	51.462686567164184
1050	44	1	43.13	59.44500000000003
1050	45	1	110.74000000000001	170.11999999999986
1050	46	1	166.16500000000002	168.535
1050	47	1	168.6318407960199	122.9502487562189
1050	48	1	22.820000000000004	29.804999999999996
1050	49	1	159.36999999999986	13.164999999999997
1050	50	1	191.885	121.06000000000006
1050	51	1	69.40000000000002	120.74499999999996
1050	52	1	33.03000000000001	191.63
1050	53	1	22.890000000000008	62.23
1050	54	1	90.69500000000001	120.07499999999999
1050	55	1	115.00999999999999	154.31000000000003
1050	56	1	156.66	126.21999999999993
1050	57	1	123.62	161.175
1050	58	1	121.26499999999997	25.04
1050	59	1	168.49999999999997	23.724999999999994
1050	60	1	180.68341708542712	130.1457286432161
1050	61	1	162.86999999999992	52.980000000000004
1050	62	1	69.83999999999999	106.31999999999998
1050	63	1	39.93000000000001	168.77999999999997
1050	64	1	71.425	52.90000000000001
1050	65	1	92.81592039800998	35.741293532338325
1050	66	1	142.79499999999996	23.034999999999986
1050	67	1	173.01507537688437	10.331658291457284
1050	68	1	169.53768844221105	196.0753768844221
1050	69	1	156.96499999999983	45.300000000000026
1050	70	1	33.925	65.83499999999991
1050	71	1	48.17000000000003	124.3000000000001
1050	72	1	151.07000000000008	176.685
1050	73	1	28.105000000000004	46.92
1050	74	1	123.55999999999999	176.14499999999998
1050	75	1	137.75	121.795
1060	1	2	10.02	10.050000000000004
1060	2	2	9.858585858585856	55.14141414141413
1060	3	2	9.879999999999997	99.87999999999998
1060	4	2	10.309278350515465	145.2164948453608
1060	5	2	10.000000000000002	189.73999999999995
1060	6	2	54.849999999999994	9.999999999999998
1060	7	2	55.30927835051546	54.78350515463916
1060	8	2	54.85858585858585	99.85858585858585
1060	9	2	54.71428571428571	145.74725274725276
1060	10	2	55.14141414141414	190.14141414141415
1060	11	2	100.06	9.850000000000001
1060	12	2	100.12	55.12000000000001
1060	13	2	99.97000000000003	99.60999999999999
1060	14	2	99.50000000000001	144.99999999999991
1060	15	2	100.06	190.10000000000002
1060	16	2	144.93999999999997	9.85
1060	17	2	145.09574468085103	55.41489361702127
1060	18	2	144.92000000000004	100.28
1060	19	2	145.1199999999999	144.76
1060	20	2	144.72916666666669	189.72916666666663
1060	21	2	190.17999999999992	10.11
1060	22	2	189.74	55.140000000000015
1060	23	2	189.64	100.20999999999998
1060	24	2	189.69072164948446	145.21649484536076
1060	25	2	189.99999999999994	189.73999999999995
1060	26	1	156.645	196.105
1060	27	1	64.75499999999998	136.855
1060	28	1	153.06999999999996	31.535000000000007
1060	29	1	163.67000000000002	183.41999999999993
1060	30	1	133.8492462311559	180.58793969849245
1060	31	1	139.0749999999999	34.655000000000015
1060	32	1	138.96500000000006	167.56
1060	33	1	42.954999999999984	110.83500000000004
1060	34	1	16.220000000000002	39.400000000000006
1060	35	1	129.92500000000007	14.819999999999999
1060	36	1	6.324999999999999	26.544999999999984
1060	37	1	176.9149999999999	176.19500000000002
1060	38	1	168.83500000000004	30.999999999999986
1060	39	1	60.59500000000003	65.20499999999998
1060	40	1	81.29999999999997	111.70499999999997
1060	41	1	56.81	115.69500000000001
1060	42	1	75.00999999999995	133.32500000000002
1060	43	1	109.375	50.57499999999998
1060	44	1	42.95499999999999	59.15499999999999
1060	45	1	110.90500000000002	170.2599999999999
1060	46	1	166.41000000000014	168.63500000000008
1060	47	1	167.6766169154229	122.55223880597016
1060	48	1	23.065000000000012	29.940000000000005
1060	49	1	159.54999999999998	12.88
1060	50	1	191.89054726368173	120.55721393034827
1060	51	1	69.365	120.82999999999996
1060	52	1	33.179999999999986	191.36999999999995
1060	53	1	22.855	61.98999999999997
1060	54	1	90.29500000000003	120.20500000000003
1060	55	1	114.84999999999998	154.41499999999996
1060	56	1	157.38693467336674	127.31658291457283
1060	57	1	123.47999999999999	161.20499999999996
1060	58	1	121.21499999999996	25.025000000000013
1060	59	1	168.54773869346732	23.688442211055285
1060	60	1	180.78	130.25
1060	61	1	162.80402010050256	53.040201005025125
1060	62	1	69.74999999999997	105.9
1060	63	1	39.73631840796023	168.5223880597016
1060	64	1	71.05999999999999	53.01
1060	65	1	94.78500000000001	35.11499999999999
1060	66	1	142.86934673366824	23.110552763819097
1060	67	1	172.92	10.355000000000004
1060	68	1	169.7849999999999	195.83999999999997
1060	69	1	156.84577114427861	45.2139303482587
1060	70	1	33.73	65.84500000000001
1060	71	1	48.21500000000003	124.55499999999999
1060	72	1	150.8407960199005	176.79601990049755
1060	73	1	28.18090452261308	46.658291457286445
1060	74	1	123.75999999999998	176.265
1060	75	1	138.16915422885563	121.27363184079594
1070	1	2	10.02	10.050000000000004
1070	2	2	9.858585858585856	55.14141414141413
1070	3	2	9.879999999999997	99.87999999999998
1070	4	2	10.309278350515465	145.2164948453608
1070	5	2	10.000000000000002	189.73999999999995
1070	6	2	54.849999999999994	9.999999999999998
1070	7	2	55.30927835051546	54.78350515463916
1070	8	2	54.85858585858585	99.85858585858585
1070	9	2	54.71428571428571	145.74725274725276
1070	10	2	55.14141414141414	190.14141414141415
1070	11	2	100.06	9.850000000000001
1070	12	2	100.12	55.12000000000001
1070	13	2	99.97000000000003	99.60999999999999
1070	14	2	99.50000000000001	144.99999999999991
1070	15	2	100.06	190.10000000000002
1070	16	2	144.93999999999997	9.85
1070	17	2	145.09574468085103	55.41489361702127
1070	18	2	144.92000000000004	100.28
1070	19	2	145.1199999999999	144.76
1070	20	2	144.72916666666669	189.72916666666663
1070	21	2	190.17999999999992	10.11
1070	22	2	189.74	55.140000000000015
1070	23	2	189.64	100.20999999999998
1070	24	2	189.69072164948446	145.21649484536076
1070	25	2	189.99999999999994	189.73999999999995
1070	26	1	156.69499999999994	196.025
1070	27	1	64.43216080402011	136.5778894472362
1070	28	1	153.0099999999999	31.675
1070	29	1	163.79000000000002	183.89999999999998
1070	30	1	133.79999999999998	180.715
1070	31	1	139.1940298507462	35.049751243781074
1070	32	1	138.85999999999996	167.67999999999995
1070	33	1	42.62999999999998	110.88500000000005
1070	34	1	16.219999999999995	39.38999999999997
1070	35	1	130.26499999999996	15.075000000000001
1070	36	1	6.310000000000001	26.575000000000006
1070	37	1	176.8800000000001	176.09999999999994
1070	38	1	168.81499999999997	30.95
1070	39	1	60.39499999999998	65.24500000000003
1070	40	1	80.9798994974875	111.9748743718593
1070	41	1	56.78999999999999	115.77999999999999
1070	42	1	74.77	133.91500000000005
1070	43	1	108.66500000000003	49.84000000000001
1070	44	1	42.93499999999999	59.29999999999996
1070	45	1	111.10945273631846	170.79601990049753
1070	46	1	166.41	168.825
1070	47	1	167.5100000000002	122.61999999999999
1070	48	1	23.450000000000006	30.265000000000015
1070	49	1	159.50500000000005	13.05
1070	50	1	192.0251256281407	119.65326633165833
1070	51	1	69.31500000000004	120.915
1070	52	1	33.27499999999999	190.96500000000012
1070	53	1	23.040000000000006	62.11500000000003
1070	54	1	90.33499999999998	120.15499999999994
1070	55	1	114.835	154.45000000000002
1070	56	1	157.48000000000008	127.58999999999997
1070	57	1	123.39303482587064	161.28855721393032
1070	58	1	121.13	24.950000000000014
1070	59	1	168.51256281407044	23.73869346733668
1070	60	1	181.66500000000005	130.07500000000002
1070	61	1	163.01499999999996	52.86499999999998
1070	62	1	70.03999999999995	105.29499999999994
1070	63	1	38.90049751243783	168.820895522388
1070	64	1	70.79000000000003	53.31500000000002
1070	65	1	95.9396984924623	35.64824120603014
1070	66	1	142.97499999999994	23.044999999999995
1070	67	1	172.95500000000007	10.209999999999997
1070	68	1	170.26000000000005	196.27
1070	69	1	156.755	45.225
1070	70	1	33.6	66.12500000000004
1070	71	1	48.21500000000002	124.48000000000003
1070	72	1	150.93999999999994	176.9150000000001
1070	73	1	28.210000000000004	46.77500000000003
1070	74	1	123.83499999999992	176.35
1070	75	1	138.9699999999999	120.57000000000001
1080	1	2	10.02	10.050000000000004
1080	2	2	9.858585858585856	55.14141414141413
1080	3	2	9.879999999999997	99.87999999999998
1080	4	2	10.309278350515465	145.2164948453608
1080	5	2	10.000000000000002	189.73999999999995
1080	6	2	54.849999999999994	9.999999999999998
1080	7	2	55.30927835051546	54.78350515463916
1080	8	2	54.85858585858585	99.85858585858585
1080	9	2	54.71428571428571	145.74725274725276
1080	10	2	55.14141414141414	190.14141414141415
1080	11	2	100.06	9.850000000000001
1080	12	2	100.12	55.12000000000001
1080	13	2	99.97000000000003	99.60999999999999
1080	14	2	99.50000000000001	144.99999999999991
1080	15	2	100.06	190.10000000000002
1080	16	2	144.93999999999997	9.85
1080	17	2	145.09574468085103	55.41489361702127
1080	18	2	144.92000000000004	100.28
1080	19	2	145.1199999999999	144.76
1080	20	2	144.72916666666669	189.72916666666663
1080	21	2	190.17999999999992	10.11
1080	22	2	189.74	55.140000000000015
1080	23	2	189.64	100.20999999999998
1080	24	2	189.69072164948446	145.21649484536076
1080	25	2	189.99999999999994	189.73999999999995
1080	26	1	156.71500000000003	195.895
1080	27	1	64.06	135.88999999999996
1080	28	1	152.95000000000002	31.744999999999983
1080	29	1	164.02999999999994	183.9900000000001
1080	30	1	133.49499999999995	180.6349999999999
1080	31	1	139.25	35.12000000000002
1080	32	1	138.81499999999994	168.06000000000003
1080	33	1	40.80999999999999	110.99000000000002
1080	34	1	16.33668341708543	39.41206030150754
1080	35	1	130.42000000000007	15.225000000000005
1080	36	1	6.165000000000002	26.734999999999996
1080	37	1	176.9699999999999	176.11
1080	38	1	168.6700000000001	31.129999999999992
1080	39	1	60.449999999999996	65.285
1080	40	1	80.61499999999997	112.05000000000003
1080	41	1	56.81592039800994	115.56716417910444
1080	42	1	74.54000000000003	134.71000000000006
1080	43	1	108.525	49.76999999999998
1080	44	1	43	59.26000000000003
1080	45	1	111.61194029850745	171.72139303482584
1080	46	1	166.065	169.02
1080	47	1	167.78499999999997	122.61500000000005
1080	48	1	23.399999999999988	30.434999999999988
1080	49	1	159.31840796019918	13.000000000000002
1080	50	1	192.005	118.38500000000008
1080	51	1	70.00500000000001	121.31
1080	52	1	33.585	190.13500000000005
1080	53	1	23.253731343283583	62.09950248756221
1080	54	1	90.25500000000001	120.13499999999999
1080	55	1	114.95500000000003	154.6800000000001
1080	56	1	157.23383084577105	127.16915422885573
1080	57	1	123.44999999999997	161.475
1080	58	1	121	25.03499999999999
1080	59	1	168.49999999999997	23.724999999999994
1080	60	1	182.79000000000005	129.76500000000001
1080	61	1	162.94999999999996	53.089999999999996
1080	62	1	70.02500000000002	104.89000000000006
1080	63	1	38.26500000000001	168.455
1080	64	1	70.90500000000002	53.300000000000026
1080	65	1	97.7462686567164	35.74626865671641
1080	66	1	142.97999999999988	23.055
1080	67	1	172.905	10.370000000000001
1080	68	1	170.46499999999983	196.77
1080	69	1	156.6700000000001	45.26000000000001
1080	70	1	33.59499999999998	66.36000000000001
1080	71	1	48.14499999999997	124.02499999999998
1080	72	1	151.1200000000001	176.93499999999997
1080	73	1	28.424999999999997	46.92999999999999
1080	74	1	123.48241206030147	176.91457286432166
1080	75	1	139.37313432835822	119.66666666666667
1090	1	2	10.02	10.050000000000004
1090	2	2	9.858585858585856	55.14141414141413
1090	3	2	9.879999999999997	99.87999999999998
1090	4	2	10.309278350515465	145.2164948453608
1090	5	2	10.000000000000002	189.73999999999995
1090	6	2	54.849999999999994	9.999999999999998
1090	7	2	55.30927835051546	54.78350515463916
1090	8	2	54.85858585858585	99.85858585858585
1090	9	2	54.71428571428571	145.74725274725276
1090	10	2	55.14141414141414	190.14141414141415
1090	11	2	100.06	9.850000000000001
1090	12	2	100.12	55.12000000000001
1090	13	2	99.97000000000003	99.60999999999999
1090	14	2	99.50000000000001	144.99999999999991
1090	15	2	100.06	190.10000000000002
1090	16	2	144.93999999999997	9.85
1090	17	2	145.09574468085103	55.41489361702127
1090	18	2	144.92000000000004	100.28
1090	19	2	145.1199999999999	144.76
1090	20	2	144.72916666666669	189.72916666666663
1090	21	2	190.17999999999992	10.11
1090	22	2	189.74	55.140000000000015
1090	23	2	189.64	100.20999999999998
1090	24	2	189.69072164948446	145.21649484536076
1090	25	2	189.99999999999994	189.73999999999995
1090	26	1	156.85999999999996	196.015
1090	27	1	63.65499999999998	134.6450000000001
1090	28	1	152.85427135678393	31.512562814070353
1090	29	1	163.8799999999999	183.98500000000016
1090	30	1	133.3668341708543	180.28140703517573
1090	31	1	139.27999999999992	35.224999999999994
1090	32	1	138.7989949748743	168.13065326633156
1090	33	1	39.58500000000001	111.04499999999993
1090	34	1	16.66499999999999	39.739999999999974
1090	35	1	130.41	15.120000000000008
1090	36	1	6.370000000000001	27.21999999999999
1090	37	1	176.71999999999997	176.20000000000005
1090	38	1	168.7999999999999	31.17
1090	39	1	60.51500000000001	65.41500000000005
1090	40	1	80.485	112.13500000000003
1090	41	1	56.58291457286433	115.38190954773869
1090	42	1	74.46	135.30000000000007
1090	43	1	108.16582914572868	49.341708542713576
1090	44	1	42.934999999999974	59.16499999999997
1090	45	1	111.82500000000003	172.29499999999993
1090	46	1	166.10999999999996	169.0849999999999
1090	47	1	168.19597989949744	122.81407035175879
1090	48	1	23.09500000000001	30.275000000000002
1090	49	1	159.32999999999998	13.134999999999994
1090	50	1	191.79999999999995	117.54499999999997
1090	51	1	70.32000000000002	121.33499999999997
1090	52	1	33.89500000000002	189.50499999999985
1090	53	1	22.944999999999997	62.07499999999998
1090	54	1	90.19000000000003	120.23
1090	55	1	114.80402010050254	155.15075376884423
1090	56	1	156.91999999999993	127.12499999999999
1090	57	1	123.49	161.5249999999999
1090	58	1	121.16499999999999	25.010000000000005
1090	59	1	168.4773869346734	23.758793969849258
1090	60	1	183.82500000000005	129.55999999999997
1090	61	1	162.97000000000006	53.03500000000002
1090	62	1	70.05025125628137	104.78894472361807
1090	63	1	37.785	167.67
1090	64	1	71.04500000000003	53.209999999999965
1090	65	1	98.74999999999999	36.34499999999998
1090	66	1	142.90999999999997	23.079999999999995
1090	67	1	173.10500000000002	10.469999999999999
1090	68	1	170.42500000000004	197.035
1090	69	1	156.78999999999996	44.92
1090	70	1	33.67000000000001	66.3
1090	71	1	48.024875621890544	123.84079601990054
1090	72	1	150.89000000000004	177.04499999999996
1090	73	1	28.61	47.205
1090	74	1	123.19500000000001	177.49500000000003
1090	75	1	140.18407960198996	117.60696517412937
1100	1	2	10.02	10.050000000000004
1100	2	2	9.858585858585856	55.14141414141413
1100	3	2	9.879999999999997	99.87999999999998
1100	4	2	10.309278350515465	145.2164948453608
1100	5	2	10.000000000000002	189.73999999999995
1100	6	2	54.849999999999994	9.999999999999998
1100	7	2	55.30927835051546	54.78350515463916
1100	8	2	54.85858585858585	99.85858585858585
1100	9	2	54.71428571428571	145.74725274725276
1100	10	2	55.14141414141414	190.14141414141415
1100	11	2	100.06	9.850000000000001
1100	12	2	100.12	55.12000000000001
1100	13	2	99.97000000000003	99.60999999999999
1100	14	2	99.50000000000001	144.99999999999991
1100	15	2	100.06	190.10000000000002
1100	16	2	144.93999999999997	9.85
1100	17	2	145.09574468085103	55.41489361702127
1100	18	2	144.92000000000004	100.28
1100	19	2	145.1199999999999	144.76
1100	20	2	144.72916666666669	189.72916666666663
1100	21	2	190.17999999999992	10.11
1100	22	2	189.74	55.140000000000015
1100	23	2	189.64	100.20999999999998
1100	24	2	189.69072164948446	145.21649484536076
1100	25	2	189.99999999999994	189.73999999999995
1100	26	1	157.05999999999997	195.915
1100	27	1	63.49499999999998	134.42000000000002
1100	28	1	152.84499999999997	31.23000000000001
1100	29	1	163.85500000000002	183.90999999999997
1100	30	1	133.51500000000007	179.9399999999999
1100	31	1	139.1299999999999	35.27499999999999
1100	32	1	138.745	168.07500000000005
1100	33	1	38.27999999999999	111.07000000000004
1100	34	1	16.774999999999995	39.84500000000001
1100	35	1	130.39000000000001	15.114999999999993
1100	36	1	6.365000000000002	27.644999999999996
1100	37	1	176.58208955223878	176.42288557213928
1100	38	1	168.8300000000001	31.14
1100	39	1	60.595000000000006	65.48499999999994
1100	40	1	80.53999999999999	112.23499999999999
1100	41	1	56.08000000000001	115.29999999999998
1100	42	1	74.39303482587069	135.34328358208964
1100	43	1	108.17500000000005	49.18
1100	44	1	43.019999999999996	59.29999999999997
1100	45	1	111.84499999999998	172.52500000000006
1100	46	1	165.92000000000002	169.08500000000004
1100	47	1	168.38000000000005	123.31499999999997
1100	48	1	22.939999999999987	30.195000000000014
1100	49	1	159.32160804020097	13.080402010050248
1100	50	1	191.815	117.21499999999997
1100	51	1	70.06000000000004	121.19499999999998
1100	52	1	34.72500000000001	188.22000000000008
1100	53	1	22.689999999999984	61.49
1100	54	1	89.875	120.69999999999999
1100	55	1	114.935	155.15999999999997
1100	56	1	156.11999999999986	126.64000000000001
1100	57	1	123.40500000000002	161.57999999999993
1100	58	1	121.54	25.080000000000002
1100	59	1	168.56281407035178	23.703517587939707
1100	60	1	184.585	129.21499999999997
1100	61	1	163.075	52.91499999999998
1100	62	1	69.85500000000003	105.09
1100	63	1	36.95522388059702	166.8855721393034
1100	64	1	71.29000000000003	53.24499999999999
1100	65	1	98.90547263681594	36.79601990049754
1100	66	1	142.98	23.259999999999998
1100	67	1	173.20000000000013	10.409999999999995
1100	68	1	170.57500000000002	196.945
1100	69	1	156.70999999999998	44.755
1100	70	1	33.57788944723619	66.31155778894473
1100	71	1	47.99999999999999	123.68656716417908
1100	72	1	150.76500000000001	177.15500000000003
1100	73	1	28.685	47.274999999999984
1100	74	1	123.19499999999994	178.34999999999994
1100	75	1	141.4328358208955	116.00497512437806
1110	1	2	10.02	10.050000000000004
1110	2	2	9.858585858585856	55.14141414141413
1110	3	2	9.879999999999997	99.87999999999998
1110	4	2	10.309278350515465	145.2164948453608
1110	5	2	10.000000000000002	189.73999999999995
1110	6	2	54.849999999999994	9.999999999999998
1110	7	2	55.30927835051546	54.78350515463916
1110	8	2	54.85858585858585	99.85858585858585
1110	9	2	54.71428571428571	145.74725274725276
1110	10	2	55.14141414141414	190.14141414141415
1110	11	2	100.06	9.850000000000001
1110	12	2	100.12	55.12000000000001
1110	13	2	99.97000000000003	99.60999999999999
1110	14	2	99.50000000000001	144.99999999999991
1110	15	2	100.06	190.10000000000002
1110	16	2	144.93999999999997	9.85
1110	17	2	145.09574468085103	55.41489361702127
1110	18	2	144.92000000000004	100.28
1110	19	2	145.1199999999999	144.76
1110	20	2	144.72916666666669	189.72916666666663
1110	21	2	190.17999999999992	10.11
1110	22	2	189.74	55.140000000000015
1110	23	2	189.64	100.20999999999998
1110	24	2	189.69072164948446	145.21649484536076
1110	25	2	189.99999999999994	189.73999999999995
1110	26	1	156.94999999999996	196.04
1110	27	1	63.49499999999999	134.48499999999996
1110	28	1	152.73500000000004	31.22
1110	29	1	163.83500000000006	184.05499999999995
1110	30	1	133.71641791044775	179.70646766169156
1110	31	1	138.49751243781094	35.184079601990035
1110	32	1	138.72999999999993	168.21500000000012
1110	33	1	38.24120603015075	111.19597989949746
1110	34	1	16.580000000000002	39.78000000000003
1110	35	1	130.33000000000004	15.379999999999997
1110	36	1	6.194999999999999	27.304999999999996
1110	37	1	176.45000000000002	176.52
1110	38	1	168.76119402985069	31.119402985074622
1110	39	1	60.484999999999964	65.495
1110	40	1	80.678391959799	112.56281407035175
1110	41	1	56.120000000000005	115.23500000000007
1110	42	1	74.53	135.03499999999997
1110	43	1	108.12	49.210000000000015
1110	44	1	43.025000000000034	59.28499999999999
1110	45	1	111.745	172.46
1110	46	1	166.00500000000008	169.1400000000001
1110	47	1	168.81999999999994	123.40999999999997
1110	48	1	22.91044776119403	30.233830845771145
1110	49	1	159.17499999999984	13.15
1110	50	1	191.63500000000008	117.39999999999999
1110	51	1	70.12500000000001	121.19000000000001
1110	52	1	35.24875621890546	187.3631840796019
1110	53	1	22.479999999999986	61.155
1110	54	1	90.33499999999997	120.86499999999997
1110	55	1	114.61999999999995	155.37000000000003
1110	56	1	156.05500000000004	126.70000000000005
1110	57	1	123.50000000000003	161.4900000000001
1110	58	1	121.60301507537685	24.97487437185929
1110	59	1	168.51256281407044	23.713567839195996
1110	60	1	184.48999999999998	129.23999999999998
1110	61	1	163.11499999999998	52.73000000000001
1110	62	1	70.03499999999993	105.31499999999998
1110	63	1	35.83499999999998	165.5449999999999
1110	64	1	71.14999999999999	53.33499999999999
1110	65	1	98.77999999999994	37.515
1110	66	1	143.11500000000004	23.66999999999999
1110	67	1	173.16000000000014	10.265000000000006
1110	68	1	170.48000000000013	197.06000000000003
1110	69	1	156.60000000000005	44.54499999999998
1110	70	1	33.48499999999999	66.28499999999995
1110	71	1	48.33999999999998	123.82499999999997
1110	72	1	150.84422110552765	177.20603015075375
1110	73	1	28.735000000000007	47.41500000000002
1110	74	1	122.87500000000003	178.52999999999997
1110	75	1	142.60499999999996	114.66000000000003
1120	1	2	10.02	10.050000000000004
1120	2	2	9.858585858585856	55.14141414141413
1120	3	2	9.879999999999997	99.87999999999998
1120	4	2	10.309278350515465	145.2164948453608
1120	5	2	10.000000000000002	189.73999999999995
1120	6	2	54.849999999999994	9.999999999999998
1120	7	2	55.30927835051546	54.78350515463916
1120	8	2	54.85858585858585	99.85858585858585
1120	9	2	54.71428571428571	145.74725274725276
1120	10	2	55.14141414141414	190.14141414141415
1120	11	2	100.06	9.850000000000001
1120	12	2	100.12	55.12000000000001
1120	13	2	99.97000000000003	99.60999999999999
1120	14	2	99.50000000000001	144.99999999999991
1120	15	2	100.06	190.10000000000002
1120	16	2	144.93999999999997	9.85
1120	17	2	145.09574468085103	55.41489361702127
1120	18	2	144.92000000000004	100.28
1120	19	2	145.1199999999999	144.76
1120	20	2	144.72916666666669	189.72916666666663
1120	21	2	190.17999999999992	10.11
1120	22	2	189.74	55.140000000000015
1120	23	2	189.64	100.20999999999998
1120	24	2	189.69072164948446	145.21649484536076
1120	25	2	189.99999999999994	189.73999999999995
1120	26	1	156.915	196.05499999999995
1120	27	1	63.381909547738694	134.32663316582918
1120	28	1	152.8457711442786	31.373134328358205
1120	29	1	163.9150000000001	183.77000000000004
1120	30	1	134.02999999999997	179.525
1120	31	1	138.62189054726375	35.134328358208954
1120	32	1	138.65174129353238	168.20398009950247
1120	33	1	38.24378109452738	111.2039800995024
1120	34	1	16.600000000000005	39.814999999999976
1120	35	1	129.71999999999997	15.500000000000002
1120	36	1	6.304999999999997	27.26499999999999
1120	37	1	176.73000000000005	176.44499999999994
1120	38	1	168.80499999999992	31.094999999999995
1120	39	1	60.57788944723618	65.60301507537687
1120	40	1	80.69000000000001	112.99500000000005
1120	41	1	56.10500000000003	115.115
1120	42	1	74.57500000000003	135.07
1120	43	1	107.85499999999999	49.06
1120	44	1	42.930000000000014	59.35999999999998
1120	45	1	111.85999999999999	172.60000000000005
1120	46	1	166.21000000000004	169.1349999999999
1120	47	1	168.97000000000017	123.27000000000002
1120	48	1	22.86499999999999	30.310000000000006
1120	49	1	159.12500000000006	13.149999999999997
1120	50	1	191.41000000000003	117.155
1120	51	1	70.24000000000001	121.275
1120	52	1	35.25000000000002	187.2150000000001
1120	53	1	22.442786069651742	61.12935323383085
1120	54	1	90.365	121.90500000000003
1120	55	1	114.64999999999998	155.41000000000017
1120	56	1	155.76499999999982	126.35999999999997
1120	57	1	123.57	161.48500000000007
1120	58	1	121.91000000000005	25.14
1120	59	1	168.49999999999997	23.724999999999994
1120	60	1	184.68499999999995	129.12999999999997
1120	61	1	163.295	52.735
1120	62	1	70.09999999999997	105.45000000000002
1120	63	1	35.625000000000036	164.7800000000001
1120	64	1	70.99	53.76999999999999
1120	65	1	98.65000000000002	37.49499999999998
1120	66	1	143.12500000000009	23.52
1120	67	1	173.05000000000004	10.369999999999996
1120	68	1	170.32999999999987	196.995
1120	69	1	156.53999999999994	44.740000000000016
1120	70	1	33.37999999999999	66.47500000000002
1120	71	1	48.457286432160785	123.80904522613066
1120	72	1	151.01999999999998	177.36499999999998
1120	73	1	28.69849246231155	47.43216080402007
1120	74	1	122.82499999999997	178.64000000000001
1120	75	1	143.765	113.97000000000004
1130	1	2	10.02	10.050000000000004
1130	2	2	9.858585858585856	55.14141414141413
1130	3	2	9.879999999999997	99.87999999999998
1130	4	2	10.309278350515465	145.2164948453608
1130	5	2	10.000000000000002	189.73999999999995
1130	6	2	54.849999999999994	9.999999999999998
1130	7	2	55.30927835051546	54.78350515463916
1130	8	2	54.85858585858585	99.85858585858585
1130	9	2	54.71428571428571	145.74725274725276
1130	10	2	55.14141414141414	190.14141414141415
1130	11	2	100.06	9.850000000000001
1130	12	2	100.12	55.12000000000001
1130	13	2	99.97000000000003	99.60999999999999
1130	14	2	99.50000000000001	144.99999999999991
1130	15	2	100.06	190.10000000000002
1130	16	2	144.93999999999997	9.85
1130	17	2	145.09574468085103	55.41489361702127
1130	18	2	144.92000000000004	100.28
1130	19	2	145.1199999999999	144.76
1130	20	2	144.72916666666669	189.72916666666663
1130	21	2	190.17999999999992	10.11
1130	22	2	189.74	55.140000000000015
1130	23	2	189.64	100.20999999999998
1130	24	2	189.69072164948446	145.21649484536076
1130	25	2	189.99999999999994	189.73999999999995
1130	26	1	157.08040201005014	196
1130	27	1	63.31500000000001	133.95999999999998
1130	28	1	152.73000000000002	31.580000000000002
1130	29	1	164.04499999999996	183.635
1130	30	1	134.32999999999996	179.26000000000005
1130	31	1	138.47000000000003	35.00000000000002
1130	32	1	138.60500000000005	168.10000000000005
1130	33	1	38.099999999999994	110.78499999999997
1130	34	1	16.885000000000012	39.865000000000016
1130	35	1	129.49999999999991	15.450000000000003
1130	36	1	6.442211055276377	27.39698492462311
1130	37	1	176.98499999999999	175.73000000000013
1130	38	1	168.65500000000003	31.05499999999999
1130	39	1	60.38	65.63
1130	40	1	80.78606965174127	113.27363184079606
1130	41	1	56.05500000000001	114.86
1130	42	1	74.55721393034833	135.2487562189055
1130	43	1	107.82999999999997	48.759999999999984
1130	44	1	42.775	58.82500000000002
1130	45	1	111.88500000000002	172.73500000000004
1130	46	1	166.11055276381896	169.22613065326627
1130	47	1	169.14999999999998	123.28999999999998
1130	48	1	23.059999999999995	30.454999999999995
1130	49	1	158.91959798994972	13.15075376884422
1130	50	1	191.31500000000003	116.67499999999998
1130	51	1	70.285	121.12999999999997
1130	52	1	35.11940298507463	187.41791044776122
1130	53	1	22.41999999999999	61.195000000000014
1130	54	1	90.19900497512441	123.06467661691548
1130	55	1	114.62311557788946	155.3266331658292
1130	56	1	155.6349999999999	126.10000000000001
1130	57	1	123.435	161.54999999999998
1130	58	1	122.22999999999998	25.17500000000001
1130	59	1	168.4773869346734	23.758793969849258
1130	60	1	184.86432160804026	128.99999999999994
1130	61	1	163.42999999999995	52.69499999999999
1130	62	1	70.19000000000003	105.52000000000001
1130	63	1	35.719999999999985	164.55000000000004
1130	64	1	70.94499999999995	53.64500000000003
1130	65	1	98.35499999999999	37.73500000000001
1130	66	1	143.26000000000002	23.630000000000003
1130	67	1	172.78499999999997	10.45
1130	68	1	170.325	196.825
1130	69	1	156.55	44.810000000000024
1130	70	1	33.315000000000005	66.34499999999997
1130	71	1	48.355000000000004	123.75500000000002
1130	72	1	151.14000000000013	177.34499999999997
1130	73	1	28.995000000000005	47.38499999999997
1130	74	1	122.82499999999999	178.78500000000005
1130	75	1	144.90049751243777	113.2885572139304
1140	1	2	10.02	10.050000000000004
1140	2	2	9.858585858585856	55.14141414141413
1140	3	2	9.879999999999997	99.87999999999998
1140	4	2	10.309278350515465	145.2164948453608
1140	5	2	10.000000000000002	189.73999999999995
1140	6	2	54.849999999999994	9.999999999999998
1140	7	2	55.30927835051546	54.78350515463916
1140	8	2	54.85858585858585	99.85858585858585
1140	9	2	54.71428571428571	145.74725274725276
1140	10	2	55.14141414141414	190.14141414141415
1140	11	2	100.06	9.850000000000001
1140	12	2	100.12	55.12000000000001
1140	13	2	99.97000000000003	99.60999999999999
1140	14	2	99.50000000000001	144.99999999999991
1140	15	2	100.06	190.10000000000002
1140	16	2	144.93999999999997	9.85
1140	17	2	145.09574468085103	55.41489361702127
1140	18	2	144.92000000000004	100.28
1140	19	2	145.1199999999999	144.76
1140	20	2	144.72916666666669	189.72916666666663
1140	21	2	190.17999999999992	10.11
1140	22	2	189.74	55.140000000000015
1140	23	2	189.64	100.20999999999998
1140	24	2	189.69072164948446	145.21649484536076
1140	25	2	189.99999999999994	189.73999999999995
1140	26	1	157.25499999999997	195.715
1140	27	1	63.170000000000016	133.65499999999997
1140	28	1	152.715	31.589999999999996
1140	29	1	164.20500000000004	183.50499999999997
1140	30	1	134.33999999999995	179.19499999999994
1140	31	1	138.3599999999999	34.79
1140	32	1	138.48000000000008	168.05999999999992
1140	33	1	37.705000000000005	110.42500000000001
1140	34	1	16.77	39.850000000000016
1140	35	1	129.54999999999995	15.359999999999998
1140	36	1	6.634999999999998	27.375000000000007
1140	37	1	177.09500000000017	174.655
1140	38	1	168.63500000000002	31.07000000000001
1140	39	1	60.425000000000004	65.53
1140	40	1	81.15500000000002	113.54499999999997
1140	41	1	56.030150753768865	114.80904522613069
1140	42	1	74.78109452736317	134.48756218905473
1140	43	1	107.83500000000004	48.57500000000001
1140	44	1	42.49751243781092	58.71641791044776
1140	45	1	111.80000000000003	172.62499999999997
1140	46	1	166.06499999999994	169.15499999999997
1140	47	1	169.23000000000002	123.31499999999998
1140	48	1	23.124378109452746	31.154228855721392
1140	49	1	158.8350000000001	13.104999999999997
1140	50	1	191.2261306532662	115.89949748743723
1140	51	1	70.23999999999998	120.94499999999998
1140	52	1	35.03517587939698	187.45728643216074
1140	53	1	22.211055276381902	61.07537688442211
1140	54	1	90.45999999999991	124.49000000000005
1140	55	1	114.63499999999999	155.34499999999989
1140	56	1	155.5477386934674	126.11557788944721
1140	57	1	123.46499999999999	161.57000000000008
1140	58	1	122.39000000000004	25.55499999999999
1140	59	1	168.49999999999997	23.724999999999994
1140	60	1	184.78606965174117	128.60199004975132
1140	61	1	163.53500000000014	52.47
1140	62	1	70.27500000000005	105.75500000000001
1140	63	1	35.774999999999956	164.4700000000001
1140	64	1	70.68341708542722	53.52763819095478
1140	65	1	98.30000000000001	37.675000000000004
1140	66	1	143.22500000000005	23.545
1140	67	1	172.64999999999992	10.434999999999995
1140	68	1	170.54	196.7
1140	69	1	156.36999999999995	44.809999999999995
1140	70	1	33.235000000000014	66.45499999999994
1140	71	1	48.17085427135676	123.54773869346735
1140	72	1	151.20499999999993	177.25500000000002
1140	73	1	29.348258706467664	47.49253731343282
1140	74	1	122.72499999999998	178.90500000000006
1140	75	1	145.18999999999997	113.12999999999997
1150	1	2	10.02	10.050000000000004
1150	2	2	9.858585858585856	55.14141414141413
1150	3	2	9.879999999999997	99.87999999999998
1150	4	2	10.309278350515465	145.2164948453608
1150	5	2	10.000000000000002	189.73999999999995
1150	6	2	54.849999999999994	9.999999999999998
1150	7	2	55.30927835051546	54.78350515463916
1150	8	2	54.85858585858585	99.85858585858585
1150	9	2	54.71428571428571	145.74725274725276
1150	10	2	55.14141414141414	190.14141414141415
1150	11	2	100.06	9.850000000000001
1150	12	2	100.12	55.12000000000001
1150	13	2	99.97000000000003	99.60999999999999
1150	14	2	99.50000000000001	144.99999999999991
1150	15	2	100.06	190.10000000000002
1150	16	2	144.93999999999997	9.85
1150	17	2	145.09574468085103	55.41489361702127
1150	18	2	144.92000000000004	100.28
1150	19	2	145.1199999999999	144.76
1150	20	2	144.72916666666669	189.72916666666663
1150	21	2	190.17999999999992	10.11
1150	22	2	189.74	55.140000000000015
1150	23	2	189.64	100.20999999999998
1150	24	2	189.69072164948446	145.21649484536076
1150	25	2	189.99999999999994	189.73999999999995
1150	26	1	157.69500000000005	195.315
1150	27	1	63.26499999999999	133.50000000000003
1150	28	1	152.68656716417908	31.492537313432827
1150	29	1	164.15000000000003	183.27500000000006
1150	30	1	134.395	179.38
1150	31	1	138.07499999999985	34.48999999999999
1150	32	1	138.36000000000004	167.92999999999986
1150	33	1	36.905	109.84500000000006
1150	34	1	16.749999999999996	39.955
1150	35	1	129.51999999999998	15.524999999999995
1150	36	1	6.654999999999999	27.50500000000001
1150	37	1	177.04522613065325	174.32663316582912
1150	38	1	168.68500000000003	31.044999999999984
1150	39	1	60.449999999999974	65.47999999999996
1150	40	1	81.55721393034825	113.74626865671642
1150	41	1	56.20499999999999	114.98000000000003
1150	42	1	74.91499999999999	134.23999999999998
1150	43	1	107.84000000000003	48.510000000000026
1150	44	1	42.405	58.55999999999999
1150	45	1	111.74371859296485	172.25125628140708
1150	46	1	165.89499999999998	169.0249999999999
1150	47	1	169.08500000000004	123.23500000000006
1150	48	1	23.04500000000002	31.444999999999997
1150	49	1	158.84	13.004999999999995
1150	50	1	190.77500000000003	115.42500000000008
1150	51	1	70.81592039800991	121.12935323383081
1150	52	1	35.075	187.30500000000004
1150	53	1	22.369999999999997	60.96500000000001
1150	54	1	91.06	126.17500000000003
1150	55	1	114.61809045226128	155.58291457286433
1150	56	1	155.71500000000003	126.32500000000005
1150	57	1	123.63000000000001	161.65999999999994
1150	58	1	122.18316831683168	26.62376237623762
1150	59	1	168.44221105527635	23.70351758793969
1150	60	1	184.84999999999997	128.24499999999995
1150	61	1	163.525	52.36
1150	62	1	70.66000000000004	105.99999999999999
1150	63	1	35.84000000000003	164.86999999999998
1150	64	1	70.97487437185936	53.472361809045225
1150	65	1	98.24378109452735	37.766169154228855
1150	66	1	143.14925373134332	23.51243781094526
1150	67	1	172.820895522388	10.69154228855721
1150	68	1	170.80499999999998	196.435
1150	69	1	156.3950000000001	44.675
1150	70	1	33.50000000000001	66.22500000000001
1150	71	1	48.179999999999986	123.52000000000004
1150	72	1	151.1200000000001	177.13
1150	73	1	30.03980099502488	47.08955223880593
1150	74	1	122.85500000000006	178.9900000000001
1150	75	1	145.235	113.23999999999998
1160	1	2	10.02	10.050000000000004
1160	2	2	9.858585858585856	55.14141414141413
1160	3	2	9.879999999999997	99.87999999999998
1160	4	2	10.309278350515465	145.2164948453608
1160	5	2	10.000000000000002	189.73999999999995
1160	6	2	54.849999999999994	9.999999999999998
1160	7	2	55.30927835051546	54.78350515463916
1160	8	2	54.85858585858585	99.85858585858585
1160	9	2	54.71428571428571	145.74725274725276
1160	10	2	55.14141414141414	190.14141414141415
1160	11	2	100.06	9.850000000000001
1160	12	2	100.12	55.12000000000001
1160	13	2	99.97000000000003	99.60999999999999
1160	14	2	99.50000000000001	144.99999999999991
1160	15	2	100.06	190.10000000000002
1160	16	2	144.93999999999997	9.85
1160	17	2	145.09574468085103	55.41489361702127
1160	18	2	144.92000000000004	100.28
1160	19	2	145.1199999999999	144.76
1160	20	2	144.72916666666669	189.72916666666663
1160	21	2	190.17999999999992	10.11
1160	22	2	189.74	55.140000000000015
1160	23	2	189.64	100.20999999999998
1160	24	2	189.69072164948446	145.21649484536076
1160	25	2	189.99999999999994	189.73999999999995
1160	26	1	157.845	195.22999999999996
1160	27	1	63.480000000000004	133.01499999999987
1160	28	1	152.71356783919592	31.10050251256282
1160	29	1	164.15000000000006	183.28
1160	30	1	134.03999999999994	179.69500000000002
1160	31	1	137.91000000000005	34.38000000000002
1160	32	1	138.25499999999988	167.97000000000006
1160	33	1	36.33830845771146	109.60199004975125
1160	34	1	16.835	40.13500000000003
1160	35	1	129.2800000000001	15.824999999999998
1160	36	1	6.679999999999997	27.825
1160	37	1	177.12500000000003	174.40500000000003
1160	38	1	168.60696517412927	30.99004975124378
1160	39	1	60.76000000000001	65.48000000000003
1160	40	1	82.20603015075375	114.66834170854271
1160	41	1	56.17910447761192	114.85572139303481
1160	42	1	74.955	134.03999999999982
1160	43	1	107.78499999999998	48.36499999999999
1160	44	1	42.72139303482587	59.04477611940296
1160	45	1	111.66499999999999	172.45000000000013
1160	46	1	165.83	169.05499999999998
1160	47	1	169.03500000000008	123.27000000000004
1160	48	1	23.064999999999998	31.62499999999999
1160	49	1	158.94500000000002	13.110000000000008
1160	50	1	189.96482412060294	114.76884422110555
1160	51	1	71.03000000000004	120.88500000000003
1160	52	1	35.16000000000002	187.0549999999999
1160	53	1	22.52	60.33999999999999
1160	54	1	91.52499999999996	127.49999999999997
1160	55	1	114.58000000000003	155.52500000000006
1160	56	1	155.07	126.04999999999997
1160	57	1	123.47999999999998	161.71999999999989
1160	58	1	121.94500000000006	27.839999999999993
1160	59	1	168.56281407035178	23.723618090452252
1160	60	1	184.62686567164187	127.3681592039801
1160	61	1	163.49000000000012	52.12999999999999
1160	62	1	70.94500000000001	106.10500000000002
1160	63	1	35.81499999999999	165.10999999999999
1160	64	1	71.13999999999999	53.41499999999999
1160	65	1	98.27499999999998	37.92500000000001
1160	66	1	142.96999999999997	23.62
1160	67	1	173.23500000000004	10.845000000000004
1160	68	1	170.90499999999994	196.77
1160	69	1	156.03500000000005	44.65999999999999
1160	70	1	33.53500000000002	66.08000000000004
1160	71	1	48.324999999999996	123.64499999999997
1160	72	1	151.105	177.05999999999992
1160	73	1	30.819999999999997	46.72499999999998
1160	74	1	122.90500000000003	178.58999999999995
1160	75	1	145.23999999999995	113.25499999999998
1170	1	2	10.02	10.050000000000004
1170	2	2	9.858585858585856	55.14141414141413
1170	3	2	9.879999999999997	99.87999999999998
1170	4	2	10.309278350515465	145.2164948453608
1170	5	2	10.000000000000002	189.73999999999995
1170	6	2	54.849999999999994	9.999999999999998
1170	7	2	55.30927835051546	54.78350515463916
1170	8	2	54.85858585858585	99.85858585858585
1170	9	2	54.71428571428571	145.74725274725276
1170	10	2	55.14141414141414	190.14141414141415
1170	11	2	100.06	9.850000000000001
1170	12	2	100.12	55.12000000000001
1170	13	2	99.97000000000003	99.60999999999999
1170	14	2	99.50000000000001	144.99999999999991
1170	15	2	100.06	190.10000000000002
1170	16	2	144.93999999999997	9.85
1170	17	2	145.09574468085103	55.41489361702127
1170	18	2	144.92000000000004	100.28
1170	19	2	145.1199999999999	144.76
1170	20	2	144.72916666666669	189.72916666666663
1170	21	2	190.17999999999992	10.11
1170	22	2	189.74	55.140000000000015
1170	23	2	189.64	100.20999999999998
1170	24	2	189.69072164948446	145.21649484536076
1170	25	2	189.99999999999994	189.73999999999995
1170	26	1	157.80500000000012	195.5250000000001
1170	27	1	63.51999999999999	132.77499999999992
1170	28	1	152.71500000000003	30.985000000000003
1170	29	1	164.25	183.605
1170	30	1	134.19999999999993	179.68499999999995
1170	31	1	137.24999999999997	34.09500000000002
1170	32	1	138.10999999999999	168.0550000000001
1170	33	1	35.784999999999975	109.66999999999999
1170	34	1	17.135	40.35499999999998
1170	35	1	129.10999999999999	16.099999999999994
1170	36	1	6.739999999999997	27.805000000000003
1170	37	1	177.07499999999996	174.52000000000012
1170	38	1	168.66	31.030000000000005
1170	39	1	60.81407035175882	65.4572864321608
1170	40	1	82.58999999999995	115.12
1170	41	1	56.580000000000034	114.92500000000005
1170	42	1	75.03980099502489	134.03482587064676
1170	43	1	107.64179104477613	47.89552238805971
1170	44	1	43.06	59.5
1170	45	1	111.58999999999999	172.385
1170	46	1	165.625	169.15000000000006
1170	47	1	168.89499999999992	123.48000000000006
1170	48	1	23.135678391959793	31.71859296482412
1170	49	1	159.29499999999996	13.155
1170	50	1	189.46499999999995	114.60500000000002
1170	51	1	71.09045226130658	120.91457286432154
1170	52	1	35.07000000000002	187.03499999999985
1170	53	1	22.595000000000002	59.94500000000002
1170	54	1	91.68500000000003	127.96999999999997
1170	55	1	114.42999999999998	155.635
1170	56	1	154.85000000000014	125.97999999999998
1170	57	1	123.37	161.885
1170	58	1	121.37313432835822	28.63681592039801
1170	59	1	168.56281407035178	23.703517587939707
1170	60	1	184.2537313432835	126.75621890547261
1170	61	1	163.42499999999987	51.964999999999996
1170	62	1	71.18000000000002	106.00500000000002
1170	63	1	35.75879396984924	165.3768844221106
1170	64	1	71.64999999999999	53.78500000000001
1170	65	1	98.03	37.940000000000026
1170	66	1	143.00499999999997	23.82000000000001
1170	67	1	173.7800000000001	11.014999999999999
1170	68	1	171.0050000000002	196.875
1170	69	1	156.0250000000001	44.42500000000001
1170	70	1	33.58500000000001	65.87
1170	71	1	48.380000000000024	123.56000000000003
1170	72	1	151.27000000000004	176.89500000000004
1170	73	1	31.373134328358216	46.4029850746269
1170	74	1	122.79000000000002	178.79999999999984
1170	75	1	145.21999999999997	113.29499999999997
1180	1	2	10.02	10.050000000000004
1180	2	2	9.858585858585856	55.14141414141413
1180	3	2	9.879999999999997	99.87999999999998
1180	4	2	10.309278350515465	145.2164948453608
1180	5	2	10.000000000000002	189.73999999999995
1180	6	2	54.849999999999994	9.999999999999998
1180	7	2	55.30927835051546	54.78350515463916
1180	8	2	54.85858585858585	99.85858585858585
1180	9	2	54.71428571428571	145.74725274725276
1180	10	2	55.14141414141414	190.14141414141415
1180	11	2	100.06	9.850000000000001
1180	12	2	100.12	55.12000000000001
1180	13	2	99.97000000000003	99.60999999999999
1180	14	2	99.50000000000001	144.99999999999991
1180	15	2	100.06	190.10000000000002
1180	16	2	144.93999999999997	9.85
1180	17	2	145.09574468085103	55.41489361702127
1180	18	2	144.92000000000004	100.28
1180	19	2	145.1199999999999	144.76
1180	20	2	144.72916666666669	189.72916666666663
1180	21	2	190.17999999999992	10.11
1180	22	2	189.74	55.140000000000015
1180	23	2	189.64	100.20999999999998
1180	24	2	189.69072164948446	145.21649484536076
1180	25	2	189.99999999999994	189.73999999999995
1180	26	1	157.9699999999999	195.9
1180	27	1	63.52	132.89000000000004
1180	28	1	152.595	30.48
1180	29	1	164.03517587939697	183.59798994974867
1180	30	1	134.46999999999997	179.69500000000002
1180	31	1	136.35500000000002	33.89499999999999
1180	32	1	138.08999999999997	167.83499999999998
1180	33	1	35.200000000000024	109.92500000000007
1180	34	1	17.487562189054724	40.402985074626855
1180	35	1	129.5949999999999	16.270000000000003
1180	36	1	7.432835820895519	27.437810945273633
1180	37	1	176.92999999999986	174.79999999999984
1180	38	1	168.61500000000004	31.279999999999998
1180	39	1	61.405	64.27499999999996
1180	40	1	82.88944723618094	115.51758793969847
1180	41	1	57.075	114.92499999999997
1180	42	1	75.18	133.94000000000005
1180	43	1	107.48500000000001	47.66499999999999
1180	44	1	43.194999999999986	59.66000000000001
1180	45	1	111.58499999999998	172.27999999999986
1180	46	1	165.395	169.20999999999992
1180	47	1	169.20398009950247	123.3681592039801
1180	48	1	23.469999999999995	31.905000000000005
1180	49	1	159.22999999999996	13.325000000000006
1180	50	1	189.2349999999999	114.41000000000001
1180	51	1	71.01499999999997	121.07999999999998
1180	52	1	35.105	186.7850000000001
1180	53	1	22.539999999999996	59.819999999999986
1180	54	1	91.70999999999998	128.42000000000002
1180	55	1	114.68844221105532	155.5226130653267
1180	56	1	154.58000000000007	125.93000000000006
1180	57	1	123.41	162.03000000000014
1180	58	1	120.86000000000001	28.894999999999992
1180	59	1	168.49999999999997	23.724999999999994
1180	60	1	184.09999999999997	126.24500000000006
1180	61	1	163.37499999999997	51.87499999999998
1180	62	1	71.28358208955227	106.12935323383086
1180	63	1	35.83500000000001	165.58499999999992
1180	64	1	73.18905472636816	54.12935323383085
1180	65	1	97.99499999999999	37.900000000000006
1180	66	1	142.75500000000005	24.385000000000005
1180	67	1	173.86999999999995	11.279999999999998
1180	68	1	171.00000000000009	196.825
1180	69	1	155.94499999999988	44.145
1180	70	1	33.70999999999998	65.89500000000005
1180	71	1	48.35500000000002	123.43500000000002
1180	72	1	151.21608040201014	176.86934673366832
1180	73	1	31.547738693467323	46.68844221105528
1180	74	1	122.97989949748744	178.62311557788945
1180	75	1	144.81500000000005	113.46499999999999
1190	1	2	10.02	10.050000000000004
1190	2	2	9.858585858585856	55.14141414141413
1190	3	2	9.879999999999997	99.87999999999998
1190	4	2	10.309278350515465	145.2164948453608
1190	5	2	10.000000000000002	189.73999999999995
1190	6	2	54.849999999999994	9.999999999999998
1190	7	2	55.30927835051546	54.78350515463916
1190	8	2	54.85858585858585	99.85858585858585
1190	9	2	54.71428571428571	145.74725274725276
1190	10	2	55.14141414141414	190.14141414141415
1190	11	2	100.06	9.850000000000001
1190	12	2	100.12	55.12000000000001
1190	13	2	99.97000000000003	99.60999999999999
1190	14	2	99.50000000000001	144.99999999999991
1190	15	2	100.06	190.10000000000002
1190	16	2	144.93999999999997	9.85
1190	17	2	145.09574468085103	55.41489361702127
1190	18	2	144.92000000000004	100.28
1190	19	2	145.1199999999999	144.76
1190	20	2	144.72916666666669	189.72916666666663
1190	21	2	190.17999999999992	10.11
1190	22	2	189.74	55.140000000000015
1190	23	2	189.64	100.20999999999998
1190	24	2	189.69072164948446	145.21649484536076
1190	25	2	189.99999999999994	189.73999999999995
1190	26	1	157.95500000000004	196.145
1190	27	1	63.41708542713565	132.84924623115577
1190	28	1	152.51500000000004	30.509999999999994
1190	29	1	163.9649999999999	183.58999999999995
1190	30	1	134.50251256281396	179.65326633165827
1190	31	1	135.87437185929664	33.72864321608041
1190	32	1	137.87999999999997	167.7250000000001
1190	33	1	34.834999999999994	110.45500000000003
1190	34	1	17.85000000000001	40.63000000000002
1190	35	1	129.63000000000002	16.555000000000014
1190	36	1	8.75621890547264	26.75124378109453
1190	37	1	176.5799999999999	175.72
1190	38	1	168.51499999999996	31.055
1190	39	1	62.09000000000002	63.58000000000001
1190	40	1	83.07	115.57999999999996
1190	41	1	57.375	115.105
1190	42	1	75.18999999999998	133.86000000000007
1190	43	1	107.78999999999998	47.74000000000002
1190	44	1	43.440000000000005	59.97
1190	45	1	111.37500000000001	172.67499999999998
1190	46	1	165.22000000000003	168.99500000000003
1190	47	1	169.71999999999997	122.925
1190	48	1	23.340000000000003	32.175
1190	49	1	159.2250000000001	13.415000000000004
1190	50	1	189.18905472636808	114.42288557213928
1190	51	1	71.17999999999996	120.94000000000001
1190	52	1	35.19999999999999	186.61499999999995
1190	53	1	22.701492537313438	59.92537313432833
1190	54	1	91.80000000000003	128.45999999999998
1190	55	1	114.62500000000001	155.78
1190	56	1	154.585	125.78500000000004
1190	57	1	123.22110552763817	162.0653266331657
1190	58	1	120.3768844221106	29.417085427135678
1190	59	1	168.49999999999997	23.724999999999994
1190	60	1	184.10999999999999	126.00000000000003
1190	61	1	163.44723618090447	51.51758793969851
1190	62	1	70.94000000000004	106.09500000000001
1190	63	1	35.96000000000002	165.74000000000012
1190	64	1	74.26633165829145	54.31155778894474
1190	65	1	97.885	38.02000000000002
1190	66	1	142.6733668341709	24.326633165829158
1190	67	1	174.0547263681592	11.134328358208956
1190	68	1	171.0150000000001	197
1190	69	1	155.60499999999993	44.065
1190	70	1	33.61999999999999	66.25000000000006
1190	71	1	48.25	123.355
1190	72	1	151.34999999999997	176.7099999999999
1190	73	1	31.730000000000008	46.915
1190	74	1	122.91000000000004	178.475
1190	75	1	145.29999999999993	113.50999999999998
1200	1	2	10.02	10.050000000000004
1200	2	2	9.858585858585856	55.14141414141413
1200	3	2	9.879999999999997	99.87999999999998
1200	4	2	10.309278350515465	145.2164948453608
1200	5	2	10.000000000000002	189.73999999999995
1200	6	2	54.849999999999994	9.999999999999998
1200	7	2	55.30927835051546	54.78350515463916
1200	8	2	54.85858585858585	99.85858585858585
1200	9	2	54.71428571428571	145.74725274725276
1200	10	2	55.14141414141414	190.14141414141415
1200	11	2	100.06	9.850000000000001
1200	12	2	100.12	55.12000000000001
1200	13	2	99.97000000000003	99.60999999999999
1200	14	2	99.50000000000001	144.99999999999991
1200	15	2	100.06	190.10000000000002
1200	16	2	144.93999999999997	9.85
1200	17	2	145.09574468085103	55.41489361702127
1200	18	2	144.92000000000004	100.28
1200	19	2	145.1199999999999	144.76
1200	20	2	144.72916666666669	189.72916666666663
1200	21	2	190.17999999999992	10.11
1200	22	2	189.74	55.140000000000015
1200	23	2	189.64	100.20999999999998
1200	24	2	189.69072164948446	145.21649484536076
1200	25	2	189.99999999999994	189.73999999999995
1200	26	1	157.9000000000001	195.62
1200	27	1	63.475	132.6799999999999
1200	28	1	152.52499999999995	30.595
1200	29	1	164.03482587064676	183.7960199004975
1200	30	1	134.38499999999996	179.97499999999988
1200	31	1	135.80904522613054	33.58793969849246
1200	32	1	137.7512437810945	167.82089552238816
1200	33	1	34.31000000000001	110.89500000000002
1200	34	1	18.475000000000005	40.59499999999998
1200	35	1	129.74500000000003	16.470000000000002
1200	36	1	9.475000000000001	26.290000000000003
1200	37	1	176.15841584158414	177.26732673267335
1200	38	1	168.45	31.014999999999993
1200	39	1	62.55000000000001	63.20999999999997
1200	40	1	83.355	116.21999999999997
1200	41	1	57.17500000000002	115.23000000000002
1200	42	1	75.56499999999997	133.57000000000005
1200	43	1	107.92999999999995	47.58
1200	44	1	43.664999999999985	60.145
1200	45	1	111.33830845771143	172.96517412935324
1200	46	1	165.26500000000001	169.03000000000003
1200	47	1	169.82499999999993	122.64499999999997
1200	48	1	22.905	31.825
1200	49	1	159.195	13.300000000000002
1200	50	1	187.59798994974872	114.32663316582915
1200	51	1	70.99497487437188	120.24623115577891
1200	52	1	35.22	186.56500000000008
1200	53	1	22.830845771144293	59.59701492537314
1200	54	1	91.965	127.83000000000006
1200	55	1	114.71999999999998	155.69999999999993
1200	56	1	154.43499999999997	125.745
1200	57	1	123.16499999999999	162.20499999999998
1200	58	1	119.88557213930346	29.92537313432834
1200	59	1	168.49999999999997	23.724999999999994
1200	60	1	184.00497512437812	124.78606965174131
1200	61	1	163.52000000000004	51.68000000000001
1200	62	1	70.95	106.05499999999995
1200	63	1	35.895	165.78500000000005
1200	64	1	75.47500000000002	54.62500000000001
1200	65	1	97.82000000000002	38.17999999999998
1200	66	1	142.69499999999996	24.25
1200	67	1	174.21	10.949999999999998
1200	68	1	171.04499999999993	197.54
1200	69	1	155.59499999999989	44.150000000000006
1200	70	1	33.644999999999996	66.28
1200	71	1	48.06499999999998	123.00499999999998
1200	72	1	151.43781094527358	176.40796019900503
1200	73	1	32.07960199004975	46.626865671641816
1200	74	1	122.88499999999998	178.33500000000004
1200	75	1	145.67999999999998	114.00499999999998
1210	1	2	10.02	10.050000000000004
1210	2	2	9.858585858585856	55.14141414141413
1210	3	2	9.879999999999997	99.87999999999998
1210	4	2	10.309278350515465	145.2164948453608
1210	5	2	10.000000000000002	189.73999999999995
1210	6	2	54.849999999999994	9.999999999999998
1210	7	2	55.30927835051546	54.78350515463916
1210	8	2	54.85858585858585	99.85858585858585
1210	9	2	54.71428571428571	145.74725274725276
1210	10	2	55.14141414141414	190.14141414141415
1210	11	2	100.06	9.850000000000001
1210	12	2	100.12	55.12000000000001
1210	13	2	99.97000000000003	99.60999999999999
1210	14	2	99.50000000000001	144.99999999999991
1210	15	2	100.06	190.10000000000002
1210	16	2	144.93999999999997	9.85
1210	17	2	145.09574468085103	55.41489361702127
1210	18	2	144.92000000000004	100.28
1210	19	2	145.1199999999999	144.76
1210	20	2	144.72916666666669	189.72916666666663
1210	21	2	190.17999999999992	10.11
1210	22	2	189.74	55.140000000000015
1210	23	2	189.64	100.20999999999998
1210	24	2	189.69072164948446	145.21649484536076
1210	25	2	189.99999999999994	189.73999999999995
1210	26	1	158.08542713567837	195.37185929648243
1210	27	1	63.51000000000002	132.40499999999997
1210	28	1	152.45500000000004	30.855
1210	29	1	164.41791044776127	183.71641791044772
1210	30	1	134.20999999999995	180.05499999999998
1210	31	1	135.77000000000018	33.56000000000002
1210	32	1	137.66000000000008	167.9099999999999
1210	33	1	33.870000000000005	111.72500000000001
1210	34	1	18.725	40.829999999999984
1210	35	1	129.33	16.875000000000004
1210	36	1	9.785000000000005	26.204999999999984
1210	37	1	176.24499999999998	177.745
1210	38	1	168.46499999999997	31.005000000000003
1210	39	1	62.650000000000006	63.11999999999999
1210	40	1	83.29145728643222	117.09547738693462
1210	41	1	57.129999999999995	115.19500000000001
1210	42	1	75.82500000000003	133.63500000000008
1210	43	1	108.02000000000004	47.38499999999999
1210	44	1	43.875	60.37500000000001
1210	45	1	111.32499999999999	173.32499999999993
1210	46	1	165.0600000000001	169.16000000000003
1210	47	1	169.91542288557227	122.15920398009948
1210	48	1	22.634999999999994	31.804999999999996
1210	49	1	159.27500000000003	13.054999999999994
1210	50	1	187.16999999999996	114.45500000000001
1210	51	1	71.08999999999997	119.70000000000006
1210	52	1	35.154999999999994	186.585
1210	53	1	23.165000000000003	59.25000000000003
1210	54	1	92.22999999999998	127.40499999999993
1210	55	1	114.61500000000001	155.795
1210	56	1	154.72500000000002	125.51
1210	57	1	123.12499999999999	162.3100000000001
1210	58	1	119.69000000000003	29.984999999999992
1210	59	1	168.56281407035178	23.723618090452252
1210	60	1	184.0399999999999	124.37499999999996
1210	61	1	163.49500000000006	51.730000000000004
1210	62	1	70.97500000000001	105.92499999999997
1210	63	1	36.04020100502516	165.96984924623106
1210	64	1	76.73	54.86
1210	65	1	97.78500000000001	38.214999999999996
1210	66	1	142.81	23.785000000000007
1210	67	1	174.19	10.875000000000005
1210	68	1	171.52000000000007	197.71
1210	69	1	155.71500000000012	43.87999999999998
1210	70	1	34.019999999999975	66.66499999999998
1210	71	1	48.06499999999998	122.83500000000002
1210	72	1	151.54773869346732	176.45226130653265
1210	73	1	32.19500000000001	46.81
1210	74	1	122.65499999999996	178.27499999999984
1210	75	1	146.54999999999998	114.24000000000004
1220	1	2	10.02	10.050000000000004
1220	2	2	9.858585858585856	55.14141414141413
1220	3	2	9.879999999999997	99.87999999999998
1220	4	2	10.309278350515465	145.2164948453608
1220	5	2	10.000000000000002	189.73999999999995
1220	6	2	54.849999999999994	9.999999999999998
1220	7	2	55.30927835051546	54.78350515463916
1220	8	2	54.85858585858585	99.85858585858585
1220	9	2	54.71428571428571	145.74725274725276
1220	10	2	55.14141414141414	190.14141414141415
1220	11	2	100.06	9.850000000000001
1220	12	2	100.12	55.12000000000001
1220	13	2	99.97000000000003	99.60999999999999
1220	14	2	99.50000000000001	144.99999999999991
1220	15	2	100.06	190.10000000000002
1220	16	2	144.93999999999997	9.85
1220	17	2	145.09574468085103	55.41489361702127
1220	18	2	144.92000000000004	100.28
1220	19	2	145.1199999999999	144.76
1220	20	2	144.72916666666669	189.72916666666663
1220	21	2	190.17999999999992	10.11
1220	22	2	189.74	55.140000000000015
1220	23	2	189.64	100.20999999999998
1220	24	2	189.69072164948446	145.21649484536076
1220	25	2	189.99999999999994	189.73999999999995
1220	26	1	158.44999999999996	195.47
1220	27	1	63.46766169154228	132.2388059701492
1220	28	1	152.44499999999996	30.824999999999996
1220	29	1	164.495	183.60000000000002
1220	30	1	134.26999999999992	179.85500000000013
1220	31	1	135.75499999999994	33.42
1220	32	1	137.55778894472354	167.8442211055276
1220	33	1	33.47999999999999	112.03499999999995
1220	34	1	18.915000000000006	41.00500000000002
1220	35	1	128.57500000000002	17.305
1220	36	1	9.805000000000001	26.229999999999993
1220	37	1	176.26500000000016	177.83499999999992
1220	38	1	168.43499999999986	31.040000000000003
1220	39	1	62.68999999999998	63.07000000000001
1220	40	1	83.58500000000001	117.895
1220	41	1	57.195000000000014	115.315
1220	42	1	76.04	133.65500000000003
1220	43	1	107.79000000000002	47.17000000000002
1220	44	1	44.04975124378105	60.358208955223894
1220	45	1	111.46500000000005	173.47999999999993
1220	46	1	165.02999999999997	169.17499999999993
1220	47	1	170.18500000000006	121.32499999999999
1220	48	1	22.895000000000003	31.939999999999998
1220	49	1	159.3383084577114	12.960199004975118
1220	50	1	187.23499999999996	114.49999999999997
1220	51	1	71.24623115577887	119.58793969849246
1220	52	1	35.0603015075377	186.46733668341707
1220	53	1	23.55	59.360000000000014
1220	54	1	92.89000000000001	127.10999999999996
1220	55	1	113.95499999999996	156.16999999999987
1220	56	1	155.21	125.34000000000002
1220	57	1	123.09500000000004	162.21499999999997
1220	58	1	119.48500000000004	30.250000000000007
1220	59	1	168.49999999999997	23.724999999999994
1220	60	1	183.845	124.34000000000002
1220	61	1	163.5500000000001	51.41499999999997
1220	62	1	71.28000000000003	106.08000000000001
1220	63	1	35.46	165.81499999999997
1220	64	1	77.10499999999998	54.97
1220	65	1	97.6318407960199	38.104477611940304
1220	66	1	142.81999999999996	23.80999999999999
1220	67	1	174.015	10.905000000000005
1220	68	1	172.02487562189057	197.71641791044777
1220	69	1	155.62499999999991	43.889999999999986
1220	70	1	34.68	67.11500000000001
1220	71	1	47.874999999999964	122.49500000000003
1220	72	1	151.58500000000004	176.50000000000003
1220	73	1	32.285	47.13
1220	74	1	122.60500000000003	178.41000000000005
1220	75	1	147.13432835820882	114.81094527363186
1230	1	2	10.02	10.050000000000004
1230	2	2	9.858585858585856	55.14141414141413
1230	3	2	9.879999999999997	99.87999999999998
1230	4	2	10.309278350515465	145.2164948453608
1230	5	2	10.000000000000002	189.73999999999995
1230	6	2	54.849999999999994	9.999999999999998
1230	7	2	55.30927835051546	54.78350515463916
1230	8	2	54.85858585858585	99.85858585858585
1230	9	2	54.71428571428571	145.74725274725276
1230	10	2	55.14141414141414	190.14141414141415
1230	11	2	100.06	9.850000000000001
1230	12	2	100.12	55.12000000000001
1230	13	2	99.97000000000003	99.60999999999999
1230	14	2	99.50000000000001	144.99999999999991
1230	15	2	100.06	190.10000000000002
1230	16	2	144.93999999999997	9.85
1230	17	2	145.09574468085103	55.41489361702127
1230	18	2	144.92000000000004	100.28
1230	19	2	145.1199999999999	144.76
1230	20	2	144.72916666666669	189.72916666666663
1230	21	2	190.17999999999992	10.11
1230	22	2	189.74	55.140000000000015
1230	23	2	189.64	100.20999999999998
1230	24	2	189.69072164948446	145.21649484536076
1230	25	2	189.99999999999994	189.73999999999995
1230	26	1	158.7050000000001	195.41500000000002
1230	27	1	63.60500000000002	132.105
1230	28	1	152.4000000000001	31.029999999999998
1230	29	1	164.75499999999997	183.7350000000001
1230	30	1	134.46499999999997	179.8149999999999
1230	31	1	136.02985074626872	33.43283582089553
1230	32	1	137.56500000000014	167.85999999999999
1230	33	1	33.47999999999997	112.36499999999992
1230	34	1	18.779999999999998	40.820000000000014
1230	35	1	127.76	17.379999999999995
1230	36	1	9.790000000000003	26.179999999999996
1230	37	1	176.21499999999995	177.85
1230	38	1	168.70499999999998	30.945
1230	39	1	62.724999999999994	63.02000000000001
1230	40	1	83.96499999999997	118.63000000000001
1230	41	1	57.547263681592064	115.45771144278612
1230	42	1	76.81592039800995	133.67164179104478
1230	43	1	108.05000000000001	46.58999999999999
1230	44	1	44.095000000000006	60.520000000000024
1230	45	1	111.52000000000001	173.41999999999996
1230	46	1	165.12500000000006	169.20999999999998
1230	47	1	170.67499999999993	120.76500000000003
1230	48	1	23.030150753768837	31.93467336683415
1230	49	1	159.18499999999997	12.98
1230	50	1	187.205	114.37999999999998
1230	51	1	71.42786069651747	119.5920398009951
1230	52	1	34.80597014925374	186.2189054726368
1230	53	1	23.714999999999993	59.23500000000001
1230	54	1	94.25	125.51000000000003
1230	55	1	113.74499999999998	156.33999999999992
1230	56	1	155.395	125.09500000000004
1230	57	1	123.07500000000002	162.17
1230	58	1	119.68000000000002	29.92
1230	59	1	168.49999999999997	23.724999999999994
1230	60	1	183.94999999999996	124.56999999999991
1230	61	1	163.65499999999992	51.24499999999999
1230	62	1	71.95999999999995	106.32499999999999
1230	63	1	35.504999999999995	166.01499999999984
1230	64	1	77.39999999999996	54.97000000000002
1230	65	1	97.32000000000006	38.199999999999996
1230	66	1	142.7349999999999	23.640000000000004
1230	67	1	173.68000000000004	10.765
1230	68	1	172.51000000000008	198.19
1230	69	1	155.9999999999999	43.73000000000001
1230	70	1	34.940000000000005	67.20999999999995
1230	71	1	47.64999999999999	122.16999999999997
1230	72	1	151.7	176.55500000000004
1230	73	1	32.41000000000001	47.20499999999999
1230	74	1	122.63999999999997	178.49
1230	75	1	148.12000000000006	114.87499999999997
1240	1	2	10.02	10.050000000000004
1240	2	2	9.858585858585856	55.14141414141413
1240	3	2	9.879999999999997	99.87999999999998
1240	4	2	10.309278350515465	145.2164948453608
1240	5	2	10.000000000000002	189.73999999999995
1240	6	2	54.849999999999994	9.999999999999998
1240	7	2	55.30927835051546	54.78350515463916
1240	8	2	54.85858585858585	99.85858585858585
1240	9	2	54.71428571428571	145.74725274725276
1240	10	2	55.14141414141414	190.14141414141415
1240	11	2	100.06	9.850000000000001
1240	12	2	100.12	55.12000000000001
1240	13	2	99.97000000000003	99.60999999999999
1240	14	2	99.50000000000001	144.99999999999991
1240	15	2	100.06	190.10000000000002
1240	16	2	144.93999999999997	9.85
1240	17	2	145.09574468085103	55.41489361702127
1240	18	2	144.92000000000004	100.28
1240	19	2	145.1199999999999	144.76
1240	20	2	144.72916666666669	189.72916666666663
1240	21	2	190.17999999999992	10.11
1240	22	2	189.74	55.140000000000015
1240	23	2	189.64	100.20999999999998
1240	24	2	189.69072164948446	145.21649484536076
1240	25	2	189.99999999999994	189.73999999999995
1240	26	1	158.60500000000002	195.38999999999987
1240	27	1	63.721393034825866	131.86567164179104
1240	28	1	152.47499999999994	31.15000000000001
1240	29	1	164.63819095477382	183.94472361809042
1240	30	1	134.62499999999991	179.925
1240	31	1	136.42713567839195	33.25125628140704
1240	32	1	137.60999999999996	167.89999999999992
1240	33	1	33.940000000000005	112.28000000000003
1240	34	1	18.780000000000005	41.074999999999996
1240	35	1	127.36500000000002	17.280000000000012
1240	36	1	10.120000000000003	26.23000000000001
1240	37	1	176.13500000000008	178.35
1240	38	1	168.76500000000001	31.265000000000008
1240	39	1	62.685	63.01499999999997
1240	40	1	84.09045226130647	119.06030150753767
1240	41	1	57.54000000000001	115.34500000000004
1240	42	1	77.61386138613864	133.4752475247524
1240	43	1	108.66331658291462	46.28643216080401
1240	44	1	44.10999999999998	60.41499999999999
1240	45	1	111.465	173.445
1240	46	1	165.2650000000001	169.20999999999995
1240	47	1	171.05000000000004	120.30000000000004
1240	48	1	23.219999999999985	31.955000000000005
1240	49	1	159.30999999999997	12.935000000000006
1240	50	1	187.05472636815924	114.29353233830842
1240	51	1	71.46268656716418	119.3383084577115
1240	52	1	34.49000000000001	185.45500000000004
1240	53	1	23.795	58.999999999999986
1240	54	1	94.72	124.49999999999999
1240	55	1	113.29500000000004	156.6150000000001
1240	56	1	155.35999999999996	124.915
1240	57	1	123.14000000000003	162.495
1240	58	1	119.735	29.805
1240	59	1	168.4773869346734	23.758793969849258
1240	60	1	184.79500000000007	124.37499999999999
1240	61	1	163.67500000000007	51.15999999999998
1240	62	1	73.41000000000011	106.52999999999999
1240	63	1	35.36180904522612	165.97487437185933
1240	64	1	76.97000000000001	54.925000000000004
1240	65	1	97.625	38.11999999999999
1240	66	1	142.83499999999998	23.449999999999985
1240	67	1	173.565	11.099999999999998
1240	68	1	172.64321608040203	198.28643216080403
1240	69	1	155.94000000000005	43.96
1240	70	1	35.084999999999994	67.29
1240	71	1	48.075	122.25499999999998
1240	72	1	151.85929648241208	176.391959798995
1240	73	1	32.59999999999998	47.16499999999999
1240	74	1	122.71	178.55500000000004
1240	75	1	149.03	115.00500000000001
1250	1	2	10.02	10.050000000000004
1250	2	2	9.858585858585856	55.14141414141413
1250	3	2	9.879999999999997	99.87999999999998
1250	4	2	10.309278350515465	145.2164948453608
1250	5	2	10.000000000000002	189.73999999999995
1250	6	2	54.849999999999994	9.999999999999998
1250	7	2	55.30927835051546	54.78350515463916
1250	8	2	54.85858585858585	99.85858585858585
1250	9	2	54.71428571428571	145.74725274725276
1250	10	2	55.14141414141414	190.14141414141415
1250	11	2	100.06	9.850000000000001
1250	12	2	100.12	55.12000000000001
1250	13	2	99.97000000000003	99.60999999999999
1250	14	2	99.50000000000001	144.99999999999991
1250	15	2	100.06	190.10000000000002
1250	16	2	144.93999999999997	9.85
1250	17	2	145.09574468085103	55.41489361702127
1250	18	2	144.92000000000004	100.28
1250	19	2	145.1199999999999	144.76
1250	20	2	144.72916666666669	189.72916666666663
1250	21	2	190.17999999999992	10.11
1250	22	2	189.74	55.140000000000015
1250	23	2	189.64	100.20999999999998
1250	24	2	189.69072164948446	145.21649484536076
1250	25	2	189.99999999999994	189.73999999999995
1250	26	1	158.34500000000008	194.9799999999999
1250	27	1	63.905000000000015	131.64499999999995
1250	28	1	152.485	31.165000000000006
1250	29	1	164.75999999999996	183.91000000000008
1250	30	1	134.65500000000003	179.91499999999994
1250	31	1	136.41999999999996	33.254999999999995
1250	32	1	137.63000000000002	167.97500000000002
1250	33	1	34.10499999999998	112.36999999999996
1250	34	1	18.91	41.175000000000004
1250	35	1	127.47500000000001	17.21
1250	36	1	10.452261306532671	26.266331658291453
1250	37	1	176.0749999999999	178.715
1250	38	1	168.79500000000002	31.395
1250	39	1	62.59999999999999	62.96499999999999
1250	40	1	84.61194029850743	119.04975124378106
1250	41	1	57.78499999999999	115.19999999999997
1250	42	1	78.41499999999996	133.20499999999996
1250	43	1	108.89000000000003	45.87999999999999
1250	44	1	44.21499999999999	60.57000000000001
1250	45	1	111.185	173.16000000000003
1250	46	1	165.26999999999998	169.15499999999997
1250	47	1	171.34999999999994	119.94000000000001
1250	48	1	23.630000000000017	32.179999999999986
1250	49	1	159.28855721393043	12.731343283582092
1250	50	1	186.995	114.40500000000002
1250	51	1	71.42999999999996	119.34499999999998
1250	52	1	33.985	184.64999999999995
1250	53	1	23.714999999999996	58.97499999999999
1250	54	1	95.09500000000003	123.86499999999997
1250	55	1	112.66499999999999	156.60500000000005
1250	56	1	155.54271356783917	124.81407035175877
1250	57	1	123.22388059701494	162.5621890547264
1250	58	1	119.71859296482415	29.829145728643216
1250	59	1	168.49999999999997	23.724999999999994
1250	60	1	185.38500000000008	124.23
1250	61	1	163.8950000000001	51.224999999999994
1250	62	1	74.23000000000003	106.77499999999998
1250	63	1	35.349999999999994	166.07999999999996
1250	64	1	76.92537313432835	55.02487562189052
1250	65	1	97.86500000000002	38.28500000000002
1250	66	1	142.77500000000003	23.504999999999995
1250	67	1	173.36000000000004	11.230000000000002
1250	68	1	172.91959798994964	198.52763819095478
1250	69	1	156.12500000000009	43.90999999999999
1250	70	1	35.19999999999999	67.31000000000009
1250	71	1	48.20000000000001	122.07499999999997
1250	72	1	152.0149253731343	176.18407960199005
1250	73	1	32.804020100502484	47.286432160804
1250	74	1	122.33165829145729	178.53768844221102
1250	75	1	149.59798994974864	115.00502512562814
1260	1	2	10.02	10.050000000000004
1260	2	2	9.858585858585856	55.14141414141413
1260	3	2	9.879999999999997	99.87999999999998
1260	4	2	10.309278350515465	145.2164948453608
1260	5	2	10.000000000000002	189.73999999999995
1260	6	2	54.849999999999994	9.999999999999998
1260	7	2	55.30927835051546	54.78350515463916
1260	8	2	54.85858585858585	99.85858585858585
1260	9	2	54.71428571428571	145.74725274725276
1260	10	2	55.14141414141414	190.14141414141415
1260	11	2	100.06	9.850000000000001
1260	12	2	100.12	55.12000000000001
1260	13	2	99.97000000000003	99.60999999999999
1260	14	2	99.50000000000001	144.99999999999991
1260	15	2	100.06	190.10000000000002
1260	16	2	144.93999999999997	9.85
1260	17	2	145.09574468085103	55.41489361702127
1260	18	2	144.92000000000004	100.28
1260	19	2	145.1199999999999	144.76
1260	20	2	144.72916666666669	189.72916666666663
1260	21	2	190.17999999999992	10.11
1260	22	2	189.74	55.140000000000015
1260	23	2	189.64	100.20999999999998
1260	24	2	189.69072164948446	145.21649484536076
1260	25	2	189.99999999999994	189.73999999999995
1260	26	1	158.235	194.6799999999999
1260	27	1	63.84000000000003	131.50499999999988
1260	28	1	152.47499999999994	31.15000000000001
1260	29	1	164.78500000000003	184.06999999999994
1260	30	1	134.75499999999994	179.81500000000008
1260	31	1	136.32500000000007	33.20500000000001
1260	32	1	137.66499999999994	167.84999999999997
1260	33	1	34.3283582089552	113.56716417910451
1260	34	1	18.990000000000006	41.22999999999999
1260	35	1	127.75000000000001	17.22499999999999
1260	36	1	10.52261306532664	26.08040201005024
1260	37	1	176.06	178.77999999999997
1260	38	1	168.66000000000003	31.239999999999988
1260	39	1	62.62000000000002	63.064999999999976
1260	40	1	84.9950248756219	119.05472636815918
1260	41	1	57.845000000000006	115.14000000000004
1260	42	1	78.36318407960201	133.22885572139285
1260	43	1	109.81	45.589999999999996
1260	44	1	44.324999999999996	60.554999999999986
1260	45	1	111.23000000000005	172.82500000000005
1260	46	1	165.37000000000003	169.37000000000003
1260	47	1	171.16499999999996	119.87
1260	48	1	23.525	32.21000000000001
1260	49	1	159.20999999999998	12.815000000000001
1260	50	1	186.91499999999982	114.435
1260	51	1	71.42500000000005	119.47000000000004
1260	52	1	33.22000000000001	184.41
1260	53	1	23.370000000000005	59.70500000000001
1260	54	1	94.92999999999999	123.73999999999997
1260	55	1	112.05500000000002	155.95000000000005
1260	56	1	155.58208955223884	124.68656716417914
1260	57	1	122.76500000000001	162.82
1260	58	1	119.67999999999998	30.034999999999997
1260	59	1	168.48743718592976	23.73366834170854
1260	60	1	185.21105527638187	124.38190954773869
1260	61	1	163.93499999999986	51.195000000000014
1260	62	1	74.44776119402988	106.89552238805976
1260	63	1	35.359999999999985	166.47
1260	64	1	76.73499999999996	55.07499999999997
1260	65	1	98.16000000000004	38.68999999999999
1260	66	1	142.78499999999994	23.370000000000008
1260	67	1	173.55	11.330000000000002
1260	68	1	172.91	198.725
1260	69	1	156.02499999999992	43.89999999999998
1260	70	1	34.95	67.00999999999998
1260	71	1	48.316582914572884	122.19095477386934
1260	72	1	151.90000000000003	176.11999999999998
1260	73	1	32.74999999999999	47.35500000000001
1260	74	1	122.36999999999998	178.38
1260	75	1	150.21499999999992	114.85499999999998
1270	1	2	10.02	10.050000000000004
1270	2	2	9.858585858585856	55.14141414141413
1270	3	2	9.879999999999997	99.87999999999998
1270	4	2	10.309278350515465	145.2164948453608
1270	5	2	10.000000000000002	189.73999999999995
1270	6	2	54.849999999999994	9.999999999999998
1270	7	2	55.30927835051546	54.78350515463916
1270	8	2	54.85858585858585	99.85858585858585
1270	9	2	54.71428571428571	145.74725274725276
1270	10	2	55.14141414141414	190.14141414141415
1270	11	2	100.06	9.850000000000001
1270	12	2	100.12	55.12000000000001
1270	13	2	99.97000000000003	99.60999999999999
1270	14	2	99.50000000000001	144.99999999999991
1270	15	2	100.06	190.10000000000002
1270	16	2	144.93999999999997	9.85
1270	17	2	145.09574468085103	55.41489361702127
1270	18	2	144.92000000000004	100.28
1270	19	2	145.1199999999999	144.76
1270	20	2	144.72916666666669	189.72916666666663
1270	21	2	190.17999999999992	10.11
1270	22	2	189.74	55.140000000000015
1270	23	2	189.64	100.20999999999998
1270	24	2	189.69072164948446	145.21649484536076
1270	25	2	189.99999999999994	189.73999999999995
1270	26	1	158.19999999999996	194.55500000000004
1270	27	1	64.15500000000002	131.675
1270	28	1	152.51741293532345	30.935323383084583
1270	29	1	164.81500000000003	184.0699999999999
1270	30	1	134.80999999999995	179.56499999999997
1270	31	1	136.18500000000014	33.15500000000001
1270	32	1	137.81499999999997	167.8400000000001
1270	33	1	34.42000000000001	115.39999999999999
1270	34	1	19.125628140703505	41.306532663316595
1270	35	1	127.72500000000001	17.400000000000002
1270	36	1	10.540000000000006	26.170000000000012
1270	37	1	176.04000000000005	178.83499999999998
1270	38	1	168.63000000000005	31.324999999999985
1270	39	1	62.63819095477386	63.09045226130652
1270	40	1	84.87000000000006	118.90499999999999
1270	41	1	57.97	114.8
1270	42	1	78.96500000000006	133.245
1270	43	1	110.4726368159204	45.6218905472637
1270	44	1	44.53500000000003	60.80499999999999
1270	45	1	110.98000000000002	171.92500000000013
1270	46	1	165.17587939698493	169.3015075376883
1270	47	1	171.02010050251246	120.19095477386935
1270	48	1	23.530000000000012	32.164999999999985
1270	49	1	159.21499999999997	12.565000000000001
1270	50	1	186.81500000000003	114.39499999999994
1270	51	1	71.30500000000002	119.56499999999997
1270	52	1	32.97989949748743	184.22110552763826
1270	53	1	22.44221105527638	59.909547738693476
1270	54	1	94.85999999999997	123.60500000000006
1270	55	1	111.27	155.56999999999988
1270	56	1	155.49500000000006	124.88499999999995
1270	57	1	122.815	162.87000000000003
1270	58	1	119.515	30.254999999999985
1270	59	1	168.49999999999997	23.724999999999994
1270	60	1	185.11499999999987	124.465
1270	61	1	163.93	51.18500000000001
1270	62	1	74.3750000000001	106.88
1270	63	1	35.514999999999986	166.96
1270	64	1	76.77611940298507	55.124378109452756
1270	65	1	98.49499999999998	38.84000000000002
1270	66	1	142.66999999999996	23.34
1270	67	1	173.41499999999996	11.410000000000002
1270	68	1	172.89499999999995	198.725
1270	69	1	155.8849999999999	43.84500000000001
1270	70	1	34.5	66.17999999999998
1270	71	1	48.530000000000015	121.76
1270	72	1	151.88000000000005	176.13999999999993
1270	73	1	32.73	47.35000000000001
1270	74	1	122.14500000000002	178.42
1270	75	1	150.8600000000002	114.85999999999994
1280	1	2	10.02	10.050000000000004
1280	2	2	9.858585858585856	55.14141414141413
1280	3	2	9.879999999999997	99.87999999999998
1280	4	2	10.309278350515465	145.2164948453608
1280	5	2	10.000000000000002	189.73999999999995
1280	6	2	54.849999999999994	9.999999999999998
1280	7	2	55.30927835051546	54.78350515463916
1280	8	2	54.85858585858585	99.85858585858585
1280	9	2	54.71428571428571	145.74725274725276
1280	10	2	55.14141414141414	190.14141414141415
1280	11	2	100.06	9.850000000000001
1280	12	2	100.12	55.12000000000001
1280	13	2	99.97000000000003	99.60999999999999
1280	14	2	99.50000000000001	144.99999999999991
1280	15	2	100.06	190.10000000000002
1280	16	2	144.93999999999997	9.85
1280	17	2	145.09574468085103	55.41489361702127
1280	18	2	144.92000000000004	100.28
1280	19	2	145.1199999999999	144.76
1280	20	2	144.72916666666669	189.72916666666663
1280	21	2	190.17999999999992	10.11
1280	22	2	189.74	55.140000000000015
1280	23	2	189.64	100.20999999999998
1280	24	2	189.69072164948446	145.21649484536076
1280	25	2	189.99999999999994	189.73999999999995
1280	26	1	158.09000000000006	194.0799999999999
1280	27	1	64.645	131.915
1280	28	1	152.62499999999997	30.834999999999997
1280	29	1	164.85000000000002	184.10999999999999
1280	30	1	134.84	179.43499999999986
1280	31	1	136.28	33.13500000000001
1280	32	1	137.82499999999993	167.59000000000003
1280	33	1	34.44278606965174	117.62686567164181
1280	34	1	19.203980099502495	41.253731343283576
1280	35	1	127.66499999999999	17.46999999999999
1280	36	1	10.709999999999994	26.18500000000001
1280	37	1	176.06030150753767	178.90954773869345
1280	38	1	168.66499999999994	31.51499999999999
1280	39	1	62.74999999999998	63.12999999999998
1280	40	1	84.56500000000003	118.90499999999999
1280	41	1	58.069999999999986	114.81500000000005
1280	42	1	79.34328358208954	133.7313432835821
1280	43	1	111.34170854271355	45.4673366834171
1280	44	1	44.34328358208957	60.69154228855722
1280	45	1	111.14000000000001	171.6050000000001
1280	46	1	165.25999999999996	169.17999999999992
1280	47	1	170.99500000000006	120.13999999999997
1280	48	1	23.645	32.16
1280	49	1	159.12437810945266	12.014925373134322
1280	50	1	186.51999999999998	114.25500000000004
1280	51	1	71.21500000000002	119.73499999999994
1280	52	1	32.994999999999976	184.16500000000008
1280	53	1	22.019999999999992	60.29000000000002
1280	54	1	94.41	123.95499999999998
1280	55	1	111.10999999999996	155.13499999999988
1280	56	1	155.572864321608	124.77889447236178
1280	57	1	123.005	162.585
1280	58	1	119.49499999999999	30.369999999999987
1280	59	1	168.48743718592976	23.748743718592966
1280	60	1	185.09499999999997	124.39999999999999
1280	61	1	164.2349999999999	51.085
1280	62	1	74.37	106.87
1280	63	1	35.59000000000002	167.02500000000006
1280	64	1	76.76500000000004	55.16499999999999
1280	65	1	98.85572139303476	39.1592039800995
1280	66	1	142.72000000000003	23.33999999999998
1280	67	1	172.9249999999999	11.61
1280	68	1	172.915	198.73499999999999
1280	69	1	156.035	43.805
1280	70	1	34.225000000000016	65.75
1280	71	1	48.38999999999998	121.33
1280	72	1	151.87999999999997	176.28
1280	73	1	32.756218905472636	47.34825870646765
1280	74	1	122.25499999999994	178.10499999999993
1280	75	1	150.715	114.725
1290	1	2	10.02	10.050000000000004
1290	2	2	9.858585858585856	55.14141414141413
1290	3	2	9.879999999999997	99.87999999999998
1290	4	2	10.309278350515465	145.2164948453608
1290	5	2	10.000000000000002	189.73999999999995
1290	6	2	54.849999999999994	9.999999999999998
1290	7	2	55.30927835051546	54.78350515463916
1290	8	2	54.85858585858585	99.85858585858585
1290	9	2	54.71428571428571	145.74725274725276
1290	10	2	55.14141414141414	190.14141414141415
1290	11	2	100.06	9.850000000000001
1290	12	2	100.12	55.12000000000001
1290	13	2	99.97000000000003	99.60999999999999
1290	14	2	99.50000000000001	144.99999999999991
1290	15	2	100.06	190.10000000000002
1290	16	2	144.93999999999997	9.85
1290	17	2	145.09574468085103	55.41489361702127
1290	18	2	144.92000000000004	100.28
1290	19	2	145.1199999999999	144.76
1290	20	2	144.72916666666669	189.72916666666663
1290	21	2	190.17999999999992	10.11
1290	22	2	189.74	55.140000000000015
1290	23	2	189.64	100.20999999999998
1290	24	2	189.69072164948446	145.21649484536076
1290	25	2	189.99999999999994	189.73999999999995
1290	26	1	158.14999999999992	193.96999999999994
1290	27	1	65.14999999999995	132.04000000000002
1290	28	1	152.65999999999994	30.87500000000001
1290	29	1	164.82500000000002	184.02499999999995
1290	30	1	134.81499999999997	179.35000000000002
1290	31	1	136.42786069651737	33.109452736318424
1290	32	1	138.04500000000004	167.4949999999999
1290	33	1	34.66666666666666	119.6069651741293
1290	34	1	19.12562814070351	41.24120603015073
1290	35	1	127.70500000000004	17.615000000000002
1290	36	1	11.000000000000002	26.165000000000003
1290	37	1	176.00000000000003	178.7149999999999
1290	38	1	168.60301507537685	31.45728643216081
1290	39	1	62.70646766169154	63.49751243781092
1290	40	1	84.31499999999998	118.96500000000002
1290	41	1	57.73000000000001	114.78499999999997
1290	42	1	79.385	134.32500000000002
1290	43	1	111.52763819095479	45.909547738693455
1290	44	1	44.320000000000014	60.54499999999997
1290	45	1	111.32999999999996	170.66000000000005
1290	46	1	165.26500000000007	169.03499999999997
1290	47	1	171.13999999999996	120.24
1290	48	1	23.745	32.275000000000006
1290	49	1	158.84500000000006	11.780000000000005
1290	50	1	186.27499999999992	114.26000000000003
1290	51	1	70.94500000000005	119.73000000000002
1290	52	1	33.290000000000006	183.95499999999996
1290	53	1	21.839999999999996	60.32000000000002
1290	54	1	93.98500000000006	124.32
1290	55	1	110.74499999999999	154.175
1290	56	1	155.68999999999994	124.66000000000003
1290	57	1	123.10050251256283	162.58793969849248
1290	58	1	119.17500000000001	30.550000000000015
1290	59	1	168.49999999999997	23.724999999999994
1290	60	1	185.16	124.52000000000002
1290	61	1	164.44000000000005	50.9
1290	62	1	74.13000000000002	107.14999999999995
1290	63	1	36.03499999999998	167.24000000000007
1290	64	1	76.64499999999998	55.225
1290	65	1	99.44500000000001	39.370000000000026
1290	66	1	142.75000000000006	23.179999999999986
1290	67	1	172.57000000000005	11.785
1290	68	1	172.88	198.78
1290	69	1	155.86567164179112	44.084577114427866
1290	70	1	33.86069651741295	65.07960199004975
1290	71	1	48.05	120.755
1290	72	1	151.915	176.31500000000014
1290	73	1	32.82500000000003	47.37500000000001
1290	74	1	122.30499999999999	178.10499999999996
1290	75	1	150.96000000000004	114.33500000000001
1300	1	2	10.02	10.050000000000004
1300	2	2	9.858585858585856	55.14141414141413
1300	3	2	9.879999999999997	99.87999999999998
1300	4	2	10.309278350515465	145.2164948453608
1300	5	2	10.000000000000002	189.73999999999995
1300	6	2	54.849999999999994	9.999999999999998
1300	7	2	55.30927835051546	54.78350515463916
1300	8	2	54.85858585858585	99.85858585858585
1300	9	2	54.71428571428571	145.74725274725276
1300	10	2	55.14141414141414	190.14141414141415
1300	11	2	100.06	9.850000000000001
1300	12	2	100.12	55.12000000000001
1300	13	2	99.97000000000003	99.60999999999999
1300	14	2	99.50000000000001	144.99999999999991
1300	15	2	100.06	190.10000000000002
1300	16	2	144.93999999999997	9.85
1300	17	2	145.09574468085103	55.41489361702127
1300	18	2	144.92000000000004	100.28
1300	19	2	145.1199999999999	144.76
1300	20	2	144.72916666666669	189.72916666666663
1300	21	2	190.17999999999992	10.11
1300	22	2	189.74	55.140000000000015
1300	23	2	189.64	100.20999999999998
1300	24	2	189.69072164948446	145.21649484536076
1300	25	2	189.99999999999994	189.73999999999995
1300	26	1	158.38499999999996	194.1000000000002
1300	27	1	65.74129353233832	131.98009950248758
1300	28	1	152.515	31.070000000000014
1300	29	1	164.68000000000006	183.67499999999998
1300	30	1	134.65999999999997	179.30499999999995
1300	31	1	136.17999999999995	32.89
1300	32	1	138.00000000000003	167.58999999999992
1300	33	1	34.525000000000006	121.35999999999997
1300	34	1	19.18000000000002	41.33999999999999
1300	35	1	127.89999999999999	17.219999999999988
1300	36	1	11.020000000000001	26.21
1300	37	1	175.99000000000012	178.49
1300	38	1	168.63999999999996	31.520000000000007
1300	39	1	62.75499999999999	63.43999999999999
1300	40	1	84.13499999999996	118.96999999999998
1300	41	1	57.15000000000002	114.86500000000005
1300	42	1	79.52763819095479	135.11055276381907
1300	43	1	111.97999999999995	46.22499999999999
1300	44	1	44.34673366834172	60.517587939698494
1300	45	1	111.53500000000007	169.815
1300	46	1	165.56	168.8700000000001
1300	47	1	171.22000000000006	120.01499999999996
1300	48	1	23.815	32.23499999999999
1300	49	1	158.76500000000004	11.9
1300	50	1	186.19499999999996	114.18499999999999
1300	51	1	70.45500000000003	119.81500000000001
1300	52	1	33.66499999999999	183.80999999999997
1300	53	1	21.780000000000005	60.11
1300	54	1	93.61500000000002	124.67000000000007
1300	55	1	110.33999999999999	153.10999999999999
1300	56	1	155.63000000000002	124.52500000000002
1300	57	1	123.09	162.73499999999993
1300	58	1	119.42499999999997	30.460000000000008
1300	59	1	168.49999999999997	23.724999999999994
1300	60	1	185.21500000000003	124.58500000000002
1300	61	1	164.30499999999998	50.91999999999998
1300	62	1	74.28000000000003	107.37999999999995
1300	63	1	36.170854271356795	167.39195979899483
1300	64	1	76.87500000000003	55.245000000000026
1300	65	1	99.44776119402985	39.56716417910447
1300	66	1	142.84999999999997	23.034999999999993
1300	67	1	172.46000000000004	11.915000000000006
1300	68	1	172.63999999999993	198.71
1300	69	1	155.9449999999999	44.15000000000002
1300	70	1	33.714999999999996	64.97500000000002
1300	71	1	47.65326633165828	120.5427135678392
1300	72	1	151.7200000000001	176.35000000000005
1300	73	1	32.90000000000001	47.300000000000004
1300	74	1	122.00000000000003	178.30499999999995
1300	75	1	151.17999999999978	113.66000000000003
1310	1	2	10.02	10.050000000000004
1310	2	2	9.858585858585856	55.14141414141413
1310	3	2	9.879999999999997	99.87999999999998
1310	4	2	10.309278350515465	145.2164948453608
1310	5	2	10.000000000000002	189.73999999999995
1310	6	2	54.849999999999994	9.999999999999998
1310	7	2	55.30927835051546	54.78350515463916
1310	8	2	54.85858585858585	99.85858585858585
1310	9	2	54.71428571428571	145.74725274725276
1310	10	2	55.14141414141414	190.14141414141415
1310	11	2	100.06	9.850000000000001
1310	12	2	100.12	55.12000000000001
1310	13	2	99.97000000000003	99.60999999999999
1310	14	2	99.50000000000001	144.99999999999991
1310	15	2	100.06	190.10000000000002
1310	16	2	144.93999999999997	9.85
1310	17	2	145.09574468085103	55.41489361702127
1310	18	2	144.92000000000004	100.28
1310	19	2	145.1199999999999	144.76
1310	20	2	144.72916666666669	189.72916666666663
1310	21	2	190.17999999999992	10.11
1310	22	2	189.74	55.140000000000015
1310	23	2	189.64	100.20999999999998
1310	24	2	189.69072164948446	145.21649484536076
1310	25	2	189.99999999999994	189.73999999999995
1310	26	1	158.565	194.47500000000008
1310	27	1	65.64499999999998	131.76999999999998
1310	28	1	152.37999999999988	31.19
1310	29	1	164.56999999999996	183.61500000000012
1310	30	1	134.96482412060303	179.11557788944737
1310	31	1	136.21000000000006	33.035
1310	32	1	137.8756218905473	167.5373134328358
1310	33	1	34.49000000000001	122.35499999999996
1310	34	1	19.55721393034826	41.577114427860714
1310	35	1	127.72000000000001	17.205000000000002
1310	36	1	11.179999999999993	26.325000000000003
1310	37	1	175.8199999999999	178.49499999999998
1310	38	1	168.55000000000007	31.604999999999997
1310	39	1	62.70999999999997	63.785
1310	40	1	83.85499999999996	119.06500000000004
1310	41	1	56.144999999999996	114.87499999999999
1310	42	1	79.41206030150747	135.0150753768844
1310	43	1	112.60199004975131	46.5273631840796
1310	44	1	44.32500000000002	60.46499999999999
1310	45	1	111.62499999999994	169.07000000000002
1310	46	1	165.60499999999993	168.78
1310	47	1	171.25500000000005	120.06500000000004
1310	48	1	23.835000000000008	32.20999999999999
1310	49	1	158.90499999999994	12.009999999999998
1310	50	1	186.4099999999999	114.18999999999994
1310	51	1	69.81592039800991	119.24875621890551
1310	52	1	34.16500000000001	183.26499999999984
1310	53	1	21.46000000000002	60.07999999999998
1310	54	1	93.32499999999999	124.905
1310	55	1	110.24623115577887	152.61809045226138
1310	56	1	155.66999999999993	124.36000000000003
1310	57	1	122.80099502487562	163.26368159203992
1310	58	1	119.34500000000001	30.645000000000003
1310	59	1	168.56281407035178	23.703517587939707
1310	60	1	185.22499999999994	124.59
1310	61	1	164.30999999999995	50.82000000000001
1310	62	1	74.14499999999997	107.50000000000006
1310	63	1	36.109999999999985	167.30499999999998
1310	64	1	76.21	54.959999999999994
1310	65	1	99.69000000000003	39.71999999999997
1310	66	1	142.57500000000002	23.009999999999998
1310	67	1	172.57499999999993	11.930000000000007
1310	68	1	172.65499999999997	198.58
1310	69	1	155.8199999999998	44.08000000000002
1310	70	1	33.587064676616926	65.04477611940304
1310	71	1	47.390000000000036	120.34500000000004
1310	72	1	151.8	176.3899999999999
1310	73	1	32.96517412935324	47.62189054726367
1310	74	1	121.48756218905476	178.85074626865668
1310	75	1	152.135	112.74999999999999
1320	1	2	10.02	10.050000000000004
1320	2	2	9.858585858585856	55.14141414141413
1320	3	2	9.879999999999997	99.87999999999998
1320	4	2	10.309278350515465	145.2164948453608
1320	5	2	10.000000000000002	189.73999999999995
1320	6	2	54.849999999999994	9.999999999999998
1320	7	2	55.30927835051546	54.78350515463916
1320	8	2	54.85858585858585	99.85858585858585
1320	9	2	54.71428571428571	145.74725274725276
1320	10	2	55.14141414141414	190.14141414141415
1320	11	2	100.06	9.850000000000001
1320	12	2	100.12	55.12000000000001
1320	13	2	99.97000000000003	99.60999999999999
1320	14	2	99.50000000000001	144.99999999999991
1320	15	2	100.06	190.10000000000002
1320	16	2	144.93999999999997	9.85
1320	17	2	145.09574468085103	55.41489361702127
1320	18	2	144.92000000000004	100.28
1320	19	2	145.1199999999999	144.76
1320	20	2	144.72916666666669	189.72916666666663
1320	21	2	190.17999999999992	10.11
1320	22	2	189.74	55.140000000000015
1320	23	2	189.64	100.20999999999998
1320	24	2	189.69072164948446	145.21649484536076
1320	25	2	189.99999999999994	189.73999999999995
1320	26	1	158.3799999999999	194.26500000000001
1320	27	1	65.795	131.72499999999997
1320	28	1	152.37	31.46999999999999
1320	29	1	164.42999999999995	183.525
1320	30	1	135.21608040201	179.37688442211052
1320	31	1	136.47263681592042	33.13930348258707
1320	32	1	137.52999999999992	167.63000000000008
1320	33	1	34.26500000000001	123.26499999999999
1320	34	1	19.316582914572873	41.552763819095496
1320	35	1	127.63316582914574	17.3819095477387
1320	36	1	11.554999999999998	26.065000000000015
1320	37	1	175.71000000000004	178.3499999999999
1320	38	1	168.67999999999992	31.81500000000001
1320	39	1	62.73631840796022	63.81592039800992
1320	40	1	84.09000000000003	119.05000000000004
1320	41	1	55.70149253731343	114.54726368159204
1320	42	1	79.435	134.51999999999995
1320	43	1	112.58208955223886	46.70646766169155
1320	44	1	44.27500000000001	60.40999999999998
1320	45	1	111.62499999999996	168.95000000000002
1320	46	1	165.40500000000003	168.735
1320	47	1	170.89000000000004	120.48000000000002
1320	48	1	24.009950248756226	32.432835820895534
1320	49	1	159.13000000000014	12.184999999999999
1320	50	1	186.11999999999995	114.10000000000004
1320	51	1	69.00497512437809	118.10447761194027
1320	52	1	35.455	182.36
1320	53	1	21.44500000000001	59.910000000000004
1320	54	1	93.18499999999997	125.18500000000002
1320	55	1	110.59296482412066	153.03015075376877
1320	56	1	155.80000000000004	124.59500000000001
1320	57	1	122.785	163.46500000000003
1320	58	1	119.52499999999993	30.58
1320	59	1	168.44221105527635	23.70351758793969
1320	60	1	185.26000000000005	124.45499999999994
1320	61	1	165.00500000000002	50.47500000000003
1320	62	1	75.03500000000005	108.075
1320	63	1	35.85500000000002	167.20999999999992
1320	64	1	75.18999999999998	54.73499999999999
1320	65	1	99.55223880597013	40.089552238805986
1320	66	1	142.52499999999998	22.789999999999992
1320	67	1	172.62500000000014	12.045
1320	68	1	172.295	198.265
1320	69	1	156.20499999999993	44.07
1320	70	1	33.58000000000001	65.11499999999998
1320	71	1	47.33499999999999	120.15999999999998
1320	72	1	151.48241206030156	175.94974874371857
1320	73	1	32.92537313432835	47.75124378109451
1320	74	1	121.10945273631845	179.21393034825874
1320	75	1	152.92039800995025	112.22388059701487
1330	1	2	10.02	10.050000000000004
1330	2	2	9.858585858585856	55.14141414141413
1330	3	2	9.879999999999997	99.87999999999998
1330	4	2	10.309278350515465	145.2164948453608
1330	5	2	10.000000000000002	189.73999999999995
1330	6	2	54.849999999999994	9.999999999999998
1330	7	2	55.30927835051546	54.78350515463916
1330	8	2	54.85858585858585	99.85858585858585
1330	9	2	54.71428571428571	145.74725274725276
1330	10	2	55.14141414141414	190.14141414141415
1330	11	2	100.06	9.850000000000001
1330	12	2	100.12	55.12000000000001
1330	13	2	99.97000000000003	99.60999999999999
1330	14	2	99.50000000000001	144.99999999999991
1330	15	2	100.06	190.10000000000002
1330	16	2	144.93999999999997	9.85
1330	17	2	145.09574468085103	55.41489361702127
1330	18	2	144.92000000000004	100.28
1330	19	2	145.1199999999999	144.76
1330	20	2	144.72916666666669	189.72916666666663
1330	21	2	190.17999999999992	10.11
1330	22	2	189.74	55.140000000000015
1330	23	2	189.64	100.20999999999998
1330	24	2	189.69072164948446	145.21649484536076
1330	25	2	189.99999999999994	189.73999999999995
1330	26	1	158.38999999999993	194.1600000000001
1330	27	1	65.9900497512438	131.54228855721394
1330	28	1	152.27500000000006	31.359999999999992
1330	29	1	164.55	183.36500000000012
1330	30	1	135.61999999999998	179.41499999999996
1330	31	1	136.47738693467338	33.14070351758794
1330	32	1	137.38000000000005	167.38999999999976
1330	33	1	34.03	124.11000000000006
1330	34	1	18.979999999999993	41.42000000000004
1330	35	1	127.84500000000004	17.41999999999998
1330	36	1	12.084999999999992	25.734999999999996
1330	37	1	175.7300000000002	178.45500000000007
1330	38	1	168.7150000000001	32.01499999999999
1330	39	1	63.17999999999998	63.664999999999964
1330	40	1	83.995	118.95499999999996
1330	41	1	55.46000000000003	114.28499999999997
1330	42	1	79.53499999999997	134.5749999999999
1330	43	1	113.06500000000001	46.65
1330	44	1	44.36	60.38999999999998
1330	45	1	111.64824120603019	169.251256281407
1330	46	1	165.48000000000002	168.61000000000013
1330	47	1	170.77499999999998	120.62499999999999
1330	48	1	24.015000000000015	32.38000000000002
1330	49	1	159.205	12.094999999999995
1330	50	1	186.17999999999984	114.11500000000004
1330	51	1	68.21999999999998	117.14499999999998
1330	52	1	35.970000000000006	181.67000000000007
1330	53	1	21.525	59.844999999999985
1330	54	1	92.90000000000003	125.22
1330	55	1	110.59000000000005	153.15
1330	56	1	155.79999999999998	124.26499999999997
1330	57	1	122.71000000000001	163.46500000000006
1330	58	1	119.36	30.729999999999976
1330	59	1	168.49999999999997	23.724999999999994
1330	60	1	185.30999999999995	124.46999999999998
1330	61	1	166.32000000000005	49.76999999999999
1330	62	1	74.93500000000003	108.6500000000001
1330	63	1	35.22499999999997	167.38500000000005
1330	64	1	74.81909547738687	54.67839195979901
1330	65	1	100.00000000000003	40.25999999999999
1330	66	1	142.51256281407038	22.718592964824122
1330	67	1	172.55778894472363	11.92964824120603
1330	68	1	172.10500000000002	198.3
1330	69	1	156.24875621890538	43.910447761194064
1330	70	1	33.79000000000001	64.745
1330	71	1	47.34000000000001	120.02499999999998
1330	72	1	151.22110552763814	175.9246231155779
1330	73	1	32.85499999999999	47.394999999999996
1330	74	1	121.01999999999995	179.555
1330	75	1	154.38500000000002	111.125
1340	1	2	10.02	10.050000000000004
1340	2	2	9.858585858585856	55.14141414141413
1340	3	2	9.879999999999997	99.87999999999998
1340	4	2	10.309278350515465	145.2164948453608
1340	5	2	10.000000000000002	189.73999999999995
1340	6	2	54.849999999999994	9.999999999999998
1340	7	2	55.30927835051546	54.78350515463916
1340	8	2	54.85858585858585	99.85858585858585
1340	9	2	54.71428571428571	145.74725274725276
1340	10	2	55.14141414141414	190.14141414141415
1340	11	2	100.06	9.850000000000001
1340	12	2	100.12	55.12000000000001
1340	13	2	99.97000000000003	99.60999999999999
1340	14	2	99.50000000000001	144.99999999999991
1340	15	2	100.06	190.10000000000002
1340	16	2	144.93999999999997	9.85
1340	17	2	145.09574468085103	55.41489361702127
1340	18	2	144.92000000000004	100.28
1340	19	2	145.1199999999999	144.76
1340	20	2	144.72916666666669	189.72916666666663
1340	21	2	190.17999999999992	10.11
1340	22	2	189.74	55.140000000000015
1340	23	2	189.64	100.20999999999998
1340	24	2	189.69072164948446	145.21649484536076
1340	25	2	189.99999999999994	189.73999999999995
1340	26	1	158.43	194.18
1340	27	1	65.62	131.12500000000003
1340	28	1	152.17500000000004	31.595
1340	29	1	164.60000000000005	183.50500000000008
1340	30	1	135.64000000000001	179.48500000000007
1340	31	1	136.26500000000004	32.91
1340	32	1	137.3930348258706	167.3781094527363
1340	33	1	33.92000000000003	124.12499999999996
1340	34	1	18.999999999999993	41.46499999999999
1340	35	1	127.66169154228857	17.4726368159204
1340	36	1	12.344999999999995	25.680000000000003
1340	37	1	175.55499999999995	178.2949999999999
1340	38	1	168.53999999999994	32.10500000000001
1340	39	1	63.62999999999999	63.469999999999985
1340	40	1	83.88999999999997	118.86499999999995
1340	41	1	54.572864321608066	113.87939698492471
1340	42	1	79.60696517412931	134.57711442786064
1340	43	1	113.36500000000002	46.655
1340	44	1	44.42999999999999	60.565
1340	45	1	111.49000000000004	169.53999999999988
1340	46	1	165.31000000000003	168.58500000000004
1340	47	1	170.58499999999992	120.67500000000003
1340	48	1	23.894999999999992	32.32999999999998
1340	49	1	159.15000000000003	12.105000000000002
1340	50	1	186.1859296482411	114.22613065326627
1340	51	1	67.74000000000001	116.99499999999996
1340	52	1	36.427860696517406	180.85074626865674
1340	53	1	21.545000000000005	59.72500000000002
1340	54	1	92.90000000000003	125.23999999999995
1340	55	1	111.07500000000002	153.24499999999995
1340	56	1	155.86499999999995	124.23999999999995
1340	57	1	122.80000000000001	163.2899999999999
1340	58	1	119.17500000000003	30.649999999999988
1340	59	1	168.49999999999997	23.724999999999994
1340	60	1	185.025	124.56500000000001
1340	61	1	167.39999999999995	49.364999999999995
1340	62	1	74.51500000000001	108.90999999999998
1340	63	1	33.61194029850747	167.96517412935316
1340	64	1	74.49751243781095	54.26865671641792
1340	65	1	99.96019900497515	40.492537313432834
1340	66	1	142.67999999999992	22.6
1340	67	1	172.73499999999996	12.009999999999998
1340	68	1	171.92500000000007	198.455
1340	69	1	156.33000000000004	44.08999999999999
1340	70	1	33.65999999999998	64.70500000000001
1340	71	1	47.37000000000004	120.04000000000002
1340	72	1	151.19095477386932	175.83919597989953
1340	73	1	32.93499999999999	47.299999999999976
1340	74	1	121.07500000000005	179.41000000000003
1340	75	1	154.78499999999997	110.73000000000002
1350	1	2	10.02	10.050000000000004
1350	2	2	9.858585858585856	55.14141414141413
1350	3	2	9.879999999999997	99.87999999999998
1350	4	2	10.309278350515465	145.2164948453608
1350	5	2	10.000000000000002	189.73999999999995
1350	6	2	54.849999999999994	9.999999999999998
1350	7	2	55.30927835051546	54.78350515463916
1350	8	2	54.85858585858585	99.85858585858585
1350	9	2	54.71428571428571	145.74725274725276
1350	10	2	55.14141414141414	190.14141414141415
1350	11	2	100.06	9.850000000000001
1350	12	2	100.12	55.12000000000001
1350	13	2	99.97000000000003	99.60999999999999
1350	14	2	99.50000000000001	144.99999999999991
1350	15	2	100.06	190.10000000000002
1350	16	2	144.93999999999997	9.85
1350	17	2	145.09574468085103	55.41489361702127
1350	18	2	144.92000000000004	100.28
1350	19	2	145.1199999999999	144.76
1350	20	2	144.72916666666669	189.72916666666663
1350	21	2	190.17999999999992	10.11
1350	22	2	189.74	55.140000000000015
1350	23	2	189.64	100.20999999999998
1350	24	2	189.69072164948446	145.21649484536076
1350	25	2	189.99999999999994	189.73999999999995
1350	26	1	158.27500000000012	194.11999999999995
1350	27	1	65.63499999999999	130.97499999999997
1350	28	1	152.18999999999994	31.704999999999995
1350	29	1	164.77114427860698	183.6716417910448
1350	30	1	135.63000000000005	179.47000000000003
1350	31	1	136.5771144278607	33.069651741293534
1350	32	1	137.2663316582916	167.43718592964828
1350	33	1	34.16000000000001	123.79000000000008
1350	34	1	19.065000000000005	41.32999999999997
1350	35	1	127.69000000000001	17.625000000000004
1350	36	1	12.395000000000001	25.480000000000004
1350	37	1	175.47	177.9900000000001
1350	38	1	168.585	32.190000000000005
1350	39	1	63.855000000000004	63.440000000000026
1350	40	1	83.95500000000007	118.61499999999995
1350	41	1	54.405000000000015	113.78500000000004
1350	42	1	79.53500000000001	134.31499999999988
1350	43	1	113.16417910447768	47.42288557213931
1350	44	1	44.640000000000015	60.64500000000001
1350	45	1	111.52000000000005	169.83999999999986
1350	46	1	165.27999999999997	168.49000000000007
1350	47	1	170.56	120.27499999999999
1350	48	1	23.86500000000001	32.184999999999995
1350	49	1	159.11499999999998	12.075000000000005
1350	50	1	186.25500000000002	114.23499999999997
1350	51	1	67.68000000000002	116.95500000000006
1350	52	1	36.636815920397986	180.12437810945272
1350	53	1	21.5929648241206	59.45226130653268
1350	54	1	92.88999999999997	125.23500000000001
1350	55	1	111.13999999999997	153.3050000000001
1350	56	1	155.83999999999995	124.15999999999995
1350	57	1	122.76500000000004	163.15999999999997
1350	58	1	119.11500000000001	30.69999999999999
1350	59	1	168.49999999999997	23.724999999999994
1350	60	1	184.74000000000007	124.59500000000004
1350	61	1	167.95477386934675	49.39698492462312
1350	62	1	74.63000000000005	108.79999999999998
1350	63	1	32.04477611940298	167.94527363184085
1350	64	1	74.70499999999993	54.38499999999997
1350	65	1	100.34499999999997	40.474999999999994
1350	66	1	142.79999999999998	22.5
1350	67	1	172.64000000000004	11.800000000000008
1350	68	1	171.86499999999998	198.34
1350	69	1	156.465	44.09499999999998
1350	70	1	33.81499999999999	64.59500000000003
1350	71	1	47.584999999999994	120.12500000000009
1350	72	1	151.21499999999995	175.87500000000006
1350	73	1	32.964999999999996	47.119999999999976
1350	74	1	121.14999999999996	179.43000000000006
1350	75	1	155.1691542288556	110.5422885572139
1360	1	2	10.02	10.050000000000004
1360	2	2	9.858585858585856	55.14141414141413
1360	3	2	9.879999999999997	99.87999999999998
1360	4	2	10.309278350515465	145.2164948453608
1360	5	2	10.000000000000002	189.73999999999995
1360	6	2	54.849999999999994	9.999999999999998
1360	7	2	55.30927835051546	54.78350515463916
1360	8	2	54.85858585858585	99.85858585858585
1360	9	2	54.71428571428571	145.74725274725276
1360	10	2	55.14141414141414	190.14141414141415
1360	11	2	100.06	9.850000000000001
1360	12	2	100.12	55.12000000000001
1360	13	2	99.97000000000003	99.60999999999999
1360	14	2	99.50000000000001	144.99999999999991
1360	15	2	100.06	190.10000000000002
1360	16	2	144.93999999999997	9.85
1360	17	2	145.09574468085103	55.41489361702127
1360	18	2	144.92000000000004	100.28
1360	19	2	145.1199999999999	144.76
1360	20	2	144.72916666666669	189.72916666666663
1360	21	2	190.17999999999992	10.11
1360	22	2	189.74	55.140000000000015
1360	23	2	189.64	100.20999999999998
1360	24	2	189.69072164948446	145.21649484536076
1360	25	2	189.99999999999994	189.73999999999995
1360	26	1	158.08499999999992	194.04000000000008
1360	27	1	65.73	130.99999999999994
1360	28	1	152.16500000000005	31.689999999999994
1360	29	1	164.7537688442211	183.80402010050253
1360	30	1	135.6950000000001	179.48499999999999
1360	31	1	136.5074626865672	33.10945273631841
1360	32	1	137.04000000000005	167.3350000000002
1360	33	1	34.40499999999996	123.27000000000002
1360	34	1	19.034999999999997	41.15499999999998
1360	35	1	127.805	17.609999999999992
1360	36	1	12.564999999999998	25.185
1360	37	1	175.24000000000004	178.245
1360	38	1	168.53999999999994	32.16000000000002
1360	39	1	63.865	63.439999999999976
1360	40	1	84.035	118.52499999999999
1360	41	1	54.2	113.62999999999997
1360	42	1	79.46000000000008	133.95499999999987
1360	43	1	113.58000000000003	48.51000000000001
1360	44	1	44.69499999999998	60.675000000000004
1360	45	1	111.475	169.55999999999997
1360	46	1	165.14	168.535
1360	47	1	169.9045226130652	119.95979899497486
1360	48	1	23.840000000000018	32.095
1360	49	1	159.05025125628137	12.1859296482412
1360	50	1	186.06532663316582	114.4472361809045
1360	51	1	67.65500000000004	116.98500000000001
1360	52	1	36.38000000000002	179.56000000000003
1360	53	1	21.54000000000002	59.38
1360	54	1	93.05499999999998	125.155
1360	55	1	111.345	153.36999999999992
1360	56	1	155.42999999999986	124.18500000000007
1360	57	1	122.6766169154229	163.22388059701484
1360	58	1	118.98999999999998	30.574999999999978
1360	59	1	168.49999999999997	23.724999999999994
1360	60	1	183.57500000000005	124.935
1360	61	1	168.0699999999999	49.449999999999996
1360	62	1	74.515	108.68999999999997
1360	63	1	29.780000000000012	167.72500000000002
1360	64	1	74.32000000000001	54.11000000000001
1360	65	1	101.21000000000002	41.004999999999995
1360	66	1	142.8449999999999	22.439999999999987
1360	67	1	172.6450000000001	11.714999999999993
1360	68	1	171.65999999999997	198.405
1360	69	1	156.57500000000005	44.035
1360	70	1	33.84422110552765	64.48743718592966
1360	71	1	47.73366834170854	119.77889447236184
1360	72	1	151.12	175.75999999999976
1360	73	1	32.94500000000002	47.20500000000003
1360	74	1	121.05527638190954	179.44221105527637
1360	75	1	155.58	110.23999999999997
1370	1	2	10.02	10.050000000000004
1370	2	2	9.858585858585856	55.14141414141413
1370	3	2	9.879999999999997	99.87999999999998
1370	4	2	10.309278350515465	145.2164948453608
1370	5	2	10.000000000000002	189.73999999999995
1370	6	2	54.849999999999994	9.999999999999998
1370	7	2	55.30927835051546	54.78350515463916
1370	8	2	54.85858585858585	99.85858585858585
1370	9	2	54.71428571428571	145.74725274725276
1370	10	2	55.14141414141414	190.14141414141415
1370	11	2	100.06	9.850000000000001
1370	12	2	100.12	55.12000000000001
1370	13	2	99.97000000000003	99.60999999999999
1370	14	2	99.50000000000001	144.99999999999991
1370	15	2	100.06	190.10000000000002
1370	16	2	144.93999999999997	9.85
1370	17	2	145.09574468085103	55.41489361702127
1370	18	2	144.92000000000004	100.28
1370	19	2	145.1199999999999	144.76
1370	20	2	144.72916666666669	189.72916666666663
1370	21	2	190.17999999999992	10.11
1370	22	2	189.74	55.140000000000015
1370	23	2	189.64	100.20999999999998
1370	24	2	189.69072164948446	145.21649484536076
1370	25	2	189.99999999999994	189.73999999999995
1370	26	1	158.14999999999998	194.42999999999998
1370	27	1	65.94000000000003	131.14000000000001
1370	28	1	152.09499999999997	31.840000000000007
1370	29	1	164.57500000000005	183.57999999999987
1370	30	1	135.4400000000001	179.425
1370	31	1	136.62189054726366	33.13930348258709
1370	32	1	137.17499999999987	167.36999999999998
1370	33	1	34.715	122.69999999999999
1370	34	1	19.24500000000001	41.06999999999999
1370	35	1	127.86432160804024	17.864321608040186
1370	36	1	12.449999999999992	25.244999999999997
1370	37	1	174.92	178.03
1370	38	1	168.49748743718592	32.23618090452262
1370	39	1	64.15499999999999	63.72499999999999
1370	40	1	84.235	118.335
1370	41	1	54.54999999999999	113.91500000000003
1370	42	1	79.61809045226134	134.0552763819095
1370	43	1	113.72361809045223	50.01507537688444
1370	44	1	44.54	60.394999999999996
1370	45	1	111.56	169.26500000000001
1370	46	1	164.74999999999997	168.14
1370	47	1	169.53000000000003	119.61999999999998
1370	48	1	24.034999999999997	31.969999999999995
1370	49	1	159.03000000000011	12.420000000000002
1370	50	1	185.78000000000011	114.53999999999999
1370	51	1	67.68500000000002	117.005
1370	52	1	36.584999999999965	178.17499999999998
1370	53	1	21.614999999999995	59.50999999999997
1370	54	1	93.02999999999999	125.37499999999996
1370	55	1	111.85500000000003	153.22
1370	56	1	155.31155778894458	124.01005025125629
1370	57	1	122.56999999999995	163.48000000000002
1370	58	1	118.73499999999996	30.889999999999986
1370	59	1	168.49999999999997	23.724999999999994
1370	60	1	182.7810945273632	125.26865671641791
1370	61	1	168.84422110552757	49.693467336683426
1370	62	1	74.47738693467338	108.93467336683415
1370	63	1	27.514999999999993	167.37999999999994
1370	64	1	73.72499999999997	53.81500000000001
1370	65	1	102.25373134328358	41.512437810945286
1370	66	1	142.84000000000006	22.245000000000008
1370	67	1	172.66499999999994	11.795
1370	68	1	171.58291457286435	198.2110552763819
1370	69	1	156.99499999999998	44.33
1370	70	1	33.835	64.88499999999999
1370	71	1	47.81999999999998	119.34500000000006
1370	72	1	151.19000000000003	176.1049999999999
1370	73	1	32.905000000000015	47.24000000000001
1370	74	1	121.00000000000003	179.5223880597014
1370	75	1	155.64499999999998	109.985
1380	1	2	10.02	10.050000000000004
1380	2	2	9.858585858585856	55.14141414141413
1380	3	2	9.879999999999997	99.87999999999998
1380	4	2	10.309278350515465	145.2164948453608
1380	5	2	10.000000000000002	189.73999999999995
1380	6	2	54.849999999999994	9.999999999999998
1380	7	2	55.30927835051546	54.78350515463916
1380	8	2	54.85858585858585	99.85858585858585
1380	9	2	54.71428571428571	145.74725274725276
1380	10	2	55.14141414141414	190.14141414141415
1380	11	2	100.06	9.850000000000001
1380	12	2	100.12	55.12000000000001
1380	13	2	99.97000000000003	99.60999999999999
1380	14	2	99.50000000000001	144.99999999999991
1380	15	2	100.06	190.10000000000002
1380	16	2	144.93999999999997	9.85
1380	17	2	145.09574468085103	55.41489361702127
1380	18	2	144.92000000000004	100.28
1380	19	2	145.1199999999999	144.76
1380	20	2	144.72916666666669	189.72916666666663
1380	21	2	190.17999999999992	10.11
1380	22	2	189.74	55.140000000000015
1380	23	2	189.64	100.20999999999998
1380	24	2	189.69072164948446	145.21649484536076
1380	25	2	189.99999999999994	189.73999999999995
1380	26	1	158.54500000000007	194.815
1380	27	1	66.18000000000005	131.79000000000008
1380	28	1	152.1950000000001	31.97999999999999
1380	29	1	164.465	183.0100000000001
1380	30	1	135.50999999999985	179.58000000000004
1380	31	1	136.70999999999998	33.045
1380	32	1	137.04975124378103	167.50746268656715
1380	33	1	34.639999999999986	122.71
1380	34	1	19.18500000000001	41.23999999999995
1380	35	1	128.07500000000005	17.805
1380	36	1	12.425000000000004	25.350000000000012
1380	37	1	175.12500000000006	178.1750000000001
1380	38	1	168.33999999999992	32.26999999999999
1380	39	1	64.18	64.39500000000002
1380	40	1	84.165	118.28499999999995
1380	41	1	54.93000000000002	114.39000000000001
1380	42	1	79.46999999999998	134.13000000000005
1380	43	1	113.51000000000005	51.31499999999998
1380	44	1	44.51500000000002	60.33999999999999
1380	45	1	111.60000000000001	168.7850000000001
1380	46	1	164.80500000000006	167.91500000000005
1380	47	1	168.82412060301507	119.48241206030147
1380	48	1	23.92499999999999	32.000000000000014
1380	49	1	159.17499999999995	12.355000000000002
1380	50	1	185.66500000000008	114.61
1380	51	1	67.70499999999994	117.14999999999995
1380	52	1	36.729999999999976	176.48499999999993
1380	53	1	21.775000000000002	59.20999999999999
1380	54	1	92.92999999999998	125.42999999999996
1380	55	1	113.31840796019898	152.69651741293532
1380	56	1	155.39499999999995	123.92000000000002
1380	57	1	122.44221105527636	163.39195979899498
1380	58	1	118.48499999999997	31.144999999999985
1380	59	1	168.49999999999997	23.724999999999994
1380	60	1	182.20499999999993	125.40500000000002
1380	61	1	169.43499999999992	50.20000000000001
1380	62	1	74.41999999999993	108.91999999999994
1380	63	1	25	167.80597014925377
1380	64	1	73.08499999999998	53.65
1380	65	1	103.22000000000003	41.435000000000024
1380	66	1	142.85500000000005	22.259999999999998
1380	67	1	172.73500000000004	11.63
1380	68	1	171.80499999999992	197.545
1380	69	1	157.1206030150754	44.58793969849245
1380	70	1	33.930000000000014	65.33499999999998
1380	71	1	47.565	119.10000000000001
1380	72	1	151.32999999999996	176.49000000000004
1380	73	1	33.01999999999999	47.54000000000002
1380	74	1	121.23500000000003	179.2849999999999
1380	75	1	155.97499999999997	109.60000000000001
1390	1	2	10.02	10.050000000000004
1390	2	2	9.858585858585856	55.14141414141413
1390	3	2	9.879999999999997	99.87999999999998
1390	4	2	10.309278350515465	145.2164948453608
1390	5	2	10.000000000000002	189.73999999999995
1390	6	2	54.849999999999994	9.999999999999998
1390	7	2	55.30927835051546	54.78350515463916
1390	8	2	54.85858585858585	99.85858585858585
1390	9	2	54.71428571428571	145.74725274725276
1390	10	2	55.14141414141414	190.14141414141415
1390	11	2	100.06	9.850000000000001
1390	12	2	100.12	55.12000000000001
1390	13	2	99.97000000000003	99.60999999999999
1390	14	2	99.50000000000001	144.99999999999991
1390	15	2	100.06	190.10000000000002
1390	16	2	144.93999999999997	9.85
1390	17	2	145.09574468085103	55.41489361702127
1390	18	2	144.92000000000004	100.28
1390	19	2	145.1199999999999	144.76
1390	20	2	144.72916666666669	189.72916666666663
1390	21	2	190.17999999999992	10.11
1390	22	2	189.74	55.140000000000015
1390	23	2	189.64	100.20999999999998
1390	24	2	189.69072164948446	145.21649484536076
1390	25	2	189.99999999999994	189.73999999999995
1390	26	1	158.57999999999996	195.00000000000006
1390	27	1	66.4925373134328	132.46268656716424
1390	28	1	152.26999999999992	31.889999999999993
1390	29	1	164.52000000000007	182.7099999999999
1390	30	1	135.1959798994975	179.75879396984934
1390	31	1	136.86999999999986	33.01000000000002
1390	32	1	137.275	167.58999999999992
1390	33	1	34.35499999999999	122.37999999999998
1390	34	1	19.386934673366827	41.4773869346734
1390	35	1	128.19	17.560000000000006
1390	36	1	12.435000000000002	25.465000000000014
1390	37	1	175.14000000000004	178.16
1390	38	1	168.19402985074626	32.77611940298509
1390	39	1	64.21000000000002	65.15499999999999
1390	40	1	84.15999999999997	118.45000000000002
1390	41	1	55.22000000000002	114.71000000000002
1390	42	1	79.36	134.24
1390	43	1	113.12999999999995	52.63
1390	44	1	45.16	60.43499999999999
1390	45	1	111.54999999999998	168.75499999999997
1390	46	1	164.55721393034824	167.8706467661691
1390	47	1	168.4449999999999	119.35000000000005
1390	48	1	23.83	32.04
1390	49	1	159.27999999999994	12.410000000000005
1390	50	1	185.27500000000003	114.66999999999999
1390	51	1	67.765	117.29999999999995
1390	52	1	37.555	173.29500000000002
1390	53	1	22.055000000000007	58.855000000000004
1390	54	1	92.99000000000002	125.41
1390	55	1	113.62499999999996	152.6450000000001
1390	56	1	155.88499999999982	123.99
1390	57	1	122.41999999999996	163.49999999999991
1390	58	1	118.40999999999998	30.955000000000002
1390	59	1	168.54773869346732	23.688442211055285
1390	60	1	181.75	125.78000000000004
1390	61	1	169.785	50.614999999999995
1390	62	1	74.29500000000002	109.03499999999998
1390	63	1	23.16	167.74499999999998
1390	64	1	73.09500000000001	53.789999999999985
1390	65	1	103.86567164179108	41.45273631840796
1390	66	1	142.7249999999999	22.185000000000006
1390	67	1	172.5849999999999	11.92500000000001
1390	68	1	171.67500000000004	197.395
1390	69	1	157.1343283582089	44.78606965174131
1390	70	1	34.09499999999997	65.20499999999998
1390	71	1	47.315000000000005	118.88999999999997
1390	72	1	151.17910447761187	177.06965174129365
1390	73	1	33.33500000000002	47.41000000000003
1390	74	1	121.28999999999999	179.325
1390	75	1	156.01499999999993	109.50000000000001
1400	1	2	10.02	10.050000000000004
1400	2	2	9.858585858585856	55.14141414141413
1400	3	2	9.879999999999997	99.87999999999998
1400	4	2	10.309278350515465	145.2164948453608
1400	5	2	10.000000000000002	189.73999999999995
1400	6	2	54.849999999999994	9.999999999999998
1400	7	2	55.30927835051546	54.78350515463916
1400	8	2	54.85858585858585	99.85858585858585
1400	9	2	54.71428571428571	145.74725274725276
1400	10	2	55.14141414141414	190.14141414141415
1400	11	2	100.06	9.850000000000001
1400	12	2	100.12	55.12000000000001
1400	13	2	99.97000000000003	99.60999999999999
1400	14	2	99.50000000000001	144.99999999999991
1400	15	2	100.06	190.10000000000002
1400	16	2	144.93999999999997	9.85
1400	17	2	145.09574468085103	55.41489361702127
1400	18	2	144.92000000000004	100.28
1400	19	2	145.1199999999999	144.76
1400	20	2	144.72916666666669	189.72916666666663
1400	21	2	190.17999999999992	10.11
1400	22	2	189.74	55.140000000000015
1400	23	2	189.64	100.20999999999998
1400	24	2	189.69072164948446	145.21649484536076
1400	25	2	189.99999999999994	189.73999999999995
1400	26	1	158.77999999999992	194.95000000000005
1400	27	1	66.50499999999998	132.715
1400	28	1	152.42	31.529999999999998
1400	29	1	164.39	182.52500000000003
1400	30	1	135.2562814070352	179.8442211055277
1400	31	1	137.2400000000001	33.000000000000014
1400	32	1	137.23500000000004	167.57499999999993
1400	33	1	34.455	121.76000000000002
1400	34	1	19.86	41.70500000000002
1400	35	1	128.13499999999996	17.27
1400	36	1	12.71	25.505000000000003
1400	37	1	175.40298507462683	178.85572139303488
1400	38	1	168.2039800995024	32.68159203980099
1400	39	1	63.870000000000005	65.48499999999994
1400	40	1	84.09000000000002	118.66000000000007
1400	41	1	55.410000000000025	114.81
1400	42	1	79.38000000000004	134.38000000000005
1400	43	1	112.89	53.81
1400	44	1	45.824999999999996	60.70500000000002
1400	45	1	111.57999999999997	168.86
1400	46	1	164.975	167.89000000000004
1400	47	1	168.4449999999999	119.23000000000005
1400	48	1	24.040201005025132	32.125628140703505
1400	49	1	159.43216080402007	12.065326633165828
1400	50	1	185.95024875621883	114.99502487562191
1400	51	1	67.79499999999996	117.36500000000005
1400	52	1	38.330000000000034	172.03
1400	53	1	22.105	58.65500000000002
1400	54	1	92.88	125.50500000000001
1400	55	1	113.60199004975121	152.77611940298516
1400	56	1	156.3930348258705	124.04975124378115
1400	57	1	122.40000000000003	163.57
1400	58	1	118.27499999999999	30.570000000000025
1400	59	1	168.44221105527635	23.70351758793969
1400	60	1	181.26000000000002	126.01000000000003
1400	61	1	170.1049999999999	50.58500000000001
1400	62	1	74.59499999999998	109.12000000000002
1400	63	1	22.30999999999999	167.77000000000012
1400	64	1	72.95500000000001	53.935
1400	65	1	104.93500000000002	41.764999999999965
1400	66	1	142.59296482412043	22.125628140703515
1400	67	1	172.485	12.014999999999993
1400	68	1	171.94	197
1400	69	1	157.145	44.72000000000002
1400	70	1	34.19000000000001	65.06500000000004
1400	71	1	47.410000000000004	118.78000000000004
1400	72	1	151.1850000000001	176.93500000000003
1400	73	1	33.492462311557766	47.38693467336683
1400	74	1	121.49499999999998	179.27500000000003
1400	75	1	155.92499999999993	109.58999999999999
1410	1	2	10.02	10.050000000000004
1410	2	2	9.858585858585856	55.14141414141413
1410	3	2	9.879999999999997	99.87999999999998
1410	4	2	10.309278350515465	145.2164948453608
1410	5	2	10.000000000000002	189.73999999999995
1410	6	2	54.849999999999994	9.999999999999998
1410	7	2	55.30927835051546	54.78350515463916
1410	8	2	54.85858585858585	99.85858585858585
1410	9	2	54.71428571428571	145.74725274725276
1410	10	2	55.14141414141414	190.14141414141415
1410	11	2	100.06	9.850000000000001
1410	12	2	100.12	55.12000000000001
1410	13	2	99.97000000000003	99.60999999999999
1410	14	2	99.50000000000001	144.99999999999991
1410	15	2	100.06	190.10000000000002
1410	16	2	144.93999999999997	9.85
1410	17	2	145.09574468085103	55.41489361702127
1410	18	2	144.92000000000004	100.28
1410	19	2	145.1199999999999	144.76
1410	20	2	144.72916666666669	189.72916666666663
1410	21	2	190.17999999999992	10.11
1410	22	2	189.74	55.140000000000015
1410	23	2	189.64	100.20999999999998
1410	24	2	189.69072164948446	145.21649484536076
1410	25	2	189.99999999999994	189.73999999999995
1410	26	1	158.31343283582078	194.71144278606982
1410	27	1	66.52238805970151	132.89054726368164
1410	28	1	152.49499999999995	31.625000000000004
1410	29	1	164.59999999999997	182.35000000000008
1410	30	1	135.49246231155777	179.8844221105527
1410	31	1	137.28999999999988	33.030000000000015
1410	32	1	137.05999999999992	167.39999999999995
1410	33	1	34.814070351758815	121.19597989949752
1410	34	1	19.678391959798986	41.61809045226129
1410	35	1	128.04999999999993	17.300000000000004
1410	36	1	12.735000000000001	25.38000000000001
1410	37	1	176.0200000000001	179.66500000000008
1410	38	1	168.2650000000001	32.72999999999999
1410	39	1	63.419999999999995	66.07000000000001
1410	40	1	83.76884422110552	118.85929648241206
1410	41	1	55.53266331658292	114.67336683417092
1410	42	1	79.32500000000002	134.7049999999999
1410	43	1	112.52499999999999	54.89000000000002
1410	44	1	46.26500000000002	61.315000000000005
1410	45	1	111.56500000000005	169.0400000000001
1410	46	1	165.09499999999994	168.10499999999993
1410	47	1	168.56500000000005	119.23500000000007
1410	48	1	23.994999999999997	32.11499999999999
1410	49	1	159.48500000000004	11.895
1410	50	1	185.9054726368159	115.12935323383078
1410	51	1	67.69499999999995	117.465
1410	52	1	38.85572139303484	171.40298507462686
1410	53	1	22.239999999999984	58.57000000000001
1410	54	1	92.57000000000002	125.59000000000006
1410	55	1	113.29999999999998	152.875
1410	56	1	156.91999999999993	123.95500000000004
1410	57	1	122.40499999999992	163.41500000000002
1410	58	1	118.26000000000005	30.41500000000001
1410	59	1	168.44221105527635	23.70351758793969
1410	60	1	180.88000000000002	126.29500000000004
1410	61	1	170.54999999999998	50.465000000000025
1410	62	1	74.515	108.96499999999995
1410	63	1	21.711442786069657	168.05970149253736
1410	64	1	72.77000000000005	54.035
1410	65	1	106.16000000000001	41.675000000000004
1410	66	1	142.60000000000002	22.100000000000005
1410	67	1	172.31	12.215
1410	68	1	171.65499999999994	196.64
1410	69	1	157.32	44.714999999999996
1410	70	1	33.93	64.91
1410	71	1	47.40499999999999	118.43000000000002
1410	72	1	151.1699999999999	176.91499999999994
1410	73	1	33.685	47.17000000000003
1410	74	1	121.74499999999995	179.03000000000003
1410	75	1	154.92999999999995	109.99999999999999
1420	1	2	10.02	10.050000000000004
1420	2	2	9.858585858585856	55.14141414141413
1420	3	2	9.879999999999997	99.87999999999998
1420	4	2	10.309278350515465	145.2164948453608
1420	5	2	10.000000000000002	189.73999999999995
1420	6	2	54.849999999999994	9.999999999999998
1420	7	2	55.30927835051546	54.78350515463916
1420	8	2	54.85858585858585	99.85858585858585
1420	9	2	54.71428571428571	145.74725274725276
1420	10	2	55.14141414141414	190.14141414141415
1420	11	2	100.06	9.850000000000001
1420	12	2	100.12	55.12000000000001
1420	13	2	99.97000000000003	99.60999999999999
1420	14	2	99.50000000000001	144.99999999999991
1420	15	2	100.06	190.10000000000002
1420	16	2	144.93999999999997	9.85
1420	17	2	145.09574468085103	55.41489361702127
1420	18	2	144.92000000000004	100.28
1420	19	2	145.1199999999999	144.76
1420	20	2	144.72916666666669	189.72916666666663
1420	21	2	190.17999999999992	10.11
1420	22	2	189.74	55.140000000000015
1420	23	2	189.64	100.20999999999998
1420	24	2	189.69072164948446	145.21649484536076
1420	25	2	189.99999999999994	189.73999999999995
1420	26	1	158.73000000000008	194.47500000000002
1420	27	1	66.21499999999999	132.70500000000004
1420	28	1	152.645	31.359999999999996
1420	29	1	165.0653266331659	182.070351758794
1420	30	1	135.74	179.96999999999994
1420	31	1	137.16	33.06999999999999
1420	32	1	137.18499999999995	167.42499999999995
1420	33	1	34.73000000000001	121.175
1420	34	1	19.52499999999998	41.59
1420	35	1	127.98499999999999	17.809999999999995
1420	36	1	12.636815920398014	25.42288557213931
1420	37	1	176.80904522613062	180.29648241206033
1420	38	1	168.31000000000003	32.795
1420	39	1	62.432835820895505	66.54726368159203
1420	40	1	83.80499999999998	118.84500000000006
1420	41	1	55.36000000000002	114.655
1420	42	1	79.35175879396988	134.86432160804029
1420	43	1	112.38308457711439	55.00995024875619
1420	44	1	46.029999999999994	61.30499999999997
1420	45	1	111.60301507537693	169.2562814070353
1420	46	1	165.0849999999999	168.365
1420	47	1	168.40999999999997	119.215
1420	48	1	24.049999999999994	32.08000000000001
1420	49	1	159.49500000000015	11.755000000000003
1420	50	1	185.77999999999992	114.95
1420	51	1	67.65999999999998	117.61499999999998
1420	52	1	39.205	170.89000000000001
1420	53	1	22.5075376884422	58.28140703517586
1420	54	1	92.35000000000004	125.77499999999999
1420	55	1	113.485	153.08999999999992
1420	56	1	157.34825870646765	124.1691542288557
1420	57	1	122.52499999999999	163.69999999999996
1420	58	1	117.88000000000001	30.640000000000015
1420	59	1	168.4773869346734	23.758793969849258
1420	60	1	180.66000000000003	126.265
1420	61	1	170.41000000000003	50.57500000000001
1420	62	1	74.72499999999997	109.18000000000005
1420	63	1	21.675000000000008	168.07
1420	64	1	72.38500000000002	54.76500000000001
1420	65	1	106.84999999999997	41.794999999999995
1420	66	1	142.47738693467343	22.326633165829147
1420	67	1	172.27499999999995	12.480000000000002
1420	68	1	171.79999999999993	196.645
1420	69	1	157.26999999999987	44.72000000000001
1420	70	1	33.7761194029851	65.61194029850739
1420	71	1	47.32000000000002	118.47499999999997
1420	72	1	151.405	177.08499999999998
1420	73	1	33.84000000000001	47.365
1420	74	1	121.99999999999999	179.2049999999998
1420	75	1	154.7960199004974	110.18407960198999
1430	1	2	10.02	10.050000000000004
1430	2	2	9.858585858585856	55.14141414141413
1430	3	2	9.879999999999997	99.87999999999998
1430	4	2	10.309278350515465	145.2164948453608
1430	5	2	10.000000000000002	189.73999999999995
1430	6	2	54.849999999999994	9.999999999999998
1430	7	2	55.30927835051546	54.78350515463916
1430	8	2	54.85858585858585	99.85858585858585
1430	9	2	54.71428571428571	145.74725274725276
1430	10	2	55.14141414141414	190.14141414141415
1430	11	2	100.06	9.850000000000001
1430	12	2	100.12	55.12000000000001
1430	13	2	99.97000000000003	99.60999999999999
1430	14	2	99.50000000000001	144.99999999999991
1430	15	2	100.06	190.10000000000002
1430	16	2	144.93999999999997	9.85
1430	17	2	145.09574468085103	55.41489361702127
1430	18	2	144.92000000000004	100.28
1430	19	2	145.1199999999999	144.76
1430	20	2	144.72916666666669	189.72916666666663
1430	21	2	190.17999999999992	10.11
1430	22	2	189.74	55.140000000000015
1430	23	2	189.64	100.20999999999998
1430	24	2	189.69072164948446	145.21649484536076
1430	25	2	189.99999999999994	189.73999999999995
1430	26	1	159.32	194.63499999999988
1430	27	1	66.32500000000002	132.7600000000001
1430	28	1	152.62500000000009	31.265
1430	29	1	165.295	182.03999999999996
1430	30	1	136.0995024875622	179.7711442786069
1430	31	1	137.2587064676618	33.13930348258708
1430	32	1	137.427135678392	167.39195979899506
1430	33	1	34.70999999999999	120.86000000000006
1430	34	1	19.244999999999983	41.54
1430	35	1	127.80099502487559	17.970149253731364
1430	36	1	12.650000000000002	25.35000000000001
1430	37	1	177.10500000000005	180.22499999999997
1430	38	1	168.23999999999998	32.705000000000005
1430	39	1	61.205	67.57000000000004
1430	40	1	83.99502487562192	118.19402985074628
1430	41	1	55.34500000000001	114.67499999999998
1430	42	1	79.47000000000001	134.6250000000002
1430	43	1	112.465	54.96499999999996
1430	44	1	46.18905472636813	61.248756218905484
1430	45	1	111.71144278606961	169.134328358209
1430	46	1	164.86999999999992	168.35000000000005
1430	47	1	168.1999999999999	119.15000000000005
1430	48	1	24.015	32.30000000000001
1430	49	1	159.4975124378109	11.631840796019912
1430	50	1	185.96499999999995	114.91499999999996
1430	51	1	67.59296482412059	117.56281407035176
1430	52	1	39.79500000000001	170.02999999999997
1430	53	1	22.910000000000014	58.21500000000001
1430	54	1	92.09499999999994	125.43999999999997
1430	55	1	113.18999999999998	153.1100000000001
1430	56	1	157.64000000000007	124.24500000000003
1430	57	1	122.56499999999998	163.68999999999986
1430	58	1	118.035	30.839999999999996
1430	59	1	168.49999999999997	23.724999999999994
1430	60	1	180.74999999999997	126.12000000000002
1430	61	1	170.37500000000003	50.355000000000004
1430	62	1	74.58499999999998	109.255
1430	63	1	21.683417085427134	168.11557788944725
1430	64	1	72.38805970149254	55.86069651741293
1430	65	1	107.08499999999994	41.83999999999999
1430	66	1	142.48241206030144	22.33165829145729
1430	67	1	172.27499999999998	12.71
1430	68	1	172.23500000000007	196.70499999999998
1430	69	1	157.47499999999982	44.920000000000016
1430	70	1	33.56218905472636	66.22388059701497
1430	71	1	47.43216080402008	118.65829145728644
1430	72	1	151.68500000000006	177.17
1430	73	1	33.81000000000002	47.35000000000001
1430	74	1	122.30000000000003	179.37999999999997
1430	75	1	154.82999999999993	110.18999999999994
1440	1	2	10.02	10.050000000000004
1440	2	2	9.858585858585856	55.14141414141413
1440	3	2	9.879999999999997	99.87999999999998
1440	4	2	10.309278350515465	145.2164948453608
1440	5	2	10.000000000000002	189.73999999999995
1440	6	2	54.849999999999994	9.999999999999998
1440	7	2	55.30927835051546	54.78350515463916
1440	8	2	54.85858585858585	99.85858585858585
1440	9	2	54.71428571428571	145.74725274725276
1440	10	2	55.14141414141414	190.14141414141415
1440	11	2	100.06	9.850000000000001
1440	12	2	100.12	55.12000000000001
1440	13	2	99.97000000000003	99.60999999999999
1440	14	2	99.50000000000001	144.99999999999991
1440	15	2	100.06	190.10000000000002
1440	16	2	144.93999999999997	9.85
1440	17	2	145.09574468085103	55.41489361702127
1440	18	2	144.92000000000004	100.28
1440	19	2	145.1199999999999	144.76
1440	20	2	144.72916666666669	189.72916666666663
1440	21	2	190.17999999999992	10.11
1440	22	2	189.74	55.140000000000015
1440	23	2	189.64	100.20999999999998
1440	24	2	189.69072164948446	145.21649484536076
1440	25	2	189.99999999999994	189.73999999999995
1440	26	1	159.6599999999999	194.4249999999999
1440	27	1	66.20000000000002	132.57999999999996
1440	28	1	152.54999999999998	31.590000000000003
1440	29	1	165.4371859296482	182.41206030150752
1440	30	1	135.9749999999999	179.64000000000001
1440	31	1	137.22500000000002	33.02499999999999
1440	32	1	137.30999999999995	167.305
1440	33	1	34.515	121.26500000000003
1440	34	1	19.475	41.730000000000004
1440	35	1	127.86499999999994	17.894999999999992
1440	36	1	12.854999999999999	24.760000000000005
1440	37	1	177.4050000000001	180.26999999999995
1440	38	1	168.32000000000005	32.40499999999998
1440	39	1	60.21890547263681	68.12437810945266
1440	40	1	84.06499999999997	118.2
1440	41	1	55.28000000000002	114.50000000000004
1440	42	1	79.44000000000001	134.71499999999995
1440	43	1	112.59500000000001	54.84999999999999
1440	44	1	45.799999999999976	61.15000000000001
1440	45	1	111.70351758793974	169.17085427135686
1440	46	1	164.88499999999993	168.65500000000006
1440	47	1	168.37999999999994	119.07499999999999
1440	48	1	23.709999999999997	32.19999999999999
1440	49	1	159.89999999999992	11.469999999999999
1440	50	1	186.0549999999998	114.77500000000005
1440	51	1	67.61999999999996	117.595
1440	52	1	40.14427860696518	169.80099502487556
1440	53	1	23.256281407035182	58.52261306532665
1440	54	1	92.06500000000005	125.29499999999999
1440	55	1	113.29	153.27999999999994
1440	56	1	157.57999999999987	124.26499999999997
1440	57	1	122.56499999999997	163.92
1440	58	1	118.11000000000004	30.800000000000004
1440	59	1	168.49999999999997	23.724999999999994
1440	60	1	181.03500000000005	126.00000000000009
1440	61	1	170.24623115577882	49.64824120603015
1440	62	1	74.68499999999999	109.35499999999998
1440	63	1	21.849999999999998	168.0949999999999
1440	64	1	72.17910447761196	57.65671641791046
1440	65	1	107.44999999999997	41.85000000000004
1440	66	1	142.49999999999986	22.369999999999997
1440	67	1	172.40999999999985	12.699999999999992
1440	68	1	172.90999999999994	196.66
1440	69	1	157.89000000000001	45.304999999999986
1440	70	1	33.24000000000001	67.29
1440	71	1	47.110000000000014	118.54999999999995
1440	72	1	151.81592039800995	177.07462686567158
1440	73	1	33.685000000000024	47.33999999999999
1440	74	1	122.3	179.89999999999998
1440	75	1	154.85074626865662	110.3781094527363
1450	1	2	10.02	10.050000000000004
1450	2	2	9.858585858585856	55.14141414141413
1450	3	2	9.879999999999997	99.87999999999998
1450	4	2	10.309278350515465	145.2164948453608
1450	5	2	10.000000000000002	189.73999999999995
1450	6	2	54.849999999999994	9.999999999999998
1450	7	2	55.30927835051546	54.78350515463916
1450	8	2	54.85858585858585	99.85858585858585
1450	9	2	54.71428571428571	145.74725274725276
1450	10	2	55.14141414141414	190.14141414141415
1450	11	2	100.06	9.850000000000001
1450	12	2	100.12	55.12000000000001
1450	13	2	99.97000000000003	99.60999999999999
1450	14	2	99.50000000000001	144.99999999999991
1450	15	2	100.06	190.10000000000002
1450	16	2	144.93999999999997	9.85
1450	17	2	145.09574468085103	55.41489361702127
1450	18	2	144.92000000000004	100.28
1450	19	2	145.1199999999999	144.76
1450	20	2	144.72916666666669	189.72916666666663
1450	21	2	190.17999999999992	10.11
1450	22	2	189.74	55.140000000000015
1450	23	2	189.64	100.20999999999998
1450	24	2	189.69072164948446	145.21649484536076
1450	25	2	189.99999999999994	189.73999999999995
1450	26	1	160.07500000000013	193.98500000000004
1450	27	1	66.1306532663316	132.44723618090453
1450	28	1	152.5226130653266	31.5427135678392
1450	29	1	165.56500000000008	182.5999999999999
1450	30	1	136.00999999999993	179.73500000000007
1450	31	1	137.45499999999998	33.07000000000002
1450	32	1	137.28999999999994	167.3900000000001
1450	33	1	34.59499999999998	120.96999999999998
1450	34	1	19.535000000000007	41.55999999999998
1450	35	1	127.81999999999995	17.720000000000002
1450	36	1	13.030000000000003	24.110000000000003
1450	37	1	177.69849246231155	180.14572864321605
1450	38	1	168.13500000000005	32.14999999999999
1450	39	1	59.68500000000001	68.07500000000003
1450	40	1	84.04500000000003	118.17000000000004
1450	41	1	55.24875621890546	114.64676616915426
1450	42	1	79.36815920398007	134.56716417910437
1450	43	1	112.35999999999997	54.95000000000001
1450	44	1	45.412935323383074	61.06467661691543
1450	45	1	111.71499999999997	169.04000000000002
1450	46	1	164.70000000000005	169.07999999999998
1450	47	1	168.57500000000002	119.31500000000007
1450	48	1	23.464999999999996	31.960000000000004
1450	49	1	160.10500000000005	10.990000000000002
1450	50	1	186.19499999999988	114.94499999999998
1450	51	1	67.65326633165833	117.49748743718585
1450	52	1	39.85427135678394	169.88944723618096
1450	53	1	23.42999999999999	58.294999999999995
1450	54	1	92.15999999999997	125.33000000000003
1450	55	1	113.49	153.33999999999986
1450	56	1	157.575	124.24999999999999
1450	57	1	122.71499999999995	163.97999999999993
1450	58	1	118.31000000000002	30.905
1450	59	1	168.43216080402007	23.713567839195974
1450	60	1	181.07999999999993	126.24000000000004
1450	61	1	169.97500000000002	49.15500000000001
1450	62	1	74.80499999999998	109.18499999999997
1450	63	1	21.884999999999998	168.29
1450	64	1	72.61194029850742	59.77114427860698
1450	65	1	107.68500000000002	41.730000000000025
1450	66	1	142.36499999999992	22.380000000000003
1450	67	1	172.46999999999994	12.574999999999996
1450	68	1	173.59203980099502	197.1044776119403
1450	69	1	158.29499999999987	46.429999999999964
1450	70	1	33.05499999999999	67.92499999999998
1450	71	1	47.00999999999998	118.54
1450	72	1	151.80499999999992	177.16500000000008
1450	73	1	33.72999999999998	47.26000000000001
1450	74	1	122.33500000000002	180.09000000000006
1450	75	1	155.425	110.59500000000006
1460	1	2	10.02	10.050000000000004
1460	2	2	9.858585858585856	55.14141414141413
1460	3	2	9.879999999999997	99.87999999999998
1460	4	2	10.309278350515465	145.2164948453608
1460	5	2	10.000000000000002	189.73999999999995
1460	6	2	54.849999999999994	9.999999999999998
1460	7	2	55.30927835051546	54.78350515463916
1460	8	2	54.85858585858585	99.85858585858585
1460	9	2	54.71428571428571	145.74725274725276
1460	10	2	55.14141414141414	190.14141414141415
1460	11	2	100.06	9.850000000000001
1460	12	2	100.12	55.12000000000001
1460	13	2	99.97000000000003	99.60999999999999
1460	14	2	99.50000000000001	144.99999999999991
1460	15	2	100.06	190.10000000000002
1460	16	2	144.93999999999997	9.85
1460	17	2	145.09574468085103	55.41489361702127
1460	18	2	144.92000000000004	100.28
1460	19	2	145.1199999999999	144.76
1460	20	2	144.72916666666669	189.72916666666663
1460	21	2	190.17999999999992	10.11
1460	22	2	189.74	55.140000000000015
1460	23	2	189.64	100.20999999999998
1460	24	2	189.69072164948446	145.21649484536076
1460	25	2	189.99999999999994	189.73999999999995
1460	26	1	160.40999999999983	193.79000000000013
1460	27	1	65.99499999999996	132.19
1460	28	1	152.41999999999996	31.589999999999993
1460	29	1	165.59500000000003	182.38
1460	30	1	135.95500000000004	179.93000000000012
1460	31	1	137.39999999999992	33.02999999999999
1460	32	1	137.17499999999984	167.49499999999992
1460	33	1	34.559999999999995	120.92000000000003
1460	34	1	19.810000000000006	41.59499999999999
1460	35	1	127.61500000000002	17.485
1460	36	1	13.095000000000002	23.875000000000014
1460	37	1	177.89500000000004	180.04999999999995
1460	38	1	167.8850000000001	31.804999999999993
1460	39	1	58.86567164179105	67.98507462686565
1460	40	1	83.76499999999994	118.31000000000007
1460	41	1	55.224999999999994	114.69500000000001
1460	42	1	79.43499999999999	134.70999999999998
1460	43	1	111.98507462686561	54.55223880597014
1460	44	1	45.435000000000024	61.21000000000001
1460	45	1	111.66000000000005	169.1
1460	46	1	164.5249999999999	169.16500000000005
1460	47	1	168.82999999999998	119.51000000000003
1460	48	1	23.424999999999986	31.645
1460	49	1	160.04999999999998	10.794999999999993
1460	50	1	186.52763819095478	114.96984924623113
1460	51	1	67.67000000000003	117.48499999999996
1460	52	1	40.00500000000003	169.745
1460	53	1	23.609999999999992	58.305
1460	54	1	92.07537688442211	125.30653266331656
1460	55	1	113.67499999999998	153.01999999999995
1460	56	1	157.3600000000001	123.92500000000001
1460	57	1	122.69499999999998	163.79000000000008
1460	58	1	118.62376237623761	31.06930693069307
1460	59	1	168.49999999999997	23.724999999999994
1460	60	1	181.4850000000001	126.27000000000004
1460	61	1	169.77499999999998	48.47500000000002
1460	62	1	74.70499999999998	108.92499999999994
1460	63	1	21.95000000000001	168.40999999999997
1460	64	1	72.97499999999997	62.36499999999997
1460	65	1	107.965	41.75499999999999
1460	66	1	142.32500000000002	22.379999999999992
1460	67	1	172.26865671641787	12.393034825870641
1460	68	1	173.9651741293531	197.01990049751242
1460	69	1	158.44500000000005	46.97499999999999
1460	70	1	33.125	67.84000000000009
1460	71	1	46.88499999999996	118.60000000000002
1460	72	1	151.79	177.27499999999992
1460	73	1	33.87	47.28000000000002
1460	74	1	122.3115577889447	179.91959798994964
1460	75	1	156.34328358208955	110.52736318407958
1470	1	2	10.02	10.050000000000004
1470	2	2	9.858585858585856	55.14141414141413
1470	3	2	9.879999999999997	99.87999999999998
1470	4	2	10.309278350515465	145.2164948453608
1470	5	2	10.000000000000002	189.73999999999995
1470	6	2	54.849999999999994	9.999999999999998
1470	7	2	55.30927835051546	54.78350515463916
1470	8	2	54.85858585858585	99.85858585858585
1470	9	2	54.71428571428571	145.74725274725276
1470	10	2	55.14141414141414	190.14141414141415
1470	11	2	100.06	9.850000000000001
1470	12	2	100.12	55.12000000000001
1470	13	2	99.97000000000003	99.60999999999999
1470	14	2	99.50000000000001	144.99999999999991
1470	15	2	100.06	190.10000000000002
1470	16	2	144.93999999999997	9.85
1470	17	2	145.09574468085103	55.41489361702127
1470	18	2	144.92000000000004	100.28
1470	19	2	145.1199999999999	144.76
1470	20	2	144.72916666666669	189.72916666666663
1470	21	2	190.17999999999992	10.11
1470	22	2	189.74	55.140000000000015
1470	23	2	189.64	100.20999999999998
1470	24	2	189.69072164948446	145.21649484536076
1470	25	2	189.99999999999994	189.73999999999995
1470	26	1	160.55500000000004	193.5949999999999
1470	27	1	65.78000000000003	132.01999999999995
1470	28	1	152.51256281407044	31.768844221105535
1470	29	1	165.58793969849236	182.13567839195989
1470	30	1	135.785	179.81499999999997
1470	31	1	137.7199999999999	32.86
1470	32	1	136.99999999999994	167.37
1470	33	1	34.75500000000001	121.1200000000001
1470	34	1	19.71999999999999	41.714999999999975
1470	35	1	127.48499999999994	17.32
1470	36	1	12.915000000000001	23.99000000000002
1470	37	1	177.965	180.2449999999999
1470	38	1	167.92499999999998	31.634999999999994
1470	39	1	58.28000000000001	68.02000000000001
1470	40	1	83.58999999999993	118.28999999999994
1470	41	1	55.36000000000001	114.84000000000002
1470	42	1	79.43000000000002	134.58999999999986
1470	43	1	111.82999999999998	53.930000000000035
1470	44	1	45.135000000000005	61.54500000000002
1470	45	1	111.80000000000003	168.79499999999996
1470	46	1	163.9597989949748	169.10552763819112
1470	47	1	169.05970149253713	119.57213930348259
1470	48	1	23.610000000000003	31.875000000000004
1470	49	1	160.205	10.664999999999994
1470	50	1	186.63316582914567	115.00000000000001
1470	51	1	67.66499999999998	117.235
1470	52	1	40.2	169.45999999999995
1470	53	1	23.484999999999996	58.155000000000015
1470	54	1	92.03500000000003	125.35500000000005
1470	55	1	114.09499999999998	152.065
1470	56	1	157.055	123.67
1470	57	1	122.55999999999997	163.70000000000002
1470	58	1	119.76999999999998	31.09500000000002
1470	59	1	168.48743718592976	23.73366834170854
1470	60	1	181.40999999999983	126.46000000000002
1470	61	1	170.07499999999993	47.60000000000001
1470	62	1	74.67500000000005	108.82499999999996
1470	63	1	22.205000000000002	168.66000000000005
1470	64	1	73.07462686567166	64.6865671641791
1470	65	1	108.37185929648241	41.11557788944722
1470	66	1	142.3749999999999	22.145000000000017
1470	67	1	172.3250000000001	12.320000000000004
1470	68	1	173.95000000000007	197.135
1470	69	1	158.5699999999999	47.16500000000001
1470	70	1	33.055	67.80499999999998
1470	71	1	46.89999999999997	118.53
1470	72	1	151.79396984924625	177.68341708542718
1470	73	1	33.94500000000001	47.360000000000014
1470	74	1	122.33999999999997	180.08000000000013
1470	75	1	156.98499999999999	110.59000000000002
1480	1	2	10.02	10.050000000000004
1480	2	2	9.858585858585856	55.14141414141413
1480	3	2	9.879999999999997	99.87999999999998
1480	4	2	10.309278350515465	145.2164948453608
1480	5	2	10.000000000000002	189.73999999999995
1480	6	2	54.849999999999994	9.999999999999998
1480	7	2	55.30927835051546	54.78350515463916
1480	8	2	54.85858585858585	99.85858585858585
1480	9	2	54.71428571428571	145.74725274725276
1480	10	2	55.14141414141414	190.14141414141415
1480	11	2	100.06	9.850000000000001
1480	12	2	100.12	55.12000000000001
1480	13	2	99.97000000000003	99.60999999999999
1480	14	2	99.50000000000001	144.99999999999991
1480	15	2	100.06	190.10000000000002
1480	16	2	144.93999999999997	9.85
1480	17	2	145.09574468085103	55.41489361702127
1480	18	2	144.92000000000004	100.28
1480	19	2	145.1199999999999	144.76
1480	20	2	144.72916666666669	189.72916666666663
1480	21	2	190.17999999999992	10.11
1480	22	2	189.74	55.140000000000015
1480	23	2	189.64	100.20999999999998
1480	24	2	189.69072164948446	145.21649484536076
1480	25	2	189.99999999999994	189.73999999999995
1480	26	1	160.52499999999995	193.56
1480	27	1	65.45000000000002	131.84500000000008
1480	28	1	152.52238805970143	32.04477611940298
1480	29	1	165.44000000000008	181.99999999999994
1480	30	1	135.5829145728642	179.7738693467337
1480	31	1	138.10499999999993	32.66999999999998
1480	32	1	136.8999999999999	167.41000000000014
1480	33	1	34.75500000000002	120.81000000000002
1480	34	1	19.793969849246224	41.74371859296481
1480	35	1	127.49499999999999	17.335
1480	36	1	13.03015075376884	24.125628140703522
1480	37	1	177.86499999999995	180.41999999999993
1480	38	1	167.84499999999997	31.734999999999992
1480	39	1	58.05025125628142	67.91457286432158
1480	40	1	83.46999999999998	118.41499999999998
1480	41	1	55.569999999999986	114.63499999999996
1480	42	1	79.255	134.51999999999992
1480	43	1	111.48000000000002	53.165000000000006
1480	44	1	45.06999999999998	61.699999999999974
1480	45	1	111.62500000000003	168.14500000000004
1480	46	1	163.835	169.09499999999986
1480	47	1	168.885	119.40999999999998
1480	48	1	23.805000000000014	31.915
1480	49	1	160.2686567164178	10.497512437810945
1480	50	1	186.2238805970149	115.02985074626864
1480	51	1	67.85999999999999	117.28999999999996
1480	52	1	40.18999999999999	169.37000000000012
1480	53	1	23.589999999999993	58.11999999999997
1480	54	1	91.93999999999996	125.48000000000003
1480	55	1	114.51243781094526	150.1144278606965
1480	56	1	157.2636815920397	123.83582089552242
1480	57	1	122.23500000000001	163.14999999999995
1480	58	1	121.31500000000001	31.319999999999997
1480	59	1	168.56281407035178	23.723618090452252
1480	60	1	181.70500000000015	126.49499999999995
1480	61	1	170.42499999999995	46.704999999999984
1480	62	1	74.95500000000006	108.63999999999999
1480	63	1	22.399999999999995	168.79500000000016
1480	64	1	72.35	66.10499999999998
1480	65	1	109.065	40.024999999999984
1480	66	1	142.53000000000011	21.76499999999999
1480	67	1	172.27499999999992	12.265
1480	68	1	174.0850000000001	197.22
1480	69	1	158.75	47.40500000000001
1480	70	1	33.04	67.59000000000003
1480	71	1	46.80499999999998	118.25000000000003
1480	72	1	151.5099999999999	177.69000000000003
1480	73	1	33.96482412060299	47.46733668341709
1480	74	1	122.48000000000002	179.60999999999993
1480	75	1	156.735	110.44
1490	1	2	10.02	10.050000000000004
1490	2	2	9.858585858585856	55.14141414141413
1490	3	2	9.879999999999997	99.87999999999998
1490	4	2	10.309278350515465	145.2164948453608
1490	5	2	10.000000000000002	189.73999999999995
1490	6	2	54.849999999999994	9.999999999999998
1490	7	2	55.30927835051546	54.78350515463916
1490	8	2	54.85858585858585	99.85858585858585
1490	9	2	54.71428571428571	145.74725274725276
1490	10	2	55.14141414141414	190.14141414141415
1490	11	2	100.06	9.850000000000001
1490	12	2	100.12	55.12000000000001
1490	13	2	99.97000000000003	99.60999999999999
1490	14	2	99.50000000000001	144.99999999999991
1490	15	2	100.06	190.10000000000002
1490	16	2	144.93999999999997	9.85
1490	17	2	145.09574468085103	55.41489361702127
1490	18	2	144.92000000000004	100.28
1490	19	2	145.1199999999999	144.76
1490	20	2	144.72916666666669	189.72916666666663
1490	21	2	190.17999999999992	10.11
1490	22	2	189.74	55.140000000000015
1490	23	2	189.64	100.20999999999998
1490	24	2	189.69072164948446	145.21649484536076
1490	25	2	189.99999999999994	189.73999999999995
1490	26	1	160.5749999999999	193.33499999999998
1490	27	1	65.26500000000003	131.67000000000013
1490	28	1	152.24	32.199999999999996
1490	29	1	165.57711442786072	181.9850746268656
1490	30	1	135.4399999999999	179.3549999999999
1490	31	1	138.03000000000006	32.244999999999976
1490	32	1	136.56	167.515
1490	33	1	34.654999999999994	120.60999999999999
1490	34	1	19.766169154228873	41.46268656716416
1490	35	1	127.50999999999999	17.465000000000003
1490	36	1	12.854999999999997	24.32499999999999
1490	37	1	177.76500000000004	180.33500000000004
1490	38	1	167.56500000000003	31.80499999999999
1490	39	1	57.80402010050251	68.18090452261306
1490	40	1	83.19000000000001	118.82000000000001
1490	41	1	55.87000000000001	114.22000000000001
1490	42	1	79.13500000000005	134.69499999999985
1490	43	1	111.25	52.255
1490	44	1	45.10050251256279	61.874371859296474
1490	45	1	111.31999999999992	167.40999999999994
1490	46	1	163.77000000000004	169.08499999999998
1490	47	1	168.84422110552754	119.2110552763819
1490	48	1	23.974874371859304	32.010050251256295
1490	49	1	160.165	10.340000000000002
1490	50	1	186.1542288557214	115.20398009950252
1490	51	1	67.8308457711443	117.25373134328358
1490	52	1	40.20603015075378	169.4623115577888
1490	53	1	23.53	57.81000000000001
1490	54	1	91.97499999999994	125.41500000000003
1490	55	1	114.95979899497489	149.07035175879392
1490	56	1	157.48499999999993	123.87499999999997
1490	57	1	121.98500000000001	162.93999999999997
1490	58	1	122.48258706467662	31.865671641791064
1490	59	1	168.56281407035178	23.723618090452252
1490	60	1	181.79500000000004	126.53999999999994
1490	61	1	171.08500000000004	45.09499999999999
1490	62	1	75.15075376884417	108.59798994974877
1490	63	1	22.850000000000005	168.765
1490	64	1	71.60999999999996	66.80500000000004
1490	65	1	109.65000000000003	38.915000000000006
1490	66	1	143.0800000000001	21.455000000000013
1490	67	1	172.32835820895522	12.248756218905472
1490	68	1	174.12999999999985	197.42
1490	69	1	159.37000000000006	47.63999999999999
1490	70	1	33.115	67.11500000000001
1490	71	1	46.72999999999999	118.1
1490	72	1	151.36999999999986	177.84499999999997
1490	73	1	34.394999999999975	47.57500000000001
1490	74	1	121.64500000000002	179.4499999999999
1490	75	1	156.84500000000003	110.40000000000002
1500	1	2	10.02	10.050000000000004
1500	2	2	9.858585858585856	55.14141414141413
1500	3	2	9.879999999999997	99.87999999999998
1500	4	2	10.309278350515465	145.2164948453608
1500	5	2	10.000000000000002	189.73999999999995
1500	6	2	54.849999999999994	9.999999999999998
1500	7	2	55.30927835051546	54.78350515463916
1500	8	2	54.85858585858585	99.85858585858585
1500	9	2	54.71428571428571	145.74725274725276
1500	10	2	55.14141414141414	190.14141414141415
1500	11	2	100.06	9.850000000000001
1500	12	2	100.12	55.12000000000001
1500	13	2	99.97000000000003	99.60999999999999
1500	14	2	99.50000000000001	144.99999999999991
1500	15	2	100.06	190.10000000000002
1500	16	2	144.93999999999997	9.85
1500	17	2	145.09574468085103	55.41489361702127
1500	18	2	144.92000000000004	100.28
1500	19	2	145.1199999999999	144.76
1500	20	2	144.72916666666669	189.72916666666663
1500	21	2	190.17999999999992	10.11
1500	22	2	189.74	55.140000000000015
1500	23	2	189.64	100.20999999999998
1500	24	2	189.69072164948446	145.21649484536076
1500	25	2	189.99999999999994	189.73999999999995
1500	26	1	160.4221105527638	193.41708542713562
1500	27	1	65.22500000000001	131.8099999999999
1500	28	1	152.425	32.565
1500	29	1	165.5678391959797	182.09547738693465
1500	30	1	135.60999999999996	178.82000000000016
1500	31	1	138.2650000000001	31.95500000000002
1500	32	1	136.11999999999995	167.56500000000008
1500	33	1	34.36999999999998	120.59500000000006
1500	34	1	20.105000000000004	41.42499999999999
1500	35	1	127.28643216080398	17.64824120603015
1500	36	1	12.965	24.229999999999993
1500	37	1	177.72499999999988	180.66000000000008
1500	38	1	167.66999999999987	31.835000000000026
1500	39	1	57.779999999999994	68.15499999999997
1500	40	1	83.08000000000003	119.17999999999999
1500	41	1	55.87999999999996	114.29999999999995
1500	42	1	79.02999999999996	134.77999999999992
1500	43	1	110.58500000000002	51.330000000000034
1500	44	1	44.944999999999986	61.86000000000003
1500	45	1	111.67500000000001	167.15499999999994
1500	46	1	164.12499999999986	169.04000000000002
1500	47	1	168.71499999999995	119.30000000000001
1500	48	1	24.150000000000016	31.979999999999983
1500	49	1	160.28	10.42
1500	50	1	186.49000000000004	115.32500000000003
1500	51	1	67.72499999999997	117.36500000000001
1500	52	1	39.76000000000004	169.77000000000012
1500	53	1	23.83499999999999	57.655
1500	54	1	92.04000000000008	125.38500000000005
1500	55	1	115.43283582089552	147.58208955223876
1500	56	1	157.64500000000007	124.12499999999999
1500	57	1	121.91000000000003	162.00000000000003
1500	58	1	123.98009950248759	32.81592039800994
1500	59	1	168.49999999999997	23.724999999999994
1500	60	1	181.75	126.55000000000001
1500	61	1	171.48499999999996	44.19999999999998
1500	62	1	75.16499999999999	108.855
1500	63	1	23.175	168.16499999999982
1500	64	1	71.10447761194027	67.00000000000001
1500	65	1	110.87562189054728	37.1144278606965
1500	66	1	143.03000000000003	21.395000000000007
1500	67	1	172.24000000000004	12.374999999999995
1500	68	1	174.12999999999985	197.36
1500	69	1	160.015	48.164999999999985
1500	70	1	32.955	66.92499999999997
1500	71	1	46.44999999999999	117.99000000000002
1500	72	1	151.5050000000001	177.965
1500	73	1	35.16	47.41500000000001
1500	74	1	120.8059701492538	179.33333333333354
1500	75	1	156.915	110.38000000000002
1510	1	2	10.02	10.050000000000004
1510	2	2	9.858585858585856	55.14141414141413
1510	3	2	9.879999999999997	99.87999999999998
1510	4	2	10.309278350515465	145.2164948453608
1510	5	2	10.000000000000002	189.73999999999995
1510	6	2	54.849999999999994	9.999999999999998
1510	7	2	55.30927835051546	54.78350515463916
1510	8	2	54.85858585858585	99.85858585858585
1510	9	2	54.71428571428571	145.74725274725276
1510	10	2	55.14141414141414	190.14141414141415
1510	11	2	100.06	9.850000000000001
1510	12	2	100.12	55.12000000000001
1510	13	2	99.97000000000003	99.60999999999999
1510	14	2	99.50000000000001	144.99999999999991
1510	15	2	100.06	190.10000000000002
1510	16	2	144.93999999999997	9.85
1510	17	2	145.09574468085103	55.41489361702127
1510	18	2	144.92000000000004	100.28
1510	19	2	145.1199999999999	144.76
1510	20	2	144.72916666666669	189.72916666666663
1510	21	2	190.17999999999992	10.11
1510	22	2	189.74	55.140000000000015
1510	23	2	189.64	100.20999999999998
1510	24	2	189.69072164948446	145.21649484536076
1510	25	2	189.99999999999994	189.73999999999995
1510	26	1	160.3949999999999	193.6999999999999
1510	27	1	65.0201005025126	131.86432160804026
1510	28	1	152.22499999999994	32.649999999999984
1510	29	1	165.51500000000007	182.13999999999993
1510	30	1	136.24499999999998	178.58000000000013
1510	31	1	137.69499999999996	31.55499999999999
1510	32	1	135.6699999999999	167.60000000000008
1510	33	1	33.78000000000001	120.31499999999994
1510	34	1	20.995024875621894	41.52736318407961
1510	35	1	127.27	17.535
1510	36	1	13.554999999999996	23.945000000000014
1510	37	1	177.57500000000002	180.83999999999997
1510	38	1	167.44500000000002	32.16000000000001
1510	39	1	58.104999999999976	68.08999999999996
1510	40	1	82.845	119.84500000000001
1510	41	1	55.755	114.39000000000004
1510	42	1	78.80999999999993	134.65000000000006
1510	43	1	110.25	50.99
1510	44	1	44.819999999999986	61.904999999999994
1510	45	1	111.98	166.60500000000008
1510	46	1	164.28000000000006	168.8149999999999
1510	47	1	168.60999999999999	119.38499999999998
1510	48	1	23.98500000000001	31.835
1510	49	1	160.39499999999984	10.384999999999994
1510	50	1	186.62500000000009	115.53000000000004
1510	51	1	67.59499999999998	117.18499999999993
1510	52	1	39.77000000000001	169.54499999999996
1510	53	1	24.324999999999996	57.20000000000002
1510	54	1	92.225	125.28999999999998
1510	55	1	115.78	146.47499999999988
1510	56	1	157.49499999999998	124.09500000000001
1510	57	1	121.89499999999994	161.59999999999994
1510	58	1	125.46231155778898	33.874371859296495
1510	59	1	168.49999999999997	23.724999999999994
1510	60	1	181.6169154228855	126.67164179104482
1510	61	1	171.58499999999998	43.87500000000001
1510	62	1	75.53233830845768	108.95522388059703
1510	63	1	24.125000000000007	167.73499999999993
1510	64	1	70.895	67.61499999999994
1510	65	1	111.48000000000003	35.975
1510	66	1	143.16499999999996	21.30500000000001
1510	67	1	172.13999999999996	12.559999999999995
1510	68	1	174.3467336683417	197.39698492462313
1510	69	1	160.15500000000006	48.375000000000014
1510	70	1	32.88499999999999	66.925
1510	71	1	46.27499999999999	117.91000000000003
1510	72	1	151.69999999999996	177.94499999999994
1510	73	1	36.84577114427859	47.52238805970149
1510	74	1	120.47	179.06500000000003
1510	75	1	156.97500000000002	110.34
1520	1	2	10.02	10.050000000000004
1520	2	2	9.858585858585856	55.14141414141413
1520	3	2	9.879999999999997	99.87999999999998
1520	4	2	10.309278350515465	145.2164948453608
1520	5	2	10.000000000000002	189.73999999999995
1520	6	2	54.849999999999994	9.999999999999998
1520	7	2	55.30927835051546	54.78350515463916
1520	8	2	54.85858585858585	99.85858585858585
1520	9	2	54.71428571428571	145.74725274725276
1520	10	2	55.14141414141414	190.14141414141415
1520	11	2	100.06	9.850000000000001
1520	12	2	100.12	55.12000000000001
1520	13	2	99.97000000000003	99.60999999999999
1520	14	2	99.50000000000001	144.99999999999991
1520	15	2	100.06	190.10000000000002
1520	16	2	144.93999999999997	9.85
1520	17	2	145.09574468085103	55.41489361702127
1520	18	2	144.92000000000004	100.28
1520	19	2	145.1199999999999	144.76
1520	20	2	144.72916666666669	189.72916666666663
1520	21	2	190.17999999999992	10.11
1520	22	2	189.74	55.140000000000015
1520	23	2	189.64	100.20999999999998
1520	24	2	189.69072164948446	145.21649484536076
1520	25	2	189.99999999999994	189.73999999999995
1520	26	1	160.19500000000002	193.62999999999997
1520	27	1	65.15499999999999	131.97999999999993
1520	28	1	152.18500000000003	33.08999999999999
1520	29	1	165.6149999999999	182.28999999999985
1520	30	1	136.335	178.625
1520	31	1	137.18500000000003	31.205000000000016
1520	32	1	135.52261306532654	167.62814070351774
1520	33	1	32.415	119.36000000000004
1520	34	1	21.328358208955226	41.47263681592039
1520	35	1	128.10999999999996	17.12499999999999
1520	36	1	14.550000000000002	23.514999999999993
1520	37	1	177.61809045226124	180.74874371859298
1520	38	1	167.53266331658284	32.125628140703526
1520	39	1	58.22999999999999	68.00499999999992
1520	40	1	82.83999999999996	119.89500000000001
1520	41	1	55.45499999999999	114.34500000000004
1520	42	1	78.75	134.71499999999997
1520	43	1	109.89	50.545
1520	44	1	44.69499999999999	61.754999999999995
1520	45	1	112.125	165.67999999999995
1520	46	1	164.07500000000002	168.945
1520	47	1	168.595	119.355
1520	48	1	23.63000000000001	31.615000000000006
1520	49	1	160.40999999999997	10.325
1520	50	1	186.985	115.66000000000004
1520	51	1	67.48500000000001	117.10499999999996
1520	52	1	39.63681592039799	169.273631840796
1520	53	1	24.248756218905484	57.069651741293555
1520	54	1	92.275	125.54499999999997
1520	55	1	116.71	145.8649999999999
1520	56	1	157.4200000000001	124.1199999999999
1520	57	1	122.025	161.575
1520	58	1	126.20100502512565	34.653266331658294
1520	59	1	168.49999999999997	23.724999999999994
1520	60	1	181.39999999999998	126.71000000000002
1520	61	1	171.565	43.909999999999975
1520	62	1	75.56000000000003	109.02500000000003
1520	63	1	24.335000000000008	167.685
1520	64	1	70.30499999999998	68.41999999999999
1520	65	1	111.86000000000001	35.269999999999996
1520	66	1	143.39999999999998	21.430000000000003
1520	67	1	171.95024875621894	12.781094527363184
1520	68	1	174.31499999999994	197.5
1520	69	1	160.14427860696512	48.402985074626876
1520	70	1	32.89500000000001	66.54500000000003
1520	71	1	46.20999999999998	118.12499999999996
1520	72	1	151.50753768844223	177.9346733668342
1520	73	1	37.36499999999999	47.71500000000001
1520	74	1	120.46766169154232	178.95522388059717
1520	75	1	156.575	110.38499999999995
1530	1	2	10.02	10.050000000000004
1530	2	2	9.858585858585856	55.14141414141413
1530	3	2	9.879999999999997	99.87999999999998
1530	4	2	10.309278350515465	145.2164948453608
1530	5	2	10.000000000000002	189.73999999999995
1530	6	2	54.849999999999994	9.999999999999998
1530	7	2	55.30927835051546	54.78350515463916
1530	8	2	54.85858585858585	99.85858585858585
1530	9	2	54.71428571428571	145.74725274725276
1530	10	2	55.14141414141414	190.14141414141415
1530	11	2	100.06	9.850000000000001
1530	12	2	100.12	55.12000000000001
1530	13	2	99.97000000000003	99.60999999999999
1530	14	2	99.50000000000001	144.99999999999991
1530	15	2	100.06	190.10000000000002
1530	16	2	144.93999999999997	9.85
1530	17	2	145.09574468085103	55.41489361702127
1530	18	2	144.92000000000004	100.28
1530	19	2	145.1199999999999	144.76
1530	20	2	144.72916666666669	189.72916666666663
1530	21	2	190.17999999999992	10.11
1530	22	2	189.74	55.140000000000015
1530	23	2	189.64	100.20999999999998
1530	24	2	189.69072164948446	145.21649484536076
1530	25	2	189.99999999999994	189.73999999999995
1530	26	1	160.0349999999999	193.6950000000002
1530	27	1	65.09	131.90499999999992
1530	28	1	152.11442786069637	32.88557213930347
1530	29	1	165.45000000000005	182.43999999999997
1530	30	1	136.34999999999997	178.59500000000003
1530	31	1	136.88500000000005	31.16499999999999
1530	32	1	135.53499999999988	167.5649999999999
1530	33	1	31.124378109452746	118.88557213930346
1530	34	1	21.44221105527639	41.38190954773871
1530	35	1	128.635	16.729999999999997
1530	36	1	15.514999999999997	23.175
1530	37	1	177.4599999999999	180.925
1530	38	1	167.8643216080403	32.06532663316583
1530	39	1	58.395	67.725
1530	40	1	82.77499999999996	119.79499999999997
1530	41	1	55.21608040201008	114.31658291457285
1530	42	1	78.6666666666666	134.61194029850745
1530	43	1	109.92039800995023	50.54228855721396
1530	44	1	44.65499999999999	61.489999999999995
1530	45	1	112.35499999999998	165.05500000000006
1530	46	1	163.8799999999999	169.11000000000007
1530	47	1	168.83999999999995	119.31500000000005
1530	48	1	23.404999999999994	31.555000000000007
1530	49	1	160.33499999999995	10.439999999999996
1530	50	1	186.89500000000007	115.69000000000003
1530	51	1	67.26000000000002	116.72500000000004
1530	52	1	39.81500000000001	169.125
1530	53	1	24.384999999999994	56.730000000000004
1530	54	1	92.13499999999996	125.66500000000003
1530	55	1	117.31343283582089	145.54228855721394
1530	56	1	157.37499999999994	124.13999999999992
1530	57	1	122.12499999999997	161.57499999999996
1530	58	1	126.92999999999998	35.710000000000015
1530	59	1	168.49999999999997	23.724999999999994
1530	60	1	181.4199999999999	126.73499999999997
1530	61	1	171.405	44.170000000000044
1530	62	1	75.48999999999998	109.08999999999997
1530	63	1	24.729999999999997	167.55499999999998
1530	64	1	69.55499999999998	68.99000000000001
1530	65	1	112.51243781094534	35.27860696517412
1530	66	1	143.29000000000013	21.359999999999992
1530	67	1	171.97999999999996	12.98
1530	68	1	174.18499999999997	197.83
1530	69	1	159.855	47.91999999999998
1530	70	1	33.01500000000001	66.28499999999997
1530	71	1	46.14499999999998	118.19500000000002
1530	72	1	151.3100000000001	177.67
1530	73	1	37.64676616915419	47.51243781094527
1530	74	1	120.55499999999996	178.78999999999994
1530	75	1	156.8557213930348	110.42288557213925
1540	1	2	10.02	10.050000000000004
1540	2	2	9.858585858585856	55.14141414141413
1540	3	2	9.879999999999997	99.87999999999998
1540	4	2	10.309278350515465	145.2164948453608
1540	5	2	10.000000000000002	189.73999999999995
1540	6	2	54.849999999999994	9.999999999999998
1540	7	2	55.30927835051546	54.78350515463916
1540	8	2	54.85858585858585	99.85858585858585
1540	9	2	54.71428571428571	145.74725274725276
1540	10	2	55.14141414141414	190.14141414141415
1540	11	2	100.06	9.850000000000001
1540	12	2	100.12	55.12000000000001
1540	13	2	99.97000000000003	99.60999999999999
1540	14	2	99.50000000000001	144.99999999999991
1540	15	2	100.06	190.10000000000002
1540	16	2	144.93999999999997	9.85
1540	17	2	145.09574468085103	55.41489361702127
1540	18	2	144.92000000000004	100.28
1540	19	2	145.1199999999999	144.76
1540	20	2	144.72916666666669	189.72916666666663
1540	21	2	190.17999999999992	10.11
1540	22	2	189.74	55.140000000000015
1540	23	2	189.64	100.20999999999998
1540	24	2	189.69072164948446	145.21649484536076
1540	25	2	189.99999999999994	189.73999999999995
1540	26	1	159.9149999999999	193.565
1540	27	1	64.98500000000001	131.85500000000002
1540	28	1	152.02512562814076	32.67336683417084
1540	29	1	165.47500000000016	182.44
1540	30	1	136.08499999999995	178.6150000000001
1540	31	1	136.72000000000008	30.885
1540	32	1	135.55000000000004	167.475
1540	33	1	29.6318407960199	118.9452736318408
1540	34	1	21.645	41.199999999999996
1540	35	1	128.81999999999996	15.98
1540	36	1	15.735000000000008	23.285
1540	37	1	177.35000000000008	180.81999999999996
1540	38	1	167.81	32.15499999999999
1540	39	1	58.1859296482412	67.65829145728641
1540	40	1	82.88442211055282	119.83417085427135
1540	41	1	55.135000000000005	114.26499999999994
1540	42	1	78.78999999999998	134.705
1540	43	1	109.96999999999998	50.32999999999997
1540	44	1	44.353233830845774	61.31840796019901
1540	45	1	112.28499999999997	164.77499999999992
1540	46	1	163.91499999999994	169.17
1540	47	1	168.84000000000017	119.30999999999992
1540	48	1	23.665000000000013	31.625
1540	49	1	160.22500000000008	10.505000000000006
1540	50	1	186.61000000000007	115.68999999999996
1540	51	1	67.3350000000001	116.99999999999996
1540	52	1	39.79999999999998	169.16000000000003
1540	53	1	24.484999999999996	56.389999999999986
1540	54	1	92.18000000000005	125.56499999999998
1540	55	1	117.90452261306531	145.38693467336697
1540	56	1	157.49500000000003	124.17999999999995
1540	57	1	122.13999999999999	161.66499999999994
1540	58	1	127.24499999999998	36.125000000000014
1540	59	1	168.46231155778892	23.758793969849254
1540	60	1	181.46231155778884	126.64321608040193
1540	61	1	171.40999999999997	44.175000000000026
1540	62	1	75.54499999999996	109.34000000000003
1540	63	1	25.215000000000007	167.43000000000012
1540	64	1	69.32499999999995	69.03499999999995
1540	65	1	113.39500000000001	35.42
1540	66	1	143.21999999999994	21.215000000000003
1540	67	1	171.86000000000004	13.050000000000008
1540	68	1	174.16500000000002	197.965
1540	69	1	159.72	47.68500000000003
1540	70	1	33.00000000000002	66.20499999999998
1540	71	1	46.00499999999999	118.36500000000001
1540	72	1	151.1350000000001	177.62
1540	73	1	38.075000000000024	47.27
1540	74	1	120.46499999999999	178.71499999999992
1540	75	1	157.39000000000007	110.645
1550	1	2	10.02	10.050000000000004
1550	2	2	9.858585858585856	55.14141414141413
1550	3	2	9.879999999999997	99.87999999999998
1550	4	2	10.309278350515465	145.2164948453608
1550	5	2	10.000000000000002	189.73999999999995
1550	6	2	54.849999999999994	9.999999999999998
1550	7	2	55.30927835051546	54.78350515463916
1550	8	2	54.85858585858585	99.85858585858585
1550	9	2	54.71428571428571	145.74725274725276
1550	10	2	55.14141414141414	190.14141414141415
1550	11	2	100.06	9.850000000000001
1550	12	2	100.12	55.12000000000001
1550	13	2	99.97000000000003	99.60999999999999
1550	14	2	99.50000000000001	144.99999999999991
1550	15	2	100.06	190.10000000000002
1550	16	2	144.93999999999997	9.85
1550	17	2	145.09574468085103	55.41489361702127
1550	18	2	144.92000000000004	100.28
1550	19	2	145.1199999999999	144.76
1550	20	2	144.72916666666669	189.72916666666663
1550	21	2	190.17999999999992	10.11
1550	22	2	189.74	55.140000000000015
1550	23	2	189.64	100.20999999999998
1550	24	2	189.69072164948446	145.21649484536076
1550	25	2	189.99999999999994	189.73999999999995
1550	26	1	159.775	193.67499999999993
1550	27	1	64.85000000000001	131.87000000000006
1550	28	1	151.895	32.805000000000035
1550	29	1	165.51999999999998	182.43499999999995
1550	30	1	135.9798994974874	178.77386934673368
1550	31	1	136.44499999999996	30.58
1550	32	1	135.81909547738695	167.61809045226127
1550	33	1	28.264999999999997	120.07000000000001
1550	34	1	21.633165829145725	41.25125628140704
1550	35	1	128.88557213930352	15.019900497512442
1550	36	1	15.755000000000008	23.38
1550	37	1	177.42000000000002	180.89000000000007
1550	38	1	167.68999999999997	32.214999999999996
1550	39	1	58.105000000000025	67.48999999999998
1550	40	1	83.005	119.78000000000002
1550	41	1	55.12	114.37500000000003
1550	42	1	78.56999999999998	134.7400000000001
1550	43	1	109.85427135678393	49.658291457286445
1550	44	1	43.74371859296482	61.12562814070353
1550	45	1	112.31000000000003	164.69
1550	46	1	164.12999999999997	169.17500000000007
1550	47	1	168.6050000000001	119.21999999999998
1550	48	1	23.84000000000001	31.68
1550	49	1	160.265	10.759999999999998
1550	50	1	186.245	115.85000000000007
1550	51	1	67.45000000000002	117.085
1550	52	1	39.669999999999995	168.95999999999995
1550	53	1	24.935	56.05499999999999
1550	54	1	92.12499999999999	125.555
1550	55	1	118.13499999999992	145.1300000000001
1550	56	1	157.45999999999992	124.11999999999993
1550	57	1	122.24500000000002	161.80000000000004
1550	58	1	127.01000000000005	35.87500000000002
1550	59	1	168.49999999999997	23.724999999999994
1550	60	1	181.4	126.66000000000001
1550	61	1	171.41500000000005	44.06499999999998
1550	62	1	75.12000000000002	109.25000000000009
1550	63	1	25.335000000000008	167.42000000000016
1550	64	1	69.26000000000005	69.20499999999998
1550	65	1	114.255	35.79500000000002
1550	66	1	143.03015075376882	21.160804020100517
1550	67	1	171.92500000000004	13.085
1550	68	1	174.13499999999993	197.93
1550	69	1	159.79500000000004	47.9
1550	70	1	32.80499999999999	66.63000000000005
1550	71	1	45.738693467336674	118.62311557788944
1550	72	1	151.24999999999991	177.73000000000002
1550	73	1	38.54999999999998	46.605
1550	74	1	120.50999999999995	178.59500000000003
1550	75	1	157.795	110.50499999999998
1560	1	2	10.02	10.050000000000004
1560	2	2	9.858585858585856	55.14141414141413
1560	3	2	9.879999999999997	99.87999999999998
1560	4	2	10.309278350515465	145.2164948453608
1560	5	2	10.000000000000002	189.73999999999995
1560	6	2	54.849999999999994	9.999999999999998
1560	7	2	55.30927835051546	54.78350515463916
1560	8	2	54.85858585858585	99.85858585858585
1560	9	2	54.71428571428571	145.74725274725276
1560	10	2	55.14141414141414	190.14141414141415
1560	11	2	100.06	9.850000000000001
1560	12	2	100.12	55.12000000000001
1560	13	2	99.97000000000003	99.60999999999999
1560	14	2	99.50000000000001	144.99999999999991
1560	15	2	100.06	190.10000000000002
1560	16	2	144.93999999999997	9.85
1560	17	2	145.09574468085103	55.41489361702127
1560	18	2	144.92000000000004	100.28
1560	19	2	145.1199999999999	144.76
1560	20	2	144.72916666666669	189.72916666666663
1560	21	2	190.17999999999992	10.11
1560	22	2	189.74	55.140000000000015
1560	23	2	189.64	100.20999999999998
1560	24	2	189.69072164948446	145.21649484536076
1560	25	2	189.99999999999994	189.73999999999995
1560	26	1	160.04522613065328	193.82914572864328
1560	27	1	64.90500000000003	131.70000000000002
1560	28	1	151.78500000000005	32.949999999999996
1560	29	1	165.49999999999997	182.17500000000013
1560	30	1	135.97000000000003	179.33000000000007
1560	31	1	135.91500000000002	30.379999999999995
1560	32	1	135.54000000000008	167.70000000000005
1560	33	1	26.16500000000002	120.86500000000002
1560	34	1	21.90000000000002	41.40499999999997
1560	35	1	129.05000000000004	14.49
1560	36	1	15.435000000000004	23.515000000000008
1560	37	1	177.47761194029846	181.00995024875627
1560	38	1	167.77499999999986	32.16000000000003
1560	39	1	57.88059701492537	67.31840796019901
1560	40	1	83.20500000000001	119.56499999999993
1560	41	1	55.079999999999984	114.42500000000003
1560	42	1	78.59500000000004	134.64000000000013
1560	43	1	109.60500000000005	48.63
1560	44	1	43.47500000000002	61.224999999999994
1560	45	1	112.17587939698488	164.537688442211
1560	46	1	163.98999999999992	169.09499999999994
1560	47	1	168.52500000000006	119.14
1560	48	1	23.89499999999999	31.74000000000001
1560	49	1	160.12	10.924999999999999
1560	50	1	185.97000000000003	115.79499999999996
1560	51	1	67.51499999999999	117.02000000000001
1560	52	1	39.48	168.96000000000004
1560	53	1	25.085000000000008	56.07999999999999
1560	54	1	92.18	125.63
1560	55	1	118.15	145.04
1560	56	1	157.51999999999992	124.05499999999996
1560	57	1	122.12562814070351	161.66834170854273
1560	58	1	127.0597014925373	35.82587064676617
1560	59	1	168.49999999999997	23.724999999999994
1560	60	1	181.30653266331657	126.6331658291457
1560	61	1	171.53500000000005	43.885000000000026
1560	62	1	75.065	109.34499999999997
1560	63	1	25.40703517587939	167.12060301507537
1560	64	1	69.34499999999998	69.24
1560	65	1	115.80402010050251	36.809045226130664
1560	66	1	142.89	21.234999999999978
1560	67	1	171.7999999999998	13.200000000000003
1560	68	1	174.1	197.8
1560	69	1	159.6432160804019	47.75376884422112
1560	70	1	32.795	66.59000000000002
1560	71	1	45.27	118.85499999999996
1560	72	1	151.30499999999986	177.4350000000001
1560	73	1	38.434999999999995	46.255000000000024
1560	74	1	120.59000000000002	178.26500000000013
1560	75	1	157.92999999999995	110.42500000000007
1570	1	2	10.02	10.050000000000004
1570	2	2	9.858585858585856	55.14141414141413
1570	3	2	9.879999999999997	99.87999999999998
1570	4	2	10.309278350515465	145.2164948453608
1570	5	2	10.000000000000002	189.73999999999995
1570	6	2	54.849999999999994	9.999999999999998
1570	7	2	55.30927835051546	54.78350515463916
1570	8	2	54.85858585858585	99.85858585858585
1570	9	2	54.71428571428571	145.74725274725276
1570	10	2	55.14141414141414	190.14141414141415
1570	11	2	100.06	9.850000000000001
1570	12	2	100.12	55.12000000000001
1570	13	2	99.97000000000003	99.60999999999999
1570	14	2	99.50000000000001	144.99999999999991
1570	15	2	100.06	190.10000000000002
1570	16	2	144.93999999999997	9.85
1570	17	2	145.09574468085103	55.41489361702127
1570	18	2	144.92000000000004	100.28
1570	19	2	145.1199999999999	144.76
1570	20	2	144.72916666666669	189.72916666666663
1570	21	2	190.17999999999992	10.11
1570	22	2	189.74	55.140000000000015
1570	23	2	189.64	100.20999999999998
1570	24	2	189.69072164948446	145.21649484536076
1570	25	2	189.99999999999994	189.73999999999995
1570	26	1	160.19500000000002	193.90499999999997
1570	27	1	64.69	131.70000000000007
1570	28	1	151.5628140703518	32.87939698492463
1570	29	1	165.25499999999994	182.17000000000002
1570	30	1	135.64	179.99500000000003
1570	31	1	135.6150000000001	30.31
1570	32	1	135.49499999999995	167.775
1570	33	1	24.315000000000005	121.18999999999997
1570	34	1	21.719999999999988	41.42500000000002
1570	35	1	129.225	14.339999999999996
1570	36	1	15.51	23.445000000000007
1570	37	1	177.58	181.235
1570	38	1	167.86499999999995	32.055
1570	39	1	57.64499999999999	67.14000000000007
1570	40	1	83.28999999999999	119.60999999999999
1570	41	1	55.16	114.43499999999996
1570	42	1	78.55999999999995	134.49999999999994
1570	43	1	109.485	47.96
1570	44	1	43.37500000000003	61.36500000000002
1570	45	1	112.43500000000002	164.72999999999993
1570	46	1	164.32999999999998	169.15
1570	47	1	168.43999999999988	119.085
1570	48	1	24.059999999999995	31.959999999999997
1570	49	1	159.9600000000001	10.995000000000001
1570	50	1	185.87437185929653	115.80402010050257
1570	51	1	67.59500000000003	117.23999999999997
1570	52	1	39.349999999999994	168.89500000000004
1570	53	1	25.124378109452742	55.76119402985074
1570	54	1	92.52499999999996	125.53000000000003
1570	55	1	118.03000000000002	145.10500000000002
1570	56	1	157.39000000000004	123.93499999999997
1570	57	1	122.30500000000004	161.35000000000002
1570	58	1	126.38999999999999	35.38000000000001
1570	59	1	168.49999999999997	23.724999999999994
1570	60	1	181.4328358208956	126.65174129353231
1570	61	1	171.93999999999986	43.569999999999986
1570	62	1	75.13499999999998	109.405
1570	63	1	25.829999999999995	166.58499999999992
1570	64	1	69.34170854271355	69.37185929648243
1570	65	1	116.45273631840801	38.43781094527365
1570	66	1	142.99499999999998	21.240000000000006
1570	67	1	171.90500000000003	13.079999999999998
1570	68	1	174.02512562814078	197.61306532663318
1570	69	1	160.02000000000007	47.47499999999999
1570	70	1	32.61000000000001	66.48499999999997
1570	71	1	44.308457711442806	118.92537313432828
1570	72	1	151.23000000000005	177.1350000000002
1570	73	1	38.25499999999998	45.99500000000001
1570	74	1	120.68000000000006	178.12999999999985
1570	75	1	157.895	110.27000000000004
1580	1	2	10.02	10.050000000000004
1580	2	2	9.858585858585856	55.14141414141413
1580	3	2	9.879999999999997	99.87999999999998
1580	4	2	10.309278350515465	145.2164948453608
1580	5	2	10.000000000000002	189.73999999999995
1580	6	2	54.849999999999994	9.999999999999998
1580	7	2	55.30927835051546	54.78350515463916
1580	8	2	54.85858585858585	99.85858585858585
1580	9	2	54.71428571428571	145.74725274725276
1580	10	2	55.14141414141414	190.14141414141415
1580	11	2	100.06	9.850000000000001
1580	12	2	100.12	55.12000000000001
1580	13	2	99.97000000000003	99.60999999999999
1580	14	2	99.50000000000001	144.99999999999991
1580	15	2	100.06	190.10000000000002
1580	16	2	144.93999999999997	9.85
1580	17	2	145.09574468085103	55.41489361702127
1580	18	2	144.92000000000004	100.28
1580	19	2	145.1199999999999	144.76
1580	20	2	144.72916666666669	189.72916666666663
1580	21	2	190.17999999999992	10.11
1580	22	2	189.74	55.140000000000015
1580	23	2	189.64	100.20999999999998
1580	24	2	189.69072164948446	145.21649484536076
1580	25	2	189.99999999999994	189.73999999999995
1580	26	1	160.32500000000007	193.89
1580	27	1	64.77499999999998	131.54000000000008
1580	28	1	151.61000000000004	32.89
1580	29	1	165.18499999999995	182.11500000000007
1580	30	1	135.90049751243782	180.51741293532345
1580	31	1	135.64000000000001	30.369999999999997
1580	32	1	135.585	168.18500000000006
1580	33	1	22.62	121.72000000000003
1580	34	1	21.744999999999994	41.345000000000006
1580	35	1	129.2300000000001	14.509999999999994
1580	36	1	15.945000000000002	23.229999999999993
1580	37	1	177.54499999999996	181.10000000000008
1580	38	1	167.86567164179095	32.00497512437811
1580	39	1	57.379999999999995	67.21000000000001
1580	40	1	83.42211055276383	119.29145728643215
1580	41	1	55.29145728643218	114.62814070351757
1580	42	1	78.70149253731343	134.38308457711452
1580	43	1	109.75500000000004	46.959999999999994
1580	44	1	43.22000000000003	61.94499999999995
1580	45	1	112.32000000000002	164.83
1580	46	1	164.37499999999991	168.95000000000007
1580	47	1	168.305	119.06499999999996
1580	48	1	24.150000000000013	31.92
1580	49	1	159.95500000000007	10.969999999999995
1580	50	1	185.96999999999997	115.81499999999996
1580	51	1	67.67500000000001	117.13500000000002
1580	52	1	39.00499999999999	168.715
1580	53	1	25.27860696517413	55.69154228855722
1580	54	1	92.51000000000003	125.52999999999999
1580	55	1	118.01499999999999	145.20499999999998
1580	56	1	157.2699999999999	123.795
1580	57	1	122.13567839195977	161.55276381909542
1580	58	1	125.83	35.02999999999999
1580	59	1	168.49999999999997	23.724999999999994
1580	60	1	181.44499999999994	126.53000000000004
1580	61	1	172.505	43.205000000000005
1580	62	1	75.04999999999994	109.39000000000001
1580	63	1	26.069999999999975	165.79999999999993
1580	64	1	69.10000000000001	69.13999999999999
1580	65	1	117.02512562814078	39.68844221105528
1580	66	1	142.98492462311552	21.27638190954774
1580	67	1	172.00499999999997	12.969999999999992
1580	68	1	174.14000000000004	197.6500000000001
1580	69	1	160.19999999999996	47.34500000000002
1580	70	1	32.54	66.02500000000005
1580	71	1	43.71999999999999	119.24000000000004
1580	72	1	151.335	177.08999999999992
1580	73	1	38.04975124378108	45.179104477611936
1580	74	1	120.71	178.20499999999993
1580	75	1	158.00000000000003	110.12500000000004
1590	1	2	10.02	10.050000000000004
1590	2	2	9.858585858585856	55.14141414141413
1590	3	2	9.879999999999997	99.87999999999998
1590	4	2	10.309278350515465	145.2164948453608
1590	5	2	10.000000000000002	189.73999999999995
1590	6	2	54.849999999999994	9.999999999999998
1590	7	2	55.30927835051546	54.78350515463916
1590	8	2	54.85858585858585	99.85858585858585
1590	9	2	54.71428571428571	145.74725274725276
1590	10	2	55.14141414141414	190.14141414141415
1590	11	2	100.06	9.850000000000001
1590	12	2	100.12	55.12000000000001
1590	13	2	99.97000000000003	99.60999999999999
1590	14	2	99.50000000000001	144.99999999999991
1590	15	2	100.06	190.10000000000002
1590	16	2	144.93999999999997	9.85
1590	17	2	145.09574468085103	55.41489361702127
1590	18	2	144.92000000000004	100.28
1590	19	2	145.1199999999999	144.76
1590	20	2	144.72916666666669	189.72916666666663
1590	21	2	190.17999999999992	10.11
1590	22	2	189.74	55.140000000000015
1590	23	2	189.64	100.20999999999998
1590	24	2	189.69072164948446	145.21649484536076
1590	25	2	189.99999999999994	189.73999999999995
1590	26	1	160.38999999999996	193.92000000000007
1590	27	1	64.78499999999998	131.53500000000008
1590	28	1	151.65326633165827	32.97487437185927
1590	29	1	165.26500000000004	182.31500000000005
1590	30	1	135.99000000000004	180.67499999999998
1590	31	1	135.59	30.509999999999998
1590	32	1	135.9350000000001	168.1599999999999
1590	33	1	20.569999999999993	122.60999999999999
1590	34	1	22.1592039800995	41.432835820895505
1590	35	1	129.2964824120602	14.698492462311558
1590	36	1	17.050000000000004	23.140000000000004
1590	37	1	177.55223880597012	181.1641791044775
1590	38	1	167.97512437810946	31.915422885572134
1590	39	1	56.91499999999999	67.50500000000004
1590	40	1	83.49000000000001	119.44499999999996
1590	41	1	55.29353233830845	114.90049751243781
1590	42	1	78.71500000000003	134.50499999999994
1590	43	1	109.70854271356785	46.11055276381911
1590	44	1	43.10499999999999	61.89000000000001
1590	45	1	112.47263681592042	164.95522388059698
1590	46	1	164.13500000000002	168.92000000000007
1590	47	1	168.4950000000001	119.01000000000005
1590	48	1	23.795000000000016	31.644999999999996
1590	49	1	159.79000000000005	11.144999999999994
1590	50	1	185.7150000000001	115.65999999999998
1590	51	1	67.745	117.13499999999995
1590	52	1	38.786069651741286	167.39800995024865
1590	53	1	25.48743718592965	55.34170854271355
1590	54	1	92.49999999999993	125.72500000000005
1590	55	1	117.93499999999996	145.09999999999997
1590	56	1	157.23999999999995	123.68000000000005
1590	57	1	122.29999999999998	161.11000000000004
1590	58	1	125.385	34.72
1590	59	1	168.46231155778892	23.758793969849254
1590	60	1	181.79500000000013	126.48500000000001
1590	61	1	173.25999999999993	43.055
1590	62	1	74.99999999999994	109.48756218905476
1590	63	1	26.290000000000003	164.99
1590	64	1	68.82000000000001	68.35500000000005
1590	65	1	117.56500000000001	40.905000000000015
1590	66	1	143.0950000000001	21.330000000000005
1590	67	1	171.89499999999998	13.004999999999994
1590	68	1	174.15075376884428	197.6482412060302
1590	69	1	160.325	47.205000000000005
1590	70	1	32.459999999999994	65.75999999999996
1590	71	1	42.72	119.28500000000001
1590	72	1	151.34500000000008	176.99999999999997
1590	73	1	38.000000000000014	44.139999999999986
1590	74	1	121.32160804020097	178.035175879397
1590	75	1	158.17	110.09500000000001
1600	1	2	10.02	10.050000000000004
1600	2	2	9.858585858585856	55.14141414141413
1600	3	2	9.879999999999997	99.87999999999998
1600	4	2	10.309278350515465	145.2164948453608
1600	5	2	10.000000000000002	189.73999999999995
1600	6	2	54.849999999999994	9.999999999999998
1600	7	2	55.30927835051546	54.78350515463916
1600	8	2	54.85858585858585	99.85858585858585
1600	9	2	54.71428571428571	145.74725274725276
1600	10	2	55.14141414141414	190.14141414141415
1600	11	2	100.06	9.850000000000001
1600	12	2	100.12	55.12000000000001
1600	13	2	99.97000000000003	99.60999999999999
1600	14	2	99.50000000000001	144.99999999999991
1600	15	2	100.06	190.10000000000002
1600	16	2	144.93999999999997	9.85
1600	17	2	145.09574468085103	55.41489361702127
1600	18	2	144.92000000000004	100.28
1600	19	2	145.1199999999999	144.76
1600	20	2	144.72916666666669	189.72916666666663
1600	21	2	190.17999999999992	10.11
1600	22	2	189.74	55.140000000000015
1600	23	2	189.64	100.20999999999998
1600	24	2	189.69072164948446	145.21649484536076
1600	25	2	189.99999999999994	189.73999999999995
1600	26	1	160.26130653266324	193.7989949748742
1600	27	1	64.93499999999997	131.83499999999995
1600	28	1	151.68844221105527	33.03517587939698
1600	29	1	165.155	182.32500000000005
1600	30	1	136.01000000000005	180.92999999999995
1600	31	1	135.7462686567163	30.606965174129346
1600	32	1	135.97000000000008	168.28000000000003
1600	33	1	19.530000000000005	123.07500000000003
1600	34	1	22.253731343283587	41.40796019900501
1600	35	1	129.14070351758798	15.115577889447232
1600	36	1	17.348258706467657	23.00995024875622
1600	37	1	177.49999999999994	181.08499999999995
1600	38	1	167.9104477611939	31.945273631840788
1600	39	1	56.829999999999956	67.58499999999994
1600	40	1	83.29499999999999	119.66499999999998
1600	41	1	55.685	115.18499999999999
1600	42	1	78.58	134.95999999999995
1600	43	1	109.74499999999999	45.87499999999999
1600	44	1	42.95500000000002	61.765
1600	45	1	112.45999999999998	165.07499999999996
1600	46	1	164.02499999999995	168.78499999999997
1600	47	1	168.63499999999996	119.12000000000005
1600	48	1	23.750000000000004	31.46499999999998
1600	49	1	159.98500000000004	11.039999999999997
1600	50	1	185.93499999999997	115.57499999999999
1600	51	1	67.79499999999999	117.13000000000005
1600	52	1	38.395	166.3449999999999
1600	53	1	25.600000000000005	55.31000000000003
1600	54	1	92.25499999999998	125.62500000000004
1600	55	1	117.91000000000003	145.08
1600	56	1	157.14999999999998	123.59499999999997
1600	57	1	122.22499999999997	161.0349999999999
1600	58	1	125.17000000000003	34.449999999999996
1600	59	1	168.49999999999997	23.724999999999994
1600	60	1	181.77500000000012	126.54499999999999
1600	61	1	174.65000000000012	42.91999999999997
1600	62	1	74.77499999999998	109.23500000000003
1600	63	1	26.81	163.8400000000001
1600	64	1	68.30653266331663	67.84924623115579
1600	65	1	118.01990049751241	41.69651741293534
1600	66	1	143.13000000000008	21.214999999999996
1600	67	1	171.90000000000006	12.944999999999993
1600	68	1	174.17587939698495	197.47236180904522
1600	69	1	160.86499999999998	47.03000000000001
1600	70	1	32.42000000000001	65.67000000000004
1600	71	1	42.69999999999998	119.24000000000005
1600	72	1	151.20895522388057	177.12935323383078
1600	73	1	37.65671641791047	42.83084577114428
1600	74	1	121.26	178.09000000000003
1600	75	1	158.24999999999997	110.15999999999997
1610	1	2	10.02	10.050000000000004
1610	2	2	9.858585858585856	55.14141414141413
1610	3	2	9.879999999999997	99.87999999999998
1610	4	2	10.309278350515465	145.2164948453608
1610	5	2	10.000000000000002	189.73999999999995
1610	6	2	54.849999999999994	9.999999999999998
1610	7	2	55.30927835051546	54.78350515463916
1610	8	2	54.85858585858585	99.85858585858585
1610	9	2	54.71428571428571	145.74725274725276
1610	10	2	55.14141414141414	190.14141414141415
1610	11	2	100.06	9.850000000000001
1610	12	2	100.12	55.12000000000001
1610	13	2	99.97000000000003	99.60999999999999
1610	14	2	99.50000000000001	144.99999999999991
1610	15	2	100.06	190.10000000000002
1610	16	2	144.93999999999997	9.85
1610	17	2	145.09574468085103	55.41489361702127
1610	18	2	144.92000000000004	100.28
1610	19	2	145.1199999999999	144.76
1610	20	2	144.72916666666669	189.72916666666663
1610	21	2	190.17999999999992	10.11
1610	22	2	189.74	55.140000000000015
1610	23	2	189.64	100.20999999999998
1610	24	2	189.69072164948446	145.21649484536076
1610	25	2	189.99999999999994	189.73999999999995
1610	26	1	160.16499999999988	193.95000000000013
1610	27	1	64.96	131.77499999999998
1610	28	1	152.05499999999995	33.22
1610	29	1	165.1243781094527	182.4726368159205
1610	30	1	136.025	181.12499999999997
1610	31	1	135.92999999999992	30.66000000000001
1610	32	1	136.08	168.26500000000007
1610	33	1	19.208955223880604	123.27860696517415
1610	34	1	22.22000000000001	41.38499999999998
1610	35	1	128.995	15.514999999999993
1610	36	1	17.259999999999994	23.01999999999998
1610	37	1	177.37500000000009	181.09999999999997
1610	38	1	167.9253731343284	32.24378109452736
1610	39	1	56.95500000000001	69.115
1610	40	1	83.19900497512437	120.20398009950247
1610	41	1	55.83417085427136	115.36180904522615
1610	42	1	78.4	135.79999999999998
1610	43	1	109.72499999999995	45.86000000000001
1610	44	1	43.18000000000001	61.79999999999998
1610	45	1	112.48000000000003	164.99
1610	46	1	163.9699999999999	168.4599999999999
1610	47	1	168.69999999999993	119.10000000000004
1610	48	1	24.005000000000013	31.695000000000007
1610	49	1	159.97500000000005	11.129999999999992
1610	50	1	185.82500000000005	115.66999999999999
1610	51	1	67.82089552238807	117.1990049751244
1610	52	1	38.48500000000001	165.28999999999994
1610	53	1	26.174129353233827	54.88557213930351
1610	54	1	92.10447761194028	125.85572139303487
1610	55	1	117.90500000000002	145.31999999999996
1610	56	1	157.17500000000004	123.51499999999993
1610	57	1	122.35323383084577	161.1940298507463
1610	58	1	125.12999999999994	34.425
1610	59	1	168.54773869346732	23.688442211055285
1610	60	1	181.78391959798986	126.6683417085427
1610	61	1	175.73000000000008	42.959999999999994
1610	62	1	74.975	109.37500000000006
1610	63	1	27.535000000000004	162.71499999999997
1610	64	1	67.97500000000001	67.25999999999999
1610	65	1	118.16080402010051	42.00502512562812
1610	66	1	143.18999999999997	21.294999999999998
1610	67	1	171.77999999999994	12.975000000000007
1610	68	1	174.205	197.365
1610	69	1	161.9402985074626	47.21393034825872
1610	70	1	32.47499999999998	65.82499999999999
1610	71	1	42.8	119.23500000000007
1610	72	1	151.13499999999996	177.1199999999999
1610	73	1	37.88442211055274	41.80904522613067
1610	74	1	121.30348258706474	178.15920398009936
1610	75	1	158.51758793969853	110.21105527638188
1620	1	2	10.02	10.050000000000004
1620	2	2	9.858585858585856	55.14141414141413
1620	3	2	9.879999999999997	99.87999999999998
1620	4	2	10.309278350515465	145.2164948453608
1620	5	2	10.000000000000002	189.73999999999995
1620	6	2	54.849999999999994	9.999999999999998
1620	7	2	55.30927835051546	54.78350515463916
1620	8	2	54.85858585858585	99.85858585858585
1620	9	2	54.71428571428571	145.74725274725276
1620	10	2	55.14141414141414	190.14141414141415
1620	11	2	100.06	9.850000000000001
1620	12	2	100.12	55.12000000000001
1620	13	2	99.97000000000003	99.60999999999999
1620	14	2	99.50000000000001	144.99999999999991
1620	15	2	100.06	190.10000000000002
1620	16	2	144.93999999999997	9.85
1620	17	2	145.09574468085103	55.41489361702127
1620	18	2	144.92000000000004	100.28
1620	19	2	145.1199999999999	144.76
1620	20	2	144.72916666666669	189.72916666666663
1620	21	2	190.17999999999992	10.11
1620	22	2	189.74	55.140000000000015
1620	23	2	189.64	100.20999999999998
1620	24	2	189.69072164948446	145.21649484536076
1620	25	2	189.99999999999994	189.73999999999995
1620	26	1	160.11999999999998	194.04499999999987
1620	27	1	64.96499999999997	131.65999999999994
1620	28	1	152.17412935323392	33.373134328358205
1620	29	1	165.01515151515147	182.43434343434342
1620	30	1	135.81592039800984	181.11940298507457
1620	31	1	135.93499999999995	30.610000000000003
1620	32	1	136.16999999999996	168.18500000000003
1620	33	1	19.23499999999999	123.45999999999997
1620	34	1	22.30999999999999	41.49499999999998
1620	35	1	128.82999999999993	15.829999999999998
1620	36	1	17.254999999999992	22.939999999999998
1620	37	1	177.01499999999993	180.965
1620	38	1	167.93500000000003	32.17
1620	39	1	57.02000000000001	70.45500000000006
1620	40	1	82.9452736318408	120.45771144278605
1620	41	1	55.98	115.37
1620	42	1	78.16915422885573	137.1094527363183
1620	43	1	109.77000000000005	45.99500000000001
1620	44	1	43.755	62.11500000000001
1620	45	1	112.25499999999998	165.32999999999993
1620	46	1	163.605	167.86000000000007
1620	47	1	168.59499999999994	119.13000000000002
1620	48	1	24.335000000000004	31.885
1620	49	1	159.97499999999994	11.18500000000001
1620	50	1	185.60999999999987	115.66499999999998
1620	51	1	67.88944723618091	117.3115577889447
1620	52	1	37.95	164.02
1620	53	1	27.085000000000008	54.64
1620	54	1	91.63316582914572	126.19597989949744
1620	55	1	117.92499999999997	145.72999999999988
1620	56	1	157.3850000000001	123.62500000000007
1620	57	1	122.18592964824114	161.4623115577888
1620	58	1	125.18000000000002	34.384999999999984
1620	59	1	168.49999999999997	23.724999999999994
1620	60	1	181.7450000000001	126.71000000000001
1620	61	1	176.6	43.08999999999999
1620	62	1	74.82914572864316	109.34673366834168
1620	63	1	27.87437185929648	162.28643216080394
1620	64	1	67.54500000000003	66.92499999999995
1620	65	1	118.16	42.09000000000001
1620	66	1	143.325	21.30999999999999
1620	67	1	171.71500000000006	12.850000000000003
1620	68	1	174.38308457711435	197.03482587064676
1620	69	1	163.12999999999997	46.865
1620	70	1	32.565000000000005	66.16499999999995
1620	71	1	42.94	119.38499999999998
1620	72	1	151.39499999999995	176.98499999999999
1620	73	1	37.96499999999999	40.940000000000005
1620	74	1	121.23500000000004	177.91
1620	75	1	158.61	110.10999999999997
1630	1	2	10.02	10.050000000000004
1630	2	2	9.858585858585856	55.14141414141413
1630	3	2	9.879999999999997	99.87999999999998
1630	4	2	10.309278350515465	145.2164948453608
1630	5	2	10.000000000000002	189.73999999999995
1630	6	2	54.849999999999994	9.999999999999998
1630	7	2	55.30927835051546	54.78350515463916
1630	8	2	54.85858585858585	99.85858585858585
1630	9	2	54.71428571428571	145.74725274725276
1630	10	2	55.14141414141414	190.14141414141415
1630	11	2	100.06	9.850000000000001
1630	12	2	100.12	55.12000000000001
1630	13	2	99.97000000000003	99.60999999999999
1630	14	2	99.50000000000001	144.99999999999991
1630	15	2	100.06	190.10000000000002
1630	16	2	144.93999999999997	9.85
1630	17	2	145.09574468085103	55.41489361702127
1630	18	2	144.92000000000004	100.28
1630	19	2	145.1199999999999	144.76
1630	20	2	144.72916666666669	189.72916666666663
1630	21	2	190.17999999999992	10.11
1630	22	2	189.74	55.140000000000015
1630	23	2	189.64	100.20999999999998
1630	24	2	189.69072164948446	145.21649484536076
1630	25	2	189.99999999999994	189.73999999999995
1630	26	1	160.21000000000004	193.85999999999993
1630	27	1	65.34000000000002	131.80499999999998
1630	28	1	152.30999999999995	33.60000000000004
1630	29	1	165.04975124378106	182.3333333333333
1630	30	1	135.64	180.99999999999994
1630	31	1	135.73499999999999	30.700000000000003
1630	32	1	136.4299999999999	168.0950000000001
1630	33	1	19.32499999999999	123.36500000000001
1630	34	1	22.18000000000001	41.79500000000001
1630	35	1	128.82000000000002	15.97
1630	36	1	17.434999999999995	23.009999999999994
1630	37	1	176.655	180.90500000000003
1630	38	1	168.53	32.26500000000006
1630	39	1	56.735	72.54499999999997
1630	40	1	83.04999999999998	120.4250000000001
1630	41	1	56.020000000000024	115.37000000000002
1630	42	1	78.30000000000001	137.90000000000015
1630	43	1	109.55499999999998	45.61
1630	44	1	44.31499999999998	62.084999999999994
1630	45	1	111.77	166.04
1630	46	1	162.64499999999992	167.01500000000004
1630	47	1	168.43999999999994	119.04999999999997
1630	48	1	24.26865671641792	32.00000000000002
1630	49	1	159.90500000000003	11.349999999999994
1630	50	1	185.80000000000004	115.65000000000003
1630	51	1	67.87999999999998	117.52000000000004
1630	52	1	37.62999999999999	162.7999999999999
1630	53	1	28.035	54.79999999999999
1630	54	1	91.25499999999997	126.46499999999997
1630	55	1	118.68159203980102	146.59701492537303
1630	56	1	157.525	123.74500000000003
1630	57	1	122.02999999999999	161.51000000000002
1630	58	1	125.05000000000003	34.400000000000034
1630	59	1	168.43216080402007	23.728643216080396
1630	60	1	181.6400000000001	126.59499999999997
1630	61	1	177.27363184079593	44.07960199004974
1630	62	1	75.05500000000002	109.585
1630	63	1	27.705000000000016	162.475
1630	64	1	66.74500000000003	66.42999999999998
1630	65	1	118.28999999999999	42.24999999999996
1630	66	1	143.65500000000003	21.514999999999993
1630	67	1	171.63999999999987	12.855000000000002
1630	68	1	174.49	197.27
1630	69	1	163.44500000000005	46.289999999999964
1630	70	1	32.97000000000003	66.6750000000001
1630	71	1	42.74999999999997	119.40499999999999
1630	72	1	151.50248756218903	176.73631840796017
1630	73	1	37.79999999999999	40.71499999999999
1630	74	1	121.12000000000003	177.59000000000003
1630	75	1	158.7450000000001	110.07499999999995
1640	1	2	10.02	10.050000000000004
1640	2	2	9.858585858585856	55.14141414141413
1640	3	2	9.879999999999997	99.87999999999998
1640	4	2	10.309278350515465	145.2164948453608
1640	5	2	10.000000000000002	189.73999999999995
1640	6	2	54.849999999999994	9.999999999999998
1640	7	2	55.30927835051546	54.78350515463916
1640	8	2	54.85858585858585	99.85858585858585
1640	9	2	54.71428571428571	145.74725274725276
1640	10	2	55.14141414141414	190.14141414141415
1640	11	2	100.06	9.850000000000001
1640	12	2	100.12	55.12000000000001
1640	13	2	99.97000000000003	99.60999999999999
1640	14	2	99.50000000000001	144.99999999999991
1640	15	2	100.06	190.10000000000002
1640	16	2	144.93999999999997	9.85
1640	17	2	145.09574468085103	55.41489361702127
1640	18	2	144.92000000000004	100.28
1640	19	2	145.1199999999999	144.76
1640	20	2	144.72916666666669	189.72916666666663
1640	21	2	190.17999999999992	10.11
1640	22	2	189.74	55.140000000000015
1640	23	2	189.64	100.20999999999998
1640	24	2	189.69072164948446	145.21649484536076
1640	25	2	189.99999999999994	189.73999999999995
1640	26	1	160.40499999999994	193.81999999999994
1640	27	1	65.16	131.75500000000008
1640	28	1	152.5950000000001	33.910000000000004
1640	29	1	165.08999999999997	182.1900000000001
1640	30	1	135.7399999999999	180.90500000000006
1640	31	1	135.89000000000004	30.790000000000013
1640	32	1	136.41500000000002	168.14000000000007
1640	33	1	19.870000000000008	123.36499999999994
1640	34	1	22.40499999999999	42.250000000000014
1640	35	1	128.8	16.229999999999983
1640	36	1	17.520000000000007	22.990000000000006
1640	37	1	176.35000000000005	180.715
1640	38	1	169.395	32.05500000000001
1640	39	1	56.384999999999984	74.105
1640	40	1	82.85427135678393	120.7336683417085
1640	41	1	56.025	115.36499999999998
1640	42	1	78.50999999999996	138.94500000000008
1640	43	1	109.56500000000001	45.24500000000001
1640	44	1	44.65500000000002	62.45000000000003
1640	45	1	111.31000000000003	166.28499999999994
1640	46	1	161.3283582089551	166.6517412935323
1640	47	1	168.5000000000001	118.98999999999997
1640	48	1	24.145000000000007	32.03
1640	49	1	159.90999999999997	11.300000000000002
1640	50	1	186.28	115.62999999999998
1640	51	1	67.73499999999994	117.655
1640	52	1	37.355000000000004	160.73
1640	53	1	29.529999999999998	54.94500000000001
1640	54	1	90.54773869346737	126.70351758793976
1640	55	1	119.845	147.37999999999997
1640	56	1	157.6049999999999	123.86999999999999
1640	57	1	121.77722772277231	162.04455445544548
1640	58	1	125.21500000000006	34.455
1640	59	1	168.49999999999997	23.724999999999994
1640	60	1	181.465	126.48000000000002
1640	61	1	177.1200000000001	45.20500000000003
1640	62	1	75.22000000000004	109.87499999999999
1640	63	1	28.345000000000006	163.12999999999994
1640	64	1	65.87499999999994	66.13000000000004
1640	65	1	118.57499999999999	42.354999999999976
1640	66	1	143.9	21.66500000000001
1640	67	1	171.65500000000003	12.754999999999999
1640	68	1	174.71499999999997	197.51500000000001
1640	69	1	164.20499999999998	45.595000000000006
1640	70	1	33.485	67.37500000000011
1640	71	1	42.75621890547263	119.39303482587067
1640	72	1	151.78499999999997	176.35499999999988
1640	73	1	37.52	40.63
1640	74	1	121.25499999999998	177.61500000000004
1640	75	1	158.56999999999994	110.17500000000005
1650	1	2	10.02	10.050000000000004
1650	2	2	9.858585858585856	55.14141414141413
1650	3	2	9.879999999999997	99.87999999999998
1650	4	2	10.309278350515465	145.2164948453608
1650	5	2	10.000000000000002	189.73999999999995
1650	6	2	54.849999999999994	9.999999999999998
1650	7	2	55.30927835051546	54.78350515463916
1650	8	2	54.85858585858585	99.85858585858585
1650	9	2	54.71428571428571	145.74725274725276
1650	10	2	55.14141414141414	190.14141414141415
1650	11	2	100.06	9.850000000000001
1650	12	2	100.12	55.12000000000001
1650	13	2	99.97000000000003	99.60999999999999
1650	14	2	99.50000000000001	144.99999999999991
1650	15	2	100.06	190.10000000000002
1650	16	2	144.93999999999997	9.85
1650	17	2	145.09574468085103	55.41489361702127
1650	18	2	144.92000000000004	100.28
1650	19	2	145.1199999999999	144.76
1650	20	2	144.72916666666669	189.72916666666663
1650	21	2	190.17999999999992	10.11
1650	22	2	189.74	55.140000000000015
1650	23	2	189.64	100.20999999999998
1650	24	2	189.69072164948446	145.21649484536076
1650	25	2	189.99999999999994	189.73999999999995
1650	26	1	160.55999999999995	193.98000000000013
1650	27	1	65.29648241206031	131.77386934673368
1650	28	1	152.66999999999996	34.230000000000004
1650	29	1	165.19500000000005	182.28500000000008
1650	30	1	135.73499999999999	180.9700000000001
1650	31	1	135.795	30.714999999999996
1650	32	1	136.60999999999999	168.0899999999999
1650	33	1	19.899999999999995	123.51499999999999
1650	34	1	22.95500000000001	42.824999999999996
1650	35	1	128.685	16.435000000000013
1650	36	1	17.72	23.11
1650	37	1	176.26000000000005	180.65500000000003
1650	38	1	169.70000000000002	32.005
1650	39	1	55.66169154228854	74.88059701492537
1650	40	1	83.03482587064678	120.65174129353241
1650	41	1	55.93	115.27499999999996
1650	42	1	78.91499999999998	139.15000000000003
1650	43	1	109.59499999999996	44.82500000000001
1650	44	1	44.90999999999997	63.11000000000001
1650	45	1	110.635	167.5600000000001
1650	46	1	160.55499999999992	166.62499999999994
1650	47	1	168.47999999999993	118.82999999999996
1650	48	1	24.035	32.249999999999986
1650	49	1	159.83084577114423	11.398009950248758
1650	50	1	186.28500000000005	115.78500000000003
1650	51	1	67.76000000000002	117.89499999999998
1650	52	1	37.34825870646766	160.05472636815918
1650	53	1	30.110000000000007	55.265
1650	54	1	90.37313432835825	127.04477611940301
1650	55	1	120.61	148.195
1650	56	1	157.70854271356785	123.94974874371856
1650	57	1	121.56500000000003	162.37499999999994
1650	58	1	124.97000000000001	34.22999999999999
1650	59	1	168.49999999999997	23.724999999999994
1650	60	1	181.125	126.67000000000004
1650	61	1	176.4228855721394	46.52238805970147
1650	62	1	75.52499999999999	110.04000000000003
1650	63	1	28.635000000000012	163.5099999999999
1650	64	1	64.83084577114425	66.40796019900496
1650	65	1	118.84499999999998	42.634999999999984
1650	66	1	144.16499999999988	21.964999999999986
1650	67	1	171.60500000000002	12.739999999999998
1650	68	1	174.95499999999987	197.565
1650	69	1	164.34499999999994	45.26000000000002
1650	70	1	34.47500000000001	67.9
1650	71	1	42.8442211055276	119.33165829145729
1650	72	1	151.87500000000003	176.5600000000001
1650	73	1	37.55000000000001	40.95000000000003
1650	74	1	121.17500000000003	177.11499999999995
1650	75	1	158.68000000000015	110.20499999999998
1660	1	2	10.02	10.050000000000004
1660	2	2	9.858585858585856	55.14141414141413
1660	3	2	9.879999999999997	99.87999999999998
1660	4	2	10.309278350515465	145.2164948453608
1660	5	2	10.000000000000002	189.73999999999995
1660	6	2	54.849999999999994	9.999999999999998
1660	7	2	55.30927835051546	54.78350515463916
1660	8	2	54.85858585858585	99.85858585858585
1660	9	2	54.71428571428571	145.74725274725276
1660	10	2	55.14141414141414	190.14141414141415
1660	11	2	100.06	9.850000000000001
1660	12	2	100.12	55.12000000000001
1660	13	2	99.97000000000003	99.60999999999999
1660	14	2	99.50000000000001	144.99999999999991
1660	15	2	100.06	190.10000000000002
1660	16	2	144.93999999999997	9.85
1660	17	2	145.09574468085103	55.41489361702127
1660	18	2	144.92000000000004	100.28
1660	19	2	145.1199999999999	144.76
1660	20	2	144.72916666666669	189.72916666666663
1660	21	2	190.17999999999992	10.11
1660	22	2	189.74	55.140000000000015
1660	23	2	189.64	100.20999999999998
1660	24	2	189.69072164948446	145.21649484536076
1660	25	2	189.99999999999994	189.73999999999995
1660	26	1	160.97499999999985	193.88500000000005
1660	27	1	65.28500000000003	131.91500000000002
1660	28	1	152.48999999999987	34.16999999999998
1660	29	1	165.0799999999999	181.96499999999995
1660	30	1	134.95500000000004	181.46000000000004
1660	31	1	135.345	30.505
1660	32	1	136.74499999999995	168.24999999999997
1660	33	1	20.444999999999993	123.28
1660	34	1	22.990000000000016	43.02
1660	35	1	128.48743718592965	16.452261306532662
1660	36	1	17.675000000000004	23.155
1660	37	1	176.22000000000006	180.93000000000004
1660	38	1	169.675	32.07500000000001
1660	39	1	53.601990049751244	75.58208955223878
1660	40	1	83.08000000000004	120.82999999999997
1660	41	1	55.995000000000026	115.00500000000002
1660	42	1	78.86999999999998	139.14499999999998
1660	43	1	109.89552238805973	43.86069651741291
1660	44	1	44.979999999999976	63.38499999999998
1660	45	1	110.455	168.23
1660	46	1	159.88500000000008	166.67999999999995
1660	47	1	168.54499999999987	118.72000000000008
1660	48	1	24.145000000000003	32.31999999999999
1660	49	1	159.89000000000013	11.429999999999994
1660	50	1	186.09500000000006	115.80500000000004
1660	51	1	67.83500000000005	118.28999999999998
1660	52	1	37.125000000000014	158.88500000000002
1660	53	1	30.874999999999996	55.26500000000002
1660	54	1	90.31000000000002	127.44000000000001
1660	55	1	120.98500000000003	148.80999999999995
1660	56	1	157.79396984924625	123.9045226130653
1660	57	1	121.58499999999997	162.41000000000008
1660	58	1	125.07000000000005	34.48499999999998
1660	59	1	168.52261306532662	23.748743718592955
1660	60	1	180.9050000000001	126.81
1660	61	1	176.4925373134329	48.03482587064676
1660	62	1	75.57499999999995	110.235
1660	63	1	29.295	164.29
1660	64	1	63.32	66.74999999999997
1660	65	1	119.49748743718587	43.54773869346732
1660	66	1	144.34000000000006	22.075000000000003
1660	67	1	171.4299999999999	12.875000000000009
1660	68	1	175.29	197.89000000000001
1660	69	1	164.80999999999992	44.724999999999994
1660	70	1	35.13065326633165	68.1959798994975
1660	71	1	42.835	119.34499999999994
1660	72	1	151.58000000000007	176.6450000000001
1660	73	1	37.419999999999966	41.21499999999997
1660	74	1	121.45226130653265	177.04522613065345
1660	75	1	158.71499999999997	109.99999999999999
1670	1	2	10.02	10.050000000000004
1670	2	2	9.858585858585856	55.14141414141413
1670	3	2	9.879999999999997	99.87999999999998
1670	4	2	10.309278350515465	145.2164948453608
1670	5	2	10.000000000000002	189.73999999999995
1670	6	2	54.849999999999994	9.999999999999998
1670	7	2	55.30927835051546	54.78350515463916
1670	8	2	54.85858585858585	99.85858585858585
1670	9	2	54.71428571428571	145.74725274725276
1670	10	2	55.14141414141414	190.14141414141415
1670	11	2	100.06	9.850000000000001
1670	12	2	100.12	55.12000000000001
1670	13	2	99.97000000000003	99.60999999999999
1670	14	2	99.50000000000001	144.99999999999991
1670	15	2	100.06	190.10000000000002
1670	16	2	144.93999999999997	9.85
1670	17	2	145.09574468085103	55.41489361702127
1670	18	2	144.92000000000004	100.28
1670	19	2	145.1199999999999	144.76
1670	20	2	144.72916666666669	189.72916666666663
1670	21	2	190.17999999999992	10.11
1670	22	2	189.74	55.140000000000015
1670	23	2	189.64	100.20999999999998
1670	24	2	189.69072164948446	145.21649484536076
1670	25	2	189.99999999999994	189.73999999999995
1670	26	1	160.97000000000003	193.66500000000013
1670	27	1	65.20500000000003	131.82000000000005
1670	28	1	152.56499999999997	34.22
1670	29	1	165.03000000000006	181.89500000000007
1670	30	1	133.1492537313433	182.13930348258702
1670	31	1	135.3149999999999	30.275
1670	32	1	136.49500000000003	168.2600000000001
1670	33	1	20.830000000000002	123.11999999999999
1670	34	1	23.075376884422123	43.10050251256283
1670	35	1	128.5700000000001	16.344999999999985
1670	36	1	17.42999999999999	23.405000000000005
1670	37	1	176.14000000000007	181.3300000000001
1670	38	1	169.57499999999987	32.07
1670	39	1	51.515000000000015	76.18999999999997
1670	40	1	83.08500000000001	120.88
1670	41	1	56.10999999999998	114.86500000000008
1670	42	1	78.86500000000005	139.03000000000006
1670	43	1	110.17499999999995	43.185
1670	44	1	44.929999999999986	63.40499999999998
1670	45	1	109.87500000000001	169.11999999999998
1670	46	1	158.89552238805976	166.89054726368158
1670	47	1	168.62999999999997	118.65499999999997
1670	48	1	24.218905472636813	32.298507462686565
1670	49	1	160.055	11.010000000000002
1670	50	1	186.01499999999996	115.75500000000001
1670	51	1	67.91000000000001	118.05999999999995
1670	52	1	37.05500000000001	158.17000000000002
1670	53	1	30.854999999999986	55.23999999999999
1670	54	1	89.95499999999997	127.795
1670	55	1	121.535	149.12999999999988
1670	56	1	157.94000000000003	123.95500000000001
1670	57	1	121.34000000000006	162.29999999999998
1670	58	1	125.08000000000003	34.31999999999998
1670	59	1	168.49999999999997	23.724999999999994
1670	60	1	180.86	126.86499999999997
1670	61	1	175.73999999999998	49.495000000000026
1670	62	1	75.815	110.09999999999998
1670	63	1	29.789999999999996	164.70999999999995
1670	64	1	62.46000000000001	67.36999999999998
1670	65	1	119.84499999999998	43.805
1670	66	1	144.42000000000013	22.16
1670	67	1	171.49751243781088	12.835820895522387
1670	68	1	175.63499999999988	197.905
1670	69	1	165.95999999999995	44.135000000000005
1670	70	1	34.8592964824121	68.27638190954775
1670	71	1	42.889447236180914	119.69346733668345
1670	72	1	150.73631840796014	176.87064676616916
1670	73	1	37.344999999999985	41.23999999999999
1670	74	1	121.50999999999996	176.91500000000002
1670	75	1	158.57000000000002	109.91500000000002
1680	1	2	10.02	10.050000000000004
1680	2	2	9.858585858585856	55.14141414141413
1680	3	2	9.879999999999997	99.87999999999998
1680	4	2	10.309278350515465	145.2164948453608
1680	5	2	10.000000000000002	189.73999999999995
1680	6	2	54.849999999999994	9.999999999999998
1680	7	2	55.30927835051546	54.78350515463916
1680	8	2	54.85858585858585	99.85858585858585
1680	9	2	54.71428571428571	145.74725274725276
1680	10	2	55.14141414141414	190.14141414141415
1680	11	2	100.06	9.850000000000001
1680	12	2	100.12	55.12000000000001
1680	13	2	99.97000000000003	99.60999999999999
1680	14	2	99.50000000000001	144.99999999999991
1680	15	2	100.06	190.10000000000002
1680	16	2	144.93999999999997	9.85
1680	17	2	145.09574468085103	55.41489361702127
1680	18	2	144.92000000000004	100.28
1680	19	2	145.1199999999999	144.76
1680	20	2	144.72916666666669	189.72916666666663
1680	21	2	190.17999999999992	10.11
1680	22	2	189.74	55.140000000000015
1680	23	2	189.64	100.20999999999998
1680	24	2	189.69072164948446	145.21649484536076
1680	25	2	189.99999999999994	189.73999999999995
1680	26	1	161.05000000000013	193.57000000000002
1680	27	1	65.28999999999999	131.88500000000005
1680	28	1	152.68500000000003	34.18999999999999
1680	29	1	164.73134328358208	181.66666666666666
1680	30	1	132.00497512437806	183.00995024875616
1680	31	1	135.51999999999998	30.520000000000007
1680	32	1	136.00497512437815	168.11940298507454
1680	33	1	21.149253731343283	122.67661691542288
1680	34	1	23.18000000000001	43.07499999999999
1680	35	1	128.675	16.430000000000003
1680	36	1	17.25	23.820000000000007
1680	37	1	175.78499999999997	181.39000000000001
1680	38	1	169.73500000000004	31.899999999999995
1680	39	1	49.36000000000001	77.01499999999996
1680	40	1	83.27135678391963	120.79396984924622
1680	41	1	56.25000000000003	114.64000000000003
1680	42	1	79.01507537688445	138.80904522613065
1680	43	1	110.12499999999999	43.08999999999999
1680	44	1	44.91959798994975	62.80402010050251
1680	45	1	109.79999999999998	169.2450000000001
1680	46	1	158.06499999999997	166.99999999999997
1680	47	1	168.70999999999995	118.58499999999998
1680	48	1	24.145	32.20999999999999
1680	49	1	159.90500000000006	10.895
1680	50	1	185.85500000000002	115.80999999999997
1680	51	1	67.89499999999997	118.19999999999996
1680	52	1	37.09500000000001	157.88499999999993
1680	53	1	30.80500000000001	55.105000000000004
1680	54	1	89.89000000000004	127.99500000000005
1680	55	1	121.76500000000007	149.315
1680	56	1	157.88499999999996	123.9199999999999
1680	57	1	121.37999999999998	162.3449999999999
1680	58	1	125.11500000000005	34.29500000000001
1680	59	1	168.52261306532662	23.748743718592955
1680	60	1	180.38000000000005	126.99499999999996
1680	61	1	174.96019900497507	50.44776119402988
1680	62	1	75.76616915422883	110.11940298507463
1680	63	1	30.02500000000001	164.70499999999998
1680	64	1	61.615000000000016	68.18999999999994
1680	65	1	119.76999999999998	43.67500000000002
1680	66	1	144.45000000000002	22.200000000000006
1680	67	1	171.075	12.789999999999997
1680	68	1	176.1194029850746	198.10945273631842
1680	69	1	166.91542288557213	43.56218905472637
1680	70	1	34.557788944723626	68.10552763819098
1680	71	1	42.99000000000001	119.71000000000005
1680	72	1	150.0349999999999	176.815
1680	73	1	37.34499999999999	40.955
1680	74	1	121.6	177.14500000000004
1680	75	1	158.735	109.79499999999996
1690	1	2	10.02	10.050000000000004
1690	2	2	9.858585858585856	55.14141414141413
1690	3	2	9.879999999999997	99.87999999999998
1690	4	2	10.309278350515465	145.2164948453608
1690	5	2	10.000000000000002	189.73999999999995
1690	6	2	54.849999999999994	9.999999999999998
1690	7	2	55.30927835051546	54.78350515463916
1690	8	2	54.85858585858585	99.85858585858585
1690	9	2	54.71428571428571	145.74725274725276
1690	10	2	55.14141414141414	190.14141414141415
1690	11	2	100.06	9.850000000000001
1690	12	2	100.12	55.12000000000001
1690	13	2	99.97000000000003	99.60999999999999
1690	14	2	99.50000000000001	144.99999999999991
1690	15	2	100.06	190.10000000000002
1690	16	2	144.93999999999997	9.85
1690	17	2	145.09574468085103	55.41489361702127
1690	18	2	144.92000000000004	100.28
1690	19	2	145.1199999999999	144.76
1690	20	2	144.72916666666669	189.72916666666663
1690	21	2	190.17999999999992	10.11
1690	22	2	189.74	55.140000000000015
1690	23	2	189.64	100.20999999999998
1690	24	2	189.69072164948446	145.21649484536076
1690	25	2	189.99999999999994	189.73999999999995
1690	26	1	161.3100000000001	193.7249999999999
1690	27	1	65.315	131.86499999999998
1690	28	1	152.88999999999982	34.50999999999999
1690	29	1	164.64500000000012	181.82999999999998
1690	30	1	131.90000000000006	183.405
1690	31	1	135.70999999999995	30.580000000000005
1690	32	1	136.13499999999996	168.12999999999997
1690	33	1	21.547738693467334	121.93969849246237
1690	34	1	22.969999999999995	43.23499999999999
1690	35	1	128.44999999999996	16.609999999999996
1690	36	1	16.990000000000006	24.099999999999998
1690	37	1	175.50248756218906	181.45771144278615
1690	38	1	169.4427860696517	31.94029850746269
1690	39	1	47.22999999999998	77.81500000000003
1690	40	1	83.29000000000002	120.86
1690	41	1	56.278606965174134	114.5522388059701
1690	42	1	78.82000000000001	138.75500000000005
1690	43	1	110.10999999999996	42.95999999999998
1690	44	1	45.06500000000001	62.30500000000001
1690	45	1	110.03000000000006	169.395
1690	46	1	158.04477611940297	167.0348258706467
1690	47	1	168.77499999999998	118.61999999999995
1690	48	1	24.223880597014926	32.24875621890546
1690	49	1	159.98499999999984	10.974999999999996
1690	50	1	185.76000000000002	115.805
1690	51	1	67.81500000000001	118.14999999999996
1690	52	1	37.150753768844254	157.75879396984925
1690	53	1	30.985	55.124999999999986
1690	54	1	89.95477386934678	128.13065326633165
1690	55	1	121.90500000000003	149.57500000000007
1690	56	1	157.67164179104475	123.97014925373135
1690	57	1	121.42000000000004	162.38
1690	58	1	125.15500000000003	34.25999999999999
1690	59	1	168.4572864321608	23.703517587939697
1690	60	1	180.17499999999998	127.03499999999998
1690	61	1	174.01000000000002	51.655
1690	62	1	75.55000000000005	110.13000000000008
1690	63	1	30.12	164.74999999999997
1690	64	1	60.59203980099502	69.70149253731344
1690	65	1	119.75499999999994	43.74000000000002
1690	66	1	144.61500000000007	22.234999999999992
1690	67	1	171.21999999999994	12.809999999999995
1690	68	1	176.80099502487568	198.02985074626866
1690	69	1	168.13930348258708	43.45771144278605
1690	70	1	34.532338308457724	68.0199004975124
1690	71	1	43.29500000000001	119.86000000000001
1690	72	1	149.95499999999996	176.96
1690	73	1	37.070000000000014	40.974999999999994
1690	74	1	122.02500000000005	177.14499999999998
1690	75	1	158.85000000000002	109.85999999999999
1700	1	2	10.02	10.050000000000004
1700	2	2	9.858585858585856	55.14141414141413
1700	3	2	9.879999999999997	99.87999999999998
1700	4	2	10.309278350515465	145.2164948453608
1700	5	2	10.000000000000002	189.73999999999995
1700	6	2	54.849999999999994	9.999999999999998
1700	7	2	55.30927835051546	54.78350515463916
1700	8	2	54.85858585858585	99.85858585858585
1700	9	2	54.71428571428571	145.74725274725276
1700	10	2	55.14141414141414	190.14141414141415
1700	11	2	100.06	9.850000000000001
1700	12	2	100.12	55.12000000000001
1700	13	2	99.97000000000003	99.60999999999999
1700	14	2	99.50000000000001	144.99999999999991
1700	15	2	100.06	190.10000000000002
1700	16	2	144.93999999999997	9.85
1700	17	2	145.09574468085103	55.41489361702127
1700	18	2	144.92000000000004	100.28
1700	19	2	145.1199999999999	144.76
1700	20	2	144.72916666666669	189.72916666666663
1700	21	2	190.17999999999992	10.11
1700	22	2	189.74	55.140000000000015
1700	23	2	189.64	100.20999999999998
1700	24	2	189.69072164948446	145.21649484536076
1700	25	2	189.99999999999994	189.73999999999995
1700	26	1	161.6180904522613	194.07537688442213
1700	27	1	65.30999999999999	131.98499999999996
1700	28	1	153.01500000000004	34.589999999999954
1700	29	1	164.51000000000002	181.77
1700	30	1	131.27500000000003	184.11500000000007
1700	31	1	135.87	30.68500000000001
1700	32	1	136.10000000000005	168.1849999999999
1700	33	1	21.429999999999993	121.44000000000001
1700	34	1	23.12	43.314999999999976
1700	35	1	128.605	16.850000000000005
1700	36	1	17.075	24.044999999999998
1700	37	1	175.23000000000008	181.44000000000003
1700	38	1	169.58499999999992	31.840000000000007
1700	39	1	46.01492537313433	78.61194029850746
1700	40	1	83.40201005025119	120.98492462311557
1700	41	1	56.2964824120603	114.52763819095478
1700	42	1	78.75999999999998	138.56999999999996
1700	43	1	110.06000000000006	42.95
1700	44	1	45.262376237623734	61.232673267326746
1700	45	1	110.65326633165832	169.29648241206024
1700	46	1	157.71999999999994	166.92999999999992
1700	47	1	168.8149999999999	118.58000000000003
1700	48	1	23.979999999999986	32.12
1700	49	1	159.55499999999995	11.345000000000002
1700	50	1	185.74999999999994	115.95500000000004
1700	51	1	67.71000000000005	118.23500000000001
1700	52	1	37.20999999999999	158.01999999999998
1700	53	1	31.18	55.23000000000001
1700	54	1	90.03500000000004	128.31500000000005
1700	55	1	121.87500000000003	149.515
1700	56	1	157.51	123.85999999999999
1700	57	1	121.63499999999995	162.24499999999998
1700	58	1	125.03500000000003	34.129999999999995
1700	59	1	168.49999999999997	23.724999999999994
1700	60	1	179.9599999999999	127.16000000000003
1700	61	1	173.61500000000004	52.165
1700	62	1	75.57213930348264	110.31840796019901
1700	63	1	29.939999999999998	164.63
1700	64	1	59.70149253731341	71.03482587064673
1700	65	1	119.82412060301507	43.7437185929648
1700	66	1	144.62311557788942	22.32160804020101
1700	67	1	170.93999999999988	12.680000000000003
1700	68	1	176.98999999999998	197.505
1700	69	1	168.4924623115578	43.20100502512562
1700	70	1	35.43000000000001	67.82
1700	71	1	43.01500000000003	119.81999999999995
1700	72	1	149.66500000000002	177.06
1700	73	1	37.035000000000025	40.79999999999999
1700	74	1	122.0653266331659	177.47738693467332
1700	75	1	158.86500000000004	109.79499999999999
1710	1	2	10.02	10.050000000000004
1710	2	2	9.858585858585856	55.14141414141413
1710	3	2	9.879999999999997	99.87999999999998
1710	4	2	10.309278350515465	145.2164948453608
1710	5	2	10.000000000000002	189.73999999999995
1710	6	2	54.849999999999994	9.999999999999998
1710	7	2	55.30927835051546	54.78350515463916
1710	8	2	54.85858585858585	99.85858585858585
1710	9	2	54.71428571428571	145.74725274725276
1710	10	2	55.14141414141414	190.14141414141415
1710	11	2	100.06	9.850000000000001
1710	12	2	100.12	55.12000000000001
1710	13	2	99.97000000000003	99.60999999999999
1710	14	2	99.50000000000001	144.99999999999991
1710	15	2	100.06	190.10000000000002
1710	16	2	144.93999999999997	9.85
1710	17	2	145.09574468085103	55.41489361702127
1710	18	2	144.92000000000004	100.28
1710	19	2	145.1199999999999	144.76
1710	20	2	144.72916666666669	189.72916666666663
1710	21	2	190.17999999999992	10.11
1710	22	2	189.74	55.140000000000015
1710	23	2	189.64	100.20999999999998
1710	24	2	189.69072164948446	145.21649484536076
1710	25	2	189.99999999999994	189.73999999999995
1710	26	1	161.82500000000005	194.13
1710	27	1	65.325	131.90500000000003
1710	28	1	153.25	34.7
1710	29	1	164.49999999999994	181.72999999999993
1710	30	1	130.70999999999984	184.795
1710	31	1	136.18499999999995	30.78
1710	32	1	136.19500000000005	168.23
1710	33	1	21.429999999999996	121.39999999999998
1710	34	1	22.89499999999999	43.3
1710	35	1	128.50251256281402	16.974874371859293
1710	36	1	16.939999999999994	24.26999999999999
1710	37	1	175.01499999999987	180.82000000000002
1710	38	1	169.59999999999997	31.745000000000015
1710	39	1	44.597989949748744	78.64824120603016
1710	40	1	83.22885572139307	121.14427860696513
1710	41	1	56.14500000000001	114.44500000000001
1710	42	1	78.92	138.72499999999985
1710	43	1	110.24623115577889	42.99497487437187
1710	44	1	45.29499999999999	60.330000000000005
1710	45	1	110.84500000000007	169.8200000000001
1710	46	1	157.5199999999999	166.80999999999992
1710	47	1	169.02499999999995	118.57000000000004
1710	48	1	24.125	32.074999999999996
1710	49	1	159.505	11.319999999999997
1710	50	1	185.52	115.905
1710	51	1	67.58208955223881	118.16915422885567
1710	52	1	37.37810945273633	158.11442786069665
1710	53	1	31.225	55.48000000000002
1710	54	1	90.08	128.38499999999993
1710	55	1	122.10500000000002	149.64000000000016
1710	56	1	157.705	123.87499999999997
1710	57	1	121.47999999999995	162.15499999999992
1710	58	1	125.07000000000004	34.105000000000004
1710	59	1	168.43216080402007	23.728643216080396
1710	60	1	180.05000000000013	127.22000000000001
1710	61	1	173.54500000000002	52.960000000000015
1710	62	1	75.69000000000001	110.29
1710	63	1	29.990000000000002	164.62499999999994
1710	64	1	58.378109452736325	72.02487562189053
1710	65	1	120.19	44.05499999999998
1710	66	1	144.41708542713567	22.311557788944732
1710	67	1	170.86499999999998	12.464999999999998
1710	68	1	177.15999999999997	196.91
1710	69	1	168.865	43.139999999999986
1710	70	1	35.63	67.93499999999999
1710	71	1	42.95000000000002	119.85499999999996
1710	72	1	149.35500000000002	177.17500000000004
1710	73	1	36.940000000000005	41.03500000000003
1710	74	1	122.34673366834168	177.82914572864328
1710	75	1	158.82089552238804	109.72636815920397
1720	1	2	10.02	10.050000000000004
1720	2	2	9.858585858585856	55.14141414141413
1720	3	2	9.879999999999997	99.87999999999998
1720	4	2	10.309278350515465	145.2164948453608
1720	5	2	10.000000000000002	189.73999999999995
1720	6	2	54.849999999999994	9.999999999999998
1720	7	2	55.30927835051546	54.78350515463916
1720	8	2	54.85858585858585	99.85858585858585
1720	9	2	54.71428571428571	145.74725274725276
1720	10	2	55.14141414141414	190.14141414141415
1720	11	2	100.06	9.850000000000001
1720	12	2	100.12	55.12000000000001
1720	13	2	99.97000000000003	99.60999999999999
1720	14	2	99.50000000000001	144.99999999999991
1720	15	2	100.06	190.10000000000002
1720	16	2	144.93999999999997	9.85
1720	17	2	145.09574468085103	55.41489361702127
1720	18	2	144.92000000000004	100.28
1720	19	2	145.1199999999999	144.76
1720	20	2	144.72916666666669	189.72916666666663
1720	21	2	190.17999999999992	10.11
1720	22	2	189.74	55.140000000000015
1720	23	2	189.64	100.20999999999998
1720	24	2	189.69072164948446	145.21649484536076
1720	25	2	189.99999999999994	189.73999999999995
1720	26	1	161.9099999999999	193.97500000000005
1720	27	1	64.92000000000002	131.53500000000003
1720	28	1	153.16000000000003	34.55
1720	29	1	164.44499999999994	181.56500000000003
1720	30	1	129.96499999999995	185.17000000000002
1720	31	1	136.08500000000004	30.565000000000015
1720	32	1	135.86999999999998	168.27000000000012
1720	33	1	21.630000000000013	121.375
1720	34	1	23.18000000000001	43.54499999999998
1720	35	1	128.32499999999993	17.330000000000013
1720	36	1	16.774999999999995	24.230000000000004
1720	37	1	174.95000000000002	180.59499999999989
1720	38	1	169.45500000000007	31.825
1720	39	1	43.83582089552241	78.8805970149254
1720	40	1	83.19999999999999	121.22000000000001
1720	41	1	56.07999999999999	114.54000000000002
1720	42	1	78.86999999999996	138.65499999999994
1720	43	1	110.36500000000005	43.00000000000002
1720	44	1	45.30348258706466	59.12437810945275
1720	45	1	111.02	169.91000000000008
1720	46	1	157.405	166.895
1720	47	1	168.88999999999996	118.50499999999995
1720	48	1	24.104999999999997	32.04499999999999
1720	49	1	159.63500000000005	11.149999999999999
1720	50	1	185.39	115.94999999999997
1720	51	1	67.63000000000001	118.16000000000001
1720	52	1	37.425000000000004	158.0449999999999
1720	53	1	31.500000000000004	55.754999999999974
1720	54	1	90.13499999999999	128.34000000000012
1720	55	1	122.14000000000001	149.615
1720	56	1	157.665	123.74499999999998
1720	57	1	121.38000000000002	162.085
1720	58	1	124.94999999999995	34.314999999999976
1720	59	1	168.56281407035178	23.703517587939707
1720	60	1	180.24499999999998	127.12500000000003
1720	61	1	173.56499999999997	53.730000000000004
1720	62	1	75.68999999999997	110.39500000000002
1720	63	1	30.13	164.60999999999996
1720	64	1	57.845771144278615	72.29850746268653
1720	65	1	120.305	44.555
1720	66	1	144.51999999999995	22.130000000000006
1720	67	1	170.8900000000001	12.385000000000002
1720	68	1	177.19999999999993	196.64
1720	69	1	169.03000000000003	43.19500000000002
1720	70	1	36.29648241206032	68.18592964824118
1720	71	1	43.17000000000002	119.94999999999999
1720	72	1	149.10999999999993	177.1800000000001
1720	73	1	36.894999999999996	40.75499999999999
1720	74	1	122.58500000000004	178.10000000000002
1720	75	1	159.15999999999994	109.45
1730	1	2	10.02	10.050000000000004
1730	2	2	9.858585858585856	55.14141414141413
1730	3	2	9.879999999999997	99.87999999999998
1730	4	2	10.309278350515465	145.2164948453608
1730	5	2	10.000000000000002	189.73999999999995
1730	6	2	54.849999999999994	9.999999999999998
1730	7	2	55.30927835051546	54.78350515463916
1730	8	2	54.85858585858585	99.85858585858585
1730	9	2	54.71428571428571	145.74725274725276
1730	10	2	55.14141414141414	190.14141414141415
1730	11	2	100.06	9.850000000000001
1730	12	2	100.12	55.12000000000001
1730	13	2	99.97000000000003	99.60999999999999
1730	14	2	99.50000000000001	144.99999999999991
1730	15	2	100.06	190.10000000000002
1730	16	2	144.93999999999997	9.85
1730	17	2	145.09574468085103	55.41489361702127
1730	18	2	144.92000000000004	100.28
1730	19	2	145.1199999999999	144.76
1730	20	2	144.72916666666669	189.72916666666663
1730	21	2	190.17999999999992	10.11
1730	22	2	189.74	55.140000000000015
1730	23	2	189.64	100.20999999999998
1730	24	2	189.69072164948446	145.21649484536076
1730	25	2	189.99999999999994	189.73999999999995
1730	26	1	161.92999999999995	193.92500000000007
1730	27	1	64.71500000000003	131.23499999999996
1730	28	1	153.12999999999997	34.59
1730	29	1	164.57500000000013	181.67999999999998
1730	30	1	129.70500000000007	185.22999999999993
1730	31	1	136.31999999999994	30.735
1730	32	1	135.89499999999998	168.49999999999997
1730	33	1	21.950248756218915	121.93034825870652
1730	34	1	23.355	43.809999999999995
1730	35	1	128.23000000000002	17.460000000000004
1730	36	1	17.065326633165835	23.944723618090464
1730	37	1	175.51741293532342	180.51243781094536
1730	38	1	169.6449999999998	31.890000000000008
1730	39	1	42.17500000000002	79.49499999999995
1730	40	1	83.08000000000001	121.18499999999995
1730	41	1	55.90500000000002	114.30999999999997
1730	42	1	78.78500000000003	138.625
1730	43	1	110.33668341708542	43.16080402010052
1730	44	1	45.02999999999998	57.71500000000001
1730	45	1	110.9	170.085
1730	46	1	157.49499999999983	166.95499999999998
1730	47	1	168.9449999999999	118.39500000000004
1730	48	1	23.890000000000004	32.290000000000006
1730	49	1	159.5699999999999	11.295000000000002
1730	50	1	185.49	116.02000000000002
1730	51	1	67.55000000000003	117.98000000000003
1730	52	1	37.54500000000002	157.94999999999987
1730	53	1	31.56500000000001	56.635000000000005
1730	54	1	90.01999999999998	128.22000000000008
1730	55	1	122.17999999999999	149.725
1730	56	1	157.67000000000002	123.59999999999998
1730	57	1	121.30000000000003	161.89000000000001
1730	58	1	124.92500000000005	34.295000000000016
1730	59	1	168.49999999999997	23.724999999999994
1730	60	1	180.05000000000004	127.08500000000008
1730	61	1	173.58706467661693	55.07960199004975
1730	62	1	75.82000000000002	110.49999999999994
1730	63	1	30.321608040200996	164.72864321608054
1730	64	1	57.01999999999999	72.46500000000005
1730	65	1	120.21000000000002	44.53500000000001
1730	66	1	144.34673366834164	22.211055276381916
1730	67	1	170.83000000000004	12.305000000000009
1730	68	1	177.18000000000004	196.53
1730	69	1	169.2900000000001	43.31999999999999
1730	70	1	37.28643216080403	68.6180904522613
1730	71	1	43.01000000000001	119.745
1730	72	1	149.3550000000001	177.11
1730	73	1	37.05527638190957	41.301507537688416
1730	74	1	122.76616915422885	178.0149253731342
1730	75	1	159.44000000000014	109.22999999999998
1740	1	2	10.02	10.050000000000004
1740	2	2	9.858585858585856	55.14141414141413
1740	3	2	9.879999999999997	99.87999999999998
1740	4	2	10.309278350515465	145.2164948453608
1740	5	2	10.000000000000002	189.73999999999995
1740	6	2	54.849999999999994	9.999999999999998
1740	7	2	55.30927835051546	54.78350515463916
1740	8	2	54.85858585858585	99.85858585858585
1740	9	2	54.71428571428571	145.74725274725276
1740	10	2	55.14141414141414	190.14141414141415
1740	11	2	100.06	9.850000000000001
1740	12	2	100.12	55.12000000000001
1740	13	2	99.97000000000003	99.60999999999999
1740	14	2	99.50000000000001	144.99999999999991
1740	15	2	100.06	190.10000000000002
1740	16	2	144.93999999999997	9.85
1740	17	2	145.09574468085103	55.41489361702127
1740	18	2	144.92000000000004	100.28
1740	19	2	145.1199999999999	144.76
1740	20	2	144.72916666666669	189.72916666666663
1740	21	2	190.17999999999992	10.11
1740	22	2	189.74	55.140000000000015
1740	23	2	189.64	100.20999999999998
1740	24	2	189.69072164948446	145.21649484536076
1740	25	2	189.99999999999994	189.73999999999995
1740	26	1	161.92000000000004	193.8150000000001
1740	27	1	64.66499999999998	131.05000000000004
1740	28	1	152.60499999999993	34.89999999999999
1740	29	1	165.03000000000006	181.5400000000001
1740	30	1	129.52999999999997	185.4899999999999
1740	31	1	136.4199999999999	30.654999999999994
1740	32	1	135.84999999999985	168.56999999999996
1740	33	1	22.009999999999998	122.13500000000002
1740	34	1	23.370000000000008	43.885000000000005
1740	35	1	128.3	17.435000000000002
1740	36	1	17.050000000000004	23.985
1740	37	1	176.4499999999999	180.28
1740	38	1	169.68499999999995	31.89
1740	39	1	40.60804020100503	79.99497487437186
1740	40	1	83.20895522388068	120.94527363184079
1740	41	1	55.80500000000002	114.50500000000002
1740	42	1	78.62	138.65999999999997
1740	43	1	110.29	43.15
1740	44	1	44.89949748743722	56.999999999999986
1740	45	1	110.76500000000001	170.18999999999988
1740	46	1	157.63316582914572	167.32160804020106
1740	47	1	168.88500000000005	118.32000000000002
1740	48	1	23.86999999999999	32.30000000000002
1740	49	1	159.5699999999999	11.290000000000001
1740	50	1	185.32	116.03499999999998
1740	51	1	67.465	117.75999999999998
1740	52	1	37.79500000000001	157.99500000000006
1740	53	1	32.045000000000016	56.96500000000001
1740	54	1	89.84499999999998	128.4049999999999
1740	55	1	122.025	149.73999999999995
1740	56	1	157.78999999999996	123.57999999999994
1740	57	1	121.22000000000001	161.785
1740	58	1	125.05000000000003	34.344999999999985
1740	59	1	168.49999999999997	23.724999999999994
1740	60	1	179.91000000000005	127.12000000000002
1740	61	1	173.64824120603015	56.04522613065325
1740	62	1	75.79499999999996	110.625
1740	63	1	30.44000000000001	164.78000000000006
1740	64	1	56.104477611940325	72.85074626865674
1740	65	1	120.23000000000003	44.32499999999998
1740	66	1	144.80000000000004	22.354999999999997
1740	67	1	170.7649999999999	12.144999999999994
1740	68	1	176.87000000000003	196.38
1740	69	1	169.57213930348254	43.51741293532337
1740	70	1	37.69500000000001	68.77499999999992
1740	71	1	42.67999999999998	119.61500000000002
1740	72	1	149.32000000000002	177.1849999999999
1740	73	1	37.07	41.22499999999999
1740	74	1	122.83000000000001	177.91500000000005
1740	75	1	159.38	109.14999999999999
1750	1	2	10.02	10.050000000000004
1750	2	2	9.858585858585856	55.14141414141413
1750	3	2	9.879999999999997	99.87999999999998
1750	4	2	10.309278350515465	145.2164948453608
1750	5	2	10.000000000000002	189.73999999999995
1750	6	2	54.849999999999994	9.999999999999998
1750	7	2	55.30927835051546	54.78350515463916
1750	8	2	54.85858585858585	99.85858585858585
1750	9	2	54.71428571428571	145.74725274725276
1750	10	2	55.14141414141414	190.14141414141415
1750	11	2	100.06	9.850000000000001
1750	12	2	100.12	55.12000000000001
1750	13	2	99.97000000000003	99.60999999999999
1750	14	2	99.50000000000001	144.99999999999991
1750	15	2	100.06	190.10000000000002
1750	16	2	144.93999999999997	9.85
1750	17	2	145.09574468085103	55.41489361702127
1750	18	2	144.92000000000004	100.28
1750	19	2	145.1199999999999	144.76
1750	20	2	144.72916666666669	189.72916666666663
1750	21	2	190.17999999999992	10.11
1750	22	2	189.74	55.140000000000015
1750	23	2	189.64	100.20999999999998
1750	24	2	189.69072164948446	145.21649484536076
1750	25	2	189.99999999999994	189.73999999999995
1750	26	1	162.48999999999998	194.08499999999995
1750	27	1	64.63499999999995	130.98500000000004
1750	28	1	152.36815920398013	35.1044776119403
1750	29	1	165.49499999999995	181.20000000000005
1750	30	1	129.72000000000003	185.42499999999993
1750	31	1	136.525	30.800000000000004
1750	32	1	135.87064676616907	168.62189054726372
1750	33	1	22.325000000000006	121.835
1750	34	1	23.16417910447761	43.920398009950226
1750	35	1	128.29000000000002	17.624999999999993
1750	36	1	17.24623115577889	23.854271356783922
1750	37	1	177.29000000000005	179.36
1750	38	1	169.71500000000003	31.825000000000017
1750	39	1	39.467336683417095	80.37185929648243
1750	40	1	83.38499999999993	120.41499999999996
1750	41	1	55.79000000000002	114.44000000000001
1750	42	1	78.47000000000003	138.8150000000001
1750	43	1	110.37	43.39499999999999
1750	44	1	44.84577114427863	57.089552238805965
1750	45	1	110.78999999999999	170.16500000000002
1750	46	1	157.64000000000001	167.3650000000001
1750	47	1	168.7950000000001	118.20499999999998
1750	48	1	23.895522388059707	32.25870646766171
1750	49	1	159.69500000000002	11.349999999999996
1750	50	1	184.87000000000006	115.86000000000001
1750	51	1	67.52499999999998	117.64000000000001
1750	52	1	37.98499999999999	158.0300000000002
1750	53	1	32.12	56.95000000000001
1750	54	1	89.44000000000001	128.43499999999995
1750	55	1	121.83000000000003	149.78999999999994
1750	56	1	157.69999999999985	123.61999999999999
1750	57	1	121.34500000000004	162.13500000000002
1750	58	1	125.18500000000003	34.315000000000005
1750	59	1	168.49999999999997	23.724999999999994
1750	60	1	179.9700000000001	126.92000000000004
1750	61	1	173.51256281407038	56.52261306532663
1750	62	1	75.67500000000005	110.75499999999998
1750	63	1	30.460000000000008	164.83499999999992
1750	64	1	55.01499999999999	73.14500000000002
1750	65	1	120.29000000000002	44.19500000000001
1750	66	1	144.91	22.504999999999992
1750	67	1	170.91499999999994	12.110000000000003
1750	68	1	176.48999999999992	195.76
1750	69	1	169.92999999999995	43.49499999999999
1750	70	1	37.37000000000003	68.70499999999998
1750	71	1	42.845	119.73000000000002
1750	72	1	149.63500000000008	177.34000000000006
1750	73	1	36.96000000000002	40.95999999999999
1750	74	1	122.85000000000002	178.35
1750	75	1	159.5100000000001	109.33499999999997
1760	1	2	10.02	10.050000000000004
1760	2	2	9.858585858585856	55.14141414141413
1760	3	2	9.879999999999997	99.87999999999998
1760	4	2	10.309278350515465	145.2164948453608
1760	5	2	10.000000000000002	189.73999999999995
1760	6	2	54.849999999999994	9.999999999999998
1760	7	2	55.30927835051546	54.78350515463916
1760	8	2	54.85858585858585	99.85858585858585
1760	9	2	54.71428571428571	145.74725274725276
1760	10	2	55.14141414141414	190.14141414141415
1760	11	2	100.06	9.850000000000001
1760	12	2	100.12	55.12000000000001
1760	13	2	99.97000000000003	99.60999999999999
1760	14	2	99.50000000000001	144.99999999999991
1760	15	2	100.06	190.10000000000002
1760	16	2	144.93999999999997	9.85
1760	17	2	145.09574468085103	55.41489361702127
1760	18	2	144.92000000000004	100.28
1760	19	2	145.1199999999999	144.76
1760	20	2	144.72916666666669	189.72916666666663
1760	21	2	190.17999999999992	10.11
1760	22	2	189.74	55.140000000000015
1760	23	2	189.64	100.20999999999998
1760	24	2	189.69072164948446	145.21649484536076
1760	25	2	189.99999999999994	189.73999999999995
1760	26	1	162.47499999999994	193.77500000000006
1760	27	1	64.52999999999997	130.83000000000007
1760	28	1	152.33500000000006	35.054999999999986
1760	29	1	165.44999999999993	180.91999999999996
1760	30	1	129.68	185.38000000000005
1760	31	1	136.71500000000012	31.020000000000007
1760	32	1	136.0199004975124	168.33333333333331
1760	33	1	22.625	121.96
1760	34	1	23.205000000000002	43.82500000000001
1760	35	1	128.04999999999998	18.009999999999998
1760	36	1	17.350000000000012	23.560000000000002
1760	37	1	177.82587064676622	178.36318407960204
1760	38	1	169.7199999999999	31.889999999999993
1760	39	1	37.17	80.62500000000003
1760	40	1	83.42786069651743	119.96019900497514
1760	41	1	55.330000000000034	114.54000000000003
1760	42	1	78.58000000000003	139.1299999999999
1760	43	1	110.34999999999998	43.45500000000001
1760	44	1	44.90452261306534	57.25125628140706
1760	45	1	111.26000000000002	169.94
1760	46	1	157.46	167.43499999999997
1760	47	1	168.93999999999994	118.14999999999998
1760	48	1	23.814070351758804	32.266331658291435
1760	49	1	159.75500000000008	11.299999999999995
1760	50	1	184.77499999999992	115.74000000000002
1760	51	1	67.36500000000005	117.52999999999997
1760	52	1	38.23500000000001	157.9500000000001
1760	53	1	31.93000000000001	56.61999999999998
1760	54	1	88.46500000000002	128.58499999999995
1760	55	1	121.81999999999995	149.59500000000006
1760	56	1	158.06999999999996	123.69
1760	57	1	121.41999999999999	162.11000000000004
1760	58	1	125.21393034825869	34.41293532338306
1760	59	1	168.49999999999997	23.724999999999994
1760	60	1	179.97999999999996	126.92500000000001
1760	61	1	173.71999999999994	57.005
1760	62	1	75.29499999999994	110.415
1760	63	1	30.529999999999994	164.74499999999995
1760	64	1	54	73.82499999999996
1760	65	1	120.19500000000002	44.404999999999994
1760	66	1	144.91999999999996	22.51000000000001
1760	67	1	170.78499999999997	11.925
1760	68	1	176.18499999999997	195.10999999999999
1760	69	1	170.06500000000003	43.49
1760	70	1	37.290000000000035	68.68000000000006
1760	71	1	42.79000000000002	119.695
1760	72	1	149.555	177.45499999999998
1760	73	1	36.88	40.724999999999994
1760	74	1	122.83	178.54
1760	75	1	159.50500000000008	109.205
1770	1	2	10.02	10.050000000000004
1770	2	2	9.858585858585856	55.14141414141413
1770	3	2	9.879999999999997	99.87999999999998
1770	4	2	10.309278350515465	145.2164948453608
1770	5	2	10.000000000000002	189.73999999999995
1770	6	2	54.849999999999994	9.999999999999998
1770	7	2	55.30927835051546	54.78350515463916
1770	8	2	54.85858585858585	99.85858585858585
1770	9	2	54.71428571428571	145.74725274725276
1770	10	2	55.14141414141414	190.14141414141415
1770	11	2	100.06	9.850000000000001
1770	12	2	100.12	55.12000000000001
1770	13	2	99.97000000000003	99.60999999999999
1770	14	2	99.50000000000001	144.99999999999991
1770	15	2	100.06	190.10000000000002
1770	16	2	144.93999999999997	9.85
1770	17	2	145.09574468085103	55.41489361702127
1770	18	2	144.92000000000004	100.28
1770	19	2	145.1199999999999	144.76
1770	20	2	144.72916666666669	189.72916666666663
1770	21	2	190.17999999999992	10.11
1770	22	2	189.74	55.140000000000015
1770	23	2	189.64	100.20999999999998
1770	24	2	189.69072164948446	145.21649484536076
1770	25	2	189.99999999999994	189.73999999999995
1770	26	1	162.73499999999987	193.8800000000001
1770	27	1	64.02499999999998	130.465
1770	28	1	152.39800995024882	35.00995024875625
1770	29	1	165.47	180.87000000000003
1770	30	1	130.16999999999996	185.10500000000002
1770	31	1	136.66000000000003	31.015
1770	32	1	135.82499999999996	168.33499999999998
1770	33	1	24.069306930693084	122.50990099009904
1770	34	1	23.324999999999992	43.78000000000001
1770	35	1	127.8557213930348	17.88557213930348
1770	36	1	17.363184079601986	23.099502487562194
1770	37	1	177.71859296482413	177.2663316582914
1770	38	1	169.70149253731344	31.875621890547272
1770	39	1	35.694999999999986	80.78500000000001
1770	40	1	83.39999999999999	120.09500000000004
1770	41	1	54.935	114.26999999999998
1770	42	1	78.71999999999994	139.3750000000001
1770	43	1	110.25999999999998	43.38500000000002
1770	44	1	44.939999999999976	57.040000000000006
1770	45	1	111.40500000000004	169.65499999999994
1770	46	1	157.73000000000005	167.73999999999992
1770	47	1	168.84000000000003	117.76500000000001
1770	48	1	23.66	32.15999999999998
1770	49	1	159.69999999999987	11.309999999999999
1770	50	1	184.9346733668342	115.73869346733666
1770	51	1	67.34328358208957	117.68656716417902
1770	52	1	38.72999999999999	157.96000000000006
1770	53	1	31.730000000000008	56.650000000000006
1770	54	1	88.22999999999999	128.90499999999997
1770	55	1	122.02499999999999	149.51499999999993
1770	56	1	158.39500000000007	123.92
1770	57	1	121.24378109452738	162.04477611940294
1770	58	1	125.37500000000001	34.495
1770	59	1	168.49999999999997	23.724999999999994
1770	60	1	179.84422110552757	126.81407035175876
1770	61	1	173.64999999999998	57.43499999999999
1770	62	1	75.045	110.32499999999999
1770	63	1	30.83084577114428	164.7263681592039
1770	64	1	53.194999999999965	74.16000000000005
1770	65	1	120.21999999999997	44.324999999999974
1770	66	1	144.89000000000001	22.51
1770	67	1	170.7661691542289	11.885572139303475
1770	68	1	176.0895522388059	194.2985074626867
1770	69	1	169.77000000000004	43.484999999999985
1770	70	1	37.61999999999999	68.66500000000002
1770	71	1	42.84422110552761	119.88442211055276
1770	72	1	149.77999999999994	177.40999999999994
1770	73	1	36.84000000000001	40.84999999999998
1770	74	1	123.06500000000005	178.40499999999992
1770	75	1	159.18000000000004	109.13
1780	1	2	10.02	10.050000000000004
1780	2	2	9.858585858585856	55.14141414141413
1780	3	2	9.879999999999997	99.87999999999998
1780	4	2	10.309278350515465	145.2164948453608
1780	5	2	10.000000000000002	189.73999999999995
1780	6	2	54.849999999999994	9.999999999999998
1780	7	2	55.30927835051546	54.78350515463916
1780	8	2	54.85858585858585	99.85858585858585
1780	9	2	54.71428571428571	145.74725274725276
1780	10	2	55.14141414141414	190.14141414141415
1780	11	2	100.06	9.850000000000001
1780	12	2	100.12	55.12000000000001
1780	13	2	99.97000000000003	99.60999999999999
1780	14	2	99.50000000000001	144.99999999999991
1780	15	2	100.06	190.10000000000002
1780	16	2	144.93999999999997	9.85
1780	17	2	145.09574468085103	55.41489361702127
1780	18	2	144.92000000000004	100.28
1780	19	2	145.1199999999999	144.76
1780	20	2	144.72916666666669	189.72916666666663
1780	21	2	190.17999999999992	10.11
1780	22	2	189.74	55.140000000000015
1780	23	2	189.64	100.20999999999998
1780	24	2	189.69072164948446	145.21649484536076
1780	25	2	189.99999999999994	189.73999999999995
1780	26	1	162.81000000000003	194.16000000000003
1780	27	1	63.849999999999994	130.19499999999996
1780	28	1	152.48	35.160000000000025
1780	29	1	165.5771144278607	180.8109452736318
1780	30	1	130.19900497512438	185.18407960199005
1780	31	1	136.64000000000001	30.86
1780	32	1	135.73	168.335
1780	33	1	24.934673366834176	122.64824120603015
1780	34	1	23.585000000000008	43.86499999999998
1780	35	1	127.60500000000003	17.984999999999992
1780	36	1	17.59000000000001	22.445
1780	37	1	177.83	176.7149999999999
1780	38	1	169.7437185929647	31.723618090452256
1780	39	1	34.46499999999998	81.15
1780	40	1	83.505	119.89500000000002
1780	41	1	54.58706467661688	113.57711442786062
1780	42	1	78.67	139.40499999999994
1780	43	1	110.20499999999998	43.22
1780	44	1	45.12437810945274	57.27363184079603
1780	45	1	111.67000000000002	169.39000000000013
1780	46	1	157.4450000000001	167.83000000000007
1780	47	1	168.66834170854267	117.89949748743712
1780	48	1	23.580000000000013	31.980000000000004
1780	49	1	159.6699999999999	11.470000000000004
1780	50	1	184.72500000000002	115.265
1780	51	1	67.35500000000002	117.99999999999999
1780	52	1	39.99502487562188	159.14925373134318
1780	53	1	31.840000000000003	56.67500000000003
1780	54	1	87.935	129.01999999999995
1780	55	1	121.98500000000003	149.27000000000007
1780	56	1	158.28000000000003	123.79999999999997
1780	57	1	121.33000000000001	161.825
1780	58	1	125.625	34.66000000000002
1780	59	1	168.49999999999997	23.724999999999994
1780	60	1	179.91999999999996	126.55
1780	61	1	173.51499999999996	57.38499999999996
1780	62	1	74.94499999999996	110.29499999999997
1780	63	1	30.99500000000001	164.57500000000007
1780	64	1	52.09950248756216	75.20895522388057
1780	65	1	120.20499999999997	44.59999999999999
1780	66	1	145.10999999999999	22.665000000000003
1780	67	1	170.95999999999995	11.674999999999999
1780	68	1	175.70351758793967	193.88944723618084
1780	69	1	169.51000000000002	43.339999999999996
1780	70	1	37.654999999999994	68.75500000000001
1780	71	1	42.84	119.705
1780	72	1	149.89499999999992	177.505
1780	73	1	36.81499999999998	40.85499999999999
1780	74	1	123.19095477386935	178.2814070351758
1780	75	1	159.45499999999998	108.91999999999994
1790	1	2	10.02	10.050000000000004
1790	2	2	9.858585858585856	55.14141414141413
1790	3	2	9.879999999999997	99.87999999999998
1790	4	2	10.309278350515465	145.2164948453608
1790	5	2	10.000000000000002	189.73999999999995
1790	6	2	54.849999999999994	9.999999999999998
1790	7	2	55.30927835051546	54.78350515463916
1790	8	2	54.85858585858585	99.85858585858585
1790	9	2	54.71428571428571	145.74725274725276
1790	10	2	55.14141414141414	190.14141414141415
1790	11	2	100.06	9.850000000000001
1790	12	2	100.12	55.12000000000001
1790	13	2	99.97000000000003	99.60999999999999
1790	14	2	99.50000000000001	144.99999999999991
1790	15	2	100.06	190.10000000000002
1790	16	2	144.93999999999997	9.85
1790	17	2	145.09574468085103	55.41489361702127
1790	18	2	144.92000000000004	100.28
1790	19	2	145.1199999999999	144.76
1790	20	2	144.72916666666669	189.72916666666663
1790	21	2	190.17999999999992	10.11
1790	22	2	189.74	55.140000000000015
1790	23	2	189.64	100.20999999999998
1790	24	2	189.69072164948446	145.21649484536076
1790	25	2	189.99999999999994	189.73999999999995
1790	26	1	162.78999999999994	193.99000000000007
1790	27	1	63.92	130.06000000000003
1790	28	1	152.2650000000001	35.23
1790	29	1	165.73000000000005	180.42499999999995
1790	30	1	130.30500000000004	185.05499999999992
1790	31	1	136.70000000000013	30.849999999999998
1790	32	1	135.7	168.2899999999999
1790	33	1	25.22	122.79500000000002
1790	34	1	23.655	43.920000000000016
1790	35	1	127.43499999999997	18.24
1790	36	1	17.869999999999997	21.280000000000012
1790	37	1	177.53233830845778	176.27860696517413
1790	38	1	169.3999999999999	31.674999999999997
1790	39	1	34.37688442211056	81.03015075376887
1790	40	1	83.39698492462311	120.08040201005021
1790	41	1	54.25500000000001	113.30499999999994
1790	42	1	78.43499999999996	139.3949999999999
1790	43	1	110.24500000000008	43.22
1790	44	1	45.075	57.200000000000024
1790	45	1	111.8291457286432	169.56783919597996
1790	46	1	157.3383084577114	167.83582089552243
1790	47	1	168.78999999999996	117.67999999999999
1790	48	1	23.715000000000007	31.674999999999994
1790	49	1	159.5099999999999	11.459999999999999
1790	50	1	185.42499999999998	114.84500000000001
1790	51	1	67.15999999999995	117.94999999999995
1790	52	1	41.89552238805971	160.1641791044776
1790	53	1	31.819999999999997	56.76500000000003
1790	54	1	87.87500000000001	129.08000000000004
1790	55	1	122.11	149.27499999999992
1790	56	1	158.26500000000001	123.68999999999997
1790	57	1	121.39000000000001	161.61499999999998
1790	58	1	125.72000000000003	34.759999999999984
1790	59	1	168.49999999999997	23.724999999999994
1790	60	1	179.51999999999998	126.145
1790	61	1	173.73000000000013	57.18500000000001
1790	62	1	74.91000000000004	110.23499999999993
1790	63	1	31.499999999999996	164.14000000000001
1790	64	1	51.50499999999999	75.93000000000002
1790	65	1	120.24499999999998	44.72
1790	66	1	145.16499999999988	22.569999999999993
1790	67	1	170.77611940298507	11.373134328358207
1790	68	1	175.56999999999994	193.74999999999997
1790	69	1	169.62000000000003	43.30999999999998
1790	70	1	37.70499999999999	68.76000000000002
1790	71	1	42.905	119.79499999999997
1790	72	1	149.85000000000005	177.65
1790	73	1	36.78894472361808	40.798994974874375
1790	74	1	123.03000000000003	178.50000000000006
1790	75	1	159.535	109.03999999999996
1800	1	2	10.02	10.050000000000004
1800	2	2	9.858585858585856	55.14141414141413
1800	3	2	9.879999999999997	99.87999999999998
1800	4	2	10.309278350515465	145.2164948453608
1800	5	2	10.000000000000002	189.73999999999995
1800	6	2	54.849999999999994	9.999999999999998
1800	7	2	55.30927835051546	54.78350515463916
1800	8	2	54.85858585858585	99.85858585858585
1800	9	2	54.71428571428571	145.74725274725276
1800	10	2	55.14141414141414	190.14141414141415
1800	11	2	100.06	9.850000000000001
1800	12	2	100.12	55.12000000000001
1800	13	2	99.97000000000003	99.60999999999999
1800	14	2	99.50000000000001	144.99999999999991
1800	15	2	100.06	190.10000000000002
1800	16	2	144.93999999999997	9.85
1800	17	2	145.09574468085103	55.41489361702127
1800	18	2	144.92000000000004	100.28
1800	19	2	145.1199999999999	144.76
1800	20	2	144.72916666666669	189.72916666666663
1800	21	2	190.17999999999992	10.11
1800	22	2	189.74	55.140000000000015
1800	23	2	189.64	100.20999999999998
1800	24	2	189.69072164948446	145.21649484536076
1800	25	2	189.99999999999994	189.73999999999995
1800	26	1	162.64000000000007	193.89499999999998
1800	27	1	64.02010050251256	129.92964824120602
1800	28	1	152.48000000000008	35.225000000000016
1800	29	1	165.74626865671644	179.9701492537313
1800	30	1	130.19900497512432	185.19402985074623
1800	31	1	136.74000000000007	30.964999999999993
1800	32	1	135.69999999999993	168.3149999999999
1800	33	1	25.130000000000006	122.76499999999999
1800	34	1	23.517412935323378	43.771144278606975
1800	35	1	126.45273631840797	18.437810945273647
1800	36	1	18.090000000000003	20.634999999999984
1800	37	1	177.05499999999995	175.7299999999999
1800	38	1	169.70999999999995	31.455000000000002
1800	39	1	34.62311557788942	80.96482412060298
1800	40	1	83.40499999999997	119.93499999999995
1800	41	1	54.15000000000002	113.22999999999993
1800	42	1	78.10000000000002	139.3550000000001
1800	43	1	110.385	43.035000000000025
1800	44	1	45.25000000000002	57.4
1800	45	1	111.86000000000001	169.63000000000005
1800	46	1	156.79499999999996	167.81499999999994
1800	47	1	169.20895522388065	117.28358208955223
1800	48	1	23.920000000000016	31.09500000000001
1800	49	1	159.42499999999998	11.954999999999998
1800	50	1	186.06000000000003	114.96499999999993
1800	51	1	67.03500000000003	117.93999999999997
1800	52	1	43.14427860696517	161.44776119402982
1800	53	1	31.999999999999993	56.710000000000015
1800	54	1	87.79	129.24999999999991
1800	55	1	122.05	149.15
1800	56	1	158.2849999999999	123.73500000000004
1800	57	1	121.47999999999996	161.51500000000007
1800	58	1	125.69999999999996	34.52500000000003
1800	59	1	168.49999999999997	23.724999999999994
1800	60	1	179.37999999999988	125.90000000000006
1800	61	1	173.58500000000012	57.18
1800	62	1	74.85500000000002	110.11500000000001
1800	63	1	31.800000000000004	163.77499999999984
1800	64	1	50.93034825870647	76.74129353233832
1800	65	1	120.24499999999996	44.955
1800	66	1	144.92000000000004	22.67
1800	67	1	170.9399999999999	11.085000000000003
1800	68	1	175.42000000000002	193.37000000000003
1800	69	1	169.55500000000004	43.17499999999999
1800	70	1	37.85500000000002	68.82000000000001
1800	71	1	42.620000000000005	119.68
1800	72	1	149.895	177.65500000000003
1800	73	1	36.74499999999998	40.915000000000006
1800	74	1	123.03500000000004	178.25999999999993
1800	75	1	159.67000000000013	109.045
1810	1	2	10.02	10.050000000000004
1810	2	2	9.858585858585856	55.14141414141413
1810	3	2	9.879999999999997	99.87999999999998
1810	4	2	10.309278350515465	145.2164948453608
1810	5	2	10.000000000000002	189.73999999999995
1810	6	2	54.849999999999994	9.999999999999998
1810	7	2	55.30927835051546	54.78350515463916
1810	8	2	54.85858585858585	99.85858585858585
1810	9	2	54.71428571428571	145.74725274725276
1810	10	2	55.14141414141414	190.14141414141415
1810	11	2	100.06	9.850000000000001
1810	12	2	100.12	55.12000000000001
1810	13	2	99.97000000000003	99.60999999999999
1810	14	2	99.50000000000001	144.99999999999991
1810	15	2	100.06	190.10000000000002
1810	16	2	144.93999999999997	9.85
1810	17	2	145.09574468085103	55.41489361702127
1810	18	2	144.92000000000004	100.28
1810	19	2	145.1199999999999	144.76
1810	20	2	144.72916666666669	189.72916666666663
1810	21	2	190.17999999999992	10.11
1810	22	2	189.74	55.140000000000015
1810	23	2	189.64	100.20999999999998
1810	24	2	189.69072164948446	145.21649484536076
1810	25	2	189.99999999999994	189.73999999999995
1810	26	1	162.75499999999988	193.845
1810	27	1	63.69500000000002	129.95999999999992
1810	28	1	152.54999999999998	35.12499999999996
1810	29	1	165.78894472361813	179.69849246231152
1810	30	1	130.35820895522397	185.1592039800994
1810	31	1	136.58000000000004	30.475000000000005
1810	32	1	135.675	168.30500000000004
1810	33	1	25.18000000000001	122.80500000000005
1810	34	1	23.49499999999999	43.824999999999996
1810	35	1	125.4500000000001	18.41500000000001
1810	36	1	18.505	20.625
1810	37	1	176.36000000000013	174.54000000000002
1810	38	1	169.71000000000004	31.26500000000001
1810	39	1	35.38118811881189	81.93069306930694
1810	40	1	83.445	119.87000000000002
1810	41	1	54.20000000000002	113.25499999999998
1810	42	1	77.87500000000001	139.19500000000005
1810	43	1	110.30500000000002	42.769999999999975
1810	44	1	45.215	57.545000000000016
1810	45	1	112.05	169.99499999999998
1810	46	1	156.81500000000003	168.05000000000004
1810	47	1	169.78606965174126	116.86069651741293
1810	48	1	24.044999999999998	31.245000000000005
1810	49	1	159.45999999999992	12.170000000000003
1810	50	1	186.355	115.04999999999993
1810	51	1	67.07499999999999	118.16000000000003
1810	52	1	43.44221105527639	162.3768844221105
1810	53	1	32.20500000000001	56.885000000000005
1810	54	1	87.58000000000004	129.38500000000005
1810	55	1	122.68000000000004	149.0650000000001
1810	56	1	158.37999999999997	123.65499999999994
1810	57	1	121.44999999999999	161.335
1810	58	1	125.68499999999999	34.22999999999998
1810	59	1	168.43216080402007	23.728643216080396
1810	60	1	179.01500000000001	125.94500000000002
1810	61	1	173.6799999999999	57.01499999999999
1810	62	1	74.75499999999998	110.24000000000001
1810	63	1	31.499999999999996	163.12500000000009
1810	64	1	50.65671641791044	76.99999999999996
1810	65	1	120.28999999999999	44.55000000000005
1810	66	1	144.87499999999991	22.484999999999996
1810	67	1	171.13500000000008	10.734999999999992
1810	68	1	175.27638190954772	192.64321608040203
1810	69	1	169.40201005025128	43.065326633165874
1810	70	1	37.87999999999999	69.31000000000002
1810	71	1	42.650000000000006	119.75000000000001
1810	72	1	149.81499999999994	177.86000000000004
1810	73	1	36.87000000000001	40.84499999999999
1810	74	1	123.12000000000003	178.29000000000005
1810	75	1	159.685	108.94500000000005
1820	1	2	10.02	10.050000000000004
1820	2	2	9.858585858585856	55.14141414141413
1820	3	2	9.879999999999997	99.87999999999998
1820	4	2	10.309278350515465	145.2164948453608
1820	5	2	10.000000000000002	189.73999999999995
1820	6	2	54.849999999999994	9.999999999999998
1820	7	2	55.30927835051546	54.78350515463916
1820	8	2	54.85858585858585	99.85858585858585
1820	9	2	54.71428571428571	145.74725274725276
1820	10	2	55.14141414141414	190.14141414141415
1820	11	2	100.06	9.850000000000001
1820	12	2	100.12	55.12000000000001
1820	13	2	99.97000000000003	99.60999999999999
1820	14	2	99.50000000000001	144.99999999999991
1820	15	2	100.06	190.10000000000002
1820	16	2	144.93999999999997	9.85
1820	17	2	145.09574468085103	55.41489361702127
1820	18	2	144.92000000000004	100.28
1820	19	2	145.1199999999999	144.76
1820	20	2	144.72916666666669	189.72916666666663
1820	21	2	190.17999999999992	10.11
1820	22	2	189.74	55.140000000000015
1820	23	2	189.64	100.20999999999998
1820	24	2	189.69072164948446	145.21649484536076
1820	25	2	189.99999999999994	189.73999999999995
1820	26	1	163.18999999999994	193.89999999999998
1820	27	1	63.28	129.56500000000003
1820	28	1	152.46733668341707	35.085427135678394
1820	29	1	165.72499999999997	180.17000000000002
1820	30	1	130.73000000000002	184.76499999999996
1820	31	1	136.54499999999996	30.63500000000001
1820	32	1	135.50499999999997	168.3199999999999
1820	33	1	25.08955223880597	123.30348258706468
1820	34	1	23.373134328358223	44.0099502487562
1820	35	1	125.12999999999997	18.319999999999986
1820	36	1	18.718592964824126	20.62311557788945
1820	37	1	175.51	173.12000000000006
1820	38	1	169.865	31.16
1820	39	1	36.019999999999975	82.73000000000003
1820	40	1	83.4824120603015	119.86432160804017
1820	41	1	54.50500000000003	113.04499999999996
1820	42	1	77.73134328358213	139.00000000000006
1820	43	1	110.19	42.70499999999997
1820	44	1	45.10499999999999	57.490000000000016
1820	45	1	111.96999999999997	170.22500000000002
1820	46	1	157.11999999999992	167.9000000000001
1820	47	1	170.08999999999992	116.48499999999996
1820	48	1	24.129999999999992	31.44
1820	49	1	159.38500000000005	12.200000000000003
1820	50	1	186.0299999999999	114.53499999999998
1820	51	1	67.11500000000002	118.30999999999999
1820	52	1	43.17	163.27999999999997
1820	53	1	32.13930348258706	57.09452736318409
1820	54	1	87.68000000000002	129.32500000000007
1820	55	1	122.62	149.16499999999996
1820	56	1	158.50248756218895	123.57711442786068
1820	57	1	121.495	161.46499999999995
1820	58	1	125.26	33.82
1820	59	1	168.49999999999997	23.724999999999994
1820	60	1	178.70000000000007	125.51000000000003
1820	61	1	173.82	56.67500000000001
1820	62	1	74.77999999999993	110.225
1820	63	1	30.510000000000005	162.37999999999988
1820	64	1	50.56500000000002	76.91499999999998
1820	65	1	120.41499999999999	44.64
1820	66	1	144.76884422110558	22.597989949748758
1820	67	1	170.93999999999997	10.554999999999998
1820	68	1	175.60500000000008	192.12999999999988
1820	69	1	169.51000000000002	42.845000000000006
1820	70	1	38.12437810945272	69.80597014925378
1820	71	1	42.06500000000001	119.80999999999999
1820	72	1	149.82	177.71499999999997
1820	73	1	36.964999999999975	40.91000000000001
1820	74	1	122.87500000000006	178.49499999999995
1820	75	1	159.8507462686567	108.75124378109453
1830	1	2	10.02	10.050000000000004
1830	2	2	9.858585858585856	55.14141414141413
1830	3	2	9.879999999999997	99.87999999999998
1830	4	2	10.309278350515465	145.2164948453608
1830	5	2	10.000000000000002	189.73999999999995
1830	6	2	54.849999999999994	9.999999999999998
1830	7	2	55.30927835051546	54.78350515463916
1830	8	2	54.85858585858585	99.85858585858585
1830	9	2	54.71428571428571	145.74725274725276
1830	10	2	55.14141414141414	190.14141414141415
1830	11	2	100.06	9.850000000000001
1830	12	2	100.12	55.12000000000001
1830	13	2	99.97000000000003	99.60999999999999
1830	14	2	99.50000000000001	144.99999999999991
1830	15	2	100.06	190.10000000000002
1830	16	2	144.93999999999997	9.85
1830	17	2	145.09574468085103	55.41489361702127
1830	18	2	144.92000000000004	100.28
1830	19	2	145.1199999999999	144.76
1830	20	2	144.72916666666669	189.72916666666663
1830	21	2	190.17999999999992	10.11
1830	22	2	189.74	55.140000000000015
1830	23	2	189.64	100.20999999999998
1830	24	2	189.69072164948446	145.21649484536076
1830	25	2	189.99999999999994	189.73999999999995
1830	26	1	163.51999999999998	193.95
1830	27	1	63.199004975124396	129.26368159203986
1830	28	1	152.53999999999996	35.054999999999986
1830	29	1	165.89054726368147	180.04477611940283
1830	30	1	130.94499999999996	184.39999999999984
1830	31	1	136.55000000000007	30.569999999999997
1830	32	1	135.57999999999993	168.22000000000008
1830	33	1	25.139303482587064	124.17412935323387
1830	34	1	23.16080402010051	43.909547738693455
1830	35	1	124.58500000000002	18.174999999999983
1830	36	1	18.633165829145725	20.839195979899497
1830	37	1	175.18499999999997	172.61000000000007
1830	38	1	169.72864321608043	31.276381909547744
1830	39	1	36.40703517587938	83.96482412060303
1830	40	1	83.595	119.71000000000001
1830	41	1	54.345000000000006	112.91500000000003
1830	42	1	77.665	138.89000000000001
1830	43	1	110.13999999999997	42.61499999999997
1830	44	1	44.925	57.68
1830	45	1	111.78999999999996	170.41500000000002
1830	46	1	157.47500000000002	167.83500000000004
1830	47	1	170.13499999999993	116.44500000000001
1830	48	1	24.680000000000003	31.375
1830	49	1	159.61499999999984	12.135000000000003
1830	50	1	185.93499999999992	114.02000000000002
1830	51	1	67.10499999999999	118.2
1830	52	1	42.429999999999986	164.24999999999994
1830	53	1	31.94999999999999	57.07499999999998
1830	54	1	87.53500000000001	129.39499999999998
1830	55	1	122.49000000000002	149.46000000000006
1830	56	1	158.09499999999997	123.05499999999996
1830	57	1	121.73500000000001	161.56499999999997
1830	58	1	125.365	33.80500000000001
1830	59	1	168.54773869346732	23.688442211055285
1830	60	1	178.75	125.31000000000002
1830	61	1	173.88999999999996	56.89500000000001
1830	62	1	74.84924623115577	110.14070351758794
1830	63	1	29.274999999999995	161.79999999999987
1830	64	1	50.34999999999999	76.57
1830	65	1	120.50500000000005	44.41
1830	66	1	144.83500000000006	22.605000000000004
1830	67	1	171.11500000000004	10.440000000000001
1830	68	1	175.66500000000005	191.78500000000005
1830	69	1	169.58999999999992	43.115
1830	70	1	38.15422885572139	70.16417910447755
1830	71	1	41.46500000000001	119.86000000000003
1830	72	1	150.04000000000002	177.74000000000004
1830	73	1	37.27363184079601	41.19402985074629
1830	74	1	122.84499999999997	178.4900000000001
1830	75	1	160.03500000000003	108.54999999999998
1840	1	2	10.02	10.050000000000004
1840	2	2	9.858585858585856	55.14141414141413
1840	3	2	9.879999999999997	99.87999999999998
1840	4	2	10.309278350515465	145.2164948453608
1840	5	2	10.000000000000002	189.73999999999995
1840	6	2	54.849999999999994	9.999999999999998
1840	7	2	55.30927835051546	54.78350515463916
1840	8	2	54.85858585858585	99.85858585858585
1840	9	2	54.71428571428571	145.74725274725276
1840	10	2	55.14141414141414	190.14141414141415
1840	11	2	100.06	9.850000000000001
1840	12	2	100.12	55.12000000000001
1840	13	2	99.97000000000003	99.60999999999999
1840	14	2	99.50000000000001	144.99999999999991
1840	15	2	100.06	190.10000000000002
1840	16	2	144.93999999999997	9.85
1840	17	2	145.09574468085103	55.41489361702127
1840	18	2	144.92000000000004	100.28
1840	19	2	145.1199999999999	144.76
1840	20	2	144.72916666666669	189.72916666666663
1840	21	2	190.17999999999992	10.11
1840	22	2	189.74	55.140000000000015
1840	23	2	189.64	100.20999999999998
1840	24	2	189.69072164948446	145.21649484536076
1840	25	2	189.99999999999994	189.73999999999995
1840	26	1	163.66999999999996	193.7799999999999
1840	27	1	63.13499999999999	129.245
1840	28	1	152.66834170854264	35.0100502512563
1840	29	1	165.69999999999987	179.775
1840	30	1	131.15999999999994	184.1499999999999
1840	31	1	136.66999999999996	30.359999999999996
1840	32	1	135.74500000000003	168.24499999999998
1840	33	1	25.76	125.87999999999994
1840	34	1	22.984999999999996	43.815000000000055
1840	35	1	124.1492537313433	17.89054726368159
1840	36	1	18.63000000000001	20.92499999999999
1840	37	1	174.68656716417914	172.00995024875627
1840	38	1	169.82000000000002	31.155000000000012
1840	39	1	36.625	85.12999999999995
1840	40	1	83.59500000000003	119.62500000000001
1840	41	1	54.32000000000001	112.98499999999997
1840	42	1	77.63499999999996	138.85999999999999
1840	43	1	110.25500000000007	42.74
1840	44	1	44.37000000000001	58.14000000000001
1840	45	1	111.91959798994975	170.17587939698487
1840	46	1	158.12999999999994	167.28500000000008
1840	47	1	170.02999999999997	116.47500000000001
1840	48	1	24.950000000000003	31.494999999999994
1840	49	1	159.79	11.999999999999998
1840	50	1	185.875	113.765
1840	51	1	66.92	118.1
1840	52	1	41.31343283582091	165.47263681592037
1840	53	1	31.454999999999988	57.22500000000001
1840	54	1	87.52999999999999	129.415
1840	55	1	121.49999999999996	149.83999999999986
1840	56	1	158.25870646766163	122.81094527363182
1840	57	1	122.24875621890543	161.61691542288557
1840	58	1	125.45500000000003	33.67000000000001
1840	59	1	168.49999999999997	23.724999999999994
1840	60	1	178.97499999999994	125.22499999999997
1840	61	1	173.70999999999995	56.434999999999995
1840	62	1	74.94499999999998	110.47999999999998
1840	63	1	28.875000000000004	161.1199999999999
1840	64	1	50.514999999999986	76.14500000000002
1840	65	1	120.465	44.21999999999997
1840	66	1	144.81909547738687	22.417085427135678
1840	67	1	171.20100502512574	10.216080402010057
1840	68	1	175.45499999999996	191.2899999999999
1840	69	1	169.6799999999999	43.04999999999998
1840	70	1	38.34499999999998	71.04500000000002
1840	71	1	41.09045226130654	119.59798994974881
1840	72	1	149.99499999999995	177.55999999999995
1840	73	1	37.40499999999997	41.32000000000002
1840	74	1	122.735	178.41499999999988
1840	75	1	160.01000000000005	108.22499999999997
1850	1	2	10.02	10.050000000000004
1850	2	2	9.858585858585856	55.14141414141413
1850	3	2	9.879999999999997	99.87999999999998
1850	4	2	10.309278350515465	145.2164948453608
1850	5	2	10.000000000000002	189.73999999999995
1850	6	2	54.849999999999994	9.999999999999998
1850	7	2	55.30927835051546	54.78350515463916
1850	8	2	54.85858585858585	99.85858585858585
1850	9	2	54.71428571428571	145.74725274725276
1850	10	2	55.14141414141414	190.14141414141415
1850	11	2	100.06	9.850000000000001
1850	12	2	100.12	55.12000000000001
1850	13	2	99.97000000000003	99.60999999999999
1850	14	2	99.50000000000001	144.99999999999991
1850	15	2	100.06	190.10000000000002
1850	16	2	144.93999999999997	9.85
1850	17	2	145.09574468085103	55.41489361702127
1850	18	2	144.92000000000004	100.28
1850	19	2	145.1199999999999	144.76
1850	20	2	144.72916666666669	189.72916666666663
1850	21	2	190.17999999999992	10.11
1850	22	2	189.74	55.140000000000015
1850	23	2	189.64	100.20999999999998
1850	24	2	189.69072164948446	145.21649484536076
1850	25	2	189.99999999999994	189.73999999999995
1850	26	1	164.1691542288557	194.0099502487562
1850	27	1	63.03999999999999	129.21
1850	28	1	152.58499999999992	35.000000000000036
1850	29	1	165.64000000000001	179.67500000000004
1850	30	1	131.50746268656707	183.910447761194
1850	31	1	136.46231155778892	30.44723618090452
1850	32	1	135.72499999999994	167.99999999999994
1850	33	1	26.035000000000014	127.46999999999997
1850	34	1	22.58000000000001	43.655000000000015
1850	35	1	123.47000000000008	17.59000000000001
1850	36	1	18.675000000000004	20.919999999999995
1850	37	1	174.72000000000006	171.835
1850	38	1	169.81407035175863	31.1708542713568
1850	39	1	36.679999999999986	86.81999999999998
1850	40	1	83.54	119.59999999999997
1850	41	1	54.074999999999974	113.02000000000002
1850	42	1	77.755	138.82000000000002
1850	43	1	110.2211055276382	42.55276381909548
1850	44	1	43.709999999999994	58.48500000000001
1850	45	1	112.41999999999997	170.58999999999997
1850	46	1	158.41708542713573	167.0502512562814
1850	47	1	169.9346733668343	116.45226130653266
1850	48	1	25.054999999999986	31.609999999999996
1850	49	1	159.52500000000018	12.104999999999992
1850	50	1	185.89552238805967	113.82587064676615
1850	51	1	66.85929648241209	118.10552763819098
1850	52	1	40.295000000000016	166.80499999999998
1850	53	1	31.004975124378106	57.895522388059696
1850	54	1	87.52999999999999	129.365
1850	55	1	120.75499999999998	150.3750000000001
1850	56	1	158.4199999999999	122.83500000000004
1850	57	1	122.64999999999998	161.41500000000002
1850	58	1	125.39499999999997	33.465
1850	59	1	168.49999999999997	23.724999999999994
1850	60	1	178.93499999999997	125.33000000000004
1850	61	1	173.48000000000008	56.37
1850	62	1	74.90452261306534	110.51758793969847
1850	63	1	28.950000000000017	160.95999999999984
1850	64	1	50.02985074626868	75.43283582089555
1850	65	1	120.61691542288558	44.16915422885571
1850	66	1	144.79999999999998	22.49
1850	67	1	171.08000000000004	10.374999999999996
1850	68	1	175.60499999999993	191.02499999999998
1850	69	1	169.61999999999986	43.169999999999966
1850	70	1	38.46000000000001	72.12500000000001
1850	71	1	41.00000000000003	119.67999999999998
1850	72	1	149.95522388059706	177.4029850746268
1850	73	1	37.321608040201006	41.57286432160806
1850	74	1	122.61000000000003	178.67500000000007
1850	75	1	160.21999999999986	108.27999999999999
1860	1	2	10.02	10.050000000000004
1860	2	2	9.858585858585856	55.14141414141413
1860	3	2	9.879999999999997	99.87999999999998
1860	4	2	10.309278350515465	145.2164948453608
1860	5	2	10.000000000000002	189.73999999999995
1860	6	2	54.849999999999994	9.999999999999998
1860	7	2	55.30927835051546	54.78350515463916
1860	8	2	54.85858585858585	99.85858585858585
1860	9	2	54.71428571428571	145.74725274725276
1860	10	2	55.14141414141414	190.14141414141415
1860	11	2	100.06	9.850000000000001
1860	12	2	100.12	55.12000000000001
1860	13	2	99.97000000000003	99.60999999999999
1860	14	2	99.50000000000001	144.99999999999991
1860	15	2	100.06	190.10000000000002
1860	16	2	144.93999999999997	9.85
1860	17	2	145.09574468085103	55.41489361702127
1860	18	2	144.92000000000004	100.28
1860	19	2	145.1199999999999	144.76
1860	20	2	144.72916666666669	189.72916666666663
1860	21	2	190.17999999999992	10.11
1860	22	2	189.74	55.140000000000015
1860	23	2	189.64	100.20999999999998
1860	24	2	189.69072164948446	145.21649484536076
1860	25	2	189.99999999999994	189.73999999999995
1860	26	1	164.275	194.125
1860	27	1	63.10999999999999	129.34499999999997
1860	28	1	152.48499999999996	35.06
1860	29	1	165.62499999999994	179.59000000000003
1860	30	1	131.385	184.08999999999997
1860	31	1	136.05499999999984	30.170000000000005
1860	32	1	135.9199999999999	168.04999999999993
1860	33	1	26.125000000000004	128.42000000000004
1860	34	1	22.635	43.944999999999986
1860	35	1	123.30999999999997	16.659999999999993
1860	36	1	18.980000000000025	20.945000000000004
1860	37	1	174.63000000000002	171.71000000000006
1860	38	1	169.86999999999992	31.20999999999999
1860	39	1	37.03	88.09999999999995
1860	40	1	83.62500000000003	119.70499999999994
1860	41	1	54.285000000000025	112.96000000000002
1860	42	1	77.69000000000003	138.78500000000005
1860	43	1	110.56000000000003	42.48000000000001
1860	44	1	42.809999999999974	58.43000000000002
1860	45	1	112.70999999999998	170.62000000000012
1860	46	1	158.485	166.86000000000004
1860	47	1	170.37999999999997	116.42000000000003
1860	48	1	24.98499999999999	31.78499999999999
1860	49	1	159.62499999999994	12.279999999999992
1860	50	1	185.95979899497496	113.69849246231155
1860	51	1	67.08499999999997	118.20499999999997
1860	52	1	39.01492537313431	168.08955223880605
1860	53	1	30.570000000000004	58.415000000000006
1860	54	1	87.55	129.40499999999997
1860	55	1	120.045	150.88000000000005
1860	56	1	158.62499999999997	122.72999999999996
1860	57	1	123.26499999999999	161.2549999999999
1860	58	1	125.29145728643213	33.40201005025124
1860	59	1	168.4773869346734	23.758793969849258
1860	60	1	178.48756218905464	125.50248756218907
1860	61	1	173.08500000000004	56.09999999999999
1860	62	1	75.07500000000005	110.075
1860	63	1	28.819999999999993	161.07500000000002
1860	64	1	49.59499999999998	74.64499999999998
1860	65	1	120.90000000000002	44.415000000000006
1860	66	1	144.8300000000001	22.724999999999998
1860	67	1	171.27499999999998	10.214999999999996
1860	68	1	175.681592039801	190.96517412935324
1860	69	1	169.73999999999995	43.325
1860	70	1	38.875621890547244	73.4527363184079
1860	71	1	41.03517587939697	119.60804020100497
1860	72	1	149.92999999999998	177.35000000000005
1860	73	1	37.442786069651724	41.87562189054726
1860	74	1	122.65	178.70499999999993
1860	75	1	160.305	108.36000000000003
1870	1	2	10.02	10.050000000000004
1870	2	2	9.858585858585856	55.14141414141413
1870	3	2	9.879999999999997	99.87999999999998
1870	4	2	10.309278350515465	145.2164948453608
1870	5	2	10.000000000000002	189.73999999999995
1870	6	2	54.849999999999994	9.999999999999998
1870	7	2	55.30927835051546	54.78350515463916
1870	8	2	54.85858585858585	99.85858585858585
1870	9	2	54.71428571428571	145.74725274725276
1870	10	2	55.14141414141414	190.14141414141415
1870	11	2	100.06	9.850000000000001
1870	12	2	100.12	55.12000000000001
1870	13	2	99.97000000000003	99.60999999999999
1870	14	2	99.50000000000001	144.99999999999991
1870	15	2	100.06	190.10000000000002
1870	16	2	144.93999999999997	9.85
1870	17	2	145.09574468085103	55.41489361702127
1870	18	2	144.92000000000004	100.28
1870	19	2	145.1199999999999	144.76
1870	20	2	144.72916666666669	189.72916666666663
1870	21	2	190.17999999999992	10.11
1870	22	2	189.74	55.140000000000015
1870	23	2	189.64	100.20999999999998
1870	24	2	189.69072164948446	145.21649484536076
1870	25	2	189.99999999999994	189.73999999999995
1870	26	1	164.11999999999992	194.34499999999994
1870	27	1	62.93500000000002	129.65500000000011
1870	28	1	152.56500000000008	35.014999999999965
1870	29	1	165.70000000000002	179.51
1870	30	1	131.315	184.20000000000002
1870	31	1	135.85999999999996	30.189999999999994
1870	32	1	135.81	167.71499999999997
1870	33	1	26.150000000000013	129.725
1870	34	1	22.68341708542714	44.1005025125628
1870	35	1	123.77114427860703	15.85074626865672
1870	36	1	19.12500000000001	21.000000000000004
1870	37	1	174.74999999999997	171.805
1870	38	1	169.9199999999999	31.25999999999998
1870	39	1	37.46000000000001	89.03
1870	40	1	83.69500000000004	119.59999999999994
1870	41	1	54.189054726368155	113.7064676616915
1870	42	1	77.45000000000002	138.50000000000014
1870	43	1	110.71000000000004	42.525000000000006
1870	44	1	41.41000000000002	58.149999999999984
1870	45	1	112.72500000000002	170.63000000000005
1870	46	1	158.43500000000003	166.96499999999992
1870	47	1	170.245	116.67499999999998
1870	48	1	25.200000000000006	31.840000000000003
1870	49	1	159.46	12.600000000000005
1870	50	1	185.965	113.78500000000001
1870	51	1	66.86999999999993	118.16499999999998
1870	52	1	38.58999999999998	168.44499999999994
1870	53	1	30.22500000000001	59.135
1870	54	1	87.32999999999996	129.4449999999999
1870	55	1	119.71000000000002	150.99499999999995
1870	56	1	158.84000000000017	123.34999999999997
1870	57	1	123.20500000000001	161.34500000000003
1870	58	1	125.47236180904517	33.37688442211056
1870	59	1	168.49999999999997	23.724999999999994
1870	60	1	177.84577114427856	125.64676616915426
1870	61	1	172.25870646766157	55.5124378109453
1870	62	1	74.99000000000002	110.04499999999999
1870	63	1	28.970000000000006	161.22
1870	64	1	49.32	74.01499999999997
1870	65	1	121.35999999999999	44.269999999999996
1870	66	1	144.98999999999998	22.894999999999996
1870	67	1	171.42999999999995	10.115000000000002
1870	68	1	175.54499999999996	190.95999999999998
1870	69	1	170.11499999999995	43.16499999999999
1870	70	1	39.15500000000001	74.36000000000001
1870	71	1	40.870000000000005	119.60000000000001
1870	72	1	149.92499999999993	177.35000000000002
1870	73	1	37.935	42.27500000000001
1870	74	1	122.78999999999998	178.70999999999992
1870	75	1	160.7313432835821	108.48258706467662
1880	1	2	10.02	10.050000000000004
1880	2	2	9.858585858585856	55.14141414141413
1880	3	2	9.879999999999997	99.87999999999998
1880	4	2	10.309278350515465	145.2164948453608
1880	5	2	10.000000000000002	189.73999999999995
1880	6	2	54.849999999999994	9.999999999999998
1880	7	2	55.30927835051546	54.78350515463916
1880	8	2	54.85858585858585	99.85858585858585
1880	9	2	54.71428571428571	145.74725274725276
1880	10	2	55.14141414141414	190.14141414141415
1880	11	2	100.06	9.850000000000001
1880	12	2	100.12	55.12000000000001
1880	13	2	99.97000000000003	99.60999999999999
1880	14	2	99.50000000000001	144.99999999999991
1880	15	2	100.06	190.10000000000002
1880	16	2	144.93999999999997	9.85
1880	17	2	145.09574468085103	55.41489361702127
1880	18	2	144.92000000000004	100.28
1880	19	2	145.1199999999999	144.76
1880	20	2	144.72916666666669	189.72916666666663
1880	21	2	190.17999999999992	10.11
1880	22	2	189.74	55.140000000000015
1880	23	2	189.64	100.20999999999998
1880	24	2	189.69072164948446	145.21649484536076
1880	25	2	189.99999999999994	189.73999999999995
1880	26	1	164.2311557788945	194.52763819095475
1880	27	1	62.21393034825869	129.9203980099503
1880	28	1	152.35000000000008	34.944999999999986
1880	29	1	165.61999999999998	179.4899999999999
1880	30	1	131.39499999999995	184.17499999999995
1880	31	1	135.83499999999998	30.344999999999995
1880	32	1	135.75	167.79500000000007
1880	33	1	25.959999999999994	130.14999999999995
1880	34	1	23.11	44.085000000000015
1880	35	1	124.49500000000002	15.095000000000004
1880	36	1	19.587939698492455	20.989949748743705
1880	37	1	174.72499999999997	172.08499999999992
1880	38	1	169.90500000000003	31.264999999999993
1880	39	1	37.94000000000002	89.20500000000003
1880	40	1	83.81000000000003	119.43500000000002
1880	41	1	54.213930348258714	114.43781094527364
1880	42	1	76.86499999999998	138.03500000000008
1880	43	1	111.00500000000002	42.605000000000004
1880	44	1	40.274999999999984	58.89999999999999
1880	45	1	112.96482412060305	170.5125628140703
1880	46	1	158.53499999999994	166.925
1880	47	1	170.0796019900498	117.03482587064677
1880	48	1	25.216080402010057	32.02512562814071
1880	49	1	159.2549999999999	12.614999999999998
1880	50	1	186.07000000000002	113.62500000000003
1880	51	1	66.91499999999999	118.285
1880	52	1	38.365	168.68000000000004
1880	53	1	30.214999999999996	59.524999999999984
1880	54	1	86.87000000000003	129.74500000000006
1880	55	1	119.81500000000003	150.83000000000007
1880	56	1	159.2537313432837	124.0099502487562
1880	57	1	123.03500000000001	161.16500000000005
1880	58	1	125.47500000000004	33.06000000000001
1880	59	1	168.49999999999997	23.724999999999994
1880	60	1	177.7000000000002	125.47
1880	61	1	172.04020100502507	55.2964824120603
1880	62	1	75.17999999999996	109.26000000000003
1880	63	1	29.08457711442786	161.31840796019887
1880	64	1	49.51000000000002	73.16000000000003
1880	65	1	121.92999999999999	44.00000000000001
1880	66	1	144.98000000000005	22.940000000000005
1880	67	1	171.21	10.26
1880	68	1	175.58208955223867	191.20895522388062
1880	69	1	170.04999999999987	43.105000000000004
1880	70	1	40.04	76.12500000000003
1880	71	1	40.35820895522388	119.50746268656714
1880	72	1	149.98009950248746	177.38308457711452
1880	73	1	38.56281407035175	42.80402010050252
1880	74	1	122.70000000000002	178.71500000000006
1880	75	1	161.68000000000004	108.46999999999997
1890	1	2	10.02	10.050000000000004
1890	2	2	9.858585858585856	55.14141414141413
1890	3	2	9.879999999999997	99.87999999999998
1890	4	2	10.309278350515465	145.2164948453608
1890	5	2	10.000000000000002	189.73999999999995
1890	6	2	54.849999999999994	9.999999999999998
1890	7	2	55.30927835051546	54.78350515463916
1890	8	2	54.85858585858585	99.85858585858585
1890	9	2	54.71428571428571	145.74725274725276
1890	10	2	55.14141414141414	190.14141414141415
1890	11	2	100.06	9.850000000000001
1890	12	2	100.12	55.12000000000001
1890	13	2	99.97000000000003	99.60999999999999
1890	14	2	99.50000000000001	144.99999999999991
1890	15	2	100.06	190.10000000000002
1890	16	2	144.93999999999997	9.85
1890	17	2	145.09574468085103	55.41489361702127
1890	18	2	144.92000000000004	100.28
1890	19	2	145.1199999999999	144.76
1890	20	2	144.72916666666669	189.72916666666663
1890	21	2	190.17999999999992	10.11
1890	22	2	189.74	55.140000000000015
1890	23	2	189.64	100.20999999999998
1890	24	2	189.69072164948446	145.21649484536076
1890	25	2	189.99999999999994	189.73999999999995
1890	26	1	164.11499999999995	194.56000000000003
1890	27	1	61.188118811881175	130.43564356435647
1890	28	1	152.65500000000003	34.904999999999994
1890	29	1	165.44000000000003	179.39499999999998
1890	30	1	131.48258706467658	184.01990049751237
1890	31	1	136.0298507462686	30.955223880596996
1890	32	1	135.79000000000008	167.975
1890	33	1	25.855	130.77499999999995
1890	34	1	23.135000000000005	44
1890	35	1	124.96	14.944999999999999
1890	36	1	20.17999999999999	21.26
1890	37	1	174.81499999999988	172.34000000000015
1890	38	1	170.0649999999999	31.19499999999999
1890	39	1	38.62189054726372	89.36318407960204
1890	40	1	83.965	119.45999999999995
1890	41	1	54.11940298507461	114.90547263681597
1890	42	1	76.63681592039802	137.8557213930348
1890	43	1	110.66499999999996	42.670000000000016
1890	44	1	39.800000000000026	59.34999999999999
1890	45	1	113.04	170.58500000000004
1890	46	1	158.73500000000016	166.73000000000002
1890	47	1	170.02499999999992	117.24500000000006
1890	48	1	25.495	32.15499999999999
1890	49	1	159.13500000000002	12.634999999999994
1890	50	1	186.12562814070353	113.5778894472362
1890	51	1	66.84577114427864	118.71641791044777
1890	52	1	38.417085427135646	168.52763819095466
1890	53	1	30.18	59.41
1890	54	1	86.55500000000004	129.825
1890	55	1	119.79000000000003	150.82499999999993
1890	56	1	159.76000000000002	124.78000000000002
1890	57	1	123.20398009950249	161.13930348258717
1890	58	1	125.49	32.79000000000001
1890	59	1	168.53768844221102	23.688442211055285
1890	60	1	177.93999999999994	125.35000000000005
1890	61	1	172.16500000000002	55.18999999999999
1890	62	1	75.33500000000004	108.83499999999997
1890	63	1	29.310000000000002	161.42499999999998
1890	64	1	49.249999999999986	72.16499999999999
1890	65	1	121.96499999999995	43.685
1890	66	1	144.96	23.125
1890	67	1	171.1950000000001	10.164999999999997
1890	68	1	175.4849999999999	190.91999999999996
1890	69	1	170.07537688442204	43.075376884422155
1890	70	1	40.39500000000002	77.16000000000005
1890	71	1	40.019999999999996	119.54500000000004
1890	72	1	149.95979899497482	177.2361809045225
1890	73	1	38.94974874371858	43.26633165829145
1890	74	1	122.50000000000003	178.8149999999999
1890	75	1	162.3199999999999	108.58000000000003
1900	1	2	10.02	10.050000000000004
1900	2	2	9.858585858585856	55.14141414141413
1900	3	2	9.879999999999997	99.87999999999998
1900	4	2	10.309278350515465	145.2164948453608
1900	5	2	10.000000000000002	189.73999999999995
1900	6	2	54.849999999999994	9.999999999999998
1900	7	2	55.30927835051546	54.78350515463916
1900	8	2	54.85858585858585	99.85858585858585
1900	9	2	54.71428571428571	145.74725274725276
1900	10	2	55.14141414141414	190.14141414141415
1900	11	2	100.06	9.850000000000001
1900	12	2	100.12	55.12000000000001
1900	13	2	99.97000000000003	99.60999999999999
1900	14	2	99.50000000000001	144.99999999999991
1900	15	2	100.06	190.10000000000002
1900	16	2	144.93999999999997	9.85
1900	17	2	145.09574468085103	55.41489361702127
1900	18	2	144.92000000000004	100.28
1900	19	2	145.1199999999999	144.76
1900	20	2	144.72916666666669	189.72916666666663
1900	21	2	190.17999999999992	10.11
1900	22	2	189.74	55.140000000000015
1900	23	2	189.64	100.20999999999998
1900	24	2	189.69072164948446	145.21649484536076
1900	25	2	189.99999999999994	189.73999999999995
1900	26	1	163.94	194.37000000000015
1900	27	1	60.11500000000002	130.7149999999999
1900	28	1	152.37500000000003	34.82500000000002
1900	29	1	165.32	179.47500000000002
1900	30	1	131.45999999999992	183.80999999999995
1900	31	1	136.05999999999995	31.050000000000004
1900	32	1	135.9402985074627	167.85074626865662
1900	33	1	25.764999999999986	131.19499999999996
1900	34	1	23.235000000000007	44.024999999999984
1900	35	1	125.90000000000005	14.279999999999994
1900	36	1	21.039999999999996	21.294999999999995
1900	37	1	174.8049999999999	172.53000000000003
1900	38	1	169.84500000000006	31.279999999999998
1900	39	1	38.99999999999998	89.545
1900	40	1	83.88	119.47499999999998
1900	41	1	54.38805970149252	115.61691542288558
1900	42	1	76.215	137.555
1900	43	1	109.99004975124379	42.422885572139286
1900	44	1	39.4925373134328	60.019900497512474
1900	45	1	113.12500000000003	170.4
1900	46	1	158.97500000000002	166.4949999999999
1900	47	1	170.18000000000006	117.325
1900	48	1	25.304999999999996	32.45500000000001
1900	49	1	159.13432835820902	12.582089552238804
1900	50	1	185.43718592964805	113.02010050251253
1900	51	1	66.89999999999993	119.13499999999999
1900	52	1	38.24000000000001	168.47000000000006
1900	53	1	30.179999999999993	59.23999999999998
1900	54	1	86.47500000000002	129.93499999999995
1900	55	1	120.07000000000001	150.78000000000003
1900	56	1	159.63681592039794	124.5273631840796
1900	57	1	123.26368159203979	161.2487562189054
1900	58	1	125.39500000000004	32.56500000000001
1900	59	1	168.49999999999997	23.724999999999994
1900	60	1	177.72499999999994	125.56500000000003
1900	61	1	172.20999999999995	55.23
1900	62	1	75.25870646766174	108.69154228855722
1900	63	1	29.205	161.26
1900	64	1	49.145	71.57
1900	65	1	121.96499999999995	43.715
1900	66	1	144.89	23.134999999999987
1900	67	1	171.08499999999995	10.229999999999995
1900	68	1	175.54999999999993	190.9899999999999
1900	69	1	169.93467336683418	43.21608040201004
1900	70	1	41.22885572139302	78.1243781094527
1900	71	1	39.50499999999999	119.56
1900	72	1	149.8799999999999	177.15999999999994
1900	73	1	39.15500000000002	43.320000000000014
1900	74	1	122.40201005025125	179.20603015075375
1900	75	1	162.96000000000006	108.57500000000003
1910	1	2	10.02	10.050000000000004
1910	2	2	9.858585858585856	55.14141414141413
1910	3	2	9.879999999999997	99.87999999999998
1910	4	2	10.309278350515465	145.2164948453608
1910	5	2	10.000000000000002	189.73999999999995
1910	6	2	54.849999999999994	9.999999999999998
1910	7	2	55.30927835051546	54.78350515463916
1910	8	2	54.85858585858585	99.85858585858585
1910	9	2	54.71428571428571	145.74725274725276
1910	10	2	55.14141414141414	190.14141414141415
1910	11	2	100.06	9.850000000000001
1910	12	2	100.12	55.12000000000001
1910	13	2	99.97000000000003	99.60999999999999
1910	14	2	99.50000000000001	144.99999999999991
1910	15	2	100.06	190.10000000000002
1910	16	2	144.93999999999997	9.85
1910	17	2	145.09574468085103	55.41489361702127
1910	18	2	144.92000000000004	100.28
1910	19	2	145.1199999999999	144.76
1910	20	2	144.72916666666669	189.72916666666663
1910	21	2	190.17999999999992	10.11
1910	22	2	189.74	55.140000000000015
1910	23	2	189.64	100.20999999999998
1910	24	2	189.69072164948446	145.21649484536076
1910	25	2	189.99999999999994	189.73999999999995
1910	26	1	164.00499999999997	194.37499999999997
1910	27	1	58.889999999999986	130.50999999999993
1910	28	1	152.49999999999994	34.94500000000001
1910	29	1	164.94499999999988	179.595
1910	30	1	131.3819095477387	183.59798994974867
1910	31	1	136.07500000000002	30.949999999999996
1910	32	1	135.87499999999997	167.71000000000012
1910	33	1	25.75124378109453	130.98009950248758
1910	34	1	23.745	43.97499999999999
1910	35	1	127.05500000000004	14.244999999999994
1910	36	1	21.381909547738694	21.663316582914582
1910	37	1	174.7550000000001	172.63
1910	38	1	169.785	31.180000000000014
1910	39	1	39.13499999999999	89.36500000000004
1910	40	1	83.96499999999996	119.36499999999995
1910	41	1	54.71499999999998	115.94500000000001
1910	42	1	75.48500000000001	136.7950000000001
1910	43	1	109.61499999999997	42.82499999999998
1910	44	1	39.11999999999999	60.24499999999999
1910	45	1	113.27499999999996	170.53499999999985
1910	46	1	158.94499999999996	166.77499999999995
1910	47	1	170.12935323383073	117.09950248756218
1910	48	1	25.236180904522616	32.28140703517588
1910	49	1	159.07	12.609999999999996
1910	50	1	184.572864321608	112.29145728643215
1910	51	1	66.90999999999997	118.86500000000001
1910	52	1	38.220000000000006	168.15999999999997
1910	53	1	30.055276381909543	59.30150753768845
1910	54	1	86.42786069651739	130.11442786069654
1910	55	1	120.0100000000001	151.02999999999997
1910	56	1	159.6349999999999	124.485
1910	57	1	123.27000000000002	161.56
1910	58	1	125.34499999999997	32.44500000000001
1910	59	1	168.48743718592976	23.748743718592966
1910	60	1	177.68999999999986	125.53999999999994
1910	61	1	172.35999999999993	55.11500000000002
1910	62	1	75.27860696517408	108.6517412935324
1910	63	1	29.33499999999999	161.21499999999978
1910	64	1	49.11055276381909	70.64321608040203
1910	65	1	121.94527363184079	43.2636815920398
1910	66	1	144.86999999999995	23.155000000000005
1910	67	1	171.02	10.274999999999995
1910	68	1	175.5549999999998	191.00000000000006
1910	69	1	170.01499999999996	43.205
1910	70	1	41.52499999999998	78.13
1910	71	1	39.53999999999999	119.55000000000001
1910	72	1	149.54271356783923	177.19597989949744
1910	73	1	39.230000000000004	43.184999999999974
1910	74	1	122.03517587939704	179.9346733668341
1910	75	1	163.03499999999994	108.375
1920	1	2	10.02	10.050000000000004
1920	2	2	9.858585858585856	55.14141414141413
1920	3	2	9.879999999999997	99.87999999999998
1920	4	2	10.309278350515465	145.2164948453608
1920	5	2	10.000000000000002	189.73999999999995
1920	6	2	54.849999999999994	9.999999999999998
1920	7	2	55.30927835051546	54.78350515463916
1920	8	2	54.85858585858585	99.85858585858585
1920	9	2	54.71428571428571	145.74725274725276
1920	10	2	55.14141414141414	190.14141414141415
1920	11	2	100.06	9.850000000000001
1920	12	2	100.12	55.12000000000001
1920	13	2	99.97000000000003	99.60999999999999
1920	14	2	99.50000000000001	144.99999999999991
1920	15	2	100.06	190.10000000000002
1920	16	2	144.93999999999997	9.85
1920	17	2	145.09574468085103	55.41489361702127
1920	18	2	144.92000000000004	100.28
1920	19	2	145.1199999999999	144.76
1920	20	2	144.72916666666669	189.72916666666663
1920	21	2	190.17999999999992	10.11
1920	22	2	189.74	55.140000000000015
1920	23	2	189.64	100.20999999999998
1920	24	2	189.69072164948446	145.21649484536076
1920	25	2	189.99999999999994	189.73999999999995
1920	26	1	164.21499999999995	194.4299999999999
1920	27	1	58.27999999999998	130.15499999999997
1920	28	1	152.52500000000006	34.95000000000002
1920	29	1	164.76999999999998	179.43999999999997
1920	30	1	131.24999999999997	183.625
1920	31	1	135.89000000000001	30.630000000000013
1920	32	1	135.84000000000003	167.755
1920	33	1	25.79601990049751	130.75621890547268
1920	34	1	23.65500000000001	43.93500000000002
1920	35	1	129.07035175879398	14.060301507537698
1920	36	1	21.835	21.764999999999997
1920	37	1	174.68500000000003	172.56500000000008
1920	38	1	169.88999999999996	31.22
1920	39	1	38.93	88.97999999999996
1920	40	1	83.625	119.51499999999996
1920	41	1	54.77500000000001	116.235
1920	42	1	75.26500000000001	136.72999999999993
1920	43	1	109.51758793969846	43.08542713567839
1920	44	1	39.16915422885574	60.293532338308445
1920	45	1	113.63316582914578	170.70854271356788
1920	46	1	158.95499999999984	166.56000000000003
1920	47	1	170.04	117.20000000000005
1920	48	1	25.17500000000002	32.220000000000006
1920	49	1	159.16000000000003	12.444999999999999
1920	50	1	183.69154228855732	111.53233830845775
1920	51	1	66.72999999999999	118.61999999999998
1920	52	1	38.03500000000002	168.33
1920	53	1	30.079999999999995	59.364999999999995
1920	54	1	86.485	130.08000000000004
1920	55	1	119.92499999999998	151.12500000000003
1920	56	1	159.60500000000005	124.43500000000003
1920	57	1	123.57999999999997	161.66
1920	58	1	125.34999999999995	32.38000000000001
1920	59	1	168.4572864321608	23.703517587939697
1920	60	1	177.87	125.50999999999999
1920	61	1	171.97999999999996	54.93499999999999
1920	62	1	75.29000000000002	108.94500000000002
1920	63	1	29.415000000000003	161.28499999999985
1920	64	1	49.06000000000001	70.13000000000001
1920	65	1	121.73500000000001	43.010000000000005
1920	66	1	144.75000000000017	23.21
1920	67	1	171.02	10.319999999999995
1920	68	1	175.55721393034827	190.87562189054728
1920	69	1	169.90954773869348	43.261306532663326
1920	70	1	41.555	78.11
1920	71	1	39.729999999999976	119.47500000000002
1920	72	1	149.39499999999992	177.13500000000008
1920	73	1	39.04500000000004	43.135000000000005
1920	74	1	121.80000000000004	180.51
1920	75	1	163.22999999999993	108.28500000000005
1930	1	2	10.02	10.050000000000004
1930	2	2	9.858585858585856	55.14141414141413
1930	3	2	9.879999999999997	99.87999999999998
1930	4	2	10.309278350515465	145.2164948453608
1930	5	2	10.000000000000002	189.73999999999995
1930	6	2	54.849999999999994	9.999999999999998
1930	7	2	55.30927835051546	54.78350515463916
1930	8	2	54.85858585858585	99.85858585858585
1930	9	2	54.71428571428571	145.74725274725276
1930	10	2	55.14141414141414	190.14141414141415
1930	11	2	100.06	9.850000000000001
1930	12	2	100.12	55.12000000000001
1930	13	2	99.97000000000003	99.60999999999999
1930	14	2	99.50000000000001	144.99999999999991
1930	15	2	100.06	190.10000000000002
1930	16	2	144.93999999999997	9.85
1930	17	2	145.09574468085103	55.41489361702127
1930	18	2	144.92000000000004	100.28
1930	19	2	145.1199999999999	144.76
1930	20	2	144.72916666666669	189.72916666666663
1930	21	2	190.17999999999992	10.11
1930	22	2	189.74	55.140000000000015
1930	23	2	189.64	100.20999999999998
1930	24	2	189.69072164948446	145.21649484536076
1930	25	2	189.99999999999994	189.73999999999995
1930	26	1	164.30499999999998	194.47000000000008
1930	27	1	57.97	130.03999999999996
1930	28	1	152.38999999999996	34.985
1930	29	1	164.89000000000004	179.40500000000003
1930	30	1	131.02999999999992	183.75999999999996
1930	31	1	135.81094527363175	30.437810945273636
1930	32	1	135.68999999999997	168.13499999999993
1930	33	1	25.855	130.2999999999999
1930	34	1	23.51758793969851	43.929648241206024
1930	35	1	130.43283582089552	13.920398009950238
1930	36	1	22.284999999999993	22.085
1930	37	1	174.6250000000001	172.42500000000007
1930	38	1	169.74	31.184999999999995
1930	39	1	38.52000000000004	88.82999999999998
1930	40	1	83.74	119.41499999999995
1930	41	1	54.88999999999999	116.13500000000003
1930	42	1	75	136.42499999999984
1930	43	1	109.40499999999994	42.68500000000002
1930	44	1	39.145	60.37999999999999
1930	45	1	113.70499999999996	171.22500000000002
1930	46	1	158.82	166.4350000000001
1930	47	1	170.225	117.06000000000004
1930	48	1	25.365	32.344999999999985
1930	49	1	159.16000000000003	12.469999999999997
1930	50	1	183.0248756218905	110.23880597014923
1930	51	1	66.77000000000002	118.53999999999995
1930	52	1	38.089999999999975	168.18499999999997
1930	53	1	30.06499999999999	59.334999999999994
1930	54	1	86.36815920398008	130.17910447761193
1930	55	1	119.90000000000003	151.105
1930	56	1	159.643216080402	124.29145728643218
1930	57	1	123.40201005025126	161.72361809045222
1930	58	1	125.22999999999995	31.880000000000006
1930	59	1	168.49999999999997	23.724999999999994
1930	60	1	177.89500000000004	125.37499999999999
1930	61	1	172.18499999999995	54.98
1930	62	1	75.23499999999996	108.92500000000003
1930	63	1	29.615000000000013	161.22500000000002
1930	64	1	49.03	70.09500000000004
1930	65	1	121.82499999999999	43.08000000000002
1930	66	1	144.89000000000001	23.139999999999997
1930	67	1	171.0750000000001	10.434999999999995
1930	68	1	175.60499999999996	191.14000000000004
1930	69	1	170.02499999999995	43.24999999999998
1930	70	1	41.452736318407986	78.02487562189047
1930	71	1	40.14	119.41499999999996
1930	72	1	149.53731343283573	177.1641791044776
1930	73	1	39.03000000000003	43.19
1930	74	1	121.38308457711439	180.86567164179115
1930	75	1	163.43718592964828	108.32663316582918
1940	1	2	10.02	10.050000000000004
1940	2	2	9.858585858585856	55.14141414141413
1940	3	2	9.879999999999997	99.87999999999998
1940	4	2	10.309278350515465	145.2164948453608
1940	5	2	10.000000000000002	189.73999999999995
1940	6	2	54.849999999999994	9.999999999999998
1940	7	2	55.30927835051546	54.78350515463916
1940	8	2	54.85858585858585	99.85858585858585
1940	9	2	54.71428571428571	145.74725274725276
1940	10	2	55.14141414141414	190.14141414141415
1940	11	2	100.06	9.850000000000001
1940	12	2	100.12	55.12000000000001
1940	13	2	99.97000000000003	99.60999999999999
1940	14	2	99.50000000000001	144.99999999999991
1940	15	2	100.06	190.10000000000002
1940	16	2	144.93999999999997	9.85
1940	17	2	145.09574468085103	55.41489361702127
1940	18	2	144.92000000000004	100.28
1940	19	2	145.1199999999999	144.76
1940	20	2	144.72916666666669	189.72916666666663
1940	21	2	190.17999999999992	10.11
1940	22	2	189.74	55.140000000000015
1940	23	2	189.64	100.20999999999998
1940	24	2	189.69072164948446	145.21649484536076
1940	25	2	189.99999999999994	189.73999999999995
1940	26	1	164.3399999999999	194.5100000000001
1940	27	1	57.87000000000001	129.95000000000005
1940	28	1	152.29	34.89999999999999
1940	29	1	164.67499999999995	179.50499999999997
1940	30	1	131.02499999999998	183.69500000000005
1940	31	1	135.4825870646766	30.14925373134326
1940	32	1	135.60499999999993	168.27
1940	33	1	25.980000000000004	130.23000000000005
1940	34	1	23.285	43.844999999999985
1940	35	1	131.1700000000001	14.205000000000004
1940	36	1	22.54000000000001	22.099999999999998
1940	37	1	174.4899999999999	172.51499999999984
1940	38	1	169.79	31.129999999999995
1940	39	1	38.595000000000006	88.77
1940	40	1	83.43	119.59000000000003
1940	41	1	54.96000000000002	116.00999999999992
1940	42	1	75.08499999999998	136.48999999999995
1940	43	1	109.43999999999997	42.75000000000002
1940	44	1	39.274999999999984	60.10999999999999
1940	45	1	113.77999999999999	172.2449999999999
1940	46	1	158.85499999999982	166.4349999999999
1940	47	1	170.23000000000008	117.08000000000003
1940	48	1	25.3	32.32499999999999
1940	49	1	159.13999999999993	12.459999999999996
1940	50	1	182.85	109.60499999999999
1940	51	1	66.80499999999996	118.72999999999998
1940	52	1	38.09500000000002	168.06999999999996
1940	53	1	30.01499999999999	59.64000000000001
1940	54	1	86.51500000000003	130.28500000000005
1940	55	1	120.27363184079603	151.49751243781083
1940	56	1	159.54000000000005	124.21000000000006
1940	57	1	123.10499999999998	162.18
1940	58	1	125.11500000000004	31.82499999999998
1940	59	1	168.51256281407044	23.713567839195996
1940	60	1	177.89999999999992	125.325
1940	61	1	172.91542288557204	55.09452736318405
1940	62	1	75.23500000000004	108.40000000000002
1940	63	1	29.475000000000016	161.48499999999999
1940	64	1	49.10552763819095	70.2713567839196
1940	65	1	121.91500000000005	43.045
1940	66	1	145.11055276381902	23.15075376884423
1940	67	1	171.02499999999995	10.424999999999995
1940	68	1	175.5899999999999	191.10999999999996
1940	69	1	170.00499999999994	43.21999999999998
1940	70	1	41.235000000000014	77.82999999999994
1940	71	1	40.15500000000001	119.40500000000003
1940	72	1	149.3366834170854	177.07537688442207
1940	73	1	38.65500000000001	43.09999999999999
1940	74	1	120.93	181.28500000000005
1940	75	1	163.84422110552765	108.286432160804
1950	1	2	10.02	10.050000000000004
1950	2	2	9.858585858585856	55.14141414141413
1950	3	2	9.879999999999997	99.87999999999998
1950	4	2	10.309278350515465	145.2164948453608
1950	5	2	10.000000000000002	189.73999999999995
1950	6	2	54.849999999999994	9.999999999999998
1950	7	2	55.30927835051546	54.78350515463916
1950	8	2	54.85858585858585	99.85858585858585
1950	9	2	54.71428571428571	145.74725274725276
1950	10	2	55.14141414141414	190.14141414141415
1950	11	2	100.06	9.850000000000001
1950	12	2	100.12	55.12000000000001
1950	13	2	99.97000000000003	99.60999999999999
1950	14	2	99.50000000000001	144.99999999999991
1950	15	2	100.06	190.10000000000002
1950	16	2	144.93999999999997	9.85
1950	17	2	145.09574468085103	55.41489361702127
1950	18	2	144.92000000000004	100.28
1950	19	2	145.1199999999999	144.76
1950	20	2	144.72916666666669	189.72916666666663
1950	21	2	190.17999999999992	10.11
1950	22	2	189.74	55.140000000000015
1950	23	2	189.64	100.20999999999998
1950	24	2	189.69072164948446	145.21649484536076
1950	25	2	189.99999999999994	189.73999999999995
1950	26	1	164.19499999999994	194.28
1950	27	1	57.92000000000001	130.07999999999984
1950	28	1	152.47000000000008	34.96500000000002
1950	29	1	164.59499999999994	179.64999999999998
1950	30	1	131.40499999999997	183.23499999999993
1950	31	1	135.5600000000001	30.449999999999992
1950	32	1	135.74500000000003	168.17499999999998
1950	33	1	26.014999999999993	130.34
1950	34	1	23.150000000000002	43.92999999999999
1950	35	1	131.45000000000002	14.72499999999999
1950	36	1	22.74499999999999	22.20500000000001
1950	37	1	174.42000000000007	172.51000000000005
1950	38	1	169.845	31.184999999999995
1950	39	1	38.66999999999997	88.78000000000003
1950	40	1	83.25000000000001	119.59500000000003
1950	41	1	55.18999999999998	116.31
1950	42	1	74.99004975124382	136.2686567164179
1950	43	1	109.34499999999996	42.57499999999999
1950	44	1	39.37500000000004	60.20000000000002
1950	45	1	113.71499999999996	172.155
1950	46	1	159.18000000000006	166.0699999999999
1950	47	1	170.24623115577887	117.3467336683417
1950	48	1	25.15499999999999	32.605000000000025
1950	49	1	159.07500000000005	12.464999999999998
1950	50	1	182.76500000000001	109.54499999999994
1950	51	1	66.83999999999995	118.435
1950	52	1	38.095	168.06499999999994
1950	53	1	30.05000000000002	59.420000000000016
1950	54	1	86.70499999999998	130.255
1950	55	1	120.01507537688447	151.6733668341708
1950	56	1	159.31999999999994	124.10000000000007
1950	57	1	123.24000000000005	162.15499999999986
1950	58	1	125.15920398009952	32.03980099502488
1950	59	1	168.49999999999997	23.724999999999994
1950	60	1	177.71	125.39500000000001
1950	61	1	173.6049999999999	55.61999999999999
1950	62	1	75.24	108.27000000000005
1950	63	1	29.465000000000007	161.225
1950	64	1	49.11999999999999	70.43000000000004
1950	65	1	122.08	43.085000000000015
1950	66	1	145.16500000000002	23.18
1950	67	1	170.92500000000004	10.509999999999993
1950	68	1	175.565	191.09500000000006
1950	69	1	169.73500000000004	43.425
1950	70	1	41.37000000000003	78.07000000000002
1950	71	1	39.894999999999975	119.535
1950	72	1	149.36999999999995	177.01999999999998
1950	73	1	38.75500000000001	43.11499999999999
1950	74	1	120.84	181.16499999999988
1950	75	1	163.95477386934687	108.34170854271363
1960	1	2	10.02	10.050000000000004
1960	2	2	9.858585858585856	55.14141414141413
1960	3	2	9.879999999999997	99.87999999999998
1960	4	2	10.309278350515465	145.2164948453608
1960	5	2	10.000000000000002	189.73999999999995
1960	6	2	54.849999999999994	9.999999999999998
1960	7	2	55.30927835051546	54.78350515463916
1960	8	2	54.85858585858585	99.85858585858585
1960	9	2	54.71428571428571	145.74725274725276
1960	10	2	55.14141414141414	190.14141414141415
1960	11	2	100.06	9.850000000000001
1960	12	2	100.12	55.12000000000001
1960	13	2	99.97000000000003	99.60999999999999
1960	14	2	99.50000000000001	144.99999999999991
1960	15	2	100.06	190.10000000000002
1960	16	2	144.93999999999997	9.85
1960	17	2	145.09574468085103	55.41489361702127
1960	18	2	144.92000000000004	100.28
1960	19	2	145.1199999999999	144.76
1960	20	2	144.72916666666669	189.72916666666663
1960	21	2	190.17999999999992	10.11
1960	22	2	189.74	55.140000000000015
1960	23	2	189.64	100.20999999999998
1960	24	2	189.69072164948446	145.21649484536076
1960	25	2	189.99999999999994	189.73999999999995
1960	26	1	164.32499999999996	194.52499999999986
1960	27	1	58.12060301507539	130.11055276381913
1960	28	1	152.5226130653265	34.85929648241205
1960	29	1	164.57499999999987	179.7649999999999
1960	30	1	131.53499999999994	183.105
1960	31	1	135.41499999999996	30.325000000000003
1960	32	1	135.74371859296465	168.11557788944708
1960	33	1	26.08	130.01999999999995
1960	34	1	21.995024875621883	43.63681592039799
1960	35	1	131.495	14.749999999999998
1960	36	1	22.92537313432836	22.238805970149247
1960	37	1	174.5100000000001	172.58000000000007
1960	38	1	169.99999999999994	31.099999999999998
1960	39	1	38.79999999999998	88.61500000000001
1960	40	1	83.14427860696516	119.56218905472639
1960	41	1	54.985	116.445
1960	42	1	75.03499999999998	135.99500000000003
1960	43	1	109.07999999999994	42.57
1960	44	1	39.42211055276383	60.13567839195982
1960	45	1	113.71500000000002	172.25999999999988
1960	46	1	159.21105527638187	166.24120603015075
1960	47	1	170.06500000000005	117.265
1960	48	1	25.33830845771145	32.76119402985072
1960	49	1	158.90999999999994	12.524999999999999
1960	50	1	182.82999999999993	109.69999999999989
1960	51	1	66.53000000000002	118.15000000000002
1960	52	1	38.004999999999974	168.20499999999993
1960	53	1	29.995	59.320000000000036
1960	54	1	86.84500000000006	130.07000000000005
1960	55	1	119.9353233830846	151.8557213930348
1960	56	1	159.12500000000003	123.83999999999992
1960	57	1	123.21000000000002	162.13999999999987
1960	58	1	125.23618090452264	32.28140703517589
1960	59	1	168.49999999999997	23.724999999999994
1960	60	1	177.69154228855714	125.53731343283583
1960	61	1	174.47000000000003	56.309999999999995
1960	62	1	75.16500000000008	108.66500000000002
1960	63	1	29.38000000000001	161.21999999999994
1960	64	1	49.089999999999996	70.33000000000001
1960	65	1	122.27860696517413	43.17910447761195
1960	66	1	145.09547738693468	23.135678391959786
1960	67	1	170.86499999999995	10.659999999999997
1960	68	1	175.45499999999993	191.11000000000007
1960	69	1	169.545	43.31999999999998
1960	70	1	41.21500000000003	78.025
1960	71	1	39.76999999999999	119.53000000000002
1960	72	1	149.44999999999996	176.92000000000007
1960	73	1	38.424999999999976	43.22000000000001
1960	74	1	120.85999999999999	181.08
1960	75	1	164.10000000000005	108.22499999999998
1970	1	2	10.02	10.050000000000004
1970	2	2	9.858585858585856	55.14141414141413
1970	3	2	9.879999999999997	99.87999999999998
1970	4	2	10.309278350515465	145.2164948453608
1970	5	2	10.000000000000002	189.73999999999995
1970	6	2	54.849999999999994	9.999999999999998
1970	7	2	55.30927835051546	54.78350515463916
1970	8	2	54.85858585858585	99.85858585858585
1970	9	2	54.71428571428571	145.74725274725276
1970	10	2	55.14141414141414	190.14141414141415
1970	11	2	100.06	9.850000000000001
1970	12	2	100.12	55.12000000000001
1970	13	2	99.97000000000003	99.60999999999999
1970	14	2	99.50000000000001	144.99999999999991
1970	15	2	100.06	190.10000000000002
1970	16	2	144.93999999999997	9.85
1970	17	2	145.09574468085103	55.41489361702127
1970	18	2	144.92000000000004	100.28
1970	19	2	145.1199999999999	144.76
1970	20	2	144.72916666666669	189.72916666666663
1970	21	2	190.17999999999992	10.11
1970	22	2	189.74	55.140000000000015
1970	23	2	189.64	100.20999999999998
1970	24	2	189.69072164948446	145.21649484536076
1970	25	2	189.99999999999994	189.73999999999995
1970	26	1	164.355	194.57499999999987
1970	27	1	58.644999999999996	130.74999999999994
1970	28	1	152.54271356783912	34.7638190954774
1970	29	1	164.56499999999997	179.625
1970	30	1	131.63184079601984	183.07960199004964
1970	31	1	135.45499999999998	30.47
1970	32	1	136.02499999999992	168.1450000000001
1970	33	1	26.07000000000001	129.91000000000005
1970	34	1	21.203980099502484	43.945273631840784
1970	35	1	131.23999999999998	14.614999999999998
1970	36	1	22.995000000000005	22.379999999999985
1970	37	1	174.33999999999997	172.42999999999995
1970	38	1	170.2512562814069	31.170854271356795
1970	39	1	38.45500000000003	88.26499999999999
1970	40	1	83.10447761194033	119.43283582089553
1970	41	1	55.13500000000003	116.82999999999998
1970	42	1	75.11000000000003	135.72999999999993
1970	43	1	109.12999999999994	42.44499999999999
1970	44	1	39.53999999999999	59.805
1970	45	1	113.6199999999999	172.35499999999996
1970	46	1	159.00499999999985	166.005
1970	47	1	170.435	117.16500000000002
1970	48	1	25.069651741293534	33.12437810945272
1970	49	1	158.90499999999997	12.499999999999993
1970	50	1	182.79500000000007	109.875
1970	51	1	66.46733668341709	118.32663316582912
1970	52	1	37.955	168.18500000000012
1970	53	1	30	59.46733668341708
1970	54	1	86.86500000000005	129.85500000000005
1970	55	1	119.60301507537687	152.2763819095477
1970	56	1	158.755	123.91
1970	57	1	123.35999999999996	162.195
1970	58	1	125.39500000000001	32.34999999999999
1970	59	1	168.49999999999997	23.724999999999994
1970	60	1	177.26130653266324	126.12562814070348
1970	61	1	174.6915422885572	56.56716417910446
1970	62	1	75.02512562814069	108.61306532663316
1970	63	1	29.344999999999985	161.24
1970	64	1	49.034999999999975	70.62000000000003
1970	65	1	122.15999999999994	43.22499999999999
1970	66	1	144.94029850746261	23.019900497512435
1970	67	1	170.6750000000001	10.785000000000004
1970	68	1	175.34328358208958	190.94527363184076
1970	69	1	169.20999999999998	43.22000000000004
1970	70	1	41.084999999999994	77.84500000000007
1970	71	1	39.77386934673367	119.48743718592968
1970	72	1	149.68500000000003	177.25999999999993
1970	73	1	38.09500000000002	43.03000000000001
1970	74	1	121.17500000000001	180.93499999999986
1970	75	1	163.79000000000005	108.39500000000005
1980	1	2	10.02	10.050000000000004
1980	2	2	9.858585858585856	55.14141414141413
1980	3	2	9.879999999999997	99.87999999999998
1980	4	2	10.309278350515465	145.2164948453608
1980	5	2	10.000000000000002	189.73999999999995
1980	6	2	54.849999999999994	9.999999999999998
1980	7	2	55.30927835051546	54.78350515463916
1980	8	2	54.85858585858585	99.85858585858585
1980	9	2	54.71428571428571	145.74725274725276
1980	10	2	55.14141414141414	190.14141414141415
1980	11	2	100.06	9.850000000000001
1980	12	2	100.12	55.12000000000001
1980	13	2	99.97000000000003	99.60999999999999
1980	14	2	99.50000000000001	144.99999999999991
1980	15	2	100.06	190.10000000000002
1980	16	2	144.93999999999997	9.85
1980	17	2	145.09574468085103	55.41489361702127
1980	18	2	144.92000000000004	100.28
1980	19	2	145.1199999999999	144.76
1980	20	2	144.72916666666669	189.72916666666663
1980	21	2	190.17999999999992	10.11
1980	22	2	189.74	55.140000000000015
1980	23	2	189.64	100.20999999999998
1980	24	2	189.69072164948446	145.21649484536076
1980	25	2	189.99999999999994	189.73999999999995
1980	26	1	164.4549999999999	194.60000000000005
1980	27	1	58.410000000000025	130.91499999999994
1980	28	1	152.73	34.79499999999995
1980	29	1	164.26500000000004	179.45000000000013
1980	30	1	131.745	182.81499999999994
1980	31	1	135.75000000000006	30.649999999999995
1980	32	1	135.97999999999996	168.285
1980	33	1	26.37999999999998	129.62
1980	34	1	21.000000000000007	44.286432160804004
1980	35	1	130.98500000000004	14.935000000000002
1980	36	1	23.005000000000003	22.479999999999983
1980	37	1	174.41999999999987	172.505
1980	38	1	170.09999999999997	31.21999999999999
1980	39	1	38.47000000000002	88.15500000000003
1980	40	1	82.80499999999998	119.34999999999998
1980	41	1	55.379999999999995	116.69999999999996
1980	42	1	75.12999999999998	135.72000000000006
1980	43	1	109.25	42.51500000000001
1980	44	1	39.63000000000003	59.805000000000014
1980	45	1	113.50999999999999	172.22500000000002
1980	46	1	158.87939698492454	165.91457286432154
1980	47	1	170.4900000000001	117.36500000000001
1980	48	1	24.939698492462313	33.25628140703514
1980	49	1	159.08	12.370000000000001
1980	50	1	182.265	110.19499999999998
1980	51	1	66.62000000000003	118.70000000000002
1980	52	1	37.97	168.23499999999999
1980	53	1	30.06030150753769	59.42713567839192
1980	54	1	86.74626865671641	129.71144278606963
1980	55	1	119.14999999999996	152.61999999999998
1980	56	1	158.37313432835813	124.32835820895522
1980	57	1	123.28500000000004	162.16000000000008
1980	58	1	125.43499999999996	32.23500000000001
1980	59	1	168.56281407035178	23.723618090452252
1980	60	1	177.34170854271343	127.29145728643209
1980	61	1	174.85500000000005	56.755
1980	62	1	74.79999999999997	108.43
1980	63	1	29.32500000000001	161.19000000000008
1980	64	1	49.05000000000001	70.635
1980	65	1	121.93000000000002	42.61500000000001
1980	66	1	145.12562814070344	22.929648241206035
1980	67	1	170.73499999999993	10.700000000000008
1980	68	1	175.08499999999992	190.58499999999992
1980	69	1	169.1293532338309	43.4129353233831
1980	70	1	41.255	77.97500000000001
1980	71	1	40.155000000000015	119.60000000000008
1980	72	1	149.8407960199005	177.44278606965173
1980	73	1	37.85	43.13999999999999
1980	74	1	121.00500000000005	181.08
1980	75	1	163.22388059701487	108.72139303482581
1990	1	2	10.02	10.050000000000004
1990	2	2	9.858585858585856	55.14141414141413
1990	3	2	9.879999999999997	99.87999999999998
1990	4	2	10.309278350515465	145.2164948453608
1990	5	2	10.000000000000002	189.73999999999995
1990	6	2	54.849999999999994	9.999999999999998
1990	7	2	55.30927835051546	54.78350515463916
1990	8	2	54.85858585858585	99.85858585858585
1990	9	2	54.71428571428571	145.74725274725276
1990	10	2	55.14141414141414	190.14141414141415
1990	11	2	100.06	9.850000000000001
1990	12	2	100.12	55.12000000000001
1990	13	2	99.97000000000003	99.60999999999999
1990	14	2	99.50000000000001	144.99999999999991
1990	15	2	100.06	190.10000000000002
1990	16	2	144.93999999999997	9.85
1990	17	2	145.09574468085103	55.41489361702127
1990	18	2	144.92000000000004	100.28
1990	19	2	145.1199999999999	144.76
1990	20	2	144.72916666666669	189.72916666666663
1990	21	2	190.17999999999992	10.11
1990	22	2	189.74	55.140000000000015
1990	23	2	189.64	100.20999999999998
1990	24	2	189.69072164948446	145.21649484536076
1990	25	2	189.99999999999994	189.73999999999995
1990	26	1	164.67999999999998	194.91500000000008
1990	27	1	58.53	130.89499999999995
1990	28	1	152.90000000000003	34.915
1990	29	1	163.945	179.40499999999997
1990	30	1	132.14499999999992	182.54499999999996
1990	31	1	135.74129353233823	30.577114427860703
1990	32	1	135.97500000000005	168.06499999999994
1990	33	1	26.785000000000004	129.83000000000004
1990	34	1	20.542288557213926	44.51243781094528
1990	35	1	130.86500000000004	15.115000000000002
1990	36	1	23.230000000000004	22.845000000000002
1990	37	1	174.3467336683416	172.47236180904525
1990	38	1	170.09499999999997	31.394999999999996
1990	39	1	38.279999999999966	88.08499999999995
1990	40	1	82.89500000000004	119.13499999999995
1990	41	1	55.349999999999994	116.81499999999996
1990	42	1	75.13	135.56000000000006
1990	43	1	109.65500000000002	42.714999999999975
1990	44	1	39.625000000000014	59.84500000000002
1990	45	1	113.42999999999996	172.21499999999997
1990	46	1	158.84000000000003	165.91999999999996
1990	47	1	170.10447761194027	117.56716417910452
1990	48	1	24.97014925373135	33.661691542288544
1990	49	1	159.25	12.324999999999998
1990	50	1	182.2150000000001	110.58999999999996
1990	51	1	66.77	118.65999999999993
1990	52	1	38.040000000000006	168.1700000000001
1990	53	1	30.020100502512584	59.34673366834169
1990	54	1	86.76999999999998	129.69000000000005
1990	55	1	118.28855721393035	153.02985074626878
1990	56	1	157.75621890547268	125.16915422885573
1990	57	1	123.34499999999994	162.3199999999999
1990	58	1	125.51000000000003	32.39999999999999
1990	59	1	168.49999999999997	23.724999999999994
1990	60	1	177.36000000000007	127.93000000000004
1990	61	1	174.82914572864314	57.05527638190954
1990	62	1	74.60499999999998	108.43500000000004
1990	63	1	29.205000000000005	161.0299999999999
1990	64	1	49.129999999999995	70.52000000000001
1990	65	1	121.58500000000002	42.31999999999999
1990	66	1	145.45999999999998	23.09999999999999
1990	67	1	171.00499999999997	10.88
1990	68	1	174.96000000000004	190.43499999999997
1990	69	1	169.1499999999999	43.67499999999998
1990	70	1	41.115000000000016	77.68
1990	71	1	40.02000000000001	119.91500000000009
1990	72	1	149.77999999999992	177.5849999999999
1990	73	1	37.87	43.315
1990	74	1	121.07000000000001	181.15999999999994
1990	75	1	163.23267326732667	108.98019801980199
