0	1	1	99.5	99.5
0	2	1	159	196
0	3	1	158.66666666666666	175
0	4	1	145.66666666666666	100
0	5	1	125.5	53.5
0	6	1	103	102.75
0	7	1	144	121.66666666666667
0	8	1	91.5	192.5
0	9	1	26	38.666666666666664
0	10	1	58.5	111.5
0	11	1	177	110
0	12	1	53.666666666666664	13.666666666666666
0	13	1	127	92
0	14	1	21	18.2
0	15	1	28	11
0	16	1	192.66666666666666	88.66666666666667
0	17	1	68.00000000000001	57.55555555555556
0	18	1	170	185.5
0	19	1	130.33333333333334	166.33333333333334
0	20	1	154.5	97
0	21	1	102.66666666666667	65
0	22	1	153.5	71.5
0	23	1	55	154
0	24	1	28	41.25
0	25	1	176.5	32
0	26	1	92.5	151.5
0	27	1	140.85714285714286	52.714285714285715
0	28	1	119	41
0	29	1	197.5	153
0	30	1	76.5	71
0	31	1	156	12.5
0	32	1	138.5	145.625
0	33	1	15.333333333333334	44.333333333333336
0	34	1	27	109
0	35	1	26	62
0	36	1	172	177
0	37	1	66.2	176
0	38	1	114	140
0	39	1	64.5	64.5
0	40	1	194.875	35.25
0	41	1	52	186.5
0	42	1	126.5	151.5
0	43	1	24.444444444444443	55.111111111111114
0	44	1	40.5	35.5
0	45	1	6.5	44.5
0	46	1	76	8
0	47	1	75.2	13.2
0	48	1	112	172.5
0	49	1	20.666666666666668	80.66666666666667
0	50	1	139.33333333333334	94.33333333333333
10	1	1	101.04819277108432	100.55421686746985
10	2	1	158.50877192982452	195.85087719298247
10	3	1	158.83431952662713	175.094674556213
10	4	1	145.2380952380953	101.55952380952382
10	5	1	126.81914893617025	54.45744680851063
10	6	1	104.8494623655914	105.8172043010753
10	7	1	143.4924242424242	120.87121212121212
10	8	1	91.52380952380956	193.0654761904762
10	9	1	24.612244897959183	38.59183673469389
10	10	1	59.27819548872179	113.57142857142856
10	11	1	176.41666666666669	108.36111111111111
10	12	1	54.253731343283604	10.66169154228856
10	13	1	126.39516129032259	91.4193548387097
10	14	1	21.78260869565217	18.20869565217391
10	15	1	26.84955752212389	8.97345132743363
10	16	1	192.8121546961326	88.2541436464089
10	17	1	68.18796992481205	56.0827067669173
10	18	1	169.79452054794518	185.6438356164384
10	19	1	130.5200000000001	167.66666666666663
10	20	1	154.31395348837208	96.45348837209302
10	21	1	101.5	64.9761904761905
10	22	1	153.85937499999997	71.265625
10	23	1	55.947368421052644	154.2543859649123
10	24	1	30.91304347826088	40.3804347826087
10	25	1	176.02197802197801	32.31868131868132
10	26	1	92.91489361702129	151.06382978723403
10	27	1	140.5989583333333	53.38020833333334
10	28	1	119.49166666666669	42.74166666666668
10	29	1	197.38095238095238	152.84126984126985
10	30	1	73.70542635658913	73.02325581395348
10	31	1	157.33870967741942	12.975806451612904
10	32	1	139.3879781420765	145.69945355191254
10	33	1	15.588785046728974	44.130841121495344
10	34	1	26.18309859154929	108.3380281690141
10	35	1	23.11764705882353	61.26890756302524
10	36	1	172.57971014492747	176.1594202898551
10	37	1	65.17037037037039	175.0444444444445
10	38	1	112.36458333333337	139.60416666666674
10	39	1	63	64.33628318584073
10	40	1	195.08227848101265	34.91772151898733
10	41	1	53.096045197740104	185.96610169491515
10	42	1	127.5454545454545	151.88888888888889
10	43	1	25.131578947368432	53.83333333333335
10	44	1	40.9607843137255	35.431372549019635
10	45	1	6.955223880597015	44.91044776119401
10	46	1	75.38524590163932	6.5245901639344295
10	47	1	76.25396825396827	15.68253968253968
10	48	1	111.73170731707319	172.57723577235768
10	49	1	20.886666666666674	79.27999999999999
10	50	1	139.20547945205482	92.35616438356162
20	1	1	100.31500000000004	98.995
20	2	1	158.48258706467666	196.46268656716416
20	3	1	158.09950248756223	174.4776119402986
20	4	1	144.39303482587056	104.22388059701498
20	5	1	126.54228855721395	55.1044776119403
20	6	1	106.48756218905471	106.65174129353235
20	7	1	143.7562189054727	120.80597014925378
20	8	1	91.79104477611938	193.04975124378115
20	9	1	23.81094527363184	36.26865671641792
20	10	1	59.407960199004954	113.0597014925373
20	11	1	175.98009950248746	108.3830845771144
20	12	1	54.91999999999999	10.250000000000004
20	13	1	125.2587064676617	90.99999999999999
20	14	1	21.393034825870664	17.840796019900502
20	15	1	26.485000000000017	6.940000000000001
20	16	1	192.84577114427861	87.70149253731343
20	17	1	68.90547263681592	55.13432835820897
20	18	1	168.68656716417917	187.61194029850748
20	19	1	130.55940594059405	167.16831683168311
20	20	1	155.8606965174129	95.19900497512432
20	21	1	101.72636815920397	64.97014925373138
20	22	1	154.06965174129337	70.61691542288563
20	23	1	55.06965174129353	154.06965174129354
20	24	1	33.095000000000006	39.515
20	25	1	174.8905472636814	31.467661691542283
20	26	1	92.99502487562182	150.48258706467658
20	27	1	141.3830845771144	53.35820895522389
20	28	1	118.82089552238801	42.532338308457724
20	29	1	197.4129353233831	152.6567164179105
20	30	1	74.64676616915423	72.43283582089553
20	31	1	157.27722772277224	12.044554455445551
20	32	1	140.04975124378097	144.78109452736314
20	33	1	15.979999999999999	45.13499999999997
20	34	1	26.218905472636838	107.96517412935319
20	35	1	22.731343283582074	64.7960199004975
20	36	1	171.905472636816	175.71144278606977
20	37	1	64.93532338308462	175.5323383084578
20	38	1	112.34825870646766	138.93034825870654
20	39	1	62.850746268656735	65.5373134328358
20	40	1	195.46766169154228	35.00995024875621
20	41	1	53.46268656716419	186.1592039800995
20	42	1	127.82089552238808	152.64676616915423
20	43	1	27.334999999999987	56.165000000000006
20	44	1	42.499999999999986	34.800000000000004
20	45	1	4.5594059405940595	44.9009900990099
20	46	1	74.96019900497511	6.223880597014925
20	47	1	76.80099502487563	16.935323383084572
20	48	1	111.8407960199005	172.4179104477612
20	49	1	20.69651741293533	80.21890547263682
20	50	1	138.41791044776116	92.53731343283582
30	1	1	100.50746268656711	99.14427860696522
30	2	1	158.36815920398004	196.56218905472636
30	3	1	158.17412935323395	174.7462686567164
30	4	1	144.20398009950245	104.29850746268652
30	5	1	126.25500000000001	55.18500000000001
30	6	1	107.06467661691545	106.68159203980107
30	7	1	143.99499999999986	120.57000000000004
30	8	1	91.94527363184073	193.2736318407961
30	9	1	23.900497512437806	36.71144278606966
30	10	1	59.31000000000001	113.23999999999998
30	11	1	176.00000000000003	108.84079601990051
30	12	1	55.482587064676636	10.174129353233829
30	13	1	125.16915422885575	90.80099502487562
30	14	1	21.08955223880597	17.711442786069647
30	15	1	26.820895522388067	7.189054726368161
30	16	1	192.82089552238807	87.82587064676615
30	17	1	69.02000000000005	55.00999999999999
30	18	1	168.3700000000001	187.61499999999995
30	19	1	130.11500000000007	166.87
30	20	1	155.80597014925374	95.5323383084577
30	21	1	101.72636815920403	65.134328358209
30	22	1	154.68500000000012	70.26500000000001
30	23	1	54.61691542288556	154.52736318407966
30	24	1	33.45771144278608	39.73134328358207
30	25	1	174.67999999999998	31.800000000000015
30	26	1	93.56930693069312	150.19306930693074
30	27	1	141.095	53.65499999999998
30	28	1	118.77611940298507	42.641791044776106
30	29	1	197.1	152.365
30	30	1	74.325	72.08999999999999
30	31	1	157.61000000000007	11.880000000000006
30	32	1	139.53500000000003	144.4349999999999
30	33	1	15.840796019900505	45.492537313432855
30	34	1	26.019900497512435	108.17412935323385
30	35	1	22.502487562189053	65.34825870646763
30	36	1	171.5671641791044	175.69651741293538
30	37	1	64.83084577114427	175.8009950248757
30	38	1	112.85074626865674	138.52238805970154
30	39	1	62.64676616915424	65.66169154228855
30	40	1	195.405	35.245
30	41	1	53.965000000000025	186.02000000000004
30	42	1	127.73499999999999	152.72000000000003
30	43	1	27.417910447761198	56.51741293532339
30	44	1	42.76119402985074	34.810945273631866
30	45	1	4.547263681592038	44.746268656716424
30	46	1	74.895	6.614999999999999
30	47	1	76.785	17.25
30	48	1	111.92537313432838	171.95024875621888
30	49	1	20.646766169154212	80.17910447761187
30	50	1	138.58208955223878	92.46268656716416
40	1	1	100.19402985074626	99.06965174129348
40	2	1	158.17999999999986	196.24999999999994
40	3	1	157.96500000000003	175.26500000000004
40	4	1	144.22999999999988	104.77999999999997
40	5	1	126.27999999999997	55.375
40	6	1	107.55499999999995	106.23
40	7	1	144.05499999999984	119.91999999999997
40	8	1	92.81000000000002	193.09500000000003
40	9	1	23.835	36.75500000000001
40	10	1	58.885000000000005	113.52999999999999
40	11	1	176.12	108.93000000000008
40	12	1	55.775000000000006	9.86
40	13	1	124.90049751243782	90.83582089552239
40	14	1	21.320000000000007	17.834999999999994
40	15	1	26.91	7.415000000000002
40	16	1	193.65671641791045	87.73134328358213
40	17	1	69.23999999999997	55.48000000000001
40	18	1	168.4550000000001	187.56500000000005
40	19	1	129.68	166.365
40	20	1	155.3600000000001	95.65500000000003
40	21	1	102.56716417910447	65.83582089552237
40	22	1	155.30348258706456	70.55223880597016
40	23	1	54.29499999999999	154.38000000000005
40	24	1	33.59	39.66500000000002
40	25	1	175.00000000000006	31.636815920398014
40	26	1	94.13000000000001	149.245
40	27	1	140.3283582089552	53.98009950248753
40	28	1	118.33830845771152	42.6268656716418
40	29	1	197.7	152.11500000000012
40	30	1	74.17910447761197	71.9104477611941
40	31	1	158.36815920398	11.00995024875622
40	32	1	139.69346733668345	144.32663316582915
40	33	1	16.145	45.85999999999999
40	34	1	25.44	108.18499999999999
40	35	1	22.36318407960199	65.85572139303476
40	36	1	171.24499999999998	175.54000000000002
40	37	1	64.935	176.28500000000014
40	38	1	113.39800995024875	138.71641791044775
40	39	1	62.179999999999986	65.72500000000002
40	40	1	195.1	36.14999999999996
40	41	1	54.28999999999997	185.83499999999998
40	42	1	127.58499999999998	152.5850000000001
40	43	1	27.094527363184074	56.5422885572139
40	44	1	42.73134328358207	34.32835820895522
40	45	1	4.5572139303482615	44.507462686567166
40	46	1	74.79601990049748	6.980099502487561
40	47	1	76.94000000000001	17.319999999999997
40	48	1	112.25125628140711	171.25628140703523
40	49	1	19.53731343283582	80.46766169154232
40	50	1	138.8009950248757	92.38805970149251
50	1	1	99.80999999999999	98.61999999999999
50	2	1	157.24000000000007	195.82999999999996
50	3	1	157.60804020100494	175.61809045226136
50	4	1	144.60199004975118	105.24378109452732
50	5	1	125.88442211055273	56.02512562814072
50	6	1	107.67499999999998	105.3450000000001
50	7	1	144.04000000000002	119.63999999999999
50	8	1	92.88500000000008	193.32000000000008
50	9	1	23.87	37.21500000000001
50	10	1	58.535000000000004	114.06499999999997
50	11	1	176.05500000000006	109.61999999999999
50	12	1	56.015000000000015	9.520000000000001
50	13	1	124.67500000000003	90.88000000000005
50	14	1	21.504999999999995	18.070000000000007
50	15	1	26.736318407960198	7.497512437810942
50	16	1	194.385	87.53499999999994
50	17	1	68.95979899497489	55.527638190954775
50	18	1	168.43718592964828	187.78894472361802
50	19	1	129.27	165.60000000000002
50	20	1	154.5323383084576	95.24378109452739
50	21	1	103.03999999999994	66.96000000000004
50	22	1	156.4271356783919	70.72864321608037
50	23	1	52.98500000000001	153.8299999999999
50	24	1	33.90049751243784	39.696517412935314
50	25	1	175.31499999999997	31.605000000000004
50	26	1	94.16417910447758	148.05472636815924
50	27	1	138.87064676616922	53.63681592039799
50	28	1	118.68500000000004	43.139999999999986
50	29	1	199.4228855721393	151.73134328358213
50	30	1	74.38499999999999	70.93499999999999
50	31	1	159.00999999999996	10.045
50	32	1	139.04500000000004	144.22500000000022
50	33	1	16.59500000000001	46.48499999999997
50	34	1	24.044776119402982	107.83084577114434
50	35	1	22.243781094527364	66.26865671641792
50	36	1	170.605	175.48500000000007
50	37	1	64.62000000000002	177.1499999999999
50	38	1	114.55500000000005	139.27500000000003
50	39	1	62.318407960199	66.0646766169154
50	40	1	194.24378109452735	36.880597014925364
50	41	1	54.12000000000003	185.805
50	42	1	127.38499999999998	152.73499999999993
50	43	1	27.224999999999998	56.74499999999999
50	44	1	42.81592039800994	33.53731343283582
50	45	1	4.6450000000000005	44.50000000000001
50	46	1	74.12499999999997	6.824999999999997
50	47	1	77.18999999999996	17.594999999999995
50	48	1	112.23500000000001	170.30500000000015
50	49	1	18.409999999999997	80.24000000000001
50	50	1	139.06500000000005	92.64499999999995
60	1	1	100.04499999999999	98.285
60	2	1	156.25870646766165	195.13432835820896
60	3	1	157.32499999999993	176.59500000000008
60	4	1	144.84	105.69000000000003
60	5	1	126.09	56.614999999999974
60	6	1	108.01005025125629	104.54271356783923
60	7	1	143.718592964824	118.77386934673366
60	8	1	92.93000000000002	193.22499999999997
60	9	1	23.38499999999999	37.63000000000001
60	10	1	58.211055276381906	114.47738693467332
60	11	1	176.11499999999998	110.44500000000001
60	12	1	56.804020100502456	9.447236180904524
60	13	1	124.24499999999998	91.49999999999997
60	14	1	21.290000000000003	19.184999999999995
60	15	1	26.648241206030157	8.02010050251256
60	16	1	195.91044776119404	87.33830845771142
60	17	1	68.89054726368157	55.93034825870647
60	18	1	168.69000000000005	187.74499999999992
60	19	1	128.20499999999998	165.09000000000006
60	20	1	153.6349999999999	94.69500000000008
60	21	1	103.96499999999999	68.28999999999999
60	22	1	158.34825870646767	71.33830845771148
60	23	1	51.57499999999999	153.70999999999998
60	24	1	34.010000000000005	39.739999999999995
60	25	1	175.36	31.925000000000004
60	26	1	94.77500000000003	146.65500000000003
60	27	1	138.1741293532338	53.40796019900497
60	28	1	119.18000000000004	43.429999999999986
60	29	1	0.9549999999999988	152.18000000000004
60	30	1	74.60000000000004	70.19499999999998
60	31	1	160.13	9.079999999999997
60	32	1	138.38	144.20499999999998
60	33	1	17.374999999999993	47.379999999999995
60	34	1	22.894999999999996	107.10000000000001
60	35	1	22.205000000000013	67.02499999999999
60	36	1	170.07499999999993	175.16000000000003
60	37	1	64.37999999999997	177.88000000000008
60	38	1	115.1194029850746	139.5323383084576
60	39	1	62.10999999999999	66.41500000000002
60	40	1	193.3	37.20499999999999
60	41	1	54.19500000000001	185.86499999999992
60	42	1	126.78499999999998	152.71499999999986
60	43	1	26.785	57.214999999999996
60	44	1	43.19	33.59000000000003
60	45	1	4.7349999999999985	43.58999999999998
60	46	1	73.57000000000002	6.639999999999999
60	47	1	77.78894472361807	17.80904522613066
60	48	1	112.54	169.56
60	49	1	17.84999999999999	79.78
60	50	1	139.28500000000008	92.87499999999999
70	1	1	99.83499999999994	98.275
70	2	1	155.29850746268647	194.8407960199005
70	3	1	157.01990049751245	178.44776119402988
70	4	1	145.39195979899503	106.14070351758787
70	5	1	126.05500000000002	57.08000000000001
70	6	1	107.93000000000002	103.885
70	7	1	143.0854271356784	117.7638190954774
70	8	1	92.62311557788951	193.32663316582918
70	9	1	23.144278606965173	37.92039800995025
70	10	1	58.24000000000001	114.74999999999997
70	11	1	176.52238805970148	112.23880597014923
70	12	1	57.18	9.335
70	13	1	123.6130653266331	92.13567839195979
70	14	1	21.756218905472632	20.835820895522392
70	15	1	26.31155778894474	8.65829145728643
70	16	1	198.1608040201005	87.62814070351754
70	17	1	69.15999999999997	56.3
70	18	1	169.0449999999999	187.64999999999995
70	19	1	127.62189054726366	164.61194029850742
70	20	1	152.91499999999996	93.86000000000004
70	21	1	105.10050251256281	69.04020100502514
70	22	1	160.03482587064673	72.12935323383084
70	23	1	50.70000000000002	153.48999999999998
70	24	1	34.09500000000001	40.04999999999998
70	25	1	175.26999999999998	32.09499999999998
70	26	1	95.04975124378113	145.3333333333334
70	27	1	137.43499999999997	53.19499999999998
70	28	1	119.72500000000004	43.529999999999994
70	29	1	2.905472636815919	152.87064676616922
70	30	1	74.89999999999998	69.69
70	31	1	161.52499999999998	7.55
70	32	1	137.69500000000005	144.1
70	33	1	17.358208955223883	47.9502487562189
70	34	1	21.305	106.35000000000007
70	35	1	22.674999999999997	67.63500000000005
70	36	1	169.12437810945283	173.99004975124387
70	37	1	64.39800995024876	178.78606965174126
70	38	1	115.50500000000001	139.58499999999995
70	39	1	61.96	66.75000000000001
70	40	1	192.575	37.284999999999975
70	41	1	54.20499999999998	186.10999999999996
70	42	1	126.50999999999996	152.43499999999997
70	43	1	26.329999999999995	57.324999999999996
70	44	1	43.510000000000005	33.72000000000002
70	45	1	4.835000000000001	43.23499999999999
70	46	1	73.10050251256283	6.733668341708545
70	47	1	78.11557788944728	17.909547738693476
70	48	1	113.53499999999995	168.06500000000008
70	49	1	17.13	79.105
70	50	1	139.1600000000001	93.39999999999996
80	1	1	99.67336683417079	98.05527638190958
80	2	1	154.41791044776124	194.55223880597003
80	3	1	156.8358208955224	179.3830845771145
80	4	1	146.005	106.59
80	5	1	126.15	57.695
80	6	1	107.47999999999999	103.74500000000003
80	7	1	141.87999999999994	116.74999999999997
80	8	1	92.00497512437812	192.910447761194
80	9	1	23.050251256281403	38.39195979899495
80	10	1	58.36499999999998	115.065
80	11	1	176.97014925373134	114.02985074626862
80	12	1	57.85427135678393	9.266331658291465
80	13	1	123.19499999999996	92.96500000000006
80	14	1	21.795	21.849999999999987
80	15	1	25.590000000000003	9.069999999999997
80	16	1	0.3450000000000018	87.165
80	17	1	69.08500000000001	56.785
80	18	1	169.12499999999994	187.37000000000006
80	19	1	127.04477611940301	164.15422885572136
80	20	1	152.2849999999999	92.625
80	21	1	106.24999999999997	69.34
80	22	1	162.2871287128712	72.549504950495
80	23	1	49.427860696517406	152.8109452736319
80	24	1	34.13999999999999	40.11499999999998
80	25	1	175.07000000000008	32.76000000000002
80	26	1	95.54	144.06999999999996
80	27	1	136.93999999999994	52.81999999999997
80	28	1	120.61999999999999	43.82999999999999
80	29	1	5.344999999999998	153.92000000000002
80	30	1	75.18090452261302	68.91959798994976
80	31	1	162.13432835820913	6.07960199004975
80	32	1	136.7550000000001	143.74500000000006
80	33	1	17.51000000000001	48.474999999999994
80	34	1	19.474999999999984	105.65499999999997
80	35	1	22.68	67.675
80	36	1	168.21890547263678	173.53233830845775
80	37	1	64.37313432835818	178.92039800995025
80	38	1	116.49000000000001	139.24499999999986
80	39	1	61.783919597989964	67.22110552763823
80	40	1	192.1	37.04499999999999
80	41	1	54.92499999999998	186.07500000000002
80	42	1	125.69849246231155	151.93969849246218
80	43	1	26.58999999999999	57.489999999999995
80	44	1	43.673366834170864	33.69849246231158
80	45	1	4.94472361809045	42.743718592964825
80	46	1	72.84000000000005	6.755000000000002
80	47	1	78.27499999999996	18.03
80	48	1	113.75999999999998	166.9550000000001
80	49	1	15.834170854271358	78.66331658291456
80	50	1	138.98	93.92500000000001
90	1	1	99.3383084577114	97.97014925373139
90	2	1	153.6766169154228	194.11940298507457
90	3	1	157.20499999999993	180.54500000000002
90	4	1	147.1099999999999	107.28500000000001
90	5	1	126.37500000000001	58.214999999999975
90	6	1	107.37	103.55
90	7	1	140.72636815920396	115.56716417910447
90	8	1	91.23000000000002	192.69000000000003
90	9	1	22.624999999999993	38.805000000000014
90	10	1	58.8140703517588	115.572864321608
90	11	1	177.55500000000012	116.50500000000001
90	12	1	58.22388059701496	8.91542288557214
90	13	1	123.41999999999999	93.47
90	14	1	22.23000000000001	22.855000000000004
90	15	1	23.77	9.895000000000005
90	16	1	1.6030150753768841	87.02512562814071
90	17	1	69.04020100502511	57.10050251256279
90	18	1	169.68159203980096	186.37810945273637
90	19	1	127.01500000000001	163.77499999999998
90	20	1	151.56999999999994	90.71999999999994
90	21	1	106.73499999999999	69.385
90	22	1	163.7412935323382	73.06467661691546
90	23	1	48.004975124378106	152.20895522388048
90	24	1	34.18499999999999	40.025000000000006
90	25	1	175.41	33.729999999999976
90	26	1	97.10447761194038	143.35323383084582
90	27	1	136.75	52.86000000000001
90	28	1	121.35500000000006	44.15500000000003
90	29	1	6.999999999999999	154.40099009900996
90	30	1	75.56000000000007	68.11500000000001
90	31	1	163.0452261306533	4.432160804020099
90	32	1	136.64500000000004	143.72000000000006
90	33	1	17.480000000000004	48.984999999999985
90	34	1	17.545	105.19499999999998
90	35	1	23.00502512562813	68.33668341708544
90	36	1	166.94974874371866	171.87437185929647
90	37	1	64.17500000000004	178.92499999999995
90	38	1	117.43500000000004	138.96999999999994
90	39	1	61.66499999999998	67.77500000000003
90	40	1	191.60199004975124	36.825870646766184
90	41	1	55.614999999999995	186.26499999999996
90	42	1	125.32500000000002	151.54999999999998
90	43	1	26.309999999999988	57.65500000000001
90	44	1	43.79500000000002	33.625000000000014
90	45	1	5.315	41.80000000000001
90	46	1	72.70500000000001	6.425000000000001
90	47	1	78.00499999999998	18.015000000000008
90	48	1	113.775	166.08000000000007
90	49	1	15.089999999999995	79.72
90	50	1	138.8899999999999	95.10500000000002
100	1	1	98.95499999999996	98.00500000000001
100	2	1	152.095	193.37999999999994
100	3	1	157.55778894472357	181.98492462311555
100	4	1	147.93999999999988	108.02500000000003
100	5	1	126.88442211055269	58.9246231155779
100	6	1	107.55500000000005	103.21
100	7	1	139.1449999999999	113.89000000000009
100	8	1	90.74	192.095
100	9	1	22.474999999999994	39.50999999999999
100	10	1	59.969849246231156	116.40703517587939
100	11	1	178.2350000000001	117.94499999999996
100	12	1	58.31499999999999	9.024999999999999
100	13	1	123.33	93.89000000000001
100	14	1	22.529999999999998	24.365000000000002
100	15	1	22.214999999999996	10.735000000000005
100	16	1	2.3349999999999986	86.67500000000001
100	17	1	69.22500000000001	57.74999999999999
100	18	1	170.75499999999997	185.195
100	19	1	127.54999999999998	162.98999999999995
100	20	1	151.025	89.47999999999996
100	21	1	107.54999999999995	69.87500000000003
100	22	1	165.41499999999988	73.31500000000004
100	23	1	47.24875621890548	151.31840796019898
100	24	1	34.294999999999995	40.420000000000016
100	25	1	175.32499999999985	35.154999999999994
100	26	1	98.45499999999998	142.915
100	27	1	136.83	52.289999999999985
100	28	1	122.72636815920401	44.51741293532338
100	29	1	8.407960199004973	154.82587064676622
100	30	1	75.71356783919596	68.09045226130655
100	31	1	163.88442211055266	2.829145728643218
100	32	1	136.65500000000017	143.79000000000016
100	33	1	16.537688442211056	49.30150753768844
100	34	1	16.474999999999994	105.09000000000007
100	35	1	23.253731343283587	68.83582089552237
100	36	1	165.92537313432842	171.28358208955223
100	37	1	64.23000000000002	179.09500000000003
100	38	1	118.30000000000003	138.60999999999999
100	39	1	61.389999999999986	69.02000000000004
100	40	1	190.825	36.220000000000006
100	41	1	56.65500000000002	186.60499999999996
100	42	1	124.68499999999997	150.90999999999997
100	43	1	25.545	57.66000000000001
100	44	1	43.65174129353235	33.507462686567166
100	45	1	5.6049999999999995	41.08000000000004
100	46	1	72.40500000000003	6.035
100	47	1	77.82412060301507	17.819095477386934
100	48	1	113.85500000000002	165.2849999999999
100	49	1	14.281407035175876	80.90452261306534
100	50	1	138.70499999999987	95.94000000000003
110	1	1	98.23000000000003	97.99499999999999
110	2	1	151.05527638190952	193.04020100502527
110	3	1	158.36	183.12500000000003
110	4	1	148.10945273631847	108.20895522388061
110	5	1	127.62500000000003	59.504999999999995
110	6	1	108.16	102.79499999999999
110	7	1	137.94029850746267	112.93034825870643
110	8	1	89.94000000000001	191.4399999999999
110	9	1	22.462686567164187	39.746268656716445
110	10	1	60.385000000000005	117.00000000000004
110	11	1	178.72500000000002	119.96500000000005
110	12	1	58.235000000000035	9.180000000000005
110	13	1	123.84499999999998	93.8
110	14	1	23.398009950248756	25.49253731343284
110	15	1	20.388059701492537	12.283582089552237
110	16	1	2.422885572139304	85.75621890547266
110	17	1	69.12500000000001	58.545000000000016
110	18	1	171.29499999999987	183.61500000000015
110	19	1	128.26999999999995	161.98999999999995
110	20	1	150.12	89.07499999999999
110	21	1	109.08542713567836	70.93467336683419
110	22	1	166.70000000000002	73.16000000000001
110	23	1	46.624999999999986	150.08499999999995
110	24	1	34.44723618090452	40.773869346733655
110	25	1	175.0298507462687	36.41293532338309
110	26	1	99.4776119402985	141.86567164179095
110	27	1	136.74499999999998	51.63
110	28	1	124.455	44.655000000000015
110	29	1	9.729999999999995	155.72500000000005
110	30	1	75.82412060301507	67.78894472361809
110	31	1	164.835	1.4049999999999994
110	32	1	136.91	143.71499999999995
110	33	1	15.630000000000004	49.49999999999998
110	34	1	15.875000000000002	104.06499999999993
110	35	1	23.434999999999985	69.27000000000007
110	36	1	164.38000000000002	169.89500000000015
110	37	1	64.28643216080404	178.8291457286432
110	38	1	119.1349999999999	137.82500000000005
110	39	1	60.89552238805969	70.02985074626872
110	40	1	189.25870646766168	35.467661691542325
110	41	1	57.730000000000004	186.93000000000004
110	42	1	124.33663366336631	149.92574257425744
110	43	1	24.52	57.83000000000001
110	44	1	44.06000000000001	33.4
110	45	1	6.482587064676616	40.114427860696566
110	46	1	72.13999999999999	5.789999999999998
110	47	1	77.71000000000001	17.66999999999999
110	48	1	114.0995024875622	164.47761194029852
110	49	1	13.290000000000003	81.72999999999999
110	50	1	138.81592039800995	96.55721393034817
120	1	1	97.27638190954775	97.9346733668342
120	2	1	150.2160804020102	192.59296482412054
120	3	1	158.82999999999996	183.69
120	4	1	147.93969849246238	108.25125628140702
120	5	1	128.04000000000008	60.03499999999999
120	6	1	108.41500000000006	102.50500000000001
120	7	1	136.8849999999998	111.93
120	8	1	89.30499999999995	191.00000000000003
120	9	1	22.169154228855717	39.81592039800996
120	10	1	61.095	117.605
120	11	1	179.47999999999996	122.23500000000001
120	12	1	58.330000000000005	9.200000000000005
120	13	1	124.03	93.93500000000003
120	14	1	25.049999999999983	26.555000000000007
120	15	1	19.579999999999995	13.57
120	16	1	2.86	84.98
120	17	1	68.63500000000002	60.14999999999999
120	18	1	171.9399999999999	182.06000000000003
120	19	1	128.64999999999992	161.44500000000008
120	20	1	149.00500000000017	88.69000000000003
120	21	1	111.36180904522617	71.97989949748737
120	22	1	168.25499999999994	73.04500000000007
120	23	1	46.41000000000002	149.35999999999999
120	24	1	34.555000000000035	41.23999999999998
120	25	1	175.2885572139304	38.74626865671642
120	26	1	99.80597014925372	141.48258706467664
120	27	1	137.05999999999995	50.875
120	28	1	126.165	45.14000000000001
120	29	1	10.695000000000002	156.215
120	30	1	76.01499999999997	67.50000000000007
120	31	1	165.78109452736314	199.17910447761193
120	32	1	136.55499999999986	143.37000000000006
120	33	1	15.089999999999995	49.59500000000001
120	34	1	15.295	103.06999999999995
120	35	1	23.34328358208956	69.60199004975124
120	36	1	163.63999999999993	169.55999999999995
120	37	1	63.859999999999985	178.73500000000007
120	38	1	120.45499999999998	136.95000000000002
120	39	1	59.985	71.335
120	40	1	188.39	34.915000000000006
120	41	1	58.99497487437185	187.27135678391966
120	42	1	123.72277227722766	149.1584158415842
120	43	1	23.380000000000003	57.83500000000001
120	44	1	44.70999999999999	33.33000000000001
120	45	1	6.835000000000001	39.8
120	46	1	71.79899497487442	5.351758793969849
120	47	1	77.10500000000006	17.575000000000003
120	48	1	114.56	164.38999999999993
120	49	1	12.814070351758795	82.68844221105533
120	50	1	138.89552238805973	97.134328358209
130	1	1	95.85000000000002	97.49999999999999
130	2	1	149.33	191.76500000000007
130	3	1	159.595	184.84499999999989
130	4	1	148.0949999999999	108.62000000000002
130	5	1	128.60499999999996	60.43500000000002
130	6	1	108.16417910447757	102.29353233830841
130	7	1	136.01	110.76499999999999
130	8	1	89.11000000000003	190.19499999999996
130	9	1	21.653266331658298	39.829145728643205
130	10	1	61.459999999999994	118.11499999999998
130	11	1	180.2935323383083	124.70646766169156
130	12	1	58.075000000000024	9.265000000000002
130	13	1	124.10999999999999	93.94500000000001
130	14	1	26.601990049751247	27.631840796019894
130	15	1	18.597989949748737	15.180904522613071
130	16	1	2.895	84.33000000000004
130	17	1	68.18000000000002	60.87500000000001
130	18	1	172.80402010050253	179.89447236180894
130	19	1	128.91999999999996	160.97000000000003
130	20	1	147.71641791044777	88.11940298507466
130	21	1	113.07999999999998	72.82000000000004
130	22	1	169.64000000000007	73.70000000000002
130	23	1	46.52500000000001	148.74499999999998
130	24	1	34.605	41.25500000000001
130	25	1	175.4278606965173	40.00995024875622
130	26	1	100.28000000000007	141.01499999999996
130	27	1	137.16000000000003	50.399999999999956
130	28	1	126.78606965174134	45.293532338308474
130	29	1	12.124999999999996	157.03500000000008
130	30	1	75.93969849246231	67.23618090452264
130	31	1	166.681592039801	197.20398009950247
130	32	1	135.92537313432823	143.14925373134332
130	33	1	14.417085427135675	49.63316582914571
130	34	1	13.94	101.60000000000004
130	35	1	22.592039800995025	69.92039800995028
130	36	1	162.495	169.48000000000002
130	37	1	63.56	178.9699999999999
130	38	1	120.61306532663315	136.38693467336682
130	39	1	59.230000000000004	72.33999999999993
130	40	1	187.77999999999994	34.57000000000001
130	41	1	60.385	187.95000000000013
130	42	1	123.26499999999999	148.56499999999997
130	43	1	22.485	57.96000000000001
130	44	1	45.665	33.160000000000004
130	45	1	7.225000000000002	39.23499999999998
130	46	1	71.77000000000004	5.560000000000002
130	47	1	76.95979899497483	17.638190954773865
130	48	1	114.85572139303477	163.50248756218906
130	49	1	12.346733668341711	83.86432160804019
130	50	1	139.38999999999996	97.74999999999997
140	1	1	94.03499999999997	96.96000000000002
140	2	1	149.2050000000001	190.83999999999997
140	3	1	160.64499999999987	185.50500000000008
140	4	1	148.0750000000001	109.01000000000002
140	5	1	129.06467661691545	60.59203980099503
140	6	1	108.34499999999997	101.84500000000003
140	7	1	134.95000000000007	109.39499999999997
140	8	1	88.195	189.70499999999998
140	9	1	20.313432835820894	38.74626865671641
140	10	1	61.93999999999997	118.63499999999998
140	11	1	180.49499999999992	126.23499999999994
140	12	1	58.085000000000015	8.869999999999996
140	13	1	124.22000000000001	93.86000000000001
140	14	1	28.094527363184095	28.552238805970145
140	15	1	18.68341708542715	16.71356783919598
140	16	1	2.849246231155779	83.59296482412057
140	17	1	67.84000000000009	62.25999999999999
140	18	1	173.29850746268653	177.90049751243777
140	19	1	129.09499999999997	160.61
140	20	1	146.0999999999999	87.92500000000001
140	21	1	115.03980099502492	73.35323383084578
140	22	1	170.85572139303477	74.91542288557216
140	23	1	46.86432160804021	147.5276381909549
140	24	1	34.22110552763819	41.9396984924623
140	25	1	175.2189054726368	41.8955223880597
140	26	1	100.96500000000002	140.6750000000001
140	27	1	137.59296482412054	50.14070351758793
140	28	1	127.595	45.08
140	29	1	14.05472636815921	159.04975124378112
140	30	1	76.15000000000003	66.94499999999998
140	31	1	167.96999999999994	196.15500000000003
140	32	1	135.37313432835822	142.26865671641784
140	33	1	14.319999999999999	49.825000000000024
140	34	1	12.685000000000002	101.015
140	35	1	21.60199004975123	70.21890547263682
140	36	1	161.62500000000006	169.1650000000001
140	37	1	63.85500000000001	179.23
140	38	1	120.96000000000005	135.86499999999998
140	39	1	58.31658291457284	73.57788944723616
140	40	1	186.5900000000001	34.25000000000001
140	41	1	61.544999999999966	188.27
140	42	1	122.78391959798995	147.94472361809042
140	43	1	21.77000000000001	58.214999999999996
140	44	1	46.395	32.730000000000004
140	45	1	6.700000000000002	39.76500000000001
140	46	1	71.425	5.485000000000014
140	47	1	76.80499999999999	17.595
140	48	1	115.46	163.27500000000006
140	49	1	11.995000000000003	84.81999999999998
140	50	1	139.715	98.41
150	1	1	92.63316582914567	96.1507537688441
150	2	1	149.02010050251258	189.93467336683415
150	3	1	161.11940298507443	185.5323383084577
150	4	1	148.06499999999997	108.72500000000005
150	5	1	129.1592039800995	60.75621890547261
150	6	1	107.87000000000002	101.87000000000006
150	7	1	134.0199999999999	108.61499999999991
150	8	1	87.43499999999999	189.11000000000013
150	9	1	19.800000000000015	37.74499999999999
150	10	1	62.19999999999997	119.07500000000003
150	11	1	180.5870646766169	127.74129353233828
150	12	1	58.25	8.625000000000004
150	13	1	124.1206030150754	93.54271356783917
150	14	1	29.239999999999995	29.439999999999998
150	15	1	19.225000000000016	18.394999999999985
150	16	1	2.8400000000000007	82.45999999999995
150	17	1	67.11000000000003	63.83000000000004
150	18	1	172.99500000000003	176.86000000000004
150	19	1	129.1343283582089	160.5024875621891
150	20	1	144.46268656716404	87.56716417910448
150	21	1	116.35820895522383	73.4029850746269
150	22	1	171.80597014925377	76.17910447761194
150	23	1	46.964999999999975	146.73500000000013
150	24	1	33.940298507462664	42.870646766169166
150	25	1	175.62500000000006	42.48000000000002
150	26	1	101.80000000000005	139.98999999999998
150	27	1	137.685	49.934999999999974
150	28	1	127.66500000000005	44.994999999999976
150	29	1	15.59701492537313	160.4477611940299
150	30	1	76.34499999999997	66.31499999999998
150	31	1	169.15422885572156	194.58706467661688
150	32	1	135.0399999999999	141.85499999999996
150	33	1	14.224999999999998	49.80500000000001
150	34	1	11.515000000000002	100.58
150	35	1	20.305000000000003	70.38499999999998
150	36	1	160.37810945273634	169.71641791044783
150	37	1	63.974999999999994	179.54999999999993
150	38	1	121.3034825870647	135.14925373134332
150	39	1	57.18905472636819	74.72636815920403
150	40	1	185.2871287128713	33.970297029702984
150	41	1	62.614999999999995	188.59500000000008
150	42	1	121.88500000000002	147.40999999999988
150	43	1	20.925373134328368	58.711442786069654
150	44	1	47.45999999999999	32.42999999999998
150	45	1	6.679999999999996	40.08499999999999
150	46	1	71.42211055276385	5.482412060301527
150	47	1	76.95500000000003	17.505000000000013
150	48	1	116.28999999999999	162.6200000000001
150	49	1	11.905000000000006	85.46999999999998
150	50	1	139.85499999999993	98.74499999999999
160	1	1	91.04477611940294	94.74129353233829
160	2	1	148.64500000000004	188.64
160	3	1	161.98	185.78499999999994
160	4	1	148.09999999999994	108.20999999999998
160	5	1	129.391959798995	60.939698492462306
160	6	1	106.82914572864323	101.50753768844213
160	7	1	133.22500000000008	108.25
160	8	1	86.565	188.29999999999995
160	9	1	19.559999999999995	36.65000000000001
160	10	1	62.534999999999975	119.80000000000001
160	11	1	180.61194029850742	129.16915422885563
160	12	1	58.10499999999997	8.385
160	13	1	123.25373134328358	93.66169154228852
160	14	1	30.435000000000002	29.825000000000003
160	15	1	20.044776119402993	19.656716417910445
160	16	1	2.6915422885572116	82.23383084577115
160	17	1	66.37000000000002	64.87499999999997
160	18	1	172.91959798994966	175.5276381909549
160	19	1	128.85500000000008	160.56000000000006
160	20	1	142.92999999999998	87.17000000000007
160	21	1	117.33830845771146	73.42786069651744
160	22	1	172.23000000000008	77.69000000000005
160	23	1	47.17999999999999	145.865
160	24	1	33.64500000000003	43.52
160	25	1	176.11499999999992	43.160000000000025
160	26	1	102.81909547738694	139.52261306532648
160	27	1	137.83	49.945000000000014
160	28	1	127.685	44.94500000000005
160	29	1	17.333333333333332	162.07960199004984
160	30	1	76.15999999999997	66.09499999999997
160	31	1	169.745	193.64
160	32	1	134.61691542288554	141.318407960199
160	33	1	14.424999999999997	49.740000000000016
160	34	1	10.517412935323387	100.34825870646759
160	35	1	19.37	71.29499999999999
160	36	1	159.1249999999999	170.93499999999997
160	37	1	64.44278606965176	179.9303482587065
160	38	1	121.82089552238804	134.4129353233831
160	39	1	56.459999999999994	75.43999999999991
160	40	1	183.7999999999999	33.78499999999998
160	41	1	63.14500000000001	188.9050000000001
160	42	1	121.27499999999998	147.11999999999998
160	43	1	20.577114427860693	58.995024875621915
160	44	1	48.28855721393036	31.796019900497512
160	45	1	6.829999999999998	40.309999999999995
160	46	1	71.49999999999996	5.655000000000001
160	47	1	76.70000000000005	17.415000000000003
160	48	1	116.48999999999997	162.03499999999997
160	49	1	12.422885572139302	86.17910447761192
160	50	1	139.8100000000001	99.02499999999999
170	1	1	89.93999999999998	93.185
170	2	1	149.1343283582089	186.97512437810948
170	3	1	162.40298507462694	185.98507462686558
170	4	1	148.2412060301507	107.52261306532662
170	5	1	129.30150753768842	60.522613065326645
170	6	1	105.39	99.78000000000004
170	7	1	131.97014925373122	108.11940298507457
170	8	1	85.91499999999998	187.60499999999996
170	9	1	19.114427860696523	35.59203980099503
170	10	1	62.515	119.85500000000002
170	11	1	180.40999999999988	130.09000000000003
170	12	1	58.249999999999986	7.725000000000005
170	13	1	122.065	94.15000000000002
170	14	1	31.054726368159212	30.910447761194032
170	15	1	21.445000000000004	20.250000000000004
170	16	1	2.8009950248756215	82.09452736318407
170	17	1	65.87437185929647	65.59798994974878
170	18	1	171.97014925373125	174.24875621890553
170	19	1	128.73499999999996	160.615
170	20	1	141.3731343283583	86.98507462686568
170	21	1	118.15	73.36500000000001
170	22	1	173.38999999999993	78.14000000000004
170	23	1	46.70351758793968	144.2914572864321
170	24	1	33.029850746268664	44.56716417910445
170	25	1	177.45500000000004	44.03999999999999
170	26	1	103.87500000000003	138.535
170	27	1	138.04000000000002	49.850000000000016
170	28	1	127.575	44.900000000000006
170	29	1	18.427860696517396	163.3383084577115
170	30	1	76.79999999999998	65.79500000000004
170	31	1	171.16999999999996	192.34999999999994
170	32	1	133.95	140.685
170	33	1	14.211055276381918	49.733668341708544
170	34	1	9.575000000000003	100.22999999999995
170	35	1	18.53	72.36500000000007
170	36	1	158.06965174129346	171.82587064676608
170	37	1	65.025	180.02000000000004
170	38	1	121.88999999999994	134.40999999999997
170	39	1	55.789999999999985	75.97499999999994
170	40	1	182.73	33.81999999999998
170	41	1	63.53500000000002	189.13999999999996
170	42	1	120.205	146.565
170	43	1	20.22500000000001	59.45000000000001
170	44	1	49.16000000000001	30.924999999999994
170	45	1	6.670000000000001	40.31499999999999
170	46	1	71.60000000000002	5.545000000000016
170	47	1	76.49499999999996	17.285
170	48	1	116.945	160.84999999999994
170	49	1	13.149999999999995	86.93
170	50	1	140.02999999999997	99.32
180	1	1	88.87064676616916	91.48258706467662
180	2	1	149.58706467661696	185.58208955223887
180	3	1	162.79899497487438	186.69849246231158
180	4	1	148.19500000000005	107.45000000000003
180	5	1	128.88000000000002	60.26000000000002
180	6	1	103.55499999999998	98.37000000000002
180	7	1	130.97014925373128	108.2935323383084
180	8	1	84.95	186.435
180	9	1	18.749999999999996	34.48000000000003
180	10	1	62.300000000000004	119.57500000000003
180	11	1	179.83582089552243	131.49253731343288
180	12	1	58.475000000000016	7.105000000000003
180	13	1	121.00500000000002	94.15500000000002
180	14	1	32.109999999999985	32.46000000000001
180	15	1	23.405000000000012	21.175000000000004
180	16	1	3.0250000000000012	81.58000000000006
180	17	1	65.48241206030148	66.01005025125632
180	18	1	170.79000000000002	172.75999999999996
180	19	1	128.70000000000005	159.67999999999992
180	20	1	140.0249999999999	86.95500000000001
180	21	1	119.1049999999999	74.11999999999998
180	22	1	175.06	78.50499999999998
180	23	1	45.64999999999999	142.52500000000003
180	24	1	32.51000000000001	45.42500000000003
180	25	1	178.99004975124376	45.1194029850746
180	26	1	104.84079601990045	137.95024875621885
180	27	1	138.19900497512435	49.84079601990049
180	28	1	127.37000000000005	45.06499999999998
180	29	1	19.31499999999999	164.62499999999997
180	30	1	77.24875621890544	66.12437810945276
180	31	1	172.17999999999998	191.2299999999999
180	32	1	133.41999999999993	140.07500000000002
180	33	1	14.694999999999999	49.45499999999999
180	34	1	7.800995024875618	100.16417910447761
180	35	1	17.079601990049753	73.41293532338311
180	36	1	157.4975124378109	173.03980099502485
180	37	1	65.77	180.14499999999998
180	38	1	121.92999999999995	133.69500000000002
180	39	1	54.63	75.80000000000003
180	40	1	181.48756218905473	34.631840796019915
180	41	1	63.73	189.15000000000012
180	42	1	118.78	145.805
180	43	1	20.03000000000001	60.18999999999998
180	44	1	49.38308457711445	29.751243781094534
180	45	1	5.766169154228853	40.27363184079601
180	46	1	71.61999999999998	5.604999999999999
180	47	1	76.325	17.345000000000006
180	48	1	116.98009950248756	159.27363184079582
180	49	1	14.24	88.11000000000001
180	50	1	139.9800995024875	99.78109452736321
190	1	1	88.19000000000001	89.62000000000003
190	2	1	149.69000000000008	184.40499999999994
190	3	1	163.02985074626866	187.30348258706468
190	4	1	148.18500000000003	106.76000000000002
190	5	1	128.4129353233831	60.124378109452735
190	6	1	101.53999999999999	97.05999999999997
190	7	1	129.8592964824121	108.42211055276384
190	8	1	84.35	185.35499999999993
190	9	1	18.584999999999997	33.29
190	10	1	62.17085427135681	119.40201005025125
190	11	1	179.37313432835822	132.49253731343285
190	12	1	58.43718592964826	6.6582914572864365
190	13	1	118.84577114427853	94.8805970149254
190	14	1	33.38	33.23499999999999
190	15	1	25.035	21.999999999999996
190	16	1	3.2499999999999987	80.56500000000001
190	17	1	65.19000000000003	66.63999999999999
190	18	1	169.14499999999995	171.40499999999994
190	19	1	128.37688442211058	158.63316582914575
190	20	1	138.51500000000007	87.52500000000003
190	21	1	119.51499999999997	74.365
190	22	1	176.88500000000002	79.155
190	23	1	44.105527638191	141.43216080402013
190	24	1	31.664999999999996	46.240000000000016
190	25	1	181.03980099502482	45.49253731343282
190	26	1	105.41791044776122	137.5820895522387
190	27	1	138.24499999999995	49.774999999999984
190	28	1	127.38000000000002	45.24999999999997
190	29	1	20.19499999999999	165.56000000000006
190	30	1	78.14925373134326	66.6915422885572
190	31	1	173.11999999999992	190.56499999999997
190	32	1	133.105	139.575
190	33	1	15.427135678391958	49.035175879396995
190	34	1	6.8557213930348295	99.45273631840797
190	35	1	15.929999999999994	75.15999999999998
190	36	1	156.76999999999995	173.9300000000001
190	37	1	66.705	180.07499999999987
190	38	1	121.99499999999996	133.39000000000001
190	39	1	53.683168316831676	75.80693069306925
190	40	1	180.59000000000003	35.684999999999974
190	41	1	63.894999999999975	189.255
190	42	1	117.7171717171717	145.3131313131312
190	43	1	20.275000000000016	61.11500000000002
190	44	1	49.829999999999984	28.804999999999996
190	45	1	5.2250000000000005	40.249999999999964
190	46	1	71.65499999999996	5.5200000000000005
190	47	1	76.4070351758794	17.06030150753769
190	48	1	116.6130653266332	158.2211055276381
190	49	1	15.4179104477612	89.69154228855717
190	50	1	139.88059701492546	100.42786069651737
200	1	1	87.85000000000001	88.61499999999995
200	2	1	149.13999999999996	183.97500000000008
200	3	1	163.31840796019893	187.95024875621888
200	4	1	148.30653266331666	106.2613065326633
200	5	1	127.30000000000001	59.84
200	6	1	100.565	96.04000000000002
200	7	1	128.27135678391966	108.62311557788945
200	8	1	83.78499999999998	184.4549999999999
200	9	1	18.580000000000016	31.970000000000002
200	10	1	62.31000000000002	119.76000000000005
200	11	1	178.89	134.45999999999998
200	12	1	58.74500000000002	6.225000000000001
200	13	1	117.31000000000004	95.11999999999999
200	14	1	34.676616915422876	34.248756218905456
200	15	1	26.749999999999993	22.805
200	16	1	3.5150000000000006	80.38500000000002
200	17	1	64.60499999999999	67.45
200	18	1	167.57000000000008	170.70500000000007
200	19	1	127.93	157.52999999999997
200	20	1	137.3549999999999	88.44000000000004
200	21	1	119.81499999999998	75.00000000000001
200	22	1	178.6699999999999	78.59999999999998
200	23	1	42.699999999999996	140.67500000000013
200	24	1	30.695000000000004	47.094999999999985
200	25	1	182.31840796019895	46.15920398009951
200	26	1	106.28358208955227	136.9900497512439
200	27	1	138.67999999999995	48.869999999999976
200	28	1	127.46231155778895	45.29648241206029
200	29	1	20.454999999999988	167.21999999999994
200	30	1	78.85500000000002	66.63999999999996
200	31	1	174.29353233830844	189.42288557213942
200	32	1	133.1094527363184	139.44776119402988
200	33	1	15.865000000000002	48.39
200	34	1	5.67	98.47499999999998
200	35	1	14.745000000000003	76.22499999999995
200	36	1	156.18407960199016	174.65671641791042
200	37	1	67.50499999999998	180.00000000000003
200	38	1	121.85000000000002	132.77999999999997
200	39	1	52.959798994974854	75.80904522613065
200	40	1	179.89000000000004	36.57500000000003
200	41	1	64.23499999999999	189.54999999999998
200	42	1	116.80000000000004	144.93499999999997
200	43	1	20.66666666666666	62.00000000000001
200	44	1	49.96019900497514	27.149253731343283
200	45	1	4.655000000000001	40.08499999999999
200	46	1	71.85500000000005	5.380000000000001
200	47	1	76.06030150753767	16.7035175879397
200	48	1	116.48499999999999	158.09000000000006
200	49	1	16.459999999999994	90.82500000000002
200	50	1	140.01499999999987	101.76
210	1	1	87.85500000000006	87.205
210	2	1	148.68999999999988	184.00000000000003
210	3	1	163.87562189054728	188.79104477611943
210	4	1	148.05500000000006	105.85499999999999
210	5	1	126.64321608040201	60.005025125628144
210	6	1	99.66666666666666	94.99004975124376
210	7	1	126.995	109.5
210	8	1	83.13499999999993	183.5400000000001
210	9	1	18.636815920398	31.149253731343297
210	10	1	61.92000000000002	119.36000000000001
210	11	1	178.14925373134326	136.2139303482587
210	12	1	59.075	5.884999999999999
210	13	1	116.05500000000002	95.78500000000005
210	14	1	35.816831683168296	34.74257425742575
210	15	1	28.155000000000005	23.555
210	16	1	3.975000000000001	80.08999999999997
210	17	1	63.87999999999998	67.43499999999997
210	18	1	166.1492537313432	170.76616915422892
210	19	1	127.21	156.315
210	20	1	135.60696517412936	89.19402985074626
210	21	1	120.84500000000001	75.63999999999994
210	22	1	179.8208955223881	78.14925373134328
210	23	1	40.86069651741297	139.83582089552232
210	24	1	29.723618090452252	48.090452261306545
210	25	1	184.00000000000009	46.68000000000001
210	26	1	106.73366834170852	136.2311557788945
210	27	1	139.21500000000006	47.959999999999994
210	28	1	127.38999999999996	45.80499999999999
210	29	1	21.720000000000002	168.49500000000003
210	30	1	79.31	66.91
210	31	1	175.6467661691542	188.0547263681592
210	32	1	132.97999999999996	139.37
210	33	1	16.349999999999998	47.520000000000024
210	34	1	4.480000000000001	97.835
210	35	1	14.550000000000004	77.47499999999995
210	36	1	155.46268656716416	175.5422885572139
210	37	1	67.905	179.87000000000018
210	38	1	121.71641791044779	132.4029850746268
210	39	1	51.949999999999996	76.015
210	40	1	178.99999999999997	37.28499999999998
210	41	1	64.24000000000001	189.29500000000004
210	42	1	115.80597014925368	144.5472636815919
210	43	1	21.020000000000014	63.12
210	44	1	50.53266331658293	25.39698492462312
210	45	1	3.7199999999999984	39.95499999999999
210	46	1	71.35999999999997	4.530000000000001
210	47	1	76.08999999999999	16.525000000000002
210	48	1	116.03482587064678	158.14427860696517
210	49	1	16.99	92.43
210	50	1	139.475	102.54499999999993
220	1	1	87.68000000000002	85.38500000000003
220	2	1	147.89	184.00499999999994
220	3	1	164.5572139303483	188.7363184079602
220	4	1	148.02000000000007	105.53000000000004
220	5	1	125.61691542288554	60.5273631840796
220	6	1	98.93467336683415	94.13567839195984
220	7	1	126.58999999999995	109.98999999999998
220	8	1	83.02499999999999	182.9750000000002
220	9	1	18.7	30.02500000000001
220	10	1	61.79396984924624	119.21105527638193
220	11	1	177.52	137.75999999999993
220	12	1	59.36815920398008	5.363184079601991
220	13	1	114.85572139303487	96.4328358208956
220	14	1	37.6766169154229	34.880597014925385
220	15	1	29.609999999999992	24.93999999999999
220	16	1	4.333333333333331	80.6318407960199
220	17	1	62.915	67.94499999999995
220	18	1	164.59999999999994	171.21500000000003
220	19	1	126.31499999999997	154.52
220	20	1	133.91542288557216	90.74129353233832
220	21	1	121.4773869346734	76.5226130653266
220	22	1	181.37	77.55499999999998
220	23	1	39.18999999999999	139.13500000000002
220	24	1	28.985148514851467	48.603960396039604
220	25	1	185.1840796019901	47.13930348258708
220	26	1	107.35175879396986	135.4120603015076
220	27	1	139.645	46.52499999999999
220	28	1	127.03999999999996	47.055
220	29	1	22.611940298507474	169.43283582089546
220	30	1	79.44000000000001	67.01000000000002
220	31	1	176.38500000000005	186.77499999999995
220	32	1	133.09547738693473	139.9145728643216
220	33	1	16.925	46.39500000000004
220	34	1	3.736318407960196	97.74129353233835
220	35	1	14.661691542288557	78.22885572139303
220	36	1	154.77499999999992	176.0699999999999
220	37	1	68.63500000000002	179.69000000000005
220	38	1	121.50251256281406	131.86934673366827
220	39	1	50.36180904522612	75.89447236180901
220	40	1	178.69696969696983	38.29292929292932
220	41	1	64.415	189.12500000000006
220	42	1	115.11999999999995	144.33999999999997
220	43	1	21.654999999999998	64.26
220	44	1	50.825000000000024	24.155000000000005
220	45	1	3.9599999999999995	40.045
220	46	1	71.44999999999999	3.0550000000000006
220	47	1	75.73500000000004	15.835000000000003
220	48	1	115.44000000000001	158.68
220	49	1	17.265000000000004	93.48500000000003
220	50	1	138.97999999999993	103.49999999999996
230	1	1	87.65174129353237	84.29353233830842
230	2	1	147.20100502512557	183.9899497487437
230	3	1	165.04000000000002	189.29999999999995
230	4	1	147.74874371859303	104.60804020100501
230	5	1	125.01507537688444	61.30150753768839
230	6	1	97.73869346733672	93.52763819095476
230	7	1	126.17500000000003	110.06000000000002
230	8	1	82.845	182.5
230	9	1	18.670000000000016	29.15499999999999
230	10	1	61.43500000000001	118.76000000000002
230	11	1	176.8557213930349	138.6915422885573
230	12	1	59.542713567839186	4.839195979899499
230	13	1	112.75621890547261	98.19900497512437
230	14	1	38.9950248756219	35.27363184079603
230	15	1	30.492537313432827	26.278606965174127
230	16	1	4.689999999999999	81.05499999999999
230	17	1	61.33830845771143	68.20895522388068
230	18	1	164.03500000000003	172.19500000000002
230	19	1	125.54999999999995	153.50499999999985
230	20	1	132.51741293532348	91.44278606965167
230	21	1	123.70149253731337	77.40796019900496
230	22	1	182.1799999999999	77.71000000000006
230	23	1	37.87064676616913	138.69154228855737
230	24	1	28.265000000000008	49.095
230	25	1	186.42000000000002	47.09000000000003
230	26	1	107.32338308457706	134.17910447761182
230	27	1	140.07000000000002	45.67499999999999
230	28	1	126.785	48.10999999999999
230	29	1	22.924999999999997	170.61999999999992
230	30	1	79.74	66.75500000000001
230	31	1	176.47999999999996	185.69000000000014
230	32	1	133.15577889447246	140.46231155778895
230	33	1	17.945000000000014	45.300000000000004
230	34	1	2.9300000000000006	97.60500000000003
230	35	1	14.909999999999998	78.96000000000004
230	36	1	154.42211055276388	176.39698492462318
230	37	1	68.97999999999999	179.67500000000004
230	38	1	121.85427135678388	131.74874371859303
230	39	1	49.32500000000002	76.52999999999999
230	40	1	177.85074626865668	39.208955223880615
230	41	1	64.125	189.09499999999997
230	42	1	114.33000000000007	144.06499999999994
230	43	1	21.784999999999997	65.48500000000001
230	44	1	50.97487437185927	23.864321608040203
230	45	1	3.8241206030150763	40.14070351758793
230	46	1	71.50499999999998	1.7
230	47	1	75.86500000000001	14.594999999999992
230	48	1	114.755	158.465
230	49	1	16.739999999999995	94.99000000000004
230	50	1	138.36499999999995	104.17499999999994
240	1	1	87.14000000000004	83.46500000000005
240	2	1	146.61194029850748	184.69651741293532
240	3	1	165.84	190.1899999999999
240	4	1	147.4899999999999	104.28000000000004
240	5	1	124.03980099502486	61.88059701492537
240	6	1	96.28855721393039	92.62189054726369
240	7	1	126.14000000000001	109.81500000000001
240	8	1	82.625	181.845
240	9	1	18.87437185929648	28.120603015075375
240	10	1	61.369999999999976	118.64999999999998
240	11	1	175.9850746268657	138.91044776119398
240	12	1	60.42500000000004	4.6899999999999995
240	13	1	110.82000000000002	99.31499999999997
240	14	1	40.17910447761197	35.72636815920397
240	15	1	31.815	27.589999999999993
240	16	1	5.299999999999997	81.75000000000007
240	17	1	59.75499999999995	68.89000000000003
240	18	1	163.3849999999999	173.50500000000005
240	19	1	124.51500000000003	152.52500000000003
240	20	1	131.5099999999999	91.715
240	21	1	125.28358208955223	77.34328358208965
240	22	1	182.92499999999995	77.07000000000001
240	23	1	37.03015075376884	138.39195979899503
240	24	1	27.695000000000007	49.34000000000004
240	25	1	187.50000000000003	46.60499999999998
240	26	1	107.24623115577887	133.39195979899498
240	27	1	140.2099999999999	44.69
240	28	1	126.48500000000003	48.97499999999999
240	29	1	23.15577889447237	171.30150753768842
240	30	1	80.09000000000002	66.83000000000001
240	31	1	176.63000000000002	184.645
240	32	1	133.3	141.3000000000001
240	33	1	18.706467661691548	44.154228855721385
240	34	1	1.9303482587064678	96.89054726368161
240	35	1	15.666666666666671	79.65174129353238
240	36	1	154.14999999999992	177.18999999999988
240	37	1	69.70499999999997	179.1150000000001
240	38	1	122.26130653266333	131.7336683417085
240	39	1	47.94999999999998	76.80000000000005
240	40	1	177.97999999999996	40.374999999999964
240	41	1	63.965000000000025	189.00000000000003
240	42	1	113.75500000000001	143.58500000000004
240	43	1	21.554999999999993	66.15999999999991
240	44	1	51.562189054726346	23.39303482587064
240	45	1	4.179104477611938	40.348258706467654
240	46	1	72.78	0.530000000000058
240	47	1	75.88999999999997	13.615000000000002
240	48	1	113.77999999999997	158.55000000000007
240	49	1	15.989999999999991	96.65
240	50	1	137.85000000000005	104.76
250	1	1	86.24000000000002	82.475
250	2	1	145.93532338308452	185.43283582089552
250	3	1	166.6850000000001	190.85500000000008
250	4	1	147.39999999999995	104.02999999999999
250	5	1	123.27499999999999	62.7
250	6	1	95.26500000000003	91.29000000000002
250	7	1	126.17000000000002	109.63499999999995
250	8	1	82.545	181.73499999999996
250	9	1	19.69849246231155	27.592964824120596
250	10	1	60.820895522388085	117.83084577114434
250	11	1	175.38499999999993	140.225
250	12	1	61.51500000000002	4.779999999999999
250	13	1	109.42574257425746	100.72277227722773
250	14	1	41.13500000000002	36.67
250	15	1	33.14427860696517	28.756218905472636
250	16	1	6.180904522613064	82.78894472361807
250	17	1	59.160000000000004	69.865
250	18	1	162.61499999999998	174.325
250	19	1	123.02985074626866	151.66666666666666
250	20	1	130.41999999999987	92.02999999999997
250	21	1	126.97512437810944	77.95522388059705
250	22	1	183.43000000000004	76.77500000000006
250	23	1	36.22999999999998	138.52
250	24	1	27.319999999999993	49.38999999999999
250	25	1	188.8059701492538	45.86567164179105
250	26	1	106.90999999999997	132.4750000000001
250	27	1	140.45	44.48999999999999
250	28	1	126.17085427135682	50.085427135678366
250	29	1	23.059999999999988	171.60499999999988
250	30	1	79.915	67.07
250	31	1	176.2010050251256	183.4522613065326
250	32	1	132.895	142.11000000000004
250	33	1	19.119402985074633	43.31840796019899
250	34	1	0.7449999999999987	95.38999999999997
250	35	1	16.404999999999998	80.20499999999996
250	36	1	153.42713567839198	177.46733668341705
250	37	1	69.565	178.7399999999999
250	38	1	122.78	131.48000000000008
250	39	1	47.115000000000016	76.63499999999996
250	40	1	178.5074626865671	42.527363184079604
250	41	1	63.57788944723617	189.13567839195989
250	42	1	113.35678391959793	142.91959798994975
250	43	1	21.489999999999995	66.655
250	44	1	51.87000000000002	22.764999999999993
250	45	1	4.345000000000001	40.364999999999995
250	46	1	74.2636815920399	199.41791044776105
250	47	1	75.955223880597	12.900497512437816
250	48	1	112.58000000000001	158.57499999999996
250	49	1	15.4179104477612	97.92039800995026
250	50	1	137.59500000000006	105.13000000000002
260	1	1	85.59701492537314	81.41791044776122
260	2	1	144.81499999999986	186.01500000000001
260	3	1	167.7661691542289	191.4228855721393
260	4	1	146.95999999999995	103.72500000000001
260	5	1	122.54500000000002	63.31999999999997
260	6	1	94.21105527638191	90.47236180904527
260	7	1	126.23115577889448	109.05527638190956
260	8	1	82.58500000000002	181.60999999999999
260	9	1	20.969999999999995	26.905
260	10	1	60.28000000000003	116.97000000000001
260	11	1	175.18407960199	141.64676616915423
260	12	1	63.309999999999995	4.740000000000003
260	13	1	107.96019900497514	101.44278606965173
260	14	1	41.96482412060301	37.618090452261306
260	15	1	34.77114427860698	29.268656716417897
260	16	1	7.234999999999998	83.75500000000001
260	17	1	58.485000000000014	70.82499999999997
260	18	1	162.0298507462687	174.67661691542287
260	19	1	121.72636815920394	150.98507462686564
260	20	1	129.0452261306533	92.35678391959796
260	21	1	128.83084577114417	78.36815920398006
260	22	1	184.48500000000007	75.61000000000003
260	23	1	35.46766169154226	138.6915422885572
260	24	1	27.235000000000007	48.855000000000004
260	25	1	189.68159203980093	44.85572139303481
260	26	1	106.38499999999999	131.84000000000003
260	27	1	141.215	43.794999999999995
260	28	1	126.36180904522614	50.71356783919596
260	29	1	22.83	171.965
260	30	1	79.56281407035178	67.38693467336688
260	31	1	175.79	182.72000000000003
260	32	1	132.3482587064678	143.24378109452744
260	33	1	19.759999999999998	42.174999999999976
260	34	1	199.61691542288557	93.7810945273632
260	35	1	17.29000000000001	81.04500000000002
260	36	1	153.20499999999998	178.36999999999995
260	37	1	69.96999999999996	178.16000000000005
260	38	1	123.59798994974877	130.96482412060305
260	39	1	46.56500000000001	76.80500000000004
260	40	1	179.07500000000005	44.10000000000001
260	41	1	63.744999999999955	189.39499999999992
260	42	1	113.26500000000003	142.0749999999999
260	43	1	21.275000000000006	66.72499999999992
260	44	1	52.41000000000001	21.680000000000003
260	45	1	4.98	40.525
260	46	1	76.17821782178217	198.48514851485152
260	47	1	76.14572864321612	12.366834170854272
260	48	1	111.01499999999996	158.23499999999999
260	49	1	14.615000000000007	99.09499999999994
260	50	1	137.11999999999986	105.35000000000005
270	1	1	85.24000000000001	80.39000000000003
270	2	1	144.30500000000004	186.94
270	3	1	169.73134328358216	193.0049751243783
270	4	1	146.820895522388	103.01492537313439
270	5	1	121.59000000000006	64.38000000000002
270	6	1	92.80904522613064	89.7386934673367
270	7	1	126.42713567839199	108.36180904522611
270	8	1	82.62	181.64999999999995
270	9	1	22.505000000000006	26.48000000000001
270	10	1	59.69500000000001	115.64999999999999
270	11	1	175.13999999999987	142.8499999999999
270	12	1	64.69154228855719	4.417910447761193
270	13	1	106.52999999999994	101.65999999999998
270	14	1	42.20499999999996	38.404999999999994
270	15	1	35.94527363184079	29.25373134328358
270	16	1	8.205	84.72500000000002
270	17	1	57.785000000000004	72.115
270	18	1	161.73631840796014	175.70149253731333
270	19	1	120.59203980099501	150.64179104477608
270	20	1	128.05	92.44500000000001
270	21	1	130.20398009950245	78.27363184079603
270	22	1	185.00499999999997	75.40999999999998
270	23	1	35.15920398009949	138.39800995024873
270	24	1	27.199004975124385	48.308457711442784
270	25	1	190.53000000000006	44.23999999999999
270	26	1	106.28140703517585	131.08040201005028
270	27	1	141.73999999999998	43.43999999999998
270	28	1	126.49499999999995	51.530000000000015
270	29	1	22.514999999999997	172.835
270	30	1	79.21499999999999	67.85999999999999
270	31	1	175.01	182.01000000000005
270	32	1	131.75376884422116	143.8743718592966
270	33	1	19.85	41.75999999999997
270	34	1	198.29850746268656	91.94527363184076
270	35	1	18.378109452736318	81.80597014925374
270	36	1	153.25373134328353	179.0298507462687
270	37	1	69.81500000000003	177.73499999999999
270	38	1	124.34825870646769	131.1492537313433
270	39	1	46.24999999999999	76.10499999999999
270	40	1	179.60499999999988	44.91999999999997
270	41	1	63.293532338308495	189.40796019900492
270	42	1	113.29850746268657	141.11442786069648
270	43	1	21.085	66.85999999999997
270	44	1	52.65829145728641	21.120603015075385
270	45	1	5.175000000000002	40.535000000000025
270	46	1	77.6750000000001	197.9600000000001
270	47	1	76.30499999999999	11.719999999999994
270	48	1	109.54500000000003	157.64499999999995
270	49	1	13.435000000000002	99.89000000000003
270	50	1	136.95499999999998	105.48500000000006
280	1	1	84.86000000000006	79.38999999999996
280	2	1	143.49000000000004	187.93499999999992
280	3	1	170.72636815920407	193.6915422885572
280	4	1	146.62999999999988	102.35499999999998
280	5	1	120.67000000000004	65.20999999999997
280	6	1	91.81909547738698	88.60804020100507
280	7	1	126.68159203980098	107.68159203980098
280	8	1	82.43216080402013	181.28140703517582
280	9	1	23.759999999999998	26.239999999999988
280	10	1	59.62	114.77999999999996
280	11	1	174.95000000000007	144.25500000000002
280	12	1	65.99999999999999	3.3366834170854274
280	13	1	105.1094527363184	101.4776119402985
280	14	1	42.21000000000003	39.45999999999998
280	15	1	37.615000000000016	29.040000000000003
280	16	1	8.834999999999997	84.82
280	17	1	57.18592964824123	72.7788944723618
280	18	1	161.24378109452732	176.20895522388074
280	19	1	119.70149253731344	150.30845771144288
280	20	1	127.87939698492463	92.69849246231158
280	21	1	131.135	78.45499999999997
280	22	1	186.11442786069654	74.65671641791047
280	23	1	34.63500000000001	137.57500000000007
280	24	1	27.315000000000005	47.80500000000002
280	25	1	191.21499999999995	43.55000000000001
280	26	1	106.12935323383088	130.11940298507457
280	27	1	142.53499999999988	43.13500000000001
280	28	1	126.60999999999994	52.35
280	29	1	22.405	173.4
280	30	1	78.34328358208957	68.55223880597015
280	31	1	174.13999999999993	181.44000000000014
280	32	1	130.6984924623116	145.2311557788944
280	33	1	19.980000000000004	41.279999999999994
280	34	1	197.555	90.195
280	35	1	19.269999999999996	82.35999999999999
280	36	1	152.82999999999998	179.4250000000001
280	37	1	69.78500000000003	177.06999999999994
280	38	1	125.54	131.41500000000005
280	39	1	45.860000000000014	75.92500000000003
280	40	1	179.56218905472628	46.77114427860697
280	41	1	63.15920398009953	189.84079601990047
280	42	1	112.90954773869346	140.20100502512565
280	43	1	20.9	66.90999999999995
280	44	1	53.329999999999984	20.040000000000003
280	45	1	5.708542713567838	40.6281407035176
280	46	1	79.27860696517418	197.44278606965182
280	47	1	76.35499999999998	10.729999999999993
280	48	1	108.36	156.84500000000006
280	49	1	11.776119402985067	99.8109452736318
280	50	1	136.83000000000004	106.06000000000002
290	1	1	85.75124378109452	78.41791044776124
290	2	1	142.97014925373125	189.21890547263686
290	3	1	171.95522388059692	194.15422885572136
290	4	1	146.1899999999999	101.70499999999993
290	5	1	120.2089552238807	66.38805970149257
290	6	1	90.87499999999996	88.12000000000002
290	7	1	126.84999999999997	106.99999999999999
290	8	1	82.75500000000004	180.99499999999998
290	9	1	25.338308457711445	26.174129353233816
290	10	1	59.53266331658291	113.31155778894468
290	11	1	174.685	146.0699999999999
290	12	1	66.34825870646766	2.840796019900498
290	13	1	103.57711442786072	101.25870646766167
290	14	1	42.12500000000002	40.89500000000001
290	15	1	38.96999999999998	29.265
290	16	1	9.764999999999997	85.39999999999999
290	17	1	56.82999999999999	73.34500000000006
290	18	1	160.78499999999994	176.7399999999999
290	19	1	119.02487562189052	150.53731343283587
290	20	1	127.65499999999999	92.825
290	21	1	132.26	78.61
290	22	1	187.01492537313442	73.75621890547264
290	23	1	34.655000000000015	136.8549999999999
290	24	1	27.402010050251242	47.482412060301506
290	25	1	192.26130653266333	42.63316582914572
290	26	1	105.93500000000004	129.15000000000006
290	27	1	142.5099999999999	42.75
290	28	1	127.4522613065326	53.472361809045225
290	29	1	22.175879396984925	174.11557788944728
290	30	1	77.34158415841586	70.23762376237626
290	31	1	172.875	180.9849999999999
290	32	1	129.83582089552232	145.96019900497512
290	33	1	20.230000000000008	40.745000000000005
290	34	1	198.01	88.38500000000003
290	35	1	20.213930348258714	83.6666666666667
290	36	1	152.12060301507537	179.78894472361816
290	37	1	69.97999999999999	176.74999999999994
290	38	1	126.38499999999995	131.41000000000005
290	39	1	45.73500000000002	75.24000000000004
290	40	1	179.55500000000012	48.35499999999999
290	41	1	63.245000000000005	190.23999999999987
290	42	1	113.25999999999999	138.97
290	43	1	20.610000000000007	67.08000000000006
290	44	1	54.08999999999998	19.764999999999997
290	45	1	6.185000000000001	40.20500000000003
290	46	1	80.39999999999996	196.77999999999994
290	47	1	76.40796019900502	9.472636815920403
290	48	1	107.35175879396975	155.46733668341702
290	49	1	10.353233830845765	100.12437810945273
290	50	1	136.60999999999999	107.12500000000003
300	1	1	86.06999999999998	76.99999999999999
300	2	1	142.43999999999988	190.14000000000007
300	3	1	173.185	194.23999999999998
300	4	1	145.74499999999992	100.89999999999995
300	5	1	120.565	67.95000000000003
300	6	1	89.91500000000005	87.67500000000003
300	7	1	127.025	106.51500000000003
300	8	1	83.28358208955227	180.3930348258707
300	9	1	26.56716417910449	26.149253731343283
300	10	1	59.48500000000001	112.29000000000005
300	11	1	173.7850000000001	147.86999999999998
300	12	1	66.99499999999996	2.310000000000001
300	13	1	101.63819095477392	101.49748743718594
300	14	1	42.53999999999999	42.214999999999975
300	15	1	39.79999999999998	30.014999999999976
300	16	1	10.49751243781094	85.24378109452732
300	17	1	56.734999999999985	73.75500000000001
300	18	1	160.67000000000004	177.04000000000002
300	19	1	118.46500000000003	150.35
300	20	1	127.46999999999997	92.98500000000003
300	21	1	133.96999999999997	79.51999999999992
300	22	1	187.76884422110547	72.81407035175876
300	23	1	34.52500000000002	135.72000000000003
300	24	1	27.56499999999999	46.90500000000001
300	25	1	192.61194029850745	42.6169154228856
300	26	1	105.55499999999999	127.70499999999998
300	27	1	141.76500000000001	42.669999999999995
300	28	1	128.06467661691542	54.92039800995027
300	29	1	22.05	174.33499999999995
300	30	1	75.53266331658293	72.13567839195984
300	31	1	172.0749999999999	180.16500000000002
300	32	1	128.985	146.28999999999996
300	33	1	20.135678391959807	40.537688442211056
300	34	1	198.94	86.76499999999997
300	35	1	21.270000000000014	84.98500000000001
300	36	1	151.4676616915423	179.75621890547268
300	37	1	70.11500000000004	177.1250000000001
300	38	1	126.80999999999999	131.28000000000006
300	39	1	45.69000000000001	75.19999999999999
300	40	1	179.41293532338312	50.41293532338312
300	41	1	63.60499999999999	191.0100000000001
300	42	1	113.2636815920398	137.3333333333334
300	43	1	20.06499999999999	67.39000000000003
300	44	1	54.63	19.450000000000003
300	45	1	6.174129353233831	39.955223880597
300	46	1	82.07500000000003	196.20999999999995
300	47	1	76.76119402985074	8.199004975124383
300	48	1	107.38805970149242	153.8606965174129
300	49	1	9.223880597014924	100.18407960199009
300	50	1	136.705	107.50499999999994
310	1	1	86.19597989949753	75.83919597989946
310	2	1	141.86999999999998	191.48999999999992
310	3	1	174.91499999999996	193.96499999999997
310	4	1	145.30499999999995	99.96000000000001
310	5	1	120.92000000000003	67.99999999999999
310	6	1	88.71859296482414	86.8844221105527
310	7	1	127.19500000000002	105.53999999999996
310	8	1	84.29	179.91500000000005
310	9	1	28.14999999999999	26.62999999999999
310	10	1	60.11442786069652	111.22388059701485
310	11	1	172.68999999999997	149.42499999999998
310	12	1	67.54500000000002	1.990000000000002
310	13	1	100.36499999999998	100.84999999999998
310	14	1	43.32835820895523	43.12437810945275
310	15	1	41.231155778894454	30.31155778894473
310	16	1	11.291457286432163	84.88442211055278
310	17	1	56.239999999999995	74.175
310	18	1	160.62999999999997	178.1200000000001
310	19	1	118.19500000000002	149.93499999999997
310	20	1	127.36683417085425	93.06532663316578
310	21	1	135.3567839195979	80.17085427135673
310	22	1	188.6	72.09000000000005
310	23	1	34.214999999999996	134.94
310	24	1	28.070000000000004	46.004999999999974
310	25	1	192.665	41.940000000000005
310	26	1	105.03482587064678	126.42288557213926
310	27	1	141.01500000000001	42.80999999999999
310	28	1	129.38693467336682	56.66331658291456
310	29	1	22.004999999999995	174.38000000000005
310	30	1	74.29353233830847	72.81592039800994
310	31	1	171.19597989949744	179.65326633165836
310	32	1	128.305	146.90000000000003
310	33	1	20.11940298507462	40.42786069651744
310	34	1	0.03000000000000052	84.955
310	35	1	21.725000000000005	85.93000000000009
310	36	1	150.0796019900498	179.9502487562189
310	37	1	70.08	176.89499999999995
310	38	1	127.415	131.77000000000007
310	39	1	45.723618090452284	75.05527638190954
310	40	1	179.30845771144274	51.22885572139305
310	41	1	64.08040201005024	191.39698492462318
310	42	1	112.9651741293532	136.0298507462686
310	43	1	19.64500000000002	67.32500000000002
310	44	1	55.79899497487438	18.69346733668342
310	45	1	6.4726368159203975	38.85074626865672
310	46	1	83.00995024875623	195.85572139303474
310	47	1	77.32500000000003	7.620000000000004
310	48	1	107.46999999999998	152.44499999999985
310	49	1	8.263681592039799	99.49253731343283
310	50	1	136.62000000000006	108.25
320	1	1	85.6834170854271	74.04020100502507
320	2	1	142.2587064676616	192.61691542288557
320	3	1	175.84079601990044	193.38308457711435
320	4	1	145.1111111111111	99.12121212121215
320	5	1	121.74129353233832	68.19900497512435
320	6	1	88.21890547263682	86.32338308457712
320	7	1	127.00497512437809	104.8955223880597
320	8	1	85.98000000000003	179.93499999999997
320	9	1	29.169999999999995	27.39999999999999
320	10	1	60.5273631840796	109.95522388059702
320	11	1	172.1500000000001	150.51500000000001
320	12	1	67.53266331658293	1.793969849246231
320	13	1	98.67661691542283	100.5572139303483
320	14	1	43.758793969849236	44.92964824120603
320	15	1	42.38805970149254	31.17412935323383
320	16	1	12.095477386934677	85.41708542713575
320	17	1	56.269999999999996	74.72000000000001
320	18	1	160.61499999999998	178.475
320	19	1	117.90000000000006	149.53500000000003
320	20	1	127.39499999999997	92.65000000000005
320	21	1	136.84000000000006	80.44000000000005
320	22	1	189.14999999999998	71.5
320	23	1	33.430000000000014	134.25500000000008
320	24	1	28.78499999999999	44.98000000000002
320	25	1	192.45499999999998	41.61000000000001
320	26	1	104.30499999999999	124.71500000000003
320	27	1	140.06000000000006	43.17999999999997
320	28	1	129.6218905472637	58.24378109452737
320	29	1	21.980000000000004	174.44000000000005
320	30	1	72.8059701492537	73.8557213930348
320	31	1	170.72000000000003	179.1599999999999
320	32	1	127.70999999999998	147.33999999999992
320	33	1	19.820895522388057	40.07960199004975
320	34	1	1.1393034825870636	82.86567164179102
320	35	1	22.404999999999983	86.19999999999999
320	36	1	149.16500000000005	181.11500000000007
320	37	1	70.17499999999998	177.165
320	38	1	127.99	132.175
320	39	1	45.75500000000003	74.70500000000007
320	40	1	179.385	51.57000000000001
320	41	1	64.96499999999999	191.25000000000009
320	42	1	112.67661691542285	134.84577114427876
320	43	1	19.279999999999998	67.66499999999998
320	44	1	56.60500000000002	18.040000000000006
320	45	1	6.6850000000000005	37.71500000000004
320	46	1	83.67164179104476	194.9452736318409
320	47	1	78.27860696517418	6.771144278606967
320	48	1	107.71356783919597	150.7738693467335
320	49	1	7.405	98.49499999999999
320	50	1	136.48000000000008	108.14999999999999
330	1	1	84.8855721393035	73.01492537313436
330	2	1	142.93969849246238	193.84924623115575
330	3	1	176.79499999999996	192.79000000000022
330	4	1	144.89552238805962	97.96019900497511
330	5	1	122.28999999999998	68.12999999999998
330	6	1	87.72500000000004	85.49000000000004
330	7	1	126.86	104.11000000000004
330	8	1	86.92	179.98499999999996
330	9	1	30.599009900990104	28.440594059405928
330	10	1	61.218905472636806	108.64179104477613
330	11	1	172.02499999999995	151.6049999999999
330	12	1	68.14572864321603	1.4422110552763805
330	13	1	97.17500000000001	100.245
330	14	1	44.756218905472664	46.20895522388061
330	15	1	43.45273631840798	32.09452736318406
330	16	1	12.975000000000005	85.58000000000003
330	17	1	56.50000000000003	75.07000000000001
330	18	1	160.20499999999998	178.78500000000005
330	19	1	117.51758793969843	148.9346733668343
330	20	1	127.81499999999998	92.17500000000007
330	21	1	138.08000000000024	80.62999999999995
330	22	1	189.97512437810946	71.228855721393
330	23	1	32.31499999999999	133.26500000000001
330	24	1	29.744999999999983	44.22000000000002
330	25	1	192.57999999999998	41.100000000000016
330	26	1	104.0597014925373	123.03482587064677
330	27	1	139.59	43.51
330	28	1	129.76999999999992	58.855
330	29	1	21.76000000000001	174.74000000000007
330	30	1	72.03980099502489	74.42786069651741
330	31	1	170.32500000000005	179.185
330	32	1	127.14000000000006	148.18500000000003
330	33	1	19.587939698492463	40.055276381909536
330	34	1	2.3019801980198014	80.19801980198018
330	35	1	22.718592964824136	86.85929648241209
330	36	1	148.5572139303483	182.26865671641792
330	37	1	70.45728643216083	177.58793969849248
330	38	1	128.2964824120603	133.06030150753776
330	39	1	45.83919597989949	74.78894472361809
330	40	1	179.99999999999997	51.38
330	41	1	65.10499999999998	191.21999999999994
330	42	1	112.21890547263675	133.13930348258694
330	43	1	18.840000000000003	67.90999999999998
330	44	1	57.43499999999997	17.19
330	45	1	7.244999999999998	37.19999999999997
330	46	1	84.26000000000002	193.98499999999993
330	47	1	79.41999999999997	5.969999999999996
330	48	1	107.67499999999994	149.09500000000003
330	49	1	5.562189054726371	96.48756218905476
330	50	1	136.25499999999997	108.31500000000001
340	1	1	83.71144278606967	71.4378109452736
340	2	1	143.65500000000006	194.31000000000003
340	3	1	177.74999999999997	192.20499999999996
340	4	1	144.69849246231152	97.69346733668344
340	5	1	123.07000000000004	68.44499999999998
340	6	1	87.38000000000005	84.40000000000005
340	7	1	126.85500000000005	103.915
340	8	1	87.73000000000005	180.0849999999999
340	9	1	31.97512437810944	29.791044776119392
340	10	1	62.0597014925373	107.51741293532343
340	11	1	171.457711442786	152.910447761194
340	12	1	68.61500000000004	1.1149999999999995
340	13	1	95.67999999999999	99.09000000000002
340	14	1	45.81592039800994	46.91044776119404
340	15	1	44.80500000000003	32.81499999999998
340	16	1	13.554999999999998	85.21000000000005
340	17	1	57.03499999999999	75.43000000000004
340	18	1	159.65999999999994	178.6250000000001
340	19	1	117.19	148.36999999999998
340	20	1	128.00497512437812	91.72139303482584
340	21	1	139.33999999999997	80.40999999999997
340	22	1	190.915	70.30999999999999
340	23	1	30.905472636815926	132.82587064676622
340	24	1	30.253731343283594	44.30348258706467
340	25	1	192.57999999999998	41.01999999999998
340	26	1	103.11940298507459	122.07462686567172
340	27	1	138.505	44.08499999999999
340	28	1	129.95000000000002	59.455000000000005
340	29	1	21.659999999999997	174.61499999999984
340	30	1	71.33165829145732	75.62814070351759
340	31	1	170.03517587939712	179.32663316582907
340	32	1	126.50251256281408	149.0603015075377
340	33	1	19.399999999999995	40.16499999999999
340	34	1	2.835820895522389	78.87562189054724
340	35	1	22.653266331658287	87.99999999999999
340	36	1	148.09045226130655	183.87437185929633
340	37	1	70.46231155778892	177.81909547738707
340	38	1	128.79396984924628	133.92462311557793
340	39	1	46.105000000000025	74.79
340	40	1	180.34000000000006	51.22999999999999
340	41	1	65.20999999999998	191.01499999999996
340	42	1	111.61809045226131	131.74874371859292
340	43	1	18.38499999999999	68.16999999999996
340	44	1	57.82000000000001	16.704999999999995
340	45	1	7.580000000000001	36.134999999999955
340	46	1	84.72864321608039	193.04020100502515
340	47	1	80.33333333333336	5.303482587064674
340	48	1	107.65829145728652	146.88944723618084
340	49	1	4.385000000000003	95.09000000000002
340	50	1	136.21999999999994	108.05500000000006
350	1	1	82.53266331658284	69.6281407035176
350	2	1	144.69500000000005	194.81999999999996
350	3	1	179.31343283582086	191.30348258706465
350	4	1	144.66499999999994	96.955
350	5	1	123.25628140703512	68.66834170854278
350	6	1	86.69801980198018	82.81188118811882
350	7	1	126.49500000000005	103.68999999999994
350	8	1	88.85999999999996	180.05500000000006
350	9	1	33.24875621890548	30.482587064676615
350	10	1	62.754999999999995	107.19500000000008
350	11	1	171.08999999999997	154.83500000000004
350	12	1	68.84079601990047	1.0646766169154231
350	13	1	94.17587939698488	98.54271356783919
350	14	1	46.27638190954773	48.24120603015074
350	15	1	45.92537313432834	33.62686567164179
350	16	1	13.775	85.39500000000002
350	17	1	58.04499999999999	75.685
350	18	1	158.99	178.73499999999999
350	19	1	116.97512437810947	147.7064676616916
350	20	1	128.59203980099508	90.90547263681592
350	21	1	140.84500000000003	80.18499999999996
350	22	1	191.73	69.01499999999999
350	23	1	29.19900497512437	132.58208955223884
350	24	1	30.955000000000005	44.00499999999999
350	25	1	192.64	40.87
350	26	1	102.70646766169152	121.46766169154232
350	27	1	137.82999999999998	44.55500000000003
350	28	1	130.09499999999997	60.16499999999998
350	29	1	20.769999999999996	174.6849999999999
350	30	1	70.80000000000001	76.54500000000002
350	31	1	169.57500000000002	179.8849999999999
350	32	1	125.81000000000003	149.64499999999998
350	33	1	19.505000000000003	40.15499999999996
350	34	1	3.0497512437810936	77.94527363184073
350	35	1	22.50500000000001	88.27500000000002
350	36	1	147.50746268656724	184.98507462686564
350	37	1	70.49999999999999	178.71000000000012
350	38	1	129.08955223880602	134.44776119402988
350	39	1	46.49499999999997	75.21500000000005
350	40	1	180.77500000000006	50.974999999999994
350	41	1	65.21105527638194	191.0150753768846
350	42	1	110.89054726368161	130.88557213930363
350	43	1	18.095000000000002	68.43500000000006
350	44	1	58.24499999999999	16.264999999999997
350	45	1	7.8249999999999975	35.83000000000002
350	46	1	84.57	191.58499999999998
350	47	1	81.58793969849246	4.567839195979899
350	48	1	107.66666666666674	145.9452736318408
350	49	1	3.5700000000000007	93.94499999999995
350	50	1	136.025	107.52499999999999
360	1	1	81.82587064676615	67.8905472636816
360	2	1	146.06030150753773	195.42713567839186
360	3	1	180.71641791044766	190.139303482587
360	4	1	144.72999999999993	96.74999999999997
360	5	1	123.51500000000001	68.935
360	6	1	86.45226130653262	80.63819095477385
360	7	1	125.945	103.89000000000006
360	8	1	90.0646766169154	180.19900497512444
360	9	1	34.17500000000002	31.560000000000002
360	10	1	63.51499999999998	106.98
360	11	1	170.3582089552238	156.0995024875622
360	12	1	69.80999999999993	1.2049999999999994
360	13	1	92.66169154228854	97.30348258706465
360	14	1	46.5820895522388	50.12935323383084
360	15	1	46.955223880596996	33.93034825870647
360	16	1	14.154999999999996	85.08999999999993
360	17	1	59.01005025125629	75.60804020100502
360	18	1	157.24	178.43000000000004
360	19	1	116.70854271356784	147.50753768844223
360	20	1	129.36815920398018	90.06965174129348
360	21	1	142.0696517412935	79.90049751243781
360	22	1	193.60696517412936	67.53731343283579
360	23	1	27.35500000000001	132.7350000000001
360	24	1	31.671641791044774	43.91044776119401
360	25	1	193.03	40.77999999999997
360	26	1	102.1950000000001	120.26500000000001
360	27	1	136.61000000000004	45.34999999999998
360	28	1	130.46000000000006	60.679999999999986
360	29	1	19.140000000000004	175.13499999999993
360	30	1	70.75879396984925	77.06030150753772
360	31	1	168.72499999999997	181.6000000000001
360	32	1	125.08040201005026	150.105527638191
360	33	1	19.26500000000001	39.73499999999998
360	34	1	2.0799999999999996	77.41000000000001
360	35	1	22.284999999999986	88.59499999999998
360	36	1	146.5249999999999	185.89999999999998
360	37	1	70.40796019900498	179.00497512437812
360	38	1	128.78	134.58999999999997
360	39	1	47.48241206030152	76.01507537688441
360	40	1	181.13500000000005	50.63500000000001
360	41	1	65.66169154228855	190.96517412935333
360	42	1	110.395	130.00500000000005
360	43	1	17.21890547263682	69.02985074626866
360	44	1	58.83499999999997	15.349999999999987
360	45	1	8.249999999999998	35.04499999999997
360	46	1	85.1809045226131	190.40703517587946
360	47	1	83.18000000000004	3.4499999999999997
360	48	1	107.81499999999996	144.315
360	49	1	3.1200000000000006	92.74999999999999
360	50	1	135.72636815920401	106.83084577114428
370	1	1	80.96482412060305	67.02010050251259
370	2	1	147.17085427135677	196.05025125628146
370	3	1	180.9200000000001	188.81499999999988
370	4	1	144.71500000000006	95.81499999999996
370	5	1	124.40703517587939	69.39195979899499
370	6	1	85.72999999999999	78.18999999999998
370	7	1	125.58999999999996	104.24000000000004
370	8	1	90.05499999999995	180.36500000000007
370	9	1	35.125000000000014	32.404999999999994
370	10	1	63.40201005025128	105.75879396984922
370	11	1	170.03500000000003	158.5050000000002
370	12	1	70.81407035175882	2.030150753768845
370	13	1	91.40298507462683	95.68656716417911
370	14	1	46.8	51.85000000000001
370	15	1	47.60499999999999	35.015
370	16	1	14.395000000000005	84.755
370	17	1	59.781094527363166	76.27363184079606
370	18	1	156.0800000000001	178.26000000000002
370	19	1	116.64179104477614	146.96517412935324
370	20	1	130.70000000000002	89.25000000000004
370	21	1	144.04477611940297	79.27860696517413
370	22	1	195.54	65.75000000000001
370	23	1	26.0049751243781	133.47263681592034
370	24	1	32.205	44.309999999999995
370	25	1	193.365	40.80500000000002
370	26	1	100.9353233830846	119.98009950248759
370	27	1	135.6884422110552	45.92462311557786
370	28	1	130.77000000000012	60.79499999999998
370	29	1	16.990000000000013	175.06999999999994
370	30	1	70.71000000000004	77.68999999999996
370	31	1	167.89499999999998	181.97500000000002
370	32	1	124.635	150.46
370	33	1	19.539999999999996	39.309999999999995
370	34	1	0.5049999999999989	76.965
370	35	1	22.279999999999994	88.69499999999998
370	36	1	145.2400000000001	186.48999999999987
370	37	1	70.36500000000002	179.325
370	38	1	128.56499999999997	134.75000000000003
370	39	1	48.76000000000001	76.47000000000001
370	40	1	182.26499999999996	50.405
370	41	1	66.145	191.295
370	42	1	110.04499999999999	128.92500000000004
370	43	1	16.800000000000008	69.28000000000004
370	44	1	60.26000000000001	14.784999999999995
370	45	1	8.624999999999998	34.50999999999999
370	46	1	85.71999999999997	189.75999999999993
370	47	1	84.32500000000005	2.559999999999998
370	48	1	107.84079601990054	143.0248756218905
370	49	1	3.165829145728642	91.68341708542711
370	50	1	135.65326633165836	106.26633165829149
380	1	1	80.22	66.55499999999999
380	2	1	147.84000000000003	196.54000000000002
380	3	1	181.6119402985074	187.20895522388065
380	4	1	144.935	95.37000000000002
380	5	1	125.0201005025126	69.86432160804017
380	6	1	85.45273631840801	76.31840796019898
380	7	1	124.74499999999998	105.05
380	8	1	90.24000000000002	180.36499999999992
380	9	1	36.7363184079602	32.77611940298509
380	10	1	63.43500000000003	104.75499999999998
380	11	1	169.1550000000001	160.66
380	12	1	71.65499999999994	2.9699999999999998
380	13	1	89.93532338308454	93.59203980099502
380	14	1	47.71859296482411	53.286432160804004
380	15	1	48.315	36.28499999999999
380	16	1	14.929648241206037	84.10050251256285
380	17	1	60.14572864321605	76.81909547738687
380	18	1	154.46499999999997	178.6099999999999
380	19	1	116.52999999999997	146.595
380	20	1	132.275	88.32000000000002
380	21	1	145.33830845771138	79.11442786069651
380	22	1	196.52763819095478	64.678391959799
380	23	1	24.849999999999998	134.17
380	24	1	32.87999999999999	44.53500000000002
380	25	1	193.425	40.81500000000001
380	26	1	100.01999999999997	119.46499999999997
380	27	1	134.83582089552243	46.45273631840797
380	28	1	131.20999999999998	61.10499999999998
380	29	1	14.75621890547263	175.66666666666666
380	30	1	70.59296482412059	77.75376884422111
380	31	1	167.1782178217822	182.2574257425742
380	32	1	123.95000000000003	151.575
380	33	1	20.15	38.75499999999998
380	34	1	199.355	76.56999999999998
380	35	1	22.08040201005026	89.29145728643219
380	36	1	144.51243781094522	187.1542288557213
380	37	1	70.55778894472365	180.1407035175879
380	38	1	127.90499999999997	135.12499999999997
380	39	1	49.815920398009936	77.4029850746269
380	40	1	183.07500000000016	50.295
380	41	1	66.03500000000004	191.40499999999997
380	42	1	109.55445544554456	128.31683168316843
380	43	1	15.899999999999995	69.54999999999997
380	44	1	61.13000000000001	14.309999999999997
380	45	1	9.305	33.574999999999996
380	46	1	85.89999999999999	189.12500000000003
380	47	1	85.51000000000002	1.0149999999999997
380	48	1	108.01499999999999	142.13999999999993
380	49	1	3.309999999999999	90.18000000000005
380	50	1	135.4999999999999	105.48999999999997
390	1	1	79.21000000000005	66.19500000000001
390	2	1	148.57499999999993	197.37499999999994
390	3	1	180.64179104477617	185.73134328358205
390	4	1	144.9447236180905	94.55778894472361
390	5	1	125.63499999999998	70.16000000000005
390	6	1	85.52500000000005	75.05000000000004
390	7	1	124.03999999999999	105.51499999999996
390	8	1	90.62189054726366	180.4825870646766
390	9	1	38.13930348258707	33.19900497512437
390	10	1	63.514999999999986	103.72500000000001
390	11	1	168.4399999999999	162.64000000000004
390	12	1	72.55999999999997	4.125000000000002
390	13	1	88.52999999999997	92.27999999999997
390	14	1	48.92537313432837	54.552238805970156
390	15	1	48.64999999999998	37.289999999999985
390	16	1	15.215000000000002	83.425
390	17	1	60.424999999999976	76.88000000000004
390	18	1	152.98009950248755	178.70149253731338
390	19	1	116.06930693069307	146.72277227722762
390	20	1	133.3699999999999	87.52999999999996
390	21	1	146.90954773869348	79.09547738693466
390	22	1	197.52	63.64000000000002
390	23	1	23.934999999999988	135.39500000000004
390	24	1	34.1144278606965	45.447761194029816
390	25	1	194.03	40.85499999999999
390	26	1	99.08040201005025	118.86934673366837
390	27	1	133.78894472361804	47.42713567839196
390	28	1	131.45499999999987	61.140000000000015
390	29	1	13.57500000000001	176.07999999999996
390	30	1	71.06000000000002	78.35499999999998
390	31	1	165.8241206030151	181.65326633165827
390	32	1	123.42999999999999	151.99999999999994
390	33	1	21.35678391959799	38.44723618090452
390	34	1	197.64	75.83000000000004
390	35	1	21.899999999999988	89.43500000000002
390	36	1	143.039800995025	187.44278606965162
390	37	1	70.59500000000007	180.75000000000003
390	38	1	126.74499999999999	135.05499999999995
390	39	1	50.62311557788942	78.20100502512565
390	40	1	183.32499999999996	50.294999999999995
390	41	1	66.29	192.135
390	42	1	108.26865671641788	127.73134328358204
390	43	1	14.755000000000008	70.02000000000002
390	44	1	62.059999999999995	14.384999999999996
390	45	1	10.303482587064671	32.93532338308457
390	46	1	86.185	188.92499999999998
390	47	1	86.73869346733666	199.59798994974875
390	48	1	108.03015075376888	140.93969849246238
390	49	1	3.424999999999999	88.64999999999999
390	50	1	135.19000000000008	104.50499999999997
400	1	1	78.14000000000003	65.90500000000002
400	2	1	148.59499999999994	198.59499999999989
400	3	1	178.93	183.93500000000003
400	4	1	144.89499999999995	94.62499999999997
400	5	1	126.16500000000005	70.46500000000002
400	6	1	85.86934673366835	73.1708542713568
400	7	1	123.23499999999999	106.50999999999998
400	8	1	90.87939698492461	180.28643216080408
400	9	1	39.164179104477604	34.169154228855724
400	10	1	63.46	102.88999999999997
400	11	1	167.68656716417902	164.8407960199004
400	12	1	73.83084577114431	5.208955223880596
400	13	1	87.46039603960388	90.12871287128708
400	14	1	49.26865671641787	55.99004975124379
400	15	1	49.1105527638191	38.045226130653305
400	16	1	15.305	83.10500000000002
400	17	1	60.44499999999999	77.04499999999999
400	18	1	151.4650000000001	179.31500000000014
400	19	1	115.345	147.04000000000002
400	20	1	134.82999999999998	86.46500000000006
400	21	1	148.1791044776119	78.80099502487562
400	22	1	198.265	62.70999999999996
400	23	1	22.855000000000015	136.455
400	24	1	35.14000000000002	46.55000000000001
400	25	1	194.5	40.815
400	26	1	97.91542288557216	118.78606965174136
400	27	1	132.4350000000001	48.54500000000001
400	28	1	132.11	61.585000000000036
400	29	1	12.35	176.06499999999997
400	30	1	71.18905472636818	79.63681592039796
400	31	1	164.46766169154225	180.6716417910448
400	32	1	122.935	152.0250000000001
400	33	1	22.394999999999996	37.99500000000001
400	34	1	196.44776119402985	75.34328358208953
400	35	1	21.755000000000006	89.59500000000003
400	36	1	142.28140703517593	188.0502512562813
400	37	1	70.59500000000006	181.46000000000006
400	38	1	126.02499999999999	135.06000000000003
400	39	1	51.409999999999975	79.38000000000004
400	40	1	183.705	50.31000000000002
400	41	1	66.49499999999998	193.00000000000006
400	42	1	107.12060301507539	127.08542713567837
400	43	1	13.674999999999997	70.445
400	44	1	63.29000000000001	14.465000000000005
400	45	1	11.005	32.370000000000026
400	46	1	86.14499999999995	188.50000000000006
400	47	1	87.69500000000001	198.54500000000004
400	48	1	108.11500000000002	139.39499999999998
400	49	1	3.2749999999999986	87.575
400	50	1	134.535	103.37500000000003
410	1	1	77.09950248756213	65.54228855721395
410	2	1	148.71500000000012	199.41
410	3	1	178.02499999999992	183.2750000000001
410	4	1	144.6850000000001	94.32499999999996
410	5	1	126.79	70.63000000000004
410	6	1	86.25870646766167	72.18905472636814
410	7	1	122.12060301507535	108.09045226130651
410	8	1	91.28000000000003	180.48999999999998
410	9	1	39.90999999999999	35.024999999999984
410	10	1	64.12999999999998	102.61999999999999
410	11	1	166.96499999999997	166.50999999999996
410	12	1	75.34328358208957	6.164179104477614
410	13	1	86.45000000000005	88.09500000000007
410	14	1	49.64676616915422	57.33830845771143
410	15	1	49.57	39.459999999999994
410	16	1	14.84	83.11500000000004
410	17	1	60.62189054726366	77.17910447761192
410	18	1	150.2349999999999	180.0049999999998
410	19	1	114.89999999999995	146.73500000000016
410	20	1	135.51999999999998	86.04500000000003
410	21	1	148.73134328358208	79.0398009950249
410	22	1	198.93	61.934999999999974
410	23	1	21.615000000000006	136.92999999999995
410	24	1	36.18000000000001	47.44499999999997
410	25	1	194.77	40.97499999999999
410	26	1	97.03500000000005	117.87999999999998
410	27	1	131.5	49.53000000000002
410	28	1	133.96517412935313	61.63184079601987
410	29	1	10.98507462686567	176.32835820895514
410	30	1	71.53233830845774	79.910447761194
410	31	1	163.29499999999996	179.72000000000008
410	32	1	122.44499999999996	152.215
410	33	1	23.175	37.63499999999999
410	34	1	195.425	74.64999999999998
410	35	1	21.57788944723618	89.72864321608043
410	36	1	141.77000000000004	188.73499999999999
410	37	1	70.592039800995	182.57213930348254
410	38	1	125.63499999999999	135.31500000000003
410	39	1	51.92500000000002	80.75500000000002
410	40	1	184.0301507537689	50.26130653266333
410	41	1	66.69346733668344	195.01005025125627
410	42	1	105.91500000000002	125.945
410	43	1	12.985000000000003	70.57000000000001
410	44	1	64.435	14.450000000000001
410	45	1	11.796019900497509	31.69154228855721
410	46	1	86.40201005025126	188.3316582914573
410	47	1	88.15075376884421	197.9145728643215
410	48	1	108.22388059701488	137.78109452736328
410	49	1	2.6449999999999996	86.48000000000002
410	50	1	133.8407960199005	102.90547263681589
420	1	1	75.625	65.30499999999996
420	2	1	149.24499999999986	0.6450000000000102
420	3	1	177.22499999999994	182.215
420	4	1	144.63500000000005	94.025
420	5	1	126.93499999999995	70.53999999999999
420	6	1	86.3366336633663	71.2425742574257
420	7	1	121.74129353233829	109.42786069651744
420	8	1	91.54499999999999	180.70000000000002
420	9	1	40.62311557788944	35.452261306532655
420	10	1	65.06500000000003	102.43000000000002
420	11	1	166.60000000000005	167.77500000000006
420	12	1	76.46500000000002	6.959999999999996
420	13	1	86.08457711442787	86.24378109452732
420	14	1	50.029999999999994	58.29500000000001
420	15	1	49.95999999999997	41.38500000000001
420	16	1	14.664999999999996	82.94500000000004
420	17	1	60.62686567164181	77.31343283582093
420	18	1	149.6499999999999	180.57
420	19	1	113.94000000000005	146.52499999999986
420	20	1	136.1699999999999	85.54999999999994
420	21	1	149.06532663316588	79.00000000000003
420	22	1	198.885	60.87
420	23	1	20.248756218905477	137.74129353233826
420	24	1	36.40000000000002	48.180000000000014
420	25	1	195.18	41.36
420	26	1	96.30000000000001	117.45499999999993
420	27	1	130.25	51.16500000000001
420	28	1	135.52999999999997	61.61999999999998
420	29	1	9.955223880597016	177.42786069651737
420	30	1	71.73500000000004	80.035
420	31	1	162.26499999999996	178.80000000000004
420	32	1	121.64500000000004	152.19
420	33	1	24.233830845771145	37.43781094527361
420	34	1	194.76	73.98499999999994
420	35	1	21.738693467336685	89.89949748743717
420	36	1	141.23999999999987	189.69499999999994
420	37	1	69.94000000000004	183.47500000000002
420	38	1	125.68000000000002	136.11499999999998
420	39	1	52.53	82.09
420	40	1	184.3517587939698	50.02010050251256
420	41	1	67.04522613065328	196.76884422110558
420	42	1	105.34673366834171	125.50251256281403
420	43	1	11.909999999999998	70.54500000000002
420	44	1	65.44000000000001	14.520000000000001
420	45	1	12.517412935323385	31.67661691542289
420	46	1	85.74000000000004	188.19499999999985
420	47	1	88.1492537313433	197.5024875621891
420	48	1	108.10945273631842	136.07960199004972
420	49	1	2.0796019900497513	85.5970149253731
420	50	1	132.88944723618084	102.32160804020104
430	1	1	73.61499999999994	65.56000000000002
430	2	1	150.08955223880585	1.920398009950162
430	3	1	176.30499999999998	181.52999999999997
430	4	1	143.90499999999992	94.35499999999999
430	5	1	126.88000000000001	70.36500000000002
430	6	1	86.49748743718592	70.251256281407
430	7	1	121.375	110.455
430	8	1	92.20603015075379	180.9597989949749
430	9	1	41.417085427135675	35.60804020100502
430	10	1	66.5399999999999	102.19
430	11	1	165.77999999999997	168.21000000000015
430	12	1	77.82999999999997	7.925000000000004
430	13	1	85.59203980099504	85.19900497512437
430	14	1	50.065000000000005	59.28500000000002
430	15	1	50.35500000000001	42.98499999999999
430	16	1	14.430000000000009	82.50999999999999
430	17	1	60.57999999999999	77.39000000000004
430	18	1	148.95500000000004	181.71500000000012
430	19	1	113.07462686567168	146.35323383084582
430	20	1	137.37000000000003	84.67000000000002
430	21	1	149.43500000000006	79.29000000000005
430	22	1	199.215	60.169999999999995
430	23	1	18.452736318407954	137.61691542288554
430	24	1	37.04020100502511	49.02010050251255
430	25	1	196.13	41.885
430	26	1	95.205	116.75499999999995
430	27	1	129.0399999999999	53.165000000000006
430	28	1	137.13000000000008	61.745
430	29	1	8.44	178.08999999999997
430	30	1	72.20499999999997	80.73499999999994
430	31	1	161.26499999999996	178.505
430	32	1	120.83999999999996	152.19999999999996
430	33	1	25.07960199004975	37.422885572139265
430	34	1	193.99502487562188	73.3383084577114
430	35	1	21.41206030150753	90.07035175879396
430	36	1	140.59500000000008	190.79000000000002
430	37	1	69.19597989949747	184.60301507537693
430	38	1	125.71999999999998	136.83999999999997
430	39	1	52.925000000000026	82.84000000000005
430	40	1	184.29000000000008	49.620000000000005
430	41	1	67.53731343283582	198.76119402985074
430	42	1	104.99502487562187	125.19900497512431
430	43	1	11.409999999999997	70.55999999999997
430	44	1	66.655	16.125
430	45	1	12.95	31.89500000000001
430	46	1	85.09000000000003	188.10000000000005
430	47	1	87.89500000000001	197.29
430	48	1	107.855	135.34500000000006
430	49	1	1.9899999999999989	85.25500000000004
430	50	1	131.87562189054728	101.66666666666663
440	1	1	72.15075376884423	65.95477386934674
440	2	1	150.41500000000002	3.205
440	3	1	175.78109452736325	181.12437810945266
440	4	1	142.9402985074626	94.14925373134324
440	5	1	127.50500000000004	69.93000000000002
440	6	1	85.98	69.19500000000004
440	7	1	121.24120603015074	111.02512562814067
440	8	1	92.18500000000004	180.915
440	9	1	41.945000000000014	36.04500000000002
440	10	1	68.44500000000005	101.93500000000004
440	11	1	165.48241206030156	168.6783919597991
440	12	1	79.68811881188117	8.975247524752481
440	13	1	85.39000000000001	83.32000000000002
440	14	1	50.615000000000016	60.93999999999998
440	15	1	50.42211055276383	44.50753768844223
440	16	1	14.050251256281406	82.04522613065329
440	17	1	60.294999999999995	77.17499999999998
440	18	1	148.16582914572865	182.7487437185929
440	19	1	112.4673366834171	145.61809045226119
440	20	1	138.10945273631833	83.57711442786072
440	21	1	150.19999999999993	80.09
440	22	1	199.44723618090453	59.63819095477387
440	23	1	17.04477611940298	136.1641791044776
440	24	1	37.300000000000004	49.650000000000006
440	25	1	196.735	42.74500000000002
440	26	1	93.30348258706474	115.44278606965177
440	27	1	128.755	54.99500000000002
440	28	1	138.9399999999999	61.865
440	29	1	6.334999999999998	178.57500000000007
440	30	1	72.18	81.98500000000001
440	31	1	160.5577889447235	178.1658291457287
440	32	1	120.11940298507463	151.9353233830845
440	33	1	26.050000000000022	37.254999999999995
440	34	1	193.73	72.55499999999996
440	35	1	21.054999999999996	90.28499999999997
440	36	1	140.10447761194015	192.08457711442787
440	37	1	68.78391959798992	185.94974874371857
440	38	1	126.15499999999993	137.41499999999996
440	39	1	53.42499999999998	84.13999999999993
440	40	1	184.1	48.83499999999999
440	41	1	68.13499999999999	0.534999999999999
440	42	1	103.65829145728637	124.72361809045228
440	43	1	11.170000000000003	70.56499999999993
440	44	1	67.6069651741294	16.497512437810936
440	45	1	13.59203980099502	32.45771144278605
440	46	1	84.53266331658295	187.87939698492468
440	47	1	87.83500000000002	197.14000000000001
440	48	1	107.97487437185936	134.3065326633166
440	49	1	2.1100000000000003	85.23500000000003
440	50	1	130.8407960199005	101.4328358208955
450	1	1	71.115	66.32500000000002
450	2	1	150.92537313432828	4.696517412935321
450	3	1	175.2249999999999	180.18999999999994
450	4	1	141.76000000000002	94.40000000000003
450	5	1	128.46	69.51500000000004
450	6	1	84.78499999999997	68.66000000000008
450	7	1	121.53999999999999	111.96000000000002
450	8	1	92.33999999999995	181.22500000000008
450	9	1	43.03500000000001	36.63999999999996
450	10	1	70.40499999999996	102.13000000000002
450	11	1	164.41000000000008	168.40000000000003
450	12	1	80.52999999999996	9.794999999999996
450	13	1	85.09999999999998	82.26499999999999
450	14	1	50.99000000000001	62.575
450	15	1	50.77499999999999	46.80000000000002
450	16	1	13.344999999999999	81.5
450	17	1	60.144278606965194	77.24378109452736
450	18	1	147.4	183.75500000000005
450	19	1	111.76500000000003	144.96499999999997
450	20	1	138.8805970149254	82.36815920398008
450	21	1	150.7250000000002	81.00499999999998
450	22	1	199.38805970149255	59
450	23	1	16.089999999999996	135.0700000000001
450	24	1	37.72361809045228	50.79396984924623
450	25	1	197.765	43.58499999999998
450	26	1	91.97499999999998	114.50500000000004
450	27	1	128.6218905472637	56.19900497512436
450	28	1	140.64179104477617	62.45771144278606
450	29	1	4.0201005025125625	178.5728643216081
450	30	1	72.54500000000003	82.81999999999996
450	31	1	159.27499999999998	177.65499999999994
450	32	1	118.65000000000002	151.99499999999992
450	33	1	27.658291457286445	37.43718592964824
450	34	1	193.69	71.14999999999992
450	35	1	20.76	90.29499999999994
450	36	1	140.17910447761196	193.497512437811
450	37	1	67.83919597989949	187.15075376884414
450	38	1	126.375	138.29000000000008
450	39	1	54.025	85.18999999999997
450	40	1	184.18407960199008	47.86567164179102
450	41	1	68.58706467661695	1.8009950248756221
450	42	1	102.35500000000003	124.28
450	43	1	10.93	70.38500000000003
450	44	1	67.84079601990051	17.009950248756216
450	45	1	14.464999999999998	32.91500000000001
450	46	1	83.15577889447242	187.68341708542704
450	47	1	87.50500000000001	196.94500000000005
450	48	1	109.205	133.22999999999996
450	49	1	1.7499999999999998	84.99999999999999
450	50	1	129.74129353233835	101.01492537313437
460	1	1	70.63	66.755
460	2	1	151.79601990049753	6.149253731343285
460	3	1	174.635	179.26500000000007
460	4	1	140.76999999999987	94.63999999999999
460	5	1	129.40000000000003	69.31499999999996
460	6	1	83.35323383084577	68.09452736318401
460	7	1	122.44999999999999	112.68499999999999
460	8	1	91.90499999999999	181.28
460	9	1	44.35820895522384	37.16915422885574
460	10	1	72.73999999999997	102.16500000000005
460	11	1	163.76119402985088	168.31840796019895
460	12	1	81.43500000000004	10.449999999999998
460	13	1	84.93999999999996	81.48499999999996
460	14	1	50.94000000000002	65.04
460	15	1	51.41293532338311	49.18905472636816
460	16	1	12.905000000000003	80.69000000000001
460	17	1	60.235000000000035	77.58999999999999
460	18	1	146.32000000000002	184.73999999999998
460	19	1	111.22388059701493	144.21393034825877
460	20	1	139.64499999999998	82.03999999999995
460	21	1	151.53731343283576	82.22885572139312
460	22	1	198.87437185929647	58.43718592964826
460	23	1	15.059701492537311	134.4278606965174
460	24	1	38.69651741293533	51.48258706467662
460	25	1	198.555	44.765000000000015
460	26	1	90.87000000000005	113.74500000000005
460	27	1	128.9054726368159	57.24378109452736
460	28	1	142.45000000000005	63.02999999999999
460	29	1	1.8900000000000008	178.81499999999994
460	30	1	72.75500000000001	83.565
460	31	1	158.36999999999992	177.36499999999984
460	32	1	117.4	152.05999999999997
460	33	1	28.805000000000003	37.675000000000004
460	34	1	193.51	69.855
460	35	1	19.85	90.92500000000001
460	36	1	140.97487437185939	195.50753768844223
460	37	1	67.58999999999999	188.06999999999996
460	38	1	126.18999999999998	138.96500000000006
460	39	1	54.555	85.97999999999999
460	40	1	184.4549999999999	46.095
460	41	1	69.02000000000001	2.4949999999999983
460	42	1	101.06	123.72000000000001
460	43	1	10.699999999999998	70.01999999999998
460	44	1	68.145	16.834999999999994
460	45	1	15.135	33.82500000000002
460	46	1	82.19	187.33499999999998
460	47	1	87.49	196.83500000000015
460	48	1	109.93467336683418	132.44723618090444
460	49	1	1.0402010050251247	84.47738693467335
460	50	1	128.9601990049752	100.40796019900498
470	1	1	70.06500000000003	67.53500000000003
470	2	1	152.42500000000004	7.479999999999997
470	3	1	173.7350000000001	179.31499999999994
470	4	1	139.8499999999999	95.22000000000003
470	5	1	130.765	68.52000000000004
470	6	1	82.0049751243781	67.50248756218913
470	7	1	123.96517412935324	113.20398009950247
470	8	1	91.31500000000007	181.02499999999998
470	9	1	45.814070351758794	37.58291457286431
470	10	1	74.25373134328353	101.7213930348259
470	11	1	162.6750000000001	168.80999999999997
470	12	1	82.61306532663312	10.673366834170853
470	13	1	84.85427135678391	80.1256281407035
470	14	1	51.48241206030152	66.48241206030151
470	15	1	51.81499999999999	51.15499999999998
470	16	1	12.686567164179115	79.84577114427859
470	17	1	60.215	77.22999999999999
470	18	1	145.2349999999999	185.71499999999986
470	19	1	110.11557788944725	143.24120603015078
470	20	1	139.78000000000003	81.83500000000005
470	21	1	151.26999999999987	82.73499999999999
470	22	1	198.1592039800995	57.77611940298508
470	23	1	13.435000000000002	132.93000000000006
470	24	1	39.51256281407038	52.261306532663305
470	25	1	199.8	46.04500000000001
470	26	1	89.48000000000006	113.22000000000008
470	27	1	129.61809045226136	57.703517587939686
470	28	1	144.53233830845775	62.9502487562189
470	29	1	0.6500000000000007	178.5700000000001
470	30	1	72.59701492537314	84.71641791044775
470	31	1	157.55499999999986	178.1
470	32	1	116.28855721393035	151.78606965174126
470	33	1	30.945000000000007	37.860000000000014
470	34	1	193.48	68.83999999999999
470	35	1	17.634999999999994	90.88499999999995
470	36	1	142.02985074626872	197.05970149253727
470	37	1	67.36999999999996	189.43999999999994
470	38	1	125.97512437810947	139.72636815920393
470	39	1	54.86500000000001	86.57000000000002
470	40	1	184.83417085427135	44.175879396984925
470	41	1	69.76119402985078	3.4427860696517425
470	42	1	100.52238805970148	122.76119402985073
470	43	1	10.409999999999998	69.38499999999998
470	44	1	68.75999999999996	16.730000000000004
470	45	1	16.42000000000001	34.23999999999997
470	46	1	81.49000000000004	187.14999999999986
470	47	1	87.46000000000001	196.53000000000011
470	48	1	110.52736318407959	131.57711442786064
470	49	1	199.81	83.77999999999997
470	50	1	128.375	100.01000000000005
480	1	1	69.87939698492461	67.82412060301509
480	2	1	153.5577889447236	8.678391959798997
480	3	1	172.43000000000004	179.92500000000004
480	4	1	139.38500000000008	95.21
480	5	1	132.3700000000001	67.89499999999997
480	6	1	81.20100502512562	67.0804020100503
480	7	1	125.72139303482585	113.86069651741293
480	8	1	90.97512437810948	180.71641791044763
480	9	1	47.23880597014924	38.437810945273654
480	10	1	76.43499999999996	101.73500000000003
480	11	1	161.33668341708545	169.3065326633166
480	12	1	83.87	10.890000000000004
480	13	1	85.01499999999993	79.48999999999998
480	14	1	51.69651741293535	67.80099502487565
480	15	1	52.154228855721364	52.90547263681592
480	16	1	12.233830845771145	79.15422885572139
480	17	1	60.529999999999994	76.94499999999996
480	18	1	143.4999999999998	186.40500000000003
480	19	1	109.25500000000005	142.45500000000004
480	20	1	140.1249999999999	81.63000000000002
480	21	1	151.39303482587056	83.73631840796023
480	22	1	197.395	56.91499999999998
480	23	1	12.124999999999996	131.96499999999997
480	24	1	40.18407960199007	53.736318407960205
480	25	1	1.089552238805969	47.10447761194026
480	26	1	88.55223880597016	112.90547263681594
480	27	1	130.31	57.78999999999999
480	28	1	146.01499999999993	63.13499999999998
480	29	1	199.995	178.93499999999997
480	30	1	72.76000000000002	85.18499999999996
480	31	1	156.55223880597023	178.59203980099502
480	32	1	115.03015075376894	151.68341708542715
480	33	1	32.434999999999995	38.78
480	34	1	192.85	67.76999999999997
480	35	1	16.035	90.47499999999998
480	36	1	143.22	198.86500000000015
480	37	1	67.21608040201006	190.96984924623132
480	38	1	125.76500000000001	140.92500000000004
480	39	1	55.09500000000001	86.93
480	40	1	185.47	42.265
480	41	1	70.31000000000003	4.370000000000002
480	42	1	99.75124378109453	122.33830845771139
480	43	1	10.075	68.80500000000006
480	44	1	69.405	16.330000000000005
480	45	1	18.035000000000007	34.620000000000005
480	46	1	81.0050000000001	187.08999999999995
480	47	1	86.98492462311553	196.47738693467338
480	48	1	111.735	130.94999999999993
480	49	1	199.0547263681592	82.89054726368158
480	50	1	128.04000000000005	99.89999999999998
490	1	1	69.71499999999997	68.29999999999998
490	2	1	154.6	9.29
490	3	1	171.67000000000004	179.92
490	4	1	139.15499999999992	95.52499999999993
490	5	1	134.06499999999997	67.34999999999997
490	6	1	80.48000000000005	66.5
490	7	1	127.11442786069657	114.13432835820899
490	8	1	90.30499999999999	179.93999999999986
490	9	1	48.79	39.18999999999997
490	10	1	78.62500000000006	101.58499999999998
490	11	1	160.3134328358209	169.65671641791045
490	12	1	85.61999999999998	10.870000000000003
490	13	1	85.04522613065328	78.25125628140702
490	14	1	51.819999999999986	68.49000000000001
490	15	1	52.179104477611936	53.86069651741293
490	16	1	11.840000000000003	78.67499999999998
490	17	1	60.705	76.72000000000006
490	18	1	141.94029850746261	187.12935323383078
490	19	1	108.06000000000002	140.9700000000001
490	20	1	139.9701492537314	81.73134328358212
490	21	1	151.23999999999995	84.18
490	22	1	196.89949748743717	55.994974874371835
490	23	1	11.410000000000007	131.19
490	24	1	40.482412060301506	54.74874371859295
490	25	1	2.3800000000000003	47.85499999999999
490	26	1	87.75124378109456	112.71144278606967
490	27	1	130.49253731343285	57.96517412935323
490	28	1	147.25500000000002	63.38500000000002
490	29	1	199.18407960199005	178.89054726368158
490	30	1	73.185	86.04499999999997
490	31	1	155.395	179.53000000000003
490	32	1	113.40500000000002	151.08999999999997
490	33	1	34.050000000000004	39.61000000000002
490	34	1	192.47500000000002	66.8
490	35	1	14.375000000000005	89.84999999999992
490	36	1	144.27860696517408	0.20895522388065046
490	37	1	67.31658291457288	192.3065326633167
490	38	1	125.06000000000003	142.57500000000005
490	39	1	55.37313432835819	87.11442786069654
490	40	1	186.33333333333331	41.084577114427866
490	41	1	70.145	5.319999999999996
490	42	1	99.02	121.71500000000005
490	43	1	9.76	67.95
490	44	1	71.00500000000002	15.839999999999998
490	45	1	20.04477611940298	34.9054726368159
490	46	1	80.19597989949753	187.03015075376882
490	47	1	86.68159203980102	196.5920398009951
490	48	1	112.59296482412061	130.13567839195974
490	49	1	198.10552763819095	81.69346733668343
490	50	1	127.51	100.50000000000001
500	1	1	69.73499999999999	68.855
500	2	1	155.19	10.080000000000004
500	3	1	170.76000000000005	180.58499999999998
500	4	1	138.82999999999998	95.60499999999993
500	5	1	135.80597014925354	67.36815920398011
500	6	1	80.11500000000008	66.17500000000003
500	7	1	128.46231155778895	114.17085427135677
500	8	1	89.89000000000003	179.18000000000006
500	9	1	50.854271356783926	39.94472361809047
500	10	1	80.12562814070351	101.34170854271363
500	11	1	159.935	170.36
500	12	1	86.60000000000004	11.054999999999996
500	13	1	85.13567839195983	77.89447236180905
500	14	1	51.75376884422111	69.32663316582911
500	15	1	52.39000000000001	54.93499999999996
500	16	1	11.53233830845771	78.23383084577111
500	17	1	61.020100502512584	76.46733668341709
500	18	1	140.19	187.8850000000001
500	19	1	107.09	139.83
500	20	1	139.92	81.49500000000002
500	21	1	151.41999999999987	84.59000000000006
500	22	1	195.56218905472636	54.9502487562189
500	23	1	9.994999999999994	130.06500000000003
500	24	1	40.83000000000003	56.02000000000002
500	25	1	3.4824120603015087	48.944723618090464
500	26	1	87.37810945273634	112.23880597014923
500	27	1	130.90594059405947	57.96039603960395
500	28	1	148.23	63.444999999999986
500	29	1	198.505	178.90999999999994
500	30	1	73.555	86.67999999999999
500	31	1	153.8855721393034	180.32338308457707
500	32	1	112.14499999999998	150.0199999999999
500	33	1	36.09900990099011	40.09405940594059
500	34	1	191.81094527363183	65.89054726368155
500	35	1	12.039800995024882	89.6666666666667
500	36	1	145.44499999999996	0.6099999999999568
500	37	1	67.66999999999997	193.91000000000005
500	38	1	124.37	144.3949999999999
500	39	1	55.415	87.24500000000003
500	40	1	187.1542288557213	40.2636815920398
500	41	1	70.53	6.38
500	42	1	98.36318407960196	120.90049751243784
500	43	1	9.645000000000003	67.16000000000001
500	44	1	72.03000000000004	15.69999999999999
500	45	1	22.139303482587056	35.80099502487558
500	46	1	80.05499999999995	186.88499999999996
500	47	1	86.27500000000002	196.63500000000016
500	48	1	113.33333333333336	129.44278606965173
500	49	1	197.055	80.13000000000002
500	50	1	126.59203980099502	101.29850746268657
510	1	1	69.79500000000003	69.55999999999997
510	2	1	155.94999999999996	10.770000000000001
510	3	1	170.2350000000001	180.82000000000005
510	4	1	138.73499999999987	95.48999999999998
510	5	1	136.4577114427861	67.407960199005
510	6	1	79.83417085427132	65.21105527638188
510	7	1	129.85500000000002	113.67499999999994
510	8	1	89.45000000000002	179.12999999999994
510	9	1	52.16915422885573	40.3084577114428
510	10	1	81.53000000000003	101.26999999999992
510	11	1	158.86999999999998	171.25000000000014
510	12	1	88.00995024875617	10.776119402985065
510	13	1	84.77499999999996	77.21499999999996
510	14	1	51.698492462311584	70.1306532663317
510	15	1	52.71144278606963	55.781094527363194
510	16	1	11.07499999999999	77.89500000000002
510	17	1	61.24000000000001	76.14000000000003
510	18	1	139.2587064676616	188.92039800995036
510	19	1	106.39108910891095	138.98019801980206
510	20	1	139.31343283582095	80.82587064676615
510	21	1	151.3819095477387	85.40201005025122
510	22	1	194.38308457711443	53.82587064676615
510	23	1	8.339999999999998	129.74500000000006
510	24	1	41.18999999999998	57.53000000000001
510	25	1	4.999999999999997	50.014999999999986
510	26	1	87.63500000000003	111.605
510	27	1	131.76000000000005	58.11499999999999
510	28	1	149.06532663316582	64.57286432160804
510	29	1	197.955	179.11999999999995
510	30	1	74.02010050251259	87.62814070351759
510	31	1	152.93500000000003	181.57499999999993
510	32	1	111.39303482587069	149.19900497512438
510	33	1	38.316831683168296	40.331683168316815
510	34	1	190.855	65.02999999999997
510	35	1	9.87064676616915	89.33830845771143
510	36	1	146.36318407960195	1.3482587064675613
510	37	1	67.46000000000001	195.09000000000006
510	38	1	123.72500000000001	144.79000000000002
510	39	1	55.72499999999999	87.38
510	40	1	188.7437185929649	39.78894472361813
510	41	1	70.29500000000002	7.024999999999998
510	42	1	98.09547738693473	120.85427135678388
510	43	1	9.025125628140701	66.05025125628141
510	44	1	73.71499999999997	15.50999999999999
510	45	1	23.611940298507463	36.1542288557214
510	46	1	78.78109452736312	186.81592039800995
510	47	1	85.595	196.74500000000006
510	48	1	114.26865671641794	128.32338308457724
510	49	1	196.01005025125627	78.47738693467336
510	50	1	126.26999999999998	101.02
520	1	1	70.33000000000006	69.87999999999998
520	2	1	156.185	11.275000000000004
520	3	1	169.65000000000003	180.66500000000013
520	4	1	138.74499999999998	95.14000000000001
520	5	1	137.61999999999992	67.665
520	6	1	80.02000000000002	64.145
520	7	1	130.53500000000005	113.32500000000005
520	8	1	89.29499999999997	179.2749999999999
520	9	1	53.45499999999999	41.194999999999986
520	10	1	82.50499999999997	100.88500000000003
520	11	1	158.31840796019893	172.12935323383073
520	12	1	89.00502512562811	10.55276381909548
520	13	1	84.37500000000001	77.01499999999999
520	14	1	52.02500000000002	70.91499999999999
520	15	1	52.79	56.69499999999999
520	16	1	10.708542713567839	77.65326633165829
520	17	1	61.65174129353233	76.07960199004974
520	18	1	138.41	189.955
520	19	1	105.93999999999996	137.96500000000012
520	20	1	138.8358208955223	80.29850746268662
520	21	1	151.31155778894475	86.0050251256282
520	22	1	193.33830845771143	52.75124378109453
520	23	1	6.945273631840798	129.79104477611935
520	24	1	41.480000000000025	58.52999999999998
520	25	1	5.535	50.12
520	26	1	87.55000000000001	111.31000000000004
520	27	1	132.35820895522383	58.398009950248756
520	28	1	150.00000000000003	65.42288557213932
520	29	1	196.7828282828283	178.76262626262636
520	30	1	74.22500000000004	88.97499999999997
520	31	1	151.43216080402004	182.95979899497485
520	32	1	110.75124378109456	148.0298507462687
520	33	1	39.66000000000002	40.90999999999998
520	34	1	189.985	64.26000000000002
520	35	1	8.295000000000002	88.58
520	36	1	147.30845771144283	2.01492537313419
520	37	1	67.19402985074628	196.65174129353238
520	38	1	122.78606965174129	145.92039800995028
520	39	1	56.315000000000005	87.66
520	40	1	190.8855721393035	39.05970149253732
520	41	1	70.44000000000004	7.464999999999998
520	42	1	97.68341708542715	121.27135678391959
520	43	1	8.66	64.96000000000005
520	44	1	74.64499999999997	15.769999999999994
520	45	1	24.855	36.345000000000006
520	46	1	77.5174129353234	187.16915422885572
520	47	1	85.49751243781101	197.11442786069657
520	48	1	114.59405940594056	127.06435643564353
520	49	1	195.28358208955223	76.58706467661695
520	50	1	125.71499999999995	101.37000000000003
530	1	1	70.93969849246228	70.94974874371859
530	2	1	156.25000000000014	12.520000000000003
530	3	1	169.02010050251258	180.86432160804026
530	4	1	138.98999999999995	94.235
530	5	1	138.60199004975118	67.69651741293536
530	6	1	79.65174129353237	62.781094527363194
530	7	1	131.40499999999997	112.16
530	8	1	89.465	180.81500000000003
530	9	1	54.50000000000001	41.395000000000024
530	10	1	83.1	99.84999999999997
530	11	1	157.0149253731342	173.4825870646767
530	12	1	90.14925373134331	9.661691542288557
530	13	1	83.96019900497512	76.64676616915422
530	14	1	51.964999999999975	72.125
530	15	1	53.44776119402986	57.64676616915422
530	16	1	10.674999999999999	77.34
530	17	1	62.16999999999997	75.81500000000001
530	18	1	138.535	192.43999999999994
530	19	1	106.07462686567166	136.85074626865656
530	20	1	138.54000000000002	79.55499999999998
530	21	1	151.52000000000007	86.90500000000002
530	22	1	192.61194029850748	51.36318407960197
530	23	1	5.965	129.70999999999995
530	24	1	41.955	59.874999999999986
530	25	1	6.835820895522383	50.044776119403
530	26	1	87.18500000000003	111.27000000000001
530	27	1	131.88000000000008	58.765000000000015
530	28	1	150.4170854271356	66.20100502512565
530	29	1	195.22885572139305	178.26865671641795
530	30	1	74.49499999999998	90.24500000000002
530	31	1	149.88442211055278	184.19095477386946
530	32	1	109.93500000000003	146.805
530	33	1	41.5323383084577	41.57711442786069
530	34	1	188.67164179104478	63.791044776119435
530	35	1	6.215000000000002	87.88000000000004
530	36	1	148.40703517587943	3.07537688442211
530	37	1	67.22000000000003	197.70500000000004
530	38	1	121.86	146.53999999999994
530	39	1	56.33	87.74
530	40	1	192.55778894472363	38.44723618090453
530	41	1	70.21	8.105000000000006
530	42	1	97.40999999999997	121.12999999999998
530	43	1	7.560000000000002	64.09000000000002
530	44	1	76.0646766169154	16.25373134328359
530	45	1	26.8	36.889999999999986
530	46	1	76.14000000000004	187.45999999999998
530	47	1	84.94000000000001	197.51499999999993
530	48	1	114.77000000000004	125.51999999999997
530	49	1	195.16	74.95500000000006
530	50	1	125.61	101.37999999999998
540	1	1	71.54500000000003	72.34500000000003
540	2	1	156.125	14.23
540	3	1	168.3980099502488	180.29850746268647
540	4	1	138.9095477386934	93.46231155778898
540	5	1	139.6884422110553	67.74371859296478
540	6	1	78.97014925373132	61.606965174129364
540	7	1	131.735	111.69499999999996
540	8	1	89.54500000000002	181.81499999999994
540	9	1	54.92537313432835	42.33830845771145
540	10	1	83.58291457286437	99.11557788944725
540	11	1	155.20000000000002	174.65499999999997
540	12	1	91.38999999999999	8.884999999999991
540	13	1	83.46499999999999	76.36500000000005
540	14	1	51.824120603015075	72.86432160804019
540	15	1	53.66834170854272	58.46231155778894
540	16	1	10.72636815920399	76.67661691542291
540	17	1	62.285	75.4
540	18	1	138.97512437810948	194.48258706467652
540	19	1	106.23499999999996	136.07499999999996
540	20	1	138.23500000000004	79.21000000000001
540	21	1	151.61500000000004	87.34500000000006
540	22	1	191.32663316582915	49.74371859296483
540	23	1	4.8500000000000005	129.93499999999995
540	24	1	42.210000000000015	61.010000000000005
540	25	1	7.884999999999997	50.03000000000002
540	26	1	86.79	111.09999999999995
540	27	1	131.49999999999997	59.59000000000003
540	28	1	150.8899999999999	66.88999999999999
540	29	1	193.22	177.51500000000007
540	30	1	74.72000000000003	91.54499999999996
540	31	1	149.06500000000003	185.46999999999986
540	32	1	109.70646766169153	145.85074626865665
540	33	1	43.075	41.91000000000002
540	34	1	187.54500000000007	62.45500000000003
540	35	1	4.5600000000000005	86.81000000000006
540	36	1	149.1791044776118	4.104477611940299
540	37	1	67.25000000000001	198.80499999999984
540	38	1	121.21393034825869	147.5771144278607
540	39	1	56.885000000000005	87.835
540	40	1	194.55276381909547	38.758793969849265
540	41	1	70.50251256281405	8.51256281407035
540	42	1	97.29499999999997	121.28000000000002
540	43	1	6.674999999999997	62.635
540	44	1	77.18407960199004	16.636815920397993
540	45	1	28.43	37.78999999999999
540	46	1	74.88499999999999	187.73000000000005
540	47	1	84.335	197.81000000000003
540	48	1	114.44723618090453	124.23618090452256
540	49	1	195.13432835820896	72.76616915422882
540	50	1	125.49999999999997	101.485
550	1	1	71.96999999999997	73.50500000000001
550	2	1	156.27999999999992	15.550000000000006
550	3	1	168.05499999999992	179.38
550	4	1	138.8149999999999	92.86500000000002
550	5	1	140.595	67.79999999999998
550	6	1	78.4120603015076	61.201005025125625
550	7	1	132.12000000000003	110.82000000000002
550	8	1	89.665	182.75500000000008
550	9	1	55.60199004975124	43.8407960199005
550	10	1	84.70500000000003	97.56000000000003
550	11	1	154.25499999999985	175.68499999999997
550	12	1	92.415	8.119999999999997
550	13	1	83.33999999999996	75.86000000000004
550	14	1	52.13500000000002	73.58500000000002
550	15	1	54.39195979899497	59.26130653266333
550	16	1	10.850000000000001	76.69500000000001
550	17	1	62.52999999999999	75.05499999999999
550	18	1	139.20895522388062	196.28855721393035
550	19	1	106.22000000000001	135.065
550	20	1	138.0399999999999	78.79500000000003
550	21	1	151.31500000000003	88.14500000000008
550	22	1	191	48.82587064676617
550	23	1	3.6849999999999996	130.50499999999997
550	24	1	42.283582089552255	61.965174129353194
550	25	1	8.764999999999997	48.95999999999997
550	26	1	86.77000000000002	110.86000000000003
550	27	1	131.68	60.25999999999999
550	28	1	151.32338308457705	67.4129353233831
550	29	1	191.6318407960199	176.78109452736305
550	30	1	75.03482587064676	92.6567164179104
550	31	1	147.99004975124373	186.61691542288554
550	32	1	108.68159203980103	144.98507462686575
550	33	1	44.07960199004974	42.93532338308456
550	34	1	187.42713567839198	61.50251256281408
550	35	1	2.860696517412932	85.78606965174129
550	36	1	150.1859296482412	5.115577889447233
550	37	1	67.21499999999996	199.615
550	38	1	119.48258706467661	149.19900497512438
550	39	1	57.30653266331662	88.11055276381907
550	40	1	196.28	39.05999999999999
550	41	1	70.75000000000001	8.76
550	42	1	97.16000000000001	121.55999999999999
550	43	1	6.393034825870645	61.373134328358205
550	44	1	78.26000000000006	16.905000000000012
550	45	1	29.845771144278615	39.52238805970151
550	46	1	74.06532663316585	188.09547738693456
550	47	1	84.25999999999999	198.3899999999999
550	48	1	113.9748743718593	122.25125628140702
550	49	1	194.9108910891089	71.58415841584157
550	50	1	125.28140703517585	101.56783919597996
560	1	1	72.63819095477383	75.20603015075376
560	2	1	156.53000000000003	16.710000000000004
560	3	1	167.1799999999999	178.24499999999995
560	4	1	138.70149253731338	91.73631840796014
560	5	1	141.61691542288563	66.98507462686567
560	6	1	77.87000000000005	59.88500000000002
560	7	1	132.625	109.52999999999999
560	8	1	89.96019900497514	184.17412935323375
560	9	1	55.81407035175878	44.87437185929649
560	10	1	86.06	96.265
560	11	1	153.592039800995	176.3681592039801
560	12	1	93.00500000000007	7.915000000000003
560	13	1	83.5	75.52999999999999
560	14	1	52.180904522613055	74.2613065326633
560	15	1	54.695	59.755
560	16	1	10.829999999999991	76.31499999999994
560	17	1	63.28000000000002	74.00000000000001
560	18	1	139.75621890547265	198.1144278606965
560	19	1	107.17000000000006	133.81000000000014
560	20	1	137.88059701492537	78.65671641791042
560	21	1	151.34000000000012	89.27999999999999
560	22	1	190.485	47.63
560	23	1	3.369999999999999	131.105
560	24	1	42.48756218905474	63.05472636815921
560	25	1	9.393034825870645	48.31343283582088
560	26	1	85.67661691542288	110.42288557213932
560	27	1	131.12499999999991	62.15999999999999
560	28	1	151.89999999999995	68.74000000000002
560	29	1	190.0796019900498	176.05472636815927
560	30	1	74.7611940298508	93.34825870646767
560	31	1	146.87562189054728	187.3134328358209
560	32	1	107.96500000000003	144.46500000000003
560	33	1	45.08000000000001	43.585000000000015
560	34	1	187.04975124378106	60.68159203980098
560	35	1	1.7960199004975128	84.63681592039802
560	36	1	151.11499999999998	5.904999999999997
560	37	1	67.09950248756213	0.661691542288558
560	38	1	118.60499999999995	149.82499999999996
560	39	1	57.46000000000002	88.03499999999997
560	40	1	197.23	39.179999999999964
560	41	1	71.56500000000003	9.135
560	42	1	96.92537313432842	121.78606965174131
560	43	1	5.5699999999999985	60.035000000000004
560	44	1	79.34499999999996	17.305000000000007
560	45	1	31.615000000000002	40.12
560	46	1	73.17999999999991	188.35499999999993
560	47	1	84.195	198.41000000000008
560	48	1	113.69651741293528	121.24378109452736
560	49	1	195.225	70.73499999999997
560	50	1	125.06999999999998	101.885
570	1	1	73.05000000000004	76.20499999999997
570	2	1	156.91499999999996	17.604999999999997
570	3	1	165.48500000000004	177.02500000000006
570	4	1	138.1809045226131	90.59296482412067
570	5	1	142.09999999999982	66.175
570	6	1	77.55000000000003	59.115
570	7	1	133.21999999999997	108.405
570	8	1	89.89000000000001	185.59500000000006
570	9	1	56.304999999999986	46.07
570	10	1	87.4577114427861	95.18905472636818
570	11	1	152.2512562814071	177.62814070351766
570	12	1	94.00000000000001	7.825870646766173
570	13	1	83.62999999999994	75.08999999999999
570	14	1	52.15499999999998	75.32999999999996
570	15	1	54.45499999999999	60.289999999999985
570	16	1	10.909999999999995	76.61999999999999
570	17	1	64.04499999999999	73.43000000000006
570	18	1	139.83582089552232	0.3383084577114429
570	19	1	108.10552763819096	132.70351758793976
570	20	1	137.80904522613065	78.40201005025125
570	21	1	150.90500000000003	90.38499999999999
570	22	1	190.23618090452257	46.80402010050251
570	23	1	3.025	131.35499999999993
570	24	1	42.699999999999996	63.98500000000001
570	25	1	9.590000000000002	47.91000000000001
570	26	1	84.88944723618094	109.26130653266324
570	27	1	131.10500000000002	63.42999999999998
570	28	1	152.0845771144278	69.90049751243782
570	29	1	188.24	175.285
570	30	1	74.92499999999998	94.46999999999998
570	31	1	145.79000000000002	189.05000000000004
570	32	1	107.3034825870647	143.9850746268655
570	33	1	45.618811881188144	44.29207920792079
570	34	1	186.705	59.60999999999999
570	35	1	0.17499999999999905	83.08000000000004
570	36	1	151.93999999999997	7.445000000000006
570	37	1	66.22999999999993	1.9399999999999995
570	38	1	117.455	150.32999999999998
570	39	1	58.27	87.86000000000003
570	40	1	197.99	39.31000000000001
570	41	1	72.00497512437812	9.49253731343283
570	42	1	96.80499999999998	122.41500000000006
570	43	1	5.263681592039802	59.32338308457714
570	44	1	80.47761194029853	17.532338308457703
570	45	1	33.09950248756221	40.24875621890546
570	46	1	72.22388059701485	189.03482587064684
570	47	1	84.08955223880594	198.89054726368155
570	48	1	113.20999999999992	120.39000000000003
570	49	1	195.62	69.87000000000003
570	50	1	125.21105527638196	101.88442211055273
580	1	1	73.47000000000006	77.655
580	2	1	156.7014925373135	18.64179104477611
580	3	1	163.78999999999994	175.825
580	4	1	137.07537688442216	88.79396984924617
580	5	1	142.72636815920407	65.1243781094527
580	6	1	77.43781094527357	58.547263681592064
580	7	1	134.22388059701495	107.23880597014926
580	8	1	89.85000000000002	187.16500000000005
580	9	1	57.39800995024877	47.17910447761194
580	10	1	88.30348258706469	94.19402985074622
580	11	1	151.7839195979898	179.00000000000006
580	12	1	95.09500000000003	8.009999999999998
580	13	1	84.00499999999997	74.64500000000004
580	14	1	52.25125628140703	75.748743718593
580	15	1	54.47263681592041	60.791044776119385
580	16	1	10.62499999999999	77.13500000000003
580	17	1	65.08040201005026	73.25125628140702
580	18	1	140.24500000000006	2.42
580	19	1	109.15920398009953	131.16417910447768
580	20	1	137.9452736318408	78.12437810945272
580	21	1	150.42999999999995	91.1
580	22	1	190.235	45.44499999999997
580	23	1	2.5049999999999994	131.67500000000004
580	24	1	43.16499999999999	65.05499999999999
580	25	1	10.209999999999999	47.02500000000003
580	26	1	83.50000000000004	107.89500000000001
580	27	1	131.3631840796021	64.19402985074632
580	28	1	152.43500000000003	71.09000000000003
580	29	1	186.20999999999992	174.45499999999993
580	30	1	75.42786069651739	95.70646766169159
580	31	1	145.08457711442787	190.89054726368153
580	32	1	106.82500000000002	142.74500000000003
580	33	1	46.87562189054726	44.84577114427862
580	34	1	185.77611940298502	58.33830845771139
580	35	1	199.645	81.37500000000001
580	36	1	153.4650000000001	8.074999999999998
580	37	1	65.87	2.875
580	38	1	116.13432835820895	151.24875621890556
580	39	1	58.61500000000003	87.68499999999997
580	40	1	198.845	39.30500000000001
580	41	1	72.95000000000002	9.695
580	42	1	95.97	122.04999999999998
580	43	1	4.615000000000001	58.29
580	44	1	81.80000000000001	17.80500000000001
580	45	1	35.000000000000014	40.58706467661691
580	46	1	71.40999999999998	189.72000000000003
580	47	1	84.14427860696517	199.35323383084574
580	48	1	112.31658291457289	119.48743718592965
580	49	1	195.96	68.34500000000001
580	50	1	125.44000000000001	101.77499999999995
590	1	1	73.58208955223891	78.56218905472637
590	2	1	156.46231155778895	19.402010050251256
590	3	1	161.71	174.54500000000004
590	4	1	136.15499999999986	87.41499999999998
590	5	1	143.40500000000003	63.77
590	6	1	77.51	57.154999999999994
590	7	1	134.6549999999999	106.34500000000004
590	8	1	89.74626865671641	188.80597014925365
590	9	1	57.758793969849215	48.557788944723605
590	10	1	88.985	93.15999999999997
590	11	1	150.71499999999992	180.07000000000005
590	12	1	96.57500000000002	8.18
590	13	1	83.62311557788945	74.42713567839198
590	14	1	51.694999999999986	76.97000000000004
590	15	1	54.935323383084594	61.70149253731345
590	16	1	10.365000000000004	76.66999999999994
590	17	1	65.58999999999999	72.90499999999999
590	18	1	140.38499999999993	3.605
590	19	1	110.03465346534651	129.92079207920796
590	20	1	137.90499999999997	77.71500000000007
590	21	1	149.935	91.285
590	22	1	190.2835820895522	44.49751243781093
590	23	1	1.7099999999999997	131.98000000000002
590	24	1	43.679999999999986	65.73999999999997
590	25	1	10.410000000000002	46.714999999999975
590	26	1	82.86069651741293	107.13432835820896
590	27	1	131.31500000000008	65.08000000000001
590	28	1	152.79500000000002	72.67999999999999
590	29	1	184.80904522613062	173.98994974874373
590	30	1	75.99	96.73999999999997
590	31	1	144.74500000000003	192.675
590	32	1	106.20999999999998	141.89500000000004
590	33	1	47.805970149253746	45.37810945273631
590	34	1	185.04975124378117	57.0497512437811
590	35	1	198.67164179104478	79.54726368159201
590	36	1	154.805	8.339999999999996
590	37	1	65.40703517587941	4.040201005025127
590	38	1	114.3582089552239	151.39303482587064
590	39	1	59.46268656716417	87.97014925373135
590	40	1	199.405	38.99999999999999
590	41	1	73.58499999999998	10.295
590	42	1	95.35500000000003	121.93499999999992
590	43	1	4.094527363184078	57.58706467661692
590	44	1	82.9054726368159	17.8457711442786
590	45	1	36.86069651741294	40.92039800995024
590	46	1	70.66999999999999	190.91500000000005
590	47	1	84.01500000000003	199.56500000000003
590	48	1	111.59701492537307	118.62686567164174
590	49	1	196.15075376884423	67.39195979899499
590	50	1	125.69000000000003	101.72999999999998
600	1	1	73.89949748743719	79.26633165829145
600	2	1	156.40796019900515	20.104477611940307
600	3	1	159.66500000000002	173.35999999999993
600	4	1	135.06532663316577	85.93969849246228
600	5	1	144.57	62.555
600	6	1	77.83500000000001	56.33499999999998
600	7	1	135.15346534653466	105.02475247524758
600	8	1	89.60000000000005	189.98000000000002
600	9	1	58.27999999999997	49.45000000000001
600	10	1	89.17910447761196	92.19402985074629
600	11	1	149.69651741293532	181.68159203980096
600	12	1	98.57286432160808	8.763819095477388
600	13	1	83.39698492462308	74.27135678391959
600	14	1	50.840000000000025	77.675
600	15	1	55.391959798994975	62.83417085427132
600	16	1	9.9497487437186	77.08542713567842
600	17	1	66.32160804020103	72.79899497487439
600	18	1	140.6350000000001	4.475000000000001
600	19	1	110.48500000000001	129.055
600	20	1	138.38000000000005	77.25999999999999
600	21	1	149.41293532338307	92.03482587064674
600	22	1	190.70149253731344	43.8059701492537
600	23	1	0.32999999999999896	131.39000000000004
600	24	1	43.995024875621894	65.78606965174133
600	25	1	10.757575757575752	46.22727272727273
600	26	1	82.79500000000002	106.87
600	27	1	131.66500000000013	66.14500000000001
600	28	1	153.457711442786	75.25373134328356
600	29	1	183.28499999999994	173.39999999999998
600	30	1	76.58793969849246	97.6582914572865
600	31	1	144.6482412060302	194.29145728643212
600	32	1	105.46733668341713	140.64321608040197
600	33	1	48.76	45.74499999999998
600	34	1	184.54999999999984	55.97000000000001
600	35	1	197.82	77.79499999999997
600	36	1	155.39999999999998	9.125
600	37	1	64.84158415841583	4.871287128712874
600	38	1	112.91499999999994	151.02500000000003
600	39	1	60.239999999999995	87.88499999999999
600	40	1	0.27499999999999986	38.775000000000006
600	41	1	73.92537313432841	10.950248756218906
600	42	1	94.90500000000003	121.80500000000004
600	43	1	3.9350000000000014	56.90499999999997
600	44	1	84.34999999999998	17.17
600	45	1	38.009900990098984	42.23267326732674
600	46	1	70.61500000000005	191.9950000000001
600	47	1	84.26000000000002	0.15499999999999953
600	48	1	110.71859296482413	117.98492462311559
600	49	1	196.205	66.23000000000008
600	50	1	126.00500000000001	101.445
610	1	1	73.94000000000005	80.71999999999998
610	2	1	156.21608040201	20.79396984924622
610	3	1	158.62499999999997	173.11499999999992
610	4	1	133.24499999999992	85.06500000000004
610	5	1	145.865	61.60000000000002
610	6	1	77.975	55.540000000000006
610	7	1	135.2450000000001	104.18999999999997
610	8	1	89.56716417910452	191.1791044776118
610	9	1	58.649999999999984	50.76500000000001
610	10	1	88.59	90.66499999999996
610	11	1	148.62189054726358	183.1890547263682
610	12	1	100.13930348258708	8.746268656716415
610	13	1	83.18	73.03999999999998
610	14	1	50.03999999999999	78.52000000000004
610	15	1	55.72999999999999	63.93500000000002
610	16	1	9.587064676616915	77.41293532338307
610	17	1	66.88944723618087	72.91959798994968
610	18	1	141.08999999999992	5.879999999999998
610	19	1	110.67000000000003	128.015
610	20	1	139.06965174129354	76.79104477611943
610	21	1	148.23880597014923	91.76616915422882
610	22	1	191.165	43.01999999999998
610	23	1	198.61691542288557	130.57711442786075
610	24	1	44.457286432160785	66.2010050251256
610	25	1	10.519999999999996	45.87500000000002
610	26	1	82.65	106.93499999999997
610	27	1	132.23383084577114	66.33830845771145
610	28	1	153.8899999999999	76.53000000000006
610	29	1	182.30845771144277	173.64179104477608
610	30	1	77.05499999999998	98.21999999999998
610	31	1	143.64999999999998	195.9849999999999
610	32	1	104.915	139.46000000000006
610	33	1	49.460000000000015	46.205
610	34	1	183.6499999999999	54.855
610	35	1	197.37313432835822	76.74626865671642
610	36	1	155.93	9.910000000000009
610	37	1	64.71999999999997	5.609999999999999
610	38	1	111.8308457711443	150.29353233830844
610	39	1	60.760000000000005	88.305
610	40	1	0.8200000000000001	37.97000000000003
610	41	1	74.165	12.245
610	42	1	94.25870646766171	121.30348258706474
610	43	1	3.5223880597014894	56.323383084577124
610	44	1	86.56500000000005	16.119999999999983
610	45	1	39.36500000000002	42.37
610	46	1	70.643216080402	192.95477386934672
610	47	1	83.93532338308458	0.4776119402985068
610	48	1	109.54499999999999	117.15000000000003
610	49	1	195.87064676616916	65.35820895522387
610	50	1	125.96000000000004	101.63500000000006
620	1	1	73.91500000000002	82.54500000000002
620	2	1	155.69500000000005	21.685000000000002
620	3	1	156.8850000000001	173.1550000000001
620	4	1	131.30348258706462	83.99502487562188
620	5	1	147.87000000000006	61.040000000000006
620	6	1	78.40201005025126	55.23115577889447
620	7	1	135.35323383084568	103.59203980099501
620	8	1	89.12437810945279	192.5373134328359
620	9	1	59.01999999999999	52.26499999999999
620	10	1	88.45226130653256	88.83417085427138
620	11	1	146.99000000000007	184.05999999999995
620	12	1	101.65346534653463	8.579207920792076
620	13	1	82.83000000000003	72.37
620	14	1	48.99499999999999	78.85000000000001
620	15	1	56.32999999999999	65.32999999999996
620	16	1	9.154999999999998	77.55499999999996
620	17	1	67.2587064676617	72.88059701492537
620	18	1	141.01990049751237	6.66169154228856
620	19	1	110.19499999999998	127.25500000000004
620	20	1	139.6281407035176	76.30653266331656
620	21	1	146.69500000000002	91.13999999999993
620	22	1	191.5149999999999	42.67999999999997
620	23	1	197.42	129.69499999999988
620	24	1	44.75499999999999	66.225
620	25	1	10.040000000000001	45.30500000000001
620	26	1	82.69651741293534	106.54726368159201
620	27	1	133.11499999999987	66.60499999999998
620	28	1	154.15500000000006	77.63500000000003
620	29	1	180.66999999999996	172.605
620	30	1	77.80999999999999	98.79500000000002
620	31	1	143.77386934673376	197.17587939698515
620	32	1	104.655	138.66999999999982
620	33	1	50.53500000000001	46.53000000000003
620	34	1	182.88944723618096	53.904522613065325
620	35	1	197.1492537313433	75.83084577114421
620	36	1	155.88	10.464999999999995
620	37	1	65.03999999999996	6.455000000000002
620	38	1	110.40298507462683	150.0049751243781
620	39	1	61.53731343283583	89.10447761194027
620	40	1	1.4	36.89000000000001
620	41	1	74.97999999999996	13.795000000000003
620	42	1	93.39698492462321	120.39195979899498
620	43	1	2.7700000000000005	55.990000000000016
620	44	1	88.57286432160804	15.070351758793967
620	45	1	40.15500000000002	43.480000000000004
620	46	1	70.48999999999992	193.785
620	47	1	83.93000000000002	1.4
620	48	1	109.30000000000003	116.54999999999997
620	49	1	195.37688442211055	64.55276381909543
620	50	1	126.09547738693463	101.5678391959799
630	1	1	74.13432835820895	83.75124378109459
630	2	1	155.4949999999999	22.160000000000004
630	3	1	155.28855721393046	172.9303482587065
630	4	1	130.18905472636814	83.61194029850749
630	5	1	149.38499999999993	60.830000000000034
630	6	1	78.70500000000003	54.809999999999995
630	7	1	135.56218905472645	102.97512437810947
630	8	1	89.06500000000001	192.8850000000001
630	9	1	59.294999999999995	53.19499999999999
630	10	1	88.16999999999996	87.55499999999999
630	11	1	145.4378109452737	185.21393034825874
630	12	1	102.70149253731347	8.363184079601986
630	13	1	82.19597989949749	71.57286432160801
630	14	1	48.65500000000001	79.26500000000001
630	15	1	56.89949748743718	66.45226130653268
630	16	1	9.119999999999996	77.83
630	17	1	67.47500000000002	72.74500000000008
630	18	1	141.14499999999984	7.7700000000000005
630	19	1	109.76119402985073	126.03980099502488
630	20	1	139.79000000000002	75.75499999999995
630	21	1	145.9299999999999	90.52500000000005
630	22	1	191.45000000000022	41.919999999999995
630	23	1	196.08	128.56000000000006
630	24	1	45.34000000000002	66.32999999999993
630	25	1	9.904999999999996	45.01499999999999
630	26	1	82.78391959798995	106.29648241206029
630	27	1	134.45500000000004	66.66000000000003
630	28	1	154.335	78.65499999999992
630	29	1	179.90049751243785	172.82089552238807
630	30	1	78.01507537688445	99.07537688442211
630	31	1	143.47738693467335	198.0904522613065
630	32	1	104.96984924623116	137.61809045226127
630	33	1	51.29000000000002	46.695
630	34	1	182.07960199004972	52.81094527363185
630	35	1	197.115	74.81000000000004
630	36	1	156	10.638190954773872
630	37	1	66.01499999999999	7.5850000000000035
630	38	1	109.40796019900496	149.15422885572139
630	39	1	62.66666666666665	89.8308457711443
630	40	1	1.9849999999999997	36.194999999999965
630	41	1	76.20500000000001	16.110000000000007
630	42	1	92.48258706467665	119.64179104477616
630	43	1	1.6849999999999998	55.224999999999994
630	44	1	90.32835820895522	14.452736318407958
630	45	1	41.02	44.34999999999998
630	46	1	71.08040201005029	194.76884422110552
630	47	1	83.60199004975127	1.9004975124378112
630	48	1	108.18090452261306	115.46733668341707
630	49	1	194.98	63.73499999999998
630	50	1	126.12999999999998	101.04500000000004
640	1	1	74.44776119402987	84.8955223880597
640	2	1	155.27999999999986	22.865000000000006
640	3	1	153.9900497512438	174.55223880597012
640	4	1	128.7050000000001	82.945
640	5	1	150.425	60.95999999999999
640	6	1	78.68000000000004	54.69999999999996
640	7	1	136.45500000000007	102.16000000000001
640	8	1	89.73499999999997	193.80499999999995
640	9	1	59.92039800995027	55.06467661691546
640	10	1	88.28358208955225	85.75124378109456
640	11	1	143.7738693467336	186.28643216080403
640	12	1	103.82500000000005	8.170000000000002
640	13	1	81.74499999999995	70.66
640	14	1	48.109452736318424	79.93532338308461
640	15	1	57.52500000000002	67.80499999999992
640	16	1	8.844999999999997	78.29999999999997
640	17	1	67.72000000000003	73.14499999999995
640	18	1	141.64676616915435	8.746268656716419
640	19	1	109.34500000000003	125.32
640	20	1	139.66000000000005	75.42500000000004
640	21	1	144.6231155778894	89.60804020100497
640	22	1	191.7487437185931	41.221105527638194
640	23	1	194.805	128.11999999999986
640	24	1	46.256281407035175	66.68341708542712
640	25	1	9.713567839195985	44.81909547738694
640	26	1	83.99500000000002	105.27500000000005
640	27	1	135.67164179104486	66.03482587064676
640	28	1	154.02499999999992	79.03500000000001
640	29	1	179.09000000000003	172.40999999999997
640	30	1	78.085	99.20000000000003
640	31	1	143.5929648241206	198.72864321608034
640	32	1	105.07960199004971	136.49751243781097
640	33	1	51.944999999999986	47.32999999999999
640	34	1	181.56218905472642	51.597014925373145
640	35	1	196.845	74.22500000000002
640	36	1	156.53999999999996	10.375000000000005
640	37	1	66.73999999999995	8.955000000000005
640	38	1	108.4875621890547	148.71641791044786
640	39	1	63.73000000000001	90.87999999999998
640	40	1	2.1449999999999996	35.97000000000001
640	41	1	76.97500000000001	18.03499999999999
640	42	1	91.70499999999997	118.845
640	43	1	0.6237623762376231	54.836633663366335
640	44	1	91.39698492462314	13.758793969849249
640	45	1	41.91044776119405	44.651741293532325
640	46	1	71.66834170854267	196.0552763819095
640	47	1	83.56783919597991	2.4522613065326633
640	48	1	106.92039800995026	115.07960199004978
640	49	1	194.38308457711443	63.41293532338309
640	50	1	126.25373134328358	100.34825870646763
650	1	1	74.72139303482591	85.57213930348257
650	2	1	155.31000000000012	22.84999999999999
650	3	1	153.01507537688445	175.5477386934673
650	4	1	126.36180904522612	81.33668341708541
650	5	1	151.45000000000002	61.51
650	6	1	79.32160804020104	54.20100502512563
650	7	1	136.72499999999994	101.59500000000003
650	8	1	89.97000000000006	194.10500000000008
650	9	1	59.94500000000002	56.234999999999985
650	10	1	88.31683168316833	84.11881188118811
650	11	1	142.41293532338307	186.97512437810946
650	12	1	104.90000000000002	7.79
650	13	1	80.92964824120605	69.72361809045226
650	14	1	48.34499999999999	80.44000000000001
650	15	1	58.43500000000001	68.905
650	16	1	8.455000000000002	78.20500000000003
650	17	1	67.96984924623118	73.3668341708542
650	18	1	141.4577114427862	10.094527363184083
650	19	1	108.02499999999995	124.77499999999993
650	20	1	139.87999999999985	75.32
650	21	1	143.14999999999995	89.32500000000002
650	22	1	191.87500000000006	41.56999999999998
650	23	1	193.635	127.455
650	24	1	46.80500000000001	66.93500000000002
650	25	1	9.439999999999998	44.68000000000002
650	26	1	84.82500000000006	104.39000000000006
650	27	1	136.50999999999988	65.875
650	28	1	153.335	79.46499999999999
650	29	1	177.82499999999987	172.26999999999995
650	30	1	78.49499999999999	99.08999999999999
650	31	1	143.6119402985076	199.27363184079593
650	32	1	105.54000000000002	135.23000000000005
650	33	1	52.985000000000014	47.745
650	34	1	180.69000000000014	50.335
650	35	1	195.66666666666666	73.15422885572134
650	36	1	156.01499999999996	10.4
650	37	1	67.26000000000002	9.815000000000005
650	38	1	107.76616915422892	148.1641791044776
650	39	1	64.45000000000002	91.79000000000005
650	40	1	2.420000000000002	35.415000000000035
650	41	1	77.49500000000003	19.88
650	42	1	90.91499999999998	118.12499999999994
650	43	1	199.75	54.719999999999985
650	44	1	92.41791044776114	12.482587064676613
650	45	1	42.76119402985074	45.00995024875622
650	46	1	72.15000000000003	197.035
650	47	1	83.06000000000003	3.0500000000000003
650	48	1	106.0049751243781	114.12935323383078
650	49	1	193.9	62.82
650	50	1	126.69500000000005	98.58500000000001
660	1	1	75.10552763819095	86.05025125628143
660	2	1	155.65999999999994	22.629999999999995
660	3	1	151.72999999999993	177.37500000000003
660	4	1	124.98994974874373	80.13065326633172
660	5	1	152.02512562814073	62.321608040200985
660	6	1	80.47000000000003	54.08999999999997
660	7	1	137.2199999999998	101.09500000000001
660	8	1	90.02	194.19000000000008
660	9	1	59.94000000000001	57.020000000000024
660	10	1	88.42786069651736	82.76616915422888
660	11	1	141.12999999999994	187.96000000000018
660	12	1	106.33500000000002	7.515000000000001
660	13	1	80.25628140703516	68.91457286432161
660	14	1	47.865671641791025	80.99999999999999
660	15	1	58.49253731343285	69.97512437810956
660	16	1	8.115	77.78000000000003
660	17	1	68.13432835820896	73.56716417910455
660	18	1	140.85074626865668	11.542288557213933
660	19	1	107.40499999999997	123.90499999999992
660	20	1	139.74874371859295	75.00502512562812
660	21	1	141.65829145728634	89.21608040201
660	22	1	192.0150753768844	41.391959798994954
660	23	1	192.87	126.08999999999999
660	24	1	47.475	67.33999999999996
660	25	1	9.274999999999999	44.830000000000005
660	26	1	85.6517412935323	103.37313432835825
660	27	1	137.25499999999997	65.46
660	28	1	152.33830845771138	80.27363184079599
660	29	1	175.9349999999999	172.05499999999998
660	30	1	78.825	98.91000000000003
660	31	1	143.40703517587934	0.010050251256281314
660	32	1	105.34	134.53000000000006
660	33	1	53.784999999999975	48.179999999999986
660	34	1	180.03980099502488	49.85572139303484
660	35	1	194.645	72.51499999999997
660	36	1	155.235	10.790000000000004
660	37	1	67.63499999999996	10.67
660	38	1	107.23999999999997	147.62500000000006
660	39	1	64.88499999999999	92.035
660	40	1	2.940000000000002	34.69000000000001
660	41	1	78.46999999999997	20.76499999999999
660	42	1	90.42713567839198	117.5075376884422
660	43	1	198.78	54.48
660	44	1	93.56500000000004	11.77
660	45	1	43.42500000000001	45.22000000000003
660	46	1	72.80499999999998	197.605
660	47	1	82.67500000000005	4.589999999999994
660	48	1	105.93499999999996	112.88000000000005
660	49	1	193.375	62.425
660	50	1	126.59203980099504	96.51243781094529
670	1	1	75.4378109452736	86.34328358208955
670	2	1	155.7336683417086	22.452261306532655
670	3	1	150.5373134328359	179.04975124378112
670	4	1	123.84500000000001	78.96000000000001
670	5	1	152.58500000000004	63.469999999999985
670	6	1	81.98507462686561	53.9900497512438
670	7	1	137.38308457711435	100.49253731343283
670	8	1	90.22000000000001	194.37500000000003
670	9	1	60.12000000000002	57.63000000000002
670	10	1	88.48514851485149	81.15841584158414
670	11	1	139.36318407960206	188.89054726368164
670	12	1	108.1144278606965	7.164179104477615
670	13	1	79.41499999999996	67.76999999999997
670	14	1	48	81.44278606965173
670	15	1	58.72139303482589	70.51741293532335
670	16	1	7.365	77.00499999999997
670	17	1	68.28999999999996	73.72500000000001
670	18	1	140.43500000000006	13.549999999999999
670	19	1	107.03000000000006	123.10000000000002
670	20	1	139.73499999999993	74.77000000000005
670	21	1	140.79899497487457	88.94472361809044
670	22	1	192.19	40.935
670	23	1	191.89054726368158	124.41293532338304
670	24	1	47.96984924623119	68.31155778894467
670	25	1	9.334999999999997	45.41
670	26	1	86.25499999999998	102.28499999999991
670	27	1	137.915	65.04499999999999
670	28	1	151.63999999999984	81.41500000000006
670	29	1	174.16915422885577	171.25870646766174
670	30	1	79.09045226130651	98.74874371859296
670	31	1	142.5	0.8850000000000001
670	32	1	105.1791044776119	133.75124378109447
670	33	1	54.66666666666667	48.761194029850735
670	34	1	179.2	49.14999999999999
670	35	1	193.42713567839195	71.93467336683418
670	36	1	154.14499999999998	10.634999999999998
670	37	1	68.33168316831681	11.787128712871285
670	38	1	106.90049751243788	147.14925373134332
670	39	1	65.04975124378109	92.43781094527365
670	40	1	3.079999999999999	34.635000000000026
670	41	1	79.95	21.654999999999994
670	42	1	89.77499999999999	116.79000000000005
670	43	1	197.365	54.00000000000001
670	44	1	94.77000000000002	10.974999999999994
670	45	1	43.735000000000014	46.075
670	46	1	73.7	198.3
670	47	1	82.76000000000006	6.035
670	48	1	105.73134328358213	111.91044776119404
670	49	1	193.77114427860695	62.19900497512437
670	50	1	126.38499999999996	94.61999999999999
680	1	1	75.94974874371856	86.18592964824124
680	2	1	156.0696517412935	22.174129353233837
680	3	1	149.55223880597023	181.134328358209
680	4	1	122.85929648241202	77.50753768844218
680	5	1	153.07999999999996	65.06000000000002
680	6	1	83.89999999999999	54.180000000000014
680	7	1	137.42500000000004	100.13000000000004
680	8	1	90.33000000000001	194.82000000000005
680	9	1	60.10999999999999	58.14499999999999
680	10	1	88.12376237623764	79.16336633663363
680	11	1	138.03500000000003	189.84999999999997
680	12	1	110.17910447761197	6.945273631840798
680	13	1	78.67999999999995	66.46500000000003
680	14	1	47.88499999999999	81.69999999999996
680	15	1	58.86500000000001	71.05000000000004
680	16	1	6.069651741293531	76.40796019900495
680	17	1	68.38308457711442	74.0845771144278
680	18	1	140.37810945273623	15.552238805970156
680	19	1	106.27135678391954	121.99999999999997
680	20	1	139.50251256281408	74.66331658291458
680	21	1	139.87064676616907	88.69154228855724
680	22	1	192.18592964824128	41.045226130653276
680	23	1	191.475	122.95500000000003
680	24	1	48.525000000000006	69.115
680	25	1	9.209999999999996	46.19500000000002
680	26	1	87.005	100.75500000000001
680	27	1	138.65	64.55999999999999
680	28	1	150.96999999999986	82.01999999999997
680	29	1	173.01990049751245	170.3681592039801
680	30	1	79.01500000000003	98.815
680	31	1	141.49253731343285	1.72636815920398
680	32	1	104.65999999999998	132.925
680	33	1	56.02010050251256	48.69849246231157
680	34	1	178.46231155778892	48.72864321608037
680	35	1	191.72	70.74000000000005
680	36	1	153.25000000000003	10.654999999999998
680	37	1	69.41000000000005	12.974999999999998
680	38	1	106.59000000000003	147.08999999999995
680	39	1	65.385	92.77500000000003
680	40	1	3.135	34.26000000000002
680	41	1	82.39303482587061	22.338308457711445
680	42	1	88.61500000000004	116.16999999999997
680	43	1	196.67	53.62999999999999
680	44	1	96.17910447761193	9.920398009950244
680	45	1	44.0547263681592	46.9601990049751
680	46	1	74.20398009950252	199.44278606965173
680	47	1	82.83000000000001	7.27
680	48	1	105.63	111.06999999999996
680	49	1	194.03	61.829999999999984
680	50	1	126.10447761194037	93.17412935323382
690	1	1	76.5577889447236	85.80402010050253
690	2	1	156.76999999999984	21.55
690	3	1	148.3399999999999	182.51499999999996
690	4	1	121.87128712871284	76.3019801980198
690	5	1	153.29353233830847	65.96517412935322
690	6	1	85.65499999999999	54.72499999999999
690	7	1	136.65000000000003	100.055
690	8	1	90.50500000000001	194.99000000000004
690	9	1	60.160804020100514	58.46733668341709
690	10	1	88.01999999999997	77.58999999999999
690	11	1	137.3383084577114	191.24378109452724
690	12	1	111.35820895522389	6.3681592039801
690	13	1	77.93532338308461	65.19900497512437
690	14	1	48.355	82.37
690	15	1	58.99	71.65999999999997
690	16	1	5.015000000000001	76.76
690	17	1	68.72636815920397	74.30348258706465
690	18	1	140.3699999999999	16.195
690	19	1	105.5577889447236	121.24623115577889
690	20	1	139.30000000000004	74.36
690	21	1	138.74500000000003	88.51499999999999
690	22	1	192.47	40.875000000000014
690	23	1	190.03980099502488	121.6268656716418
690	24	1	48.78000000000001	69.89500000000001
690	25	1	9.304999999999998	46.955000000000005
690	26	1	87.74500000000003	99.55499999999998
690	27	1	139.10499999999996	63.99000000000004
690	28	1	150.1005025125628	82.56281407035178
690	29	1	171.38308457711446	169.13930348258688
690	30	1	79.04999999999997	98.92
690	31	1	140.0251256281407	2.4673366834170856
690	32	1	104.66000000000003	131.84499999999994
690	33	1	56.651741293532325	48.7363184079602
690	34	1	177.67500000000007	48.42500000000002
690	35	1	191.07999999999998	70.22500000000004
690	36	1	152.1144278606966	10.557213930348258
690	37	1	70.31	14.624999999999995
690	38	1	106.15577889447235	146.73366834170844
690	39	1	66.18090452261306	93.28643216080401
690	40	1	3.1550000000000007	34.524999999999984
690	41	1	84.24000000000004	22.53500000000001
690	42	1	87.20500000000001	115.77000000000007
690	43	1	195.325	53.33
690	44	1	96.84577114427869	9.164179104477611
690	45	1	44.24999999999997	47.949999999999974
690	46	1	74.31499999999996	0.6099999999999997
690	47	1	82.9800995024875	7.885572139303483
690	48	1	106.05500000000004	110.45000000000005
690	49	1	194.47	61.769999999999996
690	50	1	125.47738693467333	90.95477386934677
700	1	1	77.48500000000003	85.43999999999998
700	2	1	157.59000000000012	20.30999999999999
700	3	1	146.51741293532336	183.83084577114425
700	4	1	121.38805970149258	75.03482587064674
700	5	1	153.64499999999995	67.02
700	6	1	86.62686567164178	55.5223880597015
700	7	1	135.32000000000002	100.52999999999997
700	8	1	90.27363184079606	195.35323383084577
700	9	1	59.653266331658266	58.658291457286445
700	10	1	87.93000000000002	76.32000000000001
700	11	1	136.64676616915415	192.95024875621897
700	12	1	112.67000000000007	5.665
700	13	1	77.42500000000004	64.06
700	14	1	48.450000000000024	82.44999999999999
700	15	1	59.31	72.18999999999998
700	16	1	4.079999999999999	77.05
700	17	1	69.11000000000004	74.385
700	18	1	140.62500000000003	17.490000000000002
700	19	1	104.37499999999999	120.965
700	20	1	139.11999999999986	74.23499999999999
700	21	1	138.12999999999997	88.68999999999993
700	22	1	192.28	41.08499999999996
700	23	1	188.4228855721393	120.95024875621885
700	24	1	49.01492537313434	70.37313432835813
700	25	1	9.204999999999997	47.46499999999998
700	26	1	88.4393939393939	98.29292929292929
700	27	1	139.39000000000013	63.76000000000003
700	28	1	149.49999999999986	82.92999999999996
700	29	1	169.9900497512438	167.97014925373142
700	30	1	78.785	99.20500000000001
700	31	1	138.22000000000003	3.480000000000001
700	32	1	104.84	131.04500000000002
700	33	1	57.92039800995025	48.507462686567166
700	34	1	176.99499999999998	47.92999999999996
700	35	1	189.93532338308458	69.48756218905476
700	36	1	151.15499999999997	10.130000000000003
700	37	1	70.93000000000002	15.659999999999998
700	38	1	106.08499999999997	146.37499999999994
700	39	1	66.53768844221102	93.35678391959792
700	40	1	3.0649999999999977	34.65
700	41	1	86.03517587939697	23.080402010050268
700	42	1	85.62189054726372	115.03482587064678
700	43	1	194.87939698492463	53.20100502512563
700	44	1	97.65499999999993	8.399999999999995
700	45	1	44.74	48.60500000000001
700	46	1	74.87064676616914	1.3731343283582098
700	47	1	83.50251256281398	9.582914572864327
700	48	1	106.93999999999996	110.075
700	49	1	195.0497512437811	61.94527363184079
700	50	1	124.98994974874371	89.18592964824117
710	1	1	79.02999999999999	84.63999999999999
710	2	1	157.95999999999998	19.709999999999994
710	3	1	145.02500000000003	185.1399999999999
710	4	1	120.57213930348256	73.89054726368153
710	5	1	153.8140703517588	67.86934673366831
710	6	1	87.83084577114431	57.01492537313436
710	7	1	134.23999999999992	100.5
710	8	1	90.41999999999996	196.11500000000012
710	9	1	59.407035175879386	58.56783919597991
710	10	1	87.427135678392	75.04522613065326
710	11	1	136.1299999999999	194.20499999999998
710	12	1	113.98009950248753	4.671641791044774
710	13	1	77.2487562189055	63.08955223880596
710	14	1	49.13000000000001	82.92999999999999
710	15	1	59.58500000000001	72.46999999999998
710	16	1	2.9950000000000006	77.33000000000004
710	17	1	69.28282828282819	74.3535353535354
710	18	1	141.13000000000002	18.649999999999995
710	19	1	103.16999999999999	120.78500000000004
710	20	1	139.14000000000001	74.08000000000006
710	21	1	137.79499999999996	88.75500000000002
710	22	1	192.14000000000001	41.03000000000001
710	23	1	186.68500000000003	120.71999999999996
710	24	1	49.525	71.12499999999997
710	25	1	9.115	48.299999999999976
710	26	1	89.08000000000007	96.98499999999996
710	27	1	139.32160804020086	63.7688442211055
710	28	1	149.175	83.14500000000004
710	29	1	168.45771144278606	167.49751243781097
710	30	1	78.54999999999994	99.69999999999995
710	31	1	136.54999999999998	4.600000000000003
710	32	1	105.63	130.12499999999997
710	33	1	59.31000000000002	48.12
710	34	1	176.54271356783926	47.492462311557794
710	35	1	188.845	68.74499999999999
710	36	1	150.08040201005014	9.246231155778894
710	37	1	71.98994974874373	16.703517587939697
710	38	1	105.99000000000004	145.81999999999985
710	39	1	67.23880597014929	93.42288557213931
710	40	1	3.0600000000000005	34.76499999999999
710	41	1	87.98009950248759	23.029850746268657
710	42	1	84.60499999999995	114.74000000000002
710	43	1	194.29	52.95499999999998
710	44	1	99.07000000000001	8.275000000000004
710	45	1	45.487437185929615	49.31658291457287
710	46	1	75.40000000000002	2.3950000000000014
710	47	1	84.31343283582086	10.557213930348261
710	48	1	108.065	109.37000000000006
710	49	1	195.29	62.04999999999996
710	50	1	124.3980099502487	87.54228855721398
720	1	1	80.86499999999998	83.82
720	2	1	158.29500000000007	19.300000000000004
720	3	1	143.17412935323367	186.0646766169155
720	4	1	119.74499999999999	73.44000000000001
720	5	1	153.9195979899498	69.27638190954772
720	6	1	88.69999999999999	57.744999999999976
720	7	1	133.54500000000007	100.42000000000003
720	8	1	89.72361809045225	196.5427135678393
720	9	1	59.49748743718591	58.85929648241207
720	10	1	87.14999999999998	73.875
720	11	1	135.34825870646773	195.63681592039805
720	12	1	115.5829145728643	3.743718592964825
720	13	1	77.05	62.17499999999999
720	14	1	49.33999999999998	83.12999999999997
720	15	1	60.00502512562817	73.30150753768842
720	16	1	1.3350000000000015	77.905
720	17	1	69.60999999999994	74.96000000000004
720	18	1	141.80099502487568	19.3681592039801
720	19	1	101.26368159203977	120.89552238805965
720	20	1	139.07999999999996	74.16500000000008
720	21	1	136.87999999999994	88.88499999999998
720	22	1	191.855	41.53499999999999
720	23	1	184.935	120.20500000000004
720	24	1	49.82000000000001	71.57499999999999
720	25	1	9.130653266331656	49.31155778894473
720	26	1	89.87939698492461	95.26633165829148
720	27	1	139.43000000000004	63.73500000000006
720	28	1	149.17499999999995	83.91000000000001
720	29	1	167.46268656716418	166.726368159204
720	30	1	78.67499999999998	100.51500000000003
720	31	1	135.90452261306547	5.994974874371859
720	32	1	106.15999999999998	128.9000000000001
720	33	1	61.025000000000006	48.269999999999996
720	34	1	175.88000000000008	46.820000000000014
720	35	1	187.95999999999998	68.115
720	36	1	150.01500000000004	8.045
720	37	1	73.17	17.895
720	38	1	105.96499999999996	145.25999999999996
720	39	1	68.21393034825873	93.17910447761194
720	40	1	3.099999999999998	35.26000000000001
720	41	1	89.91044776119402	22.90547263681593
720	42	1	83.84577114427856	114.67661691542295
720	43	1	193.65	52.915
720	44	1	99.94527363184075	7.855721393034825
720	45	1	46.315000000000005	50.27
720	46	1	75.45499999999998	2.7149999999999985
720	47	1	84.67499999999997	11.439999999999994
720	48	1	109.17085427135677	108.56783919597989
720	49	1	195.30653266331657	62.060301507537694
720	50	1	123.39500000000001	86.065
730	1	1	82.64676616915429	82.9850746268656
730	2	1	158.60301507537693	18.60301507537687
730	3	1	141.55223880597015	187.57711442786072
730	4	1	119.19500000000002	72.875
730	5	1	153.85500000000002	69.68
730	6	1	89.48241206030153	58.88944723618093
730	7	1	132.83999999999995	100.17999999999999
730	8	1	89.135	197.00000000000009
730	9	1	59.67164179104476	59.099502487562205
730	10	1	86.68159203980103	73.22885572139305
730	11	1	134.18499999999995	196.87999999999994
730	12	1	116.79899497487438	3.120603015075377
730	13	1	77.435	61.06999999999998
730	14	1	49.32160804020098	83.15577889447229
730	15	1	60.414999999999985	74.13499999999998
730	16	1	199.68	78.74999999999999
730	17	1	69.68656716417911	75.55721393034828
730	18	1	142.71499999999995	20.564999999999998
730	19	1	100.16080402010047	120.22613065326637
730	20	1	138.85572139303488	74.3731343283582
730	21	1	135.75124378109456	88.4378109452736
730	22	1	191.19499999999996	41.80499999999998
730	23	1	182.9549999999999	119.39000000000001
730	24	1	49.865	71.91999999999996
730	25	1	8.854999999999997	50.464999999999996
730	26	1	90.51256281407031	93.56783919597987
730	27	1	139.41500000000005	63.87000000000002
730	28	1	149.34000000000003	84.02000000000002
730	29	1	167.1049999999999	166.26000000000002
730	30	1	79.5870646766169	101.31840796019898
730	31	1	135.275	7.184999999999998
730	32	1	106.495	127.59000000000006
730	33	1	62.77000000000001	48.37999999999997
730	34	1	175.06999999999994	44.97000000000002
730	35	1	187.79396984924622	67.83919597989946
730	36	1	149.73999999999992	6.9300000000000015
730	37	1	74.23499999999997	18.73
730	38	1	105.69499999999996	144.12
730	39	1	69.66	92.74000000000002
730	40	1	3.085	35.71499999999999
730	41	1	91.28140703517589	22.804020100502523
730	42	1	82.39999999999996	114.72000000000003
730	43	1	193.24875621890547	52.761194029850756
730	44	1	100.43781094527364	7.442786069651745
730	45	1	47.035000000000004	51.794999999999966
730	46	1	75.32000000000004	3.1500000000000004
730	47	1	85.06467661691545	12.203980099502493
730	48	1	110.69500000000001	107.53500000000001
730	49	1	195.39	62.12999999999998
730	50	1	122.20499999999998	85.32499999999999
740	1	1	83.81407035175883	82.28140703517589
740	2	1	157.66169154228842	18.124378109452735
740	3	1	139.94499999999996	188.39000000000001
740	4	1	118.56281407035178	72.50251256281405
740	5	1	153.46268656716433	70.55223880597019
740	6	1	90.16161616161622	59.65151515151517
740	7	1	131.98000000000005	100.115
740	8	1	88.30000000000001	197.19000000000005
740	9	1	59.52999999999997	59.699999999999974
740	10	1	86.56999999999998	72.71
740	11	1	132.54	197.57
740	12	1	117.84079601990042	2.751243781094528
740	13	1	78.21999999999998	60.44499999999999
740	14	1	49.59000000000001	83.37499999999999
740	15	1	60.99502487562188	75.22885572139299
740	16	1	198.12935323383084	79.3582089552239
740	17	1	69.94499999999998	75.36499999999995
740	18	1	143.31	21.495000000000005
740	19	1	98.74499999999996	119.835
740	20	1	138.55778894472365	74.52261306532668
740	21	1	134.62500000000009	88.37
740	22	1	190.7035175879396	41.75879396984926
740	23	1	180.79499999999993	119.45999999999995
740	24	1	49.95999999999998	72.19500000000001
740	25	1	8.704999999999995	51.3
740	26	1	91.07000000000001	91.93000000000006
740	27	1	139.51758793969867	63.9396984924623
740	28	1	149.20500000000007	84.39000000000001
740	29	1	166.75999999999985	165.80000000000007
740	30	1	80.29850746268662	101.96019900497512
740	31	1	135.61306532663315	8.46231155778895
740	32	1	107.56499999999998	125.91999999999994
740	33	1	64.07999999999998	48.710000000000015
740	34	1	174.40999999999997	43.630000000000024
740	35	1	187.28000000000003	67.47000000000001
740	36	1	149.2835820895523	4.90547263681592
740	37	1	75.08500000000005	19.270000000000014
740	38	1	105.23383084577117	142.95024875621894
740	39	1	70.88442211055279	92.23618090452266
740	40	1	2.9549999999999996	36.62
740	41	1	92.46500000000002	22.949999999999996
740	42	1	81.27000000000001	114.76500000000004
740	43	1	192.865	52.71499999999999
740	44	1	100.97000000000003	7.459999999999999
740	45	1	47.92537313432837	52.2039800995025
740	46	1	75.54499999999997	3.99
740	47	1	85.83582089552239	12.880597014925375
740	48	1	112.07500000000003	106.62000000000003
740	49	1	195.4	62.10999999999999
740	50	1	121.25125628140705	84.24623115577891
750	1	1	84.31999999999995	81.86000000000001
750	2	1	156.57213930348257	17.398009950248767
750	3	1	138.6237623762376	189.37128712871285
750	4	1	118.07499999999997	72.32000000000002
750	5	1	153.63000000000005	71.57999999999998
750	6	1	91.15075376884427	60.39698492462313
750	7	1	130.68000000000004	100.19999999999999
750	8	1	87.26499999999999	197.17499999999998
750	9	1	59.43000000000003	59.745
750	10	1	86.38000000000004	72.28500000000001
750	11	1	130.94472361809045	197.84422110552774
750	12	1	118.64999999999998	2.6450000000000005
750	13	1	79.06965174129353	59.6716417910448
750	14	1	49.95979899497489	83.63316582914571
750	15	1	61.45000000000004	75.75500000000001
750	16	1	196.95	79.735
750	17	1	70.13930348258704	75.66169154228862
750	18	1	143.85000000000002	22.680000000000007
750	19	1	97.35323383084582	119.20895522388062
750	20	1	138.60000000000005	74.73000000000002
750	21	1	133.94500000000008	88.53999999999998
750	22	1	189.55499999999995	42.17500000000003
750	23	1	178.63184079601984	119.45771144278606
750	24	1	50.03500000000003	72.39000000000003
750	25	1	8.484999999999998	51.91999999999998
750	26	1	91.79899497487438	90.79396984924624
750	27	1	139.80999999999995	64.14499999999998
750	28	1	148.92039800995013	84.70149253731346
750	29	1	166.49000000000004	165.17000000000002
750	30	1	81.71144278606964	102.73134328358209
750	31	1	135.90000000000006	9.460000000000003
750	32	1	108.09950248756218	124.53233830845774
750	33	1	65.71	48.98500000000002
750	34	1	173.64500000000018	42.60500000000002
750	35	1	187.07500000000002	67.45500000000001
750	36	1	148.56565656565658	3.217171717171717
750	37	1	75.98994974874378	20.175879396984936
750	38	1	104.56716417910454	141.41791044776116
750	39	1	72.17910447761196	92.07462686567165
750	40	1	2.570000000000003	37.129999999999995
750	41	1	93.50746268656711	22.65671641791045
750	42	1	80.17500000000001	114.715
750	43	1	193.07	52.75
750	44	1	101.84500000000004	7.405000000000001
750	45	1	48.555000000000035	52.98500000000001
750	46	1	75.73631840796018	5.06965174129353
750	47	1	86.325	13.494999999999997
750	48	1	112.59500000000001	106.24999999999999
750	49	1	195.28140703517587	62.246231155778894
750	50	1	120.58999999999995	83.55000000000001
760	1	1	85.09452736318408	81.64179104477613
760	2	1	155.00497512437798	16.094527363184085
760	3	1	137.62686567164178	190.46766169154222
760	4	1	117.955	71.67999999999996
760	5	1	153.62686567164187	72.90547263681594
760	6	1	91.82000000000002	60.93
760	7	1	130.07035175879395	99.81909547738687
760	8	1	86.64500000000001	197.5300000000001
760	9	1	59.59000000000005	60.36999999999996
760	10	1	86.15000000000002	72.18000000000004
760	11	1	130.3800000000001	198.42500000000004
760	12	1	119.325	3.1999999999999997
760	13	1	79.6417910447761	59.09452736318409
760	14	1	50.321608040201035	83.90954773869348
760	15	1	61.61499999999998	76.96
760	16	1	195.925	79.72
760	17	1	70.38805970149254	75.86567164179105
760	18	1	144.83919597989953	23.74874371859298
760	19	1	96.48258706467658	118.2139303482587
760	20	1	138.6399999999999	74.695
760	21	1	132.51	88.55999999999996
760	22	1	188.48743718592962	42.04522613065327
760	23	1	176.7249999999999	118.59499999999996
760	24	1	49.51000000000002	72.00000000000004
760	25	1	8.214999999999996	52.709999999999994
760	26	1	92.14	90.48499999999999
760	27	1	139.90999999999994	64.17000000000004
760	28	1	148.1300000000001	84.90000000000002
760	29	1	166.59500000000006	164.57999999999996
760	30	1	83.535	103.92999999999999
760	31	1	135.70999999999992	10.614999999999998
760	32	1	108.40499999999999	122.25000000000001
760	33	1	66.725	49.435
760	34	1	173.13567839195986	41.934673366834176
760	35	1	187.06030150753756	67.58291457286434
760	36	1	148.52500000000003	1.655
760	37	1	76.47263681592042	20.691542288557212
760	38	1	104.1990049751244	139.0746268656717
760	39	1	73.61691542288563	92.12935323383087
760	40	1	2.349999999999998	37.85999999999998
760	41	1	94.5276381909548	22.47236180904522
760	42	1	79.14499999999997	114.53000000000003
760	43	1	192.98	52.525
760	44	1	103.03500000000001	7.240000000000002
760	45	1	49.22499999999999	52.98999999999999
760	46	1	76.49751243781095	6.0646766169154205
760	47	1	87.02499999999996	14.264999999999999
760	48	1	113.4799999999999	105.57
760	49	1	195.07	62.37999999999999
760	50	1	119.40703517587936	82.36683417085425
770	1	1	86.33668341708544	81.00502512562815
770	2	1	153.7014925373134	14.661691542288553
770	3	1	137.0149253731343	191.3731343283583
770	4	1	117.92499999999998	71.03000000000002
770	5	1	153.323383084577	73.547263681592
770	6	1	93.23115577889445	61.5577889447236
770	7	1	128.69500000000008	99.00500000000001
770	8	1	85.75621890547266	197.86069651741275
770	9	1	60.07462686567166	60.27860696517414
770	10	1	85.50746268656714	71.6666666666666
770	11	1	129.52261306532665	198.56783919597993
770	12	1	120.28855721393029	4.2736318407960185
770	13	1	80.12935323383076	58.84079601990049
770	14	1	50.59701492537313	84.00995024875623
770	15	1	61.934999999999974	77.855
770	16	1	194.29353233830847	80.00995024875627
770	17	1	70.50999999999999	75.755
770	18	1	145.81500000000003	25.01999999999999
770	19	1	96.44499999999994	117.32
770	20	1	138.555	74.79
770	21	1	132.407960199005	88.6218905472637
770	22	1	187.54726368159206	41.83582089552241
770	23	1	175.5427135678392	118.54773869346734
770	24	1	49.41791044776121	71.9601990049751
770	25	1	8.005000000000003	53.50000000000001
770	26	1	92.34000000000007	90.035
770	27	1	139.9200000000001	64.34000000000006
770	28	1	147.41206030150744	85.21608040201
770	29	1	166.59203980099502	164.3830845771145
770	30	1	85.06467661691548	104.28855721393032
770	31	1	136.11557788944702	11.864321608040207
770	32	1	108.82089552238806	120.76616915422882
770	33	1	68.04500000000003	49.61000000000003
770	34	1	172.7788944723618	41.72361809045226
770	35	1	186.915	67.77499999999999
770	36	1	148.05999999999995	0.7099999999999993
770	37	1	76.67499999999998	21.32500000000001
770	38	1	103.990099009901	137.11386138613855
770	39	1	75.1144278606965	91.84079601990051
770	40	1	2.1399999999999997	38.66500000000002
770	41	1	95.53768844221104	22.10552763819095
770	42	1	78.82000000000008	114.42000000000002
770	43	1	192.815	52.474999999999994
770	44	1	103.50000000000003	7.14
770	45	1	49.73	53.61999999999998
770	46	1	77.16	6.950000000000001
770	47	1	87.81500000000003	15.105
770	48	1	113.91999999999997	105.02999999999999
770	49	1	194.97	62.715
770	50	1	118.40499999999999	81.39499999999995
780	1	1	87.63000000000004	80.415
780	2	1	152.5949999999999	13.719999999999999
780	3	1	136.55	191.96000000000006
780	4	1	117.34500000000006	70.72000000000001
780	5	1	152.99500000000003	74.51499999999999
780	6	1	94.71000000000001	62.045000000000016
780	7	1	127.57711442786069	98.02487562189052
780	8	1	85.03500000000004	198.19
780	9	1	60.30348258706469	60.766169154228876
780	10	1	84.8	71.21999999999993
780	11	1	129.09950248756223	199.21393034825877
780	12	1	121.19500000000002	5.679999999999999
780	13	1	80.71500000000003	58.825
780	14	1	50.95000000000002	84.13499999999998
780	15	1	62.386934673366845	78.85929648241206
780	16	1	192.57999999999998	80.12000000000002
780	17	1	70.7035175879397	75.69346733668343
780	18	1	147.0796019900497	26.04477611940299
780	19	1	96.58000000000003	116.11999999999999
780	20	1	138.47999999999993	74.87499999999999
780	21	1	131.7738693467336	88.40201005025128
780	22	1	186.65671641791033	41.69651741293532
780	23	1	174.51000000000005	117.88
780	24	1	49.12500000000001	72.32999999999998
780	25	1	7.44278606965174	54.4875621890547
780	26	1	92.01000000000002	90.09999999999997
780	27	1	139.66666666666669	64.56716417910455
780	28	1	146.19095477386932	85.71859296482414
780	29	1	166.53499999999985	164.29499999999993
780	30	1	87.06999999999995	104.32000000000004
780	31	1	136.72361809045222	13.170854271356783
780	32	1	109.68	119.11499999999997
780	33	1	68.55721393034818	49.72139303482587
780	34	1	172.42000000000002	41.585
780	35	1	186.7600000000001	67.77500000000002
780	36	1	147.75621890547248	199.4278606965174
780	37	1	77.17587939698495	22.2361809045226
780	38	1	103.52736318407955	134.81592039800992
780	39	1	76.4	92.015
780	40	1	2.3216080402010038	39.34673366834171
780	41	1	96.92537313432835	21.80597014925373
780	42	1	78.72499999999998	113.83499999999998
780	43	1	192.245	52.289999999999985
780	44	1	104.01499999999999	7.050000000000002
780	45	1	50.33165829145731	54.06532663316583
780	46	1	78.31840796019905	8.149253731343284
780	47	1	88.77386934673369	15.899497487437186
780	48	1	114.48743718592962	104.79899497487438
780	49	1	194.985	63.20000000000002
780	50	1	117.29850746268656	81.17910447761187
790	1	1	88.61000000000003	79.84999999999997
790	2	1	151.57213930348263	12.97512437810946
790	3	1	136.17000000000002	192.67
790	4	1	117.285	70.53999999999999
790	5	1	152.855	74.95500000000001
790	6	1	95.93969849246233	62.959798994974854
790	7	1	126.70000000000002	97.00499999999995
790	8	1	84.695	199.01500000000001
790	9	1	60.32500000000001	61.165
790	10	1	84.21890547263683	70.44278606965173
790	11	1	128.79500000000013	199.65999999999997
790	12	1	122.15499999999994	6.760000000000002
790	13	1	80.98994974874377	58.78894472361811
790	14	1	51.32160804020098	84.41708542713565
790	15	1	62.75499999999998	79.66500000000003
790	16	1	191.045	80.30500000000002
790	17	1	70.99004975124377	75.61691542288555
790	18	1	148.7860696517412	27.034825870646774
790	19	1	96.19801980198022	114.93564356435638
790	20	1	138.51000000000005	75.19999999999995
790	21	1	130.60999999999996	88.095
790	22	1	186.05472636815927	41.497512437810954
790	23	1	173.53233830845775	117.86567164179098
790	24	1	48.74999999999999	72.54499999999997
790	25	1	6.824999999999999	55.81000000000001
790	26	1	91.55778894472365	90.27135678391959
790	27	1	139.8549999999999	64.75000000000004
790	28	1	145.20100502512554	86.31155778894478
790	29	1	166.29000000000005	164.135
790	30	1	88.6733668341709	104.44723618090457
790	31	1	137.42499999999998	14.650000000000013
790	32	1	109.62500000000003	117.945
790	33	1	68.765	49.695000000000014
790	34	1	172.33	41.91000000000002
790	35	1	186.78391959798995	67.84924623115582
790	36	1	147.39499999999998	198.645
790	37	1	77.20000000000002	22.390000000000008
790	38	1	103.97500000000005	132.36999999999992
790	39	1	77.22613065326634	92.11055276381907
790	40	1	2.4299999999999993	40.189999999999976
790	41	1	98.10447761194033	21.830845771144258
790	42	1	78.66000000000003	112.63000000000002
790	43	1	192.15075376884423	52.1708542713568
790	44	1	104.66500000000005	7.005000000000001
790	45	1	50.56500000000001	54.49999999999999
790	46	1	79.13000000000004	9.214999999999993
790	47	1	89.73134328358209	16.666666666666657
790	48	1	114.87999999999997	104.415
790	49	1	195.11	63.94500000000002
790	50	1	115.91542288557216	80.61194029850746
800	1	1	89.87500000000007	78.97000000000004
800	2	1	151.01990049751248	13.19900497512438
800	3	1	135.40201005025128	193.03015075376888
800	4	1	117.12999999999998	70.45999999999998
800	5	1	152.82587064676613	75.79104477611943
800	6	1	97.44221105527642	63.71356783919601
800	7	1	125.75999999999996	95.89500000000002
800	8	1	84.35499999999998	199.79499999999996
800	9	1	60.68	61.61
800	10	1	84.16499999999998	69.71999999999998
800	11	1	129.575	1.0000000000001137
800	12	1	122.9246231155779	7.502512562814065
800	13	1	81.89499999999998	58.739999999999995
800	14	1	51.79	84.31999999999995
800	15	1	63.275000000000006	80.47499999999995
800	16	1	188.575	80.46500000000003
800	17	1	71.38999999999993	75.58000000000003
800	18	1	150.597014925373	27.776119402985067
800	19	1	96.33500000000004	114.20999999999998
800	20	1	138.40201005025114	75.63819095477386
800	21	1	130.335	88.08000000000001
800	22	1	184.65999999999994	40.815000000000005
800	23	1	172.755	117.10500000000003
800	24	1	47.800995024875625	72.8855721393035
800	25	1	6.039800995024875	56.373134328358184
800	26	1	91.05025125628143	90.8040201005025
800	27	1	139.855	65.05500000000002
800	28	1	144.21000000000004	86.92500000000003
800	29	1	165.58793969849256	164.02010050251266
800	30	1	90.50990099009897	104.0742574257426
800	31	1	138.14000000000001	16.559999999999995
800	32	1	109.28999999999999	117.64000000000001
800	33	1	69.24	49.675
800	34	1	172.07999999999998	41.94500000000001
800	35	1	187.44000000000017	68.255
800	36	1	146.85999999999993	198.865
800	37	1	77.40703517587936	22.45728643216081
800	38	1	104.06	130.96
800	39	1	77.99499999999992	91.41000000000001
800	40	1	2.0549999999999997	40.75999999999996
800	41	1	99.5879396984925	21.487437185929657
800	42	1	79.28000000000002	111.58999999999992
800	43	1	191.62	51.66000000000002
800	44	1	104.83417085427136	6.944723618090452
800	45	1	51.04500000000001	55.23499999999999
800	46	1	80.02512562814071	10.115577889447241
800	47	1	90.4427860696518	17.497512437810936
800	48	1	115.44999999999993	104.185
800	49	1	195.26	64.61500000000001
800	50	1	115.09999999999998	80.50500000000001
810	1	1	91.41791044776119	78.04477611940298
810	2	1	150.75000000000006	13.440000000000003
810	3	1	135.1249999999999	193.8200000000001
810	4	1	117.325	70.65999999999994
810	5	1	152.71641791044786	76.47263681592035
810	6	1	99.00000000000001	63.850746268656735
810	7	1	124.885	95.04000000000006
810	8	1	83.78391959798996	0.4371859296482416
810	9	1	60.94500000000003	62.02000000000001
810	10	1	84.38499999999996	68.93
810	11	1	129.98009950248752	1.875621890547336
810	12	1	123.56999999999998	8.29
810	13	1	82.29000000000003	58.68499999999998
810	14	1	52.34499999999996	84.00500000000002
810	15	1	64.07	81.15500000000007
810	16	1	187.15999999999997	80.40000000000009
810	17	1	72.43	75.95
810	18	1	152.085	27.595000000000002
810	19	1	96.46499999999997	114.00000000000001
810	20	1	138.60696517412939	76.03482587064676
810	21	1	130.27999999999992	88.20499999999993
810	22	1	183.80499999999998	39.730000000000004
810	23	1	171.8905472636816	116.30845771144281
810	24	1	47.679999999999986	73.23000000000002
810	25	1	5.584999999999999	56.55999999999999
810	26	1	90.65500000000006	91.29000000000006
810	27	1	140.00499999999994	65.12499999999997
810	28	1	143.78499999999994	87.635
810	29	1	164.11442786069654	163.87562189054742
810	30	1	91.97512437810947	103.81094527363183
810	31	1	138.82412060301505	17.54773869346734
810	32	1	108.73499999999999	117.45000000000003
810	33	1	69.44	49.74
810	34	1	172.42000000000004	42.30499999999999
810	35	1	187.78	68.595
810	36	1	147.2885572139303	198.3233830845771
810	37	1	77.51000000000002	22.724999999999998
810	38	1	103.9800995024876	129.64676616915415
810	39	1	78.65499999999999	91.07000000000002
810	40	1	1.4799999999999982	40.970000000000006
810	41	1	101.14925373134325	21.099502487562187
810	42	1	79.92462311557793	110.65829145728645
810	43	1	191.49253731343285	51.51243781094531
810	44	1	105.01999999999998	6.964999999999998
810	45	1	51.27500000000003	55.83999999999999
810	46	1	80.88500000000003	11.125000000000004
810	47	1	90.95500000000001	18.540000000000006
810	48	1	116.08	104.07000000000004
810	49	1	195.6915422885572	65.23383084577115
810	50	1	114.28500000000001	80.72500000000001
820	1	1	93.33165829145727	77.01005025125635
820	2	1	150.52238805970154	14.492537313432832
820	3	1	134.7661691542289	194.51741293532345
820	4	1	117.60696517412934	70.90547263681597
820	5	1	152.67	76.97999999999993
820	6	1	100.68999999999996	63.52000000000001
820	7	1	123.53999999999999	94.32499999999997
820	8	1	83.26130653266335	1.1306532663316589
820	9	1	61.60000000000002	62.82499999999999
820	10	1	85.21890547263689	68.21890547263679
820	11	1	130.49253731343282	2.8557213930348553
820	12	1	124.07	8.810000000000002
820	13	1	82.50000000000003	58.56499999999999
820	14	1	52.78499999999999	83.56999999999996
820	15	1	65.02487562189054	81.98009950248755
820	16	1	186.15000000000003	80.31499999999996
820	17	1	73.725	75.92999999999999
820	18	1	153.51499999999996	27.39000000000001
820	19	1	97.09000000000002	113.64499999999995
820	20	1	138.45226130653265	76.41708542713565
820	21	1	130.04000000000005	88.165
820	22	1	183.4228855721392	37.278606965174085
820	23	1	170.7313432835821	115.12437810945278
820	24	1	47.79999999999998	73.45500000000007
820	25	1	4.920000000000001	57.08000000000001
820	26	1	90.20895522388061	91.58706467661689
820	27	1	140.19999999999996	65.46000000000001
820	28	1	143.27638190954775	88.16582914572865
820	29	1	162.32338308457705	163.73631840796023
820	30	1	93.56999999999998	103.19500000000001
820	31	1	138.79104477611938	18.925373134328368
820	32	1	108.32500000000003	117.25500000000001
820	33	1	69.42713567839205	49.45728643216082
820	34	1	173.24875621890553	42.402985074626876
820	35	1	188.31	69.20499999999998
820	36	1	147.23500000000004	198.56
820	37	1	77.91500000000003	23.044999999999998
820	38	1	105.1144278606965	128.3283582089552
820	39	1	79.18499999999999	90.05000000000003
820	40	1	199.93	41.080000000000034
820	41	1	102.87437185929653	20.381909547738697
820	42	1	81.04477611940297	109.34825870646767
820	43	1	190.97512437810946	51.0497512437811
820	44	1	105.40499999999996	6.885
820	45	1	51.794999999999995	56.20999999999998
820	46	1	81.79899497487442	11.869346733668344
820	47	1	91.55721393034828	18.90547263681592
820	48	1	117.1840796019901	104.19402985074626
820	49	1	195.81094527363183	65.2437810945274
820	50	1	113.82000000000001	80.75999999999998
830	1	1	94.47738693467339	76.17085427135673
830	2	1	150.23999999999987	15.729999999999999
830	3	1	134.65499999999994	194.79000000000005
830	4	1	117.81500000000007	71.17500000000007
830	5	1	152.5075376884422	77.61809045226131
830	6	1	102.38999999999999	63.379999999999974
830	7	1	122.43283582089552	93.86069651741293
830	8	1	82.81407035175883	2.0301507537688437
830	9	1	62.20000000000001	63.279999999999994
830	10	1	86.08542713567842	67.74371859296483
830	11	1	131.1442786069651	3.885572139303463
830	12	1	124.385	8.955000000000002
830	13	1	83.03999999999999	58.46000000000003
830	14	1	53.81499999999996	83.095
830	15	1	66.10999999999999	82.48000000000002
830	16	1	185.51741293532325	80.6716417910448
830	17	1	74.71000000000004	75.60000000000004
830	18	1	154.48000000000002	28.04000000000001
830	19	1	97.43	113.24999999999997
830	20	1	138.19999999999993	76.98000000000002
830	21	1	129.99000000000004	88.26499999999999
830	22	1	183.30000000000004	35.81000000000004
830	23	1	169.07999999999996	114.65000000000003
830	24	1	47.63184079601994	73.88557213930346
830	25	1	4.445000000000002	57.804999999999986
830	26	1	90.01000000000005	91.865
830	27	1	140.53499999999997	65.82000000000002
830	28	1	143.08457711442784	88.93034825870647
830	29	1	160.88059701492534	163.28358208955225
830	30	1	95.28500000000004	102.445
830	31	1	138.89999999999992	20.135
830	32	1	107.63500000000003	117.24999999999999
830	33	1	70.08040201005025	48.934673366834176
830	34	1	173.73000000000002	42.275000000000006
830	35	1	188.50999999999996	69.52000000000002
830	36	1	147.25000000000006	199.15
830	37	1	77.94999999999997	23.29
830	38	1	106.12000000000003	127.57999999999997
830	39	1	79.97000000000004	89.37999999999997
830	40	1	198.78	41.31499999999999
830	41	1	104.5621890547264	20.02985074626866
830	42	1	82.105	108.19000000000003
830	43	1	190.655	50.945000000000014
830	44	1	105.255	6.85
830	45	1	52.074999999999996	56.86499999999998
830	46	1	82.57999999999996	12.659999999999997
830	47	1	91.99004975124375	19.72636815920397
830	48	1	118.24499999999999	105.17500000000004
830	49	1	195.73	65.30499999999998
830	50	1	113.10447761194035	80.84577114427866
840	1	1	95.71999999999993	75.53000000000006
840	2	1	150.3134328358211	16.72636815920398
840	3	1	134.37688442211046	194.88442211055275
840	4	1	118.6	71.82000000000001
840	5	1	152.64999999999992	78.09999999999997
840	6	1	104.01485148514848	63.282178217821794
840	7	1	121.41499999999995	93.28500000000001
840	8	1	82.80999999999999	2.664999999999999
840	9	1	63.30150753768845	64.2613065326633
840	10	1	87.11557788944727	67.45226130653263
840	11	1	131.30845771144274	4.273631840795986
840	12	1	125.15920398009949	9.905472636815919
840	13	1	84.41000000000001	57.769999999999996
840	14	1	54.79104477611943	82.6318407960199
840	15	1	67.21105527638193	82.95979899497488
840	16	1	184.86069651741292	80.68656716417912
840	17	1	75.56716417910447	75.17412935323381
840	18	1	155.59	28.074999999999992
840	19	1	97.34	113.39000000000001
840	20	1	138.46500000000003	77.33000000000003
840	21	1	129.98499999999999	88.41500000000003
840	22	1	182.87499999999986	34.49999999999997
840	23	1	167.7999999999999	113.54000000000003
840	24	1	47.85999999999998	74.11500000000002
840	25	1	3.99497487437186	58.29648241206031
840	26	1	90.02999999999999	92.18000000000002
840	27	1	140.40500000000006	66.15999999999998
840	28	1	143.0348258706467	89.31840796019905
840	29	1	160.16500000000002	163.14500000000007
840	30	1	97.21499999999993	101.76999999999998
840	31	1	139.10499999999993	21.08
840	32	1	107.31840796019905	117.08955223880596
840	33	1	69.85000000000002	49.07999999999998
840	34	1	173.98994974874378	42.346733668341706
840	35	1	188.655	69.70999999999994
840	36	1	146.75499999999997	199.77000000000012
840	37	1	78.52000000000001	23.535
840	38	1	106.78391959798995	127.08542713567844
840	39	1	81.09999999999998	88.68499999999997
840	40	1	198.15422885572139	41.30845771144279
840	41	1	106.07462686567165	19.597014925373134
840	42	1	83.11940298507467	106.91044776119405
840	43	1	190.4	50.53500000000002
840	44	1	105.03015075376882	6.733668341708543
840	45	1	52.700000000000024	57.425000000000004
840	46	1	83.48743718592964	13.03015075376884
840	47	1	93.01500000000004	20.009999999999998
840	48	1	118.91499999999998	105.63499999999992
840	49	1	195.54	65.09999999999998
840	50	1	111.80000000000003	81.07499999999995
850	1	1	97.64500000000004	74.605
850	2	1	149.87064676616916	18.194029850746276
850	3	1	134.415	195.32999999999998
850	4	1	119.93500000000002	72.51999999999998
850	5	1	152.68341708542707	78.34673366834171
850	6	1	106.13499999999999	63.709999999999994
850	7	1	120.4875621890547	93.51243781094533
850	8	1	83.31000000000003	3.109999999999999
850	9	1	63.87500000000001	65.025
850	10	1	88.43718592964824	67.16582914572867
850	11	1	131.32999999999998	4.734999999999998
850	12	1	125.80500000000004	11.34
850	13	1	85.18592964824118	57.41206030150754
850	14	1	55.89499999999996	81.805
850	15	1	68.49500000000005	82.99499999999998
850	16	1	184.00000000000014	80.49
850	17	1	76.89499999999997	74.32499999999996
850	18	1	156.42000000000004	28.304999999999993
850	19	1	97.37499999999996	113.13999999999996
850	20	1	138.63819095477388	77.58291457286433
850	21	1	129.92000000000004	88.47000000000003
850	22	1	182.3	32.84999999999996
850	23	1	166.30845771144277	112.24875621890548
850	24	1	47.89500000000005	74.61500000000001
850	25	1	3.7750000000000004	59.12500000000001
850	26	1	90.20100502512565	92.31658291457289
850	27	1	140.29500000000004	66.37999999999998
850	28	1	143.18000000000004	89.50499999999997
850	29	1	159.0696517412936	163.34825870646748
850	30	1	98.59	101.11000000000001
850	31	1	138.90547263681594	22.094527363184078
850	32	1	107.16499999999998	117
850	33	1	69.91999999999996	49.194999999999986
850	34	1	175.89499999999995	42.26999999999999
850	35	1	188.53999999999985	69.91499999999999
850	36	1	146.42999999999998	0.3149999999999693
850	37	1	79.115	23.51499999999999
850	38	1	107.38805970149255	126.59701492537316
850	39	1	81.94500000000001	87.85000000000004
850	40	1	197.855	41.52999999999999
850	41	1	106.87500000000007	19.26500000000001
850	42	1	83.8855721393035	106.07960199004974
850	43	1	190.45273631840797	50.472636815920396
850	44	1	104.93999999999998	6.73
850	45	1	53.1641791044776	57.8308457711443
850	46	1	84.54499999999996	13.464999999999995
850	47	1	93.95477386934675	20.778894472361813
850	48	1	119.33333333333329	106.3980099502487
850	49	1	195.50251256281408	65.0603015075377
850	50	1	110.90500000000006	81.58999999999997
860	1	1	98.93499999999999	74.08999999999996
860	2	1	149.56999999999994	19.575000000000006
860	3	1	134.52	195.6100000000001
860	4	1	120.905	73.86000000000003
860	5	1	152.5650000000001	78.60999999999999
860	6	1	108.14000000000001	63.179999999999986
860	7	1	119.7688442211055	94.10552763819096
860	8	1	83.62999999999998	3.549999999999999
860	9	1	65.05999999999999	65.79499999999994
860	10	1	90.09999999999998	66.44999999999997
860	11	1	131.90954773869345	5.527638190954773
860	12	1	126.32999999999998	12.280000000000001
860	13	1	86.33500000000002	57.144999999999975
860	14	1	57.5771144278607	80.6567164179105
860	15	1	69.70000000000003	83.68999999999998
860	16	1	183.27000000000007	80.29
860	17	1	78.00500000000001	73.75499999999997
860	18	1	157.363184079602	28.263681592039795
860	19	1	96.95999999999998	113.16499999999998
860	20	1	139.31155778894473	78.08040201005024
860	21	1	129.76381909547737	88.57788944723616
860	22	1	182.1999999999999	32.395
860	23	1	164.94029850746276	110.9850746268657
860	24	1	47.86567164179104	75.24875621890548
860	25	1	3.6550000000000007	59.189999999999976
860	26	1	90.60500000000002	92.78999999999999
860	27	1	140.51500000000004	66.46499999999999
860	28	1	143.41500000000002	90.38999999999999
860	29	1	158.32	163.67500000000013
860	30	1	100.26368159203983	100.15422885572134
860	31	1	138.52238805970148	23.2089552238806
860	32	1	107.22000000000001	116.53499999999997
860	33	1	70.33165829145734	49.045226130653234
860	34	1	176.95999999999995	42.164999999999985
860	35	1	188.67000000000004	70.37000000000003
860	36	1	146.4422110552764	1.1658291457285657
860	37	1	79.45771144278609	23.567164179104477
860	38	1	107.70999999999994	126.17499999999995
860	39	1	83.07960199004981	87.08955223880588
860	40	1	197.98994974874373	41.70854271356784
860	41	1	107.36999999999999	19.03
860	42	1	84.68500000000003	105.52
860	43	1	190.415	50.38999999999996
860	44	1	105.37999999999994	6.689999999999998
860	45	1	54.08955223880598	58.119402985074665
860	46	1	85.18905472636816	13.681592039800991
860	47	1	94.57999999999997	21.425
860	48	1	119.68159203980098	106.7014925373134
860	49	1	195.44	65.095
860	50	1	109.725	82.15500000000002
870	1	1	100.40796019900502	73.66169154228852
870	2	1	149.2835820895522	20.15422885572139
870	3	1	134.64999999999995	195.7199999999999
870	4	1	121.83499999999997	74.88500000000002
870	5	1	152.75	78.85
870	6	1	109.74999999999997	63.25500000000002
870	7	1	119.32	94.81499999999997
870	8	1	83.02000000000001	4.389999999999999
870	9	1	65.97487437185929	66.44221105527637
870	10	1	91.52736318407968	66.3283582089552
870	11	1	132.2999999999999	6.17
870	12	1	126.85500000000003	12.890000000000004
870	13	1	87.09	57.38500000000001
870	14	1	59.2462311557789	79.85929648241206
870	15	1	70.92039800995025	84.1990049751244
870	16	1	182.85	79.84999999999998
870	17	1	78.94472361809045	72.95979899497483
870	18	1	157.53000000000003	28.42
870	19	1	97.09999999999997	112.96999999999997
870	20	1	139.87499999999994	78.70500000000006
870	21	1	129.7164179104477	88.87562189054731
870	22	1	182.19402985074623	32.22885572139304
870	23	1	163.75500000000002	109.43500000000003
870	24	1	47.875000000000014	76.18
870	25	1	3.644999999999999	59.43000000000001
870	26	1	90.93532338308458	93.87064676616919
870	27	1	140.72636815920384	66.81094527363182
870	28	1	143.75499999999994	91.52000000000005
870	29	1	156.89054726368158	163.58208955223878
870	30	1	101.84577114427857	99.64179104477613
870	31	1	138.28999999999996	24.26499999999999
870	32	1	107.53499999999998	116.29999999999995
870	33	1	69.945	49.31499999999997
870	34	1	177.85499999999993	42.269999999999975
870	35	1	188.62999999999997	70.29999999999998
870	36	1	146.74499999999992	1.8900000000000716
870	37	1	79.715	23.73
870	38	1	108.67839195979894	125.67839195979897
870	39	1	83.95024875621887	86.45771144278609
870	40	1	198.265	41.769999999999996
870	41	1	107.77	18.509999999999998
870	42	1	84.77499999999996	105.14000000000003
870	43	1	190.34170854271358	50.331658291457266
870	44	1	105.185	6.575000000000002
870	45	1	55.25373134328358	58.56716417910448
870	46	1	86.318407960199	13.910447761194037
870	47	1	95.18499999999999	21.96
870	48	1	120.26999999999998	107.01499999999997
870	49	1	195.66331658291458	65.20603015075376
870	50	1	109.07499999999997	82.56999999999995
880	1	1	101.65174129353235	73.4825870646767
880	2	1	149.21999999999997	20.36
880	3	1	134.81407035175886	196.24120603015078
880	4	1	122.73999999999998	76.00000000000006
880	5	1	152.71859296482404	78.90452261306531
880	6	1	110.75742574257427	63.25247524752475
880	7	1	117.99497487437189	95.34673366834167
880	8	1	83.1393034825871	4.855721393034829
880	9	1	66.2613065326633	66.56783919597991
880	10	1	92.56999999999996	66.32500000000005
880	11	1	132.72000000000003	6.7
880	12	1	127.44	13.724999999999996
880	13	1	87.92499999999993	57.524999999999984
880	14	1	60.494999999999976	79.70500000000001
880	15	1	71.65000000000005	84.20500000000006
880	16	1	182.66331658291458	79.73366834170855
880	17	1	79.46	72.14500000000004
880	18	1	157.78499999999997	28.52499999999999
880	19	1	96.73366834170857	113.04020100502514
880	20	1	140.13065326633162	79.33668341708541
880	21	1	129.34000000000003	89.37500000000009
880	22	1	182.32	32.03
880	23	1	162.565	109.09500000000003
880	24	1	48.17499999999999	77.57500000000003
880	25	1	3.65	59.845
880	26	1	91.48756218905473	94.29850746268656
880	27	1	140.83999999999997	67.31499999999996
880	28	1	144.12000000000003	92.23
880	29	1	155.1599999999998	163.53999999999994
880	30	1	102.99000000000001	99.62
880	31	1	138.40298507462674	25.12437810945274
880	32	1	107.66	116.10999999999999
880	33	1	70.11999999999998	49.129999999999974
880	34	1	178.26999999999995	42.24000000000001
880	35	1	188.52000000000004	70.42000000000003
880	36	1	147.58499999999998	2.594999999999999
880	37	1	80.12437810945273	23.94527363184081
880	38	1	110.04522613065325	124.96984924623113
880	39	1	84.69154228855719	85.61194029850748
880	40	1	198.68341708542712	41.894472361809065
880	41	1	108.46499999999997	17.785000000000007
880	42	1	84.69	104.17500000000001
880	43	1	190.56	50.15499999999999
880	44	1	104.66000000000003	6.710000000000001
880	45	1	56.104999999999976	59.59000000000001
880	46	1	87.315	14.080000000000007
880	47	1	95.57213930348257	23.243781094527353
880	48	1	121.255	107.67500000000005
880	49	1	195.47738693467338	65.13567839195986
880	50	1	108.3880597014925	82.8457711442786
890	1	1	103.45728643216081	73.30150753768851
890	2	1	148.91959798994984	20.623115577889443
890	3	1	135.08500000000004	196.385
890	4	1	123.6900000000001	77.31500000000008
890	5	1	152.74000000000007	78.60500000000003
890	6	1	111.87437185929647	63.56783919597991
890	7	1	117.43283582089555	96.06467661691538
890	8	1	82.62499999999994	5.854999999999996
890	9	1	66.42211055276378	66.77889447236184
890	10	1	94.01485148514853	66.47029702970302
890	11	1	133.12999999999994	7.045000000000005
890	12	1	127.71	14.39
890	13	1	87.65000000000002	57.85500000000001
890	14	1	61.73762376237625	78.76237623762377
890	15	1	72.55000000000005	84.70500000000003
890	16	1	182.6799999999998	79.80999999999999
890	17	1	80.24999999999999	71.34000000000003
890	18	1	157.78391959798998	28.552763819095475
890	19	1	96.65326633165832	113.11557788944721
890	20	1	140.5150000000001	80.19499999999996
890	21	1	129.24378109452738	90.74626865671651
890	22	1	183.21499999999997	31.695000000000004
890	23	1	161.75879396984925	108.46231155778898
890	24	1	48.56499999999999	78.90499999999999
890	25	1	3.7799999999999994	59.77999999999999
890	26	1	91.92039800995019	94.90547263681592
890	27	1	140.52500000000015	67.76500000000004
890	28	1	144.69000000000003	92.75499999999995
890	29	1	153.45999999999995	163.22499999999997
890	30	1	103.82914572864318	99.93467336683419
890	31	1	138.03482587064684	25.865671641791053
890	32	1	107.59798994974875	116.46231155778894
890	33	1	70.27499999999996	48.919999999999995
890	34	1	178.462311557789	42.15075376884418
890	35	1	188.36499999999998	70.19500000000002
890	36	1	148.74129353233832	3.786069651741294
890	37	1	80.65174129353233	24.134328358208947
890	38	1	111.00499999999997	124.39000000000003
890	39	1	85.59	84.76500000000001
890	40	1	198.63	41.890000000000015
890	41	1	109.09500000000001	16.630000000000006
890	42	1	84.56000000000002	103.65999999999997
890	43	1	190.54	50.244999999999976
890	44	1	104.19597989949744	6.919597989949747
890	45	1	56.89	60.024999999999956
890	46	1	88.47761194029853	13.845771144278608
890	47	1	95.6683417085427	25.10050251256281
890	48	1	122.65000000000003	107.91999999999997
890	49	1	195.68	65.45500000000003
890	50	1	107.56218905472635	83.1542288557214
900	1	1	104.748743718593	72.86934673366831
900	2	1	148.76119402985083	20.552238805970156
900	3	1	135.7650000000001	196.81500000000008
900	4	1	124.07499999999996	78.84999999999998
900	5	1	152.748743718593	78.52261306532661
900	6	1	112.97014925373134	63.716417910447774
900	7	1	116.92499999999995	96.67
900	8	1	82.36318407960201	6.76616915422886
900	9	1	66.19	67.11999999999998
900	10	1	94.98994974874373	66.78894472361812
900	11	1	133.31000000000003	6.955
900	12	1	128.33	15.435000000000006
900	13	1	88.14500000000002	58.245000000000026
900	14	1	62.388059701492544	78.40298507462687
900	15	1	73.66834170854273	84.68844221105535
900	16	1	182.59798994974884	79.79899497487432
900	17	1	80.53499999999995	70.44500000000006
900	18	1	157.81	28.570000000000004
900	19	1	96.57000000000004	112.90999999999997
900	20	1	141.30000000000007	81.10499999999999
900	21	1	128.72636815920401	91.86567164179107
900	22	1	184.06500000000008	31.505000000000006
900	23	1	160.63	108.53500000000005
900	24	1	49.24999999999999	80.07000000000002
900	25	1	3.924999999999999	59.76500000000001
900	26	1	92.59000000000003	95.14499999999997
900	27	1	139.7512437810946	68.51243781094526
900	28	1	145.29999999999995	93.26999999999997
900	29	1	152.0049751243781	162.30845771144274
900	30	1	104.42	99.53500000000001
900	31	1	137.68000000000004	26.62499999999999
900	32	1	107.21105527638191	116.61306532663318
900	33	1	70.54773869346731	48.77386934673367
900	34	1	178.92499999999998	42.25500000000001
900	35	1	188.31658291457293	70.33165829145732
900	36	1	149.87064676616902	4.9601990049751254
900	37	1	81.12999999999995	23.955
900	38	1	112.03499999999998	123.66000000000003
900	39	1	86.35175879396988	84.3366834170854
900	40	1	198.77	41.754999999999995
900	41	1	110.53999999999998	15.894999999999994
900	42	1	84.41999999999996	103.07500000000003
900	43	1	190.715	50.385000000000005
900	44	1	103.26499999999999	7.634999999999997
900	45	1	58.03499999999999	59.930000000000014
900	46	1	89.46733668341713	13.683417085427143
900	47	1	95.44999999999999	26.590000000000003
900	48	1	123.92	108.03000000000002
900	49	1	195.615	65.38000000000008
900	50	1	106.71499999999997	83.41000000000004
910	1	1	105.73499999999994	72.34000000000005
910	2	1	148.58000000000015	20.874999999999993
910	3	1	136.78000000000011	197.58
910	4	1	124.31683168316842	80.58415841584157
910	5	1	152.40703517587937	78.09045226130655
910	6	1	114.08000000000003	64.645
910	7	1	116.31499999999997	98.19499999999998
910	8	1	81.60000000000004	7.915000000000004
910	9	1	65.94527363184076	67.2985074626866
910	10	1	95.94500000000001	66.80499999999999
910	11	1	133.875	7.329999999999999
910	12	1	128.35500000000005	15.615000000000002
910	13	1	88.42	58.61499999999998
910	14	1	63.380000000000024	78.34000000000002
910	15	1	74.44	84.69999999999996
910	16	1	182.08999999999992	79.38499999999996
910	17	1	80.5577889447236	69.40201005025125
910	18	1	157.72999999999988	28.475000000000012
910	19	1	96.30499999999996	112.45499999999997
910	20	1	141.54271356783912	81.86432160804023
910	21	1	128.41206030150752	93.09045226130657
910	22	1	184.74129353233832	31.23383084577116
910	23	1	159.49751243781094	108.1293532338308
910	24	1	50.711442786069654	81.16915422885575
910	25	1	3.849999999999999	59.48500000000003
910	26	1	93.13999999999999	95.445
910	27	1	138.76000000000005	69.47999999999998
910	28	1	145.85	93.5
910	29	1	150.46268656716435	161.84577114427861
910	30	1	104.72000000000003	98.945
910	31	1	137.25499999999994	26.934999999999988
910	32	1	106.93499999999999	116.89999999999999
910	33	1	70.69999999999995	47.59
910	34	1	179.775	42.07500000000004
910	35	1	188.4000000000001	70.51499999999999
910	36	1	151.49253731343276	6.36318407960199
910	37	1	81.805	23.745000000000015
910	38	1	112.96999999999997	122.53499999999994
910	39	1	87.42000000000004	83.43999999999997
910	40	1	199.1608040201005	41.76884422110552
910	41	1	112.17500000000003	14.695000000000004
910	42	1	84.24499999999998	102.40500000000004
910	43	1	190.365	50.175000000000004
910	44	1	103.04	9.229999999999997
910	45	1	59.37810945273631	59.51741293532337
910	46	1	90.65671641791039	12.253731343283576
910	47	1	94.87499999999999	27.844999999999995
910	48	1	125.66834170854273	108.29145728643216
910	49	1	195.63819095477388	65.56783919597989
910	50	1	106.42500000000004	83.77499999999999
920	1	1	107.13000000000002	71.90499999999999
920	2	1	148.195	20.819999999999986
920	3	1	137.86499999999998	198.24999999999997
920	4	1	124.15	81.96000000000004
920	5	1	151.92537313432834	77.62189054726372
920	6	1	115.19402985074629	64.76119402985077
920	7	1	115.98000000000003	99.38499999999995
920	8	1	81.0954773869347	8.748743718592962
920	9	1	65.30999999999999	67.20000000000007
920	10	1	97.1940298507463	66.58208955223874
920	11	1	134.63999999999993	7.9
920	12	1	128.24499999999998	16.195000000000007
920	13	1	88.80499999999996	59.22500000000002
920	14	1	64.28999999999999	78.36
920	15	1	75.13432835820892	83.80099502487568
920	16	1	181.65499999999994	79.03499999999997
920	17	1	80.5671641791045	68.46766169154228
920	18	1	157.64499999999995	28.085000000000004
920	19	1	96.12500000000001	112.31499999999996
920	20	1	141.66834170854273	82.78391959799
920	21	1	127.80499999999999	94.38500000000005
920	22	1	185.34673366834178	31.11557788944724
920	23	1	158.5299999999999	107.96000000000002
920	24	1	51.726368159203965	81.592039800995
920	25	1	4.1049999999999995	59.64999999999998
920	26	1	93.91499999999998	95.58500000000001
920	27	1	137.6299999999999	70.61999999999996
920	28	1	145.82500000000002	93.57500000000003
920	29	1	149.57213930348254	160.68656716417914
920	30	1	105.42500000000001	98.47
920	31	1	136.95000000000002	27.254999999999992
920	32	1	106.85500000000002	117.01499999999997
920	33	1	70.76500000000006	47.64999999999997
920	34	1	180.42499999999998	41.66000000000001
920	35	1	188.58500000000004	70.865
920	36	1	152.819095477387	7.23618090452261
920	37	1	82.86500000000001	23.24
920	38	1	113.80402010050256	121.99497487437185
920	39	1	88.65000000000005	82.44000000000004
920	40	1	199.69	41.920000000000016
920	41	1	113.52499999999996	14.175
920	42	1	84.25499999999997	100.98500000000003
920	43	1	190.415	50.17999999999999
920	44	1	103.0049751243781	10.77611940298507
920	45	1	59.659999999999975	59.385
920	46	1	91.39800995024878	10.910447761194026
920	47	1	94.31155778894467	28.86934673366834
920	48	1	127.14851485148522	108.95049504950491
920	49	1	195.825	65.59500000000004
920	50	1	106.12562814070351	84.03517587939695
930	1	1	108.28140703517587	72.02512562814073
930	2	1	147.40703517587943	20.01507537688441
930	3	1	139.17999999999998	198.71000000000006
930	4	1	123.96019900497515	83.42288557213928
930	5	1	151.54499999999993	77.43500000000002
930	6	1	116.12000000000006	65.49499999999996
930	7	1	116.12437810945278	100.75124378109456
930	8	1	80.55223880597019	9.651741293532329
930	9	1	65.52238805970146	67.09452736318407
930	10	1	98.67	65.99499999999999
930	11	1	135.06500000000008	8.125
930	12	1	128.25000000000006	16.715
930	13	1	89.00499999999994	60.010000000000026
930	14	1	64.84000000000002	78.11499999999998
930	15	1	75.91500000000003	83.16000000000004
930	16	1	180.5299999999999	77.81500000000005
930	17	1	80.45500000000006	67.04500000000003
930	18	1	157.515	27.72
930	19	1	95.74371859296481	112.11557788944722
930	20	1	141.59798994974875	83.40201005025128
930	21	1	128.16500000000002	95.66000000000005
930	22	1	186.1492537313432	30.860696517412947
930	23	1	157.3100000000001	107.81999999999996
930	24	1	53.100502512562805	82.33165829145726
930	25	1	4.57	60.005
930	26	1	94.67839195979899	95.91457286432158
930	27	1	136.89949748743717	71.7788944723618
930	28	1	146.29850746268662	93.68656716417907
930	29	1	148.72999999999996	160.10499999999993
930	30	1	106.15499999999994	98.48499999999997
930	31	1	135.89499999999998	28.484999999999992
930	32	1	106.89054726368163	117.02487562189054
930	33	1	70.90547263681592	47.09950248756216
930	34	1	180.9651741293533	41.78606965174129
930	35	1	188.73499999999981	70.935
930	36	1	153.97014925373134	8.164179104477611
930	37	1	83.30845771144286	22.472636815920403
930	38	1	114.26999999999997	121.65999999999998
930	39	1	89.80198019801982	81.39603960396039
930	40	1	0.12500000000000042	42.24
930	41	1	115.16915422885572	13.547263681592046
930	42	1	84.21999999999996	99.47999999999996
930	43	1	190.52499999999998	49.92500000000001
930	44	1	103.10000000000007	11.975
930	45	1	60.99004975124378	58.606965174129336
930	46	1	92.28140703517586	9.778894472361804
930	47	1	93.37499999999999	29.71
930	48	1	128.83000000000007	109.50999999999998
930	49	1	195.69	65.31000000000007
930	50	1	105.61809045226131	84.27638190954771
940	1	1	109.25999999999999	72.27
940	2	1	146.46268656716407	19.796019900497512
940	3	1	140.74000000000004	199.55999999999995
940	4	1	123.321608040201	84.80904522613068
940	5	1	150.90452261306535	77.10050251256277
940	6	1	116.63681592039804	65.97014925373135
940	7	1	116.04020100502511	101.60301507537687
940	8	1	80.02000000000001	10.645000000000003
940	9	1	65.50000000000001	67.09499999999997
940	10	1	99.82499999999996	64.97
940	11	1	135.5422885572138	8.094527363184078
940	12	1	128.17499999999998	17.255000000000003
940	13	1	89.27499999999995	61.03499999999997
940	14	1	65.21608040201008	77.55778894472358
940	15	1	76.405	83.13500000000003
940	16	1	178.77000000000007	77.34999999999997
940	17	1	80.36999999999998	66.22499999999998
940	18	1	157.09499999999994	27.904999999999994
940	19	1	94.66000000000004	111.915
940	20	1	141.46499999999992	83.83500000000001
940	21	1	128.42	96.85499999999999
940	22	1	186.27135678391957	30.864321608040196
940	23	1	156.15920398009956	107.02487562189053
940	24	1	53.775000000000006	82.28999999999999
940	25	1	5.210000000000001	60.27999999999998
940	26	1	95.4278606965174	96.54726368159199
940	27	1	135.80597014925368	73.04477611940304
940	28	1	146.39499999999998	93.74500000000003
940	29	1	148.04999999999998	159.64999999999998
940	30	1	106.33500000000002	98.62499999999999
940	31	1	135.1400000000001	29.52999999999998
940	32	1	106.7850000000001	117.16000000000003
940	33	1	71.01507537688448	46.54271356783918
940	34	1	181.495	41.88999999999998
940	35	1	188.325	70.92500000000003
940	36	1	155.38499999999993	9.869999999999997
940	37	1	84.91499999999995	21.990000000000006
940	38	1	114.97500000000002	121.02000000000001
940	39	1	90.77	80.57000000000002
940	40	1	0.2799999999999996	42.52000000000002
940	41	1	116.68499999999996	13.29
940	42	1	83.84422110552765	97.87939698492465
940	43	1	190.60999999999999	50.070000000000014
940	44	1	103.41499999999995	13.134999999999998
940	45	1	62.27000000000001	58.09499999999998
940	46	1	92.57000000000001	9.000000000000004
940	47	1	92.57999999999997	30.54499999999998
940	48	1	130.11940298507471	110.03980099502489
940	49	1	195.85	65.53999999999996
940	50	1	105.28499999999997	84.44499999999998
950	1	1	110.25499999999994	72.60500000000002
950	2	1	145.73869346733667	18.653266331658298
950	3	1	141.970297029703	0.25742574257432693
950	4	1	123.22499999999997	85.84500000000001
950	5	1	150.76884422110547	77.28643216080401
950	6	1	117.32663316582921	66.54773869346734
950	7	1	116.22499999999998	102.65999999999994
950	8	1	79.57000000000002	11.735000000000005
950	9	1	65.26633165829148	66.8994974874372
950	10	1	100.91500000000002	63.989999999999945
950	11	1	135.4699999999999	8.020000000000003
950	12	1	128.0800000000001	17.730000000000015
950	13	1	89.94472361809042	62.2110552763819
950	14	1	65.62500000000003	77.47500000000002
950	15	1	77.65500000000002	82.38
950	16	1	177.13432835820893	76.56716417910445
950	17	1	80.29499999999997	64.89000000000001
950	18	1	156.13432835820896	27.333333333333346
950	19	1	93.68	111.69999999999995
950	20	1	141.19900497512455	84.00995024875617
950	21	1	128.62499999999997	97.99499999999996
950	22	1	186.44999999999987	30.96499999999999
950	23	1	154.93500000000003	105.45
950	24	1	54.305	81.46999999999996
950	25	1	6.244999999999998	60.155000000000015
950	26	1	95.87	97.37999999999995
950	27	1	135.2139303482587	73.87064676616916
950	28	1	146.24	93.86499999999997
950	29	1	147.29999999999998	159.66499999999996
950	30	1	106.60499999999993	98.64
950	31	1	134.51500000000001	30.125
950	32	1	106.44000000000001	117.305
950	33	1	71.455	46.155
950	34	1	181.7749999999999	42.10999999999997
950	35	1	187.92499999999993	70.98500000000001
950	36	1	156.965	11.399999999999999
950	37	1	86.11940298507466	21.706467661691548
950	38	1	115.25500000000002	120.555
950	39	1	91.93532338308461	79.91542288557218
950	40	1	0.4849999999999983	43.135
950	41	1	117.67164179104475	12.611940298507461
950	42	1	83.74999999999999	96.67499999999998
950	43	1	190.80999999999992	49.98499999999998
950	44	1	103.90999999999997	14.969999999999992
950	45	1	63.51485148514854	57.727722772277225
950	46	1	92.8955223880597	8.825870646766164
950	47	1	91.54228855721391	31.154228855721406
950	48	1	131.40099009900982	110.9158415841584
950	49	1	195.995	65.68500000000003
950	50	1	104.93999999999998	84.66500000000002
960	1	1	111.33	73.39000000000001
960	2	1	144.97999999999988	18.56499999999999
960	3	1	143.04	0.6000000000001364
960	4	1	122.58500000000004	87.26500000000001
960	5	1	150.53500000000005	76.83499999999995
960	6	1	117.90547263681592	67.01990049751245
960	7	1	117.00999999999999	103.97499999999997
960	8	1	79.16915422885575	12.701492537313438
960	9	1	65.21000000000001	66.93499999999999
960	10	1	101.7	62.98500000000002
960	11	1	135.78391959798978	8.010050251256283
960	12	1	128.10000000000002	18.42999999999999
960	13	1	90.64999999999996	63.135000000000005
960	14	1	66.06499999999998	77.33000000000004
960	15	1	79.07035175879396	81.27135678391959
960	16	1	176.29000000000002	75.31999999999995
960	17	1	80.475	63.755
960	18	1	155.11499999999984	27.045
960	19	1	92.57499999999997	111.09499999999997
960	20	1	140.9000000000001	84.21500000000002
960	21	1	129.51256281407032	99.18090452261309
960	22	1	186.93500000000006	30.97000000000001
960	23	1	153.92039800995022	104.47761194029852
960	24	1	54.83417085427134	81.0904522613066
960	25	1	7.4	60.37999999999999
960	26	1	96.21999999999998	98.13500000000002
960	27	1	134.93532338308455	74.97014925373132
960	28	1	146.32	93.73999999999994
960	29	1	146.6349999999999	159.63999999999996
960	30	1	106.95522388059703	98.77611940298507
960	31	1	133.4	31.050000000000015
960	32	1	105.67500000000005	117.51
960	33	1	71.98500000000003	46.26999999999997
960	34	1	181.99	42.34000000000001
960	35	1	187.25999999999993	71.19000000000001
960	36	1	157.86500000000007	12.294999999999996
960	37	1	87.26865671641787	21.303482587064682
960	38	1	115.66500000000005	120.17999999999996
960	39	1	93.33999999999997	79.52999999999994
960	40	1	0.5749999999999992	43.85499999999999
960	41	1	118.74626865671634	11.835820895522389
960	42	1	83.835	95.44500000000005
960	43	1	191.13500000000016	50.029999999999994
960	44	1	105.09950248756223	15.761194029850746
960	45	1	64.155	57.56500000000003
960	46	1	93.08499999999994	9.200000000000001
960	47	1	90.93500000000003	30.835000000000015
960	48	1	132.53499999999997	111.47000000000001
960	49	1	196.495	65.64000000000001
960	50	1	104.89949748743717	84.94974874371856
970	1	1	111.61691542288553	73.98009950248758
970	2	1	144.71641791044777	18.233830845771145
970	3	1	144.45500000000004	1.2499999999999716
970	4	1	121.93069306930697	88.60891089108911
970	5	1	150.01000000000013	76.36500000000001
970	6	1	118.05	67.34000000000002
970	7	1	117.24999999999997	104.99499999999999
970	8	1	79.01990049751248	13.990049751243781
970	9	1	65.08955223880596	66.84577114427863
970	10	1	102.33165829145732	61.61306532663318
970	11	1	135.9402985074625	8.174129353233834
970	12	1	128.21	18.785000000000004
970	13	1	91.20895522388058	63.72636815920397
970	14	1	66.4676616915423	77.10945273631839
970	15	1	80.28000000000003	80.34500000000004
970	16	1	175.80000000000004	74.10500000000003
970	17	1	80.97000000000001	63.105
970	18	1	154.2499999999999	26.944999999999997
970	19	1	91.29850746268662	110.363184079602
970	20	1	140.22	84.82000000000001
970	21	1	129.9850746268656	100.48258706467661
970	22	1	187.1256281407035	31.070351758793972
970	23	1	153.185	103.47000000000004
970	24	1	55.01499999999999	80.50499999999998
970	25	1	8.638190954773869	60.68844221105528
970	26	1	96.29353233830854	98.77611940298507
970	27	1	134.34500000000003	76.03999999999999
970	28	1	146.07960199004975	93.8358208955224
970	29	1	145.5323383084576	160.06965174129354
970	30	1	107.20500000000006	99.24499999999999
970	31	1	132.4378109452737	31.960199004975113
970	32	1	104.57500000000002	117.97999999999999
970	33	1	72.29000000000003	46.04000000000002
970	34	1	182.705	42.600000000000016
970	35	1	187.01500000000004	71.48500000000006
970	36	1	158.97499999999997	13.06
970	37	1	88.69000000000001	20.665000000000003
970	38	1	115.99999999999997	119.95999999999995
970	39	1	94.30845771144281	79.30348258706461
970	40	1	0.9104477611940295	44.825870646766205
970	41	1	119.60999999999999	11.05
970	42	1	83.53233830845774	94.75124378109456
970	43	1	191.34000000000003	50.515000000000015
970	44	1	106.23383084577114	16.646766169154223
970	45	1	65.26999999999995	57.17499999999999
970	46	1	93.63000000000002	8.564999999999996
970	47	1	89.78999999999999	30.50999999999999
970	48	1	133.3199999999999	112.70499999999996
970	49	1	197.22	65.82500000000003
970	50	1	104.72000000000003	85.455
980	1	1	111.86999999999993	74.73499999999999
980	2	1	144.17	18.250000000000014
980	3	1	145.16582914572862	1.4924623115578015
980	4	1	121.73999999999998	89.94000000000003
980	5	1	149.55276381909545	76.462311557789
980	6	1	118.16915422885577	67.80099502487559
980	7	1	116.9303482587065	105.81592039800992
980	8	1	79.03482587064681	15.094527363184076
980	9	1	64.44000000000003	66.66500000000003
980	10	1	102.39499999999995	61.105
980	11	1	136.3500000000001	8.380000000000004
980	12	1	128.155	18.884999999999984
980	13	1	91.58706467661685	65.08955223880594
980	14	1	66.87562189054727	77.17910447761199
980	15	1	80.465	79.54999999999994
980	16	1	175.62000000000006	73.21000000000004
980	17	1	81.6666666666667	62.03980099502486
980	18	1	152.91000000000008	26.24999999999999
980	19	1	90.03500000000001	109.43000000000005
980	20	1	139.6180904522613	85.58793969849243
980	21	1	130.40796019900495	101.92537313432841
980	22	1	187.21499999999995	31.01000000000001
980	23	1	152.54500000000004	102.77
980	24	1	55.015075376884425	79.77889447236177
980	25	1	9.50753768844221	60.64321608040198
980	26	1	96.29145728643219	99.33165829145722
980	27	1	133.58499999999995	77.29499999999999
980	28	1	145.68000000000004	94.10999999999997
980	29	1	144.01000000000002	160.38499999999996
980	30	1	107.28643216080404	99.5326633165829
980	31	1	130.85572139303474	32.835820895522396
980	32	1	103.30999999999996	118.14999999999996
980	33	1	72.79500000000002	46.004999999999995
980	34	1	183.53499999999988	42.985000000000035
980	35	1	186.92537313432845	71.97014925373134
980	36	1	160.38999999999993	14.239999999999998
980	37	1	90.60499999999998	20.249999999999986
980	38	1	116.49500000000002	119.605
980	39	1	94.89500000000004	79.38499999999996
980	40	1	1.1249999999999993	45.51999999999999
980	41	1	120.06965174129355	9.89552238805971
980	42	1	83.23383084577112	93.64676616915428
980	43	1	191.55999999999997	50.964999999999996
980	44	1	107.31000000000002	17.085000000000008
980	45	1	66.45771144278608	57.004975124378106
980	46	1	94.21500000000005	8.635000000000003
980	47	1	88.64000000000001	30.035000000000004
980	48	1	134.09499999999986	113.68
980	49	1	198.044776119403	65.5721393034826
980	50	1	104.73134328358206	85.9452736318408
990	1	1	111.91000000000003	75.43499999999999
990	2	1	143.55499999999992	18.429999999999996
990	3	1	145.89552238805973	1.8606965174129755
990	4	1	121.09000000000002	91.23500000000001
990	5	1	148.63819095477388	75.93969849246231
990	6	1	118.16999999999994	68.33000000000001
990	7	1	117.12999999999994	106.63000000000001
990	8	1	78.79000000000003	16.069999999999993
990	9	1	63.92500000000002	66.42500000000001
990	10	1	101.8706467661691	59.865671641790996
990	11	1	136.45226130653256	8.487437185929648
990	12	1	127.89999999999998	18.655
990	13	1	92.12562814070357	65.96482412060301
990	14	1	67.4673366834171	77.35175879396988
990	15	1	81.0552763819096	78.54773869346742
990	16	1	175.4950000000001	71.59500000000004
990	17	1	82.31840796019905	61.1144278606965
990	18	1	151.64999999999995	25.460000000000008
990	19	1	88.94	108.74499999999996
990	20	1	138.93499999999997	86.13999999999999
990	21	1	130.67164179104475	103.68656716417911
990	22	1	186.97999999999993	31.115
990	23	1	152.21999999999989	102.04499999999999
990	24	1	55.22499999999996	79.10000000000004
990	25	1	10.623115577889452	61.1608040201005
990	26	1	96.165	99.18500000000003
990	27	1	132.7014925373134	78.64179104477613
990	28	1	145.02487562189054	94.45771144278609
990	29	1	141.97512437810937	160.99999999999997
990	30	1	107.27638190954775	100.51256281407035
990	31	1	129.7049999999999	33.144999999999996
990	32	1	102.23880597014929	118.11442786069645
990	33	1	73.11499999999998	46.02999999999998
990	34	1	184.22885572139305	42.90547263681593
990	35	1	186.62500000000009	72.96000000000001
990	36	1	161.17	15.265
990	37	1	91.97500000000004	19.9
990	38	1	116.82914572864324	119.73869346733662
990	39	1	95.58499999999997	79.15
990	40	1	1.0749999999999988	46.079999999999984
990	41	1	120.33000000000003	8.749999999999998
990	42	1	83.10999999999999	93.18500000000002
990	43	1	191.66000000000008	52.040000000000035
990	44	1	108.05000000000004	17.29
990	45	1	67.32000000000006	57.265
990	46	1	94.63500000000005	8.685000000000002
990	47	1	87.58999999999997	29.319999999999997
990	48	1	135.1449999999999	114.57500000000006
990	49	1	198.565	65.55999999999999
990	50	1	104.95500000000006	86.46500000000005
