0	1	2	10.087378640776704	9.854368932038833
0	2	2	9.953703703703708	100.02777777777773
0	3	2	9.941747572815538	190.06796116504853
0	4	2	99.91588785046729	10.065420560747667
0	5	2	100	99.99999999999996
0	6	2	100	190.0288461538461
0	7	2	189.9722222222222	9.953703703703702
0	8	2	190.23300970873774	99.88349514563107
0	9	2	189.94339622641508	189.98113207547163
0	10	1	160	27
0	11	1	168	159
0	12	1	111	184
0	13	1	182	104
0	14	1	63	34
0	15	1	119.25	18
0	16	1	160	145
0	17	1	78	7
0	18	1	121	132
0	19	1	77	178
0	20	1	102.5	112
0	21	1	36	195.5
0	22	1	22	44.5
0	23	1	11	168
0	24	1	89	115.5
0	25	1	19.5	148.5
0	26	1	185.6	150.8
0	27	1	30	149
0	28	1	153	128
0	29	1	101.8	46.6
0	30	1	199	66
0	31	1	155	57
0	32	1	157	162
0	33	1	94.5	23.5
0	34	1	33.857142857142854	91.42857142857143
0	35	1	92.33333333333333	116
0	36	1	79	91
0	37	1	14.333333333333334	17
0	38	1	71	167
0	39	1	39	192
0	40	1	62.6	113.2
0	41	1	7	40
0	42	1	117	193
0	43	1	194	198.66666666666666
0	44	1	191.5	159
0	45	1	150.5	166.5
0	46	1	136	179
0	47	1	171.5	152
0	48	1	54.666666666666664	54
0	49	1	49.75	137
0	50	1	129	49
0	51	1	33.5	32.5
0	52	1	60.5	79
0	53	1	163	111
0	54	1	153.5	102.5
0	55	1	118	121
0	56	1	175	134.5
0	57	1	7	49
0	58	1	120	103
0	59	1	55.5	33.5
0	60	1	53	130.5
0	61	1	124	180
0	62	1	86	87
0	63	1	63.300000000000004	26.900000000000002
0	64	1	108	22
0	65	1	174.4	141.8
0	66	1	73	157
0	67	1	152	2
0	68	1	173.33333333333334	134
0	69	1	108.2	165.6
0	70	1	42	62
0	71	1	142	86.66666666666667
0	72	1	28.25	151
0	73	1	25	53.5
0	74	1	1.5	33
0	75	1	123	30
0	76	1	44.333333333333336	38
0	77	1	121	52.75
0	78	1	179.75	13
0	79	1	101	180
0	80	1	120.75	11
0	81	1	104.75	79.75
0	82	1	68	66
0	83	1	35.333333333333336	8.666666666666666
0	84	1	81.75000000000001	113.25
0	85	1	194.8	184
0	86	1	110	42
0	87	1	153.5	112.5
0	88	1	169	6.5
0	89	1	65.5	47.5
10	1	2	9.826530612244897	9.663265306122444
10	2	2	9.950000000000008	100.29000000000005
10	3	2	10.120000000000005	190.11999999999992
10	4	2	99.765306122449	9.979591836734695
10	5	2	100.23	99.97999999999999
10	6	2	99.93	190.18999999999994
10	7	2	189.86315789473682	9.852631578947362
10	8	2	190.5463917525773	99.96907216494846
10	9	2	189.62886597938152	190.1443298969073
10	10	1	161.45161290322582	27.854838709677416
10	11	1	168.02884615384613	158.21153846153845
10	12	1	112.7123287671233	183.05479452054794
10	13	1	182.35106382978722	104.17021276595747
10	14	1	64.31182795698923	33.91397849462366
10	15	1	117.5204081632653	19.244897959183675
10	16	1	160.53571428571425	144.6696428571428
10	17	1	79.73856209150328	6.503267973856209
10	18	1	123.18232044198894	133.19337016574588
10	19	1	77.96875000000003	175.5729166666667
10	20	1	102.94594594594597	113.42567567567565
10	21	1	36.16923076923077	197.4
10	22	1	22.91935483870969	44.314516129032285
10	23	1	10.576923076923077	169.3461538461538
10	24	1	87.60240963855419	116.20481927710841
10	25	1	19.780952380952385	149.17142857142863
10	26	1	185.02307692307687	150.64615384615388
10	27	1	30.351351351351365	146.16216216216213
10	28	1	153.3012048192772	128.48192771084337
10	29	1	101.19685039370077	47.086614173228334
10	30	1	197.5891472868217	67.58139534883719
10	31	1	155.76033057851242	57.09917355371901
10	32	1	155.84146341463415	160.84146341463412
10	33	1	95.01960784313727	23.888888888888886
10	34	1	32.15346534653466	91.60891089108914
10	35	1	93.16101694915254	120.06779661016948
10	36	1	80.83333333333331	91.25000000000001
10	37	1	13.850000000000001	19.499999999999996
10	38	1	70.7840909090909	167.01136363636363
10	39	1	40.400000000000006	194.3076923076923
10	40	1	63.33333333333332	112.52000000000001
10	41	1	6.644444444444446	41.31111111111111
10	42	1	118.10416666666667	192.7916666666667
10	43	1	194.0728476821192	0.225165562913907
10	44	1	191.70093457943923	160.26168224299064
10	45	1	150.96428571428567	166.09523809523807
10	46	1	133.95	179.28749999999997
10	47	1	172.99065420560754	151.57943925233644
10	48	1	54.57692307692307	55.50769230769232
10	49	1	51.88118811881188	137.04950495049508
10	50	1	129.45348837209303	47.651162790697676
10	51	1	34.65000000000001	32.816666666666656
10	52	1	60.91044776119404	78.4179104477612
10	53	1	164.2357142857143	109.27142857142853
10	54	1	155.41836734693877	101.20408163265304
10	55	1	119.3662790697675	120.47093023255815
10	56	1	174.8448275862069	132.08620689655174
10	57	1	7.717647058823528	49.10588235294119
10	58	1	121.43410852713183	104.58139534883722
10	59	1	55.17796610169493	34.93220338983051
10	60	1	53.42424242424242	129.4949494949495
10	61	1	123.52662721893496	179.4260355029585
10	62	1	86.94871794871796	88.10256410256407
10	63	1	63.60606060606059	25.666666666666675
10	64	1	107.65789473684212	21.780701754385966
10	65	1	174.88679245283018	142.4150943396225
10	66	1	73.56818181818181	157.13636363636363
10	67	1	152.69911504424783	1.7256637168142106
10	68	1	170.67857142857142	133.2321428571429
10	69	1	109.06722689075629	164.63025210084038
10	70	1	41.58974358974359	61.115384615384635
10	71	1	140.37647058823518	87.31176470588234
10	72	1	30.086956521739133	154.70434782608694
10	73	1	25.818181818181824	54.659090909090914
10	74	1	0.7938144329896896	32.25773195876289
10	75	1	125.1494252873563	30.68965517241379
10	76	1	44.89189189189191	36.45945945945947
10	77	1	119.08208955223883	51.694029850746276
10	78	1	179.525641025641	12.474358974358978
10	79	1	101.62500000000003	179.96590909090907
10	80	1	121.57333333333334	12.066666666666665
10	81	1	104.82424242424241	79.93333333333338
10	82	1	68.86597938144331	66.67010309278346
10	83	1	36.999999999999986	11.307262569832398
10	84	1	79.04878048780488	111.82926829268293
10	85	1	195.77124183006535	182.1111111111111
10	86	1	110.13492063492063	41.84126984126984
10	87	1	152.85714285714286	114.87142857142855
10	88	1	167.62318840579707	8.644927536231883
10	89	1	65.9485294117647	47.63970588235294
20	1	2	9.80612244897959	9.602040816326529
20	2	2	9.950000000000008	100.29000000000005
20	3	2	10.120000000000005	190.11999999999992
20	4	2	99.85858585858585	9.828282828282825
20	5	2	100.10101010101008	99.8282828282828
20	6	2	100.00000000000003	190.50000000000006
20	7	2	189.96938775510202	9.826530612244897
20	8	2	190.49999999999997	100
20	9	2	189.61616161616163	190.14141414141412
20	10	1	160.8656716417911	28.417910447761184
20	11	1	168.4449999999999	162.39500000000004
20	12	1	112.41089108910893	182.2722772277228
20	13	1	181.00000000000009	105.01485148514858
20	14	1	66.06435643564355	34.826732673267344
20	15	1	115.98514851485149	18.064356435643564
20	16	1	156.66666666666677	142.86069651741295
20	17	1	79.4950495049505	5.7673267326732685
20	18	1	122.82673267326733	132.60396039603958
20	19	1	79.05472636815918	177.59701492537317
20	20	1	104.78109452736317	112.49253731343282
20	21	1	33.845771144278594	197.43283582089538
20	22	1	23.52238805970148	41.711442786069654
20	23	1	10.218905472636816	169.56716417910448
20	24	1	87.87684729064044	114.97044334975368
20	25	1	17.643564356435643	148.86138613861394
20	26	1	188.91044776119406	150.81094527363175
20	27	1	31.552238805970152	144.24875621890547
20	28	1	152.75621890547262	127.79601990049758
20	29	1	99.88613861386136	47.38118811881184
20	30	1	197.42079207920793	68.05940594059409
20	31	1	155.44776119402982	57.447761194029844
20	32	1	155.65174129353218	159.318407960199
20	33	1	93.46534653465349	24.519801980198014
20	34	1	31.731343283582106	91.37313432835822
20	35	1	93.20100502512568	123.45226130653266
20	36	1	77.30808080808089	90.86868686868688
20	37	1	14.078817733990144	20.827586206896562
20	38	1	69.13300492610841	168.73891625615772
20	39	1	43.29207920792078	193.549504950495
20	40	1	62.52238805970149	112.681592039801
20	41	1	5.985148514851483	40.51485148514854
20	42	1	118.60891089108915	194.0643564356436
20	43	1	194.55	0.6050000000000002
20	44	1	192.72772277227722	161.72772277227722
20	45	1	150.4207920792079	167.6683168316832
20	46	1	134.39108910891073	180.14356435643566
20	47	1	173.6237623762376	152.89603960396047
20	48	1	54.000000000000014	55.351485148514854
20	49	1	52.554455445544534	138.52970297029705
20	50	1	129.8217821782179	46.980198019801975
20	51	1	33.247524752475265	32.59900990099009
20	52	1	60.63861386138615	78.17326732673268
20	53	1	166.71641791044766	110.2139303482587
20	54	1	155.5970149253732	101.01492537313435
20	55	1	119.63861386138618	120.2920792079208
20	56	1	177.37313432835825	131.42288557213928
20	57	1	7.678217821782179	51.36138613861386
20	58	1	121.03960396039606	104.00000000000003
20	59	1	53.93532338308458	35.86567164179104
20	60	1	53.445544554455445	128.2326732673267
20	61	1	123.33333333333341	177.9850746268656
20	62	1	88.31155778894471	87.64321608040191
20	63	1	63.79702970297029	22.0148514851485
20	64	1	106.56435643564357	23.871287128712886
20	65	1	177.27500000000012	143.20000000000007
20	66	1	73.02970297029698	156.75742574257424
20	67	1	152.55223880597	1.6318407960200147
20	68	1	166.04477611940288	130.5472636815922
20	69	1	108.45544554455448	164.19306930693057
20	70	1	41.61881188118811	60.07920792079208
20	71	1	140.4228855721392	87.05970149253733
20	72	1	29.91542288557215	156.31343283582086
20	73	1	26.7462686567164	55.40298507462683
20	74	1	0.9502487562189056	30.28358208955225
20	75	1	125.89603960396039	30.935643564356432
20	76	1	44.59900990099009	35.83663366336634
20	77	1	118.89054726368157	52.019900497512445
20	78	1	179.70792079207922	12.599009900990099
20	79	1	100.52238805970148	177.15920398009936
20	80	1	123.27227722772275	11.128712871287131
20	81	1	104.38916256157638	80.10344827586205
20	82	1	68.99504950495054	66.78217821782181
20	83	1	37.13499999999998	12.530000000000006
20	84	1	77.22772277227726	110.96039603960398
20	85	1	195.79601990049753	181.53731343283593
20	86	1	110.81094527363186	39.587064676616926
20	87	1	152.06435643564367	114.29702970297033
20	88	1	167.6865671641792	8.771144278606968
20	89	1	66.03482587064676	48.66169154228855
30	1	2	9.858585858585856	9.616161616161614
30	2	2	9.950000000000008	100.29000000000005
30	3	2	10.120000000000005	190.11999999999992
30	4	2	99.88000000000001	9.879999999999995
30	5	2	100.10101010101008	99.8282828282828
30	6	2	100.00000000000003	190.50000000000006
30	7	2	189.9795918367347	9.887755102040817
30	8	2	190.49999999999997	100
30	9	2	189.61616161616163	190.14141414141412
30	10	1	160.98009950248755	28.19900497512438
30	11	1	168.49504950495046	162.32178217821783
30	12	1	112.14925373134326	181.83582089552232
30	13	1	180.25373134328362	105.2587064676617
30	14	1	66.16831683168314	34.6039603960396
30	15	1	116.29353233830837	18.497512437810947
30	16	1	156.59900990099024	142.7623762376238
30	17	1	79.38805970149261	5.2487562189054735
30	18	1	122.65671641791047	132.4577114427861
30	19	1	79.32338308457712	177.43781094527358
30	20	1	105.2537313432836	112.42288557213934
30	21	1	33.737623762376224	197.09405940594058
30	22	1	23.412935323383074	41.64179104477611
30	23	1	10.542288557213924	168.9701492537313
30	24	1	87.82089552238806	114.726368159204
30	25	1	17.562189054726367	148.40796019900512
30	26	1	188.76237623762378	151.01485148514863
30	27	1	31.597014925373145	144.03980099502496
30	28	1	152.71144278606963	127.72139303482574
30	29	1	100.09452736318407	47.20895522388059
30	30	1	197.40594059405942	67.64851485148512
30	31	1	156.53731343283576	57.517412935323385
30	32	1	156.04477611940297	159.44278606965156
30	33	1	93.33830845771142	24.810945273631834
30	34	1	31.477611940298516	91.17412935323382
30	35	1	93.52970297029704	123.59405940594054
30	36	1	76.5891089108911	90.49009900990099
30	37	1	14.415841584158423	21.079207920792093
30	38	1	69.54726368159199	168.9402985074628
30	39	1	43.54228855721393	193.49253731343285
30	40	1	61.935323383084565	113.12437810945273
30	41	1	6.412935323383083	40.82587064676618
30	42	1	118.81094527363186	193.72139303482587
30	43	1	194.87064676616916	0.6069651741293532
30	44	1	192.4825870646766	162.23880597014931
30	45	1	150.35820895522394	167.9004975124378
30	46	1	134.35820895522397	180.9402985074627
30	47	1	173.40298507462688	152.79601990049764
30	48	1	53.606965174129364	54.95522388059705
30	49	1	52.900990099009896	138.2920792079208
30	50	1	129.9203980099502	46.990049751243774
30	51	1	33.495049504950494	32.7970297029703
30	52	1	60.99009900990097	77.80693069306933
30	53	1	166.6965174129352	110.60696517412936
30	54	1	156.10945273631836	100.95024875621884
30	55	1	119.33333333333339	120.18905472636817
30	56	1	177.412935323383	131.3681592039801
30	57	1	7.895522388059703	51.55223880597015
30	58	1	120.67661691542293	104.62686567164182
30	59	1	53.82178217821784	36.20297029702969
30	60	1	53.61691542288555	127.8855721393035
30	61	1	123.39603960396039	177.66336633663366
30	62	1	88.16417910447761	87.50248756218907
30	63	1	63.30845771144279	21.66666666666668
30	64	1	106.94554455445545	24.11386138613861
30	65	1	177.4577114427861	143.18407960199005
30	66	1	73.20297029702972	156.8564356435644
30	67	1	152.5721393034825	1.980099502487564
30	68	1	165.81683168316835	130.62871287128706
30	69	1	108.67164179104479	164.78109452736322
30	70	1	41.470297029702984	59.93564356435641
30	71	1	140.6019900497512	86.56218905472639
30	72	1	29.67164179104477	156.09452736318394
30	73	1	26.81094527363184	55.36318407960198
30	74	1	1.3283582089552215	30.268656716417926
30	75	1	125.7562189054726	31.253731343283583
30	76	1	44.485148514851474	36.198019801980216
30	77	1	118.78712871287131	51.9306930693069
30	78	1	179.42786069651743	12.019900497512443
30	79	1	100.79499999999997	176.70999999999998
30	80	1	123.18000000000002	11.159999999999995
30	81	1	104.08955223880602	80.31840796019894
30	82	1	68.84577114427864	66.51243781094531
30	83	1	37.2722772277228	12.490099009900986
30	84	1	77.44278606965177	110.60696517412931
30	85	1	196.0891089108911	181.66831683168306
30	86	1	110.6485148514851	39.23267326732674
30	87	1	152.3582089552238	114.27860696517418
30	88	1	167.51243781094527	8.925373134328364
30	89	1	65.56218905472635	48.55721393034825
40	1	2	9.858585858585856	9.616161616161614
40	2	2	9.950000000000008	100.29000000000005
40	3	2	10.120000000000005	190.11999999999992
40	4	2	99.88000000000001	9.879999999999995
40	5	2	100.12	99.88
40	6	2	100.00000000000003	190.50000000000006
40	7	2	189.85858585858594	9.929292929292926
40	8	2	190.49999999999997	100
40	9	2	189.61616161616163	190.14141414141412
40	10	1	161.0049751243782	28.870646766169152
40	11	1	168.13930348258705	162.11442786069654
40	12	1	112.18316831683168	181.09900990098998
40	13	1	179.4851485148515	104.86633663366335
40	14	1	65.96517412935322	34.28855721393035
40	15	1	116.69651741293532	19.109452736318413
40	16	1	156.6766169154228	142.65671641791047
40	17	1	78.84577114427861	4.746268656716419
40	18	1	122.21890547263682	132.33333333333323
40	19	1	79.41293532338312	177.13930348258708
40	20	1	105.71641791044775	112.32338308457713
40	21	1	33.601990049751244	197.16417910447763
40	22	1	23.716417910447756	41.676616915422876
40	23	1	11.154228855721396	168.502487562189
40	24	1	87.7761194029851	114.4825870646766
40	25	1	17.50499999999999	148.0749999999999
40	26	1	188.81188118811875	151.09405940594064
40	27	1	31.61691542288558	143.69154228855717
40	28	1	152.91044776119395	127.15422885572139
40	29	1	100.2238805970149	47.3134328358209
40	30	1	197.22885572139305	66.89054726368158
40	31	1	156.94059405940598	57.02475247524753
40	32	1	156.23762376237616	159.6435643564356
40	33	1	93.15422885572139	24.850746268656724
40	34	1	30.815920398009958	90.97014925373132
40	35	1	93.84079601990054	123.4726368159204
40	36	1	76.42079207920789	90.9009900990099
40	37	1	14.766169154228857	21.18407960199005
40	38	1	69.92537313432838	169.04975124378103
40	39	1	43.68656716417913	193.63681592039805
40	40	1	61.34825870646764	113.5671641791045
40	41	1	6.552238805970152	40.835820895522396
40	42	1	118.85148514851485	193.58415841584147
40	43	1	195.5247524752475	0.653465346534654
40	44	1	192.80099502487562	162.766169154229
40	45	1	150.29499999999987	167.93499999999992
40	46	1	134.31840796019912	181.28855721393032
40	47	1	173.48258706467675	152.79601990049744
40	48	1	53.40298507462687	54.58706467661692
40	49	1	53.30348258706469	138.14427860696495
40	50	1	129.7029702970297	46.589108910891106
40	51	1	33.378109452736325	33.019900497512445
40	52	1	61.31343283582089	77.80099502487566
40	53	1	167.00500000000002	111.07499999999995
40	54	1	156.13861386138623	101.15841584158416
40	55	1	119.06467661691543	120.318407960199
40	56	1	176.93564356435638	131.35148514851488
40	57	1	8.109452736318412	51.542288557213936
40	58	1	120.1980198019802	105.1386138613862
40	59	1	53.90049751243781	35.77611940298506
40	60	1	53.91089108910888	127.56435643564357
40	61	1	123.3930348258707	177.4776119402984
40	62	1	87.69499999999998	87.46499999999996
40	63	1	63.885572139303505	21.044776119402975
40	64	1	107.16417910447763	24.5771144278607
40	65	1	177.33500000000004	143.10999999999996
40	66	1	73.25499999999992	156.97000000000006
40	67	1	152.77611940298505	2.298507462686567
40	68	1	165.47761194029852	130.363184079602
40	69	1	108.59701492537312	164.64676616915432
40	70	1	41.50746268656718	59.870646766169145
40	71	1	140.08955223880594	86.5771144278607
40	72	1	29.21500000000001	155.73999999999992
40	73	1	26.945273631840802	55.03482587064678
40	74	1	1.6915422885572144	30.07462686567164
40	75	1	125.35820895522383	31.318407960199007
40	76	1	44.475	36.68
40	77	1	118.93532338308458	51.62686567164176
40	78	1	178.7761194029852	12.22885572139304
40	79	1	100.61691542288554	175.97512437810934
40	80	1	123.03500000000004	10.915000000000001
40	81	1	103.23383084577117	80.85572139303486
40	82	1	69.02487562189057	66.35323383084571
40	83	1	37.56930693069308	12.584158415841578
40	84	1	77.1243781094528	110.5174129353234
40	85	1	195.93532338308458	181.5273631840797
40	86	1	110.56999999999998	39.28499999999999
40	87	1	152.82587064676616	114.15920398009953
40	88	1	167.2636815920398	8.965174129353235
40	89	1	65.10000000000002	48.455
50	1	2	9.858585858585856	9.616161616161614
50	2	2	9.950000000000008	100.29000000000005
50	3	2	10.120000000000005	190.11999999999992
50	4	2	99.88000000000001	9.879999999999995
50	5	2	100.12	99.88
50	6	2	100.00000000000003	190.50000000000006
50	7	2	189.87999999999997	9.879999999999995
50	8	2	190.49999999999997	100
50	9	2	189.61616161616163	190.14141414141412
50	10	1	161.04975124378103	29.069651741293526
50	11	1	168.00497512437818	161.91044776119406
50	12	1	112.40298507462684	180.51741293532334
50	13	1	178.64179104477606	104.87562189054734
50	14	1	65.58499999999995	33.88999999999999
50	15	1	117.13930348258704	19.154228855721403
50	16	1	156.5223880597015	142.4527363184078
50	17	1	78.47761194029852	4.144278606965175
50	18	1	122.00995024875624	131.99999999999994
50	19	1	79.98507462686564	176.2437810945274
50	20	1	106.13500000000003	112.55500000000008
50	21	1	33.28500000000003	196.815
50	22	1	23.845771144278604	41.35323383084576
50	23	1	12.564356435643562	167.4356435643564
50	24	1	87.81094527363182	114.1940298507463
50	25	1	17.42786069651742	147.07462686567172
50	26	1	188.8557213930348	151.23383084577108
50	27	1	31.63861386138613	143.69801980198028
50	28	1	152.7871287128714	126.44554455445547
50	29	1	100.415	46.939999999999976
50	30	1	196.91044776119404	66.73134328358209
50	31	1	157.7761194029851	55.91542288557212
50	32	1	156.3432835820895	159.59203980099502
50	33	1	92.23000000000002	25.120000000000008
50	34	1	29.786069651741293	90.3283582089552
50	35	1	94.21393034825867	123.22388059701491
50	36	1	75.84500000000003	91.29500000000003
50	37	1	15.565	21.179999999999996
50	38	1	69.86567164179105	169.21393034825869
50	39	1	43.600000000000016	193.695
50	40	1	60.835820895522374	113.47263681592044
50	41	1	6.67164179104477	40.94029850746268
50	42	1	118.49253731343282	193.51741293532336
50	43	1	195.85999999999999	0.5449999999999995
50	44	1	192.87064676616916	163.2786069651741
50	45	1	150.24378109452744	167.73134328358202
50	46	1	134.42574257425738	181.98514851485155
50	47	1	173.49499999999998	152.9250000000001
50	48	1	52.965	54.08499999999998
50	49	1	53.776119402985096	137.95522388059703
50	50	1	129.71641791044777	46.29850746268659
50	51	1	33.2636815920398	33.22388059701492
50	52	1	61.29353233830844	77.25373134328355
50	53	1	167.40796019900492	111.78606965174127
50	54	1	155.93499999999983	101.42999999999995
50	55	1	118.55	120.17999999999998
50	56	1	176.54999999999998	131.7150000000001
50	57	1	8.55721393034826	51.7412935323383
50	58	1	119.92000000000002	105.99999999999997
50	59	1	53.915422885572134	35.522388059701505
50	60	1	54.05472636815924	127.23383084577114
50	61	1	123.65671641791047	177.40796019900506
50	62	1	86.96019900497517	87.62686567164177
50	63	1	64.285	20.720000000000017
50	64	1	107.90049751243784	25.099502487562194
50	65	1	177.32500000000005	143.3150000000001
50	66	1	73.2089552238806	157.04477611940294
50	67	1	152.89500000000004	2.795000000000001
50	68	1	165.084577114428	130.36318407960192
50	69	1	108.425	164.695
50	70	1	41.16915422885573	59.73631840796016
50	71	1	140.39303482587067	86.33830845771145
50	72	1	28.70646766169155	155.6019900497513
50	73	1	26.71641791044776	54.67164179104476
50	74	1	2.015000000000001	30.050000000000004
50	75	1	125.41293532338312	31.4179104477612
50	76	1	44.10945273631841	37.49253731343285
50	77	1	118.93499999999999	51.335
50	78	1	178.26865671641784	12.248756218905472
50	79	1	100.60499999999995	175.85999999999996
50	80	1	122.39800995024873	10.189054726368157
50	81	1	101.78109452736318	80.8358208955224
50	82	1	68.54228855721394	65.98507462686565
50	83	1	37.78109452736317	12.099502487562185
50	84	1	76.97000000000007	110.49
50	85	1	195.73134328358208	181.26865671641792
50	86	1	110.49253731343282	38.940298507462664
50	87	1	153.0398009950249	113.79104477611936
50	88	1	166.92079207920784	9.004950495049508
50	89	1	64.87064676616916	48.263681592039816
60	1	2	9.858585858585856	9.616161616161614
60	2	2	9.950000000000008	100.29000000000005
60	3	2	10.120000000000005	190.11999999999992
60	4	2	99.88000000000001	9.879999999999995
60	5	2	100.12	99.88
60	6	2	100.00000000000003	190.50000000000006
60	7	2	189.87999999999997	9.879999999999995
60	8	2	190.49999999999997	100
60	9	2	189.61616161616163	190.14141414141412
60	10	1	161.05499999999984	30.090000000000018
60	11	1	167.72500000000002	161.89500000000004
60	12	1	112.62686567164184	179.84079601990052
60	13	1	177.48499999999996	104.56
60	14	1	65.06030150753767	32.96482412060301
60	15	1	117.43564356435645	19.04950495049505
60	16	1	156.13432835820896	142.56218905472645
60	17	1	78.14427860696516	3.7512437810945256
60	18	1	121.95500000000001	131.65999999999997
60	19	1	80.02500000000008	175.64499999999995
60	20	1	106.63184079601989	112.96019900497514
60	21	1	32.74626865671644	196.46766169154222
60	22	1	24.085	40.855
60	23	1	14.410000000000005	166.11499999999987
60	24	1	87.59500000000001	113.97499999999997
60	25	1	17.20398009950249	146.24378109452726
60	26	1	188.63499999999996	151.39000000000001
60	27	1	31.507462686567163	143.24378109452738
60	28	1	152.5373134328358	125.81592039800995
60	29	1	100.59203980099502	47.2089552238806
60	30	1	197.15422885572139	66.85572139303481
60	31	1	158.20895522388062	54.8358208955224
60	32	1	156.17	159.03000000000006
60	33	1	91.68499999999999	25.040000000000006
60	34	1	28.384999999999987	88.71500000000003
60	35	1	94.89054726368161	122.8756218905473
60	36	1	75.71000000000001	91.88499999999998
60	37	1	16.621890547263682	21.059701492537314
60	38	1	69.9402985074627	169.81094527363183
60	39	1	44.079601990049774	193.4129353233831
60	40	1	59.90999999999997	113.95500000000004
60	41	1	6.810945273631845	40.91542288557215
60	42	1	118.74999999999997	193.665
60	43	1	196.88059701492537	0.2288557213930344
60	44	1	192.76616915422886	163.910447761194
60	45	1	150.4975124378109	167.7412935323383
60	46	1	134.43283582089552	183.3283582089552
60	47	1	172.88059701492526	152.80099502487556
60	48	1	52.30348258706466	53.22388059701489
60	49	1	53.53000000000001	137.67000000000004
60	50	1	130.25000000000009	45.660000000000004
60	51	1	33.13000000000002	33.54499999999997
60	52	1	61.079601990049746	76.771144278607
60	53	1	168.02985074626864	112.62189054726367
60	54	1	155.83582089552235	101.9950248756219
60	55	1	117.87999999999998	120.375
60	56	1	176.04	131.98000000000005
60	57	1	9.340000000000002	51.59500000000001
60	58	1	119.86	106.72000000000001
60	59	1	54.08910891089109	35.44554455445544
60	60	1	53.635	126.98
60	61	1	123.89054726368158	177.56716417910448
60	62	1	86.26999999999997	87.75000000000004
60	63	1	63.94500000000001	19.44500000000001
60	64	1	108.3930348258707	25.487562189054728
60	65	1	177.30000000000004	143.30000000000015
60	66	1	73.02487562189056	157.1791044776119
60	67	1	153.71500000000003	3.3399999999999994
60	68	1	165.04500000000002	129.93500000000006
60	69	1	108.11442786069654	164.85074626865668
60	70	1	40.512437810945286	59.328358208955216
60	71	1	140.20000000000002	85.93499999999997
60	72	1	28.23880597014926	155.34825870646765
60	73	1	26.720000000000002	54.57999999999999
60	74	1	3.4299999999999993	30.010000000000005
60	75	1	125.19900497512435	31.39303482587063
60	76	1	43.949999999999974	37.80500000000001
60	77	1	118.51741293532338	50.696517412935336
60	78	1	177.4700000000001	12.469999999999992
60	79	1	100.20792079207916	175.34158415841577
60	80	1	121.65000000000006	9.590000000000003
60	81	1	99.69651741293536	81.094527363184
60	82	1	68.16915422885567	66.05970149253734
60	83	1	37.980099502487576	11.786069651741295
60	84	1	76.65500000000003	110.46500000000002
60	85	1	195.69	181.19499999999996
60	86	1	110.40999999999998	38.74
60	87	1	153.22	113.75500000000001
60	88	1	166.5920398009951	9.66666666666666
60	89	1	64.44000000000001	48.75500000000002
70	1	2	9.858585858585856	9.616161616161614
70	2	2	9.950000000000008	100.29000000000005
70	3	2	10.120000000000005	190.11999999999992
70	4	2	99.88000000000001	9.879999999999995
70	5	2	100.12	99.88
70	6	2	100.00000000000003	190.50000000000006
70	7	2	189.87999999999997	9.879999999999995
70	8	2	190.49999999999997	100
70	9	2	189.61616161616163	190.14141414141412
70	10	1	161.03482587064687	31.417910447761198
70	11	1	167.44999999999993	161.94000000000005
70	12	1	112.54499999999996	179.08499999999995
70	13	1	174.99499999999995	103.83499999999997
70	14	1	64.81592039800995	31.786069651741293
70	15	1	116.86999999999999	18.635
70	16	1	155.91499999999996	142.02999999999997
70	17	1	77.68500000000003	2.4500000000000015
70	18	1	122.15422885572141	131.00000000000006
70	19	1	80.42000000000002	174.82000000000005
70	20	1	106.84500000000001	113.59500000000001
70	21	1	32.621890547263696	196.07960199004972
70	22	1	24.63681592039801	39.910447761194035
70	23	1	16.60500000000001	164.4900000000001
70	24	1	87.63681592039802	113.30845771144281
70	25	1	17.150000000000013	145.57000000000002
70	26	1	188.5599999999999	151.76
70	27	1	31.449999999999985	143.08000000000007
70	28	1	151.79396984924617	124.5175879396985
70	29	1	100.73999999999997	47.24999999999999
70	30	1	197.365	67.27499999999998
70	31	1	159.23383084577102	52.70646766169155
70	32	1	155.945	158.33499999999995
70	33	1	90.97014925373134	24.870646766169152
70	34	1	27.634999999999998	87.27999999999994
70	35	1	94.66336633663364	122.65346534653467
70	36	1	76.11940298507463	92.52736318407958
70	37	1	18.099999999999998	20.874999999999982
70	38	1	69.895	170.855
70	39	1	45.870000000000026	192.215
70	40	1	58.57711442786068	114.79601990049748
70	41	1	6.886138613861384	40.68316831683168
70	42	1	118.54228855721394	193.07960199004967
70	43	1	197.68	199.965
70	44	1	192.44	164.64500000000004
70	45	1	150.69500000000002	167.58999999999992
70	46	1	134.58706467661696	185.04477611940302
70	47	1	172.335	152.57000000000002
70	48	1	52.52736318407964	51.756218905472636
70	49	1	52.522388059701484	137.26865671641787
70	50	1	130.0597014925373	45.08457711442784
70	51	1	32.75000000000001	33.270000000000024
70	52	1	60.24378109452734	76.57213930348256
70	53	1	168.66000000000005	113.75
70	54	1	155.66666666666663	102.23880597014927
70	55	1	116.75621890547266	120.78606965174124
70	56	1	175.8955223880596	132.02985074626858
70	57	1	10.415000000000001	51.63000000000001
70	58	1	119.60199004975125	107.51741293532343
70	59	1	53.94029850746271	34.970149253731336
70	60	1	52.72139303482586	126.56218905472636
70	61	1	124.38693467336685	177.90452261306535
70	62	1	86.07000000000001	88.45000000000002
70	63	1	64.88500000000003	18.895
70	64	1	109.53731343283577	26.20398009950248
70	65	1	177.43500000000003	143.61500000000004
70	66	1	72.43781094527361	157.56716417910448
70	67	1	153.98492462311555	3.517587939698493
70	68	1	164.8855721393035	129.9303482587065
70	69	1	107.84500000000003	165.04499999999993
70	70	1	39.51243781094527	59.17910447761193
70	71	1	139.2799999999999	85.655
70	72	1	27.532663316582912	155.3919597989948
70	73	1	26.83417085427136	53.221105527638194
70	74	1	4.879396984924621	30.060301507537687
70	75	1	125.40594059405942	30.41584158415842
70	76	1	43.7	38.57
70	77	1	117.94029850746266	50.32338308457713
70	78	1	176.9303482587065	12.348258706467668
70	79	1	99.78999999999998	174.44000000000003
70	80	1	121.13000000000007	9.139999999999997
70	81	1	97.4278606965174	81.26865671641792
70	82	1	68.13500000000005	66.61000000000001
70	83	1	38.830845771144254	10.815920398009947
70	84	1	76.08	110.42999999999998
70	85	1	195.625	181.1049999999999
70	86	1	109.90500000000003	38.260000000000005
70	87	1	153.51499999999987	113.53500000000001
70	88	1	166.452736318408	10.154228855721398
70	89	1	63.910000000000004	48.95999999999998
80	1	2	9.858585858585856	9.616161616161614
80	2	2	9.950000000000008	100.29000000000005
80	3	2	10.120000000000005	190.11999999999992
80	4	2	99.88000000000001	9.879999999999995
80	5	2	100.12	99.88
80	6	2	100.00000000000003	190.50000000000006
80	7	2	189.87999999999997	9.879999999999995
80	8	2	190.49999999999997	100
80	9	2	189.61616161616163	190.14141414141412
80	10	1	160.7512437810945	33.27363184079599
80	11	1	166.90500000000003	162.03000000000029
80	12	1	112.24378109452734	177.95522388059698
80	13	1	172.21890547263678	102.76119402985084
80	14	1	64.49751243781098	30.527363184079594
80	15	1	115.68499999999997	18.339999999999993
80	16	1	155.5174129353234	141.5870646766169
80	17	1	76.55721393034821	1.4427860696517416
80	18	1	122.84422110552764	129.96984924623118
80	19	1	80.56000000000007	173.84999999999997
80	20	1	106.88000000000005	113.75500000000005
80	21	1	32.335	195.2950000000001
80	22	1	24.763819095477384	39.47236180904521
80	23	1	17.691542288557216	163.4278606965174
80	24	1	87.60500000000002	112.32499999999995
80	25	1	17.414999999999996	144.83
80	26	1	188.63	152.37999999999988
80	27	1	31.36180904522613	142.71859296482432
80	28	1	150.78109452736317	123.46268656716417
80	29	1	100.76499999999997	47.20000000000003
80	30	1	197.91	67.74000000000005
80	31	1	161.04477611940288	51.452736318407965
80	32	1	155.5999999999999	157.38499999999996
80	33	1	89.39800995024872	24.079601990049753
80	34	1	26.645	85.12499999999994
80	35	1	94.36999999999993	122.26499999999994
80	36	1	76.73366834170854	94.10552763819098
80	37	1	19.31343283582089	20.5323383084577
80	38	1	69.48756218905473	171.98009950248758
80	39	1	47.780000000000015	190.96500000000006
80	40	1	57.60000000000001	115.68499999999996
80	41	1	6.990049751243782	40.427860696517364
80	42	1	118.51499999999996	192.68500000000003
80	43	1	199.585	199.88
80	44	1	192.38693467336682	166.0201005025125
80	45	1	151.98500000000007	168.11500000000004
80	46	1	134.58208955223876	187.56218905472647
80	47	1	171.66500000000002	151.85499999999988
80	48	1	52.695000000000014	50.84999999999998
80	49	1	51.91500000000002	137.105
80	50	1	130.36633663366334	44.400990099009924
80	51	1	31.59701492537315	32.825870646766155
80	52	1	59.37499999999998	75.75999999999998
80	53	1	169.50000000000017	114.40000000000003
80	54	1	155.1708542713568	102.58291457286434
80	55	1	115.62189054726369	121.07960199004981
80	56	1	175.53731343283587	131.53731343283596
80	57	1	11.542288557213933	51.27860696517411
80	58	1	120.22885572139302	108.86069651741293
80	59	1	53.41791044776117	33.85074626865668
80	60	1	51.77999999999998	125.47
80	61	1	125.39999999999996	178.32500000000002
80	62	1	85.3399999999999	88.73999999999991
80	63	1	65.12499999999999	18.45000000000001
80	64	1	110.675	26.620000000000008
80	65	1	177.7035175879397	143.91457286432154
80	66	1	71.83084577114427	157.9950248756219
80	67	1	154.54499999999996	3.844999999999998
80	68	1	164.51758793969842	130.37688442211052
80	69	1	107.3467336683418	164.90452261306527
80	70	1	38.86000000000002	58.75000000000001
80	71	1	138.6550000000001	84.50499999999991
80	72	1	27.234999999999985	155.93500000000014
80	73	1	28.427135678391952	52.00502512562815
80	74	1	6.559405940594055	29.678217821782184
80	75	1	125.53999999999999	29.67000000000001
80	76	1	43.40999999999997	40.11000000000001
80	77	1	118.01492537313429	50.31840796019898
80	78	1	176.62686567164187	12.308457711442797
80	79	1	99.2885572139303	173.82587064676613
80	80	1	119.94029850746271	8.985074626865671
80	81	1	95.40796019900496	80.92537313432838
80	82	1	68.09452736318413	67.18905472636811
80	83	1	39.2985074626866	9.771144278606965
80	84	1	74.08499999999997	111.29499999999997
80	85	1	195.305	181.40999999999997
80	86	1	109.75124378109459	37.79601990049754
80	87	1	153.90499999999994	113.58500000000001
80	88	1	166.30499999999992	10.404999999999994
80	89	1	63.16336633663366	49.519801980198025
90	1	2	9.858585858585856	9.616161616161614
90	2	2	9.950000000000008	100.29000000000005
90	3	2	10.120000000000005	190.11999999999992
90	4	2	99.88000000000001	9.879999999999995
90	5	2	100.12	99.88
90	6	2	100.00000000000003	190.50000000000006
90	7	2	189.87999999999997	9.879999999999995
90	8	2	190.49999999999997	100
90	9	2	189.61616161616163	190.14141414141412
90	10	1	160.1949999999999	35.64000000000002
90	11	1	166.3465346534654	162.12376237623766
90	12	1	112.34328358208953	177.34328358208953
90	13	1	170.8358208955225	101.62686567164175
90	14	1	64.45273631840799	29.37810945273632
90	15	1	115.19402985074619	17.999999999999993
90	16	1	155.16417910447768	141.38308457711443
90	17	1	76.16000000000001	0.5899999999999991
90	18	1	122.87499999999999	128.91
90	19	1	80.77499999999999	172.42500000000007
90	20	1	107.13000000000005	113.73500000000001
90	21	1	32.6766169154229	194.73631840796017
90	22	1	24.724999999999998	38.459999999999994
90	23	1	18.354999999999983	162.77999999999997
90	24	1	87.61	111.53
90	25	1	17.56	144.19500000000008
90	26	1	188.82089552238807	153.70149253731344
90	27	1	31.199004975124375	142.16915422885566
90	28	1	149.25373134328348	122.23383084577114
90	29	1	100.63	47.46000000000001
90	30	1	198.975	68.55000000000001
90	31	1	162.4776119402986	50.656716417910424
90	32	1	154.9303482587065	156.04975124378115
90	33	1	87.62189054726376	22.7313432835821
90	34	1	25.308457711442774	83.32835820895522
90	35	1	94.49253731343282	121.55223880597013
90	36	1	77.755	95.91000000000001
90	37	1	20.195	19.769999999999996
90	38	1	68.69500000000004	174.17499999999993
90	39	1	49.71144278606964	189.25373134328356
90	40	1	57.14925373134326	116.61691542288557
90	41	1	7.301980198019806	40.20297029702973
90	42	1	118.50999999999999	192.53999999999994
90	43	1	1.0999999999999999	199.58
90	44	1	191.84577114427861	167.61194029850753
90	45	1	152.6850000000001	168.39499999999992
90	46	1	133.95024875621894	188.7114427860697
90	47	1	171.24500000000003	151.44999999999993
90	48	1	52.995	49.54500000000001
90	49	1	51.60999999999999	136.635
90	50	1	130.64499999999992	43.04999999999999
90	51	1	30.44999999999999	31.535
90	52	1	59.120603015075396	75.41206030150755
90	53	1	170.55223880597015	114.27363184079614
90	54	1	154.82412060301505	102.92964824120607
90	55	1	114.52261306532664	121.72864321608043
90	56	1	174.77114427860695	130.7064676616915
90	57	1	12.865671641791039	51.119402985074636
90	58	1	120.4925373134328	109.50248756218906
90	59	1	52.94059405940593	33.11881188118814
90	60	1	51.11000000000001	124.54499999999999
90	61	1	126.62999999999998	178.91
90	62	1	83.72772277227725	88.2227722772277
90	63	1	65.81592039801001	17.865671641791053
90	64	1	112.60696517412934	27.228855721393035
90	65	1	177.96019900497515	144.20398009950236
90	66	1	70.63681592039804	159.7512437810945
90	67	1	155.26130653266327	4.070351758793971
90	68	1	163.82412060301493	130.88442211055292
90	69	1	107.04522613065323	164.90954773869353
90	70	1	38.63316582914573	58.95477386934674
90	71	1	137.775	82.89500000000005
90	72	1	27.085000000000008	155.83500000000006
90	73	1	29.487437185929647	51.12562814070349
90	74	1	7.865671641791046	28.706467661691544
90	75	1	125.78499999999998	29.109999999999992
90	76	1	43.390000000000036	41.074999999999996
90	77	1	117.60000000000002	49.84499999999999
90	78	1	176.21500000000012	12.270000000000001
90	79	1	98.71999999999998	173.68
90	80	1	118.43999999999998	8.585000000000003
90	81	1	93.73366834170852	80.77386934673368
90	82	1	67.78000000000002	68.66000000000004
90	83	1	39.49499999999999	8.655000000000005
90	84	1	72.54726368159207	111.81094527363182
90	85	1	194.9402985074627	181.40796019900486
90	86	1	109.15000000000002	37.33499999999999
90	87	1	154.97499999999988	113.57000000000001
90	88	1	166.2049999999999	11.049999999999995
90	89	1	62.13930348258703	50.05970149253731
100	1	2	9.858585858585856	9.616161616161614
100	2	2	9.950000000000008	100.29000000000005
100	3	2	10.120000000000005	190.11999999999992
100	4	2	99.88000000000001	9.879999999999995
100	5	2	100.12	99.88
100	6	2	100.00000000000003	190.50000000000006
100	7	2	189.87999999999997	9.879999999999995
100	8	2	190.49999999999997	100
100	9	2	189.61616161616163	190.14141414141412
100	10	1	159.00497512437795	37.16915422885571
100	11	1	165.53500000000003	162.22500000000002
100	12	1	112.52500000000005	177.1100000000001
100	13	1	169.54726368159223	100.92039800995023
100	14	1	64.09950248756222	28.412935323383078
100	15	1	114.70646766169156	17.985074626865668
100	16	1	155.14	141.275
100	17	1	75.85499999999998	0.3249999999999986
100	18	1	123.51500000000006	128.14
100	19	1	80.64500000000002	170.50500000000002
100	20	1	107.66999999999996	113.985
100	21	1	32.81	194.56500000000008
100	22	1	23.766169154228862	37.45771144278608
100	23	1	18.95544554455448	161.91089108910887
100	24	1	87.23267326732679	110.19801980198018
100	25	1	18.311881188118818	143.391089108911
100	26	1	189.32	155.53500000000008
100	27	1	31.120603015075382	141.57788944723623
100	28	1	147.90000000000006	121.28
100	29	1	100.38500000000006	47.434999999999995
100	30	1	0.31499999999999867	69.58999999999999
100	31	1	164.24875621890544	50.0547263681592
100	32	1	153.94000000000003	154.455
100	33	1	85.85643564356438	21.559405940594054
100	34	1	24.611940298507456	81.8756218905472
100	35	1	94.39303482587064	120.60199004975124
100	36	1	78.86567164179101	97.79601990049751
100	37	1	21.542713567839193	18.83417085427135
100	38	1	67.69500000000001	176.50999999999985
100	39	1	50.95024875621889	188.24875621890538
100	40	1	56.92999999999998	117.05
100	41	1	7.487562189054725	40.034825870646756
100	42	1	118.41293532338305	191.67661691542295
100	43	1	2.5929648241206036	199.39195979899498
100	44	1	191.33830845771143	169.01990049751248
100	45	1	153.50499999999994	168.60499999999996
100	46	1	133.08499999999992	189.38499999999996
100	47	1	170.59999999999997	150.6100000000001
100	48	1	53.40796019900498	48.701492537313435
100	49	1	50.910000000000004	136.43499999999995
100	50	1	131.14925373134318	41.447761194029844
100	51	1	29.81000000000001	30.93999999999999
100	52	1	58.724999999999994	74.97499999999997
100	53	1	171.5247524752475	114.22277227722769
100	54	1	154.3949999999999	103.04000000000009
100	55	1	113.20398009950249	122.9601990049751
100	56	1	174.22885572139305	129.83582089552243
100	57	1	14.333333333333334	50.8955223880597
100	58	1	121.22885572139303	110.37313432835815
100	59	1	52.348258706467654	32.761194029850756
100	60	1	50.487562189054714	123.59203980099508
100	61	1	128.97512437810946	179.34825870646773
100	62	1	82.89000000000001	88.42
100	63	1	66.53233830845771	17.383084577114435
100	64	1	114.44500000000004	27.310000000000006
100	65	1	178.34499999999994	144.7499999999999
100	66	1	69.26368159203977	161.57711442786066
100	67	1	155.6349999999999	4.0050000000000034
100	68	1	162.9450000000001	131.23999999999995
100	69	1	106.34500000000001	164.67499999999998
100	70	1	38.26	59.20000000000002
100	71	1	136.6050000000001	80.705
100	72	1	27.04000000000001	155.66000000000003
100	73	1	30.819999999999993	50.61500000000001
100	74	1	8.462686567164184	27.800995024875633
100	75	1	125.96000000000004	28.72999999999999
100	76	1	43.55499999999999	41.589999999999996
100	77	1	116.88557213930349	49.656716417910445
100	78	1	175.9750000000001	12.335
100	79	1	98.67499999999998	173.34
100	80	1	116.695	8.29
100	81	1	91.865	80.78000000000002
100	82	1	67.4623115577889	69.88442211055276
100	83	1	39.67661691542288	7.208955223880596
100	84	1	70.65829145728645	112.88442211055279
100	85	1	194.785	181.46500000000003
100	86	1	108.925	36.97999999999996
100	87	1	156.09452736318408	113.72139303482591
100	88	1	166.39499999999995	11.749999999999991
100	89	1	61.45500000000001	50.56500000000001
110	1	2	9.858585858585856	9.616161616161614
110	2	2	9.950000000000008	100.29000000000005
110	3	2	10.120000000000005	190.11999999999992
110	4	2	99.88000000000001	9.879999999999995
110	5	2	100.12	99.88
110	6	2	100.00000000000003	190.50000000000006
110	7	2	189.87999999999997	9.879999999999995
110	8	2	190.49999999999997	100
110	9	2	189.61616161616163	190.14141414141412
110	10	1	157.475	38.38000000000001
110	11	1	164.72499999999994	161.85000000000002
110	12	1	112.73000000000002	176.61
110	13	1	168.88499999999993	100.61500000000001
110	14	1	63.39303482587064	26.885572139303495
110	15	1	114.30000000000003	17.995
110	16	1	155.3781094527362	141.6865671641791
110	17	1	75.87000000000005	199.575
110	18	1	124.52500000000002	126.52000000000005
110	19	1	80.02985074626868	169.1293532338309
110	20	1	108.17910447761193	114.43781094527365
110	21	1	33.53233830845773	194.16915422885575
110	22	1	22.89054726368158	36.88059701492538
110	23	1	19.14925373134329	161.29850746268664
110	24	1	87.44776119402985	108.63184079601992
110	25	1	18.74874371859296	142.6080402010049
110	26	1	190.31500000000014	156.77499999999992
110	27	1	30.92000000000001	140.93500000000006
110	28	1	146.40000000000012	120.10000000000001
110	29	1	99.855	47.73
110	30	1	1.761194029850745	70.71641791044777
110	31	1	166.1144278606966	49.64676616915423
110	32	1	152.29	153.0899999999999
110	33	1	84.36999999999999	20.409999999999997
110	34	1	22.900497512437813	81.00000000000001
110	35	1	93.6567164179104	119.78606965174129
110	36	1	79.2	98.76499999999999
110	37	1	22.505000000000003	17.844999999999985
110	38	1	67.64356435643566	177.98514851485152
110	39	1	52.20398009950253	187.49253731343282
110	40	1	57.09999999999998	117.80499999999999
110	41	1	6.995024875621891	40.04477611940298
110	42	1	118.12999999999995	189.665
110	43	1	3.417910447761196	199.39800995024876
110	44	1	190.62	169.49999999999997
110	45	1	154.80499999999998	168.96499999999995
110	46	1	132.4150000000001	190.17499999999993
110	47	1	170.1243781094526	149.80597014925385
110	48	1	53.75376884422113	47.59296482412059
110	49	1	50.025	135.5200000000001
110	50	1	132.35500000000002	39.42999999999999
110	51	1	29.22388059701491	30.37810945273632
110	52	1	58.27638190954772	74.05527638190956
110	53	1	172.59296482412054	113.80402010050248
110	54	1	154.74626865671652	103.15920398009955
110	55	1	111.65671641791043	124.58208955223878
110	56	1	173.179104477612	128.34825870646765
110	57	1	16.019900497512438	50.76616915422887
110	58	1	121.70999999999995	111.07999999999998
110	59	1	52.318407960199025	32.62189054726368
110	60	1	49.52000000000001	121.985
110	61	1	131.04477611940294	179.6119402985074
110	62	1	82.41499999999998	88.82500000000002
110	63	1	66.9547738693467	17.0502512562814
110	64	1	115.75621890547264	27.577114427860703
110	65	1	178.79500000000002	144.88000000000002
110	66	1	68.46534653465348	162.9752475247524
110	67	1	155.7213930348259	4.208955223880595
110	68	1	162.16500000000013	131.39999999999995
110	69	1	106.1592039800995	164.60199004975115
110	70	1	37.54999999999999	59.64500000000002
110	71	1	135.4776119402985	79.22885572139305
110	72	1	27.065000000000005	155.5099999999999
110	73	1	32.44	50.33000000000001
110	74	1	8.995000000000006	27.984999999999992
110	75	1	126.10000000000001	28.64
110	76	1	43.760000000000026	41.985
110	77	1	116.31000000000002	49.535000000000004
110	78	1	175.55000000000007	12.29999999999999
110	79	1	98.15920398009953	172.82587064676622
110	80	1	115.46500000000002	7.895
110	81	1	90.23618090452261	79.95477386934675
110	82	1	67.30499999999996	70.61999999999998
110	83	1	40.080000000000005	5.755000000000001
110	84	1	69.02499999999996	113.22
110	85	1	194.06	180.80000000000004
110	86	1	109.18407960199004	36.915422885572134
110	87	1	156.6449999999999	113.91999999999999
110	88	1	166.12000000000003	12.490000000000006
110	89	1	61.055276381909565	51.30150753768844
120	1	2	9.858585858585856	9.616161616161614
120	2	2	9.950000000000008	100.29000000000005
120	3	2	10.120000000000005	190.11999999999992
120	4	2	99.88000000000001	9.879999999999995
120	5	2	100.12	99.88
120	6	2	100.00000000000003	190.50000000000006
120	7	2	189.87999999999997	9.879999999999995
120	8	2	190.49999999999997	100
120	9	2	189.61616161616163	190.14141414141412
120	10	1	155.81592039801	39.19900497512436
120	11	1	164.05970149253727	161.00497512437823
120	12	1	112.99499999999996	176.5000000000001
120	13	1	168.98009950248752	100.1393034825871
120	14	1	62.96499999999998	25.849999999999994
120	15	1	113.95024875621894	18.009950248756216
120	16	1	155.3930348258706	142.3283582089552
120	17	1	75.72999999999998	199.205
120	18	1	124.89603960396043	125.47524752475246
120	19	1	79.225	167.6149999999999
120	20	1	108.53731343283584	115.14427860696517
120	21	1	33.82	193.79
120	22	1	22.308457711442784	36.37810945273635
120	23	1	19.110000000000007	160.57500000000002
120	24	1	87.08457711442793	108.13930348258702
120	25	1	19.164179104477604	141.52736318407946
120	26	1	191.4321608040201	158.0502512562814
120	27	1	30.58500000000001	139.93000000000004
120	28	1	144.69499999999996	118.84000000000002
120	29	1	99.69306930693067	48.28712871287129
120	30	1	3.5771144278606943	72.27363184079606
120	31	1	167.88059701492543	49.00497512437811
120	32	1	150.62999999999997	152.3949999999999
120	33	1	83.315	20.27499999999999
120	34	1	21.12437810945273	80.18407960198998
120	35	1	92.85074626865668	118.54228855721398
120	36	1	79.00495049504948	100.02970297029704
120	37	1	24.14	17.005
120	38	1	67.69651741293531	179.30348258706465
120	39	1	53.46268656716418	187.094527363184
120	40	1	57.15499999999998	118.685
120	41	1	6.925000000000001	40.02499999999999
120	42	1	117.875	188.43999999999988
120	43	1	4.391959798994978	198.99497487437185
120	44	1	189.82587064676616	169.66169154228868
120	45	1	155.84499999999994	169.41499999999988
120	46	1	131.01990049751248	190.6716417910448
120	47	1	169.44278606965173	148.17910447761196
120	48	1	53.97487437185931	46.99497487437184
120	49	1	49.110000000000014	134.02000000000004
120	50	1	134.04477611940302	37.646766169154226
120	51	1	29.070000000000007	30.075
120	52	1	57.984924623115596	73.38190954773873
120	53	1	173.25499999999985	113.22499999999998
120	54	1	154.68844221105536	103.30150753768844
120	55	1	110.31999999999996	126.16499999999999
120	56	1	172.21999999999997	127.14000000000001
120	57	1	17.729999999999993	50.91
120	58	1	122.7810945273632	112.14427860696519
120	59	1	52.631840796019894	32.44278606965176
120	60	1	48.29000000000001	121.05499999999994
120	61	1	133.2089552238806	179.74626865671652
120	62	1	81.08457711442786	88.81592039800998
120	63	1	67.70500000000001	16.559999999999995
120	64	1	116.51231527093599	27.507389162561577
120	65	1	178.63366336633655	145.53465346534654
120	66	1	67.21782178217823	164.83663366336634
120	67	1	156.12500000000003	3.954999999999997
120	68	1	160.82000000000005	130.72000000000008
120	69	1	106.0945273631841	164.82089552238804
120	70	1	36.65174129353233	60.238805970149244
120	71	1	134.915422885572	77.6218905472637
120	72	1	26.860000000000003	155.37500000000009
120	73	1	34.00497512437811	49.76119402985074
120	74	1	9.664999999999994	27.564999999999998
120	75	1	125.98009950248755	29.134328358208958
120	76	1	43.96019900497515	41.91542288557214
120	77	1	116.78712871287132	49.08910891089108
120	78	1	175.04000000000005	11.655
120	79	1	97.37313432835822	171.950248756219
120	80	1	113.27860696517413	7.298507462686568
120	81	1	89.19306930693067	79.18811881188124
120	82	1	67.38805970149247	72.27860696517406
120	83	1	40.48258706467664	4.462686567164181
120	84	1	67.64851485148512	113.28712871287125
120	85	1	193.273631840796	180.45771144278615
120	86	1	109.19000000000003	36.84999999999998
120	87	1	157.21499999999995	114.36500000000002
120	88	1	166.36815920397996	13.786069651741292
120	89	1	60.64179104477612	51.54228855721393
130	1	2	9.858585858585856	9.616161616161614
130	2	2	9.950000000000008	100.29000000000005
130	3	2	10.120000000000005	190.11999999999992
130	4	2	99.88000000000001	9.879999999999995
130	5	2	100.12	99.88
130	6	2	100.00000000000003	190.50000000000006
130	7	2	189.87999999999997	9.879999999999995
130	8	2	190.49999999999997	100
130	9	2	189.61616161616163	190.14141414141412
130	10	1	154.27363184079604	40.21890547263681
130	11	1	163.3432835820895	160.13432835820893
130	12	1	113.15	176.0549999999999
130	13	1	168.6199999999998	99.55499999999998
130	14	1	62.19000000000002	25.025000000000002
130	15	1	114.32835820895527	18.15422885572139
130	16	1	155.73631840796017	143.10447761194018
130	17	1	75.85572139303481	197.8507462686567
130	18	1	125.13999999999999	124.45500000000003
130	19	1	78.19402985074626	166.39303482587064
130	20	1	108.71641791044779	116.06467661691539
130	21	1	34.490000000000016	193.38500000000002
130	22	1	22.319999999999997	36.1
130	23	1	18.76499999999999	159.48499999999996
130	24	1	86.55721393034825	107.58208955223881
130	25	1	19.54	140.41000000000003
130	26	1	192.9	159.61500000000007
130	27	1	30.56000000000001	139.14999999999998
130	28	1	143.71287128712862	117.5346534653465
130	29	1	99.62499999999999	48.59999999999999
130	30	1	4.9300000000000015	73.2
130	31	1	168.8118811881187	47.14851485148516
130	32	1	149.65999999999994	151.60999999999999
130	33	1	81.79601990049748	20.83582089552239
130	34	1	19.1980198019802	79.89603960396042
130	35	1	91.77114427860694	117.51243781094526
130	36	1	78.46268656716418	100.76119402985078
130	37	1	25.18	16.025000000000006
130	38	1	67.87562189054732	179.74626865671647
130	39	1	55.24875621890546	187.3432835820896
130	40	1	56.949748743718594	119.2613065326633
130	41	1	7.0600000000000005	39.90000000000001
130	42	1	117.9800995024876	187.273631840796
130	43	1	4.761194029850746	198.53731343283582
130	44	1	188.85	170.0649999999999
130	45	1	156.66000000000003	169.46000000000012
130	46	1	130.57711442786075	190.67164179104492
130	47	1	168.9353233830845	146.51243781094533
130	48	1	54.14499999999998	46.52999999999998
130	49	1	48.48241206030152	132.4170854271357
130	50	1	135.04999999999993	36.304999999999986
130	51	1	28.555	29.444999999999983
130	52	1	57.432835820895555	72.43283582089558
130	53	1	174.0497512437811	112.55721393034823
130	54	1	154.39499999999998	103.29000000000005
130	55	1	109.82673267326729	128.25742574257418
130	56	1	171.11499999999992	125.60999999999999
130	57	1	19.78	50.81999999999999
130	58	1	123.55500000000004	113.09999999999998
130	59	1	53.139303482587025	32.41791044776121
130	60	1	46.54726368159205	119.21890547263683
130	61	1	134.5572139303482	179.81592039800998
130	62	1	79.39500000000004	88.87500000000006
130	63	1	68.89552238805977	16.014925373134325
130	64	1	116.94500000000005	27.57999999999999
130	65	1	178.32178217821792	145.21782178217825
130	66	1	66.64321608040204	166.48241206030158
130	67	1	156.88999999999996	3.9849999999999985
130	68	1	159.3449999999999	130.16500000000005
130	69	1	105.90049751243785	165.30845771144277
130	70	1	36.03980099502488	60.40298507462687
130	71	1	134.25870646766165	76.15422885572134
130	72	1	26.449999999999985	154.7450000000001
130	73	1	35.21105527638191	49.19095477386934
130	74	1	10.288557213930352	26.935323383084594
130	75	1	125.90452261306532	29.336683417085432
130	76	1	44.210000000000015	41.59999999999998
130	77	1	117.88999999999996	48.50499999999998
130	78	1	173.94999999999987	11.070000000000002
130	79	1	95.19801980198021	170.3267326732673
130	80	1	112.10000000000004	7.015000000000002
130	81	1	88.40298507462695	78.95024875621893
130	82	1	67.41000000000004	73.92
130	83	1	40.65499999999999	3.309999999999999
130	84	1	65.82178217821782	112.7475247524753
130	85	1	192.87	180.25500000000002
130	86	1	109.56500000000003	36.86500000000002
130	87	1	157.52238805970157	114.56218905472633
130	88	1	166.28712871287127	16.19801980198021
130	89	1	60.447761194029866	51.845771144278594
140	1	2	9.858585858585856	9.616161616161614
140	2	2	9.950000000000008	100.29000000000005
140	3	2	10.120000000000005	190.11999999999992
140	4	2	99.88000000000001	9.879999999999995
140	5	2	100.12	99.88
140	6	2	100.00000000000003	190.50000000000006
140	7	2	189.87999999999997	9.879999999999995
140	8	2	190.49999999999997	100
140	9	2	189.61616161616163	190.14141414141412
140	10	1	153.3618090452261	41.55778894472361
140	11	1	163.11940298507452	158.69651741293538
140	12	1	113.13065326633169	175.824120603015
140	13	1	168.46999999999994	99.02000000000001
140	14	1	61.52238805970153	24.29850746268657
140	15	1	114.6733668341709	18.12060301507537
140	16	1	156.65999999999994	144.35000000000005
140	17	1	76.21393034825876	196.2089552238806
140	18	1	124.96000000000005	124.16500000000006
140	19	1	77.13000000000001	164.88
140	20	1	108.73499999999997	117.095
140	21	1	34.97000000000002	193.3950000000001
140	22	1	22.40000000000002	35.88499999999998
140	23	1	18.584999999999983	158.75499999999997
140	24	1	86.38	107.25000000000003
140	25	1	19.355000000000008	138.67499999999993
140	26	1	194.55940594059405	160.4702970297029
140	27	1	30.23499999999998	137.90500000000003
140	28	1	143.12437810945272	116.58706467661699
140	29	1	99.80597014925371	48.84079601990049
140	30	1	6.253731343283581	74.46766169154226
140	31	1	169.89552238805976	46.40298507462687
140	32	1	148.24378109452738	151.10945273631836
140	33	1	80.76119402985077	20.960199004975117
140	34	1	18.368159203980102	79.2139303482587
140	35	1	89.91499999999998	116.865
140	36	1	76.7213930348259	101.97512437810958
140	37	1	26.835000000000008	15.11
140	38	1	68.705	180.47500000000005
140	39	1	56.84079601990051	187.77114427860687
140	40	1	56.940000000000005	119.73
140	41	1	7.445	39.72499999999998
140	42	1	117.8	185.97499999999997
140	43	1	4.84	197.77
140	44	1	187.935	170.09999999999994
140	45	1	157.52499999999998	169.44499999999996
140	46	1	129.26500000000001	190.715
140	47	1	168.00995024875613	144.0348258706468
140	48	1	54.55500000000001	45.544999999999995
140	49	1	47.5124378109453	130.5174129353234
140	50	1	135.89108910891088	35.83663366336634
140	51	1	27.73267326732674	28.7029702970297
140	52	1	57.119402985074615	70.84079601990048
140	53	1	174.5226130653266	112.14572864321603
140	54	1	155.04020100502518	103.61809045226137
140	55	1	109.009900990099	129.1930693069308
140	56	1	170.35820895522386	124.88059701492537
140	57	1	21.164179104477636	50.850746268656714
140	58	1	123.8109452736318	113.06965174129348
140	59	1	53.51256281407036	32.211055276381906
140	60	1	45.104999999999976	118.06500000000001
140	61	1	136.2587064676616	180.23880597014923
140	62	1	78.43781094527361	89.33830845771148
140	63	1	70.15841584158416	15.079207920792085
140	64	1	116.80597014925374	27.691542288557212
140	65	1	178.215	144.985
140	66	1	65.575	168.40500000000006
140	67	1	157.785	4.445000000000003
140	68	1	157.57711442786066	129.48756218905464
140	69	1	105.4100000000001	166.35500000000005
140	70	1	35.379999999999995	60.42500000000002
140	71	1	134.1641791044775	74.67661691542291
140	72	1	25.839999999999996	153.49000000000004
140	73	1	36.06500000000001	48.904999999999994
140	74	1	10.759999999999996	26.830000000000002
140	75	1	126.04000000000002	29.305
140	76	1	44.15999999999999	41.474999999999994
140	77	1	118.02000000000001	48.13500000000001
140	78	1	172.775	10.145000000000003
140	79	1	92.56435643564352	168.7425742574258
140	80	1	111.75124378109453	6.845771144278603
140	81	1	87.57213930348257	78.83582089552236
140	82	1	67.21608040201001	75.51256281407042
140	83	1	40.730000000000025	2.720000000000001
140	84	1	64.3731343283582	112.39800995024873
140	85	1	191.47	179.93000000000004
140	86	1	109.55499999999998	36.54999999999999
140	87	1	157.47263681592042	115.1094527363184
140	88	1	166.6019900497512	18.626865671641795
140	89	1	60.10447761194028	52.343283582089526
150	1	2	9.858585858585856	9.616161616161614
150	2	2	9.950000000000008	100.29000000000005
150	3	2	10.120000000000005	190.11999999999992
150	4	2	99.88000000000001	9.879999999999995
150	5	2	100.12	99.88
150	6	2	100.00000000000003	190.50000000000006
150	7	2	189.87999999999997	9.879999999999995
150	8	2	190.49999999999997	100
150	9	2	189.61616161616163	190.14141414141412
150	10	1	152.58208955223878	42.06467661691546
150	11	1	163.8706467661691	156.97512437810957
150	12	1	113.23500000000003	175.6199999999999
150	13	1	168.10500000000002	98.29000000000002
150	14	1	60.56999999999999	23.030000000000005
150	15	1	114.99	17.88000000000001
150	16	1	157.51000000000008	145.7000000000001
150	17	1	76.12060301507539	194.69849246231155
150	18	1	125.00995024875621	123.7363184079602
150	19	1	75.78712871287134	163.6485148514851
150	20	1	108.76616915422888	118.26368159203976
150	21	1	35.50753768844221	193.14572864321605
150	22	1	22.363184079601986	35.99502487562192
150	23	1	18.224999999999998	157.79999999999998
150	24	1	86.14	107.02999999999997
150	25	1	19.080000000000002	137.25000000000009
150	26	1	196.29	161.01
150	27	1	29.935000000000006	136.45500000000004
150	28	1	142.8905472636816	115.98009950248755
150	29	1	99.83417085427142	49.08542713567841
150	30	1	6.795000000000002	75.55499999999996
150	31	1	170.44500000000005	45.19500000000001
150	32	1	147.1194029850746	150.587064676617
150	33	1	80.16999999999999	21.220000000000002
150	34	1	17.712871287128714	78.74752475247529
150	35	1	88.17499999999998	116.48499999999999
150	36	1	75.22500000000001	102.87500000000003
150	37	1	28.74626865671642	14.527363184079606
150	38	1	70.30348258706468	181.14925373134338
150	39	1	58.09950248756216	187.5721393034826
150	40	1	56.930348258706466	120.36815920398013
150	41	1	7.7	39.69
150	42	1	117.67000000000002	185.2750000000001
150	43	1	4.835	197.185
150	44	1	187.325	170.04500000000004
150	45	1	158.25999999999988	169.145
150	46	1	128.81592039800995	190.46766169154233
150	47	1	167.0547263681592	141.68159203980113
150	48	1	54.65999999999999	45.29499999999998
150	49	1	46.74499999999999	129.3600000000001
150	50	1	136.5600000000001	35.21500000000001
150	51	1	27.179104477611943	28.233830845771145
150	52	1	57.33000000000002	69.50500000000001
150	53	1	175.3300000000001	111.18000000000002
150	54	1	155.0348258706467	103.9800995024875
150	55	1	108.77114427860698	129.80597014925368
150	56	1	169.44278606965173	124.22388059701494
150	57	1	22.81592039800996	50.74129353233829
150	58	1	124.4228855721393	113.17412935323382
150	59	1	54.252525252525245	31.767676767676758
150	60	1	44.22499999999999	117.23499999999999
150	61	1	137.9949999999999	180.59500000000008
150	62	1	77.1542288557213	90.43781094527365
150	63	1	71.4378109452736	14.114427860696525
150	64	1	117.03980099502493	27.995024875621883
150	65	1	178.28855721393037	144.84577114427861
150	66	1	64.52475247524751	169.88118811881174
150	67	1	158.29	5.374999999999997
150	68	1	155.78000000000017	128.9
150	69	1	104.30348258706468	167.2686567164178
150	70	1	34.635	60.34499999999996
150	71	1	132.89552238805953	73.10447761194028
150	72	1	25.125000000000004	151.93499999999992
150	73	1	37.60696517412936	48.95024875621891
150	74	1	11.010000000000007	26.375000000000018
150	75	1	126.06000000000004	29.749999999999982
150	76	1	44.27722772277229	40.826732673267315
150	77	1	118.19402985074622	48.119402985074636
150	78	1	171.50248756218906	9.507462686567164
150	79	1	89.70297029702971	167.09405940594064
150	80	1	111.14500000000001	6.35
150	81	1	86.10499999999999	79.33999999999999
150	82	1	67.43	76.85999999999997
150	83	1	40.606965174129385	1.9900497512437823
150	84	1	63.31000000000002	112.16499999999996
150	85	1	189.51741293532334	179.6119402985076
150	86	1	109.45000000000003	36.52500000000001
150	87	1	157.53499999999994	115.51
150	88	1	166.490099009901	20.60891089108912
150	89	1	59.71999999999996	52.744999999999976
160	1	2	9.858585858585856	9.616161616161614
160	2	2	9.950000000000008	100.29000000000005
160	3	2	10.120000000000005	190.11999999999992
160	4	2	99.88000000000001	9.879999999999995
160	5	2	100.12	99.88
160	6	2	100.00000000000003	190.50000000000006
160	7	2	189.87999999999997	9.879999999999995
160	8	2	190.49999999999997	100
160	9	2	189.61616161616163	190.14141414141412
160	10	1	152.73499999999984	42.685000000000024
160	11	1	164.6799999999999	155.9349999999999
160	12	1	113.10999999999997	175.39999999999998
160	13	1	168.0049751243781	97.24875621890548
160	14	1	59.73869346733665	21.608040201005004
160	15	1	115.21499999999993	17.689999999999998
160	16	1	158.23618090452266	146.28643216080403
160	17	1	76.28	193.12
160	18	1	124.82178217821782	123.33168316831683
160	19	1	74.45771144278605	162.7512437810946
160	20	1	108.63500000000002	119.28000000000004
160	21	1	35.944999999999986	192.94500000000005
160	22	1	22.64179104477612	35.95522388059701
160	23	1	18.024875621890548	156.75124378109453
160	24	1	86.02000000000002	106.49000000000005
160	25	1	18.676616915422876	135.9452736318409
160	26	1	198.3084577114428	161.34328358208955
160	27	1	29.735000000000007	134.38499999999996
160	28	1	142.575	115.46999999999997
160	29	1	100.30999999999997	49.30499999999999
160	30	1	6.875621890547263	75.66169154228851
160	31	1	170.9751243781095	44.402985074626905
160	32	1	146.72636815920404	149.70646766169145
160	33	1	79.12562814070358	21.45226130653266
160	34	1	17.265000000000008	77.88000000000005
160	35	1	86.73499999999999	116.40999999999995
160	36	1	73.20999999999994	104.21500000000003
160	37	1	30.75000000000001	13.784999999999995
160	38	1	71.35175879396988	181.06030150753773
160	39	1	59.19306930693073	187.14851485148515
160	40	1	56.824999999999996	120.95499999999994
160	41	1	8.230000000000002	39.705000000000005
160	42	1	117.86567164179102	184.8557213930349
160	43	1	4.4572864321608	196.78391959798995
160	44	1	186.485	170.41000000000005
160	45	1	158.40796019900495	167.9154228855721
160	46	1	128.09500000000003	190.815
160	47	1	166.52736318407958	140.13930348258688
160	48	1	55.06467661691541	44.7462686567164
160	49	1	46.55000000000003	128.44500000000002
160	50	1	137.3152709359605	34.177339901477836
160	51	1	26.96999999999999	27.590000000000003
160	52	1	58.64179104477615	68.40796019900499
160	53	1	175.91584158415833	110.47524752475246
160	54	1	155.625	104.41500000000008
160	55	1	108.7363184079602	130.50248756218895
160	56	1	168.21	123.51499999999999
160	57	1	23.651741293532336	50.199004975124375
160	58	1	124.85074626865682	112.97512437810946
160	59	1	54.82587064676614	31.074626865671647
160	60	1	43.35500000000001	116.49499999999999
160	61	1	139.16336633663363	180.8712871287129
160	62	1	75.81094527363183	91.47761194029853
160	63	1	72.73134328358208	12.815920398009945
160	64	1	117.19095477386936	28.34170854271357
160	65	1	178.29353233830844	144.7562189054726
160	66	1	63.92000000000001	170.965
160	67	1	158.67000000000002	6.224999999999997
160	68	1	154.726368159204	129.1940298507462
160	69	1	103.11	168.09999999999997
160	70	1	34.085	59.744999999999976
160	71	1	131.45273631840786	71.83582089552245
160	72	1	24.63000000000001	150.3449999999999
160	73	1	38.86069651741295	49.308457711442784
160	74	1	11.275	25.930000000000007
160	75	1	126.20000000000002	30.13000000000001
160	76	1	44.67500000000001	40.13
160	77	1	118.3	48.24000000000001
160	78	1	170.6119402985074	9.492537313432834
160	79	1	88.04975124378115	165.49751243781097
160	80	1	111.17412935323384	5.825870646766169
160	81	1	84.66499999999995	80.81999999999996
160	82	1	67.1144278606965	79.51243781094526
160	83	1	40.40999999999999	1.5799999999999987
160	84	1	62.05970149253733	111.82089552238813
160	85	1	188.27363184079596	179.75124378109447
160	86	1	109.56500000000001	36.36000000000001
160	87	1	157.5950000000001	115.53500000000003
160	88	1	166.17500000000007	21.564999999999998
160	89	1	59.160000000000004	53.21
170	1	2	9.858585858585856	9.616161616161614
170	2	2	9.950000000000008	100.29000000000005
170	3	2	10.120000000000005	190.11999999999992
170	4	2	99.88000000000001	9.879999999999995
170	5	2	100.12	99.88
170	6	2	100.00000000000003	190.50000000000006
170	7	2	189.87999999999997	9.879999999999995
170	8	2	190.49999999999997	100
170	9	2	189.61616161616163	190.14141414141412
170	10	1	152.08457711442796	42.721393034825866
170	11	1	165.0552763819096	155.54271356783912
170	12	1	113.34343434343435	174.9343434343434
170	13	1	168.1349999999999	96.48499999999999
170	14	1	59.805000000000014	20.55000000000001
170	15	1	115.15	17.48999999999999
170	16	1	158.64000000000007	147.2149999999999
170	17	1	76.55223880597015	192.0547263681592
170	18	1	125.12935323383084	122.51243781094522
170	19	1	72.91584158415843	161.65841584158417
170	20	1	108.25373134328359	120.0497512437811
170	21	1	36.44000000000002	192.81500000000003
170	22	1	23.009950248756223	36.11940298507463
170	23	1	17.80099502487562	156
170	24	1	85.69000000000004	105.8599999999999
170	25	1	18.287128712871283	134.64356435643575
170	26	1	0.6249999999999998	161.49000000000007
170	27	1	29.648241206030143	132.69849246231146
170	28	1	142.33000000000004	114.60000000000007
170	29	1	100.9850746268657	49.5223880597015
170	30	1	6.895522388059697	76.46268656716417
170	31	1	170.8656716417911	43.92537313432836
170	32	1	146.11499999999995	148.56499999999986
170	33	1	78.33830845771145	22.10945273631841
170	34	1	16.845771144278615	77.93532338308462
170	35	1	84.50248756218905	116.3134328358209
170	36	1	71.08457711442787	105.37313432835819
170	37	1	31.92039800995025	13.572139303482583
170	38	1	72.21890547263682	180.67661691542293
170	39	1	60.08955223880592	187.42288557213922
170	40	1	56.62686567164179	121.83084577114428
170	41	1	8.482412060301508	39.87437185929649
170	42	1	118.25500000000004	184.38000000000017
170	43	1	4.094999999999999	196.49
170	44	1	185.61386138613864	171.02475247524762
170	45	1	158.31155778894464	166.81909547738695
170	46	1	127.72139303482588	190.5870646766169
170	47	1	166.13366336633655	139.4207920792079
170	48	1	55.89447236180902	43.7638190954774
170	49	1	45.46	127.33999999999997
170	50	1	137.66500000000008	32.81999999999999
170	51	1	26.619999999999997	26.755000000000013
170	52	1	60.886138613861384	68.3415841584158
170	53	1	176.19900497512435	109.67164179104478
170	54	1	156.03499999999988	105.36500000000001
170	55	1	108.38190954773876	130.68844221105536
170	56	1	166.88000000000014	122.97000000000001
170	57	1	24.44500000000001	49.42500000000002
170	58	1	124.83582089552239	112.42288557213928
170	59	1	55.379999999999974	30.290000000000003
170	60	1	43.38805970149255	114.82089552238804
170	61	1	139.98507462686567	181.93034825870657
170	62	1	75.3432835820896	93.03980099502489
170	63	1	74	11.199999999999998
170	64	1	117.34999999999997	28.394999999999992
170	65	1	178.01500000000013	144.4249999999999
170	66	1	63.44000000000002	171.5700000000001
170	67	1	159.28999999999988	7.374999999999998
170	68	1	153.3960396039604	130.00990099009906
170	69	1	101.07000000000001	169.72499999999997
170	70	1	33.359999999999985	58.54999999999998
170	71	1	130.85572139303486	70.8109452736319
170	72	1	23.735000000000017	148.3350000000001
170	73	1	40.57920792079207	50.084158415841586
170	74	1	11.746268656716419	25.855721393034816
170	75	1	126.33499999999997	30.550000000000008
170	76	1	44.63184079601988	39.512437810945286
170	77	1	118.555	48.155
170	78	1	170.01	9.350000000000003
170	79	1	87.00497512437813	163.8208955223879
170	80	1	111.12	5.105000000000003
170	81	1	83.20999999999997	82.71999999999994
170	82	1	66.93069306930694	81.3217821782178
170	83	1	40.194029850746276	0.9203980099502478
170	84	1	60.94527363184083	111.95522388059705
170	85	1	187.27499999999995	180.06499999999994
170	86	1	109.56499999999997	36.45500000000003
170	87	1	157.0904522613065	116.01005025125629
170	88	1	165.49751243781097	22.034825870646763
170	89	1	58.330000000000005	54.18
180	1	2	9.858585858585856	9.616161616161614
180	2	2	9.950000000000008	100.29000000000005
180	3	2	10.120000000000005	190.11999999999992
180	4	2	99.88000000000001	9.879999999999995
180	5	2	100.12	99.88
180	6	2	100.00000000000003	190.50000000000006
180	7	2	189.87999999999997	9.879999999999995
180	8	2	190.49999999999997	100
180	9	2	189.61616161616163	190.14141414141412
180	10	1	152.04999999999993	42.89500000000001
180	11	1	165.6449999999999	155.34000000000006
180	12	1	113.0841584158416	174.3019801980199
180	13	1	168.265	95.46499999999996
180	14	1	59.280000000000015	19.56999999999999
180	15	1	114.88500000000002	17.335
180	16	1	159.28358208955223	147.7512437810945
180	17	1	77.06000000000006	190.84
180	18	1	125.17910447761189	121.83582089552236
180	19	1	71.88500000000003	161.395
180	20	1	108.50999999999995	120.53499999999997
180	21	1	36.59499999999999	192.50500000000008
180	22	1	23.487562189054746	36.45273631840794
180	23	1	17.525000000000002	155.03500000000005
180	24	1	85.27999999999994	105.85499999999996
180	25	1	17.880597014925375	133.43781094527375
180	26	1	2.044776119402983	161.82089552238807
180	27	1	29.597014925373138	130.96019900497518
180	28	1	142.18499999999997	113.40499999999997
180	29	1	101.51999999999998	49.76
180	30	1	6.579207920792078	77.72772277227726
180	31	1	170.73134328358208	43.70149253731339
180	32	1	145.99499999999992	147.33500000000012
180	33	1	76.94029850746266	22.62189054726367
180	34	1	16.474999999999994	77.26000000000002
180	35	1	81.73999999999997	116.98499999999996
180	36	1	69.55721393034818	106.14427860696513
180	37	1	32.77611940298508	12.985074626865673
180	38	1	72.80597014925372	180.4626865671641
180	39	1	60.751243781094544	187.55721393034833
180	40	1	56.510000000000005	122.34500000000001
180	41	1	9.601990049751244	40.53731343283581
180	42	1	118.41500000000002	184.2499999999999
180	43	1	3.321608040201006	195.69849246231155
180	44	1	185.02010050251258	171.38190954773873
180	45	1	158.2338308457711	165.70646766169156
180	46	1	127.44999999999996	190.3799999999999
180	47	1	165.67999999999992	138.14000000000001
180	48	1	56.333333333333314	43.17412935323382
180	49	1	44.99500000000002	126.11
180	50	1	137.95024875621888	31.90049751243783
180	51	1	26.07462686567163	25.358208955223883
180	52	1	63.059701492537314	68.49253731343285
180	53	1	176.42288557213942	108.52238805970148
180	54	1	156.24120603015075	106.27135678391961
180	55	1	108.20398009950246	130.81592039800992
180	56	1	165.3184079601989	122.69154228855716
180	57	1	25.38000000000001	49.62
180	58	1	124.98999999999997	111.585
180	59	1	56.86	29.69999999999999
180	60	1	43.164179104477604	113.81094527363183
180	61	1	140.95522388059695	183.39303482587064
180	62	1	74.92537313432835	94.5074626865672
180	63	1	74.93499999999997	9.730000000000006
180	64	1	117.155	28.375
180	65	1	178.09045226130655	144.4120603015075
180	66	1	63.29702970297029	171.6732673267327
180	67	1	159.9449999999999	8.440000000000005
180	68	1	151.5223880597015	131.4029850746269
180	69	1	98.56500000000001	171.34999999999988
180	70	1	33.43283582089552	57.87562189054724
180	71	1	130.875	69.83000000000001
180	72	1	22.920398009950265	146.2985074626866
180	73	1	41.28000000000003	49.805000000000035
180	74	1	12.396039603960393	25.945544554455445
180	75	1	126.53768844221102	30.743718592964825
180	76	1	44.44776119402985	38.21393034825872
180	77	1	118.94974874371866	47.93467336683416
180	78	1	169.83417085427126	9.36180904522613
180	79	1	86.90594059405935	163.20297029702962
180	80	1	111.18999999999997	3.8500000000000028
180	81	1	82.06930693069303	83.15346534653466
180	82	1	66.86567164179105	83.0099502487562
180	83	1	40.010000000000005	0.3350000000000009
180	84	1	60.60199004975126	112.04477611940302
180	85	1	186.13999999999996	180.37999999999988
180	86	1	109.59	36.57500000000001
180	87	1	156.74371859296474	116.43718592964825
180	88	1	165.28358208955223	22.562189054726357
180	89	1	57.03482587064677	55.26368159203979
190	1	2	9.858585858585856	9.616161616161614
190	2	2	9.950000000000008	100.29000000000005
190	3	2	10.120000000000005	190.11999999999992
190	4	2	99.88000000000001	9.879999999999995
190	5	2	100.12	99.88
190	6	2	100.00000000000003	190.50000000000006
190	7	2	189.87999999999997	9.879999999999995
190	8	2	190.49999999999997	100
190	9	2	189.61616161616163	190.14141414141412
190	10	1	151.950248756219	42.940298507462686
190	11	1	166.4449999999999	155.16500000000008
190	12	1	112.32338308457706	173.47263681592037
190	13	1	168.3880597014925	94.97512437810944
190	14	1	59.21393034825873	18.552238805970156
190	15	1	114.79899497487436	16.829145728643216
190	16	1	159.59000000000015	148.05500000000004
190	17	1	77.62499999999999	189.725
190	18	1	125.38000000000002	121.46
190	19	1	70.78000000000002	161.49500000000006
190	20	1	108.78894472361812	120.7638190954774
190	21	1	37.00000000000002	192.2250000000001
190	22	1	24.02985074626866	36.68159203980098
190	23	1	17.089552238805982	153.955223880597
190	24	1	85.19402985074628	105.77611940298509
190	25	1	17.72361809045227	132.7638190954774
190	26	1	2.9849999999999977	162.145
190	27	1	29.43781094527364	129.29353233830855
190	28	1	141.96499999999992	112.26999999999998
190	29	1	102.39303482587063	50.37810945273632
190	30	1	6.389999999999998	78.365
190	31	1	170.95499999999993	43.70500000000003
190	32	1	145.51980198019803	146.40099009900993
190	33	1	75.755	22.564999999999998
190	34	1	16.485	76.775
190	35	1	80.06965174129354	117.38308457711442
190	36	1	68.49253731343282	106.97512437810944
190	37	1	33.92039800995027	13.562189054726364
190	38	1	73.04975124378106	180.1940298507463
190	39	1	61.333333333333336	187.5920398009949
190	40	1	56.45499999999999	123.15500000000002
190	41	1	10.469999999999997	41.055000000000014
190	42	1	118.62686567164184	183.8905472636814
190	43	1	3.1407035175879408	195.11557788944722
190	44	1	184.935	171.74000000000012
190	45	1	158.27499999999986	164.52500000000003
190	46	1	127.2139303482587	190.46268656716427
190	47	1	164.925	136.61000000000007
190	48	1	57.163366336633636	42.34158415841588
190	49	1	44.50753768844218	125.40201005025122
190	50	1	137.74999999999997	30.375000000000004
190	51	1	26.08	24.500000000000014
190	52	1	64.69801980198018	68.83663366336633
190	53	1	176.52238805970148	107.0796019900497
190	54	1	155.81999999999996	107.40999999999997
190	55	1	108.13999999999999	130.9399999999999
190	56	1	164.42786069651743	122.28358208955225
190	57	1	26.248756218905474	49.124378109452756
190	58	1	124.74129353233832	111.35820895522387
190	59	1	57.884999999999984	28.96
190	60	1	43.16417910447763	113.05472636815925
190	61	1	141.39500000000004	184.22000000000008
190	62	1	74.74129353233836	95.69651741293532
190	63	1	75.92462311557789	8.407035175879395
190	64	1	116.89447236180904	28.165829145728633
190	65	1	177.64356435643572	143.49009900990097
190	66	1	63.472636815920396	171.55721393034815
190	67	1	160.56499999999994	9.449999999999998
190	68	1	150.44554455445532	132.47029702970292
190	69	1	97.18316831683165	172.37623762376228
190	70	1	33.776119402985074	56.91542288557215
190	71	1	130.67000000000002	68.54499999999993
190	72	1	22.756218905472625	144.29850746268656
190	73	1	42.487562189054714	49.895522388059725
190	74	1	13.155000000000001	25.94499999999999
190	75	1	126.80597014925378	30.990049751243774
190	76	1	44.661691542288544	37.09950248756219
190	77	1	119.36000000000001	47.46999999999999
190	78	1	169.87	9.500000000000004
190	79	1	86.53500000000003	162.72999999999996
190	80	1	111.15920398009945	2.5422885572139293
190	81	1	80.82089552238806	83.40796019900496
190	82	1	66.22388059701493	84.05472636815917
190	83	1	39.61000000000001	0.2050000000000008
190	84	1	60.19000000000003	112.53000000000006
190	85	1	185.17499999999993	180.70000000000005
190	86	1	109.39499999999998	36.39
190	87	1	156.3731343283581	116.86567164179108
190	88	1	164.91542288557204	22.970149253731336
190	89	1	56.442786069651746	55.92039800995026
200	1	2	9.858585858585856	9.616161616161614
200	2	2	9.950000000000008	100.29000000000005
200	3	2	10.120000000000005	190.11999999999992
200	4	2	99.88000000000001	9.879999999999995
200	5	2	100.12	99.88
200	6	2	100.00000000000003	190.50000000000006
200	7	2	189.87999999999997	9.879999999999995
200	8	2	190.49999999999997	100
200	9	2	189.61616161616163	190.14141414141412
200	10	1	151.63681592039802	42.9651741293532
200	11	1	167.86499999999998	155.0549999999999
200	12	1	111.28000000000004	172.12
200	13	1	168.82999999999998	94.35999999999997
200	14	1	59.24499999999999	17.52999999999999
200	15	1	115.14427860696522	16.343283582089565
200	16	1	159.9701492537313	147.75124378109444
200	17	1	78.15999999999997	189.005
200	18	1	125.69500000000001	120.88999999999999
200	19	1	69.2772277227723	161.6138613861386
200	20	1	110.105	121.00500000000007
200	21	1	36.45273631840797	191.5870646766169
200	22	1	24.388059701492534	36.89054726368161
200	23	1	16.42999999999999	152.46500000000006
200	24	1	85.08457711442786	105.96019900497514
200	25	1	17.22388059701493	132.7164179104477
200	26	1	3.590000000000001	162.17499999999993
200	27	1	28.969999999999995	127.48499999999999
200	28	1	141.90000000000003	111.24000000000004
200	29	1	102.82	51.78000000000002
200	30	1	6.184999999999998	79.32500000000002
200	31	1	170.92500000000013	43.72500000000001
200	32	1	145.06965174129357	146.18905472636828
200	33	1	74.0746268656716	22.293532338308456
200	34	1	16.840796019900502	75.58208955223878
200	35	1	78.92537313432832	117.10447761194023
200	36	1	67.25247524752476	107.26237623762371
200	37	1	35.440594059405925	14.06435643564357
200	38	1	73.33999999999999	179.83499999999995
200	39	1	62.25870646766171	187.90049751243774
200	40	1	56.40201005025126	124.14572864321612
200	41	1	11.592039800995025	41.9452736318408
200	42	1	119.00000000000001	183.79499999999993
200	43	1	2.674999999999999	194.48
200	44	1	185.21608040201008	172.3015075376883
200	45	1	158.45226130653253	162.7236180904523
200	46	1	127.46733668341713	190.33668341708545
200	47	1	164.80999999999995	135.22999999999996
200	48	1	57.37999999999999	41.730000000000004
200	49	1	43.417910447761216	124.37313432835818
200	50	1	137.39303482587056	28.487562189054724
200	51	1	25.945273631840806	22.840796019900502
200	52	1	65.18407960199005	69.53731343283583
200	53	1	176.4228855721393	105.92039800995032
200	54	1	155.11000000000007	108.20000000000006
200	55	1	107.98500000000001	130.78999999999994
200	56	1	163.80499999999998	121.72499999999998
200	57	1	27.20398009950249	49.15422885572141
200	58	1	125.06467661691539	110.59203980099498
200	59	1	58.950248756218876	28.064676616915424
200	60	1	43.3819095477387	111.82412060301512
200	61	1	141.7549999999999	185.13500000000005
200	62	1	74.53266331658298	96.53266331658288
200	63	1	76.63366336633672	7.618811881188122
200	64	1	116.14499999999998	27.990000000000002
200	65	1	178.18499999999986	143.69499999999988
200	66	1	63.41708542713567	171.6180904522613
200	67	1	161.005	9.95
200	68	1	150.31000000000003	133.40499999999994
200	69	1	96.38805970149258	172.542288557214
200	70	1	34.00000000000001	56.72000000000001
200	71	1	130.475	66.97000000000008
200	72	1	23.154999999999998	142.80500000000015
200	73	1	43.133663366336634	49.55940594059401
200	74	1	14.15	26.02
200	75	1	127.23499999999999	31.87
200	76	1	44.95024875621888	35.98009950248757
200	77	1	119.23	47.115000000000016
200	78	1	169.96999999999997	9.455000000000005
200	79	1	86.25999999999998	162.645
200	80	1	111.31155778894477	1.1105527638190964
200	81	1	79.71500000000002	83.78999999999996
200	82	1	65.93532338308462	84.89054726368164
200	83	1	39.854271356783904	199.72361809045225
200	84	1	59.671641791044756	112.87562189054728
200	85	1	183.9699999999999	181.28500000000005
200	86	1	109.37499999999999	36.52499999999998
200	87	1	156.44499999999988	116.90000000000002
200	88	1	164.43781094527358	23.283582089552244
200	89	1	55.46766169154227	56.58706467661692
210	1	2	9.858585858585856	9.616161616161614
210	2	2	9.950000000000008	100.29000000000005
210	3	2	10.120000000000005	190.11999999999992
210	4	2	99.88000000000001	9.879999999999995
210	5	2	100.12	99.88
210	6	2	100.00000000000003	190.50000000000006
210	7	2	189.87999999999997	9.879999999999995
210	8	2	190.49999999999997	100
210	9	2	189.61616161616163	190.14141414141412
210	10	1	150.9249999999999	43.204999999999984
210	11	1	169.80499999999998	154.98499999999993
210	12	1	110.41089108910894	171.04950495049493
210	13	1	169.30999999999995	93.45999999999997
210	14	1	59.26000000000001	16.27000000000001
210	15	1	114.7860696517413	15.965174129353235
210	16	1	159.63	147.825
210	17	1	78.745	188.36500000000007
210	18	1	126.15000000000002	120.52000000000002
210	19	1	67.8905472636817	161.23880597014917
210	20	1	110.72999999999996	121.35999999999997
210	21	1	36.50248756218905	190.30348258706454
210	22	1	24.567164179104488	36.587064676616905
210	23	1	16.41791044776119	150.97512437810954
210	24	1	84.80808080808075	106.3535353535353
210	25	1	16.55	132.25500000000008
210	26	1	3.7949999999999995	162.48
210	27	1	28.59405940594059	125.70297029702971
210	28	1	141.8308457711442	110.09950248756222
210	29	1	103.80597014925374	53.91044776119404
210	30	1	6.184999999999998	80.51000000000002
210	31	1	170.75376884422096	43.688442211055275
210	32	1	144.65841584158412	145.73762376237616
210	33	1	73.09405940594065	21.693069306930703
210	34	1	16.935323383084583	74.12437810945276
210	35	1	78.02499999999996	117.23000000000005
210	36	1	66.50746268656717	107.77611940298509
210	37	1	36.530000000000015	13.969999999999999
210	38	1	73.98994974874368	179.06030150753773
210	39	1	63.676616915422876	188.43283582089546
210	40	1	56.641791044776085	125.34825870646765
210	41	1	12.314999999999996	42.26499999999999
210	42	1	119.74999999999996	182.93500000000003
210	43	1	2.0703517587939695	193.89447236180905
210	44	1	185.5700000000001	172.86500000000007
210	45	1	158.04477611940294	161.13930348258708
210	46	1	127.90049751243785	189.94029850746273
210	47	1	164.93564356435644	133.87623762376236
210	48	1	56.95499999999997	41.224999999999994
210	49	1	41.944999999999986	122.83999999999996
210	50	1	137.54773869346727	26.798994974874365
210	51	1	26.625000000000007	20.810000000000016
210	52	1	65.48258706467662	70.71144278606968
210	53	1	175.98499999999984	104.26000000000002
210	54	1	154.19500000000014	109.23000000000002
210	55	1	107.91500000000002	130.76999999999995
210	56	1	163.6733668341709	121.47738693467333
210	57	1	27.661691542288576	48.42786069651739
210	58	1	125.02487562189052	110.30845771144281
210	59	1	59.67661691542287	27.308457711442774
210	60	1	43.20999999999999	110.58499999999998
210	61	1	142.42499999999995	186.05500000000004
210	62	1	74.30845771144278	97.35820895522396
210	63	1	76.88557213930353	7.184079601990047
210	64	1	115.23115577889446	27.86934673366834
210	65	1	177.85500000000002	142.88999999999996
210	66	1	63.359999999999985	171.58000000000013
210	67	1	161.33333333333326	10.54228855721393
210	68	1	150.65999999999983	134.11999999999998
210	69	1	95.92537313432841	172.32835820895522
210	70	1	34.47999999999999	55.84500000000002
210	71	1	130.14427860696514	64.94527363184083
210	72	1	23.35000000000001	141.315
210	73	1	43.945273631840784	49.55223880597014
210	74	1	15.691542288557217	25.213930348258714
210	75	1	128.65999999999994	32.235
210	76	1	45.29850746268658	34.80597014925374
210	77	1	119.78000000000002	46.20999999999998
210	78	1	169.92999999999998	9.504999999999999
210	79	1	86.06999999999998	162.36500000000004
210	80	1	111.27999999999994	199.585
210	81	1	78.58208955223877	84.0746268656716
210	82	1	64.63861386138618	86.2425742574258
210	83	1	39.484999999999985	199.245
210	84	1	59.035	113.02
210	85	1	183.17999999999992	181.56499999999997
210	86	1	109.96999999999998	36.84
210	87	1	156.4371859296483	117.2462311557788
210	88	1	164.28140703517593	23.613065326633162
210	89	1	55.41089108910894	57.29207920792081
220	1	2	9.858585858585856	9.616161616161614
220	2	2	9.950000000000008	100.29000000000005
220	3	2	10.120000000000005	190.11999999999992
220	4	2	99.88000000000001	9.879999999999995
220	5	2	100.12	99.88
220	6	2	100.00000000000003	190.50000000000006
220	7	2	189.87999999999997	9.879999999999995
220	8	2	190.49999999999997	100
220	9	2	189.61616161616163	190.14141414141412
220	10	1	149.27860696517416	43.144278606965166
220	11	1	170.4851485148516	154.84653465346526
220	12	1	109.83000000000003	170.67499999999998
220	13	1	169.53500000000005	92.80499999999999
220	14	1	59.07920792079208	14.930693069306926
220	15	1	113.785	15.509999999999994
220	16	1	159.65499999999997	147.34999999999997
220	17	1	80.21105527638196	186.91959798994966
220	18	1	126.45728643216081	120.14572864321607
220	19	1	66.33333333333326	160.25870646766174
220	20	1	111.30999999999997	121.6
220	21	1	35.601990049751244	188.4328358208956
220	22	1	25.20603015075376	35.97989949748744
220	23	1	16.75124378109452	149.35323383084577
220	24	1	84.84000000000003	106.83999999999999
220	25	1	15.855000000000004	131.54
220	26	1	3.8855721393034823	162.74626865671658
220	27	1	27.631840796019898	123.22885572139303
220	28	1	141.66169154228857	109.15920398009949
220	29	1	104.605	55.00000000000001
220	30	1	6.509900990099006	81.75742574257427
220	31	1	170.85500000000016	43.76500000000003
220	32	1	144.23999999999998	145.38999999999987
220	33	1	72.97	20.37
220	34	1	17.3	71.88000000000005
220	35	1	76.90547263681592	117.94527363184079
220	36	1	65.61499999999998	108.095
220	37	1	37.96500000000002	13.269999999999996
220	38	1	74.53499999999997	178.575
220	39	1	64.755	189.0099999999999
220	40	1	56.55940594059408	126.68811881188124
220	41	1	12.836633663366344	41.891089108910904
220	42	1	120.18592964824121	182.11557788944728
220	43	1	1.7199999999999995	192.95499999999998
220	44	1	185.72361809045228	173.2010050251257
220	45	1	157.28855721393032	159.9203980099502
220	46	1	128.745	189.3
220	47	1	165.2985074626865	132.686567164179
220	48	1	56.98500000000001	40.87999999999998
220	49	1	41.05970149253734	121.56218905472636
220	50	1	137.12000000000003	25.279999999999994
220	51	1	27.560000000000006	18.42
220	52	1	65.48258706467662	71.99004975124379
220	53	1	175.64000000000001	103.38
220	54	1	153.3300000000001	109.92999999999998
220	55	1	108.88499999999996	131.47000000000006
220	56	1	163.92500000000004	121.11
220	57	1	27.995024875621898	47.54228855721394
220	58	1	124.8894472361809	109.74371859296481
220	59	1	60.442211055276395	25.778894472361802
220	60	1	43.185000000000024	109.66000000000003
220	61	1	142.575	186.84999999999997
220	62	1	73.91542288557211	98.37313432835822
220	63	1	76.785	6.109999999999998
220	64	1	114.12060301507537	27.180904522613073
220	65	1	177.65	142.97500000000008
220	66	1	64.09452736318407	171.7960199004975
220	67	1	161.07499999999996	11.165
220	68	1	151.03980099502488	134.5373134328358
220	69	1	94.68999999999993	172.35499999999996
220	70	1	34.87939698492463	54.47236180904523
220	71	1	130.24257425742584	62.55445544554458
220	72	1	24.217821782178234	139.5841584158415
220	73	1	44.58208955223881	48.686567164179095
220	74	1	17.19000000000001	25.144999999999992
220	75	1	130.45320197044344	33.40886699507388
220	76	1	47.21287128712872	33.648514851485146
220	77	1	119.82500000000002	45.55500000000003
220	78	1	169.83999999999995	9.384999999999994
220	79	1	85.98500000000001	162.24500000000003
220	80	1	111.50746268656721	197.60199004975124
220	81	1	77.50500000000004	84.02499999999999
220	82	1	64.48756218905476	87.58208955223883
220	83	1	38.714999999999996	199.085
220	84	1	58.28999999999999	113.82999999999997
220	85	1	181.95024875621885	181.94527363184088
220	86	1	111.55000000000004	36.93499999999999
220	87	1	155.93499999999992	117.67500000000003
220	88	1	164.55276381909553	23.834170854271356
220	89	1	55.124378109452735	57.88059701492535
230	1	2	9.858585858585856	9.616161616161614
230	2	2	9.950000000000008	100.29000000000005
230	3	2	10.120000000000005	190.11999999999992
230	4	2	99.88000000000001	9.879999999999995
230	5	2	100.12	99.88
230	6	2	100.00000000000003	190.50000000000006
230	7	2	189.87999999999997	9.879999999999995
230	8	2	190.49999999999997	100
230	9	2	189.61616161616163	190.14141414141412
230	10	1	147.70500000000007	43.10500000000001
230	11	1	171.95500000000004	154.30999999999997
230	12	1	109.36000000000004	169.79500000000002
230	13	1	170.094527363184	91.70149253731344
230	14	1	59.44278606965175	13.427860696517419
230	15	1	113.08955223880595	14.746268656716413
230	16	1	159.64851485148523	146.75742574257433
230	17	1	82.02499999999999	185.75500000000005
230	18	1	126.93000000000004	119.69500000000006
230	19	1	64.43999999999997	159.35500000000016
230	20	1	112.21000000000001	121.69000000000001
230	21	1	35.412935323383046	186.40796019900492
230	22	1	25.34673366834172	35.50251256281407
230	23	1	16.920792079207914	147.4752475247525
230	24	1	84.74874371859293	107.2613065326633
230	25	1	16.45	130.8
230	26	1	4.184079601990048	162.52736318407966
230	27	1	26.890547263681587	121.03980099502496
230	28	1	141.38693467336668	108.0753768844221
230	29	1	105.46268656716413	56.00497512437811
230	30	1	7.690000000000001	83.07999999999998
230	31	1	170.70854271356788	43.55778894472362
230	32	1	143.91500000000005	144.655
230	33	1	72.54499999999996	19.42999999999999
230	34	1	17.885572139303473	69.50746268656711
230	35	1	76.14000000000004	118.77
230	36	1	64.79	108.44500000000001
230	37	1	39.03980099502487	13.024875621890551
230	38	1	75.37999999999998	178.1099999999999
230	39	1	65.7772277227723	189.13861386138615
230	40	1	55.98009950248755	128.30845771144283
230	41	1	13.245000000000005	41.910000000000004
230	42	1	120.35000000000002	180.185
230	43	1	0.9949748743718598	191.5929648241206
230	44	1	186.29064039408863	173.86206896551732
230	45	1	156.97512437810948	158.9701492537314
230	46	1	129.14000000000007	189.10999999999999
230	47	1	165.71641791044786	131.90049751243782
230	48	1	56.78606965174131	40.18407960199004
230	49	1	40.96039603960393	120.72277227722772
230	50	1	136.78217821782178	24.094059405940598
230	51	1	28.95024875621892	16.93532338308457
230	52	1	65.4851485148515	73.98019801980195
230	53	1	175.35323383084574	102.38805970149252
230	54	1	152.6716417910448	110.5572139303483
230	55	1	109.17000000000006	131.5899999999999
230	56	1	164.3149999999999	120.72500000000004
230	57	1	28.469999999999988	46.97000000000002
230	58	1	125.29145728643216	108.83417085427136
230	59	1	60.220000000000006	24.50000000000001
230	60	1	41.98500000000001	109.15999999999997
230	61	1	142.72999999999988	187.50000000000003
230	62	1	73.66169154228857	99.27363184079606
230	63	1	76.70000000000002	5.53
230	64	1	112.60999999999997	26.905
230	65	1	177.60999999999993	143.59
230	66	1	65.09499999999997	171.76
230	67	1	160.45000000000002	11.715000000000003
230	68	1	151.5349999999999	134.82999999999998
230	69	1	93.62999999999998	172.09
230	70	1	35.56	53.80499999999999
230	71	1	129.75124378109456	60.67164179104479
230	72	1	25.46231155778894	138.21608040201
230	73	1	44.88500000000001	48.325
230	74	1	18.633663366336616	25.034653465346544
230	75	1	131.55223880597023	33.75124378109451
230	76	1	48.044776119403	32.63681592039801
230	77	1	120.53499999999998	43.98000000000001
230	78	1	169.84999999999997	9.234999999999998
230	79	1	86.27000000000002	162.19000000000005
230	80	1	111.77611940298505	195.34328358208953
230	81	1	76.4228855721393	84.31840796019894
230	82	1	63.834999999999994	88.97999999999999
230	83	1	38.02499999999999	198.38
230	84	1	57.133663366336634	114.56930693069314
230	85	1	180.3930348258706	182.910447761194
230	86	1	112.37499999999996	37.169999999999995
230	87	1	156.0150753768844	117.76381909547739
230	88	1	164.62000000000003	24.174999999999986
230	89	1	55.263681592039816	58.19900497512436
240	1	2	9.858585858585856	9.616161616161614
240	2	2	9.950000000000008	100.29000000000005
240	3	2	10.120000000000005	190.11999999999992
240	4	2	99.88000000000001	9.879999999999995
240	5	2	100.12	99.88
240	6	2	100.00000000000003	190.50000000000006
240	7	2	189.87999999999997	9.879999999999995
240	8	2	190.49999999999997	100
240	9	2	189.61616161616163	190.14141414141412
240	10	1	146.99499999999992	43.34500000000002
240	11	1	172.91999999999996	154.35999999999987
240	12	1	108.56500000000003	169.16500000000002
240	13	1	170.6169154228855	90.93034825870645
240	14	1	59.442786069651746	12.383084577114426
240	15	1	112.81094527363183	13.87562189054727
240	16	1	159.51500000000007	146.45500000000004
240	17	1	83.63184079601993	185.3383084577113
240	18	1	127.43999999999997	119.005
240	19	1	63.29850746268659	158.56716417910448
240	20	1	112.60696517412934	121.92537313432837
240	21	1	35.70149253731343	184.77114427860695
240	22	1	25.41293532338308	34.96019900497513
240	23	1	17.666666666666664	145.99502487562185
240	24	1	84.28500000000003	107.45000000000002
240	25	1	16.63316582914573	130.36180904522635
240	26	1	4.223880597014926	162.41791044776113
240	27	1	25.746268656716424	119.33830845771139
240	28	1	140.72636815920393	106.44278606965175
240	29	1	107.27722772277222	56.7574257425743
240	30	1	9.61083743842364	83.24137931034483
240	31	1	170.70499999999996	43.66500000000001
240	32	1	143.05445544554445	143.59900990099015
240	33	1	72.37688442211056	18.93467336683418
240	34	1	18.50248756218905	67.38805970149257
240	35	1	75.55499999999998	119.00999999999999
240	36	1	64.06500000000003	109.34999999999998
240	37	1	40.3910891089109	12.297029702970294
240	38	1	76.08457711442789	177.04477611940294
240	39	1	66.92999999999998	188.57999999999996
240	40	1	54.71999999999999	128.75500000000002
240	41	1	13.450000000000008	40.584999999999994
240	42	1	119.6683168316831	178.60891089108907
240	43	1	0.6250000000000004	190.92000000000007
240	44	1	187.12935323383076	174.62189054726366
240	45	1	156.97499999999994	158.3999999999999
240	46	1	129.4049999999999	188.55500000000004
240	47	1	166.26732673267324	131.4653465346535
240	48	1	56.66169154228854	39.54228855721392
240	49	1	40.193069306930724	120.27227722772281
240	50	1	136.29850746268642	23.577114427860703
240	51	1	30.361386138613845	15.747524752475249
240	52	1	64.90452261306535	75.88442211055273
240	53	1	174.68159203980107	101.98507462686568
240	54	1	151.78109452736317	111.11940298507466
240	55	1	109.465	131.98000000000008
240	56	1	164.575	120.31999999999998
240	57	1	28.735000000000007	46.35
240	58	1	125.51256281407035	108.06030150753767
240	59	1	60.25000000000002	23.27500000000001
240	60	1	40.55721393034827	108.52736318407959
240	61	1	142.6666666666667	188.09452736318391
240	62	1	73.205	100.05000000000001
240	63	1	76.92039800995029	5.144278606965174
240	64	1	110.87437185929646	26.623115577889454
240	65	1	177.5870646766169	144.13930348258714
240	66	1	65.63499999999998	171.43499999999992
240	67	1	159.7512437810945	12.651741293532343
240	68	1	152.48499999999993	135.44000000000005
240	69	1	92.40999999999995	172.55999999999997
240	70	1	36.44500000000002	52.64000000000002
240	71	1	129.02500000000003	59.63999999999999
240	72	1	26.885572139303488	137.35323383084565
240	73	1	45.21000000000001	47.92000000000004
240	74	1	20.228855721393035	23.925373134328357
240	75	1	131.81094527363183	33.27363184079605
240	76	1	49.203980099502495	30.865671641791046
240	77	1	121.28499999999998	43.08
240	78	1	169.92	8.79
240	79	1	86.62499999999999	162.0150000000001
240	80	1	111.51999999999998	193.905
240	81	1	75.17499999999995	84.03000000000004
240	82	1	63.376237623762414	90.27722772277238
240	83	1	37.595	196.82
240	84	1	56.282178217821794	115.61881188118817
240	85	1	178.7649999999999	183.57000000000002
240	86	1	113.1	37.31500000000002
240	87	1	156.0100502512562	117.80904522613064
240	88	1	164.86500000000004	24.275000000000016
240	89	1	56.035000000000004	57.93
250	1	2	9.858585858585856	9.616161616161614
250	2	2	9.950000000000008	100.29000000000005
250	3	2	10.120000000000005	190.11999999999992
250	4	2	99.88000000000001	9.879999999999995
250	5	2	100.12	99.88
250	6	2	100.00000000000003	190.50000000000006
250	7	2	189.87999999999997	9.879999999999995
250	8	2	190.49999999999997	100
250	9	2	189.61616161616163	190.14141414141412
250	10	1	145.41	43.319999999999986
250	11	1	173.87000000000003	154.06000000000006
250	12	1	107.52736318407958	168.45771144278606
250	13	1	170.725	90.32000000000002
250	14	1	59.37500000000001	11.740000000000006
250	15	1	112.46499999999999	12.994999999999992
250	16	1	159.55500000000006	145.7199999999999
250	17	1	85.27363184079603	185.85572139303483
250	18	1	128.29850746268653	117.97014925373132
250	19	1	61.83999999999996	158.21500000000006
250	20	1	113.50500000000004	122.36000000000004
250	21	1	35.736318407960184	183.1940298507462
250	22	1	25.994974874371852	34.28643216080403
250	23	1	18.655000000000012	144.29000000000005
250	24	1	84.12999999999997	107.91999999999996
250	25	1	17.48	129.48000000000002
250	26	1	4.805000000000002	162.13000000000002
250	27	1	24.636815920398003	117.9601990049751
250	28	1	140.57999999999998	104.06500000000001
250	29	1	108.53999999999996	56.724999999999994
250	30	1	11.689999999999994	82.55000000000003
250	31	1	169.3199999999999	43.394999999999975
250	32	1	142.15000000000012	142.52499999999995
250	33	1	72.2238805970149	19.174129353233837
250	34	1	19.38308457711443	65.91542288557204
250	35	1	74.70500000000011	119.48999999999995
250	36	1	63.686567164179124	110.65671641791047
250	37	1	41.02487562189054	12.059701492537316
250	38	1	76.615763546798	176.49753694581278
250	39	1	67.9798994974875	187.53266331658295
250	40	1	53.71000000000001	128.68
250	41	1	13.865671641791044	39.6517412935323
250	42	1	118.4825870646766	177.37810945273628
250	43	1	0.32160804020100486	189.77889447236186
250	44	1	188.0497512437811	175.65671641791047
250	45	1	156.98507462686578	157.64179104477608
250	46	1	130.07500000000002	187.85500000000022
250	47	1	167.14925373134315	131.1890547263681
250	48	1	56.54000000000001	38.98
250	49	1	39.71499999999999	119.44500000000004
250	50	1	136.17910447761204	22.92537313432836
250	51	1	31.725	14.975000000000001
250	52	1	64.61999999999999	77.44499999999996
250	53	1	173.6368159203982	101.90049751243785
250	54	1	150.29999999999998	111.73999999999998
250	55	1	109.74499999999996	132.42000000000007
250	56	1	164.7910447761195	119.99502487562191
250	57	1	29.085427135678383	45.99497487437184
250	58	1	125.75500000000004	107.34000000000002
250	59	1	59.81094527363185	22.27860696517413
250	60	1	39.00497512437815	107.51741293532335
250	61	1	142.86999999999986	188.60999999999987
250	62	1	72.475	100.64500000000002
250	63	1	76.69154228855723	4.462686567164179
250	64	1	109.84158415841583	26.173267326732674
250	65	1	177.2950000000001	144.85500000000005
250	66	1	66.39499999999998	170.365
250	67	1	158.59203980099488	13.830845771144284
250	68	1	152.83251231527086	135.88177339901483
250	69	1	91.47738693467336	173.18090452261302
250	70	1	36.76381909547741	52.64824120603013
250	71	1	128.67500000000004	58.73000000000001
250	72	1	28.47499999999999	136.42499999999987
250	73	1	45.099502487562184	46.90049751243782
250	74	1	21.772277227722764	22.55445544554455
250	75	1	132.0199999999999	33.18000000000001
250	76	1	49.7	29.529999999999987
250	77	1	121.80904522613065	42.01005025125629
250	78	1	170.34500000000006	7.9149999999999965
250	79	1	86.7412935323383	161.58706467661682
250	80	1	111.83084577114421	192.20398009950247
250	81	1	74.44499999999996	84.27500000000005
250	82	1	62.37000000000001	91.57999999999996
250	83	1	38.004975124378085	194.4328358208955
250	84	1	54.90099009900992	115.7029702970297
250	85	1	177.31683168316832	184.7376237623762
250	86	1	113.39999999999998	36.89999999999998
250	87	1	156.06965174129346	117.86567164179102
250	88	1	164.51	24.255000000000013
250	89	1	56.34825870646764	57.54726368159204
260	1	2	9.858585858585856	9.616161616161614
260	2	2	9.950000000000008	100.29000000000005
260	3	2	10.120000000000005	190.11999999999992
260	4	2	99.88000000000001	9.879999999999995
260	5	2	100.12	99.88
260	6	2	100.00000000000003	190.50000000000006
260	7	2	189.87999999999997	9.879999999999995
260	8	2	190.49999999999997	100
260	9	2	189.61616161616163	190.14141414141412
260	10	1	143.31840796019898	43.681592039801
260	11	1	174.19500000000008	153.91499999999988
260	12	1	106.37810945273631	168.74626865671655
260	13	1	170.2449999999999	90.43500000000004
260	14	1	59.30348258706465	10.711442786069645
260	15	1	112.2462311557789	12.562814070351754
260	16	1	160.14500000000004	144.57
260	17	1	85.9402985074627	186.52238805970148
260	18	1	129.31000000000006	116.585
260	19	1	60.27	158.75000000000006
260	20	1	114.51243781094533	122.8358208955224
260	21	1	35.815	182.07999999999996
260	22	1	26.230000000000015	33.69000000000002
260	23	1	18.850746268656728	142.88557213930346
260	24	1	83.97499999999998	108.12
260	25	1	18.03500000000001	128.68000000000015
260	26	1	5.109999999999999	161.99500000000003
260	27	1	23.67661691542288	116.83582089552239
260	28	1	140.90500000000003	102.17500000000001
260	29	1	110.33830845771139	55.99999999999998
260	30	1	13.396039603960393	81.59405940594053
260	31	1	167.66999999999987	43.505000000000024
260	32	1	141.35820895522386	141.14925373134324
260	33	1	72.02499999999999	19.150000000000002
260	34	1	19.415	64.51500000000001
260	35	1	73.89552238805969	119.48258706467665
260	36	1	62.62189054726369	111.31343283582085
260	37	1	41.59500000000001	11.534999999999998
260	38	1	76.55000000000001	175.86500000000004
260	39	1	68.86069651741293	186.91044776119395
260	40	1	52.19900497512438	128.47761194029846
260	41	1	14.671641791044776	38.616915422885604
260	42	1	117.50248756218906	175.92039800995013
260	43	1	0.16499999999999967	188.42499999999995
260	44	1	187.70646766169153	176.59203980099508
260	45	1	156.61194029850765	156.86069651741295
260	46	1	130.04999999999998	187.65999999999985
260	47	1	168.75742574257427	131.00990099009897
260	48	1	56.57499999999999	38.449999999999996
260	49	1	39.10396039603961	118.21287128712872
260	50	1	135.99500000000003	22.450000000000003
260	51	1	32.86069651741294	14.179104477611945
260	52	1	63.53768844221104	78.9145728643216
260	53	1	172.06030150753776	102.07035175879393
260	54	1	149.19402985074638	112.3830845771144
260	55	1	110.29000000000005	132.83500000000004
260	56	1	164.91044776119398	119.78109452736321
260	57	1	29.970000000000006	44.87
260	58	1	125.73366834170858	106.77386934673365
260	59	1	59.31499999999998	21.025
260	60	1	38.13432835820896	106.33333333333334
260	61	1	143.19900497512444	190.2537313432835
260	62	1	72.01999999999998	101.22500000000002
260	63	1	76.53999999999999	3.605000000000001
260	64	1	108.58208955223883	25.905472636815926
260	65	1	177.06499999999997	145.295
260	66	1	65.79207920792078	169.57920792079213
260	67	1	156.795	15.594999999999994
260	68	1	152.96517412935336	136.68159203980102
260	69	1	90.33500000000008	173.53499999999994
260	70	1	37.025	52.86999999999998
260	71	1	128.39999999999998	57.83500000000003
260	72	1	29.23383084577115	135.48258706467647
260	73	1	45.254999999999995	46.63500000000001
260	74	1	23.295000000000005	20.785000000000004
260	75	1	132.13432835820893	32.820895522388035
260	76	1	50.14999999999999	28.690000000000005
260	77	1	122.18407960199005	41.064676616915435
260	78	1	170.83499999999998	6.904999999999998
260	79	1	87.11000000000001	161.33
260	80	1	112.58999999999999	190.855
260	81	1	73.86567164179107	84.53233830845771
260	82	1	61.559999999999995	92.29999999999993
260	83	1	37.96517412935322	192.81094527363183
260	84	1	54.258706467661725	116.80099502487562
260	85	1	175.72999999999993	186.32499999999993
260	86	1	113.06467661691543	36.76119402985072
260	87	1	155.90547263681586	118.24875621890543
260	88	1	164.71144278606965	23.567164179104477
260	89	1	56.58000000000002	57.209999999999994
270	1	2	9.858585858585856	9.616161616161614
270	2	2	9.950000000000008	100.29000000000005
270	3	2	10.120000000000005	190.11999999999992
270	4	2	99.88000000000001	9.879999999999995
270	5	2	100.12	99.88
270	6	2	100.00000000000003	190.50000000000006
270	7	2	189.87999999999997	9.879999999999995
270	8	2	190.49999999999997	100
270	9	2	189.61616161616163	190.14141414141412
270	10	1	141.925	44.345
270	11	1	174.58500000000006	153.80000000000004
270	12	1	104.4179104477612	169.52736318407963
270	13	1	169.46039603960398	90.29702970297029
270	14	1	58.64676616915424	9.731343283582092
270	15	1	112.33	11.849999999999993
270	16	1	161.2574257425743	142.74257425742567
270	17	1	86.4384236453202	188.03940886699502
270	18	1	130.86499999999998	115.24500000000009
270	19	1	58.90099009900987	159.89603960396045
270	20	1	116.07425742574256	123.61386138613862
270	21	1	35.52000000000001	181.475
270	22	1	27.054726368159212	33.194029850746254
270	23	1	19.60199004975124	141.06965174129348
270	24	1	83.47263681592041	109.15422885572141
270	25	1	18.71	127.83000000000007
270	26	1	5.407960199004974	161.71641791044777
270	27	1	22.757425742574252	115.95544554455442
270	28	1	141.00495049504937	99.90099009900992
270	29	1	112.64179104477618	54.761194029850735
270	30	1	13.93532338308458	81.5771144278607
270	31	1	165.75879396984928	43.72361809045227
270	32	1	140.53465346534654	140.48019801980192
270	33	1	71.625	19.33
270	34	1	19.590000000000003	63.710000000000015
270	35	1	72.84500000000004	119.505
270	36	1	61.64179104477612	112.33333333333339
270	37	1	41.7313432835821	9.567164179104482
270	38	1	76.58910891089104	175.02475247524745
270	39	1	70.0854271356784	185.83919597989953
270	40	1	50.475000000000016	128.035
270	41	1	15.780000000000005	37.50000000000002
270	42	1	115.82178217821776	173.76237623762373
270	43	1	199.96984924623115	187.4120603015076
270	44	1	187.12	177.1800000000001
270	45	1	156.71859296482404	155.9698492462311
270	46	1	130.68000000000018	186.81999999999994
270	47	1	170.21890547263678	130.32338308457716
270	48	1	56.1492537313433	37.751243781094566
270	49	1	38.250000000000014	117.20499999999991
270	50	1	136.025	22.074999999999992
270	51	1	33.670000000000016	14.104999999999992
270	52	1	62.73999999999998	80.65999999999998
270	53	1	169.77611940298488	102.13432835820893
270	54	1	148.0597014925373	112.46268656716414
270	55	1	110.82000000000002	132.87000000000006
270	56	1	164.51758793969844	119.80402010050251
270	57	1	30.751243781094534	44.0199004975124
270	58	1	126.06965174129355	106.23880597014926
270	59	1	59.39500000000001	19.739999999999995
270	60	1	37.184999999999995	104.92500000000004
270	61	1	143.62686567164184	192.31343283582083
270	62	1	71.32000000000004	101.68999999999998
270	63	1	75.85074626865669	2.1442786069651736
270	64	1	107.25870646766165	25.149253731343286
270	65	1	177.03980099502482	145.39303482587079
270	66	1	65.745	168.9399999999999
270	67	1	156.08955223880588	17.452736318407958
270	68	1	152.67999999999998	137.74500000000003
270	69	1	88.32999999999997	173.84500000000003
270	70	1	37.55223880597012	53.06965174129353
270	71	1	127.92039800995032	56.81592039800994
270	72	1	30.35148514851486	134.50495049504934
270	73	1	45.385	45.720000000000006
270	74	1	24.477611940298495	19.298507462686576
270	75	1	132.61999999999992	32.56000000000002
270	76	1	50.05999999999998	27.284999999999982
270	77	1	122.77114427860698	39.92537313432837
270	78	1	171.31500000000005	5.220000000000003
270	79	1	88.0646766169154	161.40796019900503
270	80	1	113.47	189.66999999999996
270	81	1	73.06467661691545	84.74626865671645
270	82	1	60.21608040201004	93.38190954773873
270	83	1	37.91044776119403	191.2437810945274
270	84	1	53.407960199004975	117.03482587064677
270	85	1	174.67499999999995	188.06500000000003
270	86	1	112.93532338308457	35.60696517412935
270	87	1	155.38000000000002	118.80499999999999
270	88	1	165.58499999999992	22.630000000000003
270	89	1	57.11500000000002	56.94500000000003
280	1	2	9.858585858585856	9.616161616161614
280	2	2	9.950000000000008	100.29000000000005
280	3	2	10.120000000000005	190.11999999999992
280	4	2	99.88000000000001	9.879999999999995
280	5	2	100.12	99.88
280	6	2	100.00000000000003	190.50000000000006
280	7	2	189.87999999999997	9.879999999999995
280	8	2	190.49999999999997	100
280	9	2	189.61616161616163	190.14141414141412
280	10	1	140.805	45.155
280	11	1	174.36499999999992	153.67499999999998
280	12	1	103.095	170.33500000000006
280	13	1	169.28855721393046	90.67661691542285
280	14	1	58.11442786069651	8.333333333333332
280	15	1	112.21000000000001	10.680000000000001
280	16	1	162.4120603015074	140.73869346733653
280	17	1	86.96999999999998	190.095
280	18	1	131.80999999999995	114.03
280	19	1	57.635	160.06999999999994
280	20	1	117.88000000000001	124.59999999999994
280	21	1	35.74000000000001	180.77500000000012
280	22	1	27.79500000000001	32.495
280	23	1	20.035	140.01499999999993
280	24	1	82.79702970297026	110.67821782178218
280	25	1	19.56716417910447	126.87562189054722
280	26	1	5.830000000000001	161.5449999999999
280	27	1	22.02000000000001	115.58999999999999
280	28	1	140.91542288557218	97.90049751243787
280	29	1	114.02500000000005	54.00500000000002
280	30	1	14.470297029702976	81.6039603960396
280	31	1	163.35820895522383	44.82089552238805
280	32	1	139.82500000000002	139.38999999999996
280	33	1	71.09000000000003	19.57999999999999
280	34	1	19.328358208955226	63.16417910447758
280	35	1	71.78712871287132	119.78217821782178
280	36	1	60.55940594059403	113.19306930693074
280	37	1	41.77999999999999	8.175000000000011
280	38	1	76.77611940298507	174.1592039800995
280	39	1	71.10999999999996	184.7
280	40	1	47.995	127.57500000000003
280	41	1	16.841584158415834	36.28712871287128
280	42	1	114.24499999999998	172.78500000000003
280	43	1	200	185.78391959798998
280	44	1	185.56218905472645	178.2935323383084
280	45	1	156.5276381909548	154.92462311557793
280	46	1	131.17000000000004	186.42499999999998
280	47	1	171.44999999999993	129.95
280	48	1	55.72139303482586	36.910447761194014
280	49	1	37.68181818181818	115.94949494949492
280	50	1	135.7910447761195	21.756218905472632
280	51	1	34.61306532663316	13.974874371859302
280	52	1	61.72772277227721	82.24752475247519
280	53	1	168.06030150753773	102.69849246231158
280	54	1	146.96	112.01500000000001
280	55	1	111.09999999999998	132.755
280	56	1	164.81999999999985	119.29499999999996
280	57	1	31.613861386138613	43.47524752475247
280	58	1	126.15499999999997	105.94499999999996
280	59	1	59.31999999999998	18.07
280	60	1	36.26499999999999	103.71000000000002
280	61	1	144.20000000000002	193.96500000000003
280	62	1	70.54726368159209	102.30845771144283
280	63	1	74.80999999999997	0.910000000000025
280	64	1	106.53731343283584	24.72636815920398
280	65	1	177.10552763819092	145.57788944723612
280	66	1	65.60000000000001	168.27499999999984
280	67	1	154.80402010050258	19.391959798994968
280	68	1	152.45273631840797	138.45771144278604
280	69	1	86.95049504950491	174.59900990098993
280	70	1	38.164999999999964	53.43999999999996
280	71	1	126.70646766169155	56.09452736318406
280	72	1	30.88500000000001	133.43499999999992
280	73	1	45.73366834170854	45.11557788944722
280	74	1	25.584999999999987	18.025000000000016
280	75	1	132.71499999999997	31.815
280	76	1	50.614999999999974	26.22500000000001
280	77	1	122.71356783919603	39.51256281407033
280	78	1	171.57711442786064	4.512437810945277
280	79	1	89.07000000000005	161.99000000000007
280	80	1	114.10000000000002	188.4550000000001
280	81	1	72.38805970149251	84.33830845771142
280	82	1	59.21500000000002	94.09999999999998
280	83	1	37.427860696517406	190.33830845771155
280	84	1	52.96999999999998	118.48499999999999
280	85	1	173.75000000000006	189.18999999999997
280	86	1	113.42000000000003	34.25499999999999
280	87	1	154.505	119.47500000000004
280	88	1	165.82089552238799	21.014925373134332
280	89	1	57.15999999999999	56.24999999999997
290	1	2	9.858585858585856	9.616161616161614
290	2	2	9.950000000000008	100.29000000000005
290	3	2	10.120000000000005	190.11999999999992
290	4	2	99.88000000000001	9.879999999999995
290	5	2	100.12	99.88
290	6	2	100.00000000000003	190.50000000000006
290	7	2	189.87999999999997	9.879999999999995
290	8	2	190.49999999999997	100
290	9	2	189.61616161616163	190.14141414141412
290	10	1	139.78499999999997	46.07500000000002
290	11	1	175.00499999999988	153.70999999999998
290	12	1	101.71000000000008	170.8100000000001
290	13	1	169.16	91.18
290	14	1	57.82587064676616	6.990049751243781
290	15	1	111.88557213930349	9.537313432835827
290	16	1	163.00995024875613	139.01990049751248
290	17	1	87.19801980198028	191.5990099009901
290	18	1	133.02499999999992	113.07
290	19	1	56.380000000000024	159.94499999999994
290	20	1	119.35148514851488	125.52970297029701
290	21	1	35.31500000000001	179.89499999999998
290	22	1	28.01	32.415
290	23	1	19.91000000000001	138.91500000000005
290	24	1	81.96000000000005	112.65000000000002
290	25	1	20.825870646766166	125.91542288557221
290	26	1	5.804020100502516	161.53266331658298
290	27	1	21.409999999999997	115.42
290	28	1	140.63184079601984	96.47761194029853
290	29	1	114.76000000000002	52.845000000000006
290	30	1	14.681592039800993	80.70149253731341
290	31	1	161.40796019900495	46.029850746268636
290	32	1	139.63184079601993	138.8308457711443
290	33	1	70.46766169154232	19.88059701492536
290	34	1	19.676616915422887	62.24378109452738
290	35	1	70.76354679802958	119.9408866995074
290	36	1	59.45771144278605	114.25870646766167
290	37	1	41.84000000000002	6.669999999999999
290	38	1	76.77000000000001	173.9700000000001
290	39	1	71.88442211055278	184.16582914572865
290	40	1	46.21782178217821	127.60396039603955
290	41	1	17.601990049751244	35.00995024875621
290	42	1	113.62376237623761	171.69306930693057
290	43	1	0.47761194029850773	184.35323383084582
290	44	1	184.65174129353247	179.313432835821
290	45	1	156.79999999999995	153.49499999999983
290	46	1	131.24999999999994	186.29999999999998
290	47	1	172.60500000000005	129.85999999999987
290	48	1	54.42713567839194	36.23618090452262
290	49	1	37.845771144278615	113.97512437810947
290	50	1	135.91	21.375000000000007
290	51	1	35.363184079601986	13.343283582089553
290	52	1	60.855721393034834	84.0099502487562
290	53	1	165.99999999999991	102.52999999999999
290	54	1	146.28000000000011	111.35999999999997
290	55	1	111.77999999999996	132.67000000000002
290	56	1	164.76	118.65
290	57	1	32.544554455445564	42.28712871287128
290	58	1	126.41206030150751	105.41708542713567
290	59	1	59.059701492537314	16.86069651741293
290	60	1	34.99502487562192	102.37313432835826
290	61	1	144.57000000000005	194.85000000000005
290	62	1	69.93564356435643	103.35643564356438
290	63	1	73.7185929648241	199.71859296482407
290	64	1	106.09950248756218	24.149253731343283
290	65	1	176.84499999999997	145.52500000000003
290	66	1	65.82089552238804	166.7064676616916
290	67	1	153.49000000000004	21.025000000000006
290	68	1	152.2821782178218	138.32178217821786
290	69	1	86.39499999999998	175.30500000000006
290	70	1	38.335	53.87999999999998
290	71	1	126.19597989949752	54.74371859296481
290	72	1	31.760000000000005	132.21500000000003
290	73	1	45.83919597989949	44.66331658291459
290	74	1	26.474999999999984	16.57
290	75	1	132.73134328358208	31.218905472636823
290	76	1	50.93069306930692	25.400990099009896
290	77	1	122.755	38.92500000000002
290	78	1	171.32500000000002	4.115000000000001
290	79	1	89.27499999999996	162.35499999999993
290	80	1	114.80597014925372	186.33830845771143
290	81	1	71.73	84.655
290	82	1	58.54999999999998	95.315
290	83	1	37.13930348258708	189.19402985074632
290	84	1	52.56999999999996	120.44500000000005
290	85	1	173.16417910447768	190.2786069651741
290	86	1	113.27860696517415	33.43283582089551
290	87	1	153.92999999999978	119.88499999999998
290	88	1	165.78606965174134	19.412935323383092
290	89	1	56.98009950248757	55.776119402985096
300	1	2	9.858585858585856	9.616161616161614
300	2	2	9.950000000000008	100.29000000000005
300	3	2	10.120000000000005	190.11999999999992
300	4	2	99.88000000000001	9.879999999999995
300	5	2	100.12	99.88
300	6	2	100.00000000000003	190.50000000000006
300	7	2	189.87999999999997	9.879999999999995
300	8	2	190.49999999999997	100
300	9	2	189.61616161616163	190.14141414141412
300	10	1	138.502487562189	48.08955223880596
300	11	1	175.94974874371866	153.73366834170847
300	12	1	100.65500000000004	171.11499999999998
300	13	1	169.0502512562814	91.61306532663319
300	14	1	57.55500000000002	5.909999999999999
300	15	1	111.70999999999998	7.8500000000000005
300	16	1	163.67164179104472	137.25373134328362
300	17	1	87.10945273631836	193.04477611940294
300	18	1	134.3099999999999	111.62999999999995
300	19	1	55.64179104477611	159.9900497512438
300	20	1	120.57711442786076	125.99999999999997
300	21	1	34.696517412935314	179.01990049751257
300	22	1	28.38500000000001	32.17000000000002
300	23	1	20.606965174129357	137.8009950248756
300	24	1	81.39800995024878	114.2189054726368
300	25	1	21.74129353233832	124.88059701492539
300	26	1	5.794999999999999	161.5200000000001
300	27	1	21.62500000000001	114.81999999999996
300	28	1	141.2139303482587	94.8258706467661
300	29	1	115.43781094527363	51.51243781094527
300	30	1	15.094999999999997	80.64
300	31	1	159.84079601990052	46.87064676616918
300	32	1	139.9751243781095	137.9452736318407
300	33	1	69.94999999999999	20.549999999999997
300	34	1	19.62311557788945	61.56281407035176
300	35	1	69.7889447236182	120.67336683417086
300	36	1	58.35323383084575	114.86567164179101
300	37	1	41.94000000000002	5.335
300	38	1	76.30499999999998	172.8249999999999
300	39	1	73.25000000000003	184.37000000000003
300	40	1	45.755	128.07500000000002
300	41	1	18.36500000000001	34.37500000000001
300	42	1	112.5544554455445	170.80693069306932
300	43	1	0.6200000000000001	182.28
300	44	1	183.00500000000008	180.50999999999996
300	45	1	157.7849999999999	152.10500000000005
300	46	1	132.01999999999987	186.07
300	47	1	173.47000000000006	129.38000000000005
300	48	1	53.089552238805965	34.70646766169154
300	49	1	38.63184079601987	112.60696517412937
300	50	1	136.14000000000004	21.104999999999983
300	51	1	36.06030150753769	12.708542713567839
300	52	1	60.01500000000002	85.445
300	53	1	164.55223880597012	101.9303482587065
300	54	1	145.86499999999998	110.52
300	55	1	112.32338308457713	132.00497512437812
300	56	1	164.95500000000007	117.31000000000006
300	57	1	33.606965174129336	40.84577114427859
300	58	1	126.52499999999996	105.01499999999997
300	59	1	59.089552238805965	15.656716417910452
300	60	1	34.343283582089576	101.60696517412929
300	61	1	145.80597014925368	196.10447761194033
300	62	1	69.5148514851485	104.46534653465345
300	63	1	72.82000000000005	198.64
300	64	1	104.85499999999993	23.370000000000005
300	65	1	176.06467661691545	145.28855721393032
300	66	1	65.4427860696517	165.67164179104483
300	67	1	152.56999999999994	21.75499999999998
300	68	1	151.63819095477385	138.713567839196
300	69	1	85.74	176.25
300	70	1	38.51980198019798	54.90594059405944
300	71	1	125.75	53.805000000000035
300	72	1	32.83084577114427	131.20398009950247
300	73	1	45.91044776119404	44.04477611940299
300	74	1	27.100000000000005	15.249999999999996
300	75	1	132.82500000000005	30.899999999999995
300	76	1	51.243781094527364	24.60696517412936
300	77	1	122.95024875621895	38.42786069651742
300	78	1	171.52500000000003	4.095000000000005
300	79	1	89.33500000000001	162.81000000000006
300	80	1	116.14356435643566	183.6188118811881
300	81	1	70.995	85.58000000000004
300	82	1	57.934673366834126	96.36683417085423
300	83	1	36.45500000000002	188.19500000000002
300	84	1	52.0502512562814	121.55778894472361
300	85	1	172.5024875621891	190.771144278607
300	86	1	113.27135678391961	32.10552763819096
300	87	1	153.8291457286432	120.36180904522614
300	88	1	165.71144278606974	17.33830845771145
300	89	1	57.2587064676617	55.308457711442784
310	1	2	9.858585858585856	9.616161616161614
310	2	2	9.950000000000008	100.29000000000005
310	3	2	10.120000000000005	190.11999999999992
310	4	2	99.88000000000001	9.879999999999995
310	5	2	100.12	99.88
310	6	2	100.00000000000003	190.50000000000006
310	7	2	189.87999999999997	9.879999999999995
310	8	2	190.49999999999997	100
310	9	2	189.61616161616163	190.14141414141412
310	10	1	137.99502487562194	49.73134328358209
310	11	1	177.0653266331658	153.45728643216088
310	12	1	99.43999999999997	172.28000000000017
310	13	1	168.62499999999997	91.82499999999997
310	14	1	56.730000000000025	4.335000000000003
310	15	1	111.68	7.709999999999997
310	16	1	164.47999999999996	135.95000000000002
310	17	1	86.70000000000002	194.26999999999992
310	18	1	135.3781094527363	110.72636815920404
310	19	1	54.31343283582091	159.63184079601984
310	20	1	121.95000000000002	126.13000000000004
310	21	1	34.02985074626865	178.18407960199005
310	22	1	28.965000000000003	31.669999999999984
310	23	1	21.075000000000003	136.76500000000004
310	24	1	80.77	116.02499999999996
310	25	1	22.574999999999992	123.83000000000003
310	26	1	5.869346733668342	161.427135678392
310	27	1	21.804999999999996	114.57499999999999
310	28	1	142.3830845771143	93.34328358208954
310	29	1	115.60199004975128	50.761194029850756
310	30	1	15.465	80.24000000000004
310	31	1	158.645	46.98000000000002
310	32	1	139.8407960199004	137.88059701492534
310	33	1	68.99999999999999	21.236180904522616
310	34	1	19.313432835820898	60.955223880597046
310	35	1	68.46039603960394	120.52475247524761
310	36	1	57.44000000000001	115.595
310	37	1	41.51499999999999	2.9800000000000013
310	38	1	75.62000000000006	170.57500000000016
310	39	1	74.44776119402981	184.63681592039802
310	40	1	45.26237623762374	128.74752475247516
310	41	1	18.88557213930347	33.05472636815919
310	42	1	111.45544554455442	170.2722772277227
310	43	1	0.554455445544555	180.32178217821777
310	44	1	181.24500000000003	181.67499999999998
310	45	1	158.3134328358208	150.98009950248763
310	46	1	132.25000000000003	186.1550000000001
310	47	1	174.34000000000003	129.29
310	48	1	51.371859296482405	33.28140703517589
310	49	1	39.56218905472636	110.87562189054725
310	50	1	136.2199999999999	20.759999999999994
310	51	1	36.65841584158417	11.732673267326726
310	52	1	58.820895522388064	87.04975124378109
310	53	1	163.32673267326723	102.25247524752476
310	54	1	145.5600000000001	109.19500000000002
310	55	1	112.39000000000006	130.58500000000004
310	56	1	164.9547738693468	116.26130653266331
310	57	1	34.46268656716416	39.746268656716445
310	58	1	126.65499999999997	105.1
310	59	1	58.915422885572134	14.278606965174138
310	60	1	33.910447761194	100.45273631840796
310	61	1	147.41293532338295	197.044776119403
310	62	1	69.14999999999998	105.34000000000005
310	63	1	71.62311557788945	197.3467336683417
310	64	1	103.63999999999997	22.875000000000007
310	65	1	175.59296482412057	145.13065326633168
310	66	1	64.8507462686567	163.96517412935333
310	67	1	152.0796019900497	22.25870646766168
310	68	1	151.64000000000001	138.895
310	69	1	85.26999999999998	177.43499999999997
310	70	1	38.76	55.54000000000001
310	71	1	125.37688442211059	52.49246231155779
310	72	1	33.385	130.45999999999978
310	73	1	46.255	43.790000000000006
310	74	1	27.71144278606964	14.606965174129346
310	75	1	132.70999999999987	30.704999999999988
310	76	1	51.577889447236174	23.467336683417077
310	77	1	122.83500000000001	37.934999999999995
310	78	1	171.5	4.190000000000001
310	79	1	89.43500000000004	163.58
310	80	1	116.29999999999998	181.37
310	81	1	70.24257425742574	85.36138613861385
310	82	1	57.44776119402983	97.41293532338314
310	83	1	35.829999999999984	187.07999999999998
310	84	1	51.46000000000003	122.40999999999997
310	85	1	172.28499999999994	191.40500000000003
310	86	1	112.8457711442786	31.189054726368152
310	87	1	153.52736318407958	120.7462686567164
310	88	1	164.9356435643563	16.024752475247517
310	89	1	57.354999999999976	54.88000000000002
320	1	2	9.858585858585856	9.616161616161614
320	2	2	9.950000000000008	100.29000000000005
320	3	2	10.120000000000005	190.11999999999992
320	4	2	99.88000000000001	9.879999999999995
320	5	2	100.12	99.88
320	6	2	100.00000000000003	190.50000000000006
320	7	2	189.87999999999997	9.879999999999995
320	8	2	190.49999999999997	100
320	9	2	189.61616161616163	190.14141414141412
320	10	1	137.42786069651746	51.49751243781095
320	11	1	177.27000000000004	153.2850000000001
320	12	1	98.565	173.26999999999995
320	13	1	168.5678391959799	91.94974874371856
320	14	1	55.83084577114427	2.9651741293532328
320	15	1	111.47500000000007	7.135000000000003
320	16	1	165.465	134.32500000000002
320	17	1	86.36	195.47500000000002
320	18	1	135.77611940298505	110.56218905472642
320	19	1	53.29850746268656	158.8706467661692
320	20	1	123.10945273631842	126.54228855721392
320	21	1	34.23999999999998	177.33
320	22	1	29.810000000000006	31.224999999999994
320	23	1	21.213930348258714	135.7512437810945
320	24	1	79.47761194029852	117.5820895522389
320	25	1	23.165000000000006	123.08499999999998
320	26	1	5.485000000000001	161.55500000000006
320	27	1	22.100000000000005	114.14
320	28	1	142.86499999999998	92.62999999999995
320	29	1	115.97499999999997	49.650000000000006
320	30	1	15.945273631840799	78.16915422885572
320	31	1	157.49253731343276	47.194029850746276
320	32	1	139.98009950248758	137.73631840796023
320	33	1	67.91999999999996	22.239999999999995
320	34	1	19.646766169154223	60.19402985074622
320	35	1	67.68	120.76500000000009
320	36	1	56.95024875621892	115.97512437810943
320	37	1	40.9257425742574	0.7376237623762374
320	38	1	74.94029850746269	169.5323383084576
320	39	1	75.32500000000005	184.89999999999995
320	40	1	44.99502487562188	129.51741293532342
320	41	1	19.763819095477388	31.37688442211056
320	42	1	110.08457711442786	170.4626865671642
320	43	1	0.7200000000000003	178.72499999999988
320	44	1	179.82089552238784	182.50746268656724
320	45	1	158.79207920792084	149.45544554455432
320	46	1	132.48500000000004	186.285
320	47	1	175.88000000000008	129.83500000000006
320	48	1	50.35820895522389	31.91542288557214
320	49	1	39.940594059405896	109.8465346534654
320	50	1	136.68159203980105	20.328358208955233
320	51	1	37.34825870646765	10.646766169154228
320	52	1	57.92039800995025	88.1393034825871
320	53	1	162.44278606965173	102.64676616915422
320	54	1	145.33165829145733	108.4321608040201
320	55	1	112.81094527363187	129.48756218905467
320	56	1	164.96039603960392	115.40099009900993
320	57	1	35.786069651741286	39.23880597014928
320	58	1	126.71999999999996	104.91500000000003
320	59	1	59.29499999999999	12.999999999999996
320	60	1	32.88059701492539	99.67164179104473
320	61	1	148.69651741293532	198.46766169154228
320	62	1	69.25499999999997	105.94
320	63	1	70.38000000000004	195.535
320	64	1	102.12437810945276	22.935323383084583
320	65	1	175.90499999999977	144.70499999999993
320	66	1	64.15999999999998	162.93000000000004
320	67	1	151.8499999999999	22.924999999999997
320	68	1	151.52499999999995	139.1300000000001
320	69	1	84.7014925373134	177.97512437810946
320	70	1	38.70646766169153	55.87562189054726
320	71	1	125.72277227722772	50.72277227722771
320	72	1	33.885000000000005	129.94500000000008
320	73	1	47.845	43.03499999999999
320	74	1	28.18811881188119	13.480198019801973
320	75	1	132.83499999999995	30.455000000000002
320	76	1	51.636815920398	21.98009950248757
320	77	1	122.69154228855727	37.134328358208954
320	78	1	171.80500000000006	4.279999999999999
320	79	1	89.20792079207922	164.71782178217825
320	80	1	116.6666666666667	179.6318407960199
320	81	1	69.68	86.95999999999992
320	82	1	55.88557213930344	97.96019900497514
320	83	1	36.02999999999999	185.86500000000007
320	84	1	50.79601990049751	122.61691542288551
320	85	1	171.22499999999997	191.75500000000002
320	86	1	111.97512437810941	29.786069651741283
320	87	1	153.24000000000007	121.17999999999999
320	88	1	164.4626865671642	15.37810945273632
320	89	1	57.749999999999964	55.08499999999998
330	1	2	9.858585858585856	9.616161616161614
330	2	2	9.950000000000008	100.29000000000005
330	3	2	10.120000000000005	190.11999999999992
330	4	2	99.88000000000001	9.879999999999995
330	5	2	100.12	99.88
330	6	2	100.00000000000003	190.50000000000006
330	7	2	189.87999999999997	9.879999999999995
330	8	2	190.49999999999997	100
330	9	2	189.61616161616163	190.14141414141412
330	10	1	136.91499999999996	53.105000000000004
330	11	1	178.125	153.355
330	12	1	97.94000000000003	174.48500000000018
330	13	1	169.04499999999987	92.26499999999997
330	14	1	55.94554455445546	1.2871287128713504
330	15	1	111.31499999999993	6.914999999999997
330	16	1	167.05999999999995	133.115
330	17	1	85.75124378109453	196.85074626865674
330	18	1	136.46499999999992	110.31999999999996
330	19	1	52.095	157.60999999999999
330	20	1	124.14000000000004	126.39
330	21	1	34.22110552763821	176.76884422110552
330	22	1	30.246231155778894	31.326633165829136
330	23	1	21.490000000000002	135.05499999999986
330	24	1	78.68656716417915	118.53731343283584
330	25	1	23.829999999999988	122.24999999999993
330	26	1	5.62	161.26499999999996
330	27	1	22.549999999999983	113.31499999999997
330	28	1	142.97014925373134	91.81094527363186
330	29	1	116.2139303482587	47.81094527363186
330	30	1	16.615	77.70499999999997
330	31	1	156.77611940298496	47.33830845771145
330	32	1	139.860696517413	137.79104477611946
330	33	1	66.66666666666671	22.960199004975127
330	34	1	20.30348258706468	59.41791044776122
330	35	1	66.81094527363189	120.75621890547266
330	36	1	56.309999999999995	116.62999999999998
330	37	1	40.64179104477613	199.3930348258706
330	38	1	73.84158415841578	168.5693069306932
330	39	1	76.0696517412935	185.3880597014925
330	40	1	44.86000000000003	129.44999999999996
330	41	1	20.631840796019898	29.487562189054724
330	42	1	108.83084577114423	169.90547263681594
330	43	1	0.8450000000000009	177.295
330	44	1	178.92537313432834	183.11442786069654
330	45	1	159.29850746268653	147.56716417910445
330	46	1	133.09500000000003	186.31500000000008
330	47	1	177.7700000000001	130.575
330	48	1	49.43283582089554	30.82089552238807
330	49	1	39.79	108.57999999999994
330	50	1	137.2211055276382	20
330	51	1	37.793969849246224	9.135678391959798
330	52	1	57.230000000000004	89.12500000000004
330	53	1	161.66999999999996	102.535
330	54	1	145.12562814070353	107.24623115577887
330	55	1	113.90547263681592	127.80099502487562
330	56	1	164.51243781094522	115.44278606965176
330	57	1	37.3	39.475
330	58	1	126.64676616915425	104.71641791044779
330	59	1	58.691542288557244	12.034825870646765
330	60	1	33.06499999999999	97.70500000000004
330	61	1	149.2964824120603	199.19095477386935
330	62	1	69.315	106.32500000000002
330	63	1	68.71859296482414	193.67839195979903
330	64	1	100.94029850746269	23.33830845771145
330	65	1	175.43718592964828	144.56783919597984
330	66	1	63.2	161.68999999999988
330	67	1	152.13567839195983	23.185929648241213
330	68	1	151.43499999999997	139.23499999999993
330	69	1	84.2871287128713	178.67821782178214
330	70	1	37.567839195979886	55.69849246231155
330	71	1	126.27500000000008	49.85499999999999
330	72	1	33.93499999999995	129.56
330	73	1	49.75742574257425	42.63366336633661
330	74	1	29.158415841584176	12.787128712871285
330	75	1	132.36000000000004	30.254999999999992
330	76	1	51.40404040404039	20.964646464646474
330	77	1	122.52238805970146	36.32835820895523
330	78	1	171.70499999999998	4.3999999999999995
330	79	1	88.64179104477614	166.53233830845775
330	80	1	116.93532338308455	177.89054726368153
330	81	1	69.20398009950252	88.11442786069651
330	82	1	54.52238805970149	98.57711442786069
330	83	1	35.184999999999995	185.1099999999999
330	84	1	50.217171717171745	122.70707070707074
330	85	1	170.17910447761187	192.68159203980102
330	86	1	111.42786069651746	28.169154228855703
330	87	1	153.06030150753764	120.92462311557787
330	88	1	164.2089552238806	15.029850746268657
330	89	1	57.50500000000001	54.66999999999998
340	1	2	9.858585858585856	9.616161616161614
340	2	2	9.950000000000008	100.29000000000005
340	3	2	10.120000000000005	190.11999999999992
340	4	2	99.88000000000001	9.879999999999995
340	5	2	100.12	99.88
340	6	2	100.00000000000003	190.50000000000006
340	7	2	189.87999999999997	9.879999999999995
340	8	2	190.49999999999997	100
340	9	2	189.61616161616163	190.14141414141412
340	10	1	136.2099999999999	54.62500000000001
340	11	1	179.75621890547262	153.3781094527364
340	12	1	97.71641791044776	174.65174129353235
340	13	1	168.55000000000007	92.29500000000003
340	14	1	55.474999999999994	199.5799999999999
340	15	1	111.16999999999992	6.734999999999999
340	16	1	168.07960199004967	132.20398009950247
340	17	1	84.72636815920403	197.66169154228857
340	18	1	136.5200000000001	110.46499999999999
340	19	1	50.46766169154227	156.8557213930348
340	20	1	124.71287128712872	126.82178217821789
340	21	1	34.37313432835822	176.34328358208955
340	22	1	30.505	31.995000000000008
340	23	1	21.532338308457714	134.39800995024873
340	24	1	77.02985074626868	119.38805970149248
340	25	1	24.768844221105518	121.27135678391963
340	26	1	4.805	161.095
340	27	1	23.020100502512566	112.83919597989949
340	28	1	143.54950495049508	91.00000000000003
340	29	1	116.43781094527368	46.02487562189057
340	30	1	16.715	76.56500000000003
340	31	1	154.618811881188	47.2227722772277
340	32	1	140.05472636815927	137.60199004975127
340	33	1	65.60301507537692	23.70351758793969
340	34	1	20.930000000000007	58.14
340	35	1	65.92964824120605	120.82914572864321
340	36	1	55.69500000000001	117.02
340	37	1	39.825	198.22000000000008
340	38	1	72.6616915422885	167.5024875621891
340	39	1	76.73500000000006	185.65499999999994
340	40	1	44.515	129.04500000000004
340	41	1	21.38308457711442	27.522388059701484
340	42	1	108.03000000000003	169.27
340	43	1	0.8557213930348241	176.3731343283582
340	44	1	177.47761194029846	184.34825870646767
340	45	1	159.8894472361808	146.02512562814084
340	46	1	132.85	186.27500000000003
340	47	1	179.41708542713556	130.75879396984928
340	48	1	48.135000000000005	29.514999999999983
340	49	1	40.16915422885572	106.79601990049748
340	50	1	138.01	19.18500000000001
340	51	1	38.47474747474746	8.424242424242427
340	52	1	56.58208955223881	89.6119402985075
340	53	1	160.63000000000002	102.48499999999997
340	54	1	144.85074626865676	106.17412935323387
340	55	1	114.97499999999997	125.85500000000008
340	56	1	164.5226130653265	114.78391959798996
340	57	1	38.65999999999999	40.09999999999999
340	58	1	126.6865671641791	104.61691542288553
340	59	1	58.874999999999986	10.739999999999997
340	60	1	33.23383084577115	96.2636815920398
340	61	1	150.58208955223876	199.40796019900498
340	62	1	68.78109452736314	106.52238805970153
340	63	1	67.60999999999997	192.195
340	64	1	99.58000000000004	24.015
340	65	1	174.42500000000007	144.15499999999997
340	66	1	61.54773869346733	160.1658291457285
340	67	1	152.19402985074626	23.477611940298512
340	68	1	150.98499999999987	139.52500000000006
340	69	1	84.11940298507461	179.4626865671642
340	70	1	36.407960199005	55.60199004975125
340	71	1	126.62	49.39499999999999
340	72	1	33.58208955223881	128.88557213930352
340	73	1	51.01005025125627	42.13567839195978
340	74	1	30.110000000000003	12.440000000000001
340	75	1	131.735	29.829999999999984
340	76	1	51.28500000000001	20.004999999999995
340	77	1	122.68159203980098	35.65174129353232
340	78	1	171.95499999999993	4.495000000000002
340	79	1	87.56499999999996	168.265
340	80	1	117.31840796019894	176.26368159203975
340	81	1	68.42999999999999	88.50999999999999
340	82	1	53.850746268656735	99.08457711442787
340	83	1	34.328358208955216	184.64676616915426
340	84	1	49.89949748743716	123.14070351758797
340	85	1	168.6467661691542	193.67661691542276
340	86	1	110.51499999999999	27.169999999999995
340	87	1	153.28999999999994	120.70999999999997
340	88	1	163.71499999999992	14.739999999999998
340	89	1	57.034825870646785	54.13930348258705
350	1	2	9.858585858585856	9.616161616161614
350	2	2	9.950000000000008	100.29000000000005
350	3	2	10.120000000000005	190.11999999999992
350	4	2	99.88000000000001	9.879999999999995
350	5	2	100.12	99.88
350	6	2	100.00000000000003	190.50000000000006
350	7	2	189.87999999999997	9.879999999999995
350	8	2	190.49999999999997	100
350	9	2	189.61616161616163	190.14141414141412
350	10	1	135.0945273631841	56.83582089552241
350	11	1	180.69999999999993	153.07000000000002
350	12	1	97.36683417085426	174.97487437185927
350	13	1	168.945	92.56000000000002
350	14	1	55.63184079601993	197.81592039801
350	15	1	110.89999999999996	6.264999999999873
350	16	1	169.2	131.32500000000005
350	17	1	84.24499999999998	198.4050000000001
350	18	1	136.76499999999993	110.37500000000003
350	19	1	49.35000000000002	155.80999999999997
350	20	1	125.4825870646767	126.9303482587064
350	21	1	34.83084577114428	176.23880597014914
350	22	1	30.960000000000004	31.96
350	23	1	22.18	134.20999999999984
350	24	1	75.82089552238803	120.22885572139305
350	25	1	25.190954773869343	120.72361809045225
350	26	1	3.995024875621889	160.99004975124384
350	27	1	23.442211055276385	112.0100502512563
350	28	1	143.835	90.70000000000005
350	29	1	116.46534653465342	44.56930693069303
350	30	1	16.804999999999996	74.60499999999993
350	31	1	153.6517412935322	47.64676616915425
350	32	1	140.51243781094527	137.2039800995025
350	33	1	64.51980198019803	24.054455445544548
350	34	1	21.100000000000005	56.49999999999994
350	35	1	65.25499999999998	120.785
350	36	1	54.89447236180904	117.09045226130658
350	37	1	39.442211055276374	197.57788944723617
350	38	1	71.34499999999998	166.62999999999997
350	39	1	78.15422885572143	186.8855721393035
350	40	1	44.085427135678366	128.98492462311557
350	41	1	21.955000000000002	25.815000000000005
350	42	1	107.04477611940307	168.76119402985086
350	43	1	0.08499999999999955	175.74000000000004
350	44	1	176.2935323383083	186.24875621890538
350	45	1	160.3681592039801	145.18407960199005
350	46	1	133.17000000000007	186.25500000000014
350	47	1	181.02512562814067	131.924623115578
350	48	1	47.415841584158436	28.5940594059406
350	49	1	39.76499999999999	105.69499999999995
350	50	1	139.60499999999996	17.86999999999999
350	51	1	38.75376884422111	7.477386934673369
350	52	1	55.919999999999995	90.32
350	53	1	159.547263681592	102.14925373134328
350	54	1	144.7450000000001	105.47999999999998
350	55	1	116.33830845771149	124.93532338308455
350	56	1	164.2549999999999	114.15999999999998
350	57	1	39.69999999999999	40.65500000000001
350	58	1	126.68000000000006	104.64500000000002
350	59	1	59.025	9.225000000000001
350	60	1	34.009900990099005	94.25742574257428
350	61	1	151.3400000000001	199.77
350	62	1	68.88059701492539	106.75124378109453
350	63	1	66.60396039603962	190.14356435643555
350	64	1	98.1	24.81
350	65	1	173.3467336683416	143.60804020100497
350	66	1	59.915422885572134	159.61691542288557
350	67	1	152.6368159203979	24.378109452736314
350	68	1	150.90499999999994	139.47999999999993
350	69	1	83.97000000000008	180.02
350	70	1	35.60696517412934	55.1741293532338
350	71	1	127.71287128712868	48.36138613861383
350	72	1	33.18499999999998	128.58000000000007
350	73	1	51.74626865671644	41.830845771144276
350	74	1	30.775	11.890000000000008
350	75	1	132.0049999999999	29.615000000000002
350	76	1	51.0199004975124	19.029850746268647
350	77	1	122.35999999999991	34.839999999999975
350	78	1	172.44500000000005	4.304999999999998
350	79	1	86.17910447761197	169.11442786069645
350	80	1	116.95	175.19000000000003
350	81	1	67.94527363184079	89.06965174129351
350	82	1	52.696517412935336	99.22388059701494
350	83	1	33.66000000000002	184.32500000000007
350	84	1	49.47999999999999	123.42500000000005
350	85	1	166.86069651741286	194.2985074626867
350	86	1	110.22885572139305	25.78606965174131
350	87	1	153.56499999999997	120.56
350	88	1	163.62499999999997	14.679999999999993
350	89	1	56.495000000000026	54.059999999999995
360	1	2	9.858585858585856	9.616161616161614
360	2	2	9.950000000000008	100.29000000000005
360	3	2	10.120000000000005	190.11999999999992
360	4	2	99.88000000000001	9.879999999999995
360	5	2	100.12	99.88
360	6	2	100.00000000000003	190.50000000000006
360	7	2	189.87999999999997	9.879999999999995
360	8	2	190.49999999999997	100
360	9	2	189.61616161616163	190.14141414141412
360	10	1	133.9554455445544	58.05445544554456
360	11	1	181.5671641791046	152.96517412935322
360	12	1	96.83919597989943	175.10050251256283
360	13	1	168.92499999999995	93.59500000000001
360	14	1	55.800000000000026	196.32999999999984
360	15	1	110.47999999999998	6.125000000000114
360	16	1	169.80999999999995	130.56
360	17	1	83.22500000000002	198.80999999999995
360	18	1	137.18592964824114	110.37185929648236
360	19	1	48.48756218905475	155.01990049751245
360	20	1	126.23880597014927	126.65174129353241
360	21	1	34.89	175.96500000000006
360	22	1	31.33500000000001	32.229999999999976
360	23	1	22.371859296482413	133.8542713567839
360	24	1	74.31343283582088	121.02985074626862
360	25	1	25.58291457286434	120.0502512562814
360	26	1	2.29145728643216	160.55276381909562
360	27	1	23.58706467661692	110.6865671641791
360	28	1	143.65500000000006	90.27999999999999
360	29	1	116.24875621890548	43.462686567164184
360	30	1	17.05500000000001	71.92999999999998
360	31	1	153.01485148514843	48.32673267326734
360	32	1	140.84422110552762	136.53266331658287
360	33	1	63.249999999999964	24.379999999999995
360	34	1	21.790000000000006	54.81999999999999
360	35	1	64.34170854271355	120.78894472361807
360	36	1	53.87064676616919	116.81094527363186
360	37	1	39.303482587064664	196.9253731343283
360	38	1	69.84079601990051	165.273631840796
360	39	1	78.7164179104478	187.32338308457727
360	40	1	43.721393034825866	128.6467661691543
360	41	1	22.46	24.415000000000003
360	42	1	105.93500000000002	168.0600000000001
360	43	1	199.6218905472637	174.7462686567164
360	44	1	174.53233830845775	187.49253731343285
360	45	1	160.53499999999994	144.52
360	46	1	132.55499999999995	185.99000000000015
360	47	1	182.3681592039801	133.14925373134335
360	48	1	45.47500000000002	27.439999999999994
360	49	1	38.52475247524754	104.49009900990096
360	50	1	141.65499999999986	16.64999999999999
360	51	1	39.45226130653269	6.733668341708543
360	52	1	54.63	90.665
360	53	1	157.4477611940298	101.7860696517413
360	54	1	144.78500000000003	104.81499999999998
360	55	1	117.42786069651737	123.97512437810944
360	56	1	164.12499999999994	112.86000000000003
360	57	1	41.05445544554456	41.37623762376234
360	58	1	126.86999999999999	104.13499999999998
360	59	1	59.085427135678415	7.793969849246235
360	60	1	34.97999999999999	92.17
360	61	1	151.78894472361813	199.99497487437185
360	62	1	68.73500000000001	107.105
360	63	1	65.83168316831684	188.30693069306926
360	64	1	96.49499999999996	25.004999999999995
360	65	1	172.5025125628141	143.12562814070353
360	66	1	58.29500000000001	158.58
360	67	1	151.83417085427135	25.065326633165824
360	68	1	151.12499999999997	139.22500000000005
360	69	1	83.1442786069652	179.7910447761193
360	70	1	35.190000000000005	54.209999999999994
360	71	1	128.36999999999995	47.620000000000005
360	72	1	32.89552238805969	128.6616915422886
360	73	1	53.02010050251258	41.31155778894472
360	74	1	31.592039800995007	11.492537313432827
360	75	1	131.28499999999994	29.134999999999994
360	76	1	51.86	18.27
360	77	1	121.48500000000004	34.12499999999999
360	78	1	172.45999999999998	4.385000000000001
360	79	1	85.00500000000005	169.70500000000004
360	80	1	116.19999999999997	173.62499999999991
360	81	1	66.53499999999991	89.11500000000001
360	82	1	52.235000000000014	99.60999999999997
360	83	1	33.41	183.9450000000001
360	84	1	49.16500000000002	123.64000000000004
360	85	1	165.495	194.7749999999999
360	86	1	109.95024875621891	24.552238805970145
360	87	1	153.9402985074627	120.6268656716418
360	88	1	163.63999999999996	14.729999999999997
360	89	1	55.864999999999974	53.98499999999999
370	1	2	9.858585858585856	9.616161616161614
370	2	2	9.950000000000008	100.29000000000005
370	3	2	10.120000000000005	190.11999999999992
370	4	2	99.88000000000001	9.879999999999995
370	5	2	100.12	99.88
370	6	2	100.00000000000003	190.50000000000006
370	7	2	189.87999999999997	9.879999999999995
370	8	2	190.49999999999997	100
370	9	2	189.61616161616163	190.14141414141412
370	10	1	132.94527363184076	59.328358208955216
370	11	1	182.58000000000007	153.035
370	12	1	96.31499999999994	174.92500000000004
370	13	1	169.04975124378117	94.83084577114423
370	14	1	56.343283582089555	195.452736318408
370	15	1	109.94472361809048	6.145728643215989
370	16	1	171.39000000000007	130.01499999999993
370	17	1	82.12935323383078	199.18407960199013
370	18	1	137.40703517587946	110.59296482412057
370	19	1	47.84500000000001	154.39
370	20	1	126.87000000000002	126.47999999999999
370	21	1	34.909999999999975	175.685
370	22	1	31.99	32.685000000000024
370	23	1	22.589999999999986	133.485
370	24	1	73.42288557213932	121.59203980099507
370	25	1	26.014999999999997	119.37500000000001
370	26	1	0.13500000000000045	160.39
370	27	1	23.974999999999998	109.16499999999999
370	28	1	143.81999999999996	90.18499999999999
370	29	1	115.80099502487568	42.1044776119403
370	30	1	17.542288557213947	68.61194029850746
370	31	1	152.68159203980105	49.8805970149254
370	32	1	141.6915422885571	135.3084577114428
370	33	1	62.53233830845773	24.3084577114428
370	34	1	21.592039800995018	53.024875621890565
370	35	1	63.45000000000002	121.16999999999996
370	36	1	52.735000000000014	116.09000000000006
370	37	1	38.84000000000003	196.16999999999993
370	38	1	68.50000000000004	164.64000000000007
370	39	1	79.19500000000002	187.86999999999995
370	40	1	43.529999999999994	128.55999999999997
370	41	1	23.024999999999984	23.099999999999998
370	42	1	104.73631840796014	166.83582089552246
370	43	1	199.17	173.70000000000005
370	44	1	173.68159203980102	188.63184079601982
370	45	1	161.17000000000002	143.81000000000012
370	46	1	131.94999999999987	185.93499999999992
370	47	1	183.54228855721385	134.24378109452738
370	48	1	44.50000000000001	26.535
370	49	1	37.07920792079208	103.01980198019801
370	50	1	143.26732673267315	15.752475247524753
370	51	1	39.01492537313433	5.477611940298511
370	52	1	53.57500000000004	90.61999999999992
370	53	1	156.70149253731347	101.10447761194028
370	54	1	144.75621890547265	104.19402985074626
370	55	1	118.37313432835819	123.11940298507457
370	56	1	163.59000000000003	112.38499999999996
370	57	1	42.41000000000001	41.66500000000001
370	58	1	126.70646766169156	104.38308457711439
370	59	1	59.348258706467654	6.238805970149254
370	60	1	35.030150753768844	90.40703517587937
370	61	1	151.2786069651741	0.6865671641791045
370	62	1	68.52736318407958	107.2636815920398
370	63	1	65.38805970149251	186.71144278606957
370	64	1	94.99999999999997	24.94499999999999
370	65	1	172.11000000000004	142.33
370	66	1	56.975124378109456	157.10945273631845
370	67	1	150.86999999999995	24.950000000000006
370	68	1	151.38308457711443	138.98507462686558
370	69	1	82.49499999999993	179.50500000000014
370	70	1	34.522388059701484	53.666666666666664
370	71	1	129.32835820895522	47.044776119403
370	72	1	32.633165829145725	128.57286432160805
370	73	1	54.024875621890565	40.08457711442784
370	74	1	32.69500000000001	11.695
370	75	1	130.63499999999996	28.535000000000007
370	76	1	52.38500000000001	16.95500000000001
370	77	1	120.56000000000009	33.42499999999999
370	78	1	172.865	4.235
370	79	1	83.99500000000003	169.88999999999996
370	80	1	115.42713567839193	171.96984924623112
370	81	1	65.20895522388062	89.74626865671645
370	82	1	51.30499999999999	100.20000000000002
370	83	1	32.99497487437188	183.69346733668343
370	84	1	48.7286432160804	123.59798994974871
370	85	1	164.58999999999997	195.23500000000004
370	86	1	109.82500000000002	23.569999999999997
370	87	1	154.3869346733669	120.53266331658294
370	88	1	163.69999999999987	14.749999999999996
370	89	1	54.55500000000001	53.34500000000001
380	1	2	9.858585858585856	9.616161616161614
380	2	2	9.950000000000008	100.29000000000005
380	3	2	10.120000000000005	190.11999999999992
380	4	2	99.88000000000001	9.879999999999995
380	5	2	100.12	99.88
380	6	2	100.00000000000003	190.50000000000006
380	7	2	189.87999999999997	9.879999999999995
380	8	2	190.49999999999997	100
380	9	2	189.61616161616163	190.14141414141412
380	10	1	132.06965174129348	59.85572139303485
380	11	1	182.9250000000001	153.155
380	12	1	95.4	174.30499999999998
380	13	1	169.35148514851468	96.7871287128713
380	14	1	57.05970149253731	195.03980099502485
380	15	1	109.50251256281405	6.241206030150751
380	16	1	172.2623762376237	128.9554455445545
380	17	1	80.76119402985076	199.08457711442784
380	18	1	137.53500000000005	110.54999999999998
380	19	1	47.32160804020101	153.64824120603018
380	20	1	127.32999999999996	126.16999999999993
380	21	1	34.885000000000005	175.44000000000008
380	22	1	32.43	33.285000000000004
380	23	1	22.590000000000014	132.8800000000001
380	24	1	72.94029850746276	123.089552238806
380	25	1	26.278606965174145	118.33333333333336
380	26	1	197.70792079207922	159.98019801980203
380	27	1	23.94527363184079	107.00497512437818
380	28	1	143.83919597989956	90.12060301507539
380	29	1	115.90547263681599	41.179104477611936
380	30	1	17.840796019900505	66.32835820895522
380	31	1	151.31343283582086	51.11442786069653
380	32	1	142.0199999999999	134.80999999999992
380	33	1	62.14499999999999	24.185000000000002
380	34	1	21.258706467661685	51.38308457711445
380	35	1	62.83919597989949	121.5276381909547
380	36	1	51.98492462311555	115.52261306532661
380	37	1	38.08542713567838	195.41708542713562
380	38	1	67.41708542713567	163.2412060301507
380	39	1	79.89447236180904	188.70351758793976
380	40	1	43.39	128.32
380	41	1	23.328358208955216	22.233830845771134
380	42	1	103.67999999999998	166.23999999999992
380	43	1	199.68	172.16499999999996
380	44	1	172.28499999999994	189.42499999999993
380	45	1	161.93999999999988	143.48500000000004
380	46	1	130.9600000000001	185.44000000000003
380	47	1	184.49751243781085	134.96019900497515
380	48	1	44.26368159203979	25.756218905472636
380	49	1	35.99502487562189	101.73134328358205
380	50	1	144.56499999999997	15.245
380	51	1	39.00000000000002	4.557213930348258
380	52	1	52.815000000000005	90.92499999999994
380	53	1	155.79000000000008	99.195
380	54	1	144.68159203980116	103.95522388059703
380	55	1	119.14500000000001	121.63000000000002
380	56	1	162.49253731343282	111.95024875621894
380	57	1	43.54455445544555	41.059405940594075
380	58	1	125.88000000000002	104.37499999999997
380	59	1	59.50746268656715	5.353233830845773
380	60	1	34.92499999999998	88.80999999999999
380	61	1	151.07500000000007	1.4400000000000004
380	62	1	68.75	107.72499999999997
380	63	1	65.08910891089107	185.0990099009901
380	64	1	93.28712871287127	25.074257425742573
380	65	1	172.25870646766174	141.20895522388054
380	66	1	55.766169154228876	156.94029850746267
380	67	1	149.82000000000005	25.090000000000007
380	68	1	151.40201005025133	138.50753768844223
380	69	1	81.7128712871287	179.1138613861386
380	70	1	34.50499999999999	52.400000000000006
380	71	1	130.57999999999993	46.859999999999985
380	72	1	32.228855721393046	128.11940298507466
380	73	1	54.66169154228858	39.462686567164184
380	74	1	33.59	12.085000000000003
380	75	1	129.592039800995	27.28855721393035
380	76	1	52.860000000000035	15.825000000000001
380	77	1	119.885	32.800000000000004
380	78	1	173.1959798994975	4.140703517587941
380	79	1	83.37810945273637	169.82089552238793
380	80	1	114.81094527363186	170.2537313432836
380	81	1	64.07462686567165	90.43781094527364
380	82	1	50.28000000000001	100.82
380	83	1	32.489999999999995	183.47000000000003
380	84	1	48.505050505050505	123.4646464646465
380	85	1	163.68500000000003	195.60999999999993
380	86	1	109.26500000000009	22.744999999999987
380	87	1	154.99000000000007	120.76000000000005
380	88	1	163.70854271356777	14.924623115577877
380	89	1	53.97512437810943	53.129353233830834
390	1	2	9.858585858585856	9.616161616161614
390	2	2	9.950000000000008	100.29000000000005
390	3	2	10.120000000000005	190.11999999999992
390	4	2	99.88000000000001	9.879999999999995
390	5	2	100.12	99.88
390	6	2	100.00000000000003	190.50000000000006
390	7	2	189.87999999999997	9.879999999999995
390	8	2	190.49999999999997	100
390	9	2	189.61616161616163	190.14141414141412
390	10	1	130.84577114427864	60.61194029850746
390	11	1	183.66000000000008	153.20000000000007
390	12	1	94.15920398009953	173.2835820895522
390	13	1	169.21499999999995	98.94000000000005
390	14	1	57.19402985074625	194.3432835820896
390	15	1	109.34673366834167	6.221105527638191
390	16	1	172.92537313432825	127.62189054726369
390	17	1	80.52999999999996	199.30499999999995
390	18	1	137.10447761194033	109.67164179104478
390	19	1	46.690000000000005	153.62500000000009
390	20	1	127.77722772277227	126.79207920792079
390	21	1	35.225000000000016	175.11000000000013
390	22	1	33.08955223880597	34.40796019900496
390	23	1	22.309999999999985	132.01999999999998
390	24	1	72.91500000000002	124.47999999999996
390	25	1	27.039800995024887	117.10945273631847
390	26	1	196.555	159.42499999999995
390	27	1	23.723618090452252	105.8040201005025
390	28	1	143.81407035175874	89.31155778894474
390	29	1	115.94059405940595	40.69801980198019
390	30	1	18.034653465346544	63.678217821782155
390	31	1	149.771144278607	52.57213930348259
390	32	1	142.945	133.80499999999998
390	33	1	61.89054726368162	23.915422885572145
390	34	1	20.233830845771152	50.119402985074636
390	35	1	62.50000000000002	122.08999999999997
390	36	1	51.333333333333336	114.98507462686561
390	37	1	38.35	195.40999999999997
390	38	1	65.5820895522388	162.6666666666667
390	39	1	80.71144278606965	189.53233830845772
390	40	1	43.29797979797982	128.90404040404033
390	41	1	23.437185929648237	20.70854271356783
390	42	1	102.49748743718591	165.36180904522612
390	43	1	0.20999999999999916	170.4300000000001
390	44	1	170.98000000000002	189.75499999999997
390	45	1	163.415	143.56999999999988
390	46	1	130.11499999999995	184.81999999999996
390	47	1	185.41293532338295	136.35323383084588
390	48	1	44.045000000000016	24.840000000000003
390	49	1	35.22110552763819	100.0201005025125
390	50	1	146.21890547263683	14.368159203980099
390	51	1	39.075000000000045	4.215000000000001
390	52	1	52.36180904522613	91.5979899497488
390	53	1	155.55223880597015	97.50248756218907
390	54	1	144.51999999999992	103.85500000000003
390	55	1	119.68159203980102	120.95522388059705
390	56	1	160.83663366336629	111.71287128712869
390	57	1	44.489999999999974	40.16499999999999
390	58	1	124.39303482587064	104.69651741293531
390	59	1	60.23383084577116	4.452736318407963
390	60	1	35.338308457711456	87.7512437810945
390	61	1	150.705	2.119999999999999
390	62	1	68.65829145728645	108.24120603015076
390	63	1	64.64179104477613	183.5472636815921
390	64	1	91.96019900497515	24.313432835820876
390	65	1	172.34500000000003	140.07499999999996
390	66	1	54.66999999999997	156.92499999999998
390	67	1	148.58793969849248	25.02010050251256
390	68	1	151.47263681592042	138.56218905472636
390	69	1	81.05472636815924	178.8109452736318
390	70	1	34.089552238805965	51.17412935323383
390	71	1	131.76	46.75
390	72	1	31.760000000000005	127.63999999999999
390	73	1	55.09950248756219	39.1990049751244
390	74	1	33.86934673366834	11.949748743718594
390	75	1	129.2935323383084	26.069651741293523
390	76	1	53.15422885572141	14.980099502487562
390	77	1	118.6	31.939999999999998
390	78	1	174.1859296482412	3.743718592964826
390	79	1	82.05970149253731	169.37810945273634
390	80	1	113.9502487562189	168.2985074626865
390	81	1	63.06965174129354	90.63184079601986
390	82	1	49.271356783919636	101.5979899497487
390	83	1	32.105000000000004	183.37500000000003
390	84	1	48.23618090452259	123.60301507537686
390	85	1	162.7263681592039	195.86567164179107
390	86	1	108.855	22.015000000000008
390	87	1	155.69999999999996	121.65999999999997
390	88	1	164.03015075376874	14.979899497487434
390	89	1	53.03500000000003	53.05999999999999
400	1	2	9.858585858585856	9.616161616161614
400	2	2	9.950000000000008	100.29000000000005
400	3	2	10.120000000000005	190.11999999999992
400	4	2	99.88000000000001	9.879999999999995
400	5	2	100.12	99.88
400	6	2	100.00000000000003	190.50000000000006
400	7	2	189.87999999999997	9.879999999999995
400	8	2	190.49999999999997	100
400	9	2	189.61616161616163	190.14141414141412
400	10	1	129.6218905472636	60.34328358208956
400	11	1	184.25000000000009	152.73999999999995
400	12	1	92.91044776119402	172.14925373134326
400	13	1	169.0348258706467	101.40796019900502
400	14	1	57.32835820895521	193.3233830845771
400	15	1	109.24999999999994	6.215000000000003
400	16	1	173.48499999999993	126.625
400	17	1	80.11999999999995	199.48500000000004
400	18	1	136.53999999999994	108.83499999999998
400	19	1	45.462686567164184	153.66169154228857
400	20	1	127.98507462686565	126.84577114427864
400	21	1	35.47500000000001	174.67
400	22	1	34.06500000000001	35.03499999999999
400	23	1	22.185929648241196	131.427135678392
400	24	1	72.64179104477611	126.49253731343286
400	25	1	28.169154228855717	115.8557213930348
400	26	1	195.40796019900498	159.4726368159204
400	27	1	22.861386138613863	104.44554455445545
400	28	1	143.62499999999994	88.41000000000001
400	29	1	117.41999999999997	40.33999999999999
400	30	1	18.815920398009954	62.63681592039801
400	31	1	148.93034825870643	53.67661691542286
400	32	1	143.3980099502488	133.27363184079607
400	33	1	61.510000000000005	23.125000000000004
400	34	1	19.732673267326735	49.158415841584166
400	35	1	61.65500000000001	122.48500000000001
400	36	1	50.480000000000025	113.91499999999996
400	37	1	38.37688442211057	195.14572864321605
400	38	1	63.38805970149254	162.39303482587073
400	39	1	81.59296482412061	190.19095477386927
400	40	1	43.100000000000016	129.05499999999998
400	41	1	24.18905472636815	20.034825870646767
400	42	1	101.90547263681592	164.8059701492538
400	43	1	0.6517412935323378	168.59203980099502
400	44	1	169.42288557213928	189.92039800995036
400	45	1	164.66831683168314	143.5841584158416
400	46	1	129.51256281407038	184.5075376884421
400	47	1	186.64676616915432	137.07462686567163
400	48	1	44.355	24.05000000000001
400	49	1	34.98507462686566	98.72139303482585
400	50	1	148.24499999999995	14.245000000000008
400	51	1	38.925	3.660000000000002
400	52	1	51.81	91.42500000000003
400	53	1	155.46766169154233	95.5323383084577
400	54	1	144.54999999999998	103.90500000000003
400	55	1	120.00499999999992	120.84499999999997
400	56	1	159.04455445544545	110.90594059405942
400	57	1	45.220000000000034	39.17499999999999
400	58	1	123.4776119402985	104.87562189054725
400	59	1	60.709999999999965	3.244999999999999
400	60	1	35.35	87.04500000000002
400	61	1	150.58706467661682	3.079601990049753
400	62	1	68.69651741293539	108.95522388059703
400	63	1	65.12935323383087	182.26368159203986
400	64	1	90.28855721393037	23.845771144278604
400	65	1	172.32499999999996	138.31499999999997
400	66	1	53.24500000000001	157.69500000000008
400	67	1	146.12499999999991	24.964999999999993
400	68	1	151.84000000000003	138.92000000000004
400	69	1	80.455	178.29500000000002
400	70	1	33.77611940298506	50.34825870646764
400	71	1	132.53500000000014	47.66999999999999
400	72	1	31.010050251256292	127.17587939698488
400	73	1	55.85500000000002	39.585
400	74	1	34.31499999999997	12.209999999999987
400	75	1	129.8308457711443	24.930348258706474
400	76	1	53.31658291457286	13.582914572864318
400	77	1	117.1542288557214	30.65671641791046
400	78	1	175.43499999999995	2.995000000000002
400	79	1	81.02487562189057	169.00995024875624
400	80	1	113.25999999999996	166.53500000000008
400	81	1	62.37499999999999	91.31
400	82	1	49.00000000000001	102.04522613065318
400	83	1	31.791044776119403	183.35323383084577
400	84	1	47.95000000000002	123.68999999999996
400	85	1	161.725	196.00000000000003
400	86	1	108.00995024875621	21.930348258706466
400	87	1	156.08000000000007	122.49999999999996
400	88	1	164.43	14.790000000000001
400	89	1	51.836633663366314	52.94059405940595
410	1	2	9.858585858585856	9.616161616161614
410	2	2	9.950000000000008	100.29000000000005
410	3	2	10.120000000000005	190.11999999999992
410	4	2	99.88000000000001	9.879999999999995
410	5	2	100.12	99.88
410	6	2	100.00000000000003	190.50000000000006
410	7	2	189.87999999999997	9.879999999999995
410	8	2	190.49999999999997	100
410	9	2	189.61616161616163	190.14141414141412
410	10	1	129.4228855721393	60.109452736318424
410	11	1	184.36180904522615	152.2361809045226
410	12	1	92.02000000000005	171.67499999999995
410	13	1	168.43781094527353	103.43283582089553
410	14	1	58.04975124378108	192.53731343283584
410	15	1	109.21499999999996	6.194999999999996
410	16	1	174.16500000000005	125.93500000000004
410	17	1	79.535	199.44500000000002
410	18	1	135.625	107.19999999999999
410	19	1	44.88999999999998	153.03999999999994
410	20	1	128.35	126.91499999999999
410	21	1	35.510000000000005	174.01000000000002
410	22	1	34.74999999999999	35.835000000000015
410	23	1	21.35500000000001	130.57499999999996
410	24	1	71.74626865671638	127.05970149253729
410	25	1	28.965174129353237	114.58208955223881
410	26	1	194.34	159.89499999999998
410	27	1	21.870000000000015	103.48499999999997
410	28	1	143.81592039800992	86.81094527363183
410	29	1	118.03500000000001	39.74999999999999
410	30	1	19.800995024875625	61.62189054726367
410	31	1	147.51243781094527	54.044776119402954
410	32	1	144.28	132.56500000000014
410	33	1	61.286432160804026	22.84422110552766
410	34	1	19.01005025125627	48.23115577889445
410	35	1	60.56500000000001	124.17999999999996
410	36	1	49.44499999999997	113.24000000000001
410	37	1	38.585	194.99500000000006
410	38	1	61.62189054726369	161.80597014925382
410	39	1	83.02500000000005	191.28999999999996
410	40	1	42.94499999999998	129.55500000000006
410	41	1	24.46000000000002	18.86499999999998
410	42	1	101.20500000000001	164.1
410	43	1	1.6019900497512438	166.47761194029857
410	44	1	168.2686567164179	190.34825870646753
410	45	1	166.43283582089558	144.13432835820896
410	46	1	128.50999999999993	183.83499999999998
410	47	1	188.02955665024626	137.99014778325136
410	48	1	44.49253731343288	23.363184079601993
410	49	1	34.445	97.7
410	50	1	150.14000000000001	14.790000000000008
410	51	1	38.97	3.3150000000000013
410	52	1	51.204999999999956	91.36000000000001
410	53	1	155.76999999999992	93.43000000000005
410	54	1	144.36318407960195	103.48258706467664
410	55	1	120.53500000000007	119.48999999999994
410	56	1	156.74257425742582	110.11881188118808
410	57	1	45.432835820895534	38.32835820895522
410	58	1	122.39800995024878	104.48258706467661
410	59	1	60.904999999999994	2.3200000000000007
410	60	1	35.34673366834171	86.48241206030144
410	61	1	150.97512437810943	3.7611940298507456
410	62	1	68.35643564356437	110.08415841584157
410	63	1	65.42211055276383	181.13065326633162
410	64	1	89	22.860696517412933
410	65	1	172.15841584158423	136.5247524752475
410	66	1	51.935000000000024	158.7149999999999
410	67	1	144.53499999999997	25.15500000000001
410	68	1	152.6517412935324	139.3084577114428
410	69	1	79.44000000000001	177.57000000000002
410	70	1	33.48756218905473	49.60696517412938
410	71	1	132.78391959798995	47.90954773869345
410	72	1	30.154228855721403	126.37810945273631
410	73	1	56.27363184079604	39.73134328358209
410	74	1	34.52763819095481	12.301507537688444
410	75	1	130.32178217821783	22.787128712871272
410	76	1	53.77	12.720000000000004
410	77	1	116.46231155778895	29.738693467336674
410	78	1	176.51741293532348	2.4079601990049757
410	79	1	80	168.73134328358216
410	80	1	113.52500000000003	165.38499999999988
410	81	1	61.75742574257427	92.35643564356435
410	82	1	48.61000000000003	102.805
410	83	1	31.47500000000001	183.36000000000004
410	84	1	47.773869346733704	123.89447236180904
410	85	1	160.59500000000006	195.37000000000006
410	86	1	106.81500000000001	21.70499999999999
410	87	1	156.35999999999999	123.01500000000006
410	88	1	165.06499999999994	14.594999999999992
410	89	1	50.98999999999999	53.019999999999996
420	1	2	9.858585858585856	9.616161616161614
420	2	2	9.950000000000008	100.29000000000005
420	3	2	10.120000000000005	190.11999999999992
420	4	2	99.88000000000001	9.879999999999995
420	5	2	100.12	99.88
420	6	2	100.00000000000003	190.50000000000006
420	7	2	189.87999999999997	9.879999999999995
420	8	2	190.49999999999997	100
420	9	2	189.61616161616163	190.14141414141412
420	10	1	129.12500000000009	59.75500000000002
420	11	1	184.5671641791045	151.45273631840786
420	12	1	91.05472636815922	170.726368159204
420	13	1	166.80499999999992	104.63999999999999
420	14	1	58.67999999999998	191.21500000000003
420	15	1	109.185	6.225
420	16	1	175.26865671641778	125.72139303482595
420	17	1	78.60999999999999	199.31999999999994
420	18	1	134.52499999999992	105.62500000000004
420	19	1	44.16080402010047	152.67336683417074
420	20	1	128.73366834170855	127.01507537688441
420	21	1	35.08955223880598	172.53233830845772
420	22	1	35.16915422885572	36.50248756218905
420	23	1	20.613065326633166	128.99497487437182
420	24	1	71.26499999999999	128.12499999999994
420	25	1	28.683168316831683	113.32178217821787
420	26	1	193.4129353233831	160.64676616915415
420	27	1	20.99004975124379	101.71641791044777
420	28	1	143.67500000000004	85.46000000000005
420	29	1	118.99000000000001	39.150000000000006
420	30	1	20.489999999999988	60.730000000000004
420	31	1	145.86567164179104	53.82089552238808
420	32	1	145.44	131.845
420	33	1	60.90452261306532	22.793969849246228
420	34	1	17.930000000000007	47.58000000000002
420	35	1	59.98492462311558	125.37688442211058
420	36	1	48.920398009950226	112.81094527363182
420	37	1	38.78999999999999	194.75499999999997
420	38	1	60.40298507462687	161.39800995024885
420	39	1	84.54726368159203	192.11442786069654
420	40	1	42.72500000000002	129.7450000000001
420	41	1	24.59701492537313	17.21393034825871
420	42	1	100.46	163.885
420	43	1	2.8564356435643563	164.8960396039604
420	44	1	167.51741293532348	191.91044776119395
420	45	1	168.25870646766168	144.3034825870645
420	46	1	127.94029850746263	183.13930348258714
420	47	1	189.90049751243782	137.8955223880597
420	48	1	45.209999999999994	22.435000000000013
420	49	1	34.23762376237625	96.9504950495049
420	50	1	151.465	15.514999999999997
420	51	1	39.14500000000001	2.8250000000000006
420	52	1	50.905472636815944	91.8009950248756
420	53	1	154.82673267326734	91.94554455445547
420	54	1	144.05472636815907	103.86567164179105
420	55	1	121.07960199004977	118.24378109452742
420	56	1	155.0796019900497	108.93034825870645
420	57	1	45.57286432160807	37.43216080402011
420	58	1	120.84079601990051	104.38805970149254
420	59	1	62.13999999999999	1.3650000000000004
420	60	1	35.35820895522387	85.7014925373134
420	61	1	150.465	4.799999999999999
420	62	1	68.38499999999998	112.14999999999996
420	63	1	66.05	180.41
420	64	1	87.34158415841583	22.668316831683164
420	65	1	172.85148514851485	135.34653465346543
420	66	1	50.457711442786085	159.72636815920393
420	67	1	142.592039800995	24.87562189054726
420	68	1	153.89499999999995	139.55000000000013
420	69	1	79.22000000000001	177.34999999999994
420	70	1	33.40099009900991	49.24752475247526
420	71	1	132.72000000000006	48.02999999999998
420	72	1	29.944999999999997	125.53000000000003
420	73	1	56.325	39.60000000000001
420	74	1	35.07462686567166	12.631840796019901
420	75	1	130.40499999999994	21.095
420	76	1	54.20398009950248	11.318407960199
420	77	1	116.05970149253731	28.805970149253735
420	78	1	177.23880597014926	2.0796019900497513
420	79	1	79.17500000000003	168.29999999999995
420	80	1	113.12500000000007	164.72499999999994
420	81	1	61.165	93.315
420	82	1	47.930348258706466	103.25373134328359
420	83	1	31.444999999999993	182.97
420	84	1	47.74874371859296	124.2412060301507
420	85	1	159.1549999999999	195.68500000000012
420	86	1	105.00497512437809	21.686567164179095
420	87	1	157.23999999999998	123.18500000000009
420	88	1	166.36180904522612	14.959798994974866
420	89	1	50.17412935323383	53.15422885572138
430	1	2	9.858585858585856	9.616161616161614
430	2	2	9.950000000000008	100.29000000000005
430	3	2	10.120000000000005	190.11999999999992
430	4	2	99.88000000000001	9.879999999999995
430	5	2	100.12	99.88
430	6	2	100.00000000000003	190.50000000000006
430	7	2	189.87999999999997	9.879999999999995
430	8	2	190.49999999999997	100
430	9	2	189.61616161616163	190.14141414141412
430	10	1	128.67164179104472	59.15920398009952
430	11	1	184.29000000000005	150.23999999999995
430	12	1	90.12935323383083	169.86567164179115
430	13	1	165.85572139303486	105.55223880597019
430	14	1	59.225	189.98000000000002
430	15	1	109.05499999999995	6.385
430	16	1	176.73631840796023	125.75124378109452
430	17	1	77.82499999999999	199.22999999999988
430	18	1	133.57499999999993	103.68000000000005
430	19	1	42.99502487562186	152.49751243781097
430	20	1	129.24000000000012	127.05
430	21	1	35.44278606965173	171.14427860696517
430	22	1	35.7412935323383	37.01492537313434
430	23	1	20.47000000000001	128.51999999999998
430	24	1	70.73366834170855	129.34170854271366
430	25	1	28.909547738693455	112.20603015075378
430	26	1	192.87064676616916	161.70149253731336
430	27	1	20.950248756218905	100.51741293532339
430	28	1	143.40594059405942	83.56435643564353
430	29	1	119.22885572139303	38.3681592039801
430	30	1	21.039800995024873	58.9800995024876
430	31	1	145.0149999999999	53.479999999999976
430	32	1	146.5749999999998	131.53500000000005
430	33	1	60.58208955223878	22.5273631840796
430	34	1	16.80099502487563	46.363184079601986
430	35	1	59.59000000000001	126.64000000000001
430	36	1	48.35999999999999	112.305
430	37	1	38.825870646766184	194.39303482587061
430	38	1	59.1791044776119	161.1243781094527
430	39	1	85.68844221105527	192.8693467336683
430	40	1	42.33499999999998	129.73999999999995
430	41	1	25.079601990049767	15.98009950248757
430	42	1	99.84577114427861	163.59701492537312
430	43	1	3.5323383084577102	163.49751243781094
430	44	1	166.86432160804006	192.96482412060294
430	45	1	169.68499999999995	144.14
430	46	1	127.42000000000004	182.23499999999996
430	47	1	191.71144278606965	137.48258706467652
430	48	1	45.345000000000034	21.955
430	49	1	34.09900990099009	96.36138613861387
430	50	1	152.68159203980107	17.343283582089555
430	51	1	39.46	2.515
430	52	1	50.340000000000025	92.22999999999999
430	53	1	153.5572139303482	90.82089552238807
430	54	1	144.13000000000002	103.87000000000002
430	55	1	121.74500000000005	117.54999999999994
430	56	1	154.13999999999996	108.48500000000008
430	57	1	45.87000000000001	36.75
430	58	1	120.355	104.24000000000004
430	59	1	62.99000000000003	0.46999999999999875
430	60	1	34.79899497487437	84.73869346733674
430	61	1	150.15499999999994	6.084999999999998
430	62	1	68.3383084577114	113.92537313432841
430	63	1	65.90049751243782	179.88059701492537
430	64	1	85.84079601990047	22.97014925373134
430	65	1	173.58208955223887	134.28855721393043
430	66	1	49.089999999999996	160.43499999999995
430	67	1	140.9253731343284	25.099502487562194
430	68	1	155.49253731343288	140.18407960199005
430	69	1	79.27000000000004	177.37999999999994
430	70	1	33.188118811881175	48.806930693069305
430	71	1	132.84577114427861	48.25870646766172
430	72	1	29.120000000000005	124.07000000000002
430	73	1	56.67661691542289	39.88059701492538
430	74	1	35.98994974874372	12.984924623115573
430	75	1	130.30499999999995	20.040000000000003
430	76	1	54.753768844221106	10.030150753768845
430	77	1	115.70792079207915	28.311881188118818
430	78	1	177.19499999999988	2.285
430	79	1	78.49748743718594	167.964824120603
430	80	1	112.44999999999996	163.86499999999995
430	81	1	60.485	94.12499999999997
430	82	1	47.370000000000005	103.48500000000001
430	83	1	31.185929648241203	182.23618090452257
430	84	1	48.31658291457289	125.06532663316584
430	85	1	158.035	195.60999999999996
430	86	1	103.65500000000006	21.355000000000004
430	87	1	157.85999999999999	123.33
430	88	1	167.15500000000006	15.179999999999996
430	89	1	49.53500000000003	53.284999999999954
440	1	2	9.858585858585856	9.616161616161614
440	2	2	9.950000000000008	100.29000000000005
440	3	2	10.120000000000005	190.11999999999992
440	4	2	99.88000000000001	9.879999999999995
440	5	2	100.12	99.88
440	6	2	100.00000000000003	190.50000000000006
440	7	2	189.87999999999997	9.879999999999995
440	8	2	190.49999999999997	100
440	9	2	189.61616161616163	190.14141414141412
440	10	1	128.35000000000002	58.774999999999984
440	11	1	184.17500000000007	148.45000000000002
440	12	1	89.41206030150752	168.45226130653262
440	13	1	164.87064676616907	106.37313432835823
440	14	1	59.79601990049751	188.69651741293526
440	15	1	108.96999999999998	6.360000000000001
440	16	1	178.1980198019802	126.01485148514848
440	17	1	77.59000000000003	199.56500000000005
440	18	1	132.66831683168311	101.3811881188118
440	19	1	41.68999999999998	152.42000000000007
440	20	1	130.4328358208957	126.13432835820898
440	21	1	35.70854271356787	169.1809045226131
440	22	1	36.55000000000002	37.93000000000001
440	23	1	19.620000000000008	127.12499999999997
440	24	1	70.11500000000005	129.9449999999999
440	25	1	28.28499999999999	110.93500000000002
440	26	1	192.10945273631842	162.1094527363185
440	27	1	20.985074626865664	98.71144278606963
440	28	1	143.1044776119401	81.63184079601987
440	29	1	119.51500000000003	37.62500000000001
440	30	1	21.004975124378117	57.04975124378112
440	31	1	144.08999999999997	52.785000000000025
440	32	1	148.26500000000001	130.78999999999985
440	33	1	60.07999999999999	21.855000000000004
440	34	1	15.39303482587065	45.472636815920396
440	35	1	59.2	127.88000000000001
440	36	1	47.65174129353233	112.2537313432836
440	37	1	38.88999999999997	194.05499999999995
440	38	1	58.19900497512438	161.10447761194024
440	39	1	86.6019900497512	193.77114427860695
440	40	1	41.8643216080402	130.1708542713568
440	41	1	25.54726368159202	15.054726368159207
440	42	1	99.61194029850743	162.68656716417908
440	43	1	4.0597014925373145	161.93532338308466
440	44	1	165.7960199004975	193.37810945273628
440	45	1	171.10945273631845	144.7014925373134
440	46	1	127.63500000000002	181.52500000000006
440	47	1	193.78217821782178	137.0742574257425
440	48	1	46.099502487562205	21.388059701492537
440	49	1	33.74626865671641	95.59701492537312
440	50	1	153.74499999999998	18.94499999999999
440	51	1	39.34	2.2449999999999983
440	52	1	49.95500000000001	92.96000000000004
440	53	1	151.9950248756219	90.18407960199
440	54	1	143.39603960396045	104.29207920792074
440	55	1	122.63999999999997	116.89000000000001
440	56	1	153.24875621890547	108.02487562189054
440	57	1	46.029999999999994	36.225000000000016
440	58	1	119.46999999999998	103.57499999999997
440	59	1	63.62499999999998	199.38
440	60	1	34.37500000000001	83.69000000000004
440	61	1	150.69346733668337	8.226130653266333
440	62	1	68.01980198019797	115.2178217821782
440	63	1	66.4974874371859	179.39195979899495
440	64	1	84.11442786069654	22.845771144278604
440	65	1	174.13499999999996	133.5300000000001
440	66	1	48.15920398009954	160.99502487562188
440	67	1	139.57711442786064	25.65671641791046
440	68	1	157.11442786069654	140.6417910447761
440	69	1	79.03015075376884	177.20603015075372
440	70	1	33.135	48.545
440	71	1	132.78500000000005	48.45499999999997
440	72	1	28.590000000000014	123.01999999999998
440	73	1	57.09547738693467	40.1256281407035
440	74	1	36.70500000000002	13.77000000000001
440	75	1	130.14427860696514	20.054726368159194
440	76	1	55.656716417910445	8.373134328358214
440	77	1	115.42000000000003	27.58500000000001
440	78	1	177.0500000000001	2.5000000000000013
440	79	1	78.50251256281405	167.94974874371863
440	80	1	111.25499999999998	163.255
440	81	1	59.955223880597	94.51741293532338
440	82	1	47.07425742574256	103.61386138613865
440	83	1	31.000000000000014	181.23115577889453
440	84	1	47.600000000000016	124.46000000000001
440	85	1	157.12499999999994	195.98000000000008
440	86	1	101.90954773869345	21.442211055276385
440	87	1	158.72999999999996	123.01000000000002
440	88	1	167.6417910447761	15.736318407960194
440	89	1	48.91542288557213	53.5373134328358
450	1	2	9.858585858585856	9.616161616161614
450	2	2	9.950000000000008	100.29000000000005
450	3	2	10.120000000000005	190.11999999999992
450	4	2	99.88000000000001	9.879999999999995
450	5	2	100.12	99.88
450	6	2	100.00000000000003	190.50000000000006
450	7	2	189.87999999999997	9.879999999999995
450	8	2	190.49999999999997	100
450	9	2	189.61616161616163	190.14141414141412
450	10	1	128.43499999999997	58.71499999999999
450	11	1	184.63500000000005	147.04999999999998
450	12	1	89.07999999999998	167.72500000000002
450	13	1	163.9000000000001	107.31999999999998
450	14	1	60.140000000000015	187.65000000000006
450	15	1	108.87500000000004	6.174999999999999
450	16	1	180.22000000000006	126.52000000000001
450	17	1	77.52000000000001	199.80000000000004
450	18	1	132.37810945273628	99.40298507462691
450	19	1	39.678391959799	152.3366834170853
450	20	1	132.0449999999999	124.84000000000002
450	21	1	35.54726368159204	167.78109452736317
450	22	1	37.26999999999998	38.00500000000002
450	23	1	18.631840796019898	125.87562189054725
450	24	1	69.22999999999999	130.95999999999998
450	25	1	27.63499999999999	109.89999999999993
450	26	1	191.39303482587076	162.38805970149255
450	27	1	21.424999999999983	96.71000000000001
450	28	1	142.60199004975112	79.77114427860694
450	29	1	119.78999999999996	36.89999999999997
450	30	1	21.0935960591133	55.57635467980297
450	31	1	143.68159203980093	52.54726368159203
450	32	1	150.05499999999984	131.14500000000004
450	33	1	59.462686567164155	20.930348258706466
450	34	1	13.644999999999998	44.70000000000001
450	35	1	58.430000000000014	128.83499999999992
450	36	1	46.66331658291459	112.14572864321613
450	37	1	38.92537313432837	193.71144278606963
450	38	1	56.94500000000001	160.85500000000008
450	39	1	87.29353233830845	194.4577114427861
450	40	1	40.92039800995021	130.2189054726367
450	41	1	25.955223880597025	14.706467661691544
450	42	1	99.20000000000005	161.5800000000001
450	43	1	3.801980198019805	160.66336633663366
450	44	1	165.0646766169154	193.99004975124387
450	45	1	172.29999999999993	144.875
450	46	1	127.41000000000003	180.54
450	47	1	195.43069306930693	136.40594059405953
450	48	1	46.53499999999999	20.515000000000004
450	49	1	33.90000000000001	94.87500000000007
450	50	1	154.3549999999999	19.49500000000001
450	51	1	38.984999999999985	1.8899999999999995
450	52	1	49.59798994974875	93.43718592964821
450	53	1	150.22388059701493	89.86567164179105
450	54	1	142.77999999999994	104.91499999999999
450	55	1	123.83582089552233	115.88557213930346
450	56	1	152.54228855721394	107.29850746268654
450	57	1	46.16000000000001	36.01499999999998
450	58	1	118.44776119402984	103.05970149253734
450	59	1	64.10396039603957	198.50495049504954
450	60	1	33.685	82.79499999999999
450	61	1	151.145	9.815
450	62	1	67.8358208955224	117.18905472636816
450	63	1	66.29702970297029	178.92574257425744
450	64	1	82.49253731343289	23.388059701492555
450	65	1	174.6865671641791	132.85074626865665
450	66	1	47.2	160.82500000000013
450	67	1	138.6965174129353	25.965174129353226
450	68	1	158.8400000000001	141.26
450	69	1	78.929648241206	177.0301507537689
450	70	1	32.96482412060301	48.64824120603018
450	71	1	132.93000000000004	48.78500000000001
450	72	1	28.100502512562812	122.53266331658288
450	73	1	57.407960199004975	40.24875621890545
450	74	1	37.45771144278607	13.92039800995025
450	75	1	130.16	19.51500000000001
450	76	1	56.33500000000003	6.804999999999997
450	77	1	115.24875621890547	27.119402985074633
450	78	1	176.72999999999996	2.3949999999999996
450	79	1	78.4572864321607	167.77889447236177
450	80	1	109.83500000000001	163.33
450	81	1	59.855	95.60999999999999
450	82	1	47.10552763819096	103.84924623115573
450	83	1	30.074626865671654	179.01492537313428
450	84	1	46.73999999999997	123.72
450	85	1	155.8894472361808	196.0452261306533
450	86	1	100.605	21.444999999999993
450	87	1	159.77611940298502	122.42786069651746
450	88	1	167.8656716417911	15.706467661691546
450	89	1	47.83582089552238	53.875621890547265
460	1	2	9.858585858585856	9.616161616161614
460	2	2	9.950000000000008	100.29000000000005
460	3	2	10.120000000000005	190.11999999999992
460	4	2	99.88000000000001	9.879999999999995
460	5	2	100.12	99.88
460	6	2	100.00000000000003	190.50000000000006
460	7	2	189.87999999999997	9.879999999999995
460	8	2	190.49999999999997	100
460	9	2	189.61616161616163	190.14141414141412
460	10	1	128.37499999999997	58.45
460	11	1	185.4356435643565	145.5940594059406
460	12	1	88.46766169154226	166.2885572139303
460	13	1	162.90452261306524	108.06030150753769
460	14	1	60.673267326732685	186.67326732673266
460	15	1	108.665	6.1949999999999985
460	16	1	182.2562814070351	127.0552763819095
460	17	1	77.32663316582911	199.77889447236177
460	18	1	132.53731343283584	98.25373134328362
460	19	1	37.89054726368158	152.12437810945286
460	20	1	133.34328358208955	124.23880597014926
460	21	1	34.41499999999999	166.70499999999996
460	22	1	37.75124378109455	37.60199004975122
460	23	1	17.59203980099503	123.81094527363186
460	24	1	68.29353233830847	131.50248756218912
460	25	1	26.781094527363184	108.81094527363183
460	26	1	190.57213930348252	162.53233830845767
460	27	1	21.45	94.685
460	28	1	141.22388059701493	78.55223880597016
460	29	1	119.91959798994976	36.21105527638193
460	30	1	19.975000000000005	53.830000000000034
460	31	1	143.13000000000008	52.29000000000001
460	32	1	151.8861386138614	132.44059405940587
460	33	1	59.10447761194029	19.84079601990051
460	34	1	12.069306930693068	44.455445544554465
460	35	1	57.9145728643216	130.26633165829148
460	36	1	45.92499999999998	112.12999999999995
460	37	1	38.884999999999984	193.31999999999996
460	38	1	55.92000000000002	160.94
460	39	1	88.38308457711449	195.94527363184082
460	40	1	40.330000000000005	129.99000000000004
460	41	1	26.474999999999987	14.370000000000001
460	42	1	98.70149253731344	161.50746268656715
460	43	1	3.3350000000000013	159.46000000000006
460	44	1	164.05999999999986	195.04000000000008
460	45	1	173.30999999999986	145.35999999999996
460	46	1	127.1293532338309	178.16915422885572
460	47	1	196.64676616915423	136.04975124378103
460	48	1	47.266331658291435	19.65829145728644
460	49	1	34.11499999999998	94.05000000000003
460	50	1	153.93000000000004	20.34500000000001
460	51	1	38.69999999999999	1.6399999999999992
460	52	1	48.85572139303485	93.21890547263685
460	53	1	148.6799999999999	89.03999999999998
460	54	1	141.832512315271	105.16256157635472
460	55	1	126.10447761194031	114.97512437810943
460	56	1	152.00995024875616	106.6716417910448
460	57	1	46.38308457711442	35.47263681592038
460	58	1	118.22999999999999	102.79000000000002
460	59	1	63.93532338308456	197.5522388059701
460	60	1	32.32	82.07499999999996
460	61	1	150.72500000000005	11.785000000000002
460	62	1	67.66666666666664	118.56218905472645
460	63	1	66.26368159203977	178.47761194029852
460	64	1	80.94554455445547	23.98019801980198
460	65	1	175.07999999999993	132.23499999999996
460	66	1	46.512437810945286	160.39303482587073
460	67	1	137.59203980099488	26.771144278606958
460	68	1	160.39999999999998	141.76999999999987
460	69	1	78.93000000000002	177.105
460	70	1	32.89999999999999	48.76999999999998
460	71	1	133.02499999999995	49.129999999999995
460	72	1	27.90000000000001	121.90000000000002
460	73	1	57.50000000000001	40.36500000000001
460	74	1	37.97999999999999	14.024999999999999
460	75	1	130.1741293532338	19.1592039800995
460	76	1	56.82000000000001	5.460000000000002
460	77	1	115.1194029850747	26.56218905472637
460	78	1	175.7587939698492	2.0603015075376883
460	79	1	78.36363636363635	167.77272727272728
460	80	1	109.35323383084572	162.910447761194
460	81	1	59.645000000000024	96.58000000000001
460	82	1	47.263681592039795	104.1890547263682
460	83	1	30.129353233830848	177.39800995024868
460	84	1	46.40298507462686	123.1641791044776
460	85	1	154.27227722772284	197.14851485148515
460	86	1	98.55223880597022	21.527363184079604
460	87	1	160.56218905472633	121.89054726368163
460	88	1	167.77999999999997	15.829999999999998
460	89	1	46.86567164179106	54.21890547263683
470	1	2	9.858585858585856	9.616161616161614
470	2	2	9.950000000000008	100.29000000000005
470	3	2	10.120000000000005	190.11999999999992
470	4	2	99.88000000000001	9.879999999999995
470	5	2	100.12	99.88
470	6	2	100.00000000000003	190.50000000000006
470	7	2	189.87999999999997	9.879999999999995
470	8	2	190.49999999999997	100
470	9	2	189.61616161616163	190.14141414141412
470	10	1	128.28500000000005	58.284999999999975
470	11	1	186.30348258706468	144.4825870646766
470	12	1	88.08500000000001	164.915
470	13	1	161.85499999999988	108.21500000000009
470	14	1	60.63184079601991	185.9154228855722
470	15	1	108.41499999999992	5.9399999999999995
470	16	1	183.47499999999994	127.17499999999998
470	17	1	77.17587939698493	199.41206030150755
470	18	1	131.8514851485147	96.95544554455445
470	19	1	35.935323383084594	152.24875621890544
470	20	1	135.00000000000009	123.77114427860695
470	21	1	33.5721393034826	166.363184079602
470	22	1	38.16915422885573	37.616915422885576
470	23	1	17.407960199004975	122.52736318407965
470	24	1	67.39800995024878	131.95522388059712
470	25	1	25.880000000000003	107.67000000000004
470	26	1	190.25125628140702	162.17587939698484
470	27	1	21.228855721393032	92.84577114427861
470	28	1	140.46999999999994	77.13999999999993
470	29	1	120.13567839195977	35.49748743718593
470	30	1	19.262376237623762	52.72772277227725
470	31	1	142.615	52.12000000000002
470	32	1	153.1150000000001	133.50500000000014
470	33	1	59.125000000000014	19.00999999999999
470	34	1	10.291457286432165	44.49246231155777
470	35	1	57.32500000000001	131.27500000000012
470	36	1	44.54499999999999	112.35500000000005
470	37	1	38.785	193.04000000000002
470	38	1	54.65500000000001	160.73999999999998
470	39	1	89.15499999999997	197.90500000000003
470	40	1	39.84577114427859	130.4776119402985
470	41	1	26.791044776119406	13.517412935323382
470	42	1	98.0804020100503	161.47236180904522
470	43	1	2.757425742574257	157.99504950495057
470	44	1	162.9751243781095	195.25870646766174
470	45	1	174.41089108910896	145.79702970297035
470	46	1	127.09950248756223	176.5273631840796
470	47	1	197.6865671641791	136.13432835820905
470	48	1	47.895522388059675	18.885572139303484
470	49	1	34.20398009950249	93.60696517412934
470	50	1	153.4228855721393	20.995024875621876
470	51	1	38.230000000000004	1.6300000000000003
470	52	1	48.3065326633166	93.33165829145726
470	53	1	146.6915422885572	89.11442786069655
470	54	1	140.78109452736317	105.67661691542284
470	55	1	127.64851485148516	114.49009900990106
470	56	1	151.7263681592039	105.33333333333337
470	57	1	46.603015075376895	35.32663316582916
470	58	1	117.22000000000006	102.39000000000003
470	59	1	63.582914572864325	196.49748743718592
470	60	1	31.375	81.50999999999998
470	61	1	150.34825870646745	12.82089552238806
470	62	1	67.30348258706469	119.36318407960198
470	63	1	66.055	178.13999999999996
470	64	1	79.30198019801982	24.430693069306933
470	65	1	175.30999999999995	131.875
470	66	1	45.7363184079602	159.73134328358208
470	67	1	136.41500000000008	27.794999999999977
470	68	1	161.34499999999994	141.57499999999993
470	69	1	78.73500000000004	177.0850000000001
470	70	1	33.05499999999998	49.19499999999997
470	71	1	133.01499999999993	49.015000000000015
470	72	1	27.741293532338307	121.38805970149255
470	73	1	57.415	39.80999999999999
470	74	1	38.67839195979901	13.934673366834177
470	75	1	130.33830845771138	18.611940298507463
470	76	1	57.23880597014926	4.398009950248757
470	77	1	115.385	25.549999999999994
470	78	1	175.36	1.5949999999999998
470	79	1	78.34999999999997	167.73499999999999
470	80	1	108.02487562189053	162.61691542288563
470	81	1	59.54500000000003	98.13500000000002
470	82	1	47.050251256281385	104.56281407035179
470	83	1	29.767326732673272	176.08910891089113
470	84	1	45.81	122.72000000000003
470	85	1	153.3980099502487	198.75124378109456
470	86	1	96.61691542288563	21.442786069651746
470	87	1	161.78	121.205
470	88	1	167.70351758793964	15.889447236180906
470	89	1	46.64000000000001	54.21500000000002
480	1	2	9.858585858585856	9.616161616161614
480	2	2	9.950000000000008	100.29000000000005
480	3	2	10.120000000000005	190.11999999999992
480	4	2	99.88000000000001	9.879999999999995
480	5	2	100.12	99.88
480	6	2	100.00000000000003	190.50000000000006
480	7	2	189.87999999999997	9.879999999999995
480	8	2	190.49999999999997	100
480	9	2	189.61616161616163	190.14141414141412
480	10	1	127.96499999999999	57.81
480	11	1	187.30348258706468	143.65671641791045
480	12	1	87.375	163.70000000000002
480	13	1	161.72499999999994	109.03499999999998
480	14	1	60.26732673267325	185.15346534653466
480	15	1	107.98999999999995	5.844999999999999
480	16	1	184.84499999999994	127.26999999999995
480	17	1	76.965	199.3650000000001
480	18	1	131.88000000000005	95.94000000000007
480	19	1	34.355	151.84999999999982
480	20	1	136.8019801980196	124.14356435643562
480	21	1	32.22885572139304	165.66169154228857
480	22	1	38.745000000000005	36.944999999999986
480	23	1	16.616915422885572	120.90049751243782
480	24	1	66.99000000000005	132.73000000000008
480	25	1	24.68159203980099	106.452736318408
480	26	1	189.73366834170858	161.54271356783931
480	27	1	21.19900497512437	91.4328358208955
480	28	1	140.059405940594	75.90099009900997
480	29	1	120.63681592039804	34.75621890547261
480	30	1	18.755000000000017	51.519999999999996
480	31	1	142.29500000000002	51.474999999999994
480	32	1	153.7263681592039	134.15920398009948
480	33	1	59.25373134328362	18.074626865671647
480	34	1	9.019900497512435	44.835820895522374
480	35	1	56.56500000000001	132.22500000000008
480	36	1	42.885572139303484	112.40796019900499
480	37	1	39.14	192.67000000000002
480	38	1	53.43000000000002	160.80500000000006
480	39	1	89.30653266331652	199.8643216080402
480	40	1	38.60000000000001	130.20499999999998
480	41	1	27.389999999999993	13.635000000000003
480	42	1	97.37	161.82499999999996
480	43	1	2.4875621890547253	156.33333333333337
480	44	1	161.07	195.05999999999995
480	45	1	175.58500000000015	145.90000000000003
480	46	1	127.82673267326739	175.05445544554442
480	47	1	198.5	136.1
480	48	1	48.21608040201005	17.592964824120603
480	49	1	34.4179104477612	93.22388059701494
480	50	1	153.325	21.275000000000013
480	51	1	38.205	1.4299999999999997
480	52	1	47.805000000000014	92.69500000000004
480	53	1	145.71641791044772	88.72636815920403
480	54	1	140.44499999999985	105.38999999999994
480	55	1	128.950495049505	113.80198019801979
480	56	1	151.60999999999999	104.57000000000004
480	57	1	47.13500000000004	34.80499999999999
480	58	1	116.28500000000001	101.40000000000002
480	59	1	63.412060301507516	195.49748743718592
480	60	1	30.079601990049756	80.64179104477611
480	61	1	149.07500000000005	14.199999999999996
480	62	1	66.65999999999998	120.17000000000003
480	63	1	65.44500000000001	177.82000000000002
480	64	1	77.80499999999998	24.81999999999999
480	65	1	175.81999999999994	131.04500000000004
480	66	1	44.940000000000005	159.09999999999994
480	67	1	135.56716417910448	29.228855721393035
480	68	1	162.8449999999999	140.78499999999994
480	69	1	78.71999999999998	177.29000000000002
480	70	1	33.46500000000001	49.324999999999996
480	71	1	133.1550000000001	49.33000000000001
480	72	1	27.50746268656716	120.49253731343286
480	73	1	57.36	39.500000000000014
480	74	1	38.84999999999999	13.775000000000002
480	75	1	130.9850000000001	16.854999999999993
480	76	1	57.786069651741315	3.5820895522388043
480	77	1	115.73500000000004	24.82
480	78	1	174.62500000000009	1.2200000000000004
480	79	1	78.24999999999999	167.66999999999993
480	80	1	107.26865671641792	162.24378109452738
480	81	1	59.303482587064686	99.15920398009953
480	82	1	46.88499999999999	104.72999999999999
480	83	1	30.140000000000008	174.98999999999998
480	84	1	46.23499999999998	122.43999999999998
480	85	1	152.88059701492534	0.5124378109452721
480	86	1	95.35500000000002	21.065
480	87	1	162.76000000000008	120.985
480	88	1	167.56	15.540000000000004
480	89	1	46.00499999999998	54.56000000000001
490	1	2	9.858585858585856	9.616161616161614
490	2	2	9.950000000000008	100.29000000000005
490	3	2	10.120000000000005	190.11999999999992
490	4	2	99.88000000000001	9.879999999999995
490	5	2	100.12	99.88
490	6	2	100.00000000000003	190.50000000000006
490	7	2	189.87999999999997	9.879999999999995
490	8	2	190.49999999999997	100
490	9	2	189.61616161616163	190.14141414141412
490	10	1	127.87000000000003	57.470000000000006
490	11	1	188.23383084577105	143.12935323383087
490	12	1	86.95544554455445	162.6881188118813
490	13	1	161.76999999999998	109.49
490	14	1	60.61306532663319	184.7437185929647
490	15	1	107.79396984924625	5.638190954773873
490	16	1	185.65346534653452	126.60396039603964
490	17	1	77.435	198.64499999999992
490	18	1	131.92	95.47500000000001
490	19	1	33.505	151.24499999999998
490	20	1	138.085	124.46999999999997
490	21	1	30.94974874371859	164.93467336683418
490	22	1	39.15920398009948	36.129353233830855
490	23	1	16.66666666666667	119.95522388059707
490	24	1	66.43781094527355	133.91044776119415
490	25	1	24.58910891089107	105.17821782178214
490	26	1	189.49748743718604	161.22613065326632
490	27	1	20.666666666666675	89.43283582089559
490	28	1	140.6965174129353	74.30845771144276
490	29	1	120.57425742574256	33.58910891089109
490	30	1	18.125000000000014	50.514999999999986
490	31	1	141.73999999999992	50.730000000000004
490	32	1	154.33668341708545	134.718592964824
490	33	1	59.03000000000001	17.364999999999995
490	34	1	7.349999999999998	45.49500000000001
490	35	1	55.6934673366834	132.94974874371852
490	36	1	41.84999999999998	112.59499999999997
490	37	1	39.389999999999986	192.4
490	38	1	52.39603960396041	160.53960396039616
490	39	1	89.1039603960396	1.7970297029702977
490	40	1	37.40000000000001	130.43499999999995
490	41	1	27.589999999999993	13.360000000000001
490	42	1	96.77611940298507	162.00497512437812
490	43	1	2.800995024875623	155.13930348258702
490	44	1	158.80904522613065	195.0301507537689
490	45	1	176.74499999999995	145.54499999999996
490	46	1	128.9253731343284	174.2189054726368
490	47	1	199.08457711442787	135.64179104477623
490	48	1	48.39500000000004	16.62
490	49	1	34.51243781094529	92.45273631840801
490	50	1	152.97000000000006	21.72500000000001
490	51	1	38.454999999999984	1.1900000000000008
490	52	1	47.00497512437811	91.9004975124378
490	53	1	145.108910891089	88.05445544554458
490	54	1	140.17085427135675	105.3969849246231
490	55	1	129.72636815920393	113.19402985074632
490	56	1	151.11111111111111	104.01010101010097
490	57	1	47.595000000000034	34.49500000000001
490	58	1	115.34500000000007	100.32
490	59	1	63.37499999999997	194.6599999999999
490	60	1	28.98	79.36499999999997
490	61	1	148.5577889447237	14.8391959798995
490	62	1	65.93034825870645	121.07960199004967
490	63	1	64.7	177.1800000000002
490	64	1	76.01499999999999	26.06499999999999
490	65	1	176.3781094527363	130.4776119402985
490	66	1	43.93	158.445
490	67	1	134.67164179104472	30.28358208955224
490	68	1	164.044776119403	140.15920398009948
490	69	1	78.62499999999997	177.31499999999994
490	70	1	33.929999999999986	49.30999999999998
490	71	1	133.19402985074646	50.49751243781097
490	72	1	27.356783919597998	119.14572864321612
490	73	1	57.3681592039801	38.572139303482615
490	74	1	39.07462686567165	13.472636815920387
490	75	1	131.23499999999993	16.095000000000002
490	76	1	58.60999999999999	2.825
490	77	1	115.74129353233836	23.651741293532343
490	78	1	173.8200000000001	0.9949999999998909
490	79	1	78.20100502512565	167.50251256281408
490	80	1	107.0990099009901	161.41584158415844
490	81	1	59.07500000000001	100.13999999999993
490	82	1	47.09452736318407	105.11442786069657
490	83	1	31.395	174.15999999999994
490	84	1	46.18000000000001	122.11999999999999
490	85	1	152.10945273631842	1.8358208955224598
490	86	1	92.98499999999997	21.034999999999993
490	87	1	163.06499999999988	120.56
490	88	1	167.72361809045233	15.628140703517587
490	89	1	45.15422885572143	54.88059701492537
500	1	2	9.858585858585856	9.616161616161614
500	2	2	9.950000000000008	100.29000000000005
500	3	2	10.120000000000005	190.11999999999992
500	4	2	99.88000000000001	9.879999999999995
500	5	2	100.12	99.88
500	6	2	100.00000000000003	190.50000000000006
500	7	2	189.87999999999997	9.879999999999995
500	8	2	190.49999999999997	100
500	9	2	189.61616161616163	190.14141414141412
500	10	1	127.66499999999999	56.84999999999999
500	11	1	188.9349999999999	142.63999999999996
500	12	1	86.45499999999998	161.50000000000006
500	13	1	161.38190954773876	109.60804020100502
500	14	1	60.43999999999999	184.36000000000004
500	15	1	107.37499999999996	5.174999999999999
500	16	1	186.47000000000003	125.905
500	17	1	78.40298507462688	197.81592039800995
500	18	1	131.52000000000007	94.96499999999996
500	19	1	31.985074626865675	151.46766169154225
500	20	1	139.94029850746276	124.13432835820893
500	21	1	29.681592039800996	164.44278606965173
500	22	1	39.69999999999998	35.195000000000014
500	23	1	16.676616915422876	118.70646766169158
500	24	1	65.97512437810947	134.3631840796019
500	25	1	24.770000000000003	103.74
500	26	1	189.17500000000007	160.11499999999987
500	27	1	20.852216748768477	88.16256157635462
500	28	1	141.7213930348258	73.19900497512437
500	29	1	120.78109452736324	32.86069651741294
500	30	1	17.532338308457707	48.31840796019901
500	31	1	141.72000000000006	50.86500000000001
500	32	1	155.36318407960206	135.71144278606957
500	33	1	59.314999999999976	16.850000000000005
500	34	1	5.72	46.574999999999996
500	35	1	55.405940594059416	133.97029702970298
500	36	1	40.530000000000015	112.94500000000005
500	37	1	40.134328358208926	192.0298507462686
500	38	1	51.54455445544554	160.2425742574258
500	39	1	88.70646766169159	3.875621890547264
500	40	1	36.64356435643565	131.12871287128715
500	41	1	27.41500000000001	12.995000000000005
500	42	1	95.93500000000009	162.24000000000007
500	43	1	3.0799999999999974	153.90000000000003
500	44	1	156.4752475247525	194.9059405940593
500	45	1	177.69500000000005	145.34000000000003
500	46	1	130.10945273631836	173.7860696517413
500	47	1	199.89	135.55500000000004
500	48	1	48.765	15.425000000000002
500	49	1	34.82587064676618	91.95522388059705
500	50	1	152.61999999999998	22.024999999999988
500	51	1	38.609999999999985	1.0150000000000006
500	52	1	46.51499999999999	91.36499999999998
500	53	1	144.63681592039808	87.01990049751242
500	54	1	139.67164179104478	105.37810945273635
500	55	1	130.27500000000006	112.48500000000006
500	56	1	150.92000000000007	102.56999999999998
500	57	1	48.21499999999999	33.63
500	58	1	114.71000000000001	98.92500000000003
500	59	1	64.0049504950495	194.02970297029702
500	60	1	28.065000000000005	77.975
500	61	1	148.27499999999992	15.300000000000002
500	62	1	64.90594059405939	121.48019801980203
500	63	1	64.1044776119403	176.42786069651746
500	64	1	74.35820895522383	26.77611940298507
500	65	1	177.31343283582095	129.8756218905473
500	66	1	43.05527638190956	158.29648241206033
500	67	1	134.24875621890544	30.98009950248756
500	68	1	165.34499999999997	139.67499999999993
500	69	1	78.61500000000002	177.40999999999988
500	70	1	34.420000000000016	49.135
500	71	1	133.61499999999995	51.53499999999999
500	72	1	27.034653465346533	118.019801980198
500	73	1	58.207920792079236	36.40594059405941
500	74	1	38.89949748743718	13.64321608040201
500	75	1	131.11442786069642	15.567164179104473
500	76	1	58.50248756218907	2.099502487562188
500	77	1	116.16915422885569	22.059701492537314
500	78	1	172.89552238805965	0.20398009950248755
500	79	1	78.31499999999996	167.6700000000001
500	80	1	106.4179104477612	160.3084577114427
500	81	1	58.69346733668338	100.85427135678391
500	82	1	47.29999999999997	105.60999999999997
500	83	1	31.815920398009954	173.57711442786064
500	84	1	46.01990049751248	122.17412935323381
500	85	1	151.50753768844214	3.216080402010051
500	86	1	90.06467661691542	20.85074626865673
500	87	1	163.32499999999996	120.38500000000002
500	88	1	167.70351758793979	14.884422110552766
500	89	1	45.10447761194028	54.59203980099504
510	1	2	9.858585858585856	9.616161616161614
510	2	2	9.950000000000008	100.29000000000005
510	3	2	10.120000000000005	190.11999999999992
510	4	2	99.88000000000001	9.879999999999995
510	5	2	100.12	99.88
510	6	2	100.00000000000003	190.50000000000006
510	7	2	189.87999999999997	9.879999999999995
510	8	2	190.49999999999997	100
510	9	2	189.61616161616163	190.14141414141412
510	10	1	126.93999999999998	55.64000000000003
510	11	1	189.47499999999994	142.37000000000006
510	12	1	85.30845771144278	159.63681592039805
510	13	1	161.5572139303482	110.23383084577122
510	14	1	60.71	183.96499999999992
510	15	1	106.645	4.569999999999999
510	16	1	187.1492537313433	125.07462686567165
510	17	1	78.94500000000006	197.615
510	18	1	130.67336683417085	94.69346733668343
510	19	1	31.11940298507463	150.6268656716416
510	20	1	141.40796019900498	123.95522388059703
510	21	1	28.75124378109453	163.78606965174143
510	22	1	40.38308457711443	34.58208955223879
510	23	1	16.574999999999996	116.96500000000006
510	24	1	65.7810945273632	135.5323383084577
510	25	1	24.70149253731343	102.24875621890548
510	26	1	188.76	159.48999999999995
510	27	1	21.393034825870643	87.05472636815921
510	28	1	142.5671641791045	72.46268656716414
510	29	1	121.05472636815918	31.33830845771145
510	30	1	16.500000000000004	46.55445544554454
510	31	1	141.43499999999995	50.51500000000001
510	32	1	156.50746268656718	136.14925373134335
510	33	1	59.24120603015074	16.37185929648241
510	34	1	3.3880597014925367	46.64676616915421
510	35	1	54.855721393034784	134.09452736318408
510	36	1	39.17000000000002	113.16000000000004
510	37	1	40.39800995024874	191.4378109452736
510	38	1	50.96019900497511	159.60199004975144
510	39	1	87.55721393034831	5.144278606965175
510	40	1	35.53233830845771	131.6616915422886
510	41	1	27.30500000000002	12.044999999999998
510	42	1	94.79104477611939	163.3432835820895
510	43	1	4.1940298507462686	153
510	44	1	154.636815920398	194.79104477611935
510	45	1	178.37999999999997	144.97499999999994
510	46	1	130.92462311557793	173.15577889447235
510	47	1	0.6815920398009959	135.42786069651746
510	48	1	48.77000000000002	14.384999999999998
510	49	1	34.716417910447745	91.75621890547265
510	50	1	152.15075376884428	22.31155778894472
510	51	1	38.76499999999999	0.6400000000000012
510	52	1	45.905472636815944	90.74129353233832
510	53	1	144.2039800995026	86.83084577114424
510	54	1	138.84079601990058	105.09950248756222
510	55	1	130.85000000000002	112.965
510	56	1	150.69346733668337	101.17085427135679
510	57	1	49.26865671641794	33.0945273631841
510	58	1	113.88557213930345	97.27363184079601
510	59	1	64.54773869346734	193.1959798994974
510	60	1	26.572139303482583	76.26865671641795
510	61	1	147.57711442786066	15.796019900497507
510	62	1	64.55721393034827	122.05970149253731
510	63	1	63.46766169154227	175.4427860696517
510	64	1	73.11881188118811	26.925742574257413
510	65	1	178.5074626865672	129.7810945273633
510	66	1	42.2686567164179	158.4626865671643
510	67	1	133.87500000000006	31.535000000000025
510	68	1	166.41791044776116	139.79104477611952
510	69	1	78.20500000000004	177.2349999999999
510	70	1	34.99	49.16000000000003
510	71	1	133.84	52.235000000000014
510	72	1	26.90000000000001	116.92499999999994
510	73	1	59.318407960199	35.21890547263679
510	74	1	39.045000000000016	13.410000000000002
510	75	1	130.83919597989967	14.301507537688442
510	76	1	58.41000000000002	1.2949999999999997
510	77	1	116.31840796019904	20.59701492537312
510	78	1	172.01999999999995	199.47
510	79	1	78.79396984924627	167.89447236180905
510	80	1	105.86567164179102	159.31840796019904
510	81	1	58.407960199005	101.75124378109452
510	82	1	47.79207920792081	106.38118811881183
510	83	1	32.30000000000002	172.90000000000006
510	84	1	46.07462686567163	122.04975124378109
510	85	1	151.0200000000001	4.07
510	86	1	86.80597014925371	20.368159203980106
510	87	1	163.1	120.015
510	88	1	167.64000000000004	14.089999999999996
510	89	1	45.00499999999998	54.48999999999999
520	1	2	9.858585858585856	9.616161616161614
520	2	2	9.950000000000008	100.29000000000005
520	3	2	10.120000000000005	190.11999999999992
520	4	2	99.88000000000001	9.879999999999995
520	5	2	100.12	99.88
520	6	2	100.00000000000003	190.50000000000006
520	7	2	189.87999999999997	9.879999999999995
520	8	2	190.49999999999997	100
520	9	2	189.61616161616163	190.14141414141412
520	10	1	126.98500000000001	55.290000000000006
520	11	1	190.32160804020103	141.77889447236163
520	12	1	84.12500000000003	157.58500000000012
520	13	1	161.3149999999999	110.28999999999998
520	14	1	60.92039800995024	183.37313432835816
520	15	1	106.03465346534652	3.7376237623762387
520	16	1	188.27	124.39499999999994
520	17	1	79.66666666666667	196.92039800995025
520	18	1	129.2299999999999	94.215
520	19	1	30.53	150.03000000000003
520	20	1	142.35999999999996	123.87000000000002
520	21	1	28.18000000000001	163.205
520	22	1	40.88000000000002	33.030000000000015
520	23	1	16.559999999999995	115.89500000000004
520	24	1	65.34653465346537	136.62871287128718
520	25	1	24.582089552238795	100.89054726368163
520	26	1	188.20499999999996	159.69999999999987
520	27	1	22.371859296482405	85.85929648241209
520	28	1	143.50499999999997	71.55999999999995
520	29	1	121.18407960199002	29.65174129353234
520	30	1	14.666666666666668	44.87562189054723
520	31	1	141.53500000000017	50.65499999999997
520	32	1	157.67999999999995	136.14999999999998
520	33	1	59.470000000000006	15.529999999999994
520	34	1	1.4422110552763825	47.864321608040186
520	35	1	53.84499999999999	134.16000000000005
520	36	1	38.35820895522387	112.90547263681592
520	37	1	41.40298507462689	190.61691542288554
520	38	1	50.25373134328358	158.27860696517413
520	39	1	86.46499999999993	6.294999999999997
520	40	1	34.085427135678394	132.29145728643215
520	41	1	27.124378109452746	10.825870646766168
520	42	1	93.68500000000002	164.20999999999992
520	43	1	3.184079601990049	151.9800995024875
520	44	1	153.68656716417902	195.66666666666666
520	45	1	179.16499999999994	143.69499999999994
520	46	1	131.4626865671643	172.6616915422886
520	47	1	2.1758793969849246	134.537688442211
520	48	1	49.209999999999994	13.404999999999998
520	49	1	34.514999999999986	91.325
520	50	1	152.31155778894484	22.321608040201
520	51	1	38.77499999999999	0.43000000000000077
520	52	1	45.371859296482434	90.19597989949747
520	53	1	143.41089108910887	85.78217821782174
520	54	1	137.86069651741286	104.02985074626866
520	55	1	131.62500000000006	113.37999999999997
520	56	1	150.16499999999994	99.68999999999998
520	57	1	50.129353233830855	33.00995024875623
520	58	1	113.30198019801975	95.73762376237623
520	59	1	65.3432835820896	192.78109452736314
520	60	1	26.039800995024876	74.94029850746277
520	61	1	146.77611940298493	16.45273631840796
520	62	1	64.03499999999998	122.69999999999999
520	63	1	62.26500000000001	173.87999999999994
520	64	1	71.87000000000003	27.310000000000002
520	65	1	179.3004926108375	128.9310344827586
520	66	1	41.68999999999996	157.95000000000005
520	67	1	133.2288557213931	31.53233830845772
520	68	1	167.66666666666677	140.3084577114428
520	69	1	77.71356783919597	177.31658291457282
520	70	1	35.800000000000004	48.810000000000024
520	71	1	133.8899999999999	52.27500000000001
520	72	1	26.93034825870647	115.70646766169149
520	73	1	60.18999999999998	34.84000000000002
520	74	1	38.90547263681591	13.452736318407963
520	75	1	130.39500000000004	11.950000000000001
520	76	1	58.175000000000004	0.5349999999999999
520	77	1	116.56716417910451	18.835820895522392
520	78	1	170.92500000000007	198.6949999999999
520	79	1	79.1155778894473	168.02010050251252
520	80	1	105.16915422885562	158.64676616915418
520	81	1	57.57499999999999	102.2949999999999
520	82	1	48.0497512437811	107.15920398009949
520	83	1	32.61691542288557	172.17412935323375
520	84	1	45.479999999999976	122.00500000000001
520	85	1	149.91089108910887	4.96039603960396
520	86	1	84.4603960396039	19.97524752475248
520	87	1	163.09000000000003	119.825
520	88	1	167.30150753768842	13.015075376884424
520	89	1	44.41293532338309	54.40298507462686
530	1	2	9.858585858585856	9.616161616161614
530	2	2	9.950000000000008	100.29000000000005
530	3	2	10.120000000000005	190.11999999999992
530	4	2	99.88000000000001	9.879999999999995
530	5	2	100.12	99.88
530	6	2	100.00000000000003	190.50000000000006
530	7	2	189.87999999999997	9.879999999999995
530	8	2	190.49999999999997	100
530	9	2	189.61616161616163	190.14141414141412
530	10	1	127.01999999999998	55.114999999999995
530	11	1	191.27860696517413	141.5721393034826
530	12	1	82.4545454545454	156.0757575757575
530	13	1	160.96499999999986	110.45999999999988
530	14	1	61.15	182.54000000000005
530	15	1	104.83500000000001	3.079999999999999
530	16	1	189.30500000000004	124.16499999999999
530	17	1	79.98507462686567	196.82587064676616
530	18	1	127.44278606965173	94.01990049751241
530	19	1	29.920000000000016	149.2800000000001
530	20	1	143.03980099502473	123.55223880597019
530	21	1	26.94	162.70000000000005
530	22	1	41.43500000000001	30.990000000000002
530	23	1	16.213930348258703	114.46766169154232
530	24	1	64.61500000000001	137.76500000000004
530	25	1	24.569999999999997	99.80000000000004
530	26	1	187.79104477611935	159.96517412935324
530	27	1	22.98009950248757	84.4378109452736
530	28	1	144.77386934673368	70.57286432160802
530	29	1	121.04499999999997	27.73999999999999
530	30	1	13.36	43.815000000000005
530	31	1	141.60000000000005	50.650000000000006
530	32	1	158.77722772277232	136.51980198019808
530	33	1	60.26500000000001	14.290000000000006
530	34	1	0.27860696517412864	48.13930348258705
530	35	1	52.64179104477615	133.96019900497507
530	36	1	37.64039408866995	112.01970443349757
530	37	1	42.64179104477612	189.56716417910448
530	38	1	49.95500000000002	157.99500000000003
530	39	1	85.41293532338305	7.039800995024874
530	40	1	32.135000000000005	133.09499999999997
530	41	1	26.544554455445535	9.42574257425742
530	42	1	92.5024875621891	165.2388059701492
530	43	1	2.75	151.53499999999997
530	44	1	152.85572139303488	196.4427860696519
530	45	1	179.89054726368158	142.57213930348252
530	46	1	131.82999999999996	172.5099999999999
530	47	1	3.3712871287128707	133.7623762376237
530	48	1	50.16000000000001	11.815000000000007
530	49	1	34.514999999999986	91.135
530	50	1	152.38500000000005	22.325000000000003
530	51	1	38.4924623115578	0.32663316582914526
530	52	1	44.85572139303485	88.90547263681594
530	53	1	142.95477386934672	83.62814070351757
530	54	1	136.59	102.52999999999997
530	55	1	132.13000000000008	113.78500000000004
530	56	1	148.9402985074627	98.66666666666661
530	57	1	51.03980099502488	32.472636815920374
530	58	1	112.47263681592041	94.19900497512442
530	59	1	66.46499999999999	192.2299999999999
530	60	1	25.480198019801993	73.53465346534657
530	61	1	145.8208955223881	17.0597014925373
530	62	1	63.814999999999976	124.26499999999996
530	63	1	60.68656716417912	172.36318407960206
530	64	1	71.01990049751235	26.81592039800996
530	65	1	180.41708542713576	128.38693467336685
530	66	1	41.285000000000004	157.2300000000001
530	67	1	132.4029850746268	31.74129353233831
530	68	1	168.6980198019802	140.41089108910887
530	69	1	76.92500000000001	178.12500000000009
530	70	1	37.419999999999995	47.915
530	71	1	134.09500000000008	52.52500000000002
530	72	1	27.139303482587067	115.12437810945278
530	73	1	60.710000000000015	33.775000000000006
530	74	1	38.88944723618091	13.170854271356786
530	75	1	129.55721393034827	10.144278606965177
530	76	1	57.696517412935336	199.39303482587064
530	77	1	116.66999999999999	16.789999999999996
530	78	1	169.85714285714292	197.61576354679798
530	79	1	79.36999999999998	167.98000000000016
530	80	1	104.52475247524757	157.2524752475247
530	81	1	56.835	102.95499999999996
530	82	1	48.489999999999995	108.19500000000004
530	83	1	32.696517412935314	170.89552238805976
530	84	1	44.804999999999986	122.32000000000002
530	85	1	148.950248756219	5.378109452736319
530	86	1	82.50248756218907	20.08955223880596
530	87	1	163.05499999999992	119.95000000000005
530	88	1	166.86999999999998	12.240000000000006
530	89	1	44.635	54.03
540	1	2	9.858585858585856	9.616161616161614
540	2	2	9.950000000000008	100.29000000000005
540	3	2	10.120000000000005	190.11999999999992
540	4	2	99.88000000000001	9.879999999999995
540	5	2	100.12	99.88
540	6	2	100.00000000000003	190.50000000000006
540	7	2	189.87999999999997	9.879999999999995
540	8	2	190.49999999999997	100
540	9	2	189.61616161616163	190.14141414141412
540	10	1	126.875	54.62
540	11	1	192.6865671641791	141.33830845771158
540	12	1	81.12437810945273	154.3830845771144
540	13	1	160.0249999999999	110.53999999999999
540	14	1	60.603960396039604	181.15841584158423
540	15	1	103.72500000000005	2.5599999999999996
540	16	1	190.33	124.07
540	17	1	80.04000000000005	197.01
540	18	1	125.535	93.77499999999996
540	19	1	29.215	148.87
540	20	1	143.79396984924622	123.03015075376882
540	21	1	25.964999999999993	162.01999999999998
540	22	1	41.99004975124378	29.044776119402993
540	23	1	15.950495049504948	113.26237623762376
540	24	1	63.414999999999964	138.61499999999995
540	25	1	24.615	98.78500000000003
540	26	1	187.52	159.81000000000006
540	27	1	23.293532338308463	82.9004975124378
540	28	1	145.22885572139305	69.89552238805969
540	29	1	120.88613861386138	25.33168316831685
540	30	1	11.776119402985076	43.26865671641795
540	31	1	141.6949999999998	50.154999999999994
540	32	1	159.78109452736322	136.91044776119398
540	33	1	60.76500000000001	13.304999999999993
540	34	1	199.225	49.065000000000005
540	35	1	51.30000000000002	133.9
540	36	1	37.425	111.64499999999998
540	37	1	43.65829145728643	188.35175879396988
540	38	1	49.535000000000004	157.44
540	39	1	84.72636815920401	8.228855721393039
540	40	1	30.62686567164179	133.0845771144277
540	41	1	26.258706467661696	7.9054726368159205
540	42	1	91.39303482587064	164.77611940298507
540	43	1	2.597014925373135	151.09452736318417
540	44	1	152.1243781094526	197.2288557213931
540	45	1	180.3233830845771	141.40796019900492
540	46	1	132.31000000000006	172.09500000000008
540	47	1	4.91542288557214	132.53233830845764
540	48	1	50.969999999999985	10.424999999999992
540	49	1	34.33168316831685	90.89108910891088
540	50	1	152.76381909547737	22.145728643216085
540	51	1	38.695	0.05000000000000028
540	52	1	44.234999999999985	88.41499999999999
540	53	1	142.05499999999992	82.72000000000001
540	54	1	135.86633663366334	101.30693069306935
540	55	1	132.67499999999995	114.125
540	56	1	147.85929648241208	98.23115577889449
540	57	1	51.64676616915422	32.3034825870647
540	58	1	111.81000000000009	92.86500000000004
540	59	1	67.27000000000001	191.62999999999994
540	60	1	24.844221105527645	72.19597989949747
540	61	1	144.1	17.764999999999997
540	62	1	63.70149253731342	125.50746268656718
540	63	1	59.81	170.75
540	64	1	70.73631840796024	26.691542288557212
540	65	1	181.7600000000001	127.94999999999996
540	66	1	40.90452261306533	156.00000000000006
540	67	1	131.57213930348254	31.890547263681608
540	68	1	169.69	140.33
540	69	1	76.28500000000003	179.3799999999999
540	70	1	38.351485148514854	46.81683168316834
540	71	1	134.56	53.344999999999985
540	72	1	27.104999999999993	114.49499999999998
540	73	1	61.095477386934704	33.03517587939699
540	74	1	38.995	12.860000000000007
540	75	1	129.07462686567163	8.194029850746274
540	76	1	57.773869346733655	198.27638190954775
540	77	1	116.4653465346535	15.143564356435636
540	78	1	168.37810945273625	195.9402985074626
540	79	1	79.4626865671642	167.686567164179
540	80	1	103.46499999999999	156.06499999999994
540	81	1	56.05999999999999	103.75000000000006
540	82	1	48.206030150753776	109.61306532663316
540	83	1	33.26500000000001	169.44499999999994
540	84	1	43.98999999999998	123.43999999999998
540	85	1	148.2475247524753	6.252475247524752
540	86	1	81.08415841584157	20.40099009900992
540	87	1	163.54271356783934	120.22110552763816
540	88	1	166.30000000000004	11.679999999999998
540	89	1	44.82587064676617	53.29850746268661
550	1	2	9.858585858585856	9.616161616161614
550	2	2	9.950000000000008	100.29000000000005
550	3	2	10.120000000000005	190.11999999999992
550	4	2	99.88000000000001	9.879999999999995
550	5	2	100.12	99.88
550	6	2	100.00000000000003	190.50000000000006
550	7	2	189.87999999999997	9.879999999999995
550	8	2	190.49999999999997	100
550	9	2	189.61616161616163	190.14141414141412
550	10	1	126.77000000000001	54.14499999999999
550	11	1	193.4179104477612	141.03980099502493
550	12	1	80.07920792079207	153.519801980198
550	13	1	158.69500000000002	110.09999999999995
550	14	1	60.27722772277228	179.6980198019802
550	15	1	102.82412060301505	2.3618090452261304
550	16	1	191.36180904522612	124.07537688442214
550	17	1	80.88500000000003	197.325
550	18	1	123.95000000000002	93.26500000000003
550	19	1	28.54499999999999	147.76999999999998
550	20	1	143.93532338308455	122.56716417910444
550	21	1	25.08457711442785	161.38308457711446
550	22	1	42.49751243781094	26.97014925373134
550	23	1	15.429999999999998	112.45500000000003
550	24	1	62.44000000000002	139.83499999999992
550	25	1	24.910000000000004	97.83499999999998
550	26	1	186.95979899497485	160.09547738693465
550	27	1	23.801980198019795	81.43564356435643
550	28	1	145.57711442786072	69.16915422885573
550	29	1	120.625	23.714999999999986
550	30	1	10.407960199004986	43.33830845771145
550	31	1	141.86499999999995	49.365
550	32	1	161.44499999999994	137.815
550	33	1	61.6467661691542	12.213930348258707
550	34	1	198.46766169154228	48.96517412935323
550	35	1	50.15422885572141	134.10447761194018
550	36	1	37.0995024875622	111.28358208955223
550	37	1	45.02487562189055	186.41293532338307
550	38	1	48.96499999999998	156.80500000000006
550	39	1	83.83168316831683	9.074257425742575
550	40	1	28.924999999999986	133.03999999999996
550	41	1	25.88059701492536	6.870646766169154
550	42	1	90.17821782178217	164.8613861386139
550	43	1	2.165000000000002	150.75999999999988
550	44	1	151.41791044776116	198.11940298507466
550	45	1	181.04999999999998	140.87499999999997
550	46	1	132.175	171.315
550	47	1	5.701492537313433	131.16417910447774
550	48	1	51.69801980198019	8.648514851485144
550	49	1	34.24500000000002	90.37999999999992
550	50	1	153.07000000000005	22.074999999999996
550	51	1	38.70149253731343	199.4278606965174
550	52	1	43.8507462686567	87.70646766169152
550	53	1	141.00000000000003	81.68656716417907
550	54	1	135.09499999999983	100.1799999999999
550	55	1	132.8208955223881	114.00995024875623
550	56	1	146.8407960199004	97.20895522388057
550	57	1	52.080402010050236	31.105527638190946
550	58	1	110.695	91.13000000000001
550	59	1	67.43500000000006	190.95999999999984
550	60	1	24.62626262626262	71.04040404040406
550	61	1	142.64321608040197	18.306532663316585
550	62	1	63.0149253731343	127.05472636815924
550	63	1	58.61999999999999	169.50499999999997
550	64	1	70.22	26.80999999999999
550	65	1	182.71641791044775	127.42786069651743
550	66	1	40.12437810945276	155.10945273631842
550	67	1	130.13930348258705	32.10447761194029
550	68	1	170.72864321608031	140.30150753768842
550	69	1	75.41791044776123	179.9552238805969
550	70	1	39.36138613861385	44.55940594059407
550	71	1	134.7349999999999	53.45
550	72	1	26.825870646766177	114.14925373134326
550	73	1	61.35000000000001	32.739999999999995
550	74	1	38.565	12.679999999999996
550	75	1	128.6119402985075	6.761194029850748
550	76	1	57.985148514851495	197.45544554455446
550	77	1	116.00000000000004	14.269999999999998
550	78	1	167.49000000000004	194.56499999999988
550	79	1	79.044776119403	167.1144278606966
550	80	1	102.19900497512442	155.7014925373134
550	81	1	55.379999999999995	105.035
550	82	1	47.88000000000001	110.52
550	83	1	33.729999999999976	168.28500000000003
550	84	1	42.43999999999998	124.18999999999997
550	85	1	147.09452736318403	7.268656716417913
550	86	1	79.990099009901	21.158415841584166
550	87	1	163.67164179104472	120.3731343283582
550	88	1	165.6119402985075	10.52238805970149
550	89	1	44.76616915422886	52.21890547263682
560	1	2	9.858585858585856	9.616161616161614
560	2	2	9.950000000000008	100.29000000000005
560	3	2	10.120000000000005	190.11999999999992
560	4	2	99.88000000000001	9.879999999999995
560	5	2	100.12	99.88
560	6	2	100.00000000000003	190.50000000000006
560	7	2	189.87999999999997	9.879999999999995
560	8	2	190.49999999999997	100
560	9	2	189.61616161616163	190.14141414141412
560	10	1	127.10000000000002	54.205000000000005
560	11	1	194.97989949748745	140.44723618090447
560	12	1	78.63184079601994	153.4676616915423
560	13	1	156.88557213930338	109.75124378109452
560	14	1	60.08000000000001	178.28500000000005
560	15	1	101.74874371859298	1.9296482412060307
560	16	1	192.665	124.03999999999999
560	17	1	81.04477611940294	197.69651741293532
560	18	1	122.45500000000003	92.24000000000001
560	19	1	28.055000000000007	146.72000000000003
560	20	1	144.20398009950253	122.00497512437812
560	21	1	23.91044776119403	160.81094527363194
560	22	1	42.761194029850756	25.661691542288565
560	23	1	15.489999999999997	112.00499999999994
560	24	1	61.30845771144279	140.13432835820902
560	25	1	24.06500000000001	96.55000000000004
560	26	1	185.63000000000008	160.33
560	27	1	24.562189054726367	80.31343283582088
560	28	1	145.97512437810937	68.57213930348266
560	29	1	119.98999999999995	22.674999999999994
560	30	1	8.084999999999999	43.704999999999984
560	31	1	142.26999999999995	49.025000000000006
560	32	1	162.66336633663366	138.0544554455446
560	33	1	62.10500000000002	11.225000000000005
560	34	1	197.62686567164178	48.910447761194014
560	35	1	48.96499999999998	134.88000000000005
560	36	1	36.7462686567164	110.72636815920396
560	37	1	46.18407960199006	184.55223880597012
560	38	1	48.4676616915423	155.90547263681583
560	39	1	82.41000000000001	9.115000000000006
560	40	1	26.661691542288565	133.3681592039801
560	41	1	25.412935323383085	5.930348258706467
560	42	1	89.42288557213926	163.80099502487573
560	43	1	1.3115577889447232	150.54773869346732
560	44	1	150.90954773869345	199.13567839195974
560	45	1	182.14499999999987	140.51000000000005
560	46	1	131.71641791044766	170.03482587064687
560	47	1	6.420792079207922	129.9851485148516
560	48	1	52.193069306930724	7.193069306930696
560	49	1	33.96517412935325	90.48258706467662
560	50	1	153.01499999999993	22.204999999999984
560	51	1	38.73000000000002	198.565
560	52	1	43.46500000000001	87.01500000000001
560	53	1	139.74257425742567	80.80198019801982
560	54	1	133.980198019802	99.15841584158414
560	55	1	132.95999999999998	114.08499999999998
560	56	1	145.59000000000003	96.06499999999998
560	57	1	52.5273631840796	30.368159203980102
560	58	1	109.62000000000006	89.94999999999993
560	59	1	67.24999999999997	190.485
560	60	1	24.034825870646774	70.56218905472645
560	61	1	141.17	18.72000000000001
560	62	1	62.21287128712873	128.3910891089109
560	63	1	57.73	168.53499999999994
560	64	1	70.14646464646462	27.212121212121215
560	65	1	183.74129353233826	126.90049751243784
560	66	1	39.37185929648242	154.01005025125627
560	67	1	129.2089552238806	32.17412935323384
560	68	1	171.77889447236174	140.43718592964834
560	69	1	75.36499999999998	180.67000000000004
560	70	1	39.78712871287126	42.519801980197975
560	71	1	134.84924623115583	53.20603015075378
560	72	1	26.779999999999998	113.45500000000004
560	73	1	61.885000000000005	32.20999999999999
560	74	1	38.66666666666668	12.402985074626866
560	75	1	128.31499999999997	5.434999999999997
560	76	1	57.407960199004975	196.5124378109451
560	77	1	115.99502487562184	13.323383084577113
560	78	1	166.11940298507471	193.57711442786058
560	79	1	78.74626865671644	166.8756218905473
560	80	1	100.75124378109449	155.36318407960215
560	81	1	54.61999999999999	105.89500000000002
560	82	1	47.64179104477612	111.41293532338307
560	83	1	34.31683168316834	167.31188118811883
560	84	1	41.198019801980195	124.82178217821783
560	85	1	146.91500000000005	8.244999999999996
560	86	1	79.20999999999992	21.404999999999983
560	87	1	164.2139303482588	120.66169154228855
560	88	1	164.90049751243782	9.6865671641791
560	89	1	44.59499999999998	51.149999999999984
570	1	2	9.858585858585856	9.616161616161614
570	2	2	9.950000000000008	100.29000000000005
570	3	2	10.120000000000005	190.11999999999992
570	4	2	99.88000000000001	9.879999999999995
570	5	2	100.12	99.88
570	6	2	100.00000000000003	190.50000000000006
570	7	2	189.87999999999997	9.879999999999995
570	8	2	190.49999999999997	100
570	9	2	189.61616161616163	190.14141414141412
570	10	1	127.18500000000002	54.394999999999996
570	11	1	196.13065326633165	139.46231155778892
570	12	1	77.70646766169149	153.3233830845771
570	13	1	154.59999999999997	109.415
570	14	1	59.30500000000001	177.13000000000005
570	15	1	100.13432835820895	1.6965174129353235
570	16	1	194.15075376884423	124.24623115577889
570	17	1	80.265	197.83
570	18	1	121.80099502487565	90.93034825870647
570	19	1	27.65841584158416	146.05940594059405
570	20	1	144.38	121.87999999999998
570	21	1	22.274999999999995	160.555
570	22	1	42.730000000000004	24.66500000000001
570	23	1	15.654999999999998	111.61499999999997
570	24	1	59.55276381909547	139.9597989949748
570	25	1	23.751243781094526	95.05970149253734
570	26	1	184.07462686567175	160.26865671641775
570	27	1	25.616915422885576	78.70646766169155
570	28	1	145.7114427860696	67.09950248756222
570	29	1	119.61194029850745	21.45771144278608
570	30	1	6.709999999999996	43.33000000000001
570	31	1	142.84	48.6
570	32	1	163.79999999999995	139.09499999999997
570	33	1	62.05472636815923	10.592039800995018
570	34	1	196.7910447761194	48.975124378109456
570	35	1	47.688442211055246	135.45728643216083
570	36	1	36.44776119402982	109.96019900497514
570	37	1	45.91000000000003	182.87
570	38	1	48.08457711442787	155.7014925373135
570	39	1	81.41791044776122	9.313432835820894
570	40	1	25.233830845771156	133.2587064676617
570	41	1	25.79104477611939	5.3482587064676625
570	42	1	88.49499999999995	163.36499999999992
570	43	1	0.04975124378109221	149.94527363184076
570	44	1	150.08955223880594	0.23383084577122304
570	45	1	182.97999999999996	140.72500000000002
570	46	1	131.44499999999988	168.96499999999992
570	47	1	7.427860696517412	129.63184079601993
570	48	1	52.30999999999999	5.775
570	49	1	33.67336683417086	90.01507537688441
570	50	1	153.745	21.810000000000006
570	51	1	38.846534653465326	196.6089108910891
570	52	1	42.84079601990052	85.80597014925382
570	53	1	138.69801980198025	79.92079207920791
570	54	1	132.91584158415853	97.94554455445545
570	55	1	133.23499999999993	113.83500000000001
570	56	1	144.22388059701495	95.07462686567166
570	57	1	52.70646766169155	29.681592039800993
570	58	1	108.79500000000002	88.36
570	59	1	67.275	190.04999999999998
570	60	1	22.766169154228855	69.9751243781095
570	61	1	139.94527363184082	19.407960199004968
570	62	1	61.0497512437811	129.1691542288557
570	63	1	57.630000000000045	167.69499999999996
570	64	1	69.9545454545455	27.383838383838384
570	65	1	184.30845771144277	125.97014925373138
570	66	1	38.75499999999999	153.52000000000004
570	67	1	127.89999999999996	31.865000000000006
570	68	1	172.81188118811875	140.34653465346534
570	69	1	75.11557788944724	181.50251256281413
570	70	1	39.65174129353235	40.48258706467661
570	71	1	134.78391959798986	52.78391959798993
570	72	1	26.955223880597018	112.89054726368161
570	73	1	61.89447236180904	32.18592964824122
570	74	1	39.258706467661725	12.024875621890548
570	75	1	128.00000000000003	4.577114427860696
570	76	1	56.01000000000002	195.23999999999995
570	77	1	115.69999999999995	12.090000000000002
570	78	1	164.31343283582098	193.08457711442784
570	79	1	78.40796019900499	166.8905472636815
570	80	1	99.91089108910892	154.93069306930713
570	81	1	53.787128712871294	105.98514851485152
570	82	1	47.15920398009949	111.88557213930343
570	83	1	34.19402985074628	166.1044776119403
570	84	1	39.9601990049751	125.43781094527358
570	85	1	145.51000000000002	8.625000000000002
570	86	1	78.31155778894477	21.336683417085418
570	87	1	165.205	120.97999999999996
570	88	1	163.94499999999996	8.994999999999997
570	89	1	44.91499999999999	49.794999999999995
580	1	2	9.858585858585856	9.616161616161614
580	2	2	9.950000000000008	100.29000000000005
580	3	2	10.120000000000005	190.11999999999992
580	4	2	99.88000000000001	9.879999999999995
580	5	2	100.12	99.88
580	6	2	100.00000000000003	190.50000000000006
580	7	2	189.87999999999997	9.879999999999995
580	8	2	190.49999999999997	100
580	9	2	189.61616161616163	190.14141414141412
580	10	1	127.39195979899502	54.778894472361785
580	11	1	196.90049751243782	138.81094527363194
580	12	1	76.55500000000006	153.64
580	13	1	153.60396039603967	109.20792079207918
580	14	1	59.23880597014926	175.99502487562182
580	15	1	99.02487562189056	1.7412935323383087
580	16	1	195.07960199004975	124.31840796019894
580	17	1	79.8994974874372	198.53266331658295
580	18	1	120.99009900990096	90.029702970297
580	19	1	26.90499999999999	145.20500000000004
580	20	1	144.27000000000004	121.21000000000001
580	21	1	20.49253731343282	160.11442786069648
580	22	1	42.434999999999974	23.630000000000003
580	23	1	15.718592964824117	111.17085427135677
580	24	1	58.470297029702984	140.2277227722773
580	25	1	23.784999999999997	94.53999999999999
580	26	1	182.92000000000004	159.76499999999993
580	27	1	26.040000000000003	77.30999999999999
580	28	1	146.54228855721385	65.22885572139303
580	29	1	119.86567164179101	20.368159203980092
580	30	1	5.054726368159203	42.73631840796022
580	31	1	143.7475247524753	48.178217821782134
580	32	1	164.7376237623764	139.61881188118826
580	33	1	62.08955223880598	10.004975124378115
580	34	1	195.4228855721393	49.975124378109456
580	35	1	46.97512437810945	136.25870646766174
580	36	1	36.223880597014926	109.1094527363184
580	37	1	45.35000000000001	182.06999999999996
580	38	1	47.38308457711442	156.03980099502485
580	39	1	80.625	9.899999999999997
580	40	1	23.599999999999994	132.925
580	41	1	26.330000000000013	4.254999999999999
580	42	1	87.95024875621894	163.58208955223876
580	43	1	199.205	149.47500000000002
580	44	1	148.84653465346537	0.9603960396040065
580	45	1	183.34673366834164	140.2160804020101
580	46	1	130.97014925373142	167.9552238805971
580	47	1	8.57	129.2899999999999
580	48	1	52.3838383838384	4.525252525252524
580	49	1	33.264999999999986	89.32500000000005
580	50	1	153.94000000000003	21.514999999999993
580	51	1	39.26368159203981	194.55223880597018
580	52	1	42.06999999999998	84.60999999999996
580	53	1	137.81683168316823	79.38613861386143
580	54	1	131.54000000000002	96.71000000000001
580	55	1	133.32500000000002	113.05999999999995
580	56	1	143.4626865671642	94.82089552238808
580	57	1	52.710000000000036	29.32
580	58	1	107.41500000000002	86.16999999999994
580	59	1	67.51000000000003	189.74999999999994
580	60	1	22.405000000000005	68.94000000000003
580	61	1	138.06930693069296	20.52970297029703
580	62	1	59.88059701492536	129.57711442786066
580	63	1	57.29499999999999	166.92000000000002
580	64	1	69.87562189054732	27.189054726368155
580	65	1	184.915	124.94499999999994
580	66	1	37.606965174129336	152.12437810945278
580	67	1	126.33999999999996	32.54500000000003
580	68	1	173.78606965174123	140.89054726368155
580	69	1	75.32500000000003	182.68500000000012
580	70	1	39.199004975124346	39.33333333333332
580	71	1	135.025	52.559999999999995
580	72	1	27.14999999999999	112.89499999999997
580	73	1	61.7810945273632	31.6268656716418
580	74	1	39.56218905472636	11.437810945273633
580	75	1	127.80500000000004	3.4050000000000025
580	76	1	55.308457711442806	194.08955223880608
580	77	1	115.47000000000003	11.449999999999998
580	78	1	163.09950248756212	192.771144278607
580	79	1	78.0753768844221	166.7386934673367
580	80	1	99.24378109452736	153.7810945273633
580	81	1	52.21	105.36499999999997
580	82	1	47.04499999999999	113.14
580	83	1	33.50248756218904	164.73631840796017
580	84	1	38.16915422885572	126.2686567164179
580	85	1	144.88442211055272	9.492462311557787
580	86	1	77.65174129353235	22.213930348258703
580	87	1	166.6633165829146	121.39195979899499
580	88	1	162.47999999999996	8.1
580	89	1	44.751243781094516	48.6268656716418
590	1	2	9.858585858585856	9.616161616161614
590	2	2	9.950000000000008	100.29000000000005
590	3	2	10.120000000000005	190.11999999999992
590	4	2	99.88000000000001	9.879999999999995
590	5	2	100.12	99.88
590	6	2	100.00000000000003	190.50000000000006
590	7	2	189.87999999999997	9.879999999999995
590	8	2	190.49999999999997	100
590	9	2	189.61616161616163	190.14141414141412
590	10	1	127.49748743718592	54.487437185929664
590	11	1	198.22	138.3300000000001
590	12	1	75.16417910447761	153.96019900497518
590	13	1	152.2686567164179	109.00995024875623
590	14	1	59.46766169154228	174.5771144278607
590	15	1	97.90999999999998	1.6049999999999984
590	16	1	196.105	124.57999999999994
590	17	1	79.57000000000004	198.80999999999992
590	18	1	120.60696517412936	89.17412935323385
590	19	1	26.160804020100514	144.08040201005016
590	20	1	144.14499999999998	120.92999999999999
590	21	1	19.273631840796018	159.26865671641787
590	22	1	42.373134328358205	22.845771144278604
590	23	1	16.024752475247524	110.4108910891089
590	24	1	57.34500000000002	140.35
590	25	1	23.477386934673365	93.6633165829146
590	26	1	180.27499999999992	159.4199999999999
590	27	1	26.480000000000008	75.64999999999999
590	28	1	147.60696517412944	63.064676616915435
590	29	1	119.79702970297029	19.440594059405935
590	30	1	3.8550000000000013	42.25500000000002
590	31	1	145.20297029702968	47.702970297029715
590	32	1	165.50248756218895	139.47263681592028
590	33	1	61.65671641791044	9.462686567164186
590	34	1	194.46534653465346	49.88118811881189
590	35	1	46.57999999999999	137.67000000000002
590	36	1	36.159203980099555	108.06965174129354
590	37	1	44.750000000000014	181.10999999999999
590	38	1	46.26000000000002	155.82
590	39	1	79.40298507462687	9.701492537313431
590	40	1	22.38383838383838	133.09595959595956
590	41	1	27.318407960199014	3.2388059701492535
590	42	1	87.57000000000002	163.51000000000008
590	43	1	198.415	149.27499999999995
590	44	1	147.79601990049753	1.139303482587053
590	45	1	184.13930348258714	139.9253731343283
590	46	1	129.98	165.85500000000005
590	47	1	9.507462686567164	128.9253731343284
590	48	1	52.35820895522388	2.9850746268656723
590	49	1	32.50746268656715	88.41791044776123
590	50	1	153.77499999999998	21.235000000000003
590	51	1	38.71999999999999	193.46500000000006
590	52	1	41.318407960198996	83.58208955223877
590	53	1	137.48499999999996	78.55000000000003
590	54	1	129.43216080402013	95.63316582914565
590	55	1	133.44059405940587	111.8118811881188
590	56	1	142.14999999999992	94.51
590	57	1	52.795	28.275
590	58	1	106.30348258706468	84.67164179104478
590	59	1	67.16000000000003	188.96999999999997
590	60	1	21.814999999999998	68.22999999999996
590	61	1	136.45771144278598	22.23383084577114
590	62	1	58.791044776119406	129.85572139303483
590	63	1	56.480000000000025	165.91500000000002
590	64	1	69.86499999999997	27.235000000000007
590	65	1	184.95	124.09500000000004
590	66	1	36.24875621890546	150.92039800995025
590	67	1	125.03980099502488	32.60696517412937
590	68	1	174.54773869346735	141.22613065326632
590	69	1	75.34170854271359	183.56281407035164
590	70	1	38.91089108910891	38.41584158415842
590	71	1	135.35323383084577	52.517412935323385
590	72	1	27.475000000000012	112.47999999999999
590	73	1	61.77889447236181	31.557788944723615
590	74	1	39.944723618090464	11.060301507537686
590	75	1	128.00497512437812	1.8507462686567175
590	76	1	54.562189054726375	192.55223880597015
590	77	1	115.56	10.339999999999996
590	78	1	161.98009950248758	192.41293532338307
590	79	1	77.82089552238801	166.74626865671644
590	80	1	98.25247524752476	152.70297029702976
590	81	1	50.795	104.77500000000002
590	82	1	46.67500000000001	114.75
590	83	1	33.285	163.91500000000005
590	84	1	36.7286432160804	126.84924623115582
590	85	1	143.68316831683174	10.450495049504951
590	86	1	77.40703517587941	22.547738693467323
590	87	1	167.37500000000006	121.69000000000005
590	88	1	160.99499999999995	7.824999999999999
590	89	1	44.71	47.04500000000002
600	1	2	9.858585858585856	9.616161616161614
600	2	2	9.950000000000008	100.29000000000005
600	3	2	10.120000000000005	190.11999999999992
600	4	2	99.88000000000001	9.879999999999995
600	5	2	100.12	99.88
600	6	2	100.00000000000003	190.50000000000006
600	7	2	189.87999999999997	9.879999999999995
600	8	2	190.49999999999997	100
600	9	2	189.61616161616163	190.14141414141412
600	10	1	127.83000000000003	54.63000000000001
600	11	1	199.75247524752476	138.47029702970303
600	12	1	73.60696517412934	154.7263681592039
600	13	1	150.90594059405936	109.0297029702971
600	14	1	59.81000000000002	173.4950000000001
600	15	1	97.275	1.5099999999999991
600	16	1	197.415	124.62999999999994
600	17	1	79.15920398009948	198.9353233830847
600	18	1	119.94000000000005	88.65999999999997
600	19	1	25.530000000000005	143.45999999999998
600	20	1	143.82000000000002	120.16000000000007
600	21	1	18.363184079602	158.75124378109456
600	22	1	41.5323383084577	21.41293532338309
600	23	1	17.393034825870647	109.363184079602
600	24	1	56.80999999999999	141.1300000000001
600	25	1	23.391959798994975	92.65326633165837
600	26	1	178.35323383084588	159.56716417910442
600	27	1	26.712871287128703	74.73267326732677
600	28	1	148.93499999999995	62.09500000000001
600	29	1	119.66169154228862	18.184079601990046
600	30	1	2.587064676616915	42.06467661691542
600	31	1	146.85572139303483	47.6716417910448
600	32	1	166.4278606965174	138.91542288557218
600	33	1	61.149999999999984	8.974999999999998
600	34	1	193.61194029850745	49.39303482587064
600	35	1	46.175000000000004	137.8550000000001
600	36	1	36.11500000000001	107.63499999999996
600	37	1	44.24999999999999	180.275
600	38	1	45.356783919598016	155.40201005025125
600	39	1	78.41206030150761	9.437185929648237
600	40	1	21.16417910447762	133.36318407960192
600	41	1	27.920792079207914	2.237623762376237
600	42	1	86.73	164.02500000000012
600	43	1	197.215	149.28
600	44	1	147.3099999999999	1.2250000000000512
600	45	1	184.74	138.34000000000003
600	46	1	130.4899999999999	164.07499999999987
600	47	1	9.960199004975124	128.41791044776116
600	48	1	51.62376237623759	1.5247524752475239
600	49	1	31.835000000000008	87.405
600	50	1	153.73631840796034	21.462686567164194
600	51	1	37.68811881188118	192.480198019802
600	52	1	40.965174129353244	82.92537313432837
600	53	1	137.45771144278604	77.089552238806
600	54	1	128.10447761194033	95.20895522388064
600	55	1	133.49246231155786	111.1608040201005
600	56	1	141.1492537313433	93.54726368159204
600	57	1	52.665	28.099999999999994
600	58	1	104.95522388059705	83.93034825870652
600	59	1	66.78606965174131	188.31343283582103
600	60	1	21.368159203980106	67.48756218905476
600	61	1	135.029702970297	23.777227722772274
600	62	1	58.6	130.7900000000001
600	63	1	55.580000000000005	165.2999999999999
600	64	1	69.77999999999997	27.504999999999992
600	65	1	185.67164179104483	123.15920398009953
600	66	1	35.238805970149244	149.94527363184082
600	67	1	123.66999999999999	32.17999999999999
600	68	1	175.5472636815921	141.90547263681583
600	69	1	75.14499999999998	184.02499999999995
600	70	1	39.01499999999997	37.300000000000026
600	71	1	135.69500000000002	51.954999999999984
600	72	1	27.79601990049751	112.52736318407956
600	73	1	61.52500000000002	30.950000000000006
600	74	1	40.68500000000001	10.529999999999996
600	75	1	128.11557788944728	0.5175879396984923
600	76	1	54.16000000000001	191.2400000000001
600	77	1	116.33500000000001	9.219999999999995
600	78	1	160.59999999999982	192.12000000000003
600	79	1	77.50746268656717	167.04975124378106
600	80	1	97.07000000000002	152.26
600	81	1	49.545	104.88
600	82	1	46.49751243781095	116.19900497512444
600	83	1	32.339999999999996	163.37000000000012
600	84	1	35.407035175879415	127.79396984924622
600	85	1	142.71499999999992	11.280000000000001
600	86	1	77.22000000000004	22.76000000000002
600	87	1	168.33500000000012	121.615
600	88	1	159.9253731343284	8.363184079601984
600	89	1	43.96019900497512	46.08955223880597
610	1	2	9.858585858585856	9.616161616161614
610	2	2	9.950000000000008	100.29000000000005
610	3	2	10.120000000000005	190.11999999999992
610	4	2	99.88000000000001	9.879999999999995
610	5	2	100.12	99.88
610	6	2	100.00000000000003	190.50000000000006
610	7	2	189.87999999999997	9.879999999999995
610	8	2	190.49999999999997	100
610	9	2	189.61616161616163	190.14141414141412
610	10	1	128.75000000000003	54.685
610	11	1	0.9449999999999998	138.1450000000001
610	12	1	71.63999999999997	155.75500000000014
610	13	1	149.40796019900495	108.35820895522389
610	14	1	60.43283582089553	172.55223880597018
610	15	1	96.635	1.369999999999999
610	16	1	198.61691542288557	124.20398009950252
610	17	1	78.145	199.05000000000004
610	18	1	119.77114427860705	88.01492537313436
610	19	1	24.37878787878788	143.37878787878788
610	20	1	143.40999999999994	119.71999999999998
610	21	1	16.879999999999995	157.855
610	22	1	40.39500000000001	20.080000000000005
610	23	1	18.41	108.05
610	24	1	56.06965174129355	141.7661691542289
610	25	1	23.272277227722782	91.35148514851484
610	26	1	176.2437810945274	159.07960199004975
610	27	1	26.57	73.3
610	28	1	150.34328358208955	61.37810945273633
610	29	1	119.50000000000004	17.40500000000001
610	30	1	1.6218905472636815	41.27860696517413
610	31	1	148.74257425742564	47.52475247524752
610	32	1	167.47499999999997	138.99500000000003
610	33	1	61.019900497512424	7.850746268656724
610	34	1	192.97	49.17000000000001
610	35	1	45.85500000000004	138.62500000000006
610	36	1	36.30499999999997	106.90499999999993
610	37	1	43.93969849246231	179.08542713567843
610	38	1	44.21890547263684	155.17412935323387
610	39	1	77.95000000000003	9.674999999999994
610	40	1	20.527638190954764	133.09045226130655
610	41	1	29.504999999999995	1.700000000000001
610	42	1	86.16999999999996	163.28499999999997
610	43	1	196.09	148.60000000000008
610	44	1	146.4306930693069	1.995049504950515
610	45	1	185.20398009950245	136.74129353233826
610	46	1	130.93069306930678	162.2623762376237
610	47	1	10.472636815920396	127.48258706467661
610	48	1	50.955000000000005	0.5800000000000003
610	49	1	31.253731343283587	86.13930348258705
610	50	1	153.537688442211	21.829145728643223
610	51	1	36.744999999999976	190.91999999999996
610	52	1	40.385	81.87999999999995
610	53	1	137.1343283582089	75.66666666666663
610	54	1	126.58999999999997	95.005
610	55	1	133.17500000000013	110.08000000000001
610	56	1	140.065	92.45500000000006
610	57	1	52.67500000000001	27.524999999999995
610	58	1	104.50500000000005	83.07
610	59	1	66.07999999999998	187.34999999999994
610	60	1	21.318407960198996	65.75124378109453
610	61	1	133.71287128712873	25.35148514851485
610	62	1	58.19999999999996	131.46500000000006
610	63	1	54.816831683168324	164.57425742574267
610	64	1	69.7185929648241	27.37185929648241
610	65	1	186.4278606965174	122.4427860696517
610	66	1	34.41500000000002	148.79999999999995
610	67	1	122.79104477611939	32.22388059701494
610	68	1	176.97500000000005	142.46000000000004
610	69	1	75.42288557213932	184.45771144278612
610	70	1	39.295000000000016	35.925000000000004
610	71	1	136.70999999999992	51.74000000000002
610	72	1	27.675000000000004	112.08
610	73	1	61.60301507537687	31.000000000000007
610	74	1	41.37	10.260000000000007
610	75	1	127.51499999999997	199.335
610	76	1	53.22388059701489	190.01492537313433
610	77	1	116.72636815920399	8.06467661691542
610	78	1	158.50000000000006	191.84500000000008
610	79	1	77.23999999999997	167.135
610	80	1	96.66999999999997	151.37499999999986
610	81	1	48.3134328358209	104.99004975124377
610	82	1	45.66000000000001	117.98999999999998
610	83	1	31.195000000000007	162.62500000000009
610	84	1	34.11940298507462	128.33830845771138
610	85	1	141.2425742574258	12.623762376237627
610	86	1	76.96500000000003	23.095000000000006
610	87	1	168.70499999999996	121.56000000000002
610	88	1	158.89000000000013	9.034999999999998
610	89	1	43.44554455445545	45.18316831683171
620	1	2	9.858585858585856	9.616161616161614
620	2	2	9.950000000000008	100.29000000000005
620	3	2	10.120000000000005	190.11999999999992
620	4	2	99.88000000000001	9.879999999999995
620	5	2	100.12	99.88
620	6	2	100.00000000000003	190.50000000000006
620	7	2	189.87999999999997	9.879999999999995
620	8	2	190.49999999999997	100
620	9	2	189.61616161616163	190.14141414141412
620	10	1	129.6268656716417	54.766169154228855
620	11	1	1.8349999999999973	138.14499999999992
620	12	1	70.1527093596059	156.50246305418725
620	13	1	148.63000000000005	108.55000000000005
620	14	1	61.024875621890565	171.6616915422885
620	15	1	95.61500000000005	1.2699999999999987
620	16	1	199.76	124.40500000000002
620	17	1	77.49253731343285	199.02985074626866
620	18	1	118.86000000000003	87.17999999999996
620	19	1	23.815920398009933	142.98009950248766
620	20	1	142.935	119.85999999999996
620	21	1	15.099502487562189	157.79601990049755
620	22	1	39.614999999999995	18.98500000000001
620	23	1	19.356435643564346	106.38118811881192
620	24	1	55.781094527363194	142.18407960199016
620	25	1	23.100000000000012	90.095
620	26	1	174.74499999999995	159.06500000000005
620	27	1	26.358208955223873	72.01492537313433
620	28	1	151.53233830845772	60.37810945273632
620	29	1	119.55721393034831	16.258706467661682
620	30	1	0.9303482587064672	40.8507462686567
620	31	1	150.4726368159204	46.72636815920397
620	32	1	168.68999999999994	139.49499999999995
620	33	1	60.62000000000001	6.875
620	34	1	191.89949748743717	47.84422110552764
620	35	1	45.71499999999999	139.895
620	36	1	36.77114427860695	106.69154228855723
620	37	1	44.11442786069654	177.820895522388
620	38	1	42.91044776119403	154.9701492537314
620	39	1	77.4626865671642	9.681592039801
620	40	1	19.84924623115578	133.05527638190955
620	41	1	30.631840796019905	1.3134328358208949
620	42	1	85.65500000000003	162.36000000000004
620	43	1	194.39108910891088	148.20792079207916
620	44	1	145.6915422885573	2.905472636815921
620	45	1	185.76499999999996	135.28000000000006
620	46	1	132.21890547263675	161.099502487562
620	47	1	10.844999999999995	126.62000000000005
620	48	1	50.30348258706467	199.42786069651734
620	49	1	30.624999999999993	85.07000000000002
620	50	1	153.2900000000002	22.02
620	51	1	35.4776119402985	189.56218905472633
620	52	1	39.78	80.89000000000001
620	53	1	137.08955223880605	74.44776119402982
620	54	1	125.03980099502483	94.98009950248759
620	55	1	132.8457711442785	108.22388059701493
620	56	1	139.25628140703515	91.93969849246238
620	57	1	52.66169154228856	26.920398009950258
620	58	1	103.31683168316829	82.32178217821782
620	59	1	65.175	186.37000000000006
620	60	1	21.398009950248756	63.741293532338354
620	61	1	132.6138613861386	25.92574257425743
620	62	1	58.05499999999998	132.3099999999998
620	63	1	53.884999999999984	163.305
620	64	1	69.56281407035179	27.306532663316577
620	65	1	187.0845771144277	121.75621890547261
620	66	1	33.08999999999999	148.11499999999998
620	67	1	122.547263681592	31.666666666666668
620	68	1	178.13500000000005	142.8599999999999
620	69	1	75.60999999999997	184.7600000000001
620	70	1	39.18811881188119	34.123762376237636
620	71	1	137.82587064676625	51.273631840796035
620	72	1	27.434999999999988	111.85499999999995
620	73	1	61.455000000000005	31.054999999999993
620	74	1	41.57000000000002	9.9
620	75	1	126.90049751243784	198.25870646766168
620	76	1	52.475247524752504	189.08910891089104
620	77	1	116.15500000000002	6.869999999999998
620	78	1	157.0646766169155	191.7164179104478
620	79	1	76.95049504950495	166.93069306930684
620	80	1	95.93034825870647	150.8756218905474
620	81	1	47.24875621890546	105.25870646766172
620	82	1	45.15500000000002	119.79499999999994
620	83	1	29.97014925373135	161.99004975124376
620	84	1	33.29353233830843	127.9601990049752
620	85	1	139.9949748743718	14.14572864321609
620	86	1	77.02499999999998	23.38500000000001
620	87	1	168.56999999999996	121.125
620	88	1	158.21000000000004	9.3
620	89	1	43.009900990099055	43.87623762376242
630	1	2	9.858585858585856	9.616161616161614
630	2	2	9.950000000000008	100.29000000000005
630	3	2	10.120000000000005	190.11999999999992
630	4	2	99.88000000000001	9.879999999999995
630	5	2	100.12	99.88
630	6	2	100.00000000000003	190.50000000000006
630	7	2	189.87999999999997	9.879999999999995
630	8	2	190.49999999999997	100
630	9	2	189.61616161616163	190.14141414141412
630	10	1	131.0849999999999	54.94499999999999
630	11	1	2.185000000000002	138.05500000000006
630	12	1	69.26499999999993	155.9950000000001
630	13	1	147.58208955223878	108.2189054726368
630	14	1	61.805970149253746	170.48756218905461
630	15	1	94.72499999999995	1.5849999999999997
630	16	1	0.6666666666666669	124.40909090909085
630	17	1	76.78999999999999	198.735
630	18	1	118.29000000000006	86.37499999999999
630	19	1	23.32663316582913	142.64321608040194
630	20	1	142.52999999999994	120.03499999999994
630	21	1	13.194029850746267	157.52238805970148
630	22	1	38.49499999999999	18.410000000000014
630	23	1	20.235	104.65
630	24	1	55.535	142.72500000000002
630	25	1	22.57	88.97000000000003
630	26	1	173.8050000000001	158.97999999999993
630	27	1	25.955223880597018	71.32835820895528
630	28	1	152.92039800995025	59.4129353233831
630	29	1	119.75500000000001	15.10999999999999
630	30	1	0.10945273631840735	41
630	31	1	152.08955223880594	45.527363184079555
630	32	1	170.1683168316832	139.440594059406
630	33	1	59.960199004975145	6.0049751243781095
630	34	1	190.6069651741294	46.2039800995025
630	35	1	45.529999999999994	140.94
630	36	1	37.37	106.815
630	37	1	45.26732673267327	176.1980198019802
630	38	1	41.44278606965175	155.2835820895523
630	39	1	76.52499999999998	9.34
630	40	1	19.457286432160796	132.9698492462311
630	41	1	32.425000000000004	0.4800000000000001
630	42	1	85.29000000000002	162.38000000000005
630	43	1	193.705	148.095
630	44	1	144.99004975124373	4.338308457711444
630	45	1	186.2814070351759	134.14572864321596
630	46	1	134.12437810945283	161.28358208955214
630	47	1	11.139303482587064	125.76616915422889
630	48	1	50.723618090452256	198.45226130653268
630	49	1	30.345	84.69499999999995
630	50	1	152.6350000000001	22.069999999999997
630	51	1	34.71999999999999	187.73
630	52	1	39.23500000000001	80.24000000000002
630	53	1	137.0749999999999	73.39999999999999
630	54	1	123.19	95.14999999999999
630	55	1	132.63000000000005	106.12500000000001
630	56	1	138.47761194029852	90.06467661691546
630	57	1	52.64179104477612	26.069651741293526
630	58	1	102.34500000000004	81.79999999999997
630	59	1	64.29	185.4
630	60	1	20.787128712871294	62.55445544554452
630	61	1	131.47263681592042	26.84079601990051
630	62	1	57.830000000000005	133.175
630	63	1	52.86	162.19500000000002
630	64	1	69.56783919597994	27.55778894472361
630	65	1	188.02499999999998	121.23999999999992
630	66	1	31.875621890547254	147.587064676617
630	67	1	121.92499999999997	31.279999999999987
630	68	1	179.4825870646766	143.68159203980093
630	69	1	75.6934673366834	185.04522613065322
630	70	1	39.44278606965173	32.41293532338309
630	71	1	139.10945273631833	50.37810945273631
630	72	1	27.215000000000003	111.54999999999993
630	73	1	61.36999999999999	31.005000000000006
630	74	1	41.42499999999999	9.655
630	75	1	126.3233830845771	197.1791044776119
630	76	1	50.919191919191924	188.3535353535352
630	77	1	116.37810945273641	5.975124378109453
630	78	1	155.094527363184	191.9104477611941
630	79	1	76.49253731343282	166.6169154228856
630	80	1	94.8059701492537	150.38805970149255
630	81	1	46.77000000000002	105.46500000000005
630	82	1	44.56218905472637	120.88059701492543
630	83	1	28.38805970149253	161.49253731343276
630	84	1	32.88557213930349	127.55721393034827
630	85	1	138.2673267326732	15.806930693069306
630	86	1	76.89499999999995	23.365000000000002
630	87	1	168.37313432835825	120.89054726368164
630	88	1	157.71144278606954	9.402985074626864
630	89	1	42.567164179104445	42.641791044776085
640	1	2	9.858585858585856	9.616161616161614
640	2	2	9.950000000000008	100.29000000000005
640	3	2	10.120000000000005	190.11999999999992
640	4	2	99.88000000000001	9.879999999999995
640	5	2	100.12	99.88
640	6	2	100.00000000000003	190.50000000000006
640	7	2	189.87999999999997	9.879999999999995
640	8	2	190.49999999999997	100
640	9	2	189.61616161616163	190.14141414141412
640	10	1	132.318407960199	54.900497512437816
640	11	1	2.180904522613063	137.76884422110544
640	12	1	68.57213930348267	155.50248756218906
640	13	1	146.452736318408	107.40298507462686
640	14	1	62.495	169.6100000000001
640	15	1	93.70351758793973	1.9095477386934687
640	16	1	1.2189054726368167	123.87562189054725
640	17	1	76.42713567839199	198.54773869346732
640	18	1	117.0945273631841	85.29353233830844
640	19	1	23.23500000000001	142.10999999999993
640	20	1	141.74874371859292	120.67839195979901
640	21	1	11.36000000000001	157.53999999999996
640	22	1	37.40500000000001	17.67500000000001
640	23	1	20.78	102.94000000000007
640	24	1	55.084577114427844	142.75124378109456
640	25	1	22.104477611940286	88.41791044776119
640	26	1	172.42	158.845
640	27	1	25.524752475247542	70.20297029702965
640	28	1	154.20398009950253	58.15920398009951
640	29	1	120.04499999999999	13.905000000000001
640	30	1	199.3233830845771	41.278606965174134
640	31	1	153.08500000000006	43.995
640	32	1	171.71000000000004	139.495
640	33	1	59.28358208955225	5.194029850746265
640	34	1	189.74626865671644	44.99004975124378
640	35	1	45.239999999999995	142.25000000000003
640	36	1	37.703517587939736	106.86432160804023
640	37	1	45.64179104477613	174.9253731343284
640	38	1	40.35323383084577	155.97014925373134
640	39	1	74.99000000000007	8.774999999999995
640	40	1	18.875000000000004	132.82
640	41	1	32.97	198.825
640	42	1	84.92039800995025	162.19900497512438
640	43	1	193.005	148.1200000000001
640	44	1	143.95499999999998	5.625000000000001
640	45	1	186.72139303482584	133.49751243781088
640	46	1	134.94000000000005	161.3
640	47	1	10.985000000000003	124.58999999999995
640	48	1	50.73999999999997	197.75999999999996
640	49	1	29.243781094527378	83.47263681592037
640	50	1	152.4000000000001	22.014999999999997
640	51	1	34.12060301507539	186.13065326633162
640	52	1	38.28000000000002	79.315
640	53	1	137.7064676616915	71.69651741293526
640	54	1	122.69801980198015	94.42079207920796
640	55	1	132.68656716417905	104.726368159204
640	56	1	137.66500000000005	88.82499999999996
640	57	1	52.69000000000001	25.204999999999995
640	58	1	101.10500000000003	81.34999999999994
640	59	1	63.02985074626867	184.05472636815918
640	60	1	20.029850746268668	61.13930348258709
640	61	1	130.26999999999998	26.909999999999997
640	62	1	57.57286432160805	133.5979899497487
640	63	1	52.30500000000003	161.55500000000006
640	64	1	69.44723618090458	27.52763819095477
640	65	1	188.78999999999994	120.1
640	66	1	31.069651741293537	146.86567164179098
640	67	1	121.42	30.995000000000008
640	68	1	180.56281407035175	144.40703517587943
640	69	1	75.65326633165832	185.34170854271355
640	70	1	39.485	30.884999999999994
640	71	1	140.67000000000004	49.63
640	72	1	27.00995024875622	111.26368159203987
640	73	1	61.31999999999999	31.050000000000008
640	74	1	41.46500000000001	9.185000000000008
640	75	1	126.41791044776119	195.43781094527364
640	76	1	49.934999999999995	187.73499999999999
640	77	1	116.37313432835823	4.6218905472636775
640	78	1	153.76616915422886	192.09950248756212
640	79	1	76.2763819095477	166.09045226130664
640	80	1	93.46039603960396	149.91089108910884
640	81	1	46.310000000000024	105.69000000000003
640	82	1	43.834999999999994	121.75999999999996
640	83	1	26.37810945273632	160.69154228855732
640	84	1	32.34	126.95000000000005
640	85	1	137.14925373134335	17.21890547263682
640	86	1	76.8592964824121	23.351758793969854
640	87	1	168.56218905472633	120.80099502487556
640	88	1	156.8855721393034	8.462686567164177
640	89	1	42.49253731343282	41.2189054726368
650	1	2	9.858585858585856	9.616161616161614
650	2	2	9.950000000000008	100.29000000000005
650	3	2	10.120000000000005	190.11999999999992
650	4	2	99.88000000000001	9.879999999999995
650	5	2	100.12	99.88
650	6	2	100.00000000000003	190.50000000000006
650	7	2	189.87999999999997	9.879999999999995
650	8	2	190.49999999999997	100
650	9	2	189.61616161616163	190.14141414141412
650	10	1	133.32500000000005	54.14500000000001
650	11	1	2.4999999999999987	137.50499999999997
650	12	1	68.04975124378112	154.90547263681597
650	13	1	145.885	107.33
650	14	1	62.93969849246229	168.73366834170852
650	15	1	92.83000000000007	2.4099999999999993
650	16	1	1.910891089108911	123.91584158415836
650	17	1	76.1507537688442	198.251256281407
650	18	1	115.57213930348257	84.3134328358209
650	19	1	22.634999999999994	142.10999999999999
650	20	1	140.32999999999993	120.79499999999996
650	21	1	9.940000000000001	156.825
650	22	1	36.059701492537314	17.19900497512436
650	23	1	21.587064676616915	101.34328358208957
650	24	1	54.301980198019784	142.68316831683165
650	25	1	21.894999999999996	87.86500000000002
650	26	1	170.62999999999988	158.05000000000004
650	27	1	24.87562189054727	69.01492537313426
650	28	1	155.31840796019895	57.01492537313437
650	29	1	120.03465346534655	12.594059405940593
650	30	1	198.4179104477612	41.716417910447774
650	31	1	153.77114427860707	42.55721393034824
650	32	1	173.2150000000001	139.99500000000006
650	33	1	58.57999999999999	4.245000000000003
650	34	1	189.04522613065313	43.61306532663319
650	35	1	44.51500000000001	143.74999999999994
650	36	1	38.07499999999998	107.25999999999999
650	37	1	45.5990099009901	173.61881188118815
650	38	1	39.02487562189056	156.8656716417911
650	39	1	74.14427860696519	8.398009950248756
650	40	1	18.4221105527638	132.67336683417093
650	41	1	33.91044776119405	197.40298507462686
650	42	1	84.70000000000002	161.60500000000005
650	43	1	192.565	148.54000000000002
650	44	1	142.96999999999994	6.30499999999995
650	45	1	187.37623762376236	132.53465346534654
650	46	1	135.59203980099502	161.15920398009945
650	47	1	11.024875621890544	122.51243781094531
650	48	1	51.709999999999994	196.4799999999999
650	49	1	28.599999999999987	82.37499999999993
650	50	1	152.45728643216077	22.005025125628134
650	51	1	33.49	185.23000000000008
650	52	1	37.44	78.45500000000004
650	53	1	137.8400000000001	70.675
650	54	1	122.125	93.255
650	55	1	132.33830845771143	103.52736318407959
650	56	1	136.97014925373128	87.94527363184078
650	57	1	52.799999999999976	23.855000000000004
650	58	1	99.69500000000001	79.68999999999997
650	59	1	62.024999999999984	182.55999999999995
650	60	1	19.233830845771156	60.38805970149252
650	61	1	129.50746268656707	26.731343283582092
650	62	1	57.33333333333336	134.13930348258702
650	63	1	52.03482587064678	160.40298507462694
650	64	1	69.35678391959806	27.64321608040201
650	65	1	189.42999999999992	119.06499999999998
650	66	1	30.319999999999993	146.4299999999999
650	67	1	120.58500000000002	29.874999999999996
650	68	1	181.4328358208955	144.56218905472628
650	69	1	75.46766169154238	185.5970149253731
650	70	1	39.303482587064686	29.388059701492544
650	71	1	142.34328358208947	49.69651741293532
650	72	1	26.949748743718597	111.05025125628138
650	73	1	61.08542713567841	31.77889447236182
650	74	1	41.608910891089096	8.77227722772277
650	75	1	126.12500000000001	194.17499999999993
650	76	1	49.014925373134346	186.7761194029851
650	77	1	116.02999999999997	2.674999999999999
650	78	1	152.2920792079208	192.80198019801972
650	79	1	76.09045226130658	165.6532663316583
650	80	1	92.25499999999998	149.00500000000005
650	81	1	46.015075376884404	105.79899497487433
650	82	1	43.23880597014925	122.86069651741293
650	83	1	24.71144278606964	160.1741293532338
650	84	1	31.629999999999985	126.43
650	85	1	136.42288557213928	18.38308457711442
650	86	1	76.79	23.210000000000008
650	87	1	168.505	120.59000000000002
650	88	1	156.26865671641792	8.164179104477613
650	89	1	42.584158415841586	39.43069306930694
660	1	2	9.858585858585856	9.616161616161614
660	2	2	9.950000000000008	100.29000000000005
660	3	2	10.120000000000005	190.11999999999992
660	4	2	99.88000000000001	9.879999999999995
660	5	2	100.12	99.88
660	6	2	100.00000000000003	190.50000000000006
660	7	2	189.87999999999997	9.879999999999995
660	8	2	190.49999999999997	100
660	9	2	189.61616161616163	190.14141414141412
660	10	1	134.295	53.10499999999999
660	11	1	2.05	136.63999999999996
660	12	1	66.78606965174131	153.60696517412933
660	13	1	144.78	106.745
660	14	1	63.313432835820905	167.43781094527372
660	15	1	91.99502487562188	2.855721393034825
660	16	1	2.9999999999999982	124.25500000000001
660	17	1	75.43216080402014	197.81909547738692
660	18	1	113.98507462686568	82.67164179104482
660	19	1	22.45226130653267	141.45728643216088
660	20	1	137.99502487562194	120.44278606965176
660	21	1	9.313432835820894	156.48258706467652
660	22	1	35.14427860696515	16.26865671641791
660	23	1	21.950248756218926	100.43781094527364
660	24	1	53.02	142.60000000000002
660	25	1	21.764999999999993	87.295
660	26	1	168.6666666666665	157.4228855721394
660	27	1	23.895	67.38499999999998
660	28	1	156.60199004975124	55.43283582089554
660	29	1	119.79104477611942	11.094527363184085
660	30	1	197.41584158415841	42.52970297029703
660	31	1	154.04499999999996	41.35
660	32	1	174.18905472636817	140.9004975124378
660	33	1	58.009950248756205	3.4776119402985084
660	34	1	188.5223880597014	41.76119402985075
660	35	1	43.615	145.31000000000017
660	36	1	38.293532338308445	107.40796019900495
660	37	1	46.04500000000001	172.34999999999994
660	38	1	37.185	157.88000000000002
660	39	1	73.05970149253736	8.069651741293535
660	40	1	17.789999999999996	132.835
660	41	1	34.7178217821782	195.92574257425753
660	42	1	84.28500000000003	160.87
660	43	1	192.23383084577114	148.54228855721385
660	44	1	142.27999999999997	7.194999999999999
660	45	1	187.61499999999995	131.605
660	46	1	136.45273631840791	160.97512437810946
660	47	1	11.676616915422887	120.85572139303483
660	48	1	52.860000000000014	195.375
660	49	1	28.085427135678387	81.49748743718587
660	50	1	151.99500000000003	21.63499999999999
660	51	1	33.79000000000002	183.715
660	52	1	36.51999999999997	77.835
660	53	1	137.77611940298507	69.72139303482587
660	54	1	121.64500000000004	92.255
660	55	1	131.68316831683168	102.2277227722772
660	56	1	136.01005025125627	87.12562814070345
660	57	1	52.71499999999998	21.915000000000006
660	58	1	98.75742574257424	78.03465346534651
660	59	1	61.589108910891085	181.06930693069313
660	60	1	18.477611940298512	58.64179104477613
660	61	1	129.2128712871287	27.024752475247524
660	62	1	57.34500000000003	134.39500000000004
660	63	1	51.24257425742575	159.460396039604
660	64	1	69.175	27.78
660	65	1	190.61881188118815	117.56930693069302
660	66	1	30.37623762376238	145.52475247524745
660	67	1	119.21287128712876	28.41089108910892
660	68	1	181.9054726368159	144.50746268656715
660	69	1	75.64999999999998	185.7
660	70	1	39.18905472636815	28.114427860696527
660	71	1	143.59000000000003	49.92499999999998
660	72	1	26.75	110.83000000000001
660	73	1	60.36999999999999	31.960000000000004
660	74	1	41.12499999999998	8.245000000000003
660	75	1	125.84577114427861	192.4477611940298
660	76	1	48.084999999999994	186.105
660	77	1	116.32835820895524	1.2238805970149245
660	78	1	150.63499999999993	193.81
660	79	1	75.67999999999999	165.70000000000002
660	80	1	91.31	147.86499999999992
660	81	1	45.919999999999995	105.76999999999998
660	82	1	42.80499999999999	124.00499999999998
660	83	1	22.18500000000001	160.22500000000002
660	84	1	31.208955223880597	125.3432835820896
660	85	1	135.43500000000003	19.1
660	86	1	76.78	23.30500000000001
660	87	1	168.32500000000002	120.41999999999996
660	88	1	155.78499999999997	7.3749999999999964
660	89	1	42.16831683168317	38.21782178217819
670	1	2	9.858585858585856	9.616161616161614
670	2	2	9.950000000000008	100.29000000000005
670	3	2	10.120000000000005	190.11999999999992
670	4	2	99.88000000000001	9.879999999999995
670	5	2	100.12	99.88
670	6	2	100.00000000000003	190.50000000000006
670	7	2	189.87999999999997	9.879999999999995
670	8	2	190.49999999999997	100
670	9	2	189.61616161616163	190.14141414141412
670	10	1	135.19999999999993	52.255
670	11	1	1.7929292929292915	135.97979797979798
670	12	1	65.95959595959597	152.5606060606061
670	13	1	143.69154228855717	106.54228855721394
670	14	1	63.04477611940296	166.41791044776113
670	15	1	90.79000000000005	3.2049999999999996
670	16	1	3.7064676616915415	123.7462686567165
670	17	1	74.60999999999997	197.08999999999995
670	18	1	113.07462686567163	81.93034825870646
670	19	1	22.321608040201006	140.68844221105536
670	20	1	135.73000000000008	120.25999999999999
670	21	1	8.589108910891088	155.4554455445545
670	22	1	34.104477611940304	15.457711442786069
670	23	1	22.138613861386144	99.32673267326734
670	24	1	51.480000000000004	142.49999999999997
670	25	1	21.374999999999996	86.63000000000001
670	26	1	167.53233830845778	156.47263681592045
670	27	1	22.615000000000002	66.15999999999994
670	28	1	158.20297029702968	54.534653465346516
670	29	1	119.6467661691542	9.751243781094528
670	30	1	196.415	43.375
670	31	1	154.4849999999999	40.75
670	32	1	174.95024875621897	141.7512437810946
670	33	1	57.23499999999998	2.604999999999998
670	34	1	188.025	40.58499999999998
670	35	1	42.77272727272726	147.0959595959596
670	36	1	38.47979797979795	107.68686868686869
670	37	1	44.94029850746269	172.11442786069657
670	38	1	35.577114427860685	157.98009950248752
670	39	1	71.89000000000003	7.715000000000004
670	40	1	17.069999999999997	132.9700000000001
670	41	1	35.04975124378109	195.03482587064678
670	42	1	83.46268656716417	159.5721393034826
670	43	1	191.96	148.765
670	44	1	141.58208955223884	7.288557213930348
670	45	1	187.8805970149254	130.4676616915422
670	46	1	137.41000000000003	160.56999999999996
670	47	1	12.03517587939698	118.7286432160804
670	48	1	53.41791044776119	194.28855721393035
670	49	1	27.940298507462686	80.93034825870645
670	50	1	151.35000000000005	21.284999999999993
670	51	1	33.329999999999984	183.14000000000004
670	52	1	35.56716417910446	75.80597014925374
670	53	1	137.34	68.78500000000001
670	54	1	120.68159203980093	91.58208955223886
670	55	1	130.7064676616916	100.94029850746261
670	56	1	135.40796019900495	85.89054726368157
670	57	1	52.69651741293531	19.67164179104478
670	58	1	98.18407960199005	76.91542288557217
670	59	1	61.365	179.65499999999997
670	60	1	17.129353233830845	57.8407960199005
670	61	1	128.6	27.055
670	62	1	57.0497512437811	135.05970149253733
670	63	1	50.11557788944725	159.46733668341702
670	64	1	68.88059701492537	28.353233830845763
670	65	1	191.66169154228854	116.7412935323383
670	66	1	30.145000000000003	144.55499999999998
670	67	1	118.07035175879393	27.346733668341706
670	68	1	182.77500000000006	143.94000000000008
670	69	1	75.27638190954775	185.1758793969849
670	70	1	38.88059701492537	26.900497512437806
670	71	1	144.54228855721396	50.13930348258707
670	72	1	26.532663316582926	110.20100502512561
670	73	1	59.179104477611965	32.17910447761194
670	74	1	39.7462686567164	7.3482587064676625
670	75	1	124.5273631840796	191.1990049751244
670	76	1	47.71000000000001	185.30000000000007
670	77	1	117.13930348258705	0.2587064676616913
670	78	1	148.89999999999998	194.80500000000004
670	79	1	75.3065326633166	165.0201005025126
670	80	1	90.32499999999995	147.01999999999992
670	81	1	45.81499999999999	105.83500000000001
670	82	1	42.28000000000002	124.98499999999996
670	83	1	20.183168316831697	160.27722772277215
670	84	1	30.577889447236174	123.72864321608039
670	85	1	134.69801980198017	19.930693069306933
670	86	1	76.68656716417911	23.268656716417926
670	87	1	168.1507537688442	120.39195979899506
670	88	1	155.44000000000003	6.835
670	89	1	41.17910447761194	36.88059701492537
680	1	2	9.858585858585856	9.616161616161614
680	2	2	9.950000000000008	100.29000000000005
680	3	2	10.120000000000005	190.11999999999992
680	4	2	99.88000000000001	9.879999999999995
680	5	2	100.12	99.88
680	6	2	100.00000000000003	190.50000000000006
680	7	2	189.87999999999997	9.879999999999995
680	8	2	190.49999999999997	100
680	9	2	189.61616161616163	190.14141414141412
680	10	1	136.43499999999995	51.35000000000001
680	11	1	1.5200000000000005	135.39500000000004
680	12	1	65.45771144278608	151.1741293532338
680	13	1	142.25999999999993	106.60499999999998
680	14	1	62.77999999999998	165.53499999999997
680	15	1	89.08457711442786	3.646766169154228
680	16	1	4.300000000000003	122.87499999999997
680	17	1	73.67499999999995	196.38499999999996
680	18	1	111.51758793969852	81.05025125628144
680	19	1	21.749999999999996	139.66500000000005
680	20	1	134.48258706467655	120.21393034825869
680	21	1	7.675	154.82500000000002
680	22	1	33.52238805970151	14.756218905472638
680	23	1	22.47000000000001	97.91000000000003
680	24	1	50.469999999999985	143.04000000000008
680	25	1	21.540000000000017	86.22499999999997
680	26	1	165.84577114427861	156.06467661691545
680	27	1	21.42079207920792	65.38118811881179
680	28	1	159.09999999999994	53.29500000000004
680	29	1	119.1990049751244	8.383084577114426
680	30	1	195.25	43.56499999999999
680	31	1	155.18905472636817	39.865671641791046
680	32	1	175.39303482587076	142.61194029850748
680	33	1	56.14925373134329	2.323383084577112
680	34	1	187.36999999999998	39.56499999999998
680	35	1	41.72222222222222	147.60606060606065
680	36	1	38.724999999999994	108.25499999999997
680	37	1	44.80303030303027	171.68181818181824
680	38	1	34.084577114427844	158.35820895522383
680	39	1	69.94527363184083	7.089552238805968
680	40	1	16.185929648241206	132.50251256281416
680	41	1	35.304999999999986	194.1350000000001
680	42	1	82.66000000000005	157.93999999999994
680	43	1	191.365	149.03999999999994
680	44	1	140.405	7.36
680	45	1	188.02487562189052	129.5870646766169
680	46	1	138.88000000000002	159.77499999999998
680	47	1	12.480000000000004	116.66000000000001
680	48	1	54.12060301507541	193.10552763819095
680	49	1	27.820000000000007	80.06500000000007
680	50	1	150.16	20.87
680	51	1	33.370000000000005	181.9600000000001
680	52	1	34.904522613065346	73.7336683417086
680	53	1	136.52238805970146	67.73631840796016
680	54	1	119.95024875621893	89.96019900497512
680	55	1	129.61194029850745	99.4975124378109
680	56	1	134.82587064676628	84.80099502487563
680	57	1	52.93500000000002	18.305000000000003
680	58	1	97.97512437810944	75.6318407960199
680	59	1	61.42999999999999	178.52500000000006
680	60	1	15.597014925373132	57.1592039800995
680	61	1	127.87562189054722	27.233830845771156
680	62	1	56.38000000000001	135.2349999999999
680	63	1	49.08542713567841	159.78391959798992
680	64	1	68.30000000000004	29.555
680	65	1	192.87	115.90999999999998
680	66	1	29.45	144.03999999999988
680	67	1	116.50248756218912	25.93034825870648
680	68	1	183.2899999999999	143.7550000000001
680	69	1	75.15577889447238	184.70351758793973
680	70	1	38.351758793969864	25.95477386934673
680	71	1	146.1343283582089	50.38805970149251
680	72	1	26.024999999999984	109.81499999999994
680	73	1	57.33	32.130000000000024
680	74	1	38.64356435643566	6.391089108910892
680	75	1	122.90452261306538	189.7939698492462
680	76	1	46.974999999999966	185.00500000000002
680	77	1	117.80597014925375	199.40796019900498
680	78	1	147.5849999999999	195.90500000000011
680	79	1	75.28855721393039	164.33333333333331
680	80	1	89.72636815920393	145.55223880597012
680	81	1	45.89	106.34000000000003
680	82	1	41.75124378109453	126.00497512437815
680	83	1	18.628712871287124	160.17326732673263
680	84	1	30.219999999999995	122.81
680	85	1	133.73267326732673	19.85148514851487
680	86	1	76.34500000000004	23.3
680	87	1	168.175	120.46000000000001
680	88	1	154.89	6.324999999999998
680	89	1	39.90000000000003	35.560000000000024
690	1	2	9.858585858585856	9.616161616161614
690	2	2	9.950000000000008	100.29000000000005
690	3	2	10.120000000000005	190.11999999999992
690	4	2	99.88000000000001	9.879999999999995
690	5	2	100.12	99.88
690	6	2	100.00000000000003	190.50000000000006
690	7	2	189.87999999999997	9.879999999999995
690	8	2	190.49999999999997	100
690	9	2	189.61616161616163	190.14141414141412
690	10	1	137.6099999999999	51.015000000000015
690	11	1	1.3299999999999996	134.67999999999998
690	12	1	65.06060606060606	149.30303030303025
690	13	1	141.07960199004978	106.60199004975122
690	14	1	62.502487562189074	164.5373134328358
690	15	1	87.45999999999998	4.164999999999998
690	16	1	4.934999999999999	121.50999999999998
690	17	1	72.995	196.21500000000006
690	18	1	109.81999999999998	79.72999999999999
690	19	1	21.82999999999999	138.06500000000003
690	20	1	133.62686567164184	120.21890547263676
690	21	1	7.134999999999999	153.80500000000004
690	22	1	33.23115577889449	13.91959798994975
690	23	1	22.965174129353237	96.59701492537314
690	24	1	49.57213930348259	144.3631840796019
690	25	1	21.313432835820894	85.46766169154225
690	26	1	165.12437810945292	155.83582089552223
690	27	1	20.84500000000001	63.955000000000055
690	28	1	159.85999999999999	52.700000000000024
690	29	1	118.38500000000002	7.325
690	30	1	194.2537313432836	44.139303482587074
690	31	1	156.76499999999996	39.42000000000001
690	32	1	175.83168316831683	143.41584158415844
690	33	1	55.38805970149253	1.9751243781094525
690	34	1	186.45999999999995	39.214999999999996
690	35	1	40.27860696517415	148.19402985074626
690	36	1	38.83417085427132	108.56281407035178
690	37	1	44.39800995024876	171.43781094527364
690	38	1	32.27135678391961	158.58793969849245
690	39	1	68.77889447236181	7.477386934673365
690	40	1	15.060301507537682	132.11557788944717
690	41	1	35.706467661691555	193.82587064676613
690	42	1	81.76	156.69000000000005
690	43	1	191.29	148.85500000000002
690	44	1	140.00500000000005	8.304999999999998
690	45	1	188.3200000000001	128.69500000000002
690	46	1	139.3950000000001	158.575
690	47	1	13.306532663316585	115.21105527638194
690	48	1	55.160000000000025	191.68
690	49	1	27.76381909547739	79.30653266331662
690	50	1	149.15000000000006	20.87500000000001
690	51	1	33.07999999999999	181.17499999999995
690	52	1	34.223880597014954	72.17412935323385
690	53	1	134.97014925373134	67.11940298507464
690	54	1	118.86567164179107	88.5323383084578
690	55	1	128.34500000000006	98.085
690	56	1	134.01990049751245	83.79104477611939
690	57	1	53.32835820895524	17.343283582089555
690	58	1	97.64	73.78500000000004
690	59	1	61.67164179104478	177.70149253731336
690	60	1	14.039603960396038	56.51485148514851
690	61	1	126.72772277227723	26.396039603960393
690	62	1	55.39195979899496	136.07537688442216
690	63	1	48.14572864321608	160.28643216080397
690	64	1	67.14925373134325	30.731343283582092
690	65	1	193.855	114.69499999999996
690	66	1	28.311557788944736	144.0201005025126
690	67	1	114.96019900497512	25.447761194029844
690	68	1	184.14572864321605	142.67839195979886
690	69	1	74.8606965174129	183.79601990049755
690	70	1	37.772277227722775	25.128712871287128
690	71	1	147.07960199004987	50.07960199004975
690	72	1	25.725888324873093	109.07106598984775
690	73	1	55.415	31.575000000000014
690	74	1	38.50248756218906	5.676616915422886
690	75	1	121.80597014925371	188.26865671641798
690	76	1	46.49751243781093	184.49253731343282
690	77	1	118.05527638190954	198.42211055276383
690	78	1	145.99999999999994	196.84999999999988
690	79	1	75.365	163.98000000000002
690	80	1	89.636815920398	144.34825870646765
690	81	1	45.930000000000014	106.17999999999999
690	82	1	41.54000000000004	127.05500000000002
690	83	1	17.039800995024876	159.8805970149253
690	84	1	30.345000000000013	121.64999999999999
690	85	1	132.62871287128715	19.574257425742577
690	86	1	75.39303482587069	23.417910447761198
690	87	1	167.95999999999998	120.50500000000001
690	88	1	154.39000000000013	5.284999999999997
690	89	1	38.207920792079214	34.79702970297029
700	1	2	9.858585858585856	9.616161616161614
700	2	2	9.950000000000008	100.29000000000005
700	3	2	10.120000000000005	190.11999999999992
700	4	2	99.88000000000001	9.879999999999995
700	5	2	100.12	99.88
700	6	2	100.00000000000003	190.50000000000006
700	7	2	189.87999999999997	9.879999999999995
700	8	2	190.49999999999997	100
700	9	2	189.61616161616163	190.14141414141412
700	10	1	138.56500000000005	50.04999999999997
700	11	1	0.7412935323383063	133.42288557213925
700	12	1	64.67999999999999	147.17999999999995
700	13	1	139.95522388059695	106.52238805970146
700	14	1	62.53233830845772	163.68656716417925
700	15	1	85.20499999999998	4.905000000000003
700	16	1	5.405940594059407	119.82178217821784
700	17	1	72.06999999999998	196.055
700	18	1	108.46766169154229	78.50248756218912
700	19	1	21.77114427860698	136.64676616915423
700	20	1	133.405	120.09
700	21	1	6.850000000000003	152.35500000000008
700	22	1	32.42499999999999	12.080000000000002
700	23	1	23.25999999999999	95.73000000000003
700	24	1	48.56218905472637	145.55223880597012
700	25	1	20.7363184079602	84.51243781094531
700	26	1	164.3699999999999	155.16
700	27	1	20.634999999999998	62.60500000000004
700	28	1	160.11940298507466	51.47761194029852
700	29	1	117.19900497512441	6.417910447761195
700	30	1	193.225	44.53999999999999
700	31	1	158.94554455445527	38.81188118811881
700	32	1	175.90000000000012	144.32999999999998
700	33	1	54.420000000000016	1.7699999999999998
700	34	1	185.78499999999997	39.315
700	35	1	38.919999999999995	149.03500000000003
700	36	1	38.84499999999999	108.67
700	37	1	44.58	171.42499999999995
700	38	1	30.777227722772277	159.57425742574253
700	39	1	67.460396039604	8.316831683168312
700	40	1	13.969999999999997	132.33499999999998
700	41	1	36.104999999999976	193.25499999999997
700	42	1	80.69500000000004	155.69500000000005
700	43	1	191.49253731343285	148.59701492537312
700	44	1	139.47500000000005	8.780000000000003
700	45	1	188.29000000000002	127.57000000000002
700	46	1	140.51500000000001	157.68000000000006
700	47	1	13.865671641791046	114.30845771144277
700	48	1	55.93564356435645	190.24257425742576
700	49	1	27.38999999999999	78.455
700	50	1	148.8249999999999	20.890000000000008
700	51	1	32.275	180.22499999999994
700	52	1	33.606965174129364	70.28358208955223
700	53	1	134.10000000000002	66.34999999999998
700	54	1	117.94527363184083	87.00497512437809
700	55	1	127.32160804020096	96.55276381909546
700	56	1	133.52763819095492	82.05025125628141
700	57	1	53.25870646766167	16.41293532338308
700	58	1	96.90547263681596	72.26368159203973
700	59	1	61.74626865671641	176.7213930348258
700	60	1	12.363184079601986	56.81094527363186
700	61	1	125.86000000000001	26.060000000000013
700	62	1	54.01492537313433	136.75124378109464
700	63	1	47.335000000000036	160.70999999999998
700	64	1	66.00995024875627	32.16915422885574
700	65	1	194.6417910447761	113.54726368159206
700	66	1	27.330000000000002	143.97500000000005
700	67	1	114.30348258706466	23.641791044776127
700	68	1	184.65326633165827	141.89949748743715
700	69	1	74.83663366336637	183.44554455445547
700	70	1	36.686567164179095	23.95024875621891
700	71	1	148.19900497512435	49.930348258706466
700	72	1	25.17171717171718	108.17171717171715
700	73	1	53.53	30.954999999999988
700	74	1	38.32338308457713	4.746268656716418
700	75	1	121.15422885572141	186.46268656716418
700	76	1	45.82587064676612	184.03980099502485
700	77	1	119.34499999999997	197.33
700	78	1	144.28358208955217	197.85572139303483
700	79	1	75.23115577889445	163.87939698492477
700	80	1	89.33	143.28000000000011
700	81	1	45.825000000000024	105.99999999999994
700	82	1	41.00995024875622	128.4577114427861
700	83	1	15.575	159.57499999999996
700	84	1	30.64179104477612	120.82089552238804
700	85	1	131.74371859296477	18.954773869346734
700	86	1	73.98019801980192	23.27722772277226
700	87	1	168.085	120.42
700	88	1	153.97512437810948	3.9751243781094527
700	89	1	36.72999999999998	34.085
710	1	2	9.858585858585856	9.616161616161614
710	2	2	9.950000000000008	100.29000000000005
710	3	2	10.120000000000005	190.11999999999992
710	4	2	99.88000000000001	9.879999999999995
710	5	2	100.12	99.88
710	6	2	100.00000000000003	190.50000000000006
710	7	2	189.87999999999997	9.879999999999995
710	8	2	190.49999999999997	100
710	9	2	189.61616161616163	190.14141414141412
710	10	1	139.45499999999996	49.53999999999998
710	11	1	199.9246231155779	131.94974874371854
710	12	1	64.36318407960201	145.3034825870646
710	13	1	138.98514851485146	106.54950495049506
710	14	1	62.16915422885575	162.1940298507463
710	15	1	82.61194029850746	5.2537313432835795
710	16	1	5.945000000000001	119.08000000000001
710	17	1	70.85000000000002	195.80999999999995
710	18	1	107.58	77.24000000000001
710	19	1	22.105527638190956	135.18090452261308
710	20	1	133.0854271356785	120.10552763819095
710	21	1	6.276381909547739	151.05527638190952
710	22	1	31.223880597014926	10.721393034825866
710	23	1	24.155000000000005	95.04499999999996
710	24	1	47.32673267326734	147.07920792079202
710	25	1	20.160000000000004	83.36500000000002
710	26	1	163.6965174129353	155.10447761194027
710	27	1	19.895000000000003	61.53500000000001
710	28	1	160.42999999999992	50.360000000000035
710	29	1	116.87128712871286	5.673267326732676
710	30	1	191.5250000000001	44.58
710	31	1	160.46766169154228	38.089552238805986
710	32	1	175.94527363184085	144.7164179104477
710	33	1	54.014925373134325	1.2437810945273642
710	34	1	184.67999999999998	39.330000000000005
710	35	1	37.154999999999994	149.42500000000004
710	36	1	38.900000000000034	109.20999999999998
710	37	1	44.723618090452234	171.38693467336677
710	38	1	29.009950248756233	160.08955223880594
710	39	1	66.35323383084574	8.975124378109449
710	40	1	12.899497487437188	132.65326633165836
710	41	1	36.985	193.08500000000004
710	42	1	79.76000000000008	154.6549999999999
710	43	1	191.5929648241206	148.4170854271356
710	44	1	138.41791044776122	8.791044776119401
710	45	1	188.17499999999998	126.92499999999995
710	46	1	141.11999999999998	156.50999999999996
710	47	1	14.778894472361808	114.40703517587937
710	48	1	55.990099009901016	189.03465346534657
710	49	1	27.085000000000008	77.63999999999996
710	50	1	148.6119402985074	20.840796019900495
710	51	1	31.82499999999998	179.28500000000005
710	52	1	32.99497487437185	68.96482412060297
710	53	1	132.4875621890547	65.47263681592042
710	54	1	116.90049751243781	85.61691542288563
710	55	1	126.39603960396046	95.22277227722769
710	56	1	132.68656716417908	80.42288557213931
710	57	1	53.27227722772279	15.985148514851492
710	58	1	95.47029702970299	71.11881188118812
710	59	1	62.550000000000004	175.76500000000013
710	60	1	10.50746268656716	57.3034825870647
710	61	1	124.30348258706472	25.333333333333343
710	62	1	53.484999999999985	138.40999999999997
710	63	1	46.27363184079603	161.17910447761193
710	64	1	65.17326732673267	32.886138613861384
710	65	1	195.215	112.85000000000001
710	66	1	26.11055276381908	143.8793969849246
710	67	1	113.37500000000001	22.72999999999998
710	68	1	184.79999999999993	141.625
710	69	1	74.905	183.67000000000007
710	70	1	35.6716417910448	22.781094527363184
710	71	1	149.17587939698495	49.32663316582916
710	72	1	24.243781094527368	106.88059701492534
710	73	1	52.41089108910893	30.376237623762368
710	74	1	38.4321608040201	4.597989949748742
710	75	1	120.70646766169156	184.8955223880597
710	76	1	45.55223880597014	183.32338308457713
710	77	1	120.37313432835825	196.32338308457713
710	78	1	142.9253731343284	198.51243781094536
710	79	1	75.36815920398013	164.3880597014925
710	80	1	88.93499999999996	142.30999999999992
710	81	1	45.82	106.295
710	82	1	40.49748743718592	129.79396984924625
710	83	1	13.895000000000003	158.81000000000006
710	84	1	30.764999999999997	120.13000000000001
710	85	1	131.1980198019802	18.519801980198014
710	86	1	72.26865671641792	23.606965174129353
710	87	1	168.26368159203983	120.45771144278606
710	88	1	153.0248756218906	2.9850746268656723
710	89	1	35.989999999999974	33.445000000000014
720	1	2	9.858585858585856	9.616161616161614
720	2	2	9.950000000000008	100.29000000000005
720	3	2	10.120000000000005	190.11999999999992
720	4	2	99.88000000000001	9.879999999999995
720	5	2	100.12	99.88
720	6	2	100.00000000000003	190.50000000000006
720	7	2	189.87999999999997	9.879999999999995
720	8	2	190.49999999999997	100
720	9	2	189.61616161616163	190.14141414141412
720	10	1	140.0742574257426	48.70792079207921
720	11	1	199.39195979899498	130.7035175879397
720	12	1	63.88	144.0249999999999
720	13	1	137.8805970149254	106.32835820895522
720	14	1	62.169999999999995	160.83000000000007
720	15	1	80.18000000000005	5.030000000000004
720	16	1	6.515151515151514	118.36363636363635
720	17	1	69.96534653465352	195.65841584158414
720	18	1	106.35820895522389	76.06467661691546
720	19	1	21.895522388059707	133.9701492537313
720	20	1	132.73	119.55999999999999
720	21	1	5.914999999999999	149.6149999999999
720	22	1	29.92039800995025	9.169154228855723
720	23	1	24.970149253731346	94.36318407960194
720	24	1	46.12562814070353	148.29145728643215
720	25	1	19.71	82.295
720	26	1	163.04999999999993	155.01000000000005
720	27	1	19.628140703517587	59.939698492462334
720	28	1	160.83582089552237	49.298507462686565
720	29	1	116.18499999999999	4.310000000000002
720	30	1	190.4278606965175	44.875621890547265
720	31	1	162.4328358208955	37.77114427860693
720	32	1	176.00500000000008	144.89000000000007
720	33	1	53.875000000000014	0.7699999999999988
720	34	1	184.35999999999993	38.845000000000006
720	35	1	35.71641791044777	150.2089552238806
720	36	1	39.155	110.13000000000004
720	37	1	45.56716417910449	171.1641791044775
720	38	1	27.019900497512445	160.21393034825863
720	39	1	65.44278606965179	9.452736318407963
720	40	1	12.203980099502486	132.0995024875622
720	41	1	37.26	192.50000000000003
720	42	1	79.19000000000003	154.05499999999998
720	43	1	191.67	147.97999999999996
720	44	1	137.67	9.244999999999996
720	45	1	188.049751243781	126.15920398009953
720	46	1	142.1089108910891	155.70792079207914
720	47	1	16.48743718592965	114.0201005025125
720	48	1	56.0792079207921	188.18811881188117
720	49	1	26.585000000000008	76.445
720	50	1	148.2487562189055	20.716417910447742
720	51	1	31.203980099502484	178.23383084577117
720	52	1	32.592039800995025	67.72139303482584
720	53	1	131.69154228855717	64.48258706467668
720	54	1	116.02500000000003	83.965
720	55	1	125.25870646766174	93.6268656716418
720	56	1	131.90049751243777	79.1641791044777
720	57	1	53.32500000000001	15.685000000000002
720	58	1	94.03482587064671	70.18905472636818
720	59	1	62.730000000000004	174.83499999999992
720	60	1	8.905	57.87499999999999
720	61	1	123.06965174129358	24.950248756218905
720	62	1	52.70792079207923	139.76237623762378
720	63	1	44.92039800995024	161.64676616915418
720	64	1	63.537688442211056	32.93969849246232
720	65	1	196.06467661691542	112.03482587064678
720	66	1	25.419999999999995	143.19499999999994
720	67	1	113.03482587064678	21.626865671641788
720	68	1	184.8700000000001	141.28999999999994
720	69	1	74.95500000000004	183.13000000000002
720	70	1	35.09500000000001	21.260000000000012
720	71	1	149.6949999999999	48.03
720	72	1	23.68341708542713	104.50251256281406
720	73	1	50.42000000000001	30.33499999999999
720	74	1	38.60000000000001	4.1899999999999995
720	75	1	119.64500000000001	184.09000000000003
720	76	1	45.190000000000005	182.83500000000006
720	77	1	121.82587064676619	195.22885572139302
720	78	1	142.089552238806	198.502487562189
720	79	1	75.66834170854273	164.77386934673368
720	80	1	88.62189054726367	141.09452736318403
720	81	1	46.075	106.93500000000002
720	82	1	39.604999999999976	131.15000000000012
720	83	1	11.905000000000008	158.68999999999997
720	84	1	31.03517587939698	119.27638190954775
720	85	1	130.2736318407959	18.189054726368173
720	86	1	70.16499999999995	23.554999999999982
720	87	1	168.48000000000002	120.71500000000005
720	88	1	151.87500000000006	2.060000000000059
720	89	1	35.487562189054714	32.6169154228856
730	1	2	9.858585858585856	9.616161616161614
730	2	2	9.950000000000008	100.29000000000005
730	3	2	10.120000000000005	190.11999999999992
730	4	2	99.88000000000001	9.879999999999995
730	5	2	100.12	99.88
730	6	2	100.00000000000003	190.50000000000006
730	7	2	189.87999999999997	9.879999999999995
730	8	2	190.49999999999997	100
730	9	2	189.61616161616163	190.14141414141412
730	10	1	140.98507462686567	48.532338308457724
730	11	1	198.88442211055278	129.5527638190955
730	12	1	64.02985074626865	141.83084577114423
730	13	1	136.72636815920407	105.55721393034828
730	14	1	61.91584158415842	158.970297029703
730	15	1	78.42288557213931	4.696517412935326
730	16	1	7.160804020100502	118.08040201005029
730	17	1	69.2636815920398	195.5771144278606
730	18	1	104.86	75.38
730	19	1	21.965174129353233	132.98009950248763
730	20	1	132.18407960198996	118.72636815920401
730	21	1	5.331658291457281	148.58793969849242
730	22	1	29.055000000000003	8.265
730	23	1	25.709999999999994	93.76
730	24	1	44.76616915422885	148.63184079601993
730	25	1	19.309999999999988	81.465
730	26	1	162.3034825870646	154.83084577114442
730	27	1	19.462686567164187	58.44776119402985
730	28	1	161.4150000000001	48.29500000000003
730	29	1	115.99009900990096	2.688118811881187
730	30	1	188.94499999999996	45.639999999999986
730	31	1	163.27363184079587	37.23880597014924
730	32	1	176.005	145.06
730	33	1	54.07	199.325
730	34	1	183.3919597989949	38.68341708542717
730	35	1	34.208955223880615	150.92039800995033
730	36	1	39.55223880597018	111.09950248756219
730	37	1	46.06000000000001	170.89000000000004
730	38	1	25.17412935323384	159.69154228855726
730	39	1	65.02500000000003	9.814999999999992
730	40	1	11.859296482412061	131.5276381909548
730	41	1	37.81683168316834	192.08415841584153
730	42	1	78.36999999999998	152.84499999999989
730	43	1	191.495	147.60500000000008
730	44	1	136.10447761194027	9.606965174129352
730	45	1	187.87562189054714	124.99004975124376
730	46	1	142.40099009900985	153.73762376237613
730	47	1	17.77889447236182	113.537688442211
730	48	1	56.427860696517435	186.7611940298508
730	49	1	25.959798994974882	75.40201005025122
730	50	1	147.60199004975112	20.855721393034827
730	51	1	30.328358208955216	177.12935323383095
730	52	1	32.10447761194031	66.75124378109456
730	53	1	131.49504950495037	63.410891089108866
730	54	1	114.78500000000001	82.60999999999994
730	55	1	124.66169154228855	92.14925373134326
730	56	1	131.02499999999995	78.02
730	57	1	53.34000000000001	14.710000000000008
730	58	1	92.69000000000003	69.69499999999998
730	59	1	63.09999999999998	173.115
730	60	1	8.06965174129353	58.3681592039801
730	61	1	121.55721393034821	25.577114427860703
730	62	1	52.67499999999996	141.97499999999994
730	63	1	43.527638190954804	162.21608040201008
730	64	1	61.492537313432834	33.59701492537316
730	65	1	197.155	111.27999999999994
730	66	1	24.150000000000006	142.94499999999996
730	67	1	112.89552238805963	19.80597014925373
730	68	1	185.06000000000003	140.75500000000005
730	69	1	74.78606965174129	182.52736318407966
730	70	1	34.268656716417915	19.920398009950254
730	71	1	150.37688442211052	46.99497487437186
730	72	1	23.90049751243781	103.28855721393036
730	73	1	49.308457711442784	30.17910447761193
730	74	1	38.85929648241207	4.206030150753804
730	75	1	118.64179104477614	183.4129353233831
730	76	1	45.01990049751245	182.2039800995025
730	77	1	123.38613861386139	193.9900990099011
730	78	1	141.18905472636817	198.68159203980107
730	79	1	75.7889447236181	164.4070351758794
730	80	1	88.65999999999998	139.35999999999993
730	81	1	46.349999999999994	107.13500000000009
730	82	1	39.41206030150753	132.19597989949747
730	83	1	9.809999999999995	158.67000000000007
730	84	1	31.609999999999996	119.395
730	85	1	129.48999999999992	19.230000000000015
730	86	1	68.7761194029851	24.099502487562194
730	87	1	168.545	120.86
730	88	1	150.84000000000003	1.9949999999999997
730	89	1	35.55276381909547	31.34170854271356
740	1	2	9.858585858585856	9.616161616161614
740	2	2	9.950000000000008	100.29000000000005
740	3	2	10.120000000000005	190.11999999999992
740	4	2	99.88000000000001	9.879999999999995
740	5	2	100.12	99.88
740	6	2	100.00000000000003	190.50000000000006
740	7	2	189.87999999999997	9.879999999999995
740	8	2	190.49999999999997	100
740	9	2	189.61616161616163	190.14141414141412
740	10	1	141.6250000000001	47.634999999999984
740	11	1	198.785	128.52000000000007
740	12	1	63.62189054726369	140.41791044776113
740	13	1	135.94000000000003	104.94500000000002
740	14	1	61.53960396039602	157.43069306930684
740	15	1	77.46766169154229	4.333333333333334
740	16	1	7.7989949748743745	117.47236180904532
740	17	1	68.72139303482588	195.96517412935322
740	18	1	103.56716417910447	74.8606965174129
740	19	1	22.2139303482587	132.2089552238806
740	20	1	131.38499999999996	118.20999999999997
740	21	1	4.34825870646766	147.82089552238799
740	22	1	28.25	7.380000000000003
740	23	1	27.15577889447237	93.27638190954781
740	24	1	44.094527363184106	149.4676616915423
740	25	1	18.099999999999998	80.33500000000002
740	26	1	161.69999999999985	155.21000000000006
740	27	1	18.791044776119406	57.36318407960201
740	28	1	161.99999999999991	47.079999999999956
740	29	1	116.32000000000002	1.285000000000001
740	30	1	188.34000000000003	46.01500000000002
740	31	1	163.7980295566502	36.3645320197044
740	32	1	176.06000000000003	144.93000000000004
740	33	1	54.53999999999999	197.78
740	34	1	182.251256281407	39.33668341708541
740	35	1	32.88557213930349	151.57213930348271
740	36	1	40.025000000000006	112.04
740	37	1	47.4472361809045	170.4974874371858
740	38	1	23.159203980099512	158.96517412935322
740	39	1	64.73762376237624	10.301980198019809
740	40	1	11.674999999999999	131.04999999999995
740	41	1	38.41206030150756	191.95477386934664
740	42	1	77.36318407960196	152.5422885572139
740	43	1	191.50753768844208	146.7537688442211
740	44	1	133.91044776119395	9.37313432835821
740	45	1	187.76000000000002	123.295
740	46	1	142.67499999999993	152.42
740	47	1	19.190954773869343	113.09547738693465
740	48	1	56.348258706467654	185.6218905472637
740	49	1	25.2462311557789	74.1859296482412
740	50	1	147.19402985074632	20.109452736318396
740	51	1	29.213930348258696	176.05472636815918
740	52	1	31.134999999999994	65.11999999999996
740	53	1	131.71641791044772	62.960199004975145
740	54	1	112.4752475247525	82.40594059405944
740	55	1	124.43781094527357	91.10447761194031
740	56	1	129.6019900497512	77.42288557213928
740	57	1	53.16080402010051	13.90452261306533
740	58	1	92.094527363184	68.5074626865672
740	59	1	63.05970149253731	171.9054726368159
740	60	1	6.74626865671642	59.11940298507462
740	61	1	119.33168316831683	26.38613861386139
740	62	1	51.97999999999999	142.59500000000003
740	63	1	41.3084577114428	163.09950248756223
740	64	1	60.08955223880597	33.97512437810946
740	65	1	198.255	109.92500000000004
740	66	1	22.810945273631834	142.955223880597
740	67	1	112.67661691542288	18.099502487562198
740	68	1	185.23000000000005	140.14999999999998
740	69	1	74.59203980099505	181.99004975124367
740	70	1	33.184079601990064	18.845771144278608
740	71	1	151.17412935323387	46.4427860696517
740	72	1	24.02475247524753	101.8019801980198
740	73	1	47.88000000000001	29.814999999999998
740	74	1	38.839999999999996	4.049999999999926
740	75	1	117.57499999999997	183.0750000000001
740	76	1	44.681592039800975	181.57213930348263
740	77	1	124.68656716417917	192.98507462686567
740	78	1	140.86500000000004	199.245
740	79	1	75.65829145728642	164.52261306532668
740	80	1	88.435	138.12499999999991
740	81	1	46.517587939698494	106.95979899497489
740	82	1	38.94499999999999	133.21999999999994
740	83	1	7.606965174129352	158.7114427860696
740	84	1	31.89	119.32
740	85	1	128.585	19.904999999999987
740	86	1	67.10891089108908	24.95049504950496
740	87	1	168.65499999999994	121.025
740	88	1	150.14070351758784	1.0100502512562821
740	89	1	35.74499999999998	29.97
750	1	2	9.858585858585856	9.616161616161614
750	2	2	9.950000000000008	100.29000000000005
750	3	2	10.120000000000005	190.11999999999992
750	4	2	99.88000000000001	9.879999999999995
750	5	2	100.12	99.88
750	6	2	100.00000000000003	190.50000000000006
750	7	2	189.87999999999997	9.879999999999995
750	8	2	190.49999999999997	100
750	9	2	189.61616161616163	190.14141414141412
750	10	1	142.57213930348263	47.238805970149244
750	11	1	198.85572139303483	126.98507462686568
750	12	1	62.87	139.31500000000003
750	13	1	135.11	103.845
750	14	1	61.582089552238806	156.41293532338312
750	15	1	76.33000000000001	3.479999999999998
750	16	1	8.724999999999996	117.335
750	17	1	67.92500000000004	196.525
750	18	1	101.43283582089558	74.57711442786072
750	19	1	22.20603015075376	131.67839195979897
750	20	1	130.38613861386142	116.75247524752476
750	21	1	3.666666666666669	147.03980099502485
750	22	1	27.628712871287107	6.925742574257429
750	23	1	27.59798994974873	92.45728643216081
750	24	1	43.315000000000005	150.52999999999997
750	25	1	16.82	79.15499999999997
750	26	1	161.15999999999994	155.36999999999992
750	27	1	18.48756218905472	56.32338308457712
750	28	1	162.795	46.18500000000001
750	29	1	116.62686567164175	199.7910447761194
750	30	1	187.305	47.05499999999999
750	31	1	164.36138613861385	35.71782178217822
750	32	1	176.04000000000005	145.04000000000002
750	33	1	54.78606965174131	196.40796019900498
750	34	1	181.3000000000001	39.69500000000001
750	35	1	31.378109452736314	151.72636815920393
750	36	1	40.62999999999998	113.27499999999999
750	37	1	48.205000000000034	169.6999999999999
750	38	1	21.099502487562205	158.27860696517402
750	39	1	64.509900990099	11.158415841584166
750	40	1	11.450000000000001	130.73000000000008
750	41	1	38.77999999999999	191.82
750	42	1	76.51499999999999	151.61499999999995
750	43	1	191.42288557213925	146.38308457711443
750	44	1	132.16080402010058	9.859296482412068
750	45	1	187.82587064676622	122.4179104477612
750	46	1	142.8756218905472	151.09950248756226
750	47	1	20.32999999999999	112.36999999999999
750	48	1	56.153465346534645	185.03960396039605
750	49	1	24.709999999999994	73.43
750	50	1	146.5600000000001	19.045000000000005
750	51	1	28.524752475247535	175.1089108910891
750	52	1	30.155000000000005	63.885
750	53	1	132.09452736318406	61.92537313432834
750	54	1	110.77114427860693	81.66666666666661
750	55	1	123.89054726368157	90.02487562189059
750	56	1	128.38308457711443	76.24875621890553
750	57	1	53.08457711442788	13.552238805970145
750	58	1	91.46268656716414	67.2985074626866
750	59	1	62.99	170.95999999999998
750	60	1	5.791044776119401	59.30845771144278
750	61	1	117.28500000000003	27.160000000000007
750	62	1	51.42000000000001	144.12499999999977
750	63	1	38.99497487437184	163.46231155778904
750	64	1	59.124378109452735	34.79601990049752
750	65	1	198.63	108.39999999999998
750	66	1	21.668341708542727	142.52261306532662
750	67	1	112.60199004975125	16.880597014925378
750	68	1	185.21608040201014	139.45728643216063
750	69	1	74.47761194029853	180.9353233830845
750	70	1	32.87562189054725	17.597014925373152
750	71	1	152.29648241206027	46.16080402010051
750	72	1	24.06467661691542	100.74626865671642
750	73	1	46.64179104477611	29.890547263681572
750	74	1	38.73500000000002	3.67500000000004
750	75	1	116.07960199004978	182.70149253731344
750	76	1	44.7178217821782	180.4207920792079
750	77	1	125.81094527363187	192.54726368159206
750	78	1	140.16500000000002	0.31499999999999984
750	79	1	75.53499999999997	164.4
750	80	1	88.66169154228855	136.43781094527358
750	81	1	46.255000000000024	106.3300000000001
750	82	1	38.452261306532655	134.47236180904517
750	83	1	6.050000000000001	158.8650000000001
750	84	1	32.375000000000014	119.47999999999999
750	85	1	127.46999999999997	20.105
750	86	1	66.23383084577114	26.004975124378102
750	87	1	168.8200000000001	121.15000000000005
750	88	1	149.00499999999997	199.5150000000001
750	89	1	36.189999999999976	27.91500000000001
760	1	2	9.858585858585856	9.616161616161614
760	2	2	9.950000000000008	100.29000000000005
760	3	2	10.120000000000005	190.11999999999992
760	4	2	99.88000000000001	9.879999999999995
760	5	2	100.12	99.88
760	6	2	100.00000000000003	190.50000000000006
760	7	2	189.87999999999997	9.879999999999995
760	8	2	190.49999999999997	100
760	9	2	189.61616161616163	190.14141414141412
760	10	1	143.67999999999995	47.05499999999998
760	11	1	199.35960591133005	126.37931034482763
760	12	1	61.87499999999999	138.7649999999999
760	13	1	134.46766169154222	102.7960199004975
760	14	1	61.43999999999999	155.525
760	15	1	75.585	2.5149999999999992
760	16	1	10.035000000000005	115.85499999999999
760	17	1	67.29353233830845	197.02985074626858
760	18	1	99.19306930693071	74.05445544554452
760	19	1	22.427135678391938	130.69849246231158
760	20	1	129.18499999999995	115.28999999999998
760	21	1	2.879396984924623	146.6783919597991
760	22	1	26.95024875621892	6.288557213930354
760	23	1	28.60000000000001	91.98500000000007
760	24	1	42.315000000000005	151.31500000000005
760	25	1	15.305000000000003	78.425
760	26	1	159.99502487562188	155.7562189054727
760	27	1	17.69651741293532	55.63681592039804
760	28	1	163.07499999999996	44.45499999999999
760	29	1	116.57425742574254	198.25247524752467
760	30	1	186.16	48.295000000000016
760	31	1	165.12562814070344	34.67336683417084
760	32	1	175.89999999999998	145.345
760	33	1	55.064676616915435	195.23383084577114
760	34	1	180.65174129353235	40.10945273631841
760	35	1	29.81188118811881	151.60891089108907
760	36	1	41.28358208955227	113.99999999999999
760	37	1	48.93532338308459	169.41791044776113
760	38	1	19.47263681592038	158.04477611940297
760	39	1	64.21393034825873	11.736318407960203
760	40	1	10.95522388059702	130.48756218905476
760	41	1	39.00995024875622	191.57213930348252
760	42	1	75.43781094527364	150.6119402985075
760	43	1	191.5899999999999	145.7300000000001
760	44	1	130.71144278606963	9.45771144278607
760	45	1	188.40703517587937	121.82412060301507
760	46	1	142.32338308457713	148.96019900497518
760	47	1	22.120603015075375	111.63316582914567
760	48	1	56.487437185929664	184.3266331658292
760	49	1	24.040000000000006	72.80500000000005
760	50	1	145.77499999999995	17.36500000000001
760	51	1	27.782178217821773	174.27227722772284
760	52	1	29.020000000000003	62.449999999999974
760	53	1	132.455	61.144999999999996
760	54	1	109.68159203980098	80.64676616915423
760	55	1	123.21393034825869	88.66169154228857
760	56	1	127.44	75.32500000000002
760	57	1	52.63681592039803	13.223880597014919
760	58	1	90.86069651741292	65.48756218905476
760	59	1	62.786069651741315	169.67661691542293
760	60	1	4.650000000000003	59.20499999999998
760	61	1	115.8009950248756	27.890547263681604
760	62	1	50.48756218905473	145.00995024875624
760	63	1	37.63000000000002	163.42999999999995
760	64	1	57.769999999999996	35.175000000000004
760	65	1	199.3084577114428	107.94029850746269
760	66	1	20.35820895522388	142.407960199005
760	67	1	112.58208955223883	16.164179104477622
760	68	1	185.095	138.64999999999998
760	69	1	74.32338308457709	179.6567164179105
760	70	1	32.39800995024878	16.716417910447753
760	71	1	153.24378109452746	45.43781094527361
760	72	1	23.755	99.20500000000001
760	73	1	45.74000000000001	29.475000000000005
760	74	1	38.78999999999998	3.3700000000000045
760	75	1	114.36318407960198	182.1592039800995
760	76	1	44.4129353233831	179.99004975124382
760	77	1	126.40099009900983	191.58910891089104
760	78	1	139.40000000000006	0.4900000000000004
760	79	1	75.77499999999995	164.29000000000005
760	80	1	88.82178217821782	134.54950495049505
760	81	1	46.695	106.60000000000004
760	82	1	38.38308457711443	135.13930348258708
760	83	1	5.024875621890545	158.59203980099502
760	84	1	33.56218905472637	119.96019900497512
760	85	1	126.39195979899505	20.31155778894473
760	86	1	65.13930348258705	26.84577114427862
760	87	1	169.26999999999995	121.625
760	88	1	148.16000000000003	197.4100000000001
760	89	1	35.68499999999999	26.405000000000012
770	1	2	9.858585858585856	9.616161616161614
770	2	2	9.950000000000008	100.29000000000005
770	3	2	10.120000000000005	190.11999999999992
770	4	2	99.88000000000001	9.879999999999995
770	5	2	100.12	99.88
770	6	2	100.00000000000003	190.50000000000006
770	7	2	189.87999999999997	9.879999999999995
770	8	2	190.49999999999997	100
770	9	2	189.61616161616163	190.14141414141412
770	10	1	144.89	46.90000000000003
770	11	1	199.555	125.66
770	12	1	60.567164179104516	138.4228855721394
770	13	1	133.41293532338315	101.6019900497513
770	14	1	61.245	154.49499999999998
770	15	1	75.22499999999994	2.2800000000000016
770	16	1	11.800000000000002	115.62000000000002
770	17	1	66.79601990049753	198.16417910447763
770	18	1	97.40000000000002	73.39500000000007
770	19	1	22.32999999999999	129.99000000000004
770	20	1	127.82089552238806	113.46268656716416
770	21	1	2.255	146.19500000000005
770	22	1	26.195979899497488	4.969849246231154
770	23	1	28.676616915422883	90.99502487562194
770	24	1	41.269999999999996	152.19500000000014
770	25	1	13.684999999999999	77.53499999999997
770	26	1	158.87999999999997	156.06999999999994
770	27	1	17.324999999999992	54.92499999999996
770	28	1	163.47000000000014	44.00499999999998
770	29	1	117.43999999999997	196.3550000000001
770	30	1	184.71641791044775	49.28358208955226
770	31	1	165.83499999999998	34
770	32	1	175.8	145.50499999999997
770	33	1	55.38308457711444	193.66666666666666
770	34	1	179.8341708542713	40.251256281407045
770	35	1	28.37185929648241	151.61809045226124
770	36	1	41.361809045226146	114.0100502512563
770	37	1	49.559405940594075	168.81188118811886
770	38	1	17.871287128712883	158.16336633663383
770	39	1	64.02985074626864	12.218905472636818
770	40	1	10.213930348258707	130.5273631840796
770	41	1	39.11055276381908	191.2412060301509
770	42	1	74.43283582089552	149.70646766169156
770	43	1	191.18000000000004	145.195
770	44	1	129.67821782178217	9.980198019801978
770	45	1	188.86567164179112	120.50248756218912
770	46	1	142.6169154228855	147.16417910447757
770	47	1	23.860696517412933	110.98009950248755
770	48	1	56.7386934673367	183.497487437186
770	49	1	22.900000000000006	71.77000000000001
770	50	1	145.53000000000006	15.7
770	51	1	26.696517412935336	173.23383084577117
770	52	1	28.323383084577127	61.33333333333334
770	53	1	133.64499999999998	59.644999999999975
770	54	1	108.50248756218905	79.41791044776122
770	55	1	122.44554455445547	87.21782178217825
770	56	1	126.255	74.2550000000001
770	57	1	52.389999999999986	12.359999999999998
770	58	1	89.94500000000005	64.35999999999999
770	59	1	63.03	169.09500000000006
770	60	1	3.7860696517412946	58.80597014925373
770	61	1	114.11442786069651	28.925373134328364
770	62	1	49.193069306930695	146.13861386138615
770	63	1	36.24378109452739	163.53233830845778
770	64	1	56.71144278606966	35.65671641791045
770	65	1	199.98507462686567	107.92039800995023
770	66	1	19.58000000000002	142.18500000000012
770	67	1	112.79104477611946	14.711442786069654
770	68	1	184.92000000000004	137.325
770	69	1	74.46766169154226	179.0845771144278
770	70	1	32.35	15.48
770	71	1	153.945	45.220000000000006
770	72	1	23.636815920398003	97.6318407960199
770	73	1	45.25000000000002	28.81499999999999
770	74	1	39.21	3.190000000000026
770	75	1	112.43000000000002	181.68
770	76	1	43.75500000000001	179.34
770	77	1	127.00000000000006	190.68811881188122
770	78	1	138.55	1.2149999999999992
770	79	1	75.66000000000004	163.8900000000001
770	80	1	88.45	133.03999999999996
770	81	1	47.064676616915435	106.9502487562189
770	82	1	38.23999999999999	135.78000000000003
770	83	1	3.989999999999999	158.21
770	84	1	35.08457711442786	121.32338308457713
770	85	1	124.78109452736317	20.502487562189046
770	86	1	63.871287128712886	27.064356435643557
770	87	1	169.87	122.70499999999998
770	88	1	147.24875621890553	195.7611940298508
770	89	1	35.079601990049746	24.796019900497505
780	1	2	9.858585858585856	9.616161616161614
780	2	2	9.950000000000008	100.29000000000005
780	3	2	10.120000000000005	190.11999999999992
780	4	2	99.88000000000001	9.879999999999995
780	5	2	100.12	99.88
780	6	2	100.00000000000003	190.50000000000006
780	7	2	189.87999999999997	9.879999999999995
780	8	2	190.49999999999997	100
780	9	2	189.61616161616163	190.14141414141412
780	10	1	145.77889447236186	46.32160804020098
780	11	1	0.42499999999999993	124.92500000000001
780	12	1	58.23499999999999	138.70499999999998
780	13	1	132.2562814070351	100.4020100502513
780	14	1	61.21608040201005	153.8442211055276
780	15	1	74.87939698492463	2.211055276381913
780	16	1	13.559999999999995	114.93500000000004
780	17	1	66.00995024875623	198.72139303482587
780	18	1	95.96499999999997	72.05000000000001
780	19	1	22.369999999999997	129.35499999999985
780	20	1	126.16417910447761	111.96517412935326
780	21	1	2.0653266331658284	145.49246231155766
780	22	1	25.611940298507466	3.452736318407962
780	23	1	28.915000000000003	90.12000000000002
780	24	1	40.390000000000015	152.695
780	25	1	12.442786069651744	76.76119402985071
780	26	1	157.4874371859297	156.62311557788948
780	27	1	16.419999999999998	54.77000000000001
780	28	1	163.03	42.68000000000001
780	29	1	117.29850746268656	194.8457711442787
780	30	1	183.15999999999997	50.70999999999996
780	31	1	165.98009950248763	32.75124378109454
780	32	1	175.39195979899498	145.88442211055272
780	33	1	55.611940298507484	192.30348258706476
780	34	1	178.90547263681583	40.935323383084594
780	35	1	26.527363184079615	151.9800995024876
780	36	1	41.05472636815921	113.61194029850748
780	37	1	50.17412935323383	168.11442786069657
780	38	1	16.11	158.20999999999998
780	39	1	63.77499999999999	12.540000000000008
780	40	1	9.980099502487564	130.19402985074626
780	41	1	39.35499999999999	190.76000000000002
780	42	1	72.55223880597018	147.36318407960198
780	43	1	191.0351758793969	144.63316582914564
780	44	1	128.5148514851485	9.910891089108915
780	45	1	189.71641791044763	119.77114427860705
780	46	1	142.99999999999994	145.88
780	47	1	25.014925373134325	110.08457711442783
780	48	1	57.065	182.29000000000008
780	49	1	21.452736318407958	70.36318407960198
780	50	1	145.33668341708548	14.467336683417088
780	51	1	25.30999999999998	171.95999999999998
780	52	1	27.88059701492537	59.233830845771124
780	53	1	134.76616915422883	58.13432835820895
780	54	1	107.42288557213934	78.6965174129353
780	55	1	121.50000000000007	86.02970297029698
780	56	1	125.33663366336636	73.49504950495047
780	57	1	52.165	11.399999999999993
780	58	1	89.47524752475245	63.1831683168317
780	59	1	63.529999999999994	168.42000000000002
780	60	1	2.6368159203980106	57.65174129353234
780	61	1	112.39303482587056	29.890547263681604
780	62	1	47.935	146.81999999999996
780	63	1	35.71000000000001	163.42000000000004
780	64	1	55.45049504950493	35.64851485148517
780	65	1	0.48756218905472626	107.51741293532338
780	66	1	18.704999999999995	141.95999999999998
780	67	1	113.30999999999997	13.385
780	68	1	184.66336633663357	136.34653465346528
780	69	1	74.8358208955224	179.03980099502493
780	70	1	31.82999999999999	14.479999999999993
780	71	1	155.53266331658295	45.984924623115596
780	72	1	23.810945273631845	96.51243781094522
780	73	1	44.48019801980201	27.787128712871308
780	74	1	39.36999999999999	3.2599999999999625
780	75	1	110.78499999999998	181.29000000000002
780	76	1	42.8507462686567	178.69154228855712
780	77	1	126.84000000000005	189.90999999999994
780	78	1	137.6683417085426	2.2160804020100495
780	79	1	75.5223880597015	163.4129353233831
780	80	1	88.3084577114428	130.5323383084577
780	81	1	47.67499999999998	106.85499999999993
780	82	1	37.59701492537313	136.17910447761204
780	83	1	2.4000000000000004	158.3500000000001
780	84	1	36.50746268656716	122.78606965174134
780	85	1	123.13000000000004	21.27
780	86	1	62.407960199005004	27.343283582089544
780	87	1	170.2	123.69999999999999
780	88	1	146.47029702970303	194.43069306930698
780	89	1	33.925373134328325	23.91044776119402
790	1	2	9.858585858585856	9.616161616161614
790	2	2	9.950000000000008	100.29000000000005
790	3	2	10.120000000000005	190.11999999999992
790	4	2	99.88000000000001	9.879999999999995
790	5	2	100.12	99.88
790	6	2	100.00000000000003	190.50000000000006
790	7	2	189.87999999999997	9.879999999999995
790	8	2	190.49999999999997	100
790	9	2	189.61616161616163	190.14141414141412
790	10	1	146.81000000000003	45.445
790	11	1	0.9447236180904518	124.03517587939702
790	12	1	56.37500000000005	138.89
790	13	1	131.34500000000008	99.75000000000001
790	14	1	60.83499999999999	153.14000000000004
790	15	1	74.40499999999996	2.0050000000000003
790	16	1	15.85148514851485	114.62376237623761
790	17	1	64.99999999999999	199.38805970149252
790	18	1	94.21000000000001	70.60499999999998
790	19	1	22.64000000000001	128.3550000000001
790	20	1	124.75621890547268	110.66666666666669
790	21	1	1.5920398009950236	144.57711442786072
790	22	1	25.33	1.855
790	23	1	28.9452736318408	89.33830845771146
790	24	1	39.36999999999997	153.00999999999993
790	25	1	11.134999999999996	75.785
790	26	1	156.09452736318408	156.66666666666657
790	27	1	15.014925373134329	54.97512437810947
790	28	1	163.2587064676617	41.343283582089576
790	29	1	117.91044776119399	194.01492537313433
790	30	1	182.13432835820888	52.203980099502466
790	31	1	166.0298507462687	30.681592039800982
790	32	1	174.99499999999995	146.35500000000002
790	33	1	55.811881188118804	191.25742574257427
790	34	1	177.98999999999995	41.24000000000001
790	35	1	25.216080402010043	152.1708542713567
790	36	1	41.5025125628141	113.77889447236181
790	37	1	50.38	167.3149999999999
790	38	1	14.614999999999997	157.80000000000007
790	39	1	63.345000000000006	12.665000000000003
790	40	1	9.790000000000003	129.60499999999996
790	41	1	39.60301507537688	190.12060301507537
790	42	1	71.32160804020103	145.6934673366835
790	43	1	190.88557213930343	144.05970149253727
790	44	1	127.41791044776116	10.323383084577115
790	45	1	190.43283582089552	118.46766169154226
790	46	1	142.75500000000005	144.2599999999999
790	47	1	26.140000000000022	109.03000000000003
790	48	1	57.6039603960396	180.82673267326726
790	49	1	20.4776119402985	69.36815920398011
790	50	1	145.37688442211052	13.422110552763815
790	51	1	23.671641791044774	170.9502487562188
790	52	1	27.517241379310345	57.458128078817715
790	53	1	136.2985074626866	56.73134328358207
790	54	1	105.95499999999994	77.6
790	55	1	120.53233830845768	84.93034825870656
790	56	1	124.385	72.84499999999998
790	57	1	51.92039800995026	11.064676616915424
790	58	1	88.49751243781094	62.40796019900498
790	59	1	64.14427860696517	167.58208955223887
790	60	1	1.470000000000001	55.94499999999999
790	61	1	110.82500000000003	29.799999999999986
790	62	1	46.388059701492516	147.24875621890558
790	63	1	34.94527363184078	163.66666666666666
790	64	1	53.84079601990049	35.701492537313456
790	65	1	1.37	107.43000000000002
790	66	1	17.43	141.99000000000007
790	67	1	113.90500000000006	11.545
790	68	1	184.36180904522618	134.92964824120605
790	69	1	74.92079207920786	178.54950495049496
790	70	1	31.664999999999992	13.514999999999999
790	71	1	157.43500000000003	47.025000000000006
790	72	1	23.919597989949757	95.64824120603016
790	73	1	43.58793969849245	26.301507537688437
790	74	1	39.265	2.560000000000059
790	75	1	109.85074626865668	180.50746268656715
790	76	1	42.079601990049746	178.18407960199
790	77	1	126.75	189.13500000000005
790	78	1	136.6831683168317	3.7425742574257455
790	79	1	75.67164179104478	162.68159203980105
790	80	1	87.79104477611938	128.53233830845775
790	81	1	47.714999999999996	106.43999999999996
790	82	1	36.59798994974877	136.39698492462315
790	83	1	1.3980099502487555	158.68656716417914
790	84	1	37.781094527363166	124.45273631840803
790	85	1	121.8910891089109	22.559405940594058
790	86	1	61.10447761194028	27.303482587064682
790	87	1	170.86499999999998	125.41500000000003
790	88	1	145.90547263681592	193.73134328358208
790	89	1	32.43781094527363	22.955223880597018
800	1	2	9.858585858585856	9.616161616161614
800	2	2	9.950000000000008	100.29000000000005
800	3	2	10.120000000000005	190.11999999999992
800	4	2	99.88000000000001	9.879999999999995
800	5	2	100.12	99.88
800	6	2	100.00000000000003	190.50000000000006
800	7	2	189.87999999999997	9.879999999999995
800	8	2	190.49999999999997	100
800	9	2	189.61616161616163	190.14141414141412
800	10	1	147.52499999999992	44.844999999999985
800	11	1	1.8400000000000005	123.06999999999995
800	12	1	54.537688442211056	139.04522613065328
800	13	1	130.51485148514857	98.62376237623762
800	14	1	61.35500000000001	152.97000000000003
800	15	1	73.78606965174123	1.353233830845772
800	16	1	17.985074626865668	113.61691542288557
800	17	1	64.1	199.19
800	18	1	93.6	68.95500000000004
800	19	1	23.005000000000017	127.47999999999998
800	20	1	123.42786069651741	110.4776119402985
800	21	1	1.3681592039800996	143.4975124378109
800	22	1	25.105000000000004	199.89000000000016
800	23	1	28.210000000000004	88.20500000000006
800	24	1	38.29999999999998	153.31999999999996
800	25	1	9.701492537313435	75.03482587064677
800	26	1	153.92537313432823	157.15422885572147
800	27	1	13.601990049751238	55.05970149253734
800	28	1	163.22388059701476	39.92537313432835
800	29	1	118.542288557214	193.04975124378103
800	30	1	181.13499999999993	53.33500000000001
800	31	1	166.35323383084574	29.14427860696517
800	32	1	174.23999999999998	147.00499999999988
800	33	1	55.81280788177341	190.32019704433492
800	34	1	176.9899999999999	41.56000000000001
800	35	1	24.113861386138616	151.63861386138612
800	36	1	42.2039800995025	113.66169154228854
800	37	1	50.35499999999998	166.55499999999995
800	38	1	13.390000000000011	157.87499999999991
800	39	1	63.04477611940298	12.840796019900495
800	40	1	8.854271356783922	129.27638190954775
800	41	1	39.86138613861387	189.04455445544545
800	42	1	69.99009900990097	143.3861386138613
800	43	1	190.14499999999992	142.95499999999998
800	44	1	126.30999999999995	10.899999999999999
800	45	1	190.9751243781095	117.29850746268657
800	46	1	143.07999999999998	143.195
800	47	1	27.268656716417922	109.14925373134332
800	48	1	57.930348258706445	179.24875621890538
800	49	1	19.115000000000002	68.315
800	50	1	145.49999999999994	11.356435643564357
800	51	1	21.8	170.36999999999998
800	52	1	27.05499999999999	56.01999999999998
800	53	1	137.75621890547248	55.22388059701492
800	54	1	103.76616915422886	75.89054726368161
800	55	1	119.16336633663364	83.66831683168319
800	56	1	123.72636815920401	71.66169154228852
800	57	1	51.56218905472638	10.04975124378109
800	58	1	87.69999999999997	61.93999999999999
800	59	1	65.09950248756222	167.12935323383084
800	60	1	1.1542288557213927	54.16915422885574
800	61	1	109.56218905472635	29.791044776119403
800	62	1	45.44499999999999	148.24500000000006
800	63	1	34.154999999999994	164.1
800	64	1	52.61500000000003	35.42000000000001
800	65	1	2.389999999999999	108.10499999999999
800	66	1	16.06	142.09499999999997
800	67	1	114.07960199004971	10.144278606965178
800	68	1	184.0049751243781	132.45771144278615
800	69	1	75.01492537313433	177.50248756218897
800	70	1	30.854999999999997	12.45
800	71	1	158.84577114427856	48.40298507462684
800	72	1	24.303482587064675	95.38805970149255
800	73	1	42.910000000000004	25.115000000000013
800	74	1	39.78109452736319	2.5572139303482593
800	75	1	109.02487562189052	179.90547263681594
800	76	1	41.26	177.255
800	77	1	126.635	188.29
800	78	1	135.34158415841594	5.069306930693069
800	79	1	75.87623762376236	160.55445544554445
800	80	1	86.63184079601992	126.87562189054724
800	81	1	48.730000000000004	106.39999999999995
800	82	1	35.93034825870646	136.79601990049747
800	83	1	0.19900497512437762	158.86567164179112
800	84	1	38.65174129353237	125.68656716417908
800	85	1	120.23500000000001	23.405000000000005
800	86	1	59.77999999999998	27.47
800	87	1	171.25999999999982	127.71499999999997
800	88	1	145.165	192.505
800	89	1	31.34999999999999	22.064999999999994
810	1	2	9.858585858585856	9.616161616161614
810	2	2	9.950000000000008	100.29000000000005
810	3	2	10.120000000000005	190.11999999999992
810	4	2	99.88000000000001	9.879999999999995
810	5	2	100.12	99.88
810	6	2	100.00000000000003	190.50000000000006
810	7	2	189.87999999999997	9.879999999999995
810	8	2	190.49999999999997	100
810	9	2	189.61616161616163	190.14141414141412
810	10	1	148.54500000000002	44.5
810	11	1	1.8391959798994963	123.0603015075377
810	12	1	52.70792079207922	139.3514851485148
810	13	1	129.92500000000004	98.18499999999997
810	14	1	62.24378109452741	152.49253731343276
810	15	1	72.94059405940594	1.0643564356435662
810	16	1	19.288557213930357	113.0746268656716
810	17	1	62.95999999999999	198.74500000000003
810	18	1	92.68	67.87
810	19	1	23.755000000000003	126.675
810	20	1	122.2587064676617	110.29353233830841
810	21	1	1.0940594059405937	142.89108910891082
810	22	1	24.94527363184079	198.51243781094527
810	23	1	27.745000000000005	87.24499999999998
810	24	1	37.688442211055275	153.6834170854272
810	25	1	8.009950248756217	74.62686567164182
810	26	1	150.87623762376245	157.86138613861382
810	27	1	11.722772277227723	55.27722772277226
810	28	1	163.73	37.839999999999996
810	29	1	118.55223880597013	192.42288557213925
810	30	1	180.391959798995	53.93467336683416
810	31	1	165.98492462311555	26.854271356783926
810	32	1	173.49000000000012	146.95000000000002
810	33	1	55.88557213930349	189.38805970149247
810	34	1	175.7064676616915	42.66169154228855
810	35	1	22.84499999999999	151.51000000000002
810	36	1	42.71859296482408	113.34673366834171
810	37	1	50.07000000000001	166.28000000000003
810	38	1	11.910447761194023	157.4328358208956
810	39	1	62.776119402985046	12.985074626865666
810	40	1	7.894472361809045	129.52763819095472
810	41	1	40.4653465346535	188.01980198019783
810	42	1	68.42786069651743	141.82587064676628
810	43	1	189.21000000000015	142.5700000000001
810	44	1	125.37313432835812	11.442786069651746
810	45	1	191.67164179104486	115.90049751243775
810	46	1	143.18407960199	142.31343283582086
810	47	1	27.995	109.085
810	48	1	58.38308457711444	177.6169154228856
810	49	1	17.980099502487572	67.90547263681596
810	50	1	145.66666666666669	10.248756218905472
810	51	1	20.139999999999997	169.6050000000001
810	52	1	26.358208955223894	54.92039800995025
810	53	1	139.04999999999993	53.28500000000001
810	54	1	102.08910891089111	74.94554455445544
810	55	1	117.48514851485145	82.59900990099001
810	56	1	123.15000000000005	71.10000000000004
810	57	1	50.91457286432163	9.532663316582918
810	58	1	86.68656716417918	61.03980099502487
810	59	1	66.03482587064678	166.636815920398
810	60	1	0.6799999999999992	52.175000000000004
810	61	1	108.1243781094527	28.940298507462675
810	62	1	44.74999999999997	149.38500000000002
810	63	1	33.24999999999999	164.315
810	64	1	51.61194029850746	34.83084577114426
810	65	1	3.8450000000000037	108.98499999999999
810	66	1	15.467336683417088	141.50251256281405
810	67	1	114.23880597014927	8.721393034825878
810	68	1	183.76732673267315	130.5247524752476
810	69	1	74.96000000000011	177.21999999999994
810	70	1	30.49253731343284	11.22388059701493
810	71	1	159.65671641791036	48.656716417910445
810	72	1	24.750000000000004	95.20999999999998
810	73	1	42.06500000000001	24.205000000000002
810	74	1	40.099999999999994	1.9000000000000004
810	75	1	108.06965174129351	178.955223880597
810	76	1	40.09950248756219	176.80099502487562
810	77	1	126.30999999999997	187.67999999999998
810	78	1	133.98009950248752	6.109452736318407
810	79	1	76.09000000000005	159.11999999999992
810	80	1	86.8507462686567	125.07462686567162
810	81	1	49.14500000000004	106.18999999999998
810	82	1	35.24120603015076	137.23618090452266
810	83	1	199.3681592039801	159.00995024875624
810	84	1	38.98499999999998	126.37999999999998
810	85	1	119.00500000000005	24.49500000000001
810	86	1	58.83000000000001	27.61500000000001
810	87	1	171.33	130.36
810	88	1	144.02	192.52000000000007
810	89	1	30.308457711442795	21.263681592039806
820	1	2	9.858585858585856	9.616161616161614
820	2	2	9.950000000000008	100.29000000000005
820	3	2	10.120000000000005	190.11999999999992
820	4	2	99.88000000000001	9.879999999999995
820	5	2	100.12	99.88
820	6	2	100.00000000000003	190.50000000000006
820	7	2	189.87999999999997	9.879999999999995
820	8	2	190.49999999999997	100
820	9	2	189.61616161616163	190.14141414141412
820	10	1	149.8805970149254	44.243781094527364
820	11	1	1.4950000000000012	122.70000000000002
820	12	1	51.706467661691555	139.6467661691542
820	13	1	129.54228855721394	97.33333333333334
820	14	1	62.90547263681591	152.2089552238805
820	15	1	71.99999999999997	0.9500000000000005
820	16	1	20.174999999999997	112.82499999999995
820	17	1	61.809999999999995	198.34000000000015
820	18	1	91.85572139303484	66.75621890547264
820	19	1	24.15	126.335
820	20	1	121.39800995024873	110.17910447761194
820	21	1	199.875	142.1849999999999
820	22	1	24.845771144278608	197.4129353233831
820	23	1	27.23	85.80500000000009
820	24	1	37.005000000000024	153.71
820	25	1	5.975124378109452	74.23880597014927
820	26	1	148.09405940594058	158.42079207920796
820	27	1	9.891089108910892	55.69801980198021
820	28	1	163.94029850746261	35.85572139303484
820	29	1	118.01990049751247	191.6318407960199
820	30	1	179.20297029702968	54.19306930693068
820	31	1	165.89499999999998	25.465
820	32	1	172.36815920398013	146.7960199004974
820	33	1	56.21500000000002	188.35000000000002
820	34	1	174.7386934673367	42.854271356783904
820	35	1	21.800995024875625	151.06965174129357
820	36	1	43.532338308457724	113.59701492537316
820	37	1	49.74000000000003	165.91500000000002
820	38	1	11.139303482587064	157.11442786069665
820	39	1	62.47000000000003	13.565000000000001
820	40	1	7.248756218905474	129.2935323383084
820	41	1	41.019900497512424	187.01990049751234
820	42	1	66.7910447761194	141.15422885572136
820	43	1	188.0800000000001	141.9099999999999
820	44	1	124.68316831683171	12.024752475247526
820	45	1	192.01507537688443	114.42713567839195
820	46	1	143.55499999999986	141.90499999999997
820	47	1	28.629999999999992	108.88999999999999
820	48	1	58.36999999999998	176.24500000000006
820	49	1	16.93034825870646	67.33333333333331
820	50	1	146.00995024875624	7.452736318407956
820	51	1	18.945273631840806	169.11940298507486
820	52	1	25.78500000000001	54.015
820	53	1	139.90999999999988	51.939999999999976
820	54	1	101.56716417910445	73.47263681592035
820	55	1	116.71	81.82499999999996
820	56	1	123.13499999999993	70.42500000000004
820	57	1	50.34673366834173	8.618090452261306
820	58	1	85.55778894472357	60.18090452261308
820	59	1	66.42500000000003	166.07000000000005
820	60	1	0.5799999999999994	50.499999999999964
820	61	1	107.49253731343289	28.308457711442788
820	62	1	44.55721393034824	150.04975124378115
820	63	1	32.17910447761196	164.2537313432836
820	64	1	50.43499999999999	34.04999999999999
820	65	1	5.0251256281407075	109.44723618090455
820	66	1	14.315	140.94
820	67	1	114.53499999999998	6.585000000000008
820	68	1	183.4257425742575	128.3811881188119
820	69	1	74.74000000000002	176.79500000000007
820	70	1	30.179104477611954	10.253731343283592
820	71	1	160.56716417910445	48.343283582089555
820	72	1	25.179104477611933	95.06965174129351
820	73	1	41.290000000000006	23.685000000000002
820	74	1	40.134328358208975	0.9601990049751234
820	75	1	107.07500000000002	177.99500000000012
820	76	1	38.870646766169145	176.38308457711446
820	77	1	125.51499999999997	186.7199999999999
820	78	1	133.09405940594056	7.193069306930692
820	79	1	76.65346534653463	157.96534653465343
820	80	1	87.145	123.51999999999992
820	81	1	49.14999999999998	106.00499999999995
820	82	1	34.592039800995046	137.48756218905476
820	83	1	198.7860696517413	158.56218905472645
820	84	1	39.25373134328357	126.8955223880597
820	85	1	117.64179104477618	25.243781094527364
820	86	1	57.9054726368159	27.94527363184079
820	87	1	171.37810945273628	132.60696517412924
820	88	1	142.74129353233826	192.69154228855734
820	89	1	29.256281407035164	20.2964824120603
830	1	2	9.858585858585856	9.616161616161614
830	2	2	9.950000000000008	100.29000000000005
830	3	2	10.120000000000005	190.11999999999992
830	4	2	99.88000000000001	9.879999999999995
830	5	2	100.12	99.88
830	6	2	100.00000000000003	190.50000000000006
830	7	2	189.87999999999997	9.879999999999995
830	8	2	190.49999999999997	100
830	9	2	189.61616161616163	190.14141414141412
830	10	1	150.47000000000008	43.55000000000004
830	11	1	0.9749999999999994	122.39999999999996
830	12	1	50.89000000000001	140.34
830	13	1	129.18407960199013	96.98507462686567
830	14	1	63.306930693069326	151.7574257425742
830	15	1	70.46534653465345	0.915841584158416
830	16	1	20.81683168316832	112.58910891089108
830	17	1	60.49999999999999	198.05499999999995
830	18	1	91.62189054726369	65.39800995024872
830	19	1	24.44278606965173	126.06467661691539
830	20	1	120.91500000000003	110.54
830	21	1	199.70646766169153	141.63184079602007
830	22	1	24.19900497512437	196.4129353233832
830	23	1	26.65174129353235	83.91044776119404
830	24	1	35.95000000000002	153.20500000000004
830	25	1	3.5671641791044784	74.34825870646759
830	26	1	146.65174129353233	158.25870646766174
830	27	1	8.16	55.964999999999996
830	28	1	163.85572139303488	33.830845771144304
830	29	1	117.56716417910444	190.92039800995028
830	30	1	178.17999999999995	54.65
830	31	1	166.26000000000008	24.279999999999998
830	32	1	170.94999999999993	147.06499999999997
830	33	1	56.285000000000025	187.28000000000017
830	34	1	173.91999999999987	43.13500000000001
830	35	1	20.955	151.12500000000006
830	36	1	44.53233830845772	113.78606965174131
830	37	1	49.665	165.65000000000006
830	38	1	10.631840796019903	156.86567164179098
830	39	1	62.025	14.910000000000005
830	40	1	6.615000000000003	129.16500000000002
830	41	1	41.09452736318411	186.46766169154233
830	42	1	65.40099009900995	140.35643564356423
830	43	1	187.46000000000018	140.51000000000002
830	44	1	123.46499999999999	12.475000000000009
830	45	1	192.395	112.93999999999998
830	46	1	144.35820895522394	140.95024875621903
830	47	1	29.245000000000005	108.48
830	48	1	58.92964824120606	175.4120603015075
830	49	1	15.285	66.87000000000002
830	50	1	145.45771144278598	6.18905472636816
830	51	1	17.940298507462696	169.0398009950248
830	52	1	24.621890547263675	52.890547263681604
830	53	1	140.68656716417914	51.04477611940299
830	54	1	100.65346534653467	72.29702970297026
830	55	1	116.08499999999995	81.005
830	56	1	123.23383084577115	69.68159203980098
830	57	1	49.55223880597017	8.094527363184078
830	58	1	84.79104477611942	59.39800995024875
830	59	1	66.75621890547264	165.48258706467647
830	60	1	0.3999999999999999	49.47000000000002
830	61	1	106.68656716417918	27.442786069651742
830	62	1	44.649999999999984	151.05500000000004
830	63	1	31.46766169154229	164.1890547263681
830	64	1	49.03465346534653	33.450495049504944
830	65	1	6.515000000000003	109.70000000000003
830	66	1	13.650000000000006	140.67000000000007
830	67	1	114.50999999999995	4.669999999999999
830	68	1	182.96534653465338	126.9455445544555
830	69	1	74.78500000000001	176.87500000000003
830	70	1	29.865000000000013	9.050000000000004
830	71	1	161.27500000000003	47.85
830	72	1	25.819999999999997	94.48000000000003
830	73	1	40.58000000000001	23.45499999999999
830	74	1	40.321608040201006	199.7286432160804
830	75	1	106.03482587064676	176.76119402985066
830	76	1	38.43781094527364	176.10447761194027
830	77	1	124.94527363184075	185.9950248756219
830	78	1	132.40298507462694	8.169154228855719
830	79	1	77.10000000000004	157.0149999999999
830	80	1	87.08457711442787	122.40298507462688
830	81	1	48.63184079601987	105.76119402985076
830	82	1	34.08500000000001	137.6500000000001
830	83	1	198.455	158.2199999999999
830	84	1	39.656716417910445	127.68656716417914
830	85	1	116.23762376237622	25.643564356435633
830	86	1	57.355000000000004	28.840000000000007
830	87	1	171.80693069306912	133.93564356435655
830	88	1	140.94499999999994	193.37499999999997
830	89	1	29.254999999999995	19.34999999999998
840	1	2	9.858585858585856	9.616161616161614
840	2	2	9.950000000000008	100.29000000000005
840	3	2	10.120000000000005	190.11999999999992
840	4	2	99.88000000000001	9.879999999999995
840	5	2	100.12	99.88
840	6	2	100.00000000000003	190.50000000000006
840	7	2	189.87999999999997	9.879999999999995
840	8	2	190.49999999999997	100
840	9	2	189.61616161616163	190.14141414141412
840	10	1	151.19000000000008	42.58999999999999
840	11	1	0.1732673267326747	122.40099009900995
840	12	1	50.2	141.10500000000008
840	13	1	128.7761194029851	96.79104477611938
840	14	1	63.65671641791045	151.40298507462686
840	15	1	68.98019801980196	0.2920792079207916
840	16	1	22.054187192118246	112.53201970443352
840	17	1	59.52261306532662	198.608040201005
840	18	1	91.80099502487565	63.90049751243783
840	19	1	25.059701492537318	125.62189054726367
840	20	1	120.23999999999998	110.87499999999997
840	21	1	199.26	141.1999999999999
840	22	1	24.10500000000001	195.68500000000006
840	23	1	26.640000000000004	81.975
840	24	1	34.72	152.64000000000004
840	25	1	2.1592039800995018	74.47761194029852
840	26	1	146.3134328358209	157.85572139303483
840	27	1	6.515	56.180000000000014
840	28	1	163.6965174129352	32.328358208955216
840	29	1	116.75124378109454	190.02487562189052
840	30	1	176.87064676616916	55.323383084577124
840	31	1	166.56499999999997	23.289999999999996
840	32	1	168.7524752475248	147.50495049504966
840	33	1	56.5174129353234	186.2089552238807
840	34	1	173.53731343283573	42.80099502487562
840	35	1	20.044776119402982	151.20895522388068
840	36	1	46.18905472636819	113.9701492537314
840	37	1	49.378109452736325	165.363184079602
840	38	1	9.825870646766163	157.22388059701507
840	39	1	61.726368159203965	16.248756218905466
840	40	1	6.044554455445544	129.26237623762384
840	41	1	41.12935323383083	185.8756218905473
840	42	1	63.82587064676616	139.6417910447761
840	43	1	186.48756218905461	139.91044776119404
840	44	1	122.1831683168317	13.227722772277223
840	45	1	192.71144278606965	112.1243781094527
840	46	1	145.25870646766163	139.61194029850748
840	47	1	30.165000000000006	107.98999999999998
840	48	1	59.27638190954775	174.59296482412051
840	49	1	14.400990099009901	66.80693069306929
840	50	1	144.64676616915415	4.791044776119402
840	51	1	17.555000000000007	168.57500000000002
840	52	1	23.572864321608034	52.391959798994975
840	53	1	141.6169154228855	50.019900497512396
840	54	1	99.06930693069306	71.23267326732676
840	55	1	114.48756218905474	80.00497512437809
840	56	1	123.87562189054725	68.70149253731348
840	57	1	49.174129353233795	7.995024875621891
840	58	1	84.41089108910894	58.257425742574235
840	59	1	67.06930693069305	164.74257425742573
840	60	1	199.9452736318408	48.726368159203965
840	61	1	106.23383084577112	26.716417910447763
840	62	1	44.90954773869346	151.90954773869342
840	63	1	30.940298507462686	164.1691542288556
840	64	1	47.85074626865671	33.402985074626855
840	65	1	8.61	110.785
840	66	1	13.139999999999997	140.45000000000005
840	67	1	115.05025125628141	2.6683417085427124
840	68	1	182.12935323383093	125.63681592039799
840	69	1	74.68500000000006	176.73499999999996
840	70	1	28.824120603015075	7.502512562814069
840	71	1	161.68499999999992	46.93000000000001
840	72	1	26.741293532338318	93.75621890547262
840	73	1	39.92	22.680000000000014
840	74	1	40.79104477611942	198.90547263681592
840	75	1	104.69651741293538	175.80099502487562
840	76	1	37.61881188118812	175.9653465346534
840	77	1	123.955	184.82
840	78	1	131.75247524752476	8.495049504950495
840	79	1	77.90049751243781	155.97512437810948
840	80	1	87.40796019900496	121.27860696517416
840	81	1	47.51500000000001	105.17999999999994
840	82	1	32.91499999999998	137.71999999999997
840	83	1	198.08955223880596	157.02487562189057
840	84	1	40.20398009950247	128.33333333333331
840	85	1	115.1507537688442	25.241206030150753
840	86	1	56.47999999999998	29.249999999999982
840	87	1	172.62500000000003	134.80500000000004
840	88	1	139.24000000000012	193.90499999999997
840	89	1	29.218905472636813	18.258706467661696
850	1	2	9.858585858585856	9.616161616161614
850	2	2	9.950000000000008	100.29000000000005
850	3	2	10.120000000000005	190.11999999999992
850	4	2	99.88000000000001	9.879999999999995
850	5	2	100.12	99.88
850	6	2	100.00000000000003	190.50000000000006
850	7	2	189.87999999999997	9.879999999999995
850	8	2	190.49999999999997	100
850	9	2	189.61616161616163	190.14141414141412
850	10	1	152.0703517587939	41.874371859296474
850	11	1	198.945	122.50000000000001
850	12	1	49.71000000000002	141.95
850	13	1	128.52736318407958	96.32338308457707
850	14	1	63.830845771144276	151.1492537313433
850	15	1	67.79104477611938	199.3880597014926
850	16	1	22.96000000000001	112.22499999999995
850	17	1	58.78999999999999	199.24999999999997
850	18	1	90.91044776119405	63.25870646766167
850	19	1	25.335	125.47499999999998
850	20	1	119.68	111.20500000000001
850	21	1	198	141.25870646766174
850	22	1	24.231155778894472	194.9396984924622
850	23	1	25.81094527363184	79.85074626865678
850	24	1	33.265000000000015	152.06999999999982
850	25	1	0.4449999999999991	74.25999999999995
850	26	1	146.1293532338308	157.19900497512432
850	27	1	5.0746268656716405	56.07960199004976
850	28	1	163.37313432835828	30.691542288557198
850	29	1	116.11442786069654	189.31840796019904
850	30	1	176.35820895522394	55.96517412935326
850	31	1	167.52736318407952	22.74129353233832
850	32	1	166.6915422885573	147.88059701492537
850	33	1	56.80099502487565	185.03482587064678
850	34	1	172.7850000000001	43.14000000000001
850	35	1	19.134328358208954	150.9353233830846
850	36	1	47.43781094527362	113.78606965174131
850	37	1	48.615	164.7900000000001
850	38	1	8.748743718592962	157.66834170854278
850	39	1	60.850746268656735	17.422885572139304
850	40	1	5.600000000000001	129.22999999999996
850	41	1	41.36500000000003	185.395
850	42	1	62.487562189054756	139.35820895522392
850	43	1	185.9500000000001	139.23999999999998
850	44	1	120.96019900497511	13.43781094527364
850	45	1	193.54726368159203	111.45273631840793
850	46	1	145.66169154228845	138.4228855721394
850	47	1	30.64179104477611	107.57711442786074
850	48	1	59.50500000000002	173.47999999999996
850	49	1	12.93034825870647	66.407960199005
850	50	1	143.3930348258705	4.179104477611939
850	51	1	17.04950495049505	168.15841584158423
850	52	1	22.671641791044774	51.497512437810926
850	53	1	142.4925373134328	49.14427860696516
850	54	1	98.34328358208957	70.17910447761189
850	55	1	113.94000000000003	79.04499999999997
850	56	1	123.71000000000002	68.34499999999997
850	57	1	48.50746268656718	7.676616915422889
850	58	1	84.60000000000001	56.454999999999984
850	59	1	67.70149253731354	164.09950248756218
850	60	1	199.22885572139305	47.64179104477614
850	61	1	105.91999999999992	25.619999999999997
850	62	1	45.09000000000002	152.50500000000002
850	63	1	30.40999999999999	164.42999999999998
850	64	1	46.47263681592041	33.57711442786073
850	65	1	10.6865671641791	112.20895522388061
850	66	1	12.71641791044775	139.95522388059698
850	67	1	115.22885572139306	1.6716417910447763
850	68	1	181.2835820895521	125.34328358208953
850	69	1	74.50248756218906	176.26865671641792
850	70	1	28.020100502512562	6.537688442211055
850	71	1	161.76499999999996	45.180000000000014
850	72	1	28.61999999999999	93.35499999999999
850	73	1	39.154228855721385	22.402985074626848
850	74	1	41.15920398009947	197.8955223880597
850	75	1	103.61386138613864	175.01485148514845
850	76	1	37.26500000000001	175.83499999999998
850	77	1	122.69651741293534	183.05970149253739
850	78	1	131.1592039800995	8.930348258706468
850	79	1	78.86999999999999	154.5250000000001
850	80	1	87.29353233830845	120.64179104477608
850	81	1	46.96000000000001	104.78500000000001
850	82	1	31.880597014925378	137.7313432835822
850	83	1	197.9497487437186	155.8492462311557
850	84	1	40.31840796019902	128.5970149253731
850	85	1	114.497512437811	25.189054726368166
850	86	1	55.415000000000035	29.53
850	87	1	172.75124378109473	135.68656716417917
850	88	1	137.5449999999999	194.08999999999992
850	89	1	29.243781094527375	17.194029850746272
860	1	2	9.858585858585856	9.616161616161614
860	2	2	9.950000000000008	100.29000000000005
860	3	2	10.120000000000005	190.11999999999992
860	4	2	99.88000000000001	9.879999999999995
860	5	2	100.12	99.88
860	6	2	100.00000000000003	190.50000000000006
860	7	2	189.87999999999997	9.879999999999995
860	8	2	190.49999999999997	100
860	9	2	189.61616161616163	190.14141414141412
860	10	1	152.62686567164175	41.70646766169155
860	11	1	198.47761194029852	122.4975124378109
860	12	1	49.194999999999986	142.62000000000003
860	13	1	128.28500000000008	95.46500000000007
860	14	1	63.68656716417911	150.30845771144263
860	15	1	66.83663366336641	198.3861386138614
860	16	1	23.90049751243783	111.59701492537307
860	17	1	58.17	199.645
860	18	1	89.70499999999996	62.635
860	19	1	25.592039800995042	125.45273631840796
860	20	1	118.94999999999996	111.77999999999996
860	21	1	197.08457711442787	141.36318407960204
860	22	1	24.746268656716417	194.59701492537323
860	23	1	25.18905472636817	77.99004975124377
860	24	1	31.880597014925367	151.04975124378126
860	25	1	199.2039800995025	74.71144278606972
860	26	1	145.97500000000002	156.47500000000002
860	27	1	3.9253731343283604	55.60696517412934
860	28	1	163.18999999999997	29.834999999999997
860	29	1	115.69499999999994	188.4149999999999
860	30	1	175.64676616915423	56.98009950248753
860	31	1	167.8805970149254	22.263681592039806
860	32	1	164.44	147.78000000000006
860	33	1	56.85643564356434	183.40099009900993
860	34	1	172.4099999999999	43.13999999999998
860	35	1	18.174129353233845	150.39303482587064
860	36	1	49.07960199004976	113.65174129353235
860	37	1	48.109999999999985	164.10999999999999
860	38	1	8.248756218905472	158.0348258706467
860	39	1	59.87000000000001	18.05500000000001
860	40	1	4.835000000000002	129.53500000000005
860	41	1	41.370000000000005	184.62000000000006
860	42	1	61.974999999999994	138.81999999999996
860	43	1	185.215	138.95999999999995
860	44	1	120.12437810945272	13.60199004975124
860	45	1	194.11	111.14000000000003
860	46	1	145.54726368159194	137.03980099502493
860	47	1	31.283582089552233	107.18407960199008
860	48	1	59.604999999999976	172.39999999999998
860	49	1	11.455000000000002	66.60500000000002
860	50	1	142.66169154228862	3.3383084577114426
860	51	1	16.94999999999999	167.75000000000009
860	52	1	21.585000000000004	51.19999999999999
860	53	1	143.40999999999994	48.24999999999998
860	54	1	97.1674876847291	69.19704433497532
860	55	1	113.54499999999999	78.53000000000002
860	56	1	124.38693467336684	67.55276381909547
860	57	1	48.00497512437815	7.55721393034826
860	58	1	84.9849246231156	54.829145728643255
860	59	1	68.59701492537319	163.32835820895525
860	60	1	198.16	46.845
860	61	1	105.7	25.630000000000013
860	62	1	45.32999999999999	153.25999999999996
860	63	1	29.82089552238804	164.13432835820888
860	64	1	45.343283582089555	33.48756218905472
860	65	1	12.398009950248758	113.3084577114428
860	66	1	12.644999999999992	138.99
860	67	1	115.7761194029851	1.059701492537314
860	68	1	180.8905472636815	125.11442786069658
860	69	1	74.36500000000002	175.95500000000004
860	70	1	27.43781094527363	5.557213930348258
860	71	1	161.76500000000007	44.11500000000004
860	72	1	30.155000000000012	92.59500000000007
860	73	1	38.10945273631839	22.08457711442785
860	74	1	42.099502487562205	196.3233830845771
860	75	1	102.60396039603964	174.00990099009903
860	76	1	36.270000000000024	175.88000000000002
860	77	1	122.20500000000004	181.43500000000014
860	78	1	130.4975124378109	9.27860696517413
860	79	1	79.82587064676613	152.97512437810957
860	80	1	87.47738693467338	119.46231155778896
860	81	1	46.34825870646766	104.69154228855722
860	82	1	31.635	137.69500000000002
860	83	1	197.7910447761194	155.089552238806
860	84	1	41.005025125628116	128.22613065326635
860	85	1	113.95000000000003	25.475000000000005
860	86	1	54.427860696517435	29.88557213930348
860	87	1	172.73134328358208	136.45273631840786
860	88	1	135.94999999999996	194.33999999999997
860	89	1	29.559999999999995	15.774999999999993
870	1	2	9.858585858585856	9.616161616161614
870	2	2	9.950000000000008	100.29000000000005
870	3	2	10.120000000000005	190.11999999999992
870	4	2	99.88000000000001	9.879999999999995
870	5	2	100.12	99.88
870	6	2	100.00000000000003	190.50000000000006
870	7	2	189.87999999999997	9.879999999999995
870	8	2	190.49999999999997	100
870	9	2	189.61616161616163	190.14141414141412
870	10	1	152.9396984924623	41.3668341708543
870	11	1	197.5771144278607	122.4726368159204
870	12	1	48.41791044776117	143.2437810945274
870	13	1	127.97	95.38999999999992
870	14	1	63.9502487562189	149.80597014925377
870	15	1	66.1194029850746	197.85572139303483
870	16	1	25.060301507537694	111.57286432160804
870	17	1	57.64000000000001	0.28500000000000014
870	18	1	89.30845771144276	61.63681592039803
870	19	1	25.90954773869347	125.32160804020096
870	20	1	117.89499999999997	112.57500000000002
870	21	1	196.50746268656715	141.21890547263678
870	22	1	25.070000000000007	193.82999999999998
870	23	1	24.37810945273632	76.02985074626868
870	24	1	30.89054726368159	150.62189054726363
870	25	1	197.965	74.67500000000004
870	26	1	145.86999999999998	154.68500000000003
870	27	1	2.417910447761193	55.05970149253729
870	28	1	162.95000000000007	28.595
870	29	1	115.62	187.38499999999996
870	30	1	174.71000000000004	57.910000000000004
870	31	1	168.27860696517416	21.62686567164179
870	32	1	162.67661691542284	148.0398009950249
870	33	1	56.87562189054729	182.20895522388065
870	34	1	171.84577114427867	43.059701492537336
870	35	1	17.209999999999997	149.9549999999999
870	36	1	50.615	113.38
870	37	1	47.64000000000002	163.92500000000004
870	38	1	7.3482587064676625	158.77611940298507
870	39	1	58.56930693069307	18.5990099009901
870	40	1	4.190000000000002	129.19999999999993
870	41	1	41.65500000000001	183.7550000000001
870	42	1	60.68999999999996	138.62499999999994
870	43	1	184.70499999999993	138.7299999999999
870	44	1	119.57213930348257	14.547263681592046
870	45	1	195.54	110.72500000000002
870	46	1	145.78606965174117	135.80597014925374
870	47	1	31.529999999999998	106.435
870	48	1	59.930348258706466	171.55721393034835
870	49	1	10.10891089108911	66.62871287128718
870	50	1	141.8855721393034	2.771144278606967
870	51	1	16.562189054726375	167.27363184079604
870	52	1	20.22388059701492	51.00995024875619
870	53	1	144.20603015075372	47.69346733668344
870	54	1	96.0950000000001	68.75999999999995
870	55	1	113.30500000000002	78.10999999999999
870	56	1	124.40999999999998	67.35000000000002
870	57	1	46.85500000000001	7.395000000000002
870	58	1	84.91044776119406	53.40796019900498
870	59	1	69.34825870646772	161.99502487562194
870	60	1	197.55721393034827	45.57711442786068
870	61	1	105.69849246231148	25.341708542713576
870	62	1	45.43781094527363	153.8606965174129
870	63	1	29.243781094527368	164.00995024875635
870	64	1	43.84079601990052	32.95522388059702
870	65	1	14.388059701492537	114.01492537313429
870	66	1	12.695000000000006	138.17000000000002
870	67	1	116.31343283582092	0.09452736318407988
870	68	1	180.62499999999994	124.86499999999998
870	69	1	73.56999999999998	176.14499999999995
870	70	1	27.044776119402986	4.641791044776118
870	71	1	161.69499999999994	42.655
870	72	1	30.54726368159204	91.71144278606963
870	73	1	36.95499999999999	21.11000000000001
870	74	1	43.22110552763818	194.79396984924622
870	75	1	101.84577114427864	172.86567164179093
870	76	1	35.175000000000004	176.0399999999999
870	77	1	122.11881188118814	180.18316831683168
870	78	1	129.52238805970146	9.746268656716419
870	79	1	80.72500000000001	152.03999999999996
870	80	1	86.8457711442786	117.9054726368159
870	81	1	45.75999999999999	104.56000000000002
870	82	1	30.93969849246232	137.748743718593
870	83	1	197.77386934673368	153.70351758793967
870	84	1	41.26999999999998	128.29499999999996
870	85	1	113.77499999999999	25.564999999999998
870	86	1	53.23762376237624	29.65841584158417
870	87	1	172.66	137.53000000000006
870	88	1	134.77499999999992	194.23999999999998
870	89	1	28.464999999999993	14.26999999999999
880	1	2	9.858585858585856	9.616161616161614
880	2	2	9.950000000000008	100.29000000000005
880	3	2	10.120000000000005	190.11999999999992
880	4	2	99.88000000000001	9.879999999999995
880	5	2	100.12	99.88
880	6	2	100.00000000000003	190.50000000000006
880	7	2	189.87999999999997	9.879999999999995
880	8	2	190.49999999999997	100
880	9	2	189.61616161616163	190.14141414141412
880	10	1	153.1649999999999	40.70999999999999
880	11	1	197.1144278606965	122.30348258706468
880	12	1	47.94029850746269	144.2537313432835
880	13	1	127.64179104477614	94.74626865671641
880	14	1	63.88442211055278	148.87939698492454
880	15	1	65.30348258706462	197.28855721393035
880	16	1	25.944999999999993	111.87500000000001
880	17	1	56.98500000000005	1.5499999999999996
880	18	1	87.62000000000002	61.34499999999998
880	19	1	26.02487562189056	125.73134328358209
880	20	1	117.04975124378106	113.08457711442783
880	21	1	195.4228855721393	141.43283582089543
880	22	1	25.025125628140707	192.12562814070347
880	23	1	23.395000000000007	74.28999999999999
880	24	1	30.074626865671647	150.36815920397993
880	25	1	197.07	74.49000000000001
880	26	1	146.25870646766165	152.865671641791
880	27	1	1.522613065326633	54.12060301507538
880	28	1	162.960199004975	27.656716417910452
880	29	1	115.325	185.65
880	30	1	173.55	58.775000000000006
880	31	1	169.11442786069637	20.74626865671642
880	32	1	160.9800995024876	148.89054726368158
880	33	1	56.819999999999986	181.47500000000008
880	34	1	171.49246231155763	43.15577889447237
880	35	1	16.134328358208958	150.73631840796037
880	36	1	51.42786069651741	113.1442786069652
880	37	1	46.87500000000002	163.80499999999998
880	38	1	5.984999999999997	159.525
880	39	1	57.44499999999999	19.010000000000005
880	40	1	3.1950000000000007	129.1700000000001
880	41	1	41.96	183.26500000000001
880	42	1	58.51243781094525	138.19402985074632
880	43	1	183.98999999999992	138.78999999999994
880	44	1	119.12060301507542	15.326633165829154
880	45	1	197.355	110.72999999999998
880	46	1	145.93034825870643	134.80597014925374
880	47	1	31.915422885572138	105.79104477611938
880	48	1	60.00995024875624	170.42288557213934
880	49	1	8.990049751243781	66.07960199004972
880	50	1	141.27860696517405	1.5273631840796014
880	51	1	16.09452736318408	166.7412935323384
880	52	1	19.14925373134328	51.06965174129355
880	53	1	144.68	46.11
880	54	1	95.12935323383091	67.75124378109447
880	55	1	112.50251256281406	77.2361809045226
880	56	1	124.32160804020103	66.83919597989951
880	57	1	45.57999999999999	7.43
880	58	1	85.2587064676617	51.895522388059696
880	59	1	71.16499999999999	161.25499999999994
880	60	1	196.3781094527363	45.41791044776118
880	61	1	105.45000000000002	25.885000000000005
880	62	1	45.61500000000001	154.13500000000002
880	63	1	28.679999999999996	163.56499999999994
880	64	1	42.52238805970144	33.169154228855724
880	65	1	16.034825870646777	114.50248756218902
880	66	1	12.31343283582089	137.8258706467662
880	67	1	117.41000000000008	198.6
880	68	1	179.92999999999998	125.18500000000002
880	69	1	72.63366336633658	175.8811881188118
880	70	1	27.07537688442211	3.2814070351758784
880	71	1	161.6515151515151	41.2070707070707
880	72	1	31.199999999999996	91.02000000000001
880	73	1	35.44776119402986	20.726368159203986
880	74	1	43.76499999999999	193.78499999999988
880	75	1	101.46499999999996	171.82
880	76	1	34.603015075376895	175.86934673366832
880	77	1	121.79396984924625	178.19597989949756
880	78	1	128.19402985074626	10.129353233830853
880	79	1	81.07537688442211	151.5778894472362
880	80	1	85.61999999999995	116.18000000000004
880	81	1	45.610000000000014	104.34999999999997
880	82	1	30.094527363184085	138.00497512437818
880	83	1	197.51	152.54000000000002
880	84	1	41.57213930348258	128.07960199004972
880	85	1	113.53000000000003	25.81
880	86	1	51.787128712871294	28.930693069306933
880	87	1	172.03980099502482	138.6567164179104
880	88	1	133.25999999999993	193.88499999999993
880	89	1	27.611940298507463	12.76119402985074
890	1	2	9.858585858585856	9.616161616161614
890	2	2	9.950000000000008	100.29000000000005
890	3	2	10.120000000000005	190.11999999999992
890	4	2	99.88000000000001	9.879999999999995
890	5	2	100.12	99.88
890	6	2	100.00000000000003	190.50000000000006
890	7	2	189.87999999999997	9.879999999999995
890	8	2	190.49999999999997	100
890	9	2	189.61616161616163	190.14141414141412
890	10	1	153.28999999999994	40.28499999999998
890	11	1	196.79601990049753	122.15422885572136
890	12	1	48.01492537313429	145.3532338308458
890	13	1	127.37999999999994	94.56999999999996
890	14	1	64.56716417910447	147.1890547263682
890	15	1	64.7722772277228	196.49009900990112
890	16	1	26.525000000000006	112.33500000000004
890	17	1	56.62686567164179	2.55223880597015
890	18	1	86.65174129353228	60.412935323383095
890	19	1	26.8492462311558	125.56281407035175
890	20	1	115.85074626865678	113.29353233830848
890	21	1	194.48756218905473	141.4577114427861
890	22	1	25.310000000000002	190.3549999999999
890	23	1	22.059701492537314	72.89054726368164
890	24	1	28.850000000000005	149.29500000000016
890	25	1	196.29850746268656	73.49751243781091
890	26	1	146.75000000000009	151.54999999999998
890	27	1	0.5223880597014914	53.19402985074628
890	28	1	162.54228855721405	26.507462686567177
890	29	1	114.82178217821782	183.8019801980198
890	30	1	172.5870646766169	59.442786069651746
890	31	1	169.92039800995022	19.54228855721393
890	32	1	159.56999999999996	149.31499999999997
890	33	1	56.371859296482434	180.78894472361807
890	34	1	171.08000000000007	42.86
890	35	1	15.311881188118813	150.8712871287129
890	36	1	52.179104477611915	112.79104477611945
890	37	1	45.885000000000005	163.49000000000007
890	38	1	4.693467336683417	160.3919597989949
890	39	1	55.990049751243774	19.099502487562177
890	40	1	2.569999999999999	129.28999999999985
890	41	1	42.059999999999995	182.2800000000001
890	42	1	56.059999999999995	138.17499999999995
890	43	1	183.28499999999994	137.86499999999998
890	44	1	118.70351758793971	15.30653266331658
890	45	1	199.5929648241206	110.4874371859297
890	46	1	146.29500000000002	134.21999999999997
890	47	1	31.80198019801981	104.55445544554452
890	48	1	59.64824120603016	169.53266331658304
890	49	1	7.970297029702967	65.059405940594
890	50	1	139.86934673366838	1.3668341708542733
890	51	1	15.524999999999999	166.29499999999996
890	52	1	18.315	51.35499999999999
890	53	1	144.31499999999988	45.03999999999999
890	54	1	93.980198019802	66.80198019801976
890	55	1	111.47000000000001	76.34000000000002
890	56	1	123.62500000000001	66.46500000000005
890	57	1	44.55940594059407	7.158415841584162
890	58	1	85.44221105527642	50.83919597989951
890	59	1	72.20398009950249	161.00000000000006
890	60	1	196.205	44.334999999999994
890	61	1	105.21	26.300000000000008
890	62	1	45.82587064676616	154.4626865671642
890	63	1	28.114427860696534	163.07462686567175
890	64	1	41.12376237623764	32.81683168316832
890	65	1	16.5273631840796	114.85074626865669
890	66	1	12.311557788944727	137.27638190954772
890	67	1	117.37313432835819	196.955223880597
890	68	1	179.49499999999992	125.52
890	69	1	71.87064676616913	175.24875621890536
890	70	1	26.935000000000006	2.4050000000000002
890	71	1	161.52999999999994	40.025
890	72	1	31.46268656716418	89.97512437810948
890	73	1	33.731343283582085	19.81094527363184
890	74	1	44.5771144278607	192.7661691542288
890	75	1	101.13432835820896	170.9850746268656
890	76	1	33.21890547263681	175.96019900497515
890	77	1	121.12500000000001	176.32000000000008
890	78	1	126.54773869346732	9.69849246231156
890	79	1	81.27499999999998	151.20500000000007
890	80	1	84.28855721393037	115.0099502487562
890	81	1	45.63316582914573	104.12562814070355
890	82	1	29.900497512437816	138.08457711442782
890	83	1	197.37313432835822	150.75621890547262
890	84	1	41.62376237623763	127.62376237623756
890	85	1	113.31499999999997	25.894999999999992
890	86	1	50.555	28.769999999999996
890	87	1	170.9950495049504	140.49999999999997
890	88	1	132.2029702970297	193.4504950495049
890	89	1	26.629999999999985	11.734999999999998
900	1	2	9.858585858585856	9.616161616161614
900	2	2	9.950000000000008	100.29000000000005
900	3	2	10.120000000000005	190.11999999999992
900	4	2	99.88000000000001	9.879999999999995
900	5	2	100.12	99.88
900	6	2	100.00000000000003	190.50000000000006
900	7	2	189.87999999999997	9.879999999999995
900	8	2	190.49999999999997	100
900	9	2	189.61616161616163	190.14141414141412
900	10	1	153.4129353233831	39.756218905472636
900	11	1	196.4825870646766	121.62189054726367
900	12	1	47.86567164179105	145.8656716417911
900	13	1	127.14070351758787	94.63316582914575
900	14	1	64.75124378109452	145.54228855721382
900	15	1	64.08499999999998	195.995
900	16	1	27.06965174129352	112.53731343283586
900	17	1	55.83919597989951	3.7085427135678395
900	18	1	86.07960199004972	59.28358208955221
900	19	1	28.21890547263682	125.51243781094524
900	20	1	114.72139303482587	112.860696517413
900	21	1	193.57	141.36
900	22	1	25.480198019801993	188.9306930693069
900	23	1	20.03980099502488	70.89054726368157
900	24	1	27.80597014925374	148.7512437810946
900	25	1	195.475	73.86499999999997
900	26	1	147.0653266331658	150.0251256281407
900	27	1	199.9502487562189	51.96019900497512
900	28	1	163.22388059701493	25.85074626865672
900	29	1	114.375	182.29999999999995
900	30	1	171.4900000000001	60.269999999999996
900	31	1	171.00497512437806	18.44278606965174
900	32	1	158.34825870646773	148.75124378109473
900	33	1	56.125628140703526	180.24120603015086
900	34	1	170.55445544554442	43.28217821782176
900	35	1	14.254999999999995	150.11499999999995
900	36	1	52.860696517412954	112.11940298507463
900	37	1	44.683417085427145	163.31155778894467
900	38	1	3.510000000000004	160.81500000000005
900	39	1	54.641791044776156	19.000000000000004
900	40	1	1.1442786069651734	129.1741293532338
900	41	1	41.934673366834154	181.7185929648242
900	42	1	54.68500000000006	138.65500000000003
900	43	1	182.28643216080408	137.51256281407026
900	44	1	118.65671641791049	15.776119402985078
900	45	1	1.9099999999999984	110.27999999999999
900	46	1	146.96000000000015	133.43
900	47	1	32.12000000000001	103.95999999999998
900	48	1	59.83999999999999	168.49500000000003
900	49	1	6.499999999999999	63.819999999999986
900	50	1	138.26500000000004	0.8449999999999973
900	51	1	14.601990049751235	165.70149253731336
900	52	1	17.265000000000008	52.190000000000005
900	53	1	143.09950248756215	43.42786069651745
900	54	1	92.910447761194	65.14427860696522
900	55	1	111.06999999999995	75.64499999999994
900	56	1	122.82000000000002	65.95499999999996
900	57	1	43.477611940298516	6.398009950248758
900	58	1	85.46231155778896	49.85427135678392
900	59	1	73.22613065326631	160.68844221105536
900	60	1	195.56	44.12499999999997
900	61	1	105.01499999999997	26.854999999999997
900	62	1	46.09900990099009	154.59900990099013
900	63	1	27.38999999999999	162.47999999999993
900	64	1	40.18407960199006	31.547263681592028
900	65	1	16.92537313432836	115.93532338308455
900	66	1	11.939999999999998	136.19999999999996
900	67	1	116.00995024875623	195.2487562189054
900	68	1	178.71999999999986	126.01500000000006
900	69	1	70.68499999999996	174.93500000000006
900	70	1	26.293532338308456	1.0746268656716427
900	71	1	161.54455445544556	38.63861386138613
900	72	1	31.359999999999992	89.10000000000004
900	73	1	32.31683168316832	18.925742574257413
900	74	1	45.760000000000005	191.98999999999998
900	75	1	100.57711442786072	170.12437810945272
900	76	1	32.28855721393035	175.8805970149254
900	77	1	120.84500000000007	174.79
900	78	1	125.01499999999999	8.739999999999997
900	79	1	82.28358208955224	150.8656716417911
900	80	1	82.89999999999995	114.36
900	81	1	45.49253731343281	103.44278606965172
900	82	1	29.75500000000001	138.3299999999999
900	83	1	196.90547263681592	150.18407960199008
900	84	1	41.78109452736318	127.58706467661692
900	85	1	113.20999999999995	25.96499999999999
900	86	1	49.58999999999997	29.59499999999999
900	87	1	170.30845771144283	142.34328358208947
900	88	1	130.407960199005	193.41791044776107
900	89	1	25.711442786069647	10.83084577114428
910	1	2	9.858585858585856	9.616161616161614
910	2	2	9.950000000000008	100.29000000000005
910	3	2	10.120000000000005	190.11999999999992
910	4	2	99.88000000000001	9.879999999999995
910	5	2	100.12	99.88
910	6	2	100.00000000000003	190.50000000000006
910	7	2	189.87999999999997	9.879999999999995
910	8	2	190.49999999999997	100
910	9	2	189.61616161616163	190.14141414141412
910	10	1	153.76500000000004	39.42999999999999
910	11	1	196.15422885572139	120.83084577114428
910	12	1	47.95477386934676	145.99999999999997
910	13	1	126.78	94.07000000000004
910	14	1	64.87064676616916	144.17910447761201
910	15	1	63.59499999999999	195.43
910	16	1	27.860696517412933	112.66169154228855
910	17	1	54.6865671641791	4.910447761194028
910	18	1	85.75247524752479	58.569306930693074
910	19	1	29.673267326732674	125.58415841584157
910	20	1	112.96500000000005	112.16999999999996
910	21	1	192.5075376884422	141.46733668341713
910	22	1	26.60499999999999	187.83000000000013
910	23	1	18.88059701492538	69.53731343283582
910	24	1	26.800995024875622	148.02487562189066
910	25	1	194.63	74.12499999999996
910	26	1	147.02487562189066	147.97014925373142
910	27	1	0.0399999999999988	50.61500000000001
910	28	1	164.318407960199	25.31840796019901
910	29	1	113.86499999999998	181.05000000000015
910	30	1	170.55000000000007	61.50000000000002
910	31	1	172.29353233830847	17.243781094527375
910	32	1	157	149.3649999999999
910	33	1	56.299999999999976	180.00499999999997
910	34	1	169.9350000000001	43.545000000000016
910	35	1	13.120000000000006	149.88500000000005
910	36	1	53.33668341708542	111.36180904522611
910	37	1	43.393034825870636	162.9800995024876
910	38	1	2.462311557788944	161.25628140703523
910	39	1	53.57500000000001	19.729999999999993
910	40	1	0.21890547263681648	129.1741293532338
910	41	1	41.875621890547265	180.74626865671652
910	42	1	53.462686567164155	138.7910447761193
910	43	1	181.76999999999992	136.89000000000016
910	44	1	118.63500000000006	16.19
910	45	1	4.328358208955226	110.67164179104478
910	46	1	147.9004975124378	132.46268656716413
910	47	1	32.51243781094526	103.04477611940301
910	48	1	59.59999999999998	167.29500000000002
910	49	1	5.194029850746271	63.17412935323384
910	50	1	137.6268656716418	0.17412935323383116
910	51	1	13.89000000000001	165.06500000000008
910	52	1	16.316582914572862	52.62814070351759
910	53	1	142.76499999999993	41.98500000000001
910	54	1	92.89000000000006	63.41
910	55	1	110.67821782178216	74.82673267326737
910	56	1	122.60999999999999	65.09500000000001
910	57	1	42.6930693069307	6.193069306930692
910	58	1	85.59000000000002	48.55
910	59	1	74.00497512437813	160.54228855721394
910	60	1	195.125	43.98499999999999
910	61	1	104.30150753768848	27.804020100502505
910	62	1	45.793969849246224	154.45728643216086
910	63	1	26.517241379310356	161.871921182266
910	64	1	39.195000000000014	30.340000000000003
910	65	1	17.487562189054714	116.8805970149254
910	66	1	11.469999999999995	135.55500000000004
910	67	1	115.30198019801982	194.0643564356436
910	68	1	178.14925373134326	126.68656716417917
910	69	1	70.0742574257426	173.84653465346537
910	70	1	27.02500000000002	199.77
910	71	1	161.7150000000001	37.335
910	72	1	31.78391959798996	88.38693467336688
910	73	1	31.019900497512435	18.4278606965174
910	74	1	47.28078817733992	190.6453201970443
910	75	1	100.85074626865672	167.9402985074628
910	76	1	31.369999999999987	175.555
910	77	1	120.39800995024873	173.492537313433
910	78	1	123.88059701492536	7.462686567164178
910	79	1	82.37810945273631	150.48756218905484
910	80	1	81.95999999999992	114.47499999999997
910	81	1	45.355000000000025	102.76000000000002
910	82	1	29.480198019801975	138.34653465346534
910	83	1	196.28358208955223	149.95024875621888
910	84	1	42.235	126.64999999999986
910	85	1	113.00999999999998	26.19
910	86	1	48.29353233830847	30.98507462686567
910	87	1	169.09452736318408	144.0845771144278
910	88	1	129.40796019900495	193.05970149253727
910	89	1	25.159999999999997	9.990000000000002
920	1	2	9.858585858585856	9.616161616161614
920	2	2	9.950000000000008	100.29000000000005
920	3	2	10.120000000000005	190.11999999999992
920	4	2	99.88000000000001	9.879999999999995
920	5	2	100.12	99.88
920	6	2	100.00000000000003	190.50000000000006
920	7	2	189.87999999999997	9.879999999999995
920	8	2	190.49999999999997	100
920	9	2	189.61616161616163	190.14141414141412
920	10	1	154.175	38.935
920	11	1	195.63861386138615	119.59405940594056
920	12	1	47.39303482587065	145.94527363184068
920	13	1	126.59499999999997	93.84500000000001
920	14	1	64.32160804020101	143.5527638190955
920	15	1	62.954999999999984	195.785
920	16	1	28.57999999999999	112.60500000000002
920	17	1	54.14925373134329	5.567164179104477
920	18	1	85.57213930348256	57.73631840796018
920	19	1	30.178217821782184	125.32673267326729
920	20	1	111.03000000000002	111.2749999999999
920	21	1	191.46	141.69000000000005
920	22	1	27.744999999999997	187.0449999999999
920	23	1	17.356435643564357	68.48019801980199
920	24	1	25.875621890547265	147.32835820895528
920	25	1	193.22388059701495	73.72636815920396
920	26	1	146.61999999999998	146.25000000000006
920	27	1	199.81	49.92499999999999
920	28	1	165.33333333333331	24.467661691542297
920	29	1	114.04975124378113	179.58706467661688
920	30	1	170.0149253731342	62.59701492537311
920	31	1	173.8099999999999	16.520000000000003
920	32	1	155.70297029702965	149.94059405940604
920	33	1	56.44499999999997	179.58499999999995
920	34	1	169.71000000000006	43.56999999999998
920	35	1	12.164179104477611	149.40796019900486
920	36	1	53.22499999999998	110.42499999999997
920	37	1	41.979999999999976	162.575
920	38	1	1.339999999999999	161.18000000000004
920	39	1	52.71000000000002	20.62
920	40	1	199.4851485148515	129.04950495049493
920	41	1	42.15499999999999	179.59499999999997
920	42	1	52.52000000000002	138.69000000000005
920	43	1	181.3532338308457	136.2487562189055
920	44	1	118.56999999999994	16.190000000000005
920	45	1	5.6815920398009965	111.47761194029847
920	46	1	148.08	131.63499999999993
920	47	1	32.774999999999984	102.06500000000001
920	48	1	59.233830845771145	166.3432835820895
920	49	1	3.7462686567164187	62.40298507462686
920	50	1	136.7386934673368	199.58291457286433
920	51	1	12.761194029850747	164.29850746268656
920	52	1	15.301507537688442	53.36180904522613
920	53	1	142.2199999999999	40.54500000000003
920	54	1	92.77611940298503	62.42288557213929
920	55	1	110.45273631840799	74.16915422885569
920	56	1	122.16499999999999	64.57999999999996
920	57	1	42.341708542713555	6.055276381909551
920	58	1	85.20398009950245	47.796019900497534
920	59	1	74.25373134328362	160.45771144278612
920	60	1	194.3582089552239	44.059701492537314
920	61	1	103.96500000000003	28.734999999999996
920	62	1	45.86363636363637	154.45959595959602
920	63	1	25.487562189054742	161.40796019900506
920	64	1	38.24378109452737	28.815920398009947
920	65	1	18.123762376237615	116.75247524752477
920	66	1	11.064676616915424	134.68159203980093
920	67	1	115.00500000000004	191.85000000000008
920	68	1	177.5606060606061	127.3030303030303
920	69	1	69.41499999999996	173.71000000000015
920	70	1	27.65671641791046	198.38308457711443
920	71	1	162.05500000000004	36.23999999999999
920	72	1	32.12935323383085	87.31840796019898
920	73	1	29.885572139303488	17.432835820895527
920	74	1	48.11940298507462	190.13930348258705
920	75	1	100.47500000000004	166.60000000000008
920	76	1	30.66666666666666	174.69154228855712
920	77	1	119.85000000000001	172.14499999999998
920	78	1	122.85074626865672	6.7263681592039815
920	79	1	83.08500000000004	150.41500000000005
920	80	1	81.2985074626866	114.31840796019901
920	81	1	45.222772277227726	101.69801980198014
920	82	1	28.904999999999998	138.105
920	83	1	195.445	149.66000000000014
920	84	1	42.58706467661693	125.89054726368165
920	85	1	113.01500000000003	26.355000000000008
920	86	1	47.45000000000002	31.93
920	87	1	168.25247524752467	145.35643564356442
920	88	1	128.41499999999994	192.67999999999998
920	89	1	24.35323383084577	8.865671641791048
930	1	2	9.858585858585856	9.616161616161614
930	2	2	9.950000000000008	100.29000000000005
930	3	2	10.120000000000005	190.11999999999992
930	4	2	99.88000000000001	9.879999999999995
930	5	2	100.12	99.88
930	6	2	100.00000000000003	190.50000000000006
930	7	2	189.87999999999997	9.879999999999995
930	8	2	190.49999999999997	100
930	9	2	189.61616161616163	190.14141414141412
930	10	1	154.5125628140704	38.64824120603015
930	11	1	195.38308457711443	117.93532338308465
930	12	1	47.215	145.85000000000002
930	13	1	126.49499999999995	93.52999999999993
930	14	1	64.08500000000005	142.245
930	15	1	62.26368159203978	196.38805970149252
930	16	1	29.26368159203981	112.77114427860697
930	17	1	53.23000000000001	6.19
930	18	1	85.32835820895522	56.756218905472636
930	19	1	31.080000000000002	125.22000000000001
930	20	1	109.60696517412937	110.07960199004974
930	21	1	190.93034825870646	141.1194029850746
930	22	1	29.800995024875625	186.4577114427861
930	23	1	16.343283582089544	67.3482587064677
930	24	1	24.71641791044776	146.51243781094527
930	25	1	192.38999999999996	73.06500000000001
930	26	1	146.34825870646765	143.1243781094528
930	27	1	0.04477611940298401	49.13930348258706
930	28	1	167.4350000000001	24.03999999999999
930	29	1	114.44278606965182	178.78109452736317
930	30	1	169.47738693467326	63.10552763819094
930	31	1	175.23880597014926	16.029850746268664
930	32	1	154.03499999999997	150.19000000000003
930	33	1	56.64499999999998	178.995
930	34	1	169.28500000000014	43.765
930	35	1	10.980000000000004	148.525
930	36	1	52.97000000000001	108.94000000000008
930	37	1	40.58499999999998	161.875
930	38	1	0.4599999999999994	161.05000000000007
930	39	1	52.288557213930346	21.696517412935314
930	40	1	198.045	128.72000000000006
930	41	1	41.82178217821784	177.5544554455446
930	42	1	52.1592039800995	139.08457711442776
930	43	1	180.52238805970148	136.273631840796
930	44	1	118.57999999999996	16.12
930	45	1	7.308457711442785	112.52238805970154
930	46	1	148.2949999999999	130.74499999999998
930	47	1	33.39303482587065	101.36318407960195
930	48	1	59.103448275862064	165.08866995073896
930	49	1	2.805970149253731	62.14925373134329
930	50	1	136.15	199.31
930	51	1	11.840000000000005	163.51500000000007
930	52	1	14.534999999999995	53.610000000000014
930	53	1	141.09950248756206	38.97512437810947
930	54	1	92.02999999999992	61.745000000000005
930	55	1	110.50248756218905	73.51243781094531
930	56	1	120.83	63.72500000000001
930	57	1	41.965174129353244	5.43781094527363
930	58	1	84.7910447761194	46.61194029850746
930	59	1	74.19	160.17999999999986
930	60	1	193.67000000000002	44.06999999999998
930	61	1	103.39800995024875	29.243781094527343
930	62	1	45.475000000000044	154.1399999999999
930	63	1	24.210000000000015	160.57999999999996
930	64	1	37.48756218905474	27.263681592039816
930	65	1	18.55223880597014	117.25870646766168
930	66	1	10.267326732673267	133.95544554455455
930	67	1	114.00000000000004	190.12499999999997
930	68	1	177.06060606060595	127.85858585858577
930	69	1	68.66	173.5600000000001
930	70	1	28.104477611940293	196.80099502487562
930	71	1	162.07035175879395	34.92964824120604
930	72	1	32.41089108910892	86.1534653465347
930	73	1	29.400000000000006	16.524999999999995
930	74	1	49.04975124378108	189.26865671641792
930	75	1	99.60199004975124	165.39303482587061
930	76	1	29.631840796019887	173.52238805970146
930	77	1	119.81094527363182	171.38308457711454
930	78	1	121.7970297029703	5.10891089108911
930	79	1	84.35000000000004	150.34000000000003
930	80	1	81.02512562814069	114.1457286432161
930	81	1	44.636815920398	101.37313432835825
930	82	1	28.597014925373138	137.91542288557218
930	83	1	193.96039603960395	149.7524752475248
930	84	1	42.91044776119402	125.76119402985078
930	85	1	112.94499999999994	26.89
930	86	1	46.59701492537313	32.63681592039799
930	87	1	167.05499999999998	145.92499999999998
930	88	1	127.72500000000001	192.46500000000012
930	89	1	24.194029850746276	7.293532338308458
940	1	2	9.858585858585856	9.616161616161614
940	2	2	9.950000000000008	100.29000000000005
940	3	2	10.120000000000005	190.11999999999992
940	4	2	99.88000000000001	9.879999999999995
940	5	2	100.12	99.88
940	6	2	100.00000000000003	190.50000000000006
940	7	2	189.87999999999997	9.879999999999995
940	8	2	190.49999999999997	100
940	9	2	189.61616161616163	190.14141414141412
940	10	1	154.83999999999997	38.570000000000014
940	11	1	195.39303482587064	116.49253731343283
940	12	1	47.12500000000002	145.82500000000002
940	13	1	126.45500000000001	93.00999999999996
940	14	1	63.550000000000004	140.9350000000001
940	15	1	61.60499999999999	196.955
940	16	1	30.16500000000001	112.86500000000001
940	17	1	52.29499999999997	5.970000000000001
940	18	1	84.27860696517419	55.96517412935325
940	19	1	31.730000000000004	125.20000000000007
940	20	1	109.41293532338311	109.1940298507463
940	21	1	190.795	140.25000000000003
940	22	1	30.99000000000001	185.98499999999996
940	23	1	15.100000000000005	66.30999999999997
940	24	1	24.128712871287124	145.8069306930693
940	25	1	191.07920792079204	72.49009900990102
940	26	1	146.09900990099004	141.35148514851485
940	27	1	199.95979899497488	48.567839195979886
940	28	1	169.51741293532336	22.920398009950258
940	29	1	115.29850746268654	178.25373134328353
940	30	1	169.06965174129363	63.616915422885555
940	31	1	176.45771144278615	15.716417910447758
940	32	1	152.36683417085422	150.84924623115572
940	33	1	56.49253731343286	178.85074626865685
940	34	1	168.788944723618	44.01507537688442
940	35	1	10.285	147.33999999999997
940	36	1	52.565000000000005	106.86500000000004
940	37	1	39.69	161.08000000000013
940	38	1	199.7462686567164	161.00995024875613
940	39	1	51.5778894472362	22.201005025125628
940	40	1	196.7810945273632	127.9601990049751
940	41	1	41.305	176.09500000000006
940	42	1	51.824999999999996	138.94499999999994
940	43	1	179.30693069306926	136.91584158415847
940	44	1	118.48258706467661	16.338308457711435
940	45	1	9.05970149253732	113.64179104477611
940	46	1	148.97500000000005	130.20499999999996
940	47	1	33.934999999999974	100.21000000000004
940	48	1	58.93034825870643	164.2537313432837
940	49	1	1.4149999999999996	61.994999999999976
940	50	1	135.54228855721385	198.7462686567164
940	51	1	10.649999999999999	162.9400000000001
940	52	1	13.505	53.810000000000024
940	53	1	140.9651741293531	36.721393034825915
940	54	1	91.20000000000002	61.09499999999998
940	55	1	110.95000000000003	72.82500000000003
940	56	1	119.91542288557213	62.54726368159202
940	57	1	41.66331658291458	5.195979899497487
940	58	1	84.455	45.37500000000003
940	59	1	74.32835820895524	160.12935323383084
940	60	1	192.54455445544554	44.62871287128713
940	61	1	102.34499999999998	30.529999999999987
940	62	1	45.28643216080403	153.88442211055266
940	63	1	22.726368159203982	159.8009950248757
940	64	1	36.25500000000004	26.010000000000005
940	65	1	19.437810945273633	117.18407960199
940	66	1	9.149253731343284	133.41293532338295
940	67	1	113.22388059701494	189.00995024875627
940	68	1	176.39698492462304	128.57788944723632
940	69	1	67.64999999999998	173.31500000000003
940	70	1	28.38999999999998	195.90000000000006
940	71	1	162.19499999999996	33.17000000000003
940	72	1	33.20398009950249	85.06965174129351
940	73	1	29.20398009950248	15.069651741293544
940	74	1	49.06965174129354	188.22388059701504
940	75	1	98.54455445544558	163.9158415841584
940	76	1	29.268656716417908	172.03980099502488
940	77	1	119.39800995024876	169.94527363184093
940	78	1	120.90547263681596	4.054726368159203
940	79	1	85.68159203980099	150.3880597014926
940	80	1	80.16999999999996	114.19000000000004
940	81	1	44.206030150753776	101.21608040201
940	82	1	28.139999999999993	137.64999999999995
940	83	1	192.985	149.535
940	84	1	43.15920398009951	125.61194029850752
940	85	1	112.425	27.554999999999996
940	86	1	45.212871287128735	32.81188118811882
940	87	1	165.3118811881189	146.58910891089107
940	88	1	127.02000000000002	192.105
940	89	1	23.442786069651735	6.039800995024875
950	1	2	9.858585858585856	9.616161616161614
950	2	2	9.950000000000008	100.29000000000005
950	3	2	10.120000000000005	190.11999999999992
950	4	2	99.88000000000001	9.879999999999995
950	5	2	100.12	99.88
950	6	2	100.00000000000003	190.50000000000006
950	7	2	189.87999999999997	9.879999999999995
950	8	2	190.49999999999997	100
950	9	2	189.61616161616163	190.14141414141412
950	10	1	155.51999999999992	38.43000000000003
950	11	1	196.16831683168317	114.77227722772281
950	12	1	47.004975124378134	145.89054726368155
950	13	1	126.54499999999997	92.82500000000003
950	14	1	63.05472636815919	140.21890547263692
950	15	1	60.92000000000001	197.555
950	16	1	31.00000000000001	111.85074626865675
950	17	1	51.492537313432855	5.701492537313432
950	18	1	83.90547263681589	54.53233830845768
950	19	1	32.78787878787879	124.78787878787878
950	20	1	109.14427860696519	108.63184079601987
950	21	1	191.05527638190955	138.83919597989947
950	22	1	32.87562189054725	185.1890547263682
950	23	1	13.886138613861386	66.04455445544552
950	24	1	23.54455445544555	145.03465346534642
950	25	1	190.05472636815915	72.20895522388062
950	26	1	146.13499999999993	139.99499999999992
950	27	1	199.6218905472637	48.368159203980106
950	28	1	170.46534653465352	21.876237623762382
950	29	1	115.31500000000004	177.4749999999999
950	30	1	168.6169154228855	65.06467661691539
950	31	1	177.82500000000002	15.870000000000003
950	32	1	150.24378109452738	151.07960199004978
950	33	1	56.517587939698515	178.54271356783906
950	34	1	168.1840796019901	44.25870646766172
950	35	1	9.539999999999997	146.1200000000001
950	36	1	52.6865671641791	105.30845771144281
950	37	1	37.775000000000006	160.3349999999999
950	38	1	199.26	160.58500000000006
950	39	1	50.624999999999986	22.459999999999994
950	40	1	196.13861386138615	126.54950495049505
950	41	1	40.97999999999999	174.62999999999994
950	42	1	51.71499999999997	139.06500000000003
950	43	1	178.44	137.47999999999993
950	44	1	118.09547738693468	16.165829145728647
950	45	1	10.316582914572864	114.3065326633166
950	46	1	149.83500000000004	130.01500000000013
950	47	1	33.97500000000002	98.48000000000002
950	48	1	58.60199004975126	163.3084577114429
950	49	1	0.22885572139303453	62.208955223880615
950	50	1	134.67499999999987	198.975
950	51	1	9.390000000000002	162.625
950	52	1	12.44776119402985	54.36318407960197
950	53	1	140.52736318407955	35.36815920398012
950	54	1	90.46766169154233	60.139303482587074
950	55	1	111.94999999999999	72.06500000000004
950	56	1	118.52238805970141	60.68656716417908
950	57	1	41.17999999999999	4.484999999999998
950	58	1	84.49751243781097	44.02487562189056
950	59	1	74.32835820895522	159.6567164179105
950	60	1	191.285	44.87999999999999
950	61	1	101.16582914572862	31.4673366834171
950	62	1	44.84924623115575	153.79396984924625
950	63	1	20.969849246231167	159.035175879397
950	64	1	35.06930693069307	25.8069306930693
950	65	1	20.579207920792076	117.61881188118808
950	66	1	8.166666666666664	132.88383838383848
950	67	1	113.08542713567842	187.77889447236177
950	68	1	176.055	129.09000000000003
950	69	1	67.2039800995024	172.87562189054728
950	70	1	28.325000000000003	194.3200000000001
950	71	1	162.85427135678398	31.417085427135678
950	72	1	33.93532338308456	83.6965174129353
950	73	1	28.786069651741304	13.656716417910445
950	74	1	49.07462686567166	186.96019900497518
950	75	1	96.80099502487562	163.07960199004978
950	76	1	28.621890547263693	170.65174129353227
950	77	1	118.78500000000007	168.46500000000003
950	78	1	119.529702970297	2.3613861386138617
950	79	1	88.06965174129353	150.08457711442793
950	80	1	78.84577114427863	114.85572139303484
950	81	1	43.97	100.59500000000004
950	82	1	27.262376237623773	137.08910891089104
950	83	1	191.555	149.27500000000003
950	84	1	43.16915422885571	125.9253731343284
950	85	1	111.98500000000004	28.18999999999999
950	86	1	44.442786069651746	32.74129353233831
950	87	1	163.8050000000001	147.13999999999987
950	88	1	126.51500000000007	191.82499999999993
950	89	1	22.7	4.635
960	1	2	9.858585858585856	9.616161616161614
960	2	2	9.950000000000008	100.29000000000005
960	3	2	10.120000000000005	190.11999999999992
960	4	2	99.88000000000001	9.879999999999995
960	5	2	100.12	99.88
960	6	2	100.00000000000003	190.50000000000006
960	7	2	189.87999999999997	9.879999999999995
960	8	2	190.49999999999997	100
960	9	2	189.61616161616163	190.14141414141412
960	10	1	156.27000000000015	38.07500000000002
960	11	1	197.5870646766169	113.45273631840791
960	12	1	47.320000000000014	146.04999999999998
960	13	1	126.67500000000001	92.59500000000004
960	14	1	62.435000000000024	138.91500000000005
960	15	1	60.169154228855724	197.955223880597
960	16	1	32.385	110.93999999999997
960	17	1	50.75124378109455	5.4626865671640985
960	18	1	83.53999999999998	53.30500000000003
960	19	1	32.84999999999999	124.82499999999999
960	20	1	108.71500000000003	108.32999999999997
960	21	1	191.355	137.63500000000002
960	22	1	34.044776119403	184.57213930348252
960	23	1	13.114427860696505	65.72139303482588
960	24	1	22.88059701492539	144.31343283582092
960	25	1	189.1534653465347	70.91584158415839
960	26	1	146.0746268656717	139.14925373134335
960	27	1	198.61	48.40499999999999
960	28	1	171.43999999999994	21.15500000000001
960	29	1	115.55223880597015	176.31343283582092
960	30	1	168.00497512437812	66.62686567164174
960	31	1	178.85500000000002	16.195000000000007
960	32	1	148.70297029702974	150.5643564356436
960	33	1	56.452261306532655	178.06532663316588
960	34	1	167.48499999999996	44.455
960	35	1	8.815920398009949	145.10447761194035
960	36	1	53.32338308457714	103.6169154228856
960	37	1	35.86567164179104	159.20398009950245
960	38	1	198.32	160.41500000000002
960	39	1	49.785000000000004	23.060000000000002
960	40	1	195.11822660098522	125.09359605911328
960	41	1	40.534999999999975	173.20999999999998
960	42	1	51.224999999999966	138.70999999999995
960	43	1	177.2338308457711	138.54228855721396
960	44	1	117.09000000000002	15.514999999999995
960	45	1	11.895522388059696	114.86069651741289
960	46	1	150.00000000000017	129.17999999999995
960	47	1	33.879396984924625	96.54773869346735
960	48	1	57.51999999999999	162.62000000000006
960	49	1	199.33	62.495
960	50	1	133.64499999999998	199.79
960	51	1	8.059999999999999	162.3950000000001
960	52	1	11.634999999999998	54.375000000000014
960	53	1	141.42574257425738	33.86138613861386
960	54	1	89.12376237623761	59.633663366336634
960	55	1	113.525	70.67000000000007
960	56	1	117.97487437185931	59.030150753768844
960	57	1	40.80597014925371	4.223880597014926
960	58	1	84.24875621890547	43.313432835820905
960	59	1	73.86500000000002	158.91499999999996
960	60	1	189.2	44.79999999999997
960	61	1	99.77499999999999	32.20500000000001
960	62	1	44.43718592964825	153.37688442211055
960	63	1	19.69000000000001	158.31500000000005
960	64	1	34.44278606965175	24.467661691542276
960	65	1	22.019999999999996	117.65000000000003
960	66	1	6.940298507462687	132.38805970149255
960	67	1	113.40796019900499	186.9303482587064
960	68	1	175.80499999999995	129.28499999999985
960	69	1	66.6666666666667	172.33830845771146
960	70	1	28.094999999999995	192.905
960	71	1	163.37000000000003	29.269999999999996
960	72	1	35.20792079207921	82.34158415841587
960	73	1	27.925742574257427	12.410891089108906
960	74	1	48.885572139303484	185.75621890547268
960	75	1	95.09999999999998	162.80000000000004
960	76	1	27.572139303482594	169.78606965174126
960	77	1	118.3233830845771	166.85074626865668
960	78	1	118.7623762376238	1.7376237623762378
960	79	1	89.61999999999999	149.955
960	80	1	77.28643216080403	114.77386934673368
960	81	1	43.91500000000002	100.30999999999996
960	82	1	26.74626865671641	136.7164179104477
960	83	1	190.155	148.81500000000005
960	84	1	43.35999999999998	125.52499999999999
960	85	1	111.40796019900499	28.925373134328375
960	86	1	43.61691542288557	32.94029850746268
960	87	1	162.22499999999994	147.55999999999997
960	88	1	126.00000000000001	191.21890547263678
960	89	1	22.405000000000005	2.6299999999999986
970	1	2	9.858585858585856	9.616161616161614
970	2	2	9.950000000000008	100.29000000000005
970	3	2	10.120000000000005	190.11999999999992
970	4	2	99.88000000000001	9.879999999999995
970	5	2	100.12	99.88
970	6	2	100.00000000000003	190.50000000000006
970	7	2	189.87999999999997	9.879999999999995
970	8	2	190.49999999999997	100
970	9	2	189.61616161616163	190.14141414141412
970	10	1	157.35175879396985	37.74874371859298
970	11	1	199.62311557788945	112.90452261306532
970	12	1	47.26130653266335	145.78894472361807
970	13	1	126.79500000000003	92.42500000000007
970	14	1	61.83500000000001	137.15500000000003
970	15	1	59.20603015075377	198.45226130653268
970	16	1	33.02999999999999	109.37
970	17	1	49.885572139303505	5.512437810945273
970	18	1	82.74499999999999	52.32999999999998
970	19	1	33.28855721393035	124.28358208955225
970	20	1	107.96534653465348	108.37623762376235
970	21	1	190.96019900497512	136.32835820895522
970	22	1	34.87999999999998	184.15499999999997
970	23	1	12.079601990049744	65.47263681592045
970	24	1	22.194999999999993	143.99000000000004
970	25	1	188.00990099009894	69.86138613861387
970	26	1	146.38693467336697	138.23115577889448
970	27	1	197.5678391959799	48.15577889447236
970	28	1	171.82000000000002	19.884999999999987
970	29	1	117.28855721393033	175.16915422885575
970	30	1	167.78499999999988	68.02
970	31	1	179.68000000000006	16.314999999999998
970	32	1	147.542288557214	150.13930348258717
970	33	1	56.48500000000002	177.98499999999993
970	34	1	166.95500000000004	44.72000000000003
970	35	1	8.034999999999998	144.38
970	36	1	53.455000000000005	102.29500000000003
970	37	1	34.02000000000002	158.42
970	38	1	197.655	160.26
970	39	1	48.509900990099005	23.509900990099027
970	40	1	194.5870646766169	123.76616915422885
970	41	1	39.776119402985074	172.16417910447763
970	42	1	50.890000000000036	138.27999999999992
970	43	1	175.82089552238816	139.79601990049758
970	44	1	116.74499999999995	15.785000000000004
970	45	1	13.228855721393028	115.49751243781093
970	46	1	150.855	128.44499999999996
970	47	1	33.71144278606964	94.55721393034827
970	48	1	56.64179104477613	161.77114427860695
970	49	1	198.1492537313433	63.019900497512445
970	50	1	132.38308457711435	0.24875621890547422
970	51	1	6.980000000000004	162.22999999999996
970	52	1	9.840796019900495	54.98507462686568
970	53	1	142.08955223880594	31.880597014925378
970	54	1	87.91044776119404	58.805970149253724
970	55	1	115.26865671641791	69.52238805970146
970	56	1	116.95999999999998	57.68
970	57	1	40.54500000000001	3.7749999999999964
970	58	1	84.55499999999996	42.214999999999996
970	59	1	72.53	157.5799999999999
970	60	1	187.60591133004917	43.886699507389146
970	61	1	98.76499999999997	32.33000000000001
970	62	1	44.160000000000004	153.18999999999994
970	63	1	18.515	157.865
970	64	1	33.06965174129353	23.293532338308466
970	65	1	22.924999999999983	117.96999999999998
970	66	1	5.914999999999999	132.19000000000003
970	67	1	112.52970297029705	184.86633663366325
970	68	1	175.29850746268653	129.81592039800995
970	69	1	66.15999999999998	171.68500000000003
970	70	1	28.345000000000002	191.81499999999997
970	71	1	164.34673366834164	27.316582914572862
970	72	1	36.28999999999999	81.30499999999996
970	73	1	27.228855721393032	11.109452736318415
970	74	1	48.55223880597013	184.14427860696517
970	75	1	94.44278606965175	162.34328358208953
970	76	1	26.660000000000007	169.10999999999999
970	77	1	118.04000000000002	165.6799999999999
970	78	1	117.16831683168314	0.7029702970297028
970	79	1	90.78894472361812	149.4371859296483
970	80	1	76.15422885572134	114.90547263681593
970	81	1	43.87	100.10499999999995
970	82	1	26.383084577114428	136.56218905472625
970	83	1	189.27860696517413	147.98507462686575
970	84	1	43.10945273631843	125.57213930348257
970	85	1	110.27499999999998	29.58999999999999
970	86	1	42.25125628140704	32.87939698492463
970	87	1	160.55499999999998	148.10500000000002
970	88	1	125.1542288557214	190.74626865671638
970	89	1	21.850000000000012	1.09
980	1	2	9.858585858585856	9.616161616161614
980	2	2	9.950000000000008	100.29000000000005
980	3	2	10.120000000000005	190.11999999999992
980	4	2	99.88000000000001	9.879999999999995
980	5	2	100.12	99.88
980	6	2	100.00000000000003	190.50000000000006
980	7	2	189.87999999999997	9.879999999999995
980	8	2	190.49999999999997	100
980	9	2	189.61616161616163	190.14141414141412
980	10	1	158.46	36.75000000000001
980	11	1	0.5829145728643225	112.60301507537683
980	12	1	47.66834170854272	146.04020100502512
980	13	1	126.75124378109446	92.0149253731343
980	14	1	61.32835820895524	135.82089552238799
980	15	1	58.13432835820897	198.49751243781097
980	16	1	34.01990049751244	108.29353233830844
980	17	1	49.515000000000015	6.160000000000003
980	18	1	81.56783919597989	52.10050251256281
980	19	1	33.663366336633665	123.55445544554453
980	20	1	107.592039800995	108.28855721393035
980	21	1	190.43283582089552	134.93034825870652
980	22	1	35.437810945273625	183.497512437811
980	23	1	10.950248756218906	65.48258706467657
980	24	1	21.32835820895522	143.28358208955217
980	25	1	186.88557213930346	68.99999999999997
980	26	1	146.56930693069305	137.51485148514863
980	27	1	195.9497487437186	48.14572864321609
980	28	1	172.35999999999999	19.385000000000005
980	29	1	118.75500000000004	174.1299999999999
980	30	1	167.435	69.61500000000004
980	31	1	180.87562189054722	17.064676616915417
980	32	1	146.84500000000003	149.97499999999997
980	33	1	56.31840796019905	177.92039800995022
980	34	1	166.00990099009903	45.10891089108912
980	35	1	7.118226600985218	143.71428571428584
980	36	1	53.761194029850735	100.92537313432841
980	37	1	32.57499999999998	157.69000000000005
980	38	1	197.15841584158414	159.86633663366348
980	39	1	47.82089552238803	24.48258706467661
980	40	1	194.03517587939697	122.84422110552761
980	41	1	39.714999999999996	170.75999999999996
980	42	1	50.53500000000001	137.97
980	43	1	174.125	141.45000000000007
980	44	1	116.09950248756216	15.601990049751238
980	45	1	14.059701492537318	116.22388059701491
980	46	1	151.07999999999987	127.29999999999993
980	47	1	33.777227722772295	92.28712871287131
980	48	1	56.56218905472636	161.14427860696514
980	49	1	196.7860696517413	64.10447761194027
980	50	1	131.26633165829142	0.085427135678394
980	51	1	6.268656716417912	161.94029850746276
980	52	1	7.539999999999999	55.045
980	53	1	143.42079207920793	30.534653465346544
980	54	1	87.515	57.83499999999998
980	55	1	116.89054726368164	68.52736318407958
980	56	1	115.93532338308458	56.86069651741293
980	57	1	40.49000000000001	3.405000000000002
980	58	1	84.72500000000001	41.485
980	59	1	72.02487562189057	156.13432835820905
980	60	1	185.58706467661688	43.21393034825871
980	61	1	98.24378109452735	32.1641791044776
980	62	1	43.50753768844223	152.95979899497493
980	63	1	17.5721393034826	157.29850746268647
980	64	1	32.25742574257426	21.608910891089103
980	65	1	23.639999999999993	118.08000000000004
980	66	1	4.577114427860697	132.4477611940299
980	67	1	112.49000000000008	183.12499999999994
980	68	1	174.55499999999995	130.51000000000008
980	69	1	65.95049504950492	171.2722772277227
980	70	1	28.123762376237625	190.31683168316832
980	71	1	165.51499999999996	25.625000000000004
980	72	1	37.31499999999999	80.20000000000003
980	73	1	26.39303482587065	10.134328358208952
980	74	1	47.955	182.80000000000004
980	75	1	92.92499999999997	162.15999999999997
980	76	1	25.395000000000007	168.405
980	77	1	117.765	164.41499999999988
980	78	1	115.63499999999996	0.8600000000000005
980	79	1	91.69	148.98999999999995
980	80	1	74.52261306532662	114.51758793969846
980	81	1	44.08040201005028	99.58793969849245
980	82	1	26.51	136.33999999999997
980	83	1	188.15999999999994	147.3950000000001
980	84	1	42.679999999999986	125.79999999999995
980	85	1	108.7213930348259	30.31840796019902
980	86	1	40.36999999999997	31.91000000000001
980	87	1	158.40201005025116	148.61809045226136
980	88	1	123.81094527363186	191.0746268656716
980	89	1	22.58620689655173	199.78817733990147
990	1	2	9.858585858585856	9.616161616161614
990	2	2	9.950000000000008	100.29000000000005
990	3	2	10.120000000000005	190.11999999999992
990	4	2	99.88000000000001	9.879999999999995
990	5	2	100.12	99.88
990	6	2	100.00000000000003	190.50000000000006
990	7	2	189.87999999999997	9.879999999999995
990	8	2	190.49999999999997	100
990	9	2	189.61616161616163	190.14141414141412
990	10	1	159.62499999999991	34.839999999999996
990	11	1	1.8000000000000007	111.78499999999998
990	12	1	48.220000000000006	146.54499999999993
990	13	1	126.655	91.33000000000003
990	14	1	61.01492537313434	134.93034825870646
990	15	1	57.19000000000001	198.68
990	16	1	34.85999999999999	107.21999999999997
990	17	1	49.445000000000014	6.620000000000001
990	18	1	80.51500000000001	52.06499999999999
990	19	1	33.824999999999996	123.03999999999998
990	20	1	106.50248756218905	108.68656716417915
990	21	1	190.3960396039604	133.50990099009897
990	22	1	35.87064676616916	182.89054726368153
990	23	1	9.905940594059409	64.98514851485152
990	24	1	20.12500000000001	142.83499999999995
990	25	1	186.02500000000012	68.37500000000001
990	26	1	146.86999999999995	136.61
990	27	1	194.38	47.829999999999984
990	28	1	173.12499999999991	19.025
990	29	1	119.3084577114428	172.81094527363186
990	30	1	167.05472636815912	72.02487562189054
990	31	1	181.8407960199005	17.303482587064682
990	32	1	146.01499999999987	149.94000000000003
990	33	1	56.070000000000014	177.4450000000001
990	34	1	165.08500000000004	44.92000000000001
990	35	1	6.156565656565655	143.30303030303025
990	36	1	54.144999999999996	100.09
990	37	1	30.856435643564346	156.66336633663371
990	38	1	196.505	158.805
990	39	1	46.68844221105528	24.758793969849247
990	40	1	193.55445544554456	122.03960396039605
990	41	1	38.816831683168296	169.7821782178218
990	42	1	49.69849246231155	137.3718592964823
990	43	1	172.5572139303483	142.4577114427861
990	44	1	115.17587939698494	15.231155778894484
990	45	1	14.684999999999997	116.83499999999998
990	46	1	151.54000000000005	126.35000000000004
990	47	1	33.960199004975124	89.75124378109452
990	48	1	56.27000000000002	160.4450000000001
990	49	1	195.725	65.035
990	50	1	130.03980099502488	199.65174129353233
990	51	1	5.429999999999999	161.56999999999994
990	52	1	5.5299999999999985	54.370000000000005
990	53	1	144.75621890547268	29.12935323383084
990	54	1	86.79104477611934	57.27860696517411
990	55	1	117.06965174129355	66.80597014925374
990	56	1	115.36318407960201	56.13432835820897
990	57	1	40.641791044776134	2.477611940298505
990	58	1	84.65174129353231	40.771144278606954
990	59	1	71.69651741293534	155.11940298507471
990	60	1	184.64851485148512	41.7128712871287
990	61	1	97.46000000000004	31.36000000000001
990	62	1	42.69154228855724	152.68656716417905
990	63	1	16.650000000000006	157.01000000000005
990	64	1	31.2139303482587	20.179104477611943
990	65	1	24.341584158415845	118.08415841584164
990	66	1	3.7788944723618085	132.56281407035175
990	67	1	111.96517412935322	181.52736318407952
990	68	1	173.92499999999995	130.93
990	69	1	65.76119402985078	170.19402985074626
990	70	1	28.57425742574258	189.15346534653466
990	71	1	166.11940298507474	24.43283582089553
990	72	1	38.42786069651745	79.37810945273633
990	73	1	25.649999999999988	9.25
990	74	1	47.675000000000026	181.15500000000006
990	75	1	91.28643216080401	161.68341708542712
990	76	1	24.203980099502502	167.82587064676613
990	77	1	117.50990099009903	163.20792079207925
990	78	1	114.38805970149252	1.2786069651741292
990	79	1	92.9900497512438	148.82587064676608
990	80	1	73.66169154228852	113.16417910447765
990	81	1	44.010000000000005	99.095
990	82	1	26.125000000000007	135.83999999999997
990	83	1	186.49999999999997	146.47029702970295
990	84	1	42.37185929648243	125.70854271356795
990	85	1	108.08499999999997	30.879999999999992
990	86	1	38.601990049751244	30.69651741293532
990	87	1	156.87128712871296	149.23267326732665
990	88	1	122.27000000000001	190.70500000000004
990	89	1	22.600000000000005	198.49
1000	1	2	9.858585858585856	9.616161616161614
1000	2	2	9.950000000000008	100.29000000000005
1000	3	2	10.120000000000005	190.11999999999992
1000	4	2	99.88000000000001	9.879999999999995
1000	5	2	100.12	99.88
1000	6	2	100.00000000000003	190.50000000000006
1000	7	2	189.87999999999997	9.879999999999995
1000	8	2	190.49999999999997	100
1000	9	2	189.61616161616163	190.14141414141412
1000	10	1	161.32338308457705	33.0398009950249
1000	11	1	3.393034825870645	111.55223880597019
1000	12	1	48.462311557788915	146.73366834170858
1000	13	1	126.11999999999995	90.79000000000002
1000	14	1	60.85500000000001	133.70500000000007
1000	15	1	56.339999999999996	197.525
1000	16	1	35.039800995024876	105.55721393034828
1000	17	1	49.30499999999999	7.255000000000002
1000	18	1	79.72999999999998	51.499999999999986
1000	19	1	34.29499999999999	122.33000000000006
1000	20	1	105.435	109.33500000000005
1000	21	1	189.72	132.37499999999991
1000	22	1	35.53233830845772	181.89054726368167
1000	23	1	8.74129353233831	64.31840796019895
1000	24	1	19.283582089552237	142.77114427860693
1000	25	1	185.17326732673257	67.68316831683161
1000	26	1	147.52	135.8300000000001
1000	27	1	192.22	47.120000000000026
1000	28	1	173.70999999999995	18.464999999999996
1000	29	1	119.45000000000005	171.72000000000014
1000	30	1	167.28855721393035	74.2935323383085
1000	31	1	182.80500000000015	17.665000000000006
1000	32	1	145.3034825870646	149.7761194029851
1000	33	1	55.621890547263675	176.8258706467663
1000	34	1	163.41499999999982	45.07999999999998
1000	35	1	5.900000000000001	141.88000000000008
1000	36	1	54.31840796019901	98.99502487562187
1000	37	1	29.135000000000012	156.01000000000013
1000	38	1	196.05527638190955	157.60804020100508
1000	39	1	45.555	24.88499999999999
1000	40	1	193.06467661691542	121.44278606965173
1000	41	1	37.67499999999996	168.53999999999988
1000	42	1	49.51499999999999	137.19999999999996
1000	43	1	171.14000000000001	143.40499999999994
1000	44	1	114.4776119402985	15.666666666666673
1000	45	1	16.164999999999996	116.58999999999997
1000	46	1	151.3930348258706	124.88059701492539
1000	47	1	33.975247524752476	87.80693069306928
1000	48	1	56.11000000000003	159.73999999999995
1000	49	1	194.77114427860695	65.79104477611938
1000	50	1	128.53960396039605	198.9851485148515
1000	51	1	4.879999999999999	160.71500000000006
1000	52	1	3.741293532338308	53.233830845771124
1000	53	1	146.11999999999998	28.48999999999999
1000	54	1	86.31000000000003	56.42499999999999
1000	55	1	118.14427860696517	65.03482587064677
1000	56	1	114.79000000000003	55.43499999999999
1000	57	1	40.62686567164178	2.1741293532338273
1000	58	1	84.60696517412933	39.761194029850785
1000	59	1	71.02487562189059	153.66169154228868
1000	60	1	183.24499999999992	40.15499999999999
1000	61	1	95.97500000000002	30.19
1000	62	1	41.370000000000005	152.27500000000012
1000	63	1	15.415841584158414	157.43564356435638
1000	64	1	30.015	18.744999999999994
1000	65	1	25.25373134328358	117.90049751243784
1000	66	1	3.0199004975124373	131.83582089552232
1000	67	1	112.155	180.0750000000001
1000	68	1	172.70999999999995	131.82
1000	69	1	65.18905472636813	169.2089552238806
1000	70	1	28.940594059405935	187.82673267326732
1000	71	1	166.72499999999994	23.805
1000	72	1	39.20792079207922	78.69801980198021
1000	73	1	24.91089108910891	8.777227722772286
1000	74	1	46.66336633663364	179.08910891089104
1000	75	1	90.00000000000001	160.9349999999999
1000	76	1	22.77000000000001	167.85999999999993
1000	77	1	117.4776119402985	162.23383084577122
1000	78	1	113.17910447761194	1.8059701492537321
1000	79	1	94.4278606965174	148.08955223880602
1000	80	1	72.91542288557213	112.08457711442784
1000	81	1	44.09452736318408	99.42288557213932
1000	82	1	26.000000000000014	135.47761194029857
1000	83	1	185.31343283582092	145.1990049751244
1000	84	1	42.11000000000003	125.99500000000005
1000	85	1	106.67000000000002	31.834999999999976
1000	86	1	37.10891089108911	29.65841584158414
1000	87	1	155.80099502487562	149.09950248756212
1000	88	1	120.76119402985077	190.6517412935324
1000	89	1	23.83582089552239	197.1094527363185
1010	1	2	9.858585858585856	9.616161616161614
1010	2	2	9.950000000000008	100.29000000000005
1010	3	2	10.120000000000005	190.11999999999992
1010	4	2	99.88000000000001	9.879999999999995
1010	5	2	100.12	99.88
1010	6	2	100.00000000000003	190.50000000000006
1010	7	2	189.87999999999997	9.879999999999995
1010	8	2	190.49999999999997	100
1010	9	2	189.61616161616163	190.14141414141412
1010	10	1	161.87999999999997	31.795000000000012
1010	11	1	4.91044776119403	111.79104477611942
1010	12	1	48.555000000000014	146.90999999999997
1010	13	1	126.33830845771145	90.30348258706465
1010	14	1	60.497512437810926	132.2636815920397
1010	15	1	54.985148514851474	196.6980198019802
1010	16	1	35.323383084577124	104.13432835820892
1010	17	1	49.11499999999999	8.534999999999998
1010	18	1	78.7960199004975	50.920398009950254
1010	19	1	34.84500000000001	121.74999999999997
1010	20	1	104.38693467336688	109.8743718592965
1010	21	1	188.66666666666654	131.81592039800992
1010	22	1	35.855	181.58500000000004
1010	23	1	7.555000000000001	63.205
1010	24	1	18.05970149253732	142.82089552238807
1010	25	1	184.92039800995022	66.63184079601993
1010	26	1	148.375	134.63500000000008
1010	27	1	190.15920398009945	46.65174129353233
1010	28	1	173.71144278606965	17.517412935323385
1010	29	1	118.94500000000004	170.435
1010	30	1	167.63499999999993	75.85499999999996
1010	31	1	183.4975124378109	18.074626865671647
1010	32	1	144.03482587064684	148.57711442786066
1010	33	1	55.415000000000006	176.37499999999994
1010	34	1	161.5223880597015	44.55721393034824
1010	35	1	5.597014925373133	140.95522388059692
1010	36	1	54.31840796019902	97.20895522388058
1010	37	1	27.79500000000001	155.10000000000002
1010	38	1	195.445	156.545
1010	39	1	44.69500000000001	25.645
1010	40	1	193.37	120.65000000000005
1010	41	1	36.87562189054726	167.73134328358205
1010	42	1	49.09452736318406	137.2985074626866
1010	43	1	169.72500000000002	144.45000000000007
1010	44	1	114.18000000000004	16.230000000000004
1010	45	1	17.015000000000008	117.355
1010	46	1	152.10999999999999	123.16000000000001
1010	47	1	34.24499999999998	86.17
1010	48	1	55.88442211055274	159.07537688442213
1010	49	1	194.085	66.45499999999998
1010	50	1	126.93499999999997	198.105
1010	51	1	4.375	160.20999999999998
1010	52	1	1.8960396039603962	52.40594059405941
1010	53	1	147.18407960199013	27.985074626865686
1010	54	1	85.87562189054727	55.60696517412935
1010	55	1	119.90594059405942	63.5
1010	56	1	114.30348258706469	54.93532338308458
1010	57	1	40.47999999999998	1.9899999999999523
1010	58	1	84.06467661691546	39.03482587064674
1010	59	1	70.43216080402019	152.18090452261302
1010	60	1	182.2537313432836	39.28358208955222
1010	61	1	94.38805970149251	28.76616915422884
1010	62	1	40.08955223880598	151.9850746268658
1010	63	1	14.407960199004973	158.14925373134335
1010	64	1	28.85148514851485	17.366336633663355
1010	65	1	26.55999999999999	116.91500000000003
1010	66	1	2.0703517587939695	131.8391959798995
1010	67	1	112.01999999999997	178.77000000000007
1010	68	1	171.82999999999993	132.34000000000003
1010	69	1	65.24875621890548	167.542288557214
1010	70	1	28.655000000000005	186.48499999999999
1010	71	1	166.88059701492537	23.407960199004986
1010	72	1	39.86567164179103	78.47761194029847
1010	73	1	24.315	8.275
1010	74	1	46.110000000000014	177.4449999999999
1010	75	1	88.41	159.53
1010	76	1	22.104999999999997	167.83000000000004
1010	77	1	118.06965174129354	161.1393034825871
1010	78	1	112.29353233830851	2.412935323383084
1010	79	1	95.69	146.7350000000001
1010	80	1	71.80099502487559	111.19402985074626
1010	81	1	44.23999999999998	99.85500000000005
1010	82	1	25.49500000000001	135.16
1010	83	1	184.06467661691534	144.41791044776133
1010	84	1	41.65829145728645	126.54773869346732
1010	85	1	104.76119402985076	32.850746268656735
1010	86	1	35.815920398009965	27.84079601990051
1010	87	1	154.82673267326734	149.0346534653465
1010	88	1	119.44999999999996	190.6599999999999
1010	89	1	24.659999999999997	195.815
1020	1	2	9.858585858585856	9.616161616161614
1020	2	2	9.950000000000008	100.29000000000005
1020	3	2	10.120000000000005	190.11999999999992
1020	4	2	99.88000000000001	9.879999999999995
1020	5	2	100.12	99.88
1020	6	2	100.00000000000003	190.50000000000006
1020	7	2	189.87999999999997	9.879999999999995
1020	8	2	190.49999999999997	100
1020	9	2	189.61616161616163	190.14141414141412
1020	10	1	162.96500000000006	30.91500000000001
1020	11	1	6.358208955223883	112.90049751243782
1020	12	1	48.914999999999964	147.23999999999998
1020	13	1	126.95024875621894	89.70646766169158
1020	14	1	60.144999999999996	130.52999999999994
1020	15	1	54.37	195.82499999999993
1020	16	1	35.875000000000036	103.10499999999996
1020	17	1	48.98000000000003	9.744999999999994
1020	18	1	78.50499999999995	50.02500000000001
1020	19	1	35.373134328358184	121.03980099502485
1020	20	1	103.28999999999996	110.62000000000002
1020	21	1	187.33333333333334	131.22388059701487
1020	22	1	36.25373134328359	181.2587064676617
1020	23	1	7.029850746268658	61.56716417910444
1020	24	1	16.119999999999997	142.63500000000002
1020	25	1	184.47500000000005	65.74000000000005
1020	26	1	150.41791044776124	133.34825870646762
1020	27	1	189.24500000000003	45.81500000000002
1020	28	1	173.84500000000006	16.19
1020	29	1	118.32	169.29
1020	30	1	167.860696517413	76.73134328358206
1020	31	1	184.2060301507536	18.844221105527637
1020	32	1	142.88999999999993	147.605
1020	33	1	55.12500000000006	176.45499999999993
1020	34	1	158.95024875621894	44.13930348258706
1020	35	1	5.109452736318409	140.45273631840794
1020	36	1	54.58291457286432	95.05527638190955
1020	37	1	26.64179104477611	154.1144278606965
1020	38	1	194.83919597989956	155.28643216080403
1020	39	1	43.89552238805971	26.164179104477608
1020	40	1	192.845	119.90500000000004
1020	41	1	36.217821782178206	166.75742574257424
1020	42	1	49.04477611940299	137.22885572139305
1020	43	1	168.14499999999987	145.46499999999995
1020	44	1	114.0597014925373	16.54726368159204
1020	45	1	18.17821782178219	116.7772277227723
1020	46	1	153.09999999999985	121.765
1020	47	1	34.66169154228856	85.08955223880595
1020	48	1	55.30499999999999	158.35500000000008
1020	49	1	193.27227722772284	66.67326732673266
1020	50	1	125.775	197.92
1020	51	1	3.3980099502487557	161.0597014925373
1020	52	1	1.029850746268656	51.66666666666668
1020	53	1	148.68341708542712	27.211055276381906
1020	54	1	85.70646766169158	54.492537313432834
1020	55	1	120.22885572139307	62.606965174129336
1020	56	1	113.76119402985077	54.621890547263675
1020	57	1	40.613065326633155	1.542713567839196
1020	58	1	83.31499999999997	38.15000000000002
1020	59	1	69.42288557213924	150.71144278606965
1020	60	1	181.91999999999996	38.48500000000001
1020	61	1	93.32338308457716	27.71641791044775
1020	62	1	37.99499999999999	150.86500000000012
1020	63	1	13.773869346733662	158.19095477386927
1020	64	1	28.785000000000004	15.435000000000008
1020	65	1	26.87499999999998	116.78999999999995
1020	66	1	1.3500000000000014	131.16500000000005
1020	67	1	111.77114427860698	177.43781094527358
1020	68	1	170.6450000000001	133.10999999999999
1020	69	1	64.96482412060301	165.89447236180905
1020	70	1	28	185.37313432835825
1020	71	1	167.66666666666669	23.099502487562184
1020	72	1	39.85499999999998	77.84999999999998
1020	73	1	24.005000000000006	7.044999999999993
1020	74	1	45.388059701492544	176.11442786069668
1020	75	1	87.41791044776117	158.52238805970137
1020	76	1	21.6865671641791	167.4129353233831
1020	77	1	118.45000000000005	160.49499999999995
1020	78	1	111.77499999999999	2.5000000000000004
1020	79	1	97.50500000000002	145.70499999999998
1020	80	1	71.22500000000001	110.375
1020	81	1	45.230000000000025	100.85499999999996
1020	82	1	25.394999999999996	134.89000000000016
1020	83	1	183.72139303482592	143.46268656716416
1020	84	1	41.28000000000002	126.99500000000003
1020	85	1	102.97000000000001	32.91499999999997
1020	86	1	34.885	26.35500000000001
1020	87	1	153.86069651741286	148.71641791044775
1020	88	1	118.58500000000001	190.55500000000012
1020	89	1	24.661691542288562	194.36815920398007
1030	1	2	9.858585858585856	9.616161616161614
1030	2	2	9.950000000000008	100.29000000000005
1030	3	2	10.120000000000005	190.11999999999992
1030	4	2	99.88000000000001	9.879999999999995
1030	5	2	100.12	99.88
1030	6	2	100.00000000000003	190.50000000000006
1030	7	2	189.87999999999997	9.879999999999995
1030	8	2	190.49999999999997	100
1030	9	2	189.61616161616163	190.14141414141412
1030	10	1	163.85572139303488	30.283582089552223
1030	11	1	7.681592039800992	113.44776119402984
1030	12	1	49.22613065326634	147.57286432160814
1030	13	1	128.02499999999992	89.66
1030	14	1	59.98499999999999	128.33999999999997
1030	15	1	53.474999999999994	195.20499999999996
1030	16	1	36.05970149253731	101.90547263681596
1030	17	1	48.752475247524764	10.767326732673274
1030	18	1	78.12935323383087	48.5422885572139
1030	19	1	36.316582914572855	120.20100502512557
1030	20	1	101.35000000000002	111.62000000000002
1030	21	1	186.61691542288554	130.36815920398007
1030	22	1	36.40500000000001	180.8900000000001
1030	23	1	5.6831683168316856	60.97029702970297
1030	24	1	14.294999999999995	142.54999999999995
1030	25	1	183.99499999999992	64.85499999999999
1030	26	1	151.12935323383084	131.75621890547274
1030	27	1	188.64676616915426	45.01990049751244
1030	28	1	173.54500000000004	14.579999999999995
1030	29	1	118.51741293532339	168.54228855721394
1030	30	1	167.98000000000005	77.82500000000003
1030	31	1	184.9850746268657	19.825870646766163
1030	32	1	141.63819095477393	146.06030150753764
1030	33	1	54.879999999999974	176.30499999999992
1030	34	1	157.41293532338315	43.87562189054727
1030	35	1	4.597014925373136	139.88059701492523
1030	36	1	54.26237623762379	93.39603960396035
1030	37	1	25.81683168316832	153.2574257425741
1030	38	1	194.16336633663366	153.88118811881185
1030	39	1	43.11	26.97
1030	40	1	192.16915422885572	118.90547263681596
1030	41	1	36.343283582089555	165.7313432835821
1030	42	1	48.975	137.33499999999975
1030	43	1	166.4626865671641	146.06467661691542
1030	44	1	113.96500000000003	17.040000000000006
1030	45	1	18.422885572139297	117.26865671641785
1030	46	1	154.50248756218915	120.63681592039804
1030	47	1	35.24000000000004	84.52500000000002
1030	48	1	55.296482412060314	157.50753768844226
1030	49	1	192.05000000000004	67.77499999999999
1030	50	1	124.98009950248752	197.47761194029852
1030	51	1	2.4577114427860716	161.4626865671643
1030	52	1	199.64676616915423	51.28855721393036
1030	53	1	149.99999999999974	26.366336633663355
1030	54	1	85.55721393034827	53.37313432835819
1030	55	1	120.4278606965174	62.2686567164179
1030	56	1	112.70499999999998	54.415000000000006
1030	57	1	40.659999999999954	1.489999999999999
1030	58	1	82.86138613861388	36.762376237623776
1030	59	1	68.56716417910447	148.97014925373128
1030	60	1	181.3949999999999	37.989999999999995
1030	61	1	92.26500000000007	26.235000000000024
1030	62	1	36.60500000000001	149.635
1030	63	1	13.034653465346532	158.72772277227722
1030	64	1	27.621890547263682	14.890547263681572
1030	65	1	27.644999999999982	116.21499999999999
1030	66	1	0.7871287128712862	130.34653465346543
1030	67	1	112.58706467661692	176.37313432835836
1030	68	1	169.50499999999997	133.81500000000008
1030	69	1	64.9502487562189	164.44776119402985
1030	70	1	27.72727272727274	184.4494949494949
1030	71	1	168.49253731343282	22.601990049751254
1030	72	1	40.20499999999999	77.56999999999995
1030	73	1	24.440000000000012	5.894999999999995
1030	74	1	44.579207920792065	174.90099009900996
1030	75	1	87.17910447761189	157.19402985074635
1030	76	1	21.786069651741304	166.69154228855723
1030	77	1	118.89949748743717	160.00502512562818
1030	78	1	111.36499999999995	2.9099999999999113
1030	79	1	98.65671641791045	144.49751243781097
1030	80	1	70.83084577114425	109.56716417910445
1030	81	1	46.46766169154234	102.82089552238808
1030	82	1	25.273631840796025	134.70149253731344
1030	83	1	182.7960199004975	142.53233830845775
1030	84	1	40.669999999999995	127.53000000000006
1030	85	1	101.53500000000003	32.4
1030	86	1	34.07425742574257	24.930693069306926
1030	87	1	152.52736318407963	149.04975124378095
1030	88	1	117.69499999999991	190.33500000000004
1030	89	1	24.915	193.1700000000001
1040	1	2	9.858585858585856	9.616161616161614
1040	2	2	9.950000000000008	100.29000000000005
1040	3	2	10.120000000000005	190.11999999999992
1040	4	2	99.88000000000001	9.879999999999995
1040	5	2	100.12	99.88
1040	6	2	100.00000000000003	190.50000000000006
1040	7	2	189.87999999999997	9.879999999999995
1040	8	2	190.49999999999997	100
1040	9	2	189.61616161616163	190.14141414141412
1040	10	1	164.6069651741294	29.761194029850746
1040	11	1	9.28	113.915
1040	12	1	48.92574257425742	147.72772277227727
1040	13	1	129.07999999999998	89.94000000000001
1040	14	1	58.65174129353236	126.62686567164174
1040	15	1	52.70646766169154	194.12935323383093
1040	16	1	36.264999999999986	100.63499999999998
1040	17	1	48.2	12.030000000000001
1040	18	1	77.24500000000006	47.599999999999945
1040	19	1	38.11999999999999	118.86500000000002
1040	20	1	98.76500000000001	112.85499999999999
1040	21	1	185.8291457286431	130.16582914572857
1040	22	1	36.230000000000025	180.21500000000012
1040	23	1	4.487562189054728	60.80099502487564
1040	24	1	12.935323383084576	142.48258706467655
1040	25	1	183.33	64.27499999999998
1040	26	1	151.75247524752479	130.45049504950492
1040	27	1	187.15422885572139	45.243781094527364
1040	28	1	173.35820895522383	12.875621890547261
1040	29	1	119.05940594059405	167.97029702970286
1040	30	1	168.3681592039801	78.37313432835822
1040	31	1	185.61306532663323	20.623115577889454
1040	32	1	140.48756218905464	145.56218905472636
1040	33	1	54.741293532338275	175.6965174129354
1040	34	1	156.49999999999997	43.43999999999998
1040	35	1	3.905472636815921	139.14925373134335
1040	36	1	53.89552238805972	92.3582089552239
1040	37	1	24.716417910447763	152.40796019900498
1040	38	1	193.27363184079613	152.46766169154222
1040	39	1	42.14925373134329	28.19900497512439
1040	40	1	191.4851485148515	118.28712871287128
1040	41	1	36.15270935960592	164.68965517241378
1040	42	1	48.810000000000024	137.57
1040	43	1	164.63184079601987	146.3084577114428
1040	44	1	113.75621890547264	17.4228855721393
1040	45	1	18.765000000000004	117.42000000000006
1040	46	1	155.62686567164175	119.66666666666663
1040	47	1	35.681592039801004	84.20895522388061
1040	48	1	55.32178217821779	156.92079207920784
1040	49	1	191.223880597015	68.72139303482594
1040	50	1	124.07425742574253	197.04455445544554
1040	51	1	1.381909547738693	161.1809045226131
1040	52	1	198.52	51.00499999999998
1040	53	1	151.46766169154236	25.696517412935307
1040	54	1	85.14427860696524	52.20895522388058
1040	55	1	120.47500000000005	61.815000000000005
1040	56	1	111.02985074626869	53.970149253731336
1040	57	1	40.73499999999999	1.3299999999999974
1040	58	1	81.71999999999998	35.93999999999999
1040	59	1	68.1492537313433	147.23383084577108
1040	60	1	180.67500000000004	37.85
1040	61	1	91.73999999999998	25.00999999999999
1040	62	1	35.49999999999999	148.385
1040	63	1	12.203980099502486	158.62686567164178
1040	64	1	26.44776119402986	14.462686567164187
1040	65	1	28.22885572139305	115.67164179104479
1040	66	1	0.45273631840795997	128.88059701492529
1040	67	1	113.68499999999997	175.38500000000005
1040	68	1	168.635	134.11499999999998
1040	69	1	65.82089552238806	162.3432835820896
1040	70	1	27.51256281407036	183.94472361809045
1040	71	1	169.78109452736325	22.46268656716418
1040	72	1	40.313432835820876	76.95522388059698
1040	73	1	24.73000000000002	4.100000000000001
1040	74	1	43.97014925373137	173.58208955223876
1040	75	1	86.99999999999996	156.2300000000001
1040	76	1	21.785	166.07000000000002
1040	77	1	119.55445544554459	158.9950495049505
1040	78	1	111.05970149253736	2.9800995024875627
1040	79	1	99.24500000000002	143.56500000000003
1040	80	1	69.62814070351763	109.07537688442208
1040	81	1	47.8905472636816	103.65174129353238
1040	82	1	24.654999999999998	134.27999999999986
1040	83	1	182.23267326732662	141.86633663366348
1040	84	1	39.440000000000005	128.43500000000006
1040	85	1	99.90547263681593	31.80597014925373
1040	86	1	33.53000000000001	23.090000000000007
1040	87	1	151.32999999999996	148.81499999999994
1040	88	1	116.90452261306535	189.6281407035176
1040	89	1	25.40500000000001	192.23000000000002
1050	1	2	9.858585858585856	9.616161616161614
1050	2	2	9.950000000000008	100.29000000000005
1050	3	2	10.120000000000005	190.11999999999992
1050	4	2	99.88000000000001	9.879999999999995
1050	5	2	100.12	99.88
1050	6	2	100.00000000000003	190.50000000000006
1050	7	2	189.87999999999997	9.879999999999995
1050	8	2	190.49999999999997	100
1050	9	2	189.61616161616163	190.14141414141412
1050	10	1	165.35500000000008	29.84000000000002
1050	11	1	10.68656716417911	113.93034825870643
1050	12	1	48.308457711442784	147.96517412935324
1050	13	1	131.76237623762376	89.97029702970298
1050	14	1	58.11386138613864	125.32178217821782
1050	15	1	52.13499999999999	193.225
1050	16	1	37.75742574257427	99.9752475247525
1050	17	1	47.51741293532338	13.776119402985078
1050	18	1	76.60999999999999	46.46999999999998
1050	19	1	39.62871287128712	118.09405940594065
1050	20	1	97.25373134328356	113.61194029850749
1050	21	1	185.4149999999999	130.02000000000004
1050	22	1	36.830000000000005	180.07000000000002
1050	23	1	3.5599999999999996	60.32999999999999
1050	24	1	11.569306930693076	142.30198019801983
1050	25	1	182.67000000000002	64.09000000000006
1050	26	1	151.67164179104472	128.90049751243782
1050	27	1	186.85074626865676	44.50248756218902
1050	28	1	173.34328358208955	11.40298507462686
1050	29	1	119.04975124378112	167.4676616915423
1050	30	1	168.60199004975118	79.29353233830838
1050	31	1	185.9095477386935	21.010050251256278
1050	32	1	139.42499999999995	144.51000000000005
1050	33	1	54.213930348258714	176.05970149253733
1050	34	1	155.9651741293532	42.995024875621894
1050	35	1	2.96	138.6999999999999
1050	36	1	53.67661691542288	91.23880597014924
1050	37	1	23.48756218905473	151.49751243781105
1050	38	1	192.71641791044775	151.7363184079603
1050	39	1	41.00497512437812	30.10945273631842
1050	40	1	190.91044776119404	117.82089552238808
1050	41	1	35.750000000000014	163.92999999999998
1050	42	1	48.620000000000026	137.30499999999992
1050	43	1	163.295	146.50499999999988
1050	44	1	113.25	18.095000000000002
1050	45	1	18.793969849246217	118.2914572864322
1050	46	1	156.87562189054722	118.99999999999999
1050	47	1	35.980000000000004	83.39999999999995
1050	48	1	55.940000000000005	155.82500000000007
1050	49	1	190.09045226130652	70.49246231155786
1050	50	1	122.98000000000002	196.22
1050	51	1	0.5050000000000006	161.25000000000006
1050	52	1	196.75879396984925	51.63819095477386
1050	53	1	152.36318407960198	24.477611940298512
1050	54	1	84.76119402985078	51.02985074626864
1050	55	1	119.74626865671641	61.124378109452714
1050	56	1	110.26368159203979	52.96517412935324
1050	57	1	40.72499999999999	1.465000000000001
1050	58	1	80.73500000000001	35.05499999999999
1050	59	1	67.90999999999998	145.825
1050	60	1	180.13930348258694	37.67164179104477
1050	61	1	90.88557213930352	23.78109452736318
1050	62	1	35.05445544554453	147.49504950495046
1050	63	1	11.509999999999998	158.78499999999994
1050	64	1	25.880597014925375	13.815920398009954
1050	65	1	29.105000000000025	114.97500000000002
1050	66	1	0.21782178217821774	127.32673267326734
1050	67	1	113.93500000000004	174.58000000000004
1050	68	1	167.42999999999998	134.38500000000005
1050	69	1	65.20895522388061	161.09950248756223
1050	70	1	27.15500000000002	183.27500000000003
1050	71	1	171.36999999999995	22.48999999999999
1050	72	1	40.70646766169153	76.4278606965174
1050	73	1	24.338308457711435	2.5621890547263666
1050	74	1	43.25500000000001	171.78499999999997
1050	75	1	86.74129353233829	155.19402985074632
1050	76	1	22.139303482587078	165.179104477612
1050	77	1	120.16500000000002	158.03500000000005
1050	78	1	110.9246231155779	3.5276381909547467
1050	79	1	99.6	143.02499999999998
1050	80	1	69.40298507462681	107.67661691542287
1050	81	1	50.06030150753772	103.87939698492457
1050	82	1	24.0099502487562	134.38805970149264
1050	83	1	181.44000000000005	141.47
1050	84	1	37.85000000000001	128.975
1050	85	1	98.6915422885573	31.154228855721385
1050	86	1	33.135000000000005	21.629999999999995
1050	87	1	150.52475247524754	148.12871287128718
1050	88	1	116.06965174129354	188.46268656716427
1050	89	1	25.995000000000005	191.77999999999997
1060	1	2	9.858585858585856	9.616161616161614
1060	2	2	9.950000000000008	100.29000000000005
1060	3	2	10.120000000000005	190.11999999999992
1060	4	2	99.88000000000001	9.879999999999995
1060	5	2	100.12	99.88
1060	6	2	100.00000000000003	190.50000000000006
1060	7	2	189.87999999999997	9.879999999999995
1060	8	2	190.49999999999997	100
1060	9	2	189.61616161616163	190.14141414141412
1060	10	1	165.93069306930698	29.881188118811874
1060	11	1	11.771144278606966	113.77611940298512
1060	12	1	47.87499999999998	148.17499999999998
1060	13	1	133.53233830845772	89.60199004975128
1060	14	1	57.44000000000002	124.89999999999995
1060	15	1	51.66336633663366	192.7574257425742
1060	16	1	39.12935323383084	99.02985074626869
1060	17	1	46.338308457711435	15.746268656716412
1060	18	1	76.18905472636817	45.1144278606965
1060	19	1	41.462686567164184	117.39303482587064
1060	20	1	95.79000000000002	114.63500000000003
1060	21	1	185.1094527363184	129.7512437810945
1060	22	1	36.72361809045228	179.59296482412068
1060	23	1	2.3499999999999988	59.84
1060	24	1	10.656716417910445	141.99999999999994
1060	25	1	181.6716417910447	63.86069651741298
1060	26	1	152.02985074626875	126.9900497512438
1060	27	1	186.4975124378109	43.87064676616917
1060	28	1	173.14999999999995	8.929999999999996
1060	29	1	119.55000000000001	166.69000000000008
1060	30	1	169.66666666666666	80.84079601990041
1060	31	1	186.60199004975124	22.442786069651756
1060	32	1	138.80693069306935	143.63366336633658
1060	33	1	53.36683417085429	176.64321608040208
1060	34	1	155.70149253731347	42.78606965174127
1060	35	1	2.19402985074627	138.34825870646785
1060	36	1	53.457711442786064	89.89552238805969
1060	37	1	22.633663366336627	150.74752475247524
1060	38	1	192.04000000000013	151.05999999999997
1060	39	1	39.95522388059698	31.955223880597018
1060	40	1	191.285	117.20000000000002
1060	41	1	35.661691542288544	163.17412935323372
1060	42	1	48.43000000000001	137.24499999999998
1060	43	1	161.8606965174129	146.6169154228856
1060	44	1	112.68999999999998	18.749999999999993
1060	45	1	18.884999999999994	118.945
1060	46	1	158.0049751243781	117.87064676616914
1060	47	1	36.27999999999999	82.715
1060	48	1	56.52736318407961	154.16915422885563
1060	49	1	188.88999999999996	71.44
1060	50	1	122.16417910447758	195.6417910447761
1060	51	1	199.275	161.00500000000008
1060	52	1	195.34328358208955	51.661691542288565
1060	53	1	152.6039603960395	23.173267326732667
1060	54	1	83.59500000000003	50.33
1060	55	1	118.0398009950249	60.2686567164179
1060	56	1	108.40099009900986	51.97029702970296
1060	57	1	40.75500000000004	1.5550000000000013
1060	58	1	80.03015075376881	34.291457286432134
1060	59	1	68.33333333333329	144.6417910447761
1060	60	1	178.94000000000003	37.660000000000004
1060	61	1	90.17412935323382	22.537313432835823
1060	62	1	34.21890547263681	146.29353233830852
1060	63	1	10.624999999999996	159.3
1060	64	1	25.414999999999996	12.830000000000004
1060	65	1	30.255	114.30500000000002
1060	66	1	0.19900497512437812	126.00995024875624
1060	67	1	114.24257425742569	173.7673267326732
1060	68	1	165.636815920398	134.67661691542293
1060	69	1	64.72	160.00000000000006
1060	70	1	26.678391959798983	182.678391959799
1060	71	1	172.63861386138615	21.71287128712871
1060	72	1	40.7889447236181	75.38693467336674
1060	73	1	23.875	0.965
1060	74	1	43.36815920398007	169.9651741293531
1060	75	1	87.32835820895524	153.39800995024873
1060	76	1	22.189054726368152	164.19402985074626
1060	77	1	121.17412935323382	156.5323383084577
1060	78	1	110.66000000000001	3.8650000000000944
1060	79	1	99.68811881188121	141.7079207920792
1060	80	1	68.27363184079603	106.21393034825873
1060	81	1	51.78109452736318	104.19900497512434
1060	82	1	23.17412935323384	134.06965174129354
1060	83	1	180.87128712871285	141.11881188118826
1060	84	1	36.6766169154229	129.05472636815918
1060	85	1	97.62871287128709	30.480198019802
1060	86	1	32.611940298507456	20.477611940298505
1060	87	1	149.54950495049505	146.85148514851485
1060	88	1	115.3768844221105	187.83919597989942
1060	89	1	26.920000000000012	191.49000000000007
1070	1	2	9.858585858585856	9.616161616161614
1070	2	2	9.950000000000008	100.29000000000005
1070	3	2	10.120000000000005	190.11999999999992
1070	4	2	99.88000000000001	9.879999999999995
1070	5	2	100.12	99.88
1070	6	2	100.00000000000003	190.50000000000006
1070	7	2	189.87999999999997	9.879999999999995
1070	8	2	190.49999999999997	100
1070	9	2	189.61616161616163	190.14141414141412
1070	10	1	166.94527363184073	29.547263681592046
1070	11	1	12.565000000000003	113.95499999999997
1070	12	1	47.410000000000025	148.38500000000002
1070	13	1	135.66	88.63499999999998
1070	14	1	56.93500000000002	124.30499999999994
1070	15	1	51.368159203980106	192.0049751243781
1070	16	1	40.37	99.1
1070	17	1	45.37810945273632	17.0497512437811
1070	18	1	75.48500000000003	44.755
1070	19	1	43.20792079207919	117.10396039603964
1070	20	1	94.55721393034823	115.39303482587064
1070	21	1	184.15346534653463	129.90099009900987
1070	22	1	36.66331658291458	179.37688442211052
1070	23	1	1.1044776119402984	59.10945273631841
1070	24	1	9.631840796019903	141.79104477611935
1070	25	1	180.54950495049496	63.41584158415844
1070	26	1	151.93499999999986	125.51000000000005
1070	27	1	185.94000000000008	43.039999999999985
1070	28	1	173.3482587064677	7.029850746268656
1070	29	1	119.51741293532338	165.70149253731344
1070	30	1	170.26732673267338	82.53960396039602
1070	31	1	187.55000000000004	23.480000000000015
1070	32	1	138.14499999999992	142.37500000000006
1070	33	1	52.62999999999998	176.19500000000002
1070	34	1	155.6268656716416	42.42288557213932
1070	35	1	1.1099999999999988	137.89
1070	36	1	53.609999999999985	89.53499999999997
1070	37	1	21.601990049751247	150.41791044776124
1070	38	1	191.46499999999997	149.98500000000013
1070	39	1	38.87562189054725	33.80597014925374
1070	40	1	191.55223880597015	116.81094527363183
1070	41	1	35.47263681592042	162.45771144278606
1070	42	1	48.11940298507466	137.21890547263683
1070	43	1	159.48514851485146	146.01485148514843
1070	44	1	111.83084577114428	19.781094527363194
1070	45	1	18.769999999999996	120.08499999999998
1070	46	1	158.08999999999997	116.845
1070	47	1	36.93	82.64500000000004
1070	48	1	57.17326732673267	152.7425742574257
1070	49	1	187.51980198019805	72.4554455445545
1070	50	1	121.24875621890546	194.46268656716418
1070	51	1	198.185	161.00499999999994
1070	52	1	194.15422885572139	51.810945273631816
1070	53	1	153.38190954773862	22.57788944723617
1070	54	1	83.21000000000006	49.28499999999999
1070	55	1	116.70646766169153	59.15422885572142
1070	56	1	107.31000000000004	50.54
1070	57	1	40.730000000000004	1.6000000000000014
1070	58	1	78.9900497512438	33.62189054726368
1070	59	1	68.52238805970157	142.84079601990058
1070	60	1	177.89447236180908	37.1507537688442
1070	61	1	89.33663366336631	21.039603960396047
1070	62	1	33.33663366336633	144.75742574257427
1070	63	1	9.825870646766171	159.6169154228855
1070	64	1	24.88557213930348	11.810945273631841
1070	65	1	31.415	113.84499999999994
1070	66	1	199.955	124.71000000000001
1070	67	1	114.95500000000004	173.02999999999997
1070	68	1	164.6399999999999	134.15999999999997
1070	69	1	63.76616915422885	159.5174129353233
1070	70	1	26.18407960199006	181.9900497512438
1070	71	1	173.57500000000002	20.200000000000014
1070	72	1	40.995000000000026	74.22999999999996
1070	73	1	22.895522388059696	2.419939248987646e-16
1070	74	1	43.24000000000001	168.73
1070	75	1	87.49253731343283	152.13432835820893
1070	76	1	22.48258706467662	163.31343283582106
1070	77	1	121.80499999999998	155.28999999999996
1070	78	1	110.54040404040406	4.712121212121214
1070	79	1	100.05499999999999	140.71999999999997
1070	80	1	67.40999999999998	104.81499999999993
1070	81	1	53.68316831683169	103.41089108910892
1070	82	1	22.309999999999995	134.1250000000001
1070	83	1	179.81499999999977	140.945
1070	84	1	35.47290640394089	128.74384236453204
1070	85	1	96.52238805970148	29.825870646766155
1070	86	1	32.08457711442787	19.223880597014922
1070	87	1	148.65999999999997	146.3349999999999
1070	88	1	114.48999999999997	187.3499999999999
1070	89	1	28.00000000000001	191.4825870646765
1080	1	2	9.858585858585856	9.616161616161614
1080	2	2	9.950000000000008	100.29000000000005
1080	3	2	10.120000000000005	190.11999999999992
1080	4	2	99.88000000000001	9.879999999999995
1080	5	2	100.12	99.88
1080	6	2	100.00000000000003	190.50000000000006
1080	7	2	189.87999999999997	9.879999999999995
1080	8	2	190.49999999999997	100
1080	9	2	189.61616161616163	190.14141414141412
1080	10	1	167.19499999999996	28.55999999999999
1080	11	1	13.213930348258703	114.44776119402985
1080	12	1	46.99004975124378	148.547263681592
1080	13	1	137.73631840796023	88.45273631840797
1080	14	1	56.691542288557216	123.96517412935322
1080	15	1	51.01980198019801	191.50495049504954
1080	16	1	41.51999999999999	99.61499999999998
1080	17	1	44.30845771144279	18.666666666666686
1080	18	1	74.75000000000001	44.38999999999998
1080	19	1	44.949999999999996	117.35000000000001
1080	20	1	93.82587064676618	115.55721393034824
1080	21	1	182.82412060301516	129.5929648241206
1080	22	1	36.35500000000004	179.06000000000003
1080	23	1	0.4500000000000012	58.735
1080	24	1	8.960199004975124	141.2139303482587
1080	25	1	179.44059405940584	63.05445544554454
1080	26	1	151.79000000000002	123.54999999999995
1080	27	1	185.45049504950495	42.49504950495051
1080	28	1	174.9104477611942	6.1144278606965194
1080	29	1	119.93999999999994	164.79500000000004
1080	30	1	170.74499999999992	84.98999999999998
1080	31	1	189.00499999999985	25.100000000000012
1080	32	1	137.47500000000002	141.34999999999997
1080	33	1	51.696517412935336	175.8009950248756
1080	34	1	155.64999999999995	42.01
1080	35	1	0.3869346733668342	137.19095477386938
1080	36	1	53.71641791044776	89.22885572139306
1080	37	1	20.61	150.08500000000006
1080	38	1	191.03500000000008	149.54999999999995
1080	39	1	38.228855721393046	35.08457711442786
1080	40	1	191.62	116.5
1080	41	1	35.10999999999999	161.92999999999995
1080	42	1	47.76999999999997	137.29499999999993
1080	43	1	157.94554455445538	145.86633663366345
1080	44	1	110.69000000000003	20.704999999999988
1080	45	1	18.716417910447777	120.90547263681599
1080	46	1	158.33830845771152	115.38805970149251
1080	47	1	37.76119402985072	82.50248756218905
1080	48	1	57.82587064676615	151.14427860696517
1080	49	1	186.2835820895522	72.90049751243781
1080	50	1	120.68499999999993	193.32
1080	51	1	196.96517412935324	161.05970149253736
1080	52	1	193.15920398009953	51.9004975124378
1080	53	1	153.6766169154229	22.169154228855728
1080	54	1	82.49253731343285	48.58706467661691
1080	55	1	115.13861386138612	57.98019801980199
1080	56	1	106.56218905472635	48.83582089552238
1080	57	1	40.50499999999998	1.8999999999999997
1080	58	1	78.18407960199	32.97512437810948
1080	59	1	68.66000000000005	141.54
1080	60	1	176.7250000000001	36.33000000000001
1080	61	1	88.16500000000002	19.930000000000017
1080	62	1	32.80198019801979	143.60396039603955
1080	63	1	9.055000000000003	158.84499999999997
1080	64	1	24.500000000000014	10.165000000000003
1080	65	1	33.164179104477604	113.50746268656715
1080	66	1	199.4924623115578	123.81909547738692
1080	67	1	114.76732673267331	172.1336633663366
1080	68	1	163.31683168316835	133.73762376237624
1080	69	1	63.407960199004975	158.57213930348263
1080	70	1	25.507537688442206	181.4623115577889
1080	71	1	174.85074626865676	19.199004975124378
1080	72	1	41.009950248756184	72.76119402985074
1080	73	1	22.326633165829133	198.95979899497488
1080	74	1	43.587064676616926	167.62189054726372
1080	75	1	87.60696517412936	151.1442786069652
1080	76	1	22.85572139303483	162.45273631840797
1080	77	1	122.6984924623116	153.74371859296477
1080	78	1	109.96984924623116	4.944723618090456
1080	79	1	100.61999999999996	139.74000000000004
1080	80	1	66.49999999999997	103.41584158415846
1080	81	1	54.915422885572134	102.33333333333336
1080	82	1	22.15	133.73999999999992
1080	83	1	179.47263681592042	140.46268656716418
1080	84	1	34.855	128.39999999999995
1080	85	1	95.33830845771142	29.24875621890548
1080	86	1	31.836633663366335	18.094059405940595
1080	87	1	147.52736318407963	145.22388059701498
1080	88	1	113.83582089552245	187.06965174129357
1080	89	1	28.990000000000006	191.11999999999998
1090	1	2	9.858585858585856	9.616161616161614
1090	2	2	9.950000000000008	100.29000000000005
1090	3	2	10.120000000000005	190.11999999999992
1090	4	2	99.88000000000001	9.879999999999995
1090	5	2	100.12	99.88
1090	6	2	100.00000000000003	190.50000000000006
1090	7	2	189.87999999999997	9.879999999999995
1090	8	2	190.49999999999997	100
1090	9	2	189.61616161616163	190.14141414141412
1090	10	1	167.094527363184	26.95024875621889
1090	11	1	13.394999999999994	115.15500000000006
1090	12	1	46.32999999999999	148.64499999999995
1090	13	1	139.19500000000005	88.71500000000005
1090	14	1	56.15500000000001	123.71499999999997
1090	15	1	50.48	191.00500000000017
1090	16	1	42.175000000000026	99.37500000000001
1090	17	1	43.195000000000014	20.070000000000007
1090	18	1	74.43216080402003	44.01005025125628
1090	19	1	46.10999999999999	117.84499999999993
1090	20	1	92.88557213930349	115.76616915422876
1090	21	1	180.85074626865668	129.45273631840797
1090	22	1	36.28358208955222	178.46766169154222
1090	23	1	199.51243781094527	58.278606965174156
1090	24	1	8.264999999999999	140.91499999999982
1090	25	1	178.54950495049502	62.34158415841589
1090	26	1	152.00995024875624	122.2338308457712
1090	27	1	184.66169154228857	42.35820895522389
1090	28	1	176.2736318407961	5.572139303482587
1090	29	1	120.13930348258708	163.8059701492537
1090	30	1	171.18407960198996	86.8059701492537
1090	31	1	190.51741293532336	26.29850746268656
1090	32	1	137.35858585858588	139.56565656565638
1090	33	1	50.76616915422886	175.47263681592042
1090	34	1	155.82	40.949999999999974
1090	35	1	199.35323383084577	137.0447761194031
1090	36	1	53.440000000000005	88.77999999999992
1090	37	1	19.11	150.3449999999999
1090	38	1	190.05472636815924	148.5373134328358
1090	39	1	37.13432835820897	35.04477611940296
1090	40	1	192.125	115.87499999999999
1090	41	1	34.82178217821782	161.21782178217816
1090	42	1	47.905000000000015	137.28000000000003
1090	43	1	156.71500000000006	145.04999999999995
1090	44	1	109.00000000000006	22.094527363184074
1090	45	1	18.834999999999997	121.40999999999995
1090	46	1	158.7363184079603	114.03482587064676
1090	47	1	38.58000000000003	82.42499999999998
1090	48	1	58.48000000000003	149.81500000000014
1090	49	1	185.25373134328356	73.28855721393039
1090	50	1	120.01499999999999	192.74
1090	51	1	195.57213930348257	160.7412935323382
1090	52	1	192.46499999999995	51.62
1090	53	1	153.48499999999996	20.955000000000005
1090	54	1	81.85999999999999	48.084999999999994
1090	55	1	113.19597989949752	56.15075376884424
1090	56	1	105.52736318407963	47.70646766169154
1090	57	1	40.34499999999998	2.754999999999999
1090	58	1	77.01500000000006	32.28499999999998
1090	59	1	68.4029850746269	140.1741293532338
1090	60	1	176.00497512437803	35.34825870646763
1090	61	1	86.76500000000001	18.61
1090	62	1	32.17412935323382	142.48756218905478
1090	63	1	7.744999999999998	159.01
1090	64	1	23.924999999999986	9.094999999999999
1090	65	1	34.712871287128735	113.29207920792079
1090	66	1	199.37688442211055	122.92964824120602
1090	67	1	115.40298507462681	171.58208955223884
1090	68	1	162.1542288557214	133.00995024875638
1090	69	1	62.91044776119407	157.860696517413
1090	70	1	25.13	180.69999999999993
1090	71	1	175.90049751243782	18.691542288557216
1090	72	1	40.89500000000003	70.86499999999995
1090	73	1	21.950248756218905	198.18407960199005
1090	74	1	43.74129353233833	166.497512437811
1090	75	1	87.7722772277228	150.26732673267324
1090	76	1	23.280000000000012	161.28000000000003
1090	77	1	124.23880597014926	152.11442786069657
1090	78	1	109.80499999999995	5.380000000000006
1090	79	1	101.28999999999996	138.65499999999992
1090	80	1	66.03482587064674	102.08955223880591
1090	81	1	55.60199004975125	101.49751243781094
1090	82	1	21.53999999999999	133.79500000000004
1090	83	1	179.42000000000002	139.6399999999999
1090	84	1	34.118811881188115	128.15346534653466
1090	85	1	93.97000000000003	28.335000000000015
1090	86	1	31.447761194029855	17.174129353233827
1090	87	1	146.2128712871287	144.95544554455446
1090	88	1	113.325	186.70500000000004
1090	89	1	30.024875621890544	190.9552238805971
1100	1	2	9.858585858585856	9.616161616161614
1100	2	2	9.950000000000008	100.29000000000005
1100	3	2	10.120000000000005	190.11999999999992
1100	4	2	99.88000000000001	9.879999999999995
1100	5	2	100.12	99.88
1100	6	2	100.00000000000003	190.50000000000006
1100	7	2	189.87999999999997	9.879999999999995
1100	8	2	190.49999999999997	100
1100	9	2	189.61616161616163	190.14141414141412
1100	10	1	167.24120603015072	25.05527638190955
1100	11	1	13.567839195979891	115.5326633165829
1100	12	1	45.8457711442786	148.35820895522386
1100	13	1	140.7650000000001	88.78499999999995
1100	14	1	55.859999999999985	123.41000000000003
1100	15	1	50.004975124378085	190.0547263681592
1100	16	1	43.340000000000025	99.60000000000001
1100	17	1	41.97524752475248	22.217821782178216
1100	18	1	74.30348258706466	43.14427860696518
1100	19	1	46.574999999999974	118.30999999999995
1100	20	1	92.452736318408	116.30845771144278
1100	21	1	179.3980099502487	129.19900497512435
1100	22	1	35.773869346733655	177.85427135678378
1100	23	1	198.39800995024876	58.33830845771144
1100	24	1	7.045000000000001	140.4399999999998
1100	25	1	177.63184079601987	60.78109452736318
1100	26	1	152.03980099502485	121.0149253731343
1100	27	1	183.69154228855732	42.09950248756219
1100	28	1	176.88557213930352	4.89054726368159
1100	29	1	120.1293532338309	161.92537313432825
1100	30	1	170.53500000000008	87.86
1100	31	1	191.38308457711443	27.716417910447774
1100	32	1	136.67999999999995	138.1850000000001
1100	33	1	49.80904522613066	175.16080402010053
1100	34	1	155.98999999999998	39.61999999999997
1100	35	1	198.5369458128079	136.73399014778315
1100	36	1	53.05499999999999	87.75000000000001
1100	37	1	17.407960199004968	149.9203980099502
1100	38	1	188.5820895522387	147.68656716417914
1100	39	1	36.21999999999999	35.05999999999999
1100	40	1	192.48499999999999	115.30500000000002
1100	41	1	34.261306532663305	160.8090452261307
1100	42	1	48.05025125628143	137.08542713567843
1100	43	1	155.97014925373125	144.76119402985074
1100	44	1	107.10000000000002	23.335000000000004
1100	45	1	19.30348258706467	121.63184079601994
1100	46	1	158.67000000000002	112.79999999999997
1100	47	1	38.77386934673365	81.51758793969847
1100	48	1	58.710000000000015	148.48499999999999
1100	49	1	183.6782178217822	73.009900990099
1100	50	1	119.32500000000005	191.82499999999993
1100	51	1	194.57999999999998	159.69999999999993
1100	52	1	191.4278606965174	52.34825870646766
1100	53	1	153.83499999999992	20.254999999999995
1100	54	1	80.8258706467662	48.228855721393046
1100	55	1	112.08955223880598	54.89552238805971
1100	56	1	105.28999999999996	47.075000000000045
1100	57	1	39.99502487562186	3.641791044776118
1100	58	1	75.89054726368161	31.398009950248767
1100	59	1	68.3497536945813	138.54187192118232
1100	60	1	175.12999999999997	34.505
1100	61	1	84.91500000000002	18.095000000000002
1100	62	1	31.75124378109452	141.54726368159206
1100	63	1	6.970149253731343	159.1243781094526
1100	64	1	23.40298507462686	8.29353233830846
1100	65	1	36.309999999999995	112.66500000000003
1100	66	1	199.06467661691542	122.23880597014923
1100	67	1	115.91500000000005	170.54000000000013
1100	68	1	160.8564356435644	132.1188118811881
1100	69	1	62.43781094527362	156.7363184079602
1100	70	1	24.276381909547734	179.56281407035178
1100	71	1	176.77611940298513	17.960199004975124
1100	72	1	40.881188118811885	68.5297029702971
1100	73	1	21.492462311557798	197.46231155778895
1100	74	1	43.88999999999998	165.71499999999992
1100	75	1	88.01999999999995	149.31000000000006
1100	76	1	23.930693069306944	159.3910891089109
1100	77	1	125.68316831683165	150.78712871287135
1100	78	1	109.60199004975127	6.502487562189056
1100	79	1	102.5778894472362	138.02512562814061
1100	80	1	66.33000000000001	100.60999999999997
1100	81	1	56.35500000000004	100.66999999999999
1100	82	1	20.964824120603023	133.9497487437186
1100	83	1	179.42000000000016	138.8449999999999
1100	84	1	33.331658291457295	127.5929648241205
1100	85	1	92.47761194029852	27.273631840796018
1100	86	1	31.243781094527375	16.606965174129357
1100	87	1	145.1990049751243	144.1194029850746
1100	88	1	112.7164179104477	186.2885572139304
1100	89	1	31.86567164179105	190.92039800995033
1110	1	2	9.858585858585856	9.616161616161614
1110	2	2	9.950000000000008	100.29000000000005
1110	3	2	10.120000000000005	190.11999999999992
1110	4	2	99.88000000000001	9.879999999999995
1110	5	2	100.12	99.88
1110	6	2	100.00000000000003	190.50000000000006
1110	7	2	189.87999999999997	9.879999999999995
1110	8	2	190.49999999999997	100
1110	9	2	189.61616161616163	190.14141414141412
1110	10	1	167.50500000000002	23.09000000000001
1110	11	1	13.164179104477618	116.48756218905473
1110	12	1	44.61499999999998	148.08500000000004
1110	13	1	141.87128712871294	89.42079207920794
1110	14	1	55.98000000000001	122.60000000000001
1110	15	1	49.238805970149265	189.3532338308458
1110	16	1	44.52499999999999	99.53500000000003
1110	17	1	40.92039800995026	23.81592039800995
1110	18	1	73.3084577114428	42.73134328358209
1110	19	1	47.185000000000024	118.95499999999998
1110	20	1	92.08499999999994	117.05499999999998
1110	21	1	178.51741293532345	128.4726368159205
1110	22	1	35.019900497512424	176.84577114427856
1110	23	1	197.4129353233831	57.985074626865675
1110	24	1	5.940298507462685	139.860696517413
1110	25	1	176.19402985074632	60.02985074626868
1110	26	1	152.95000000000013	120.25000000000003
1110	27	1	182.86500000000007	41.02499999999998
1110	28	1	177.74	4.050000000000002
1110	29	1	121.01005025125627	160.12562814070355
1110	30	1	169.56435643564353	88.34653465346533
1110	31	1	192.32	28.61
1110	32	1	136.63681592039802	136.07960199004975
1110	33	1	48.94	174.80999999999995
1110	34	1	156.53	38.22000000000003
1110	35	1	197.31	136.19499999999996
1110	36	1	52.621890547263696	86.62686567164182
1110	37	1	16.020000000000007	149.79
1110	38	1	187.295	147.82500000000007
1110	39	1	35.54500000000003	35.43999999999998
1110	40	1	193.53	113.87999999999997
1110	41	1	33.70149253731345	160.4975124378109
1110	42	1	48.38499999999998	136.81499999999994
1110	43	1	154.94999999999996	144.09000000000006
1110	44	1	104.91000000000001	24.65000000000001
1110	45	1	20.060000000000006	121.79500000000003
1110	46	1	159.75247524752456	111.4009900990099
1110	47	1	39.21890547263684	80.49253731343286
1110	48	1	58.97014925373134	147.22885572139302
1110	49	1	182.8805970149254	73.0945273631841
1110	50	1	118.5074626865672	191.61194029850745
1110	51	1	193.76	159.23500000000007
1110	52	1	189.910447761194	53.61194029850746
1110	53	1	154.00000000000006	19.42574257425744
1110	54	1	80.13000000000005	47.77999999999999
1110	55	1	111.05499999999999	53.58500000000001
1110	56	1	105.16499999999995	46.21
1110	57	1	40.31000000000002	4.800000000000003
1110	58	1	75.71641791044777	30.83084577114428
1110	59	1	68.28000000000002	137.37499999999991
1110	60	1	174.1791044776119	33.70149253731344
1110	61	1	83.55721393034831	17.283582089552244
1110	62	1	31.159203980099512	140.97014925373128
1110	63	1	5.760000000000002	158.62000000000003
1110	64	1	23.509999999999998	7.044999999999998
1110	65	1	38.29702970297032	112.01980198019801
1110	66	1	198.4	121.88000000000001
1110	67	1	116.32000000000004	169.305
1110	68	1	159.6099999999999	131.30000000000007
1110	69	1	62.43781094527365	155.60696517412924
1110	70	1	22.865671641791046	178.61194029850728
1110	71	1	177.52475247524754	17.32673267326732
1110	72	1	41.87562189054728	67.27860696517416
1110	73	1	21.393034825870643	196.87562189054728
1110	74	1	44.57920792079209	164.68316831683165
1110	75	1	88.82499999999999	148.355
1110	76	1	23.821782178217816	158.43564356435644
1110	77	1	127.02475247524755	149.44554455445558
1110	78	1	109.48241206030148	7.055276381909547
1110	79	1	103.33830845771145	137.14427860696523
1110	80	1	66.49748743718594	99.81909547738697
1110	81	1	57.04499999999999	100.26500000000001
1110	82	1	20.095000000000002	134.04999999999993
1110	83	1	179.09452736318417	138.2537313432836
1110	84	1	32.8358208955224	127.19900497512438
1110	85	1	91.47263681592042	26.03482587064677
1110	86	1	31.706467661691526	15.756218905472634
1110	87	1	143.78217821782187	143.22772277227725
1110	88	1	112.92500000000004	184.7200000000001
1110	89	1	33.52238805970149	190.84079601990052
1120	1	2	9.858585858585856	9.616161616161614
1120	2	2	9.950000000000008	100.29000000000005
1120	3	2	10.120000000000005	190.11999999999992
1120	4	2	99.88000000000001	9.879999999999995
1120	5	2	100.12	99.88
1120	6	2	100.00000000000003	190.50000000000006
1120	7	2	189.87999999999997	9.879999999999995
1120	8	2	190.49999999999997	100
1120	9	2	189.61616161616163	190.14141414141412
1120	10	1	167.68844221105522	21.17085427135679
1120	11	1	12.666666666666668	117.61194029850746
1120	12	1	43.25628140703519	147.99497487437182
1120	13	1	143.4328358208955	89.19402985074626
1120	14	1	56.29145728643215	121.85427135678394
1120	15	1	48.83000000000001	187.96
1120	16	1	45.865	99.04499999999997
1120	17	1	40.12437810945273	25.000000000000007
1120	18	1	72.33333333333331	42.14925373134326
1120	19	1	46.84500000000004	119.36500000000001
1120	20	1	92.10999999999999	117.39500000000001
1120	21	1	178.20398009950233	127.12935323383076
1120	22	1	34.20603015075377	175.65829145728637
1120	23	1	196.7810945273632	57.2089552238806
1120	24	1	5.243781094527361	138.9850746268657
1120	25	1	175.39999999999995	59.475000000000016
1120	26	1	154.25373134328356	119.11940298507459
1120	27	1	181.51000000000002	40.46000000000001
1120	28	1	178.67000000000004	3.365
1120	29	1	122.03000000000006	158.37500000000009
1120	30	1	168.99502487562197	89.08955223880594
1120	31	1	192.28855721393035	29.442786069651735
1120	32	1	136.450495049505	134.25247524752476
1120	33	1	48.293532338308445	173.955223880597
1120	34	1	157.16336633663377	35.856435643564346
1120	35	1	196.09452736318408	135.94029850746256
1120	36	1	51.88	84.94999999999999
1120	37	1	14.129999999999995	149.97499999999994
1120	38	1	185.82587064676616	147.66169154228854
1120	39	1	34.865671641791046	35.492537313432834
1120	40	1	195.015	112.17
1120	41	1	33.19900497512439	159.89054726368155
1120	42	1	49.079601990049746	136.33830845771138
1120	43	1	154.27363184079607	143.85572139303483
1120	44	1	102.58910891089111	25.55445544554456
1120	45	1	21.189999999999998	121.33
1120	46	1	160.8159203980099	110.23880597014926
1120	47	1	39.77386934673369	79.321608040201
1120	48	1	59.09452736318411	146.49253731343282
1120	49	1	181.92574257425736	73.35148514851493
1120	50	1	118.22499999999998	190.8800000000001
1120	51	1	192.78	158.05
1120	52	1	188.72139303482604	54.64676616915421
1120	53	1	154.045	18.360000000000007
1120	54	1	79.76616915422886	47.04477611940299
1120	55	1	111.4949999999999	52.21499999999997
1120	56	1	104.59000000000003	45.78000000000001
1120	57	1	40.62000000000002	4.924999999999999
1120	58	1	75.09499999999994	30.095000000000006
1120	59	1	67.5970149253731	136.63184079601993
1120	60	1	173.52999999999994	32.81
1120	61	1	82.52999999999997	16.36
1120	62	1	30.686567164179106	140.4875621890547
1120	63	1	4.294999999999999	158.935
1120	64	1	24.653465346534645	5.653465346534651
1120	65	1	39.455445544554465	111.10891089108905
1120	66	1	198.48	121.05500000000002
1120	67	1	117.19900497512435	168.25373134328348
1120	68	1	158.10499999999993	130.72499999999997
1120	69	1	62.485000000000014	154.94000000000014
1120	70	1	22.349999999999994	177.59000000000006
1120	71	1	178.345	16.984999999999996
1120	72	1	43.45	66.34999999999997
1120	73	1	20.835000000000015	196.44
1120	74	1	44.80499999999999	163.695
1120	75	1	89.63500000000002	147.55000000000013
1120	76	1	23.721393034825873	156.73134328358202
1120	77	1	128.65999999999994	148.42
1120	78	1	109.84577114427859	7.726368159203978
1120	79	1	103.78500000000004	136.35500000000013
1120	80	1	66.7910447761194	99.12437810945276
1120	81	1	57.60500000000004	99.40999999999995
1120	82	1	19.39303482587065	134.12437810945275
1120	83	1	179.2979797979796	136.6717171717171
1120	84	1	32.63681592039801	126.97512437810941
1120	85	1	90.31343283582093	25.39800995024875
1120	86	1	32.290000000000006	15.234999999999992
1120	87	1	143.03980099502488	142.0995024875622
1120	88	1	113.08542713567842	183.8643216080402
1120	89	1	34.46268656716419	190.45273631840794
1130	1	2	9.858585858585856	9.616161616161614
1130	2	2	9.950000000000008	100.29000000000005
1130	3	2	10.120000000000005	190.11999999999992
1130	4	2	99.88000000000001	9.879999999999995
1130	5	2	100.12	99.88
1130	6	2	100.00000000000003	190.50000000000006
1130	7	2	189.87999999999997	9.879999999999995
1130	8	2	190.49999999999997	100
1130	9	2	189.61616161616163	190.14141414141412
1130	10	1	167.98499999999996	19.615000000000013
1130	11	1	12.524752475247526	118.0742574257426
1130	12	1	42.074999999999996	147.5250000000001
1130	13	1	144.8855721393035	88.76616915422883
1130	14	1	56.88000000000001	120.56000000000002
1130	15	1	48.5223880597015	186.98507462686578
1130	16	1	46.6268656716418	98.41293532338311
1130	17	1	39.68500000000001	26.165000000000003
1130	18	1	71.76237623762373	41.128712871287114
1130	19	1	46.582914572864325	119.79899497487436
1130	20	1	92.11055276381913	118.08542713567842
1130	21	1	177.41791044776144	126.3283582089553
1130	22	1	33.21	173.91
1130	23	1	196.24875621890547	56.39303482587064
1130	24	1	4.203980099502488	138.686567164179
1130	25	1	175.01990049751217	58.771144278606975
1130	26	1	155.7064676616916	118.31840796019895
1130	27	1	179.91542288557213	40.16915422885573
1130	28	1	178.65671641791036	1.9999999999999716
1130	29	1	122.65346534653465	156.9257425742575
1130	30	1	169.035	90.06500000000001
1130	31	1	192.05527638190955	30.356783919597987
1130	32	1	135.76616915422892	133.50746268656712
1130	33	1	47.52736318407964	173.58706467661688
1130	34	1	157.715	32.93000000000001
1130	35	1	194.9900497512438	135.57711442786064
1130	36	1	51.68	83.34
1130	37	1	12.5	150.44500000000005
1130	38	1	184.08457711442784	147.38308457711452
1130	39	1	33.91500000000003	35.025
1130	40	1	195.74	111.33000000000004
1130	41	1	32.11000000000001	158.99500000000012
1130	42	1	49.55499999999998	135.43
1130	43	1	153.76732673267327	143.1386138613861
1130	44	1	99.98009950248758	26.393034825870636
1130	45	1	21.665000000000006	121.10499999999999
1130	46	1	161.94527363184082	109.3830845771144
1130	47	1	40.26999999999999	77.73500000000001
1130	48	1	58.779999999999994	145.635
1130	49	1	181.21393034825874	73.38805970149258
1130	50	1	117.35820895522389	190.93034825870646
1130	51	1	191.99497487437188	156.68844221105522
1130	52	1	187.63681592039796	55.49253731343283
1130	53	1	153.80499999999995	17.03
1130	54	1	79.03960396039606	46.65841584158413
1130	55	1	110.96999999999998	51.66000000000003
1130	56	1	104.65174129353235	44.92537313432835
1130	57	1	41.13	4.905000000000001
1130	58	1	74.28140703517589	29.37688442211054
1130	59	1	67.15999999999998	135.52000000000004
1130	60	1	173.00499999999988	32.30000000000001
1130	61	1	81.75621890547265	15.517412935323382
1130	62	1	30.691542288557212	139.81094527363183
1130	63	1	2.570000000000001	159.00999999999996
1130	64	1	25.48258706467662	4.452736318407959
1130	65	1	40.53499999999999	110.66000000000001
1130	66	1	198.33	120.77000000000002
1130	67	1	118.07960199004974	166.99502487562188
1130	68	1	156.74499999999998	130.21499999999995
1130	69	1	62.61499999999999	153.83999999999986
1130	70	1	21.27860696517414	176.5323383084578
1130	71	1	179.06965174129357	16.751243781094523
1130	72	1	44.44554455445543	64.94554455445544
1130	73	1	21.227722772277225	195.35643564356437
1130	74	1	44.82587064676617	162.35820895522397
1130	75	1	89.88	147.24
1130	76	1	22.855000000000008	155.34000000000003
1130	77	1	128.92499999999993	147.7399999999999
1130	78	1	109.87499999999999	9.11
1130	79	1	104.14000000000003	136.105
1130	80	1	67.0945273631841	97.83582089552239
1130	81	1	57.8391959798995	98.63316582914574
1130	82	1	18.29353233830846	134.55721393034827
1130	83	1	178.41584158415853	135.55940594059402
1130	84	1	32.10891089108911	126.42079207920789
1130	85	1	89.37810945273631	25.29353233830844
1130	86	1	32.53233830845771	14.681592039800988
1130	87	1	141.8756218905473	141.66666666666666
1130	88	1	113.18592964824126	182.7587939698493
1130	89	1	35.41499999999999	189.86499999999992
1140	1	2	9.858585858585856	9.616161616161614
1140	2	2	9.950000000000008	100.29000000000005
1140	3	2	10.120000000000005	190.11999999999992
1140	4	2	99.88000000000001	9.879999999999995
1140	5	2	100.12	99.88
1140	6	2	100.00000000000003	190.50000000000006
1140	7	2	189.87999999999997	9.879999999999995
1140	8	2	190.49999999999997	100
1140	9	2	189.61616161616163	190.14141414141412
1140	10	1	168.34999999999997	18.039999999999974
1140	11	1	11.935000000000002	118.69000000000003
1140	12	1	41.154999999999994	146.9950000000001
1140	13	1	146.26368159203975	88.47761194029849
1140	14	1	57.363184079602	119.21890547263683
1140	15	1	48.378109452736304	185.83084577114434
1140	16	1	47.76500000000003	97.46500000000003
1140	17	1	39.12935323383083	26.940298507462693
1140	18	1	71.56218905472639	39.76616915422885
1140	19	1	46.52499999999998	120.30500000000002
1140	20	1	92.01005025125632	118.4472361809045
1140	21	1	176.502487562189	125.7661691542289
1140	22	1	32.785000000000004	172.29
1140	23	1	195.9502487562189	54.82587064676617
1140	24	1	3.510000000000001	137.675
1140	25	1	174.20398009950256	57.71144278606963
1140	26	1	157.37000000000003	118.11000000000004
1140	27	1	178.9751243781095	39.701492537313456
1140	28	1	178.5323383084577	0.13432835820898958
1140	29	1	123.7114427860697	155.5671641791045
1140	30	1	169.8291457286433	91.2663316582915
1140	31	1	191.70149253731344	30.67661691542288
1140	32	1	135.76999999999998	132.21
1140	33	1	46.85074626865673	172.90547263681592
1140	34	1	157.88059701492543	30.487562189054724
1140	35	1	193.84	135.55999999999997
1140	36	1	51.722772277227726	81.67326732673267
1140	37	1	11.019900497512436	150.5522388059701
1140	38	1	182.97029702970298	147.30693069306935
1140	39	1	33.019999999999996	34.275000000000006
1140	40	1	196.39	110.64
1140	41	1	30.910447761194032	158.16915422885575
1140	42	1	50.34328358208953	134.37313432835822
1140	43	1	153.2288557213929	142.50746268656712
1140	44	1	98.06467661691542	27.65174129353233
1140	45	1	21.960000000000004	121.01500000000001
1140	46	1	162.96019900497512	108.6417910447761
1140	47	1	40.442786069651746	75.98507462686571
1140	48	1	58.51000000000003	144.72000000000003
1140	49	1	180.45499999999996	73.15499999999999
1140	50	1	116.46499999999999	191.27500000000003
1140	51	1	191.15	155.91500000000005
1140	52	1	186.72000000000006	56.824999999999996
1140	53	1	154.40999999999994	16.505000000000003
1140	54	1	78.33830845771146	46.11940298507464
1140	55	1	110.46268656716416	50.950248756218905
1140	56	1	104.18407960199008	44.159203980099505
1140	57	1	41.237623762376266	4.767326732673267
1140	58	1	73.50999999999998	28.45999999999999
1140	59	1	66.50499999999998	134.56500000000003
1140	60	1	172.0348258706468	32.32835820895521
1140	61	1	80.91542288557213	14.358208955223878
1140	62	1	30.626865671641795	138.7860696517413
1140	63	1	1.034653465346534	158.8366336633663
1140	64	1	26.2039800995025	3.159203980099501
1140	65	1	41.33500000000002	110.16999999999999
1140	66	1	197.25	120.84499999999998
1140	67	1	118.56218905472639	165.26368159203983
1140	68	1	155.4149999999999	129.5100000000001
1140	69	1	62.00500000000003	153.15999999999988
1140	70	1	20.415	175.345
1140	71	1	179.70149253731347	16.303482587064675
1140	72	1	45.27722772277231	63.73762376237626
1140	73	1	22.23880597014926	194.08955223880596
1140	74	1	44.47263681592042	161.1343283582089
1140	75	1	90.21000000000001	146.935
1140	76	1	22.179104477611947	153.5771144278606
1140	77	1	129.2376237623762	147.17821782178208
1140	78	1	110.2686567164179	9.925373134328357
1140	79	1	104.56716417910447	135.771144278607
1140	80	1	66.85148514851485	97.04950495049505
1140	81	1	57.97487437185931	97.22613065326631
1140	82	1	17.6318407960199	134.71641791044766
1140	83	1	177.735	134.71500000000006
1140	84	1	32.31343283582088	125.07960199004975
1140	85	1	88.43499999999995	24.765000000000004
1140	86	1	32.425	13.944999999999999
1140	87	1	140.9899497487436	141.11557788944728
1140	88	1	113.73869346733667	180.92462311557796
1140	89	1	35.681592039801	188.47761194029854
1150	1	2	9.858585858585856	9.616161616161614
1150	2	2	9.950000000000008	100.29000000000005
1150	3	2	10.120000000000005	190.11999999999992
1150	4	2	99.88000000000001	9.879999999999995
1150	5	2	100.12	99.88
1150	6	2	100.00000000000003	190.50000000000006
1150	7	2	189.87999999999997	9.879999999999995
1150	8	2	190.49999999999997	100
1150	9	2	189.61616161616163	190.14141414141412
1150	10	1	168.76000000000005	16.865000000000006
1150	11	1	11.690000000000007	119.25499999999998
1150	12	1	40.639999999999986	146.335
1150	13	1	147.42786069651743	88.39800995024873
1150	14	1	57.98507462686569	117.47761194029853
1150	15	1	48.154228855721406	184.94029850746273
1150	16	1	48.34328358208951	96.2636815920398
1150	17	1	38.716417910447774	27.492537313432834
1150	18	1	71.36138613861392	38.044554455445535
1150	19	1	46.50499999999998	120.69000000000001
1150	20	1	92.32663316582914	119.57788944723615
1150	21	1	175.80597014925374	125.2786069651741
1150	22	1	32.53960396039604	170.75742574257433
1150	23	1	195.055	53.66000000000002
1150	24	1	2.736318407960199	136.76119402985074
1150	25	1	173.96019900497515	56.56218905472639
1150	26	1	159.02487562189052	117.83582089552236
1150	27	1	178.32835820895514	38.91542288557216
1150	28	1	177.80597014925365	198.48756218905473
1150	29	1	124.58208955223881	154.5572139303483
1150	30	1	169.59701492537317	92.95024875621887
1150	31	1	190.81	30.834999999999994
1150	32	1	135.11442786069645	130.9054726368159
1150	33	1	46.38499999999999	172.48000000000008
1150	34	1	157.30198019801983	28.876237623762382
1150	35	1	192.4851485148515	135.2227722772277
1150	36	1	51.895522388059725	80.70149253731346
1150	37	1	9.74129353233831	151.03980099502488
1150	38	1	181.6019900497513	147.59203980099497
1150	39	1	32.41293532338309	33.87562189054728
1150	40	1	197.81	109.22000000000001
1150	41	1	29.77227722772277	157.35643564356434
1150	42	1	51.150000000000006	133.26999999999998
1150	43	1	152.6865671641791	141.84577114427861
1150	44	1	97.04477611940301	28.388059701492548
1150	45	1	22.610000000000007	121.07
1150	46	1	163.31343283582086	107.23383084577111
1150	47	1	40.68500000000002	73.91000000000003
1150	48	1	58.0148514851485	144.13366336633658
1150	49	1	179.99500000000003	73.06500000000003
1150	50	1	115.25247524752476	191.98514851485157
1150	51	1	190.48514851485163	154.65841584158417
1150	52	1	186.16000000000003	57.5
1150	53	1	155.06500000000005	16.014999999999997
1150	54	1	77.50499999999992	45.365000000000045
1150	55	1	110.28217821782178	49.96534653465345
1150	56	1	103.28500000000001	43.595
1150	57	1	40.904522613065325	4.522613065326636
1150	58	1	73.29353233830847	26.363184079601986
1150	59	1	66.32835820895524	133.4975124378109
1150	60	1	170.7437185929648	32.12562814070352
1150	61	1	80.55445544554455	12.579207920792081
1150	62	1	30.985074626865686	137.9303482587064
1150	63	1	199.69651741293532	158.2885572139303
1150	64	1	27.138613861386148	1.599009900990097
1150	65	1	42.2636815920398	109.80597014925372
1150	66	1	196.64	120.41499999999996
1150	67	1	119.6417910447761	164.42786069651734
1150	68	1	154.4800000000001	129.19499999999994
1150	69	1	61.6	152.53999999999994
1150	70	1	19.455000000000005	174.66500000000005
1150	71	1	180.37313432835822	15.542288557213924
1150	72	1	46.43000000000003	63.29500000000001
1150	73	1	23.074999999999992	192.37
1150	74	1	44.06	159.895
1150	75	1	90.685	146.49
1150	76	1	21.1039603960396	152.63366336633672
1150	77	1	129.11442786069645	146.27860696517416
1150	78	1	110.25500000000002	10.880000000000004
1150	79	1	104.74500000000005	134.55
1150	80	1	66.66500000000002	96.04499999999996
1150	81	1	58.029850746268664	95.8756218905473
1150	82	1	16.626865671641788	135.50746268656707
1150	83	1	176.93969849246238	133.88442211055278
1150	84	1	32.363184079601986	123.7761194029851
1150	85	1	87.5223880597015	24.557213930348258
1150	86	1	32.42999999999999	13.555000000000001
1150	87	1	140.26865671641804	140.0497512437811
1150	88	1	114.3432835820895	179.04975124378092
1150	89	1	35.75621890547266	187.22885572139313
1160	1	2	9.858585858585856	9.616161616161614
1160	2	2	9.950000000000008	100.29000000000005
1160	3	2	10.120000000000005	190.11999999999992
1160	4	2	99.88000000000001	9.879999999999995
1160	5	2	100.12	99.88
1160	6	2	100.00000000000003	190.50000000000006
1160	7	2	189.87999999999997	9.879999999999995
1160	8	2	190.49999999999997	100
1160	9	2	189.61616161616163	190.14141414141412
1160	10	1	169.61194029850736	16.029850746268654
1160	11	1	11.870646766169157	119.17910447761192
1160	12	1	39.835820895522396	145.5671641791045
1160	13	1	148.47	87.94000000000001
1160	14	1	58.24752475247528	115.91584158415844
1160	15	1	47.600000000000016	183.93000000000004
1160	16	1	48.58000000000001	94.825
1160	17	1	38.354999999999976	27.639999999999997
1160	18	1	71.01999999999998	37.039999999999985
1160	19	1	46.5	120.59499999999997
1160	20	1	92.45728643216086	121.11055276381913
1160	21	1	175.28358208955225	124.79601990049754
1160	22	1	32.644999999999996	169.315
1160	23	1	194.53	52.374999999999986
1160	24	1	2.010000000000001	136.13500000000005
1160	25	1	173.91000000000003	55.449999999999974
1160	26	1	159.96039603960386	116.9356435643565
1160	27	1	176.94000000000008	38.46500000000002
1160	28	1	177.2338308457711	197.22388059701484
1160	29	1	125.13499999999999	153.74999999999994
1160	30	1	168.89552238805956	94.23383084577117
1160	31	1	189.655	30.635000000000005
1160	32	1	134.73500000000004	130.02999999999992
1160	33	1	46.467661691542276	171.4477611940298
1160	34	1	156.68500000000003	27.834999999999994
1160	35	1	191.555	135.11000000000007
1160	36	1	51.62311557788945	80.26130653266334
1160	37	1	8.756218905472636	151.78606965174123
1160	38	1	180.58499999999998	147.03999999999994
1160	39	1	31.76500000000002	33.02000000000002
1160	40	1	198.95	107.79499999999996
1160	41	1	28.49246231155778	156.85929648241208
1160	42	1	51.69154228855718	132.27363184079604
1160	43	1	152.16417910447768	141.25373134328365
1160	44	1	95.60396039603957	29.06930693069309
1160	45	1	22.582089552238806	121.68159203980106
1160	46	1	164.15	106.13000000000007
1160	47	1	40.89054726368163	71.92537313432831
1160	48	1	57.38499999999999	143.49499999999998
1160	49	1	179.70646766169153	72.58208955223887
1160	50	1	113.71500000000005	192.56499999999994
1160	51	1	190.04000000000002	153.7999999999999
1160	52	1	185.89054726368155	57.74626865671642
1160	53	1	156.22000000000006	15.894999999999998
1160	54	1	76.5273631840796	44.54228855721391
1160	55	1	110.08999999999997	48.83999999999999
1160	56	1	102.3333333333333	42.830845771144276
1160	57	1	41.313432835820926	3.9552238805970124
1160	58	1	72.31343283582088	25.1592039800995
1160	59	1	66.13930348258701	132.0696517412935
1160	60	1	169.03	32.41
1160	61	1	80.1542288557214	11.38805970149254
1160	62	1	30.950248756218905	137.17412935323375
1160	63	1	198.5870646766169	157.90049751243777
1160	64	1	27.8358208955224	0.38308457711442745
1160	65	1	42.96019900497512	108.7164179104477
1160	66	1	196.27860696517413	120.29850746268653
1160	67	1	119.85499999999998	162.42000000000002
1160	68	1	154.41791044776102	128.3582089552239
1160	69	1	61.08955223880601	151.85572139303477
1160	70	1	19.025000000000006	173.605
1160	71	1	181.21393034825863	14.920398009950246
1160	72	1	47.48258706467664	62.88557213930346
1160	73	1	23.810000000000013	190.36499999999995
1160	74	1	43.49751243781093	158.73134328358202
1160	75	1	91.19000000000001	146.06000000000003
1160	76	1	20.089108910891085	151.66831683168326
1160	77	1	129.18500000000003	145.83999999999997
1160	78	1	110.16000000000005	11.665000000000001
1160	79	1	105.33333333333331	134.20895522388057
1160	80	1	66.87000000000002	94.93500000000006
1160	81	1	58.17910447761198	94.47263681592041
1160	82	1	15.666666666666659	136.1094527363183
1160	83	1	176.26000000000002	133.36499999999987
1160	84	1	32.751243781094516	122.98507462686567
1160	85	1	86.29850746268657	23.42288557213931
1160	86	1	32.01500000000001	12.945000000000002
1160	87	1	139.82587064676616	138.72139303482584
1160	88	1	114.8656716417911	176.33333333333323
1160	89	1	35.51499999999997	186.065
1170	1	2	9.858585858585856	9.616161616161614
1170	2	2	9.950000000000008	100.29000000000005
1170	3	2	10.120000000000005	190.11999999999992
1170	4	2	99.88000000000001	9.879999999999995
1170	5	2	100.12	99.88
1170	6	2	100.00000000000003	190.50000000000006
1170	7	2	189.87999999999997	9.879999999999995
1170	8	2	190.49999999999997	100
1170	9	2	189.61616161616163	190.14141414141412
1170	10	1	170.33499999999995	15.28
1170	11	1	11.67	119.29
1170	12	1	39.26500000000001	143.61999999999995
1170	13	1	149.4750000000001	87.69500000000005
1170	14	1	58.771144278606975	114.04975124378105
1170	15	1	47.75000000000001	182.57500000000005
1170	16	1	48.73631840796021	93.43283582089555
1170	17	1	38.25000000000001	27.964999999999996
1170	18	1	70.11500000000002	35.820000000000014
1170	19	1	46.532338308457675	120.76616915422888
1170	20	1	92.65326633165833	123.61306532663316
1170	21	1	174.83582089552246	124.31343283582089
1170	22	1	32.964999999999996	167.95499999999998
1170	23	1	193.98507462686567	50.90049751243782
1170	24	1	1.5750000000000004	135.55999999999997
1170	25	1	173.63681592039805	54.92039800995024
1170	26	1	161.05999999999995	116.26499999999992
1170	27	1	175.14427860696512	38.054726368159194
1170	28	1	176.09950248756215	196.23383084577117
1170	29	1	124.665	152.6999999999998
1170	30	1	168.78500000000005	95.45
1170	31	1	188.74999999999977	30.410000000000004
1170	32	1	134.08499999999995	129.14499999999995
1170	33	1	46.37000000000001	170.71999999999994
1170	34	1	155.98009950248755	27.03482587064676
1170	35	1	191.065	134.7849999999999
1170	36	1	51.739999999999995	79.64000000000007
1170	37	1	7.900000000000002	152.71499999999995
1170	38	1	180.03482587064673	146.98507462686572
1170	39	1	31.30000000000001	32.735000000000014
1170	40	1	199.91	106.90499999999999
1170	41	1	28.16417910447762	155.88059701492526
1170	42	1	53.055000000000014	130.54500000000007
1170	43	1	152.10499999999996	140.52000000000004
1170	44	1	94.07499999999997	29.565000000000012
1170	45	1	22.721393034825883	122.10447761194025
1170	46	1	164.11499999999992	105.035
1170	47	1	41.14427860696517	70.17910447761187
1170	48	1	56.80000000000002	142.735
1170	49	1	179.4300000000001	72.22499999999991
1170	50	1	112.24120603015072	192.9648241206031
1170	51	1	189.78606965174131	153.2786069651741
1170	52	1	185.42499999999998	57.93499999999997
1170	53	1	157.2950000000001	15.780000000000005
1170	54	1	75.27586206896551	43.88177339901477
1170	55	1	109.565	48.24499999999997
1170	56	1	101.64500000000005	42.22500000000003
1170	57	1	41.03500000000001	3.3850000000000007
1170	58	1	71.47761194029852	24.139303482587056
1170	59	1	66.24	130.57499999999996
1170	60	1	167.56218905472636	31.89054726368158
1170	61	1	79.78217821782181	10.806930693069308
1170	62	1	30.36868686868689	136.42929292929284
1170	63	1	197.965	157.885
1170	64	1	27.81592039800994	199.3681592039801
1170	65	1	43.79499999999999	107.30999999999995
1170	66	1	195.3	120.18500000000002
1170	67	1	120.636815920398	161.09950248756218
1170	68	1	154.41499999999996	128.00499999999994
1170	69	1	60.27860696517416	151.14427860696514
1170	70	1	19.045000000000012	172.095
1170	71	1	181.4649999999999	14.245000000000005
1170	72	1	48.29000000000001	62.54000000000002
1170	73	1	24.56716417910447	188.4676616915423
1170	74	1	43.17000000000001	157.225
1170	75	1	91.356783919598	145.96984924623126
1170	76	1	19.263681592039806	151.06965174129348
1170	77	1	129.70999999999998	145.59999999999994
1170	78	1	110.35820895522389	12.69154228855721
1170	79	1	106.36318407960196	133.83084577114425
1170	80	1	67.14572864321607	93.55276381909546
1170	81	1	58.4522613065327	93.63819095477389
1170	82	1	14.38308457711443	136.6467661691542
1170	83	1	176.0351758793971	132.72864321608037
1170	84	1	33.247524752475236	122.4356435643564
1170	85	1	85.4427860696517	22.89054726368158
1170	86	1	30.9452736318408	12.487562189054723
1170	87	1	139.79999999999995	137.29000000000002
1170	88	1	115.375	174.35000000000005
1170	89	1	35.34	184.75999999999996
1180	1	2	9.858585858585856	9.616161616161614
1180	2	2	9.950000000000008	100.29000000000005
1180	3	2	10.120000000000005	190.11999999999992
1180	4	2	99.88000000000001	9.879999999999995
1180	5	2	100.12	99.88
1180	6	2	100.00000000000003	190.50000000000006
1180	7	2	189.87999999999997	9.879999999999995
1180	8	2	190.49999999999997	100
1180	9	2	189.61616161616163	190.14141414141412
1180	10	1	170.8849999999999	14.724999999999998
1180	11	1	11.024999999999993	119.17499999999993
1180	12	1	39.065	142.29500000000002
1180	13	1	150.58706467661685	87.15920398009958
1180	14	1	59.00500000000002	112.96500000000002
1180	15	1	47.79999999999998	181.34499999999983
1180	16	1	48.97	92.36000000000003
1180	17	1	38.105	28.360000000000003
1180	18	1	69.54500000000003	34.44
1180	19	1	46.62814070351757	120.67336683417079
1180	20	1	93.12500000000003	126.18500000000006
1180	21	1	174.0049751243781	124.22885572139306
1180	22	1	33.746268656716424	166.21890547263675
1180	23	1	193.39698492462313	48.6180904522613
1180	24	1	1.2361809045226138	135.17085427135683
1180	25	1	173.14427860696512	53.985074626865675
1180	26	1	161.5979899497488	114.7386934673367
1180	27	1	173.71287128712873	37.34653465346537
1180	28	1	175.0249999999999	195.43499999999997
1180	29	1	124.21	151.83499999999998
1180	30	1	169.13432835820902	96.34825870646763
1180	31	1	187.14427860696532	30.338308457711445
1180	32	1	133.5742574257425	128.12871287128712
1180	33	1	46.29556650246305	169.8571428571429
1180	34	1	154.94029850746267	26.149253731343286
1180	35	1	191.0247524752475	134.04455445544562
1180	36	1	51.88499999999998	78.98000000000002
1180	37	1	7.1758793969849215	153.66834170854264
1180	38	1	179.05970149253733	146.49751243781103
1180	39	1	30.341708542713555	32.46231155778895
1180	40	1	0.7150000000000003	106.51500000000003
1180	41	1	26.869346733668337	155.1457286432162
1180	42	1	53.9452736318408	129.19900497512444
1180	43	1	151.60696517412939	139.95522388059703
1180	44	1	92.81499999999996	29.615000000000002
1180	45	1	22.320000000000007	122.80499999999999
1180	46	1	164.54000000000005	104.88000000000002
1180	47	1	41.2636815920398	68.41791044776122
1180	48	1	56.82412060301509	141.8090452261306
1180	49	1	179.14499999999998	71.83000000000004
1180	50	1	110.96000000000002	192.85999999999999
1180	51	1	188.8855721393035	152.39800995024873
1180	52	1	184.65841584158412	57.98019801980198
1180	53	1	158.4825870646766	15.572139303482587
1180	54	1	73.96039603960402	43.02970297029702
1180	55	1	108.46766169154228	47.786069651741315
1180	56	1	101.215	40.900000000000034
1180	57	1	40.96517412935324	2.407960199004975
1180	58	1	70.52261306532662	22.834170854271353
1180	59	1	66.79601990049747	129.2736318407961
1180	60	1	165.79601990049738	31.512437810945276
1180	61	1	78.81592039800991	10.189054726368163
1180	62	1	29.939698492462302	135.70351758793984
1180	63	1	197.23880597014926	157.32338308457696
1180	64	1	27.579999999999984	198.405
1180	65	1	44.248756218905505	105.93532338308462
1180	66	1	193.68341708542715	119.58291457286433
1180	67	1	121.2089552238806	160.24875621890564
1180	68	1	154.67164179104458	127.27860696517412
1180	69	1	59.895522388059696	150.66666666666666
1180	70	1	19.894472361809026	170.6180904522613
1180	71	1	181.54500000000007	13.139999999999997
1180	72	1	49.40298507462685	62.50248756218907
1180	73	1	24.398009950248753	186.78109452736308
1180	74	1	42.60000000000001	155.305
1180	75	1	91.47236180904525	146.01005025125633
1180	76	1	18.4673366834171	150.09547738693473
1180	77	1	130.5074626865672	145.59203980099502
1180	78	1	109.60301507537685	14.386934673366834
1180	79	1	107.47999999999998	132.71500000000012
1180	80	1	67.34499999999996	91.95
1180	81	1	58.62999999999998	93.265
1180	82	1	13.42	136.7950000000001
1180	83	1	176.14427860696514	132.25373134328356
1180	84	1	33.97499999999999	121.69000000000001
1180	85	1	84.76616915422889	21.890547263681594
1180	86	1	31.368159203980102	11.975124378109452
1180	87	1	139.6039603960396	135.91089108910887
1180	88	1	115.80597014925378	172.31343283582092
1180	89	1	34.681592039800975	183.5373134328359
1190	1	2	9.858585858585856	9.616161616161614
1190	2	2	9.950000000000008	100.29000000000005
1190	3	2	10.120000000000005	190.11999999999992
1190	4	2	99.88000000000001	9.879999999999995
1190	5	2	100.12	99.88
1190	6	2	100.00000000000003	190.50000000000006
1190	7	2	189.87999999999997	9.879999999999995
1190	8	2	190.49999999999997	100
1190	9	2	189.61616161616163	190.14141414141412
1190	10	1	171.31155778894473	14.467336683417084
1190	11	1	10.050000000000002	119.105
1190	12	1	39.10891089108914	141.08910891089107
1190	13	1	151.70646766169153	85.95522388059703
1190	14	1	59.87999999999997	111.29499999999993
1190	15	1	47.955000000000005	180.18500000000003
1190	16	1	49.05472636815919	91.45273631840796
1190	17	1	37.776119402985074	28.383084577114424
1190	18	1	68.59405940594063	33.23762376237628
1190	19	1	46.724999999999966	120.49
1190	20	1	93.16080402010056	128.1306532663317
1190	21	1	173.15577889447238	123.88944723618089
1190	22	1	34.15422885572138	164.97512437810946
1190	23	1	192.91	46.41500000000001
1190	24	1	1.0597014925373136	134.2537313432836
1190	25	1	172.86069651741292	53.08457711442786
1190	26	1	162.54500000000007	114.03499999999998
1190	27	1	171.73000000000002	36.89999999999998
1190	28	1	173.57999999999998	194.3350000000001
1190	29	1	124.00495049504951	151.28712871287127
1190	30	1	170.28500000000008	97.16999999999996
1190	31	1	185.72499999999985	30.005
1190	32	1	133.20999999999987	126.80500000000002
1190	33	1	46.19000000000001	169.0049999999999
1190	34	1	154.83500000000015	25.019999999999996
1190	35	1	190.74	133.16499999999996
1190	36	1	51.37999999999998	78.46999999999994
1190	37	1	6.532338308457711	154.06965174129354
1190	38	1	178.23115577889442	145.47236180904525
1190	39	1	29.629999999999995	32.60999999999999
1190	40	1	1.3799999999999997	106.32499999999999
1190	41	1	25.257425742574267	155.1633663366336
1190	42	1	54.61083743842364	127.81773399014779
1190	43	1	150.4577114427861	139.89054726368164
1190	44	1	91.54726368159201	29.73631840796021
1190	45	1	22.27	122.94499999999998
1190	46	1	164.70499999999998	104.46499999999997
1190	47	1	41.587064676616905	67.06965174129353
1190	48	1	56.905	140.61000000000004
1190	49	1	178.84422110552765	71.11557788944724
1190	50	1	109.99999999999999	192.28358208955223
1190	51	1	188.01990049751237	151.2835820895521
1190	52	1	183.82089552238796	57.53233830845771
1190	53	1	159.51000000000002	15.055000000000007
1190	54	1	72.7960199004975	42.407960199004954
1190	55	1	107.59203980099495	46.786069651741286
1190	56	1	100.19499999999998	39.69500000000003
1190	57	1	40.756218905472636	1.308457711442787
1190	58	1	70.04522613065325	22.12060301507538
1190	59	1	67.71144278606968	128.1641791044776
1190	60	1	163.83168316831677	31.485148514851474
1190	61	1	78.36	9.050000000000006
1190	62	1	29.20398009950248	135.15422885572144
1190	63	1	196.385	156.40500000000003
1190	64	1	27.325000000000003	197.18499999999997
1190	65	1	44.53000000000002	104.82499999999997
1190	66	1	192.26237623762376	118.55940594059405
1190	67	1	121.61500000000004	159.53
1190	68	1	154.8499999999999	127.08000000000007
1190	69	1	58.509999999999984	150.255
1190	70	1	20.439999999999987	169.81500000000003
1190	71	1	181.36815920398004	11.88059701492537
1190	72	1	50.492537313432805	62.39800995024878
1190	73	1	24.29850746268658	185.56218905472633
1190	74	1	41.40298507462688	153.7014925373134
1190	75	1	92.41500000000002	145.03500000000014
1190	76	1	17.814999999999994	149.77500000000003
1190	77	1	131.6567164179104	145.48756218905473
1190	78	1	108.61499999999995	15.745000000000005
1190	79	1	108.20398009950249	131.11442786069637
1190	80	1	67.46766169154226	90.71641791044773
1190	81	1	58.545	92.45499999999998
1190	82	1	12.530000000000008	137.17999999999992
1190	83	1	175.90500000000006	131.615
1190	84	1	34.7960199004975	120.91542288557207
1190	85	1	84.37000000000005	20.784999999999997
1190	86	1	30.323383084577113	11.029850746268654
1190	87	1	139.15422885572133	134.41293532338307
1190	88	1	116.00497512437808	170.31343283582098
1190	89	1	34.575000000000024	182.675
1200	1	2	9.858585858585856	9.616161616161614
1200	2	2	9.950000000000008	100.29000000000005
1200	3	2	10.120000000000005	190.11999999999992
1200	4	2	99.88000000000001	9.879999999999995
1200	5	2	100.12	99.88
1200	6	2	100.00000000000003	190.50000000000006
1200	7	2	189.87999999999997	9.879999999999995
1200	8	2	190.49999999999997	100
1200	9	2	189.61616161616163	190.14141414141412
1200	10	1	171.78999999999996	14.144999999999996
1200	11	1	8.920000000000002	119.42000000000006
1200	12	1	39.089999999999996	140.1200000000001
1200	13	1	153.20297029702968	84.61881188118811
1200	14	1	61.05970149253732	109.65174129353233
1200	15	1	47.75999999999999	179.845
1200	16	1	49.555	90.83999999999995
1200	17	1	37.25742574257427	28.247524752475243
1200	18	1	68.04999999999997	32.03999999999999
1200	19	1	46.79999999999999	120.41499999999999
1200	20	1	93.47761194029856	129.8159203980099
1200	21	1	172.895	123.44499999999998
1200	22	1	34.22885572139304	164.1044776119403
1200	23	1	192.13432835820896	43.8358208955224
1200	24	1	0.7949999999999997	133.27499999999995
1200	25	1	173.0049751243781	52.52736318407961
1200	26	1	162.8149999999999	112.79999999999994
1200	27	1	170.9751243781094	36.258706467661696
1200	28	1	173.0399999999999	192.645
1200	29	1	123.65326633165832	150.39698492462307
1200	30	1	171.75621890547248	98.38805970149261
1200	31	1	184.85572139303483	30.069651741293537
1200	32	1	132.53499999999997	125.42000000000003
1200	33	1	46.16915422885571	168.19402985074626
1200	34	1	154.87562189054714	24.308457711442795
1200	35	1	190.30845771144263	132.318407960199
1200	36	1	50.37185929648239	77.97989949748741
1200	37	1	5.855721393034829	154.43781094527358
1200	38	1	177.7313432835821	144.78109452736308
1200	39	1	28.8643216080402	33.26130653266333
1200	40	1	2.2199999999999993	106.28
1200	41	1	24.945000000000004	154.36499999999998
1200	42	1	54.70149253731343	126.97014925373145
1200	43	1	149.41584158415836	139.8366336633662
1200	44	1	90.7860696517413	29.203980099502495
1200	45	1	21.659999999999982	123.97
1200	46	1	164.90999999999994	104.30499999999992
1200	47	1	42.225000000000016	65.87499999999993
1200	48	1	56.79207920792078	139.98514851485143
1200	49	1	177.99000000000004	69.70000000000006
1200	50	1	109.71000000000004	192.23
1200	51	1	187.15000000000003	150.83999999999995
1200	52	1	183.6950000000001	57.00500000000002
1200	53	1	160.6467661691543	14.388059701492535
1200	54	1	72.135	40.90000000000001
1200	55	1	106.96500000000003	45.755
1200	56	1	99.91584158415844	38.00495049504948
1200	57	1	40.15500000000005	0.4749999999999996
1200	58	1	70.11940298507466	21.000000000000007
1200	59	1	68.21890547263688	127.03482587064669
1200	60	1	162.5000000000001	31.355000000000018
1200	61	1	77.19801980198021	7.6831683168316856
1200	62	1	28.84079601990049	134.39303482587064
1200	63	1	195.96019900497512	154.92039800995036
1200	64	1	26.990000000000013	195.8249999999999
1200	65	1	44.585000000000015	103.085
1200	66	1	191.17821782178217	116.6237623762376
1200	67	1	122.55499999999999	158.86
1200	68	1	155.51243781094513	125.99999999999997
1200	69	1	57.739999999999995	149.94000000000008
1200	70	1	20.560000000000002	168.95999999999992
1200	71	1	181.18500000000003	10.385000000000003
1200	72	1	52.47000000000002	62.78000000000001
1200	73	1	23.79396984924625	184.2361809045226
1200	74	1	40.63	152.435
1200	75	1	92.63000000000001	145.0350000000001
1200	76	1	17.36318407960198	149.42288557213936
1200	77	1	132.5721393034825	144.82587064676616
1200	78	1	107.83999999999997	16.719999999999985
1200	79	1	108.69651741293532	129.8955223880598
1200	80	1	67.68811881188122	88.52475247524755
1200	81	1	58.65829145728645	91.88442211055276
1200	82	1	11.45226130653267	137.87437185929656
1200	83	1	175.57920792079207	130.96534653465338
1200	84	1	36.125	119.75500000000002
1200	85	1	84.13432835820896	19.920398009950247
1200	86	1	29.830845771144276	9.92039800995025
1200	87	1	139.1100000000001	132.78500000000005
1200	88	1	115.94527363184083	168.94029850746253
1200	89	1	34.21000000000001	181.36999999999995
1210	1	2	9.858585858585856	9.616161616161614
1210	2	2	9.950000000000008	100.29000000000005
1210	3	2	10.120000000000005	190.11999999999992
1210	4	2	99.88000000000001	9.879999999999995
1210	5	2	100.12	99.88
1210	6	2	100.00000000000003	190.50000000000006
1210	7	2	189.87999999999997	9.879999999999995
1210	8	2	190.49999999999997	100
1210	9	2	189.61616161616163	190.14141414141412
1210	10	1	172.01000000000002	13.785000000000004
1210	11	1	7.560000000000002	119.34500000000001
1210	12	1	38.789999999999964	139.13000000000005
1210	13	1	154.36999999999998	84.58
1210	14	1	61.65326633165827	108.50753768844224
1210	15	1	47.68159203980099	179.228855721393
1210	16	1	49.93034825870646	89.62686567164175
1210	17	1	36.771144278606975	28.427860696517417
1210	18	1	67.72636815920393	30.601990049751254
1210	19	1	46.63681592039803	120.55223880597022
1210	20	1	93.89552238805972	131.13930348258702
1210	21	1	171.68341708542712	123.53266331658293
1210	22	1	34.02985074626864	162.7661691542289
1210	23	1	191.71641791044777	42.09452736318405
1210	24	1	0.31840796019900264	132.43283582089558
1210	25	1	173.6850000000001	51.215
1210	26	1	163.01990049751248	112.01492537313433
1210	27	1	170.00995024875633	35.223880597014926
1210	28	1	171.91044776119392	191.49253731343285
1210	29	1	123.71287128712868	149.33663366336623
1210	30	1	173.27	99.435
1210	31	1	184.11557788944722	29.492462311557798
1210	32	1	132.00999999999993	124.38499999999995
1210	33	1	46.11442786069653	167.43283582089558
1210	34	1	154.10447761194035	23.567164179104473
1210	35	1	189.92964824120602	131.18090452261322
1210	36	1	49.485	77.42999999999999
1210	37	1	5.0298507462686555	155.24378109452735
1210	38	1	177.1859296482412	143.6884422110553
1210	39	1	27.726368159203982	34.13930348258706
1210	40	1	2.9349999999999996	106.25999999999998
1210	41	1	24.477611940298512	153.85074626865665
1210	42	1	54.99507389162563	126.03448275862067
1210	43	1	148.965	139.24499999999995
1210	44	1	89.68811881188121	28.955445544554458
1210	45	1	21.100000000000005	124.72500000000002
1210	46	1	164.765	103.58500000000001
1210	47	1	42.28358208955223	64.58208955223883
1210	48	1	56.44278606965174	139.02985074626875
1210	49	1	177.18499999999986	68.56999999999998
1210	50	1	109.66500000000002	191.555
1210	51	1	185.90999999999997	150.40500000000014
1210	52	1	184.05970149253722	56.27363184079601
1210	53	1	161.33830845771146	13.935323383084576
1210	54	1	71.7114427860697	39.66666666666665
1210	55	1	105.30653266331659	44.25125628140701
1210	56	1	99.2189054726368	36.62189054726369
1210	57	1	40.24999999999999	198.82
1210	58	1	69.88000000000001	19.525
1210	59	1	68.92537313432841	125.67661691542281
1210	60	1	160.89552238805967	31.089552238805975
1210	61	1	75.9203980099503	5.985074626865671
1210	62	1	28.064676616915428	133.8308457711442
1210	63	1	195.3233830845771	153.4179104477612
1210	64	1	26.353233830845774	194.62189054726363
1210	65	1	44.62189054726368	101.90547263681593
1210	66	1	190.42574257425744	114.81188118811882
1210	67	1	123.07000000000004	158.2500000000001
1210	68	1	155.58793969849233	125.69849246231163
1210	69	1	57.210000000000015	149.23
1210	70	1	20.349999999999987	167.99999999999997
1210	71	1	181.025	9.674999999999997
1210	72	1	53.899497487437166	62.98492462311559
1210	73	1	23.015000000000008	182.335
1210	74	1	40.669999999999995	151.11
1210	75	1	93.81592039800994	144.04477611940305
1210	76	1	16.800995024875622	148.82587064676616
1210	77	1	133.1293532338308	144.0149253731343
1210	78	1	107.07462686567162	18.512437810945272
1210	79	1	109.00497512437809	128.30845771144277
1210	80	1	67.87064676616912	86.73631840796023
1210	81	1	58.85427135678391	91.9045226130653
1210	82	1	10.02487562189055	137.9303482587065
1210	83	1	176.3781094527364	129.86069651741295
1210	84	1	37.319999999999986	118.41499999999998
1210	85	1	83.49000000000004	18.405000000000005
1210	86	1	29.407960199004975	8.37810945273632
1210	87	1	138.6534653465348	131.38118811881196
1210	88	1	115.765	167.73000000000002
1210	89	1	34.115	179.95499999999998
1220	1	2	9.858585858585856	9.616161616161614
1220	2	2	9.950000000000008	100.29000000000005
1220	3	2	10.120000000000005	190.11999999999992
1220	4	2	99.88000000000001	9.879999999999995
1220	5	2	100.12	99.88
1220	6	2	100.00000000000003	190.50000000000006
1220	7	2	189.87999999999997	9.879999999999995
1220	8	2	190.49999999999997	100
1220	9	2	189.61616161616163	190.14141414141412
1220	10	1	172.16000000000008	13.34
1220	11	1	6.781094527363184	119.26865671641791
1220	12	1	38.905472636815944	137.83084577114434
1220	13	1	155.24	84.78000000000006
1220	14	1	62.60804020100503	107.32663316582916
1220	15	1	46.945000000000014	178.84
1220	16	1	49.48756218905471	88.29353233830848
1220	17	1	36.03000000000002	28.88500000000001
1220	18	1	66.64500000000002	29.71000000000001
1220	19	1	46.52763819095475	120.7537688442211
1220	20	1	94.445	132.26499999999996
1220	21	1	171.045	123.475
1220	22	1	33.62686567164179	161.54726368159214
1220	23	1	191.01990049751245	40.25870646766169
1220	24	1	199.9851485148515	131.8267326732673
1220	25	1	174.59500000000003	49.90000000000002
1220	26	1	162.97487437185924	111.2211055276382
1220	27	1	169.28855721393037	34.49253731343283
1220	28	1	170.75000000000009	190.43500000000003
1220	29	1	123.535	148.435
1220	30	1	175.36683417085428	100.74371859296481
1220	31	1	183.2388059701493	29.343283582089562
1220	32	1	130.8700000000001	123.48499999999996
1220	33	1	46.74626865671642	165.6467661691542
1220	34	1	154.48500000000004	22.560000000000002
1220	35	1	189.8118811881188	130.05445544554456
1220	36	1	49.50746268656713	76.01492537313436
1220	37	1	4.562189054726368	156.14925373134344
1220	38	1	176.29499999999996	142.45
1220	39	1	26.210000000000008	35.135
1220	40	1	3.37313432835821	106.27860696517409
1220	41	1	23.99502487562188	153.27860696517405
1220	42	1	55.80597014925374	123.82587064676613
1220	43	1	148.83084577114423	138.60199004975132
1220	44	1	88.69154228855723	28.557213930348276
1220	45	1	20.634999999999998	125.69499999999994
1220	46	1	164.66999999999996	102.805
1220	47	1	43.034825870646756	63.6268656716418
1220	48	1	55.49253731343279	138.0696517412935
1220	49	1	176.435	68.25000000000007
1220	50	1	109.64	191.605
1220	51	1	184.8349999999999	150.125
1220	52	1	184.0841584158416	55.633663366336606
1220	53	1	161.97999999999993	13.410000000000004
1220	54	1	71.24875621890546	38.12437810945272
1220	55	1	104.52238805970157	42.855721393034834
1220	56	1	98.44	35.35999999999999
1220	57	1	40.144278606965166	196.96517412935324
1220	58	1	69.93034825870647	18.30845771144278
1220	59	1	69.23762376237622	123.72277227722773
1220	60	1	159.3249999999999	31.2
1220	61	1	74.44	5.619999999999998
1220	62	1	27.437810945273633	133.3731343283582
1220	63	1	194.87	152.38500000000005
1220	64	1	25.835	193.17500000000004
1220	65	1	45.22388059701493	100.99004975124376
1220	66	1	189.2089552238806	113.71144278606965
1220	67	1	124.205	157.71999999999997
1220	68	1	155.52	124.91000000000003
1220	69	1	56.97512437810945	148.4228855721393
1220	70	1	20.64824120603015	167.37185929648243
1220	71	1	180.90499999999997	9.360000000000005
1220	72	1	56.044776119402975	63.29850746268657
1220	73	1	22.064999999999994	180.77999999999994
1220	74	1	40.58499999999999	149.69499999999996
1220	75	1	94.66	143.62499999999994
1220	76	1	16.477611940298505	148.1144278606965
1220	77	1	133.09000000000003	142.7099999999999
1220	78	1	105.57500000000006	20
1220	79	1	109.28000000000002	126.98500000000004
1220	80	1	67.90000000000005	85.88499999999998
1220	81	1	58.92000000000001	91.20000000000003
1220	82	1	8.555	138.3149999999999
1220	83	1	176.8190954773868	129.11055276381907
1220	84	1	38.36999999999998	117.075
1220	85	1	83.08457711442793	17.721393034825862
1220	86	1	28.83500000000002	6.425
1220	87	1	138.02487562189037	130.25870646766177
1220	88	1	115.4477611940299	166.43781094527372
1220	89	1	34.108910891089096	178.15841584158414
1230	1	2	9.858585858585856	9.616161616161614
1230	2	2	9.950000000000008	100.29000000000005
1230	3	2	10.120000000000005	190.11999999999992
1230	4	2	99.88000000000001	9.879999999999995
1230	5	2	100.12	99.88
1230	6	2	100.00000000000003	190.50000000000006
1230	7	2	189.87999999999997	9.879999999999995
1230	8	2	190.49999999999997	100
1230	9	2	189.61616161616163	190.14141414141412
1230	10	1	172.09045226130655	12.613065326633164
1230	11	1	6.271356783919596	119.21608040201009
1230	12	1	39.31155778894472	137.03517587939706
1230	13	1	156.24257425742582	85.27227722772273
1230	14	1	63.38308457711447	106.45273631840793
1230	15	1	46.01999999999999	178.94499999999996
1230	16	1	49.359999999999985	86.87500000000004
1230	17	1	35.019900497512424	29.40796019900499
1230	18	1	66.25000000000001	28.445000000000007
1230	19	1	46.658291457286424	120.51256281407035
1230	20	1	94.45771144278604	132.995024875622
1230	21	1	169.69999999999993	123.28000000000004
1230	22	1	33.964999999999975	160.36500000000012
1230	23	1	190.14427860696503	39.44776119402986
1230	24	1	199.55223880597015	131.044776119403
1230	25	1	174.96	48.98
1230	26	1	162.22500000000002	110.04
1230	27	1	168.6336633663366	33.4059405940594
1230	28	1	169.19402985074638	189.7611940298507
1230	29	1	123.865671641791	147.32835820895525
1230	30	1	177.03500000000005	102.35000000000002
1230	31	1	182.625	29.175000000000004
1230	32	1	129.35999999999996	123.085
1230	33	1	47.05000000000002	164.04999999999993
1230	34	1	154.24875621890533	21.681592039801
1230	35	1	189.3015075376884	128.929648241206
1230	36	1	48.879999999999995	75.30000000000003
1230	37	1	3.5247524752475266	156.23267326732662
1230	38	1	175.515	141.62
1230	39	1	25.094527363184074	35.53731343283583
1230	40	1	4.584999999999999	107.32500000000003
1230	41	1	23.69154228855722	152.45273631840794
1230	42	1	56.029999999999994	122.33500000000004
1230	43	1	148.51741293532336	137.93532338308452
1230	44	1	87.57000000000006	28.619999999999997
1230	45	1	19.75000000000001	126.845
1230	46	1	164.58585858585866	102.23737373737379
1230	47	1	44.36999999999998	63.275
1230	48	1	56.32178217821783	136.79207920792084
1230	49	1	175.6899999999999	67.60500000000002
1230	50	1	109.71356783919599	191.57286432160805
1230	51	1	183.58208955223884	149.68159203980102
1230	52	1	184.39800995024873	54.89552238805968
1230	53	1	162.49748743718598	13.175879396984925
1230	54	1	70.95000000000002	36.959999999999994
1230	55	1	103.63681592039804	41.96517412935325
1230	56	1	98.095	34.315000000000026
1230	57	1	39.275000000000006	195.64
1230	58	1	70.03980099502483	16.875621890547276
1230	59	1	69.4875621890547	121.70149253731341
1230	60	1	158.03960396039614	31.22277227722775
1230	61	1	73.02487562189052	4.925373134328359
1230	62	1	27.275000000000002	132.92000000000002
1230	63	1	193.96	151.12499999999997
1230	64	1	25.537313432835802	191.43781094527355
1230	65	1	45.56218905472639	99.41293532338311
1230	66	1	188.6318407960199	112.955223880597
1230	67	1	125.16500000000002	156.84500000000003
1230	68	1	155.6249999999999	123.90999999999994
1230	69	1	56.776119402985024	147.8059701492537
1230	70	1	20.094527363184078	166.45771144278612
1230	71	1	180.22613065326638	8.432160804020096
1230	72	1	57.767326732673276	63.4009900990099
1230	73	1	21.25373134328358	178.69154228855712
1230	74	1	40.233830845771166	148.40298507462677
1230	75	1	95.77499999999996	142.85999999999999
1230	76	1	16.03980099502488	147.87562189054725
1230	77	1	133.31999999999988	141.4400000000001
1230	78	1	104.36999999999998	20.949999999999992
1230	79	1	109.585	125.98000000000006
1230	80	1	67.86500000000004	84.41000000000004
1230	81	1	59.025000000000006	90.77
1230	82	1	7.218905472636821	139.04975124378106
1230	83	1	177.03517587939695	128.1005025125628
1230	84	1	39.71782178217821	115.4009900990099
1230	85	1	82.82999999999997	16.485000000000007
1230	86	1	28.691542288557237	4.805970149253728
1230	87	1	137.8522167487683	128.679802955665
1230	88	1	116.28500000000007	165.2150000000001
1230	89	1	34.33333333333334	176.13930348258717
1240	1	2	9.858585858585856	9.616161616161614
1240	2	2	9.950000000000008	100.29000000000005
1240	3	2	10.120000000000005	190.11999999999992
1240	4	2	99.88000000000001	9.879999999999995
1240	5	2	100.12	99.88
1240	6	2	100.00000000000003	190.50000000000006
1240	7	2	189.87999999999997	9.879999999999995
1240	8	2	190.49999999999997	100
1240	9	2	189.61616161616163	190.14141414141412
1240	10	1	172.26633165829153	12.12060301507538
1240	11	1	6.396984924623116	119.03015075376882
1240	12	1	39.31999999999998	136.47999999999996
1240	13	1	157.20499999999996	84.90499999999999
1240	14	1	64.34499999999998	105.395
1240	15	1	45.14999999999997	178.82000000000002
1240	16	1	48.95499999999997	85.20000000000003
1240	17	1	33.98499999999999	29.805
1240	18	1	66.01990049751245	27.253731343283572
1240	19	1	46.59798994974876	120.73869346733672
1240	20	1	94.70499999999998	133.38000000000005
1240	21	1	168.2749999999999	123.605
1240	22	1	33.48756218905471	159.19900497512444
1240	23	1	189.67661691542284	38.47263681592041
1240	24	1	199.11	130.40999999999994
1240	25	1	175.1691542288557	47.88059701492539
1240	26	1	161.35	109.04000000000002
1240	27	1	167.84500000000003	32.66500000000003
1240	28	1	168.38805970149244	188.56218905472633
1240	29	1	124.69500000000004	146.345
1240	30	1	177.91542288557218	102.07960199004972
1240	31	1	181.96499999999997	29.279999999999994
1240	32	1	127.95522388059703	122.96019900497517
1240	33	1	47.46766169154228	162.78109452736322
1240	34	1	153.64851485148517	21.11881188118812
1240	35	1	189.03500000000003	127.46499999999999
1240	36	1	47.89603960396042	74.2920792079208
1240	37	1	1.9502487562189055	156.318407960199
1240	38	1	174.2713567839196	141.24120603015086
1240	39	1	23.85	35.30499999999999
1240	40	1	5.713567839195975	107.8693467336683
1240	41	1	23.610000000000017	151.505
1240	42	1	56.23000000000002	120.565
1240	43	1	147.32999999999996	136.99500000000003
1240	44	1	86.61691542288555	29.283582089552244
1240	45	1	18.885000000000012	127.73000000000003
1240	46	1	164.53999999999996	101.4
1240	47	1	45.9502487562189	62.90547263681592
1240	48	1	57.23999999999999	135.01500000000001
1240	49	1	174.24000000000004	66.63
1240	50	1	109.79500000000003	191.655
1240	51	1	182.03	148.14499999999995
1240	52	1	184.7114427860696	54.46268656716418
1240	53	1	162.63184079601987	12.532338308457716
1240	54	1	70.2238805970149	35.88557213930347
1240	55	1	102.715	40.68500000000001
1240	56	1	97.01492537313436	33.756218905472636
1240	57	1	39.29702970297028	194.01980198019803
1240	58	1	70.36180904522612	15.668341708542718
1240	59	1	69.87500000000003	119.61999999999999
1240	60	1	157.28999999999996	30.40499999999999
1240	61	1	72.07462686567165	4.019900497512435
1240	62	1	26.709999999999997	132.79500000000002
1240	63	1	192.2487562189054	150.04975124378112
1240	64	1	25.50248756218907	189.45273631840794
1240	65	1	46.71287128712873	98.5594059405941
1240	66	1	188.273631840796	112.42288557213932
1240	67	1	125.2871287128713	155.8069306930694
1240	68	1	156.12500000000006	122.79
1240	69	1	55.98492462311558	147.24120603015075
1240	70	1	18.78999999999998	165.32
1240	71	1	180.105	8.175000000000002
1240	72	1	59.08457711442784	63.25373134328357
1240	73	1	21.103960396039597	177.07425742574242
1240	74	1	40.36999999999999	147.2050000000001
1240	75	1	96.52499999999996	142.54999999999998
1240	76	1	15.149253731343288	147.81094527363177
1240	77	1	133.4726368159204	140.17412935323375
1240	78	1	103.63999999999994	21.250000000000018
1240	79	1	108.88059701492537	124.55223880597015
1240	80	1	68.09045226130652	82.45728643216079
1240	81	1	59.23762376237623	90.25247524752473
1240	82	1	5.850746268656717	139.57213930348252
1240	83	1	176.85572139303474	127.33333333333329
1240	84	1	40.636815920398014	114.19900497512438
1240	85	1	82.67999999999999	15.674999999999995
1240	86	1	29.36633663366337	3.311881188118812
1240	87	1	138.17910447761196	126.65671641791042
1240	88	1	117.49253731343286	164.20398009950245
1240	89	1	34.974999999999994	173.92499999999998
1250	1	2	9.858585858585856	9.616161616161614
1250	2	2	9.950000000000008	100.29000000000005
1250	3	2	10.120000000000005	190.11999999999992
1250	4	2	99.88000000000001	9.879999999999995
1250	5	2	100.12	99.88
1250	6	2	100.00000000000003	190.50000000000006
1250	7	2	189.87999999999997	9.879999999999995
1250	8	2	190.49999999999997	100
1250	9	2	189.61616161616163	190.14141414141412
1250	10	1	172.15577889447238	11.095477386934666
1250	11	1	5.899999999999996	118.765
1250	12	1	39.68159203980097	135.7462686567165
1250	13	1	159.4170854271357	85.4673366834171
1250	14	1	65.11442786069654	104.24875621890547
1250	15	1	44.223880597014954	178.7114427860697
1250	16	1	48.726368159204	83.89054726368157
1250	17	1	32.42999999999998	30.79
1250	18	1	65.56716417910448	26.23880597014923
1250	19	1	46.51999999999999	120.97
1250	20	1	94.78999999999995	133.66000000000005
1250	21	1	166.94472361809036	123.80904522613068
1250	22	1	33.722772277227705	158.07920792079202
1250	23	1	188.68500000000003	37.89500000000001
1250	24	1	198.58793969849245	130.06030150753776
1250	25	1	175.20398009950264	46.55721393034827
1250	26	1	160.31500000000003	108.17999999999999
1250	27	1	166.86567164179098	31.631840796019887
1250	28	1	167.375	187.68000000000004
1250	29	1	125.49999999999996	145.68999999999994
1250	30	1	178.45999999999995	101.92000000000004
1250	31	1	181.1243781094528	29.288557213930343
1250	32	1	127.0248756218905	122.72636815920397
1250	33	1	48.34158415841585	161.49504950495052
1250	34	1	152.3432835820895	20.587064676616908
1250	35	1	188.58291457286435	127.13065326633173
1250	36	1	47.1542288557214	73.43781094527365
1250	37	1	0.5566502463054189	156.0985221674876
1250	38	1	173.32500000000002	140.79499999999996
1250	39	1	22.50248756218905	35.835820895522396
1250	40	1	6.174999999999999	108.06
1250	41	1	23.050000000000008	150.95499999999996
1250	42	1	56.9402985074627	118.79104477611938
1250	43	1	147.07960199004978	136.03980099502496
1250	44	1	85.73499999999997	29.794999999999995
1250	45	1	17.83084577114428	128.2985074626866
1250	46	1	164.30499999999992	100.57499999999999
1250	47	1	47.574257425742566	62.51980198019802
1250	48	1	57.51243781094531	133.82587064676616
1250	49	1	173.57000000000002	65.89999999999999
1250	50	1	109.76884422110554	191.69346733668343
1250	51	1	180.89000000000001	147.335
1250	52	1	184.74999999999986	54.245
1250	53	1	163.52238805970126	11.761194029850742
1250	54	1	69.76119402985077	34.64179104477611
1250	55	1	102.75247524752474	39.41089108910892
1250	56	1	95.74000000000001	33.61500000000001
1250	57	1	38.91044776119404	193.07960199004978
1250	58	1	70.00000000000003	14.975124378109454
1250	59	1	69.36000000000001	117.5
1250	60	1	156.50746268656718	29.14427860696517
1250	61	1	71.35323383084578	3.412935323383086
1250	62	1	26.174129353233837	132.77611940298507
1250	63	1	190.71641791044783	149.75621890547265
1250	64	1	25.50248756218906	187.4029850746268
1250	65	1	48.31683168316833	97.81683168316835
1250	66	1	187.575	112.21499999999999
1250	67	1	124.98	154.56999999999988
1250	68	1	156.09000000000003	122.17499999999997
1250	69	1	55.799999999999976	146.64499999999992
1250	70	1	17.97	164.35499999999996
1250	71	1	179.835	7.63
1250	72	1	60.4129353233831	62.9950248756219
1250	73	1	21.333333333333346	175.9950248756218
1250	74	1	40.44776119402986	146.22885572139293
1250	75	1	97.16499999999994	142.10999999999996
1250	76	1	14.395000000000007	147.56000000000006
1250	77	1	133.42288557213917	138.8905472636816
1250	78	1	102.95024875621888	21.512437810945265
1250	79	1	108.60199004975127	123.65174129353235
1250	80	1	68.40499999999997	80.48499999999999
1250	81	1	59.87623762376238	89.29207920792078
1250	82	1	4.830845771144279	140.10447761194033
1250	83	1	176.88059701492543	126.228855721393
1250	84	1	41.29850746268661	113.26865671641792
1250	85	1	82.44000000000003	14.890000000000002
1250	86	1	29.1542288557214	2.243781094527363
1250	87	1	137.93499999999997	125.05999999999999
1250	88	1	118.6138613861386	163.1881188118812
1250	89	1	35.08415841584159	171.8663366336633
1260	1	2	9.858585858585856	9.616161616161614
1260	2	2	9.950000000000008	100.29000000000005
1260	3	2	10.120000000000005	190.11999999999992
1260	4	2	99.88000000000001	9.879999999999995
1260	5	2	100.12	99.88
1260	6	2	100.00000000000003	190.50000000000006
1260	7	2	189.87999999999997	9.879999999999995
1260	8	2	190.49999999999997	100
1260	9	2	189.61616161616163	190.14141414141412
1260	10	1	172.28282828282826	10.277777777777773
1260	11	1	6.024999999999996	118.645
1260	12	1	40.00990099009903	135.4257425742574
1260	13	1	161.90049751243774	85.31840796019902
1260	14	1	65.6831683168317	103.46039603960396
1260	15	1	42.70499999999997	178.76500000000007
1260	16	1	47.98507462686566	82.57213930348257
1260	17	1	31.089108910891085	31.801980198019823
1260	18	1	64.80597014925374	25.691542288557194
1260	19	1	46.286432160804026	121.43718592964825
1260	20	1	94.975	133.805
1260	21	1	166.155	123.915
1260	22	1	33.55223880597016	157.37810945273637
1260	23	1	187.66831683168323	37.564356435643596
1260	24	1	198.00497512437812	129.54726368159194
1260	25	1	174.0746268656718	45.02985074626862
1260	26	1	159.93034825870657	107.49253731343285
1260	27	1	165.61809045226119	30.628140703517584
1260	28	1	166.20499999999998	186.66499999999994
1260	29	1	125.9950248756219	144.70149253731336
1260	30	1	178.819095477387	101.23618090452261
1260	31	1	180.00499999999994	29.404999999999998
1260	32	1	125.84577114427867	122.31343283582095
1260	33	1	49.402985074626855	159.63184079602001
1260	34	1	150.9600000000001	20.54
1260	35	1	187.97512437810946	126.72636815920397
1260	36	1	46.4129353233831	72.38308457711439
1260	37	1	199.08955223880596	155.70646766169136
1260	38	1	172.004975124378	140.47263681592042
1260	39	1	21.398009950248767	35.5323383084577
1260	40	1	6.905472636815915	108.59203980099504
1260	41	1	22.70999999999998	149.83999999999995
1260	42	1	57.090452261306524	117.00000000000007
1260	43	1	146.64999999999992	135.04500000000007
1260	44	1	84.17910447761194	30.54228855721392
1260	45	1	16.417910447761194	128.9303482587065
1260	46	1	165.22277227722773	99.58415841584156
1260	47	1	48.895	62.20499999999998
1260	48	1	58.114999999999974	132.19499999999994
1260	49	1	172.53500000000005	64.385
1260	50	1	109.97499999999997	191.675
1260	51	1	179.9699999999999	146.7
1260	52	1	184.73366834170858	53.31658291457288
1260	53	1	163.61499999999975	10.269999999999996
1260	54	1	69.05472636815925	33.35323383084577
1260	55	1	102.48258706467662	38.39303482587063
1260	56	1	94.68159203980096	33.46766169154226
1260	57	1	38.79601990049751	192.2985074626865
1260	58	1	69.445	14.254999999999999
1260	59	1	69.321608040201	116.90954773869352
1260	60	1	156.41500000000008	27.80499999999999
1260	61	1	70.64824120603015	2.6683417085427172
1260	62	1	25.960000000000004	132.57499999999996
1260	63	1	189.16500000000002	149.80500000000006
1260	64	1	25.079601990049767	185.9203980099502
1260	65	1	49.693069306930695	97.00495049504953
1260	66	1	186.74371859296483	111.94974874371859
1260	67	1	124.50248756218907	153.70149253731347
1260	68	1	156.24499999999986	121.44500000000004
1260	69	1	55.304999999999964	145.69500000000005
1260	70	1	17.294999999999984	163.28000000000006
1260	71	1	179.98499999999999	7.434999999999997
1260	72	1	62.11999999999998	62.85
1260	73	1	21.52500000000001	174.86999999999998
1260	74	1	40.119402985074615	145.6318407960199
1260	75	1	97.75500000000002	141.68000000000006
1260	76	1	13.110000000000001	147.745
1260	77	1	133.54000000000008	137.80999999999995
1260	78	1	101.54726368159206	21.885572139303477
1260	79	1	108.185	122.56999999999996
1260	80	1	68.2935323383084	78.69651741293536
1260	81	1	60.33000000000001	88.13499999999995
1260	82	1	3.666666666666668	140.7064676616915
1260	83	1	177.00995024875627	125.29850746268656
1260	84	1	42.08040201005025	112.10552763819092
1260	85	1	81.84500000000001	13.060000000000002
1260	86	1	29.19900497512438	0.8606965174129343
1260	87	1	138.08457711442787	123.62686567164175
1260	88	1	119.56716417910445	162.11442786069662
1260	89	1	35.32338308457709	170.0149253731342
1270	1	2	9.858585858585856	9.616161616161614
1270	2	2	9.950000000000008	100.29000000000005
1270	3	2	10.120000000000005	190.11999999999992
1270	4	2	99.88000000000001	9.879999999999995
1270	5	2	100.12	99.88
1270	6	2	100.00000000000003	190.50000000000006
1270	7	2	189.87999999999997	9.879999999999995
1270	8	2	190.49999999999997	100
1270	9	2	189.61616161616163	190.14141414141412
1270	10	1	172.35175879396974	9.412060301507541
1270	11	1	6.595000000000004	118.77
1270	12	1	40.39303482587064	134.84577114427861
1270	13	1	164.12999999999988	84.635
1270	14	1	66.01000000000002	102.93499999999996
1270	15	1	42.26	177.64999999999998
1270	16	1	46.88500000000002	81.03000000000007
1270	17	1	29.92	32.34499999999999
1270	18	1	64.06030150753769	25.276381909547737
1270	19	1	45.90500000000002	121.90499999999993
1270	20	1	95.04500000000003	133.7250000000001
1270	21	1	165.185	123.85
1270	22	1	33.389999999999986	156.43500000000003
1270	23	1	186.525	37.26500000000001
1270	24	1	196.885	129.28500000000003
1270	25	1	172.77500000000003	43.79500000000001
1270	26	1	159.3731343283582	106.84577114427854
1270	27	1	164.74500000000006	30.06000000000001
1270	28	1	165.09499999999989	186.07500000000005
1270	29	1	126.86499999999998	143.59999999999997
1270	30	1	178.3034825870646	101.20895522388061
1270	31	1	178.5000000000001	29.38
1270	32	1	124.42079207920793	122.04455445544552
1270	33	1	50.86069651741294	157.98507462686575
1270	34	1	149.7079207920792	20.569306930693077
1270	35	1	187.59	125.93499999999997
1270	36	1	45.540000000000006	71.155
1270	37	1	197.87623762376236	155.37128712871277
1270	38	1	170.84158415841588	140.19306930693074
1270	39	1	19.829999999999984	35.145
1270	40	1	8.266331658291456	109.62814070351759
1270	41	1	22.434999999999995	149.0299999999999
1270	42	1	57.17412935323383	115.84577114427854
1270	43	1	146.0499999999999	133.9449999999999
1270	44	1	82.92039800995023	30.736318407960184
1270	45	1	14.544554455445544	129.67821782178214
1270	46	1	165.4653465346533	98.09900990099008
1270	47	1	50.399999999999984	61.89499999999999
1270	48	1	59.18407960199005	130.77114427860687
1270	49	1	171.59701492537317	62.502487562189046
1270	50	1	110.075	191.73999999999998
1270	51	1	179.5148514851486	145.62376237623764
1270	52	1	184.45728643216077	52.211055276381884
1270	53	1	164.01999999999995	9.609999999999998
1270	54	1	68.78999999999999	32.26999999999998
1270	55	1	102.76616915422885	37.213930348258714
1270	56	1	93.64000000000004	33.215000000000025
1270	57	1	39.06000000000001	191.4599999999999
1270	58	1	68.53233830845768	14.114427860696518
1270	59	1	69.78712871287125	116.31683168316832
1270	60	1	156.13930348258705	26.845771144278608
1270	61	1	69.95024875621895	2.5024875621890526
1270	62	1	25.689999999999998	132.40499999999977
1270	63	1	187.67999999999998	149.92000000000002
1270	64	1	25.13500000000001	185.21500000000006
1270	65	1	51.01005025125629	95.86934673366834
1270	66	1	185.92500000000004	111.90999999999998
1270	67	1	124.60696517412937	152.67661691542284
1270	68	1	156.02000000000004	120.94999999999999
1270	69	1	54.836633663366314	144.98019801980203
1270	70	1	17.184999999999995	162.55499999999995
1270	71	1	180.13500000000008	7.064999999999997
1270	72	1	63.138613861386155	61.79207920792081
1270	73	1	21.73631840796021	173.96517412935313
1270	74	1	40.303482587064686	144.71641791044775
1270	75	1	97.89999999999998	141.575
1270	76	1	12.218905472636814	147.820895522388
1270	77	1	133.9452736318407	136.73134328358213
1270	78	1	100.83	22.034999999999997
1270	79	1	107.59499999999998	120.73
1270	80	1	67.83500000000004	77.17
1270	81	1	60.65174129353232	86.95024875621893
1270	82	1	2.7399999999999993	141.20000000000002
1270	83	1	176.815	124.44500000000001
1270	84	1	42.96499999999998	110.86
1270	85	1	81.58208955223888	11.935323383084583
1270	86	1	29.61000000000001	199.60999999999996
1270	87	1	137.73631840796023	122.03482587064684
1270	88	1	120.11940298507456	160.7014925373134
1270	89	1	35.51243781094525	168.67661691542304
1280	1	2	9.858585858585856	9.616161616161614
1280	2	2	9.950000000000008	100.29000000000005
1280	3	2	10.120000000000005	190.11999999999992
1280	4	2	99.88000000000001	9.879999999999995
1280	5	2	100.12	99.88
1280	6	2	100.00000000000003	190.50000000000006
1280	7	2	189.87999999999997	9.879999999999995
1280	8	2	190.49999999999997	100
1280	9	2	189.61616161616163	190.14141414141412
1280	10	1	172.34170854271363	9.035175879396988
1280	11	1	6.87	118.76000000000008
1280	12	1	40.97014925373135	134.01492537313442
1280	13	1	165.8258706467662	83.75621890547256
1280	14	1	65.92039800995029	101.71144278606958
1280	15	1	41.975	176.17999999999998
1280	16	1	45.485000000000014	79.755
1280	17	1	28.507462686567173	32.8457711442786
1280	18	1	63.386934673366866	24.55276381909547
1280	19	1	45.48000000000001	122.42999999999998
1280	20	1	95.22110552763822	133.65829145728642
1280	21	1	164.4129353233831	124.16915422885576
1280	22	1	33.422885572139315	155.39303482587056
1280	23	1	184.99000000000004	38.015
1280	24	1	196.49253731343285	128.34328358208964
1280	25	1	171.58706467661693	43.19402985074629
1280	26	1	159.96000000000006	105.96000000000004
1280	27	1	164.02500000000003	29.230000000000008
1280	28	1	163.74129353233837	185.34328358208955
1280	29	1	128.4626865671642	142.51243781094527
1280	30	1	178.15500000000003	100.94499999999998
1280	31	1	177.14000000000024	29.060000000000002
1280	32	1	123.32178217821786	121.28712871287127
1280	33	1	52.447761194029866	156.32835820895528
1280	34	1	149.3118811881189	20.029702970297038
1280	35	1	186.97500000000002	125.68000000000005
1280	36	1	44.57286432160808	69.92964824120604
1280	37	1	196.681592039801	155.1641791044775
1280	38	1	170.1990049751244	139.77114427860693
1280	39	1	18.419999999999998	35.285000000000004
1280	40	1	9.39999999999999	110.31500000000003
1280	41	1	22.309999999999995	148.00500000000005
1280	42	1	57.259999999999984	114.25
1280	43	1	145.39698492462307	132.42211055276377
1280	44	1	81.39603960396046	31.024752475247496
1280	45	1	12.643564356435641	130.51485148514848
1280	46	1	165.8442211055276	96.94472361809042
1280	47	1	51.74626865671641	61.05472636815924
1280	48	1	59.51741293532338	129.65671641791042
1280	49	1	171.10447761194013	61.597014925373145
1280	50	1	110.44000000000007	192.27
1280	51	1	178.72361809045233	144.964824120603
1280	52	1	184.17500000000007	51.125
1280	53	1	163.21890547263692	7.9850746268656705
1280	54	1	68.23500000000006	31.179999999999993
1280	55	1	101.92500000000001	36.62499999999999
1280	56	1	92.53500000000001	32.79
1280	57	1	38.665	190.39500000000007
1280	58	1	67.52238805970151	13.517412935323389
1280	59	1	69.945	115.28500000000001
1280	60	1	155.57711442786064	25.98009950248756
1280	61	1	70.035	1.4850000000000017
1280	62	1	25.70500000000002	131.7649999999999
1280	63	1	186.44278606965167	149.46766169154222
1280	64	1	25.034825870646763	183.84577114427853
1280	65	1	52.134328358208975	93.96019900497511
1280	66	1	185.23499999999996	111.69999999999997
1280	67	1	124.11055276381914	151.59798994974875
1280	68	1	156.1	120.49000000000001
1280	69	1	54.295	144.39499999999995
1280	70	1	17.08910891089108	161.86633663366328
1280	71	1	180.14572864321605	7.02010050251252
1280	72	1	64.23267326732675	61.242574257425716
1280	73	1	21.890000000000004	172.76000000000005
1280	74	1	39.83999999999999	143.86500000000004
1280	75	1	98.11999999999998	141.52499999999998
1280	76	1	11.37128712871287	147.96039603960384
1280	77	1	134.05527638190947	135.70854271356774
1280	78	1	100.03999999999999	22.104999999999997
1280	79	1	107.97512437810947	119.58706467661695
1280	80	1	67.49253731343283	75.86069651741296
1280	81	1	60.77114427860696	85.2537313432836
1280	82	1	1.686567164179103	142.06467661691548
1280	83	1	176.35175879396985	124.01005025125627
1280	84	1	44.250000000000014	109.19
1280	85	1	81.19500000000004	10.949999999999998
1280	86	1	29.616915422885565	198.89054726368164
1280	87	1	137.63	120.89500000000005
1280	88	1	121.3283582089553	159.86567164179107
1280	89	1	35.71859296482415	166.92462311557793
1290	1	2	9.858585858585856	9.616161616161614
1290	2	2	9.950000000000008	100.29000000000005
1290	3	2	10.120000000000005	190.11999999999992
1290	4	2	99.88000000000001	9.879999999999995
1290	5	2	100.12	99.88
1290	6	2	100.00000000000003	190.50000000000006
1290	7	2	189.87999999999997	9.879999999999995
1290	8	2	190.49999999999997	100
1290	9	2	189.61616161616163	190.14141414141412
1290	10	1	172.13000000000005	8.74
1290	11	1	6.89	118.73500000000003
1290	12	1	41.61194029850748	133.38805970149252
1290	13	1	168.1949999999999	82.73000000000002
1290	14	1	66.11	100.43499999999999
1290	15	1	41.33499999999999	175.02499999999998
1290	16	1	44.691542288557216	78.85572139303486
1290	17	1	27.024875621890555	33.676616915422905
1290	18	1	63.39303482587062	23.71641791044775
1290	19	1	45.82089552238805	122.3930348258706
1290	20	1	95.33668341708544	133.67336683417076
1290	21	1	164.01492537313433	123.70149253731347
1290	22	1	33.51243781094527	154.59701492537323
1290	23	1	183.96999999999994	37.925000000000026
1290	24	1	195.755	127.84500000000003
1290	25	1	170.55500000000006	42.90999999999999
1290	26	1	161.1649999999999	104.51500000000001
1290	27	1	163.16080402010053	28.954773869346738
1290	28	1	162.8811881188119	184.7871287128712
1290	29	1	129	141.75124378109453
1290	30	1	177.68999999999994	100.66499999999995
1290	31	1	175.765	28.814999999999994
1290	32	1	121.46999999999998	121.49
1290	33	1	54.388059701492516	154.78109452736308
1290	34	1	149.09000000000006	19.355
1290	35	1	186.4278606965174	125.32835820895528
1290	36	1	44.3781094527363	68.3880597014925
1290	37	1	195.195	154.87
1290	38	1	169.20895522388045	138.98009950248752
1290	39	1	16.796019900497512	35.189054726368155
1290	40	1	10.830000000000004	110.755
1290	41	1	22.179104477611933	146.45273631840797
1290	42	1	57.31	112.065
1290	43	1	144.87437185929645	131.18090452261305
1290	44	1	79.94029850746273	30.955223880597
1290	45	1	10.994999999999997	131.21500000000015
1290	46	1	165.81094527363177	94.43781094527363
1290	47	1	53.32673267326732	59.92079207920791
1290	48	1	59.98009950248756	128.2089552238806
1290	49	1	170.55499999999998	60.30999999999998
1290	50	1	111.19	192.80999999999992
1290	51	1	177.63681592039805	144.8009950248756
1290	52	1	183.82999999999993	50.184999999999995
1290	53	1	162.68500000000003	6.89
1290	54	1	67.28140703517586	30.557788944723608
1290	55	1	101.32835820895525	35.616915422885576
1290	56	1	90.88557213930346	32.53731343283583
1290	57	1	38.995000000000005	188.83500000000012
1290	58	1	66.63316582914575	13.145728643216087
1290	59	1	70.44776119402992	113.96517412935326
1290	60	1	155.6	24.965000000000014
1290	61	1	69.24378109452738	0.845771144278607
1290	62	1	25.756218905472643	131.40796019900483
1290	63	1	185.86138613861394	148.68316831683174
1290	64	1	24.30348258706469	182.26368159203983
1290	65	1	52.33500000000003	91.74000000000005
1290	66	1	184.9145728643217	111.24623115577889
1290	67	1	124.48500000000001	150.63
1290	68	1	156.09499999999989	119.76999999999995
1290	69	1	53.472361809045225	143.90954773869345
1290	70	1	16.634999999999994	160.93499999999992
1290	71	1	179.93467336683415	6.728643216080457
1290	72	1	65.67164179104478	60.9502487562189
1290	73	1	21.8955223880597	171.7164179104477
1290	74	1	39.21999999999996	143.40999999999997
1290	75	1	98.70000000000002	141.23999999999992
1290	76	1	10.321608040201005	147.96984924623123
1290	77	1	134.1799999999999	134.98000000000008
1290	78	1	99.59000000000002	22.06
1290	79	1	108.22388059701494	117.97014925373135
1290	80	1	66.82412060301512	74.91457286432157
1290	81	1	60.885	83.94999999999995
1290	82	1	0.6169154228855719	142.5671641791045
1290	83	1	175.91500000000008	123.445
1290	84	1	45.245000000000005	107.44999999999999
1290	85	1	80.63681592039799	9.343283582089548
1290	86	1	29.64179104477613	197.3283582089552
1290	87	1	137.0649999999999	120.31499999999997
1290	88	1	121.36000000000003	158.75999999999993
1290	89	1	36.009900990099005	164.99999999999994
1300	1	2	9.858585858585856	9.616161616161614
1300	2	2	9.950000000000008	100.29000000000005
1300	3	2	10.120000000000005	190.11999999999992
1300	4	2	99.88000000000001	9.879999999999995
1300	5	2	100.12	99.88
1300	6	2	100.00000000000003	190.50000000000006
1300	7	2	189.87999999999997	9.879999999999995
1300	8	2	190.49999999999997	100
1300	9	2	189.61616161616163	190.14141414141412
1300	10	1	172.22499999999997	8.695
1300	11	1	7.1299999999999955	119.15499999999997
1300	12	1	41.98999999999997	132.86499999999998
1300	13	1	170.1200000000001	81.95499999999994
1300	14	1	65.22772277227723	98.90594059405944
1300	15	1	41.0251256281407	173.92462311557793
1300	16	1	43.87000000000002	77.63999999999997
1300	17	1	25.308457711442802	34.62686567164178
1300	18	1	62.635000000000005	23.159999999999986
1300	19	1	45.82587064676616	122.23383084577117
1300	20	1	95.29999999999997	133.59000000000003
1300	21	1	163.74500000000012	123.29999999999997
1300	22	1	33.60199004975125	153.84079601990058
1300	23	1	182.54228855721396	38.17412935323383
1300	24	1	194.8407960199005	127.40796019900499
1300	25	1	169.6386138613862	42.85148514851488
1300	26	1	162.1499999999998	103.34000000000002
1300	27	1	162.8743718592964	28.311557788944715
1300	28	1	161.8099999999999	184.5
1300	29	1	129.435	141.03500000000003
1300	30	1	177.427135678392	100.21105527638187
1300	31	1	174.81592039801	28.40796019900497
1300	32	1	120.45771144278606	121.44278606965175
1300	33	1	56.32338308457713	153.39800995024873
1300	34	1	149.3	18.73
1300	35	1	185.86999999999998	125.00500000000002
1300	36	1	44.820895522388035	67.1044776119403
1300	37	1	193.57	154.695
1300	38	1	168.49999999999991	137.65000000000003
1300	39	1	15.587064676616917	35.13930348258708
1300	40	1	11.62	111.37500000000007
1300	41	1	22.01990049751245	145.94029850746256
1300	42	1	56.86500000000002	111.06000000000002
1300	43	1	144.61999999999992	130.32500000000005
1300	44	1	78.83582089552242	31.268656716417926
1300	45	1	9.004950495049501	131.94554455445547
1300	46	1	165.61386138613867	92.2277227722772
1300	47	1	54.01492537313432	58.2089552238806
1300	48	1	61.014778325123146	126.10344827586205
1300	49	1	169.91500000000002	59.175
1300	50	1	112.46231155778892	193.77386934673376
1300	51	1	176.3668341708542	144.23618090452254
1300	52	1	183.84577114427856	49.78109452736315
1300	53	1	162.1	5.319999999999999
1300	54	1	66.69	30.00999999999998
1300	55	1	100.68656716417914	34.83084577114424
1300	56	1	89.37499999999997	32.699999999999996
1300	57	1	37.92610837438423	187.65024630541893
1300	58	1	65.82499999999995	12.27
1300	59	1	70.79	112.06500000000003
1300	60	1	155.39195979899492	24.33668341708543
1300	61	1	68.49504950495056	0.15346534653465368
1300	62	1	25.547263681592042	131.46268656716416
1300	63	1	185.20398009950245	147.9601990049751
1300	64	1	22.860696517412933	180.46766169154228
1300	65	1	52.68656716417912	89.78606965174127
1300	66	1	184.77999999999997	110.77000000000001
1300	67	1	124.10945273631845	148.99004975124382
1300	68	1	155.8805970149254	119.51741293532332
1300	69	1	53.05500000000002	143.00000000000003
1300	70	1	16.626865671641795	160.27363184079599
1300	71	1	179.96499999999997	6.8250000000000455
1300	72	1	67.14925373134334	60.75621890547262
1300	73	1	22.266331658291442	170.7035175879397
1300	74	1	39.30000000000001	142.57000000000008
1300	75	1	98.74499999999996	141.19
1300	76	1	9.799999999999999	147.8900000000001
1300	77	1	133.93500000000006	134.14999999999992
1300	78	1	98.67499999999995	22.180000000000003
1300	79	1	107.94527363184083	116.63681592039798
1300	80	1	65.99000000000002	73.58500000000002
1300	81	1	60.935323383084565	82.50248756218905
1300	82	1	199.77611940298507	143.30348258706468
1300	83	1	175.3613861386139	122.92079207920786
1300	84	1	46.37128712871288	105.31188118811883
1300	85	1	79.63499999999998	8.859999999999998
1300	86	1	30.0049751243781	195.83582089552246
1300	87	1	136.61499999999992	119.68999999999997
1300	88	1	121.50753768844223	157.51758793969847
1300	89	1	36.68	163.67499999999998
1310	1	2	9.858585858585856	9.616161616161614
1310	2	2	9.950000000000008	100.29000000000005
1310	3	2	10.120000000000005	190.11999999999992
1310	4	2	99.88000000000001	9.879999999999995
1310	5	2	100.12	99.88
1310	6	2	100.00000000000003	190.50000000000006
1310	7	2	189.87999999999997	9.879999999999995
1310	8	2	190.49999999999997	100
1310	9	2	189.61616161616163	190.14141414141412
1310	10	1	172.08457711442787	8.592039800995027
1310	11	1	7.044776119402987	119.3034825870647
1310	12	1	42.755	132.1099999999999
1310	13	1	170.88059701492529	81.26865671641795
1310	14	1	64.73869346733667	97.92964824120604
1310	15	1	40.71499999999999	172.82499999999982
1310	16	1	43.52500000000001	76.20499999999997
1310	17	1	24.343283582089548	35.66169154228859
1310	18	1	61.755	22.425000000000008
1310	19	1	45.636815920398035	121.6666666666667
1310	20	1	95.72139303482594	133.54228855721388
1310	21	1	163.21782178217816	123.17326732673267
1310	22	1	33.41	153.40000000000006
1310	23	1	181.075	38.63000000000001
1310	24	1	193.92079207920793	127.16831683168321
1310	25	1	169.04499999999987	42.45499999999998
1310	26	1	162.80597014925368	102.08955223880592
1310	27	1	162.21890547263672	28.119402985074625
1310	28	1	160.9004975124378	184.27860696517413
1310	29	1	129.9800995024876	140.20895522388062
1310	30	1	176.7349999999999	99.745
1310	31	1	173.55000000000004	28.365
1310	32	1	119.13999999999993	121.575
1310	33	1	57.830845771144276	152.89054726368164
1310	34	1	149.01005025125647	18.608040201005036
1310	35	1	185.19402985074635	124.73631840796024
1310	36	1	45.454999999999984	65.68999999999998
1310	37	1	192.36318407960198	154.8308457711443
1310	38	1	167.0447761194029	137.2985074626866
1310	39	1	14.835820895522385	34.85572139303485
1310	40	1	12.925373134328352	112.24378109452738
1310	41	1	22.52500000000001	144.51999999999995
1310	42	1	56.52500000000001	110.22499999999997
1310	43	1	144.5350000000001	129.20499999999998
1310	44	1	78.00499999999998	31.54
1310	45	1	7.159203980099502	132.20895522388062
1310	46	1	164.73869346733667	89.7688442211055
1310	47	1	54.980099502487555	56.93034825870647
1310	48	1	61.54499999999999	123.87500000000003
1310	49	1	170.2537313432835	58.208955223880565
1310	50	1	114.8955223880597	194.7114427860696
1310	51	1	174.8955223880597	143.6467661691542
1310	52	1	184.08499999999992	49.21000000000003
1310	53	1	161.15000000000003	4.095
1310	54	1	66.47000000000004	29.119999999999994
1310	55	1	100.725	34.16499999999999
1310	56	1	88.11940298507461	33.13930348258705
1310	57	1	37.67499999999998	186.52499999999998
1310	58	1	65.14572864321607	11.412060301507537
1310	59	1	71.25870646766168	110.65671641791046
1310	60	1	155.36318407960187	23.741293532338297
1310	61	1	68.17412935323382	199.10945273631842
1310	62	1	24.805970149253735	131.49253731343273
1310	63	1	184.6783919597989	147.45226130653282
1310	64	1	21.253731343283583	179.1144278606966
1310	65	1	52.94029850746268	88.42786069651746
1310	66	1	184.24875621890544	110.25373134328358
1310	67	1	124.52000000000001	147.755
1310	68	1	155.77114427860693	118.96517412935324
1310	69	1	52.945544554455424	142.0742574257426
1310	70	1	16.475247524752476	159.5049504950495
1310	71	1	180.0150000000001	7.07499999999996
1310	72	1	68.81407035175877	60.94974874371858
1310	73	1	22.134328358208958	169.8606965174129
1310	74	1	38.85572139303481	142.228855721393
1310	75	1	99.24499999999998	140.99999999999997
1310	76	1	9.37128712871287	147.5940594059405
1310	77	1	133.94000000000008	133.22
1310	78	1	97.21000000000001	22.239999999999995
1310	79	1	107.545	115.05499999999998
1310	80	1	64.97000000000006	72.64500000000002
1310	81	1	60.741293532338304	81.79104477611942
1310	82	1	198.9900497512438	143.592039800995
1310	83	1	175.17499999999995	122.33
1310	84	1	47.01500000000001	103.905
1310	85	1	78.70500000000004	8.454999999999993
1310	86	1	29.95544554455446	194.3118811881187
1310	87	1	135.86069651741292	118.8557213930348
1310	88	1	121.52238805970153	156.49253731343285
1310	89	1	37.11500000000001	162.57499999999996
1320	1	2	9.858585858585856	9.616161616161614
1320	2	2	9.950000000000008	100.29000000000005
1320	3	2	10.120000000000005	190.11999999999992
1320	4	2	99.88000000000001	9.879999999999995
1320	5	2	100.12	99.88
1320	6	2	100.00000000000003	190.50000000000006
1320	7	2	189.87999999999997	9.879999999999995
1320	8	2	190.49999999999997	100
1320	9	2	189.61616161616163	190.14141414141412
1320	10	1	171.78499999999994	9.05
1320	11	1	7.497512437810939	119.76119402985074
1320	12	1	42.635000000000026	131.44499999999994
1320	13	1	171.23383084577114	80.40298507462686
1320	14	1	64.19306930693072	97.19306930693061
1320	15	1	40.20398009950252	171.91044776119404
1320	16	1	43.09452736318412	75.10945273631835
1320	17	1	23.537313432835827	36.363184079602014
1320	18	1	60.73869346733669	21.864321608040196
1320	19	1	45.686567164179124	120.79104477611934
1320	20	1	95.52500000000005	133.54500000000004
1320	21	1	162.94999999999982	122.57500000000003
1320	22	1	33.835820895522396	152.56716417910442
1320	23	1	180.20499999999998	38.28500000000001
1320	24	1	193.25	126.52000000000001
1320	25	1	167.96999999999994	42.765000000000015
1320	26	1	163.2178217821781	101.05445544554459
1320	27	1	161.8849999999999	27.754999999999995
1320	28	1	159.52238805970154	183.90547263681606
1320	29	1	130.1237623762377	139.07425742574245
1320	30	1	175.49499999999998	99.69000000000001
1320	31	1	172.81499999999997	28.155
1320	32	1	118.13930348258707	121.5870646766169
1320	33	1	58.12376237623762	152.3861386138613
1320	34	1	148.86499999999995	18.265
1320	35	1	184.94974874371857	123.94974874371859
1320	36	1	46.21393034825872	64.63681592039806
1320	37	1	190.96019900497512	154.85074626865668
1320	38	1	165.54499999999993	137.12
1320	39	1	14.482412060301504	34.37688442211054
1320	40	1	14.226130653266335	112.94974874371863
1320	41	1	22.41499999999998	143.81000000000003
1320	42	1	55.95049504950496	109.81188118811885
1320	43	1	144.36499999999987	127.80500000000004
1320	44	1	77.46766169154229	31.1691542288557
1320	45	1	5.529702970297031	132.62376237623764
1320	46	1	163.58706467661702	87.5223880597015
1320	47	1	55.301980198019834	55.633663366336656
1320	48	1	62.13930348258706	122.02985074626861
1320	49	1	170.8706467661691	57.76616915422882
1320	50	1	116.89054726368157	194.8706467661691
1320	51	1	174.01980198019814	142.51980198019794
1320	52	1	183.97512437810943	48.60199004975124
1320	53	1	160.43500000000003	2.400000000000001
1320	54	1	65.86069651741293	28.671641791044763
1320	55	1	100.28358208955227	33.76616915422886
1320	56	1	86.59000000000003	33.86500000000001
1320	57	1	36.08415841584157	185.3316831683168
1320	58	1	63.87000000000001	10.935000000000004
1320	59	1	71.88059701492539	109.82089552238804
1320	60	1	155.23000000000002	23.275000000000002
1320	61	1	66.98499999999999	199.08
1320	62	1	24.13432835820897	131.2437810945275
1320	63	1	184.26368159203977	146.27860696517413
1320	64	1	20.502487562189053	178.0845771144278
1320	65	1	52.50000000000001	87.03465346534651
1320	66	1	184.285	109.66000000000004
1320	67	1	125.228855721393	146.68656716417917
1320	68	1	155.7487437185929	118.21105527638198
1320	69	1	53.125	140.60999999999996
1320	70	1	16.575	158.735
1320	71	1	179.6750000000001	6.749999999999999
1320	72	1	69.825	61.29999999999997
1320	73	1	22.10891089108912	168.87623762376234
1320	74	1	38.71144278606968	141.68656716417914
1320	75	1	99.84000000000002	140.51500000000001
1320	76	1	9.034999999999997	147.28000000000011
1320	77	1	134.48999999999995	132.44
1320	78	1	96.37000000000002	22.604999999999993
1320	79	1	107.30348258706466	113.93034825870646
1320	80	1	63.735	71.75500000000002
1320	81	1	61.05472636815924	81.40796019900496
1320	82	1	198.16417910447763	143.95024875621903
1320	83	1	174.6399999999999	121.91999999999999
1320	84	1	47.59500000000001	101.65999999999997
1320	85	1	77.60499999999998	8.510000000000002
1320	86	1	30.099502487562184	193.40298507462683
1320	87	1	135.587064676617	117.8358208955224
1320	88	1	121.49000000000001	155.19000000000017
1320	89	1	38.120000000000026	161.26499999999993
1330	1	2	9.858585858585856	9.616161616161614
1330	2	2	9.950000000000008	100.29000000000005
1330	3	2	10.120000000000005	190.11999999999992
1330	4	2	99.88000000000001	9.879999999999995
1330	5	2	100.12	99.88
1330	6	2	100.00000000000003	190.50000000000006
1330	7	2	189.87999999999997	9.879999999999995
1330	8	2	190.49999999999997	100
1330	9	2	189.61616161616163	190.14141414141412
1330	10	1	171.20999999999987	9.190000000000001
1330	11	1	7.819999999999996	120.63000000000001
1330	12	1	42.70500000000003	130.59499999999994
1330	13	1	172.34825870646762	80.08457711442783
1330	14	1	64.10999999999999	96.37999999999994
1330	15	1	39.348258706467675	171.09452736318406
1330	16	1	43.245000000000005	73.66499999999998
1330	17	1	22.810945273631848	37.67661691542287
1330	18	1	59.87878787878788	20.934343434343443
1330	19	1	45.788944723618066	120.05527638190954
1330	20	1	95.41500000000003	133.55500000000004
1330	21	1	162.62311557788934	121.75376884422111
1330	22	1	33.945	151.75999999999993
1330	23	1	179.45771144278595	37.60696517412934
1330	24	1	192.60199004975124	126.38805970149262
1330	25	1	167.17999999999995	43.08000000000004
1330	26	1	163.37313432835825	99.04477611940301
1330	27	1	161.1249999999999	27.985000000000007
1330	28	1	159.2149999999999	182.68500000000012
1330	29	1	129.23500000000004	137.73500000000004
1330	30	1	174.59999999999997	99.67999999999996
1330	31	1	171.84577114427864	28.054726368159194
1330	32	1	116.68999999999994	121.72999999999996
1330	33	1	58.70149253731343	151.64179104477617
1330	34	1	149.00499999999994	17.945
1330	35	1	184.51499999999984	123.65
1330	36	1	46.85074626865671	63.10945273631838
1330	37	1	189.86999999999995	155.36999999999998
1330	38	1	164.40000000000012	136.78999999999994
1330	39	1	14.035000000000007	34.050000000000004
1330	40	1	15.64676616915423	113.8009950248756
1330	41	1	21.895522388059707	142.71641791044775
1330	42	1	55.99999999999999	108.91499999999999
1330	43	1	143.81500000000008	126.45499999999994
1330	44	1	77.0547263681592	30.522388059701502
1330	45	1	4.1049999999999995	132.77
1330	46	1	162.9303482587064	85.31343283582088
1330	47	1	56.30348258706469	54.517412935323414
1330	48	1	61.990099009901	119.90099009900989
1330	49	1	172.02487562189046	57.711442786069654
1330	50	1	118.21499999999999	194.45
1330	51	1	172.83919597989959	141.894472361809
1330	52	1	183.61500000000007	47.910000000000025
1330	53	1	159.6268656716417	0.4228855721393039
1330	54	1	64.86069651741292	28.402985074626848
1330	55	1	100.03980099502489	33.4179104477612
1330	56	1	85.48000000000003	34.70000000000001
1330	57	1	35.489999999999995	184.12500000000006
1330	58	1	62.93069306930694	10.321782178217827
1330	59	1	72.51499999999997	108.48499999999996
1330	60	1	155.32500000000013	22.75999999999999
1330	61	1	66.79104477611943	198.49751243781094
1330	62	1	24.15500000000001	130.565
1330	63	1	183.67839195979897	145.17085427135686
1330	64	1	19.29	177.07999999999998
1330	65	1	51.753768844221106	85.88944723618084
1330	66	1	184.23618090452263	109.59296482412056
1330	67	1	125.40796019900502	145.43781094527353
1330	68	1	155.72361809045216	117.09547738693468
1330	69	1	52.90499999999999	139.5700000000001
1330	70	1	16.955000000000002	157.77000000000007
1330	71	1	179.56783919597984	6.844221105527623
1330	72	1	71.24875621890551	62.12437810945275
1330	73	1	22.43283582089553	168.01990049751242
1330	74	1	38.66666666666667	141.1890547263681
1330	75	1	100.39000000000003	139.96499999999997
1330	76	1	8.405000000000005	146.96499999999995
1330	77	1	134.16831683168317	131.68811881188117
1330	78	1	94.715	22.904999999999998
1330	79	1	107.38500000000005	112.98500000000001
1330	80	1	62.52970297029702	70.95049504950492
1330	81	1	61.23999999999997	81.16499999999999
1330	82	1	197.33830845771143	144.64179104477614
1330	83	1	173.875	121.58499999999998
1330	84	1	47.6930693069307	99.85148514851484
1330	85	1	76.80000000000003	8.914999999999997
1330	86	1	30.50248756218906	192.6666666666668
1330	87	1	135.05999999999995	116.99499999999999
1330	88	1	120.865	153.63999999999996
1330	89	1	38.71859296482412	160.25125628140705
1340	1	2	9.858585858585856	9.616161616161614
1340	2	2	9.950000000000008	100.29000000000005
1340	3	2	10.120000000000005	190.11999999999992
1340	4	2	99.88000000000001	9.879999999999995
1340	5	2	100.12	99.88
1340	6	2	100.00000000000003	190.50000000000006
1340	7	2	189.87999999999997	9.879999999999995
1340	8	2	190.49999999999997	100
1340	9	2	189.61616161616163	190.14141414141412
1340	10	1	170.25499999999985	9.495
1340	11	1	8.174129353233832	121.65671641791045
1340	12	1	43.25373134328354	129.820895522388
1340	13	1	174.15422885572133	80.01990049751242
1340	14	1	63.80597014925371	95.55223880597016
1340	15	1	38.76616915422885	170.4875621890547
1340	16	1	43.54455445544555	72.4059405940594
1340	17	1	22.114427860696516	38.507462686567166
1340	18	1	59.45771144278607	20.39303482587065
1340	19	1	45.86000000000001	119.69500000000001
1340	20	1	95.65	133.42499999999998
1340	21	1	161.66169154228857	121.6915422885572
1340	22	1	33.80500000000001	150.7650000000001
1340	23	1	178.72499999999997	36.91499999999999
1340	24	1	192.355	125.44999999999999
1340	25	1	166.49499999999998	43.12000000000001
1340	26	1	162.99502487562188	97.10447761194031
1340	27	1	160.37999999999997	28.499999999999993
1340	28	1	158.94527363184073	182.16915422885572
1340	29	1	129.30653266331663	136.7788944723618
1340	30	1	173.96019900497507	99.17910447761193
1340	31	1	171.57213930348257	27.308457711442784
1340	32	1	115.27860696517416	121.67661691542288
1340	33	1	58.544999999999995	150.56999999999996
1340	34	1	149.43499999999997	17.33499999999999
1340	35	1	183.56716417910437	123.29850746268656
1340	36	1	47.88557213930347	61.75621890547263
1340	37	1	189.01499999999996	155.31
1340	38	1	163.65174129353233	136.19402985074632
1340	39	1	13.600000000000003	33.08999999999998
1340	40	1	16.701492537313435	114.5074626865672
1340	41	1	21.633165829145728	141.8592964824122
1340	42	1	55.77999999999999	108.26500000000001
1340	43	1	142.97512437810957	124.78109452736315
1340	44	1	76.37810945273635	30.378109452736318
1340	45	1	2.711442786069653	132.7313432835822
1340	46	1	163.5621890547264	83.66169154228857
1340	47	1	57.43283582089552	53.363184079602
1340	48	1	62.696517412935336	118.29850746268652
1340	49	1	172.7	57.67999999999999
1340	50	1	119.68000000000004	193.695
1340	51	1	171.90049751243782	141.50248756218892
1340	52	1	182.74	47.48000000000001
1340	53	1	159.0841584158416	198.61386138613867
1340	54	1	64.39499999999998	28.13999999999999
1340	55	1	99.96999999999996	32.714999999999996
1340	56	1	84.12935323383083	35.8507462686567
1340	57	1	35.5223880597015	182.60199004975127
1340	58	1	61.57000000000001	10.16
1340	59	1	72.76237623762377	107.62871287128712
1340	60	1	154.5929648241206	22.798994974874372
1340	61	1	66.42500000000003	198.425
1340	62	1	24.010000000000012	130.25
1340	63	1	183.14851485148515	143.9950495049506
1340	64	1	18.08457711442785	176.14427860696517
1340	65	1	50.81999999999999	84.96499999999999
1340	66	1	184.075	109.17999999999996
1340	67	1	126.00497512437815	144.36815920398016
1340	68	1	155.6865671641792	115.75124378109456
1340	69	1	53.19597989949747	138.64321608040208
1340	70	1	16.56716417910448	156.51243781094533
1340	71	1	179.43999999999997	7.1100000000000705
1340	72	1	73.24875621890551	63.80099502487563
1340	73	1	22.795	166.91000000000005
1340	74	1	38.98500000000001	140.42500000000007
1340	75	1	101.02499999999996	139.64499999999984
1340	76	1	7.814070351758792	146.7688442211055
1340	77	1	133.9	130.785
1340	78	1	93.25247524752477	23.25742574257425
1340	79	1	107.04999999999995	112.16500000000003
1340	80	1	61.880597014925385	69.71641791044777
1340	81	1	61.804999999999986	80.59499999999997
1340	82	1	196.55276381909547	145.41206030150764
1340	83	1	172.79500000000002	120.955
1340	84	1	47.64179104477613	98.30348258706465
1340	85	1	75.9748743718593	8.572864321608026
1340	86	1	31.259999999999998	192.06500000000003
1340	87	1	134.47761194029852	116.23383084577112
1340	88	1	120.7462686567164	152.18407960199
1340	89	1	38.90049751243783	159.34825870646753
1350	1	2	9.858585858585856	9.616161616161614
1350	2	2	9.950000000000008	100.29000000000005
1350	3	2	10.120000000000005	190.11999999999992
1350	4	2	99.88000000000001	9.879999999999995
1350	5	2	100.12	99.88
1350	6	2	100.00000000000003	190.50000000000006
1350	7	2	189.87999999999997	9.879999999999995
1350	8	2	190.49999999999997	100
1350	9	2	189.61616161616163	190.14141414141412
1350	10	1	169.2049999999999	9.715000000000005
1350	11	1	8.330000000000002	122.73999999999995
1350	12	1	44.14070351758795	128.9095477386935
1350	13	1	175.95999999999995	80.30499999999996
1350	14	1	63.3	94.50000000000004
1350	15	1	37.477611940298516	169.8507462686568
1350	16	1	43.737623762376245	70.90594059405942
1350	17	1	21.613065326633162	39.25628140703519
1350	18	1	58.417085427135675	19.98492462311556
1350	19	1	45.69651741293533	119.22885572139306
1350	20	1	95.84422110552757	133.3768844221105
1350	21	1	160.79	121.38000000000011
1350	22	1	34.775000000000006	149.86500000000004
1350	23	1	178.36000000000007	36.22000000000001
1350	24	1	191.98009950248758	124.79601990049747
1350	25	1	165.56500000000008	43.379999999999995
1350	26	1	162.9502487562189	95.13432835820895
1350	27	1	159.71999999999997	28.985
1350	28	1	158.695	181.615
1350	29	1	129.05500000000012	135.92499999999998
1350	30	1	173.19597989949742	98.68341708542712
1350	31	1	171.25999999999985	26.734999999999975
1350	32	1	114.58208955223883	120.87064676616914
1350	33	1	58.219999999999985	148.92500000000004
1350	34	1	150.4378109452737	15.94527363184079
1350	35	1	182.68656716417908	122.66666666666671
1350	36	1	48.651741293532346	60.517412935323364
1350	37	1	188.44	155.00000000000009
1350	38	1	162.5621890547263	135.80099502487556
1350	39	1	12.919999999999995	32.48
1350	40	1	17.850746268656717	115.1293532338309
1350	41	1	21.507462686567163	140.85074626865674
1350	42	1	55.210000000000015	107.72999999999998
1350	43	1	142.08955223880585	123.70149253731341
1350	44	1	75.84079601990051	29.45273631840796
1350	45	1	1.2935323383084563	132.79601990049767
1350	46	1	163.89054726368155	82.04477611940295
1350	47	1	59.08415841584158	52.66336633663365
1350	48	1	63.02985074626865	116.79601990049753
1350	49	1	173.00000000000009	57.358208955223866
1350	50	1	120.66666666666664	192.71641791044777
1350	51	1	171.43069306930698	140.5594059405941
1350	52	1	182.2799999999999	47.105000000000025
1350	53	1	158.73631840796034	197.20895522388057
1350	54	1	63.77500000000001	27.224999999999998
1350	55	1	99.60999999999996	32.044999999999966
1350	56	1	83.00000000000001	37.00995024875622
1350	57	1	35.73366834170853	181.2763819095477
1350	58	1	60.61000000000003	10.004999999999995
1350	59	1	72.48241206030144	106.24623115577891
1350	60	1	153.46500000000003	23.190000000000005
1350	61	1	65.88499999999999	198.25
1350	62	1	23.95979899497489	129.55276381909536
1350	63	1	182.1699999999999	143.52999999999994
1350	64	1	17.434999999999995	175.3750000000001
1350	65	1	49.61306532663317	83.52261306532662
1350	66	1	183.3199999999999	108.49999999999994
1350	67	1	126.17500000000005	143.58999999999995
1350	68	1	155.30499999999998	115
1350	69	1	53.53500000000002	137.6899999999999
1350	70	1	16.721393034825873	154.93034825870646
1350	71	1	179.34825870646753	7.751243781094527
1350	72	1	74.38190954773866	65.66331658291453
1350	73	1	22.646766169154215	165.36815920398004
1350	74	1	38.92999999999999	139.38500000000008
1350	75	1	102.61999999999999	138.20000000000007
1350	76	1	7.643216080402011	145.9547738693467
1350	77	1	134.03999999999994	130.21999999999997
1350	78	1	91.45771144278605	23.199004975124378
1350	79	1	106.87562189054727	111.26865671641798
1350	80	1	61.58706467661695	68.90547263681596
1350	81	1	61.89108910891089	79.76732673267321
1350	82	1	195.7462686567164	145.8407960199005
1350	83	1	171.91044776119386	120.4129353233831
1350	84	1	48.00999999999999	96.17500000000001
1350	85	1	75.32835820895524	7.9253731343283595
1350	86	1	32.238805970149265	191.08457711442782
1350	87	1	133.587064676617	115.22885572139299
1350	88	1	121.26999999999994	150.935
1350	89	1	39.48999999999998	158.53
1360	1	2	9.858585858585856	9.616161616161614
1360	2	2	9.950000000000008	100.29000000000005
1360	3	2	10.120000000000005	190.11999999999992
1360	4	2	99.88000000000001	9.879999999999995
1360	5	2	100.12	99.88
1360	6	2	100.00000000000003	190.50000000000006
1360	7	2	189.87999999999997	9.879999999999995
1360	8	2	190.49999999999997	100
1360	9	2	189.61616161616163	190.14141414141412
1360	10	1	167.79702970297043	9.599009900990103
1360	11	1	7.77	123.45499999999994
1360	12	1	44.482587064676615	127.94029850746276
1360	13	1	176.97499999999997	80.19499999999995
1360	14	1	63.53731343283582	93.71641791044783
1360	15	1	36.99000000000001	169.2400000000001
1360	16	1	44.52970297029704	69.11881188118817
1360	17	1	21.01990049751244	39.771144278606975
1360	18	1	58.13	19.595000000000002
1360	19	1	45.96517412935323	118.38308457711445
1360	20	1	95.665	133.46999999999994
1360	21	1	159.41919191919183	121.66161616161615
1360	22	1	35.43718592964823	149.01005025125622
1360	23	1	177.75247524752476	34.84653465346533
1360	24	1	191.33	124.08999999999997
1360	25	1	164.23383084577105	44.08457711442784
1360	26	1	162.20398009950253	92.81592039800995
1360	27	1	158.83582089552243	29.477611940298534
1360	28	1	158.51758793969856	181.25125628140702
1360	29	1	129.12	135.31999999999988
1360	30	1	172.6119402985076	98.37313432835825
1360	31	1	170.7399999999999	26.135
1360	32	1	113.03960396039602	120.56435643564353
1360	33	1	57.93000000000001	146.98000000000005
1360	34	1	150.64000000000007	15.125000000000007
1360	35	1	181.40796019900492	122.42786069651739
1360	36	1	49.348258706467675	59.527363184079576
1360	37	1	188.05000000000007	155.12500000000003
1360	38	1	161.56500000000003	135.005
1360	39	1	12.210000000000003	30.784999999999997
1360	40	1	19.61500000000001	115.99000000000007
1360	41	1	20.724999999999998	139.77000000000007
1360	42	1	54.65174129353235	106.86069651741295
1360	43	1	141.8855721393034	122.87064676616917
1360	44	1	75.35	29.014999999999993
1360	45	1	199.46766169154228	132.54228855721394
1360	46	1	164.90099009900996	80.93069306930688
1360	47	1	60.980198019801975	52.970297029702955
1360	48	1	63.815920398009936	115.22885572139305
1360	49	1	173.63000000000002	57.010000000000005
1360	50	1	121.03960396039601	191.52475247524742
1360	51	1	170.93532338308458	139.6467661691543
1360	52	1	181.7910447761194	46.48258706467658
1360	53	1	158.27860696517416	196.00000000000014
1360	54	1	62.96000000000001	27.090000000000007
1360	55	1	98.775	31.799999999999994
1360	56	1	81.90049751243782	37.582089552238834
1360	57	1	35.572864321608044	180.46733668341707
1360	58	1	59.67000000000001	9.935000000000004
1360	59	1	72.81	104.63499999999989
1360	60	1	152.5024875621891	23.19402985074628
1360	61	1	65.51243781094529	197.97014925373134
1360	62	1	23.75621890547264	129.14427860696523
1360	63	1	181.52475247524745	143.09900990098996
1360	64	1	17.577114427860707	173.92537313432842
1360	65	1	48.41000000000002	82.37999999999994
1360	66	1	182.68000000000004	107.88
1360	67	1	126.48756218905473	142.7860696517413
1360	68	1	155.76381909547734	113.36683417085425
1360	69	1	54.26000000000002	136.61000000000007
1360	70	1	17.0547263681592	153.54228855721396
1360	71	1	178.80402010050238	8.110552763819095
1360	72	1	75.10396039603961	67.11386138613865
1360	73	1	22.990049751243788	163.63184079601987
1360	74	1	38.74	138.53000000000006
1360	75	1	103.87	137.02499999999998
1360	76	1	7.115000000000001	145.43999999999994
1360	77	1	133.83084577114434	129.45273631840791
1360	78	1	89.94000000000001	23.25
1360	79	1	107.88442211055275	110.46231155778892
1360	80	1	61.53500000000001	68.82499999999999
1360	81	1	62.16000000000003	79.65999999999997
1360	82	1	195.21608040201005	146.86934673366832
1360	83	1	171.27135678391957	119.37185929648241
1360	84	1	47.851485148514875	94.16831683168313
1360	85	1	74.9402985074627	7.61194029850747
1360	86	1	33.06435643564358	190.21287128712862
1360	87	1	132.83499999999998	114.74499999999998
1360	88	1	121.36500000000002	150.11
1360	89	1	40.43999999999997	157.86500000000007
1370	1	2	9.858585858585856	9.616161616161614
1370	2	2	9.950000000000008	100.29000000000005
1370	3	2	10.120000000000005	190.11999999999992
1370	4	2	99.88000000000001	9.879999999999995
1370	5	2	100.12	99.88
1370	6	2	100.00000000000003	190.50000000000006
1370	7	2	189.87999999999997	9.879999999999995
1370	8	2	190.49999999999997	100
1370	9	2	189.61616161616163	190.14141414141412
1370	10	1	166.52238805970168	9.810945273631836
1370	11	1	7.490099009900989	124.53465346534652
1370	12	1	43.75376884422111	126.92462311557794
1370	13	1	177.54726368159197	80.09950248756215
1370	14	1	63.929999999999986	92.56500000000004
1370	15	1	36.34000000000002	168.325
1370	16	1	45.28999999999999	67.44500000000001
1370	17	1	19.567839195979907	39.82412060301506
1370	18	1	57.064676616915406	19.58706467661693
1370	19	1	47.499999999999964	118.15500000000003
1370	20	1	95.71	133.90999999999997
1370	21	1	158.2600000000001	121.98000000000002
1370	22	1	35.97999999999997	148.13499999999993
1370	23	1	176.70646766169153	34.37810945273631
1370	24	1	190.8059701492537	123.18407960199006
1370	25	1	162.70499999999987	44.730000000000025
1370	26	1	161.67999999999986	91.12000000000006
1370	27	1	158.53000000000014	29.874999999999993
1370	28	1	158.11442786069648	181.14427860696514
1370	29	1	129.66169154228857	134.8358208955224
1370	30	1	172.01500000000004	97.61500000000008
1370	31	1	170.59000000000012	25.435000000000002
1370	32	1	111.925	119.55499999999999
1370	33	1	58.318407960199025	145.1442786069652
1370	34	1	151.13930348258708	13.552238805970141
1370	35	1	180.35323383084577	121.7462686567164
1370	36	1	50.60696517412938	58.49751243781093
1370	37	1	187.15000000000003	154.71500000000006
1370	38	1	160.23762376237622	134.62376237623758
1370	39	1	11.457711442786069	28.905472636815926
1370	40	1	21.240000000000002	116.30000000000001
1370	41	1	20.238805970149265	138.84079601990058
1370	42	1	54.059701492537314	105.71641791044777
1370	43	1	141.55223880597023	121.58208955223883
1370	44	1	74.8069306930693	28.024752475247524
1370	45	1	197.945	132.0250000000001
1370	46	1	165.26368159203966	79.8706467661692
1370	47	1	62.05500000000001	52.495000000000005
1370	48	1	64.45226130653265	113.56783919597996
1370	49	1	174.84079601990055	56.95024875621891
1370	50	1	121.12500000000001	191.16000000000005
1370	51	1	170.26368159203966	138.6616915422886
1370	52	1	181.30499999999995	45.47999999999999
1370	53	1	157.97014925373136	195.26368159203975
1370	54	1	61.683168316831676	26.69306930693069
1370	55	1	98.37313432835818	31.487562189054724
1370	56	1	80.93034825870649	38.19402985074627
1370	57	1	35.699999999999996	179.3350000000001
1370	58	1	58.64179104477614	9.741293532338304
1370	59	1	72.62686567164182	103.37810945273637
1370	60	1	151.40499999999997	23.59999999999999
1370	61	1	64.26865671641794	197.89054726368158
1370	62	1	23.27363184079602	128.68656716417902
1370	63	1	180.69999999999993	141.99500000000015
1370	64	1	17.18811881188119	172.60891089108904
1370	65	1	47.17412935323384	81.19900497512438
1370	66	1	182.29145728643226	107.1608040201005
1370	67	1	126.65000000000006	141.95000000000007
1370	68	1	155.4328358208956	112.15920398009946
1370	69	1	55.12060301507538	135.42713567839183
1370	70	1	17.308457711442784	152.2985074626866
1370	71	1	178.27860696517416	8.014925373134327
1370	72	1	75.65	68.0099999999999
1370	73	1	22.447761194029837	162.18905472636817
1370	74	1	38.7	137.74000000000012
1370	75	1	105.41293532338312	135.5621890547263
1370	76	1	6.608910891089111	144.77722772277235
1370	77	1	133.8449999999999	128.48499999999999
1370	78	1	88.38999999999999	22.979999999999997
1370	79	1	109.24623115577891	109.65326633165827
1370	80	1	62.72499999999997	67.88000000000001
1370	81	1	61.63819095477386	78.76884422110554
1370	82	1	194.30693069306932	147.6237623762376
1370	83	1	170.8407960199005	118.03980099502483
1370	84	1	47.68159203980098	92.18905472636823
1370	85	1	74.14499999999992	6.855000000000002
1370	86	1	34.21890547263683	188.99004975124382
1370	87	1	131.9999999999999	113.81094527363183
1370	88	1	122.00499999999998	149.28500000000003
1370	89	1	40.955223880597	157.23383084577102
1380	1	2	9.858585858585856	9.616161616161614
1380	2	2	9.950000000000008	100.29000000000005
1380	3	2	10.120000000000005	190.11999999999992
1380	4	2	99.88000000000001	9.879999999999995
1380	5	2	100.12	99.88
1380	6	2	100.00000000000003	190.50000000000006
1380	7	2	189.87999999999997	9.879999999999995
1380	8	2	190.49999999999997	100
1380	9	2	189.61616161616163	190.14141414141412
1380	10	1	165.0000000000001	10.217821782178222
1380	11	1	7.13	125.19999999999999
1380	12	1	43.776119402985074	125.70149253731341
1380	13	1	178.0845771144279	79.75124378109452
1380	14	1	63.65671641791046	91.19402985074629
1380	15	1	35.69000000000002	167.59499999999997
1380	16	1	45.96999999999999	66.15000000000003
1380	17	1	18.429999999999993	39.875
1380	18	1	56.675	19.075000000000003
1380	19	1	48.472636815920396	117.43781094527364
1380	20	1	96.02985074626868	133.8059701492537
1380	21	1	156.8557213930348	122.29353233830847
1380	22	1	36.31999999999999	147.19500000000002
1380	23	1	175.79500000000007	33.864999999999995
1380	24	1	190.01	122.61499999999997
1380	25	1	161.20297029702974	45.044554455445564
1380	26	1	160.65671641791045	89.12437810945276
1380	27	1	158.26000000000005	30.424999999999997
1380	28	1	157.57000000000002	180.98000000000008
1380	29	1	129.0298507462686	133.9253731343283
1380	30	1	170.9154228855722	96.75621890547264
1380	31	1	170.3532338308458	24.422885572139318
1380	32	1	110.26500000000004	118.85500000000002
1380	33	1	58.169154228855746	144.14427860696512
1380	34	1	151.39000000000004	12.045000000000002
1380	35	1	179.50990099009894	121.14851485148512
1380	36	1	51.258706467661696	57.383084577114445
1380	37	1	186.1293532338308	153.24378109452744
1380	38	1	159.44999999999993	133.49500000000012
1380	39	1	10.492537313432836	27.41791044776119
1380	40	1	22.26865671641789	116.47263681592044
1380	41	1	19.55223880597015	138.5970149253731
1380	42	1	54.11881188118812	104.24257425742576
1380	43	1	141.0049751243782	120.47761194029847
1380	44	1	74.16999999999997	26.77499999999999
1380	45	1	196.76732673267327	131.6138613861387
1380	46	1	166.26368159203975	78.6318407960199
1380	47	1	63.454999999999984	52.305
1380	48	1	65.19402985074625	112.24875621890544
1380	49	1	175.23500000000007	56.65999999999998
1380	50	1	121.39999999999995	191.01999999999992
1380	51	1	169.3	137.8199999999999
1380	52	1	179.97499999999982	44.410000000000004
1380	53	1	157.71499999999995	194.57999999999996
1380	54	1	60.46268656716417	26.66666666666666
1380	55	1	97.07000000000002	31.74
1380	56	1	80.29850746268656	38.42786069651742
1380	57	1	35.450000000000024	178.23500000000004
1380	58	1	57.663366336633665	9.450495049504953
1380	59	1	72.57499999999997	102.38499999999992
1380	60	1	149.79601990049747	24.497512437810954
1380	61	1	63.07000000000001	197.845
1380	62	1	22.889999999999997	128.3
1380	63	1	179.48241206030147	141.71356783919595
1380	64	1	16.59	170.98500000000007
1380	65	1	45.487437185929686	79.64824120603012
1380	66	1	181.4120603015075	106.12060301507532
1380	67	1	126.85999999999997	141.30999999999986
1380	68	1	155.11999999999992	111.54000000000006
1380	69	1	55.20603015075377	134.8492462311559
1380	70	1	17.610000000000003	151.08000000000004
1380	71	1	176.98994974874358	8.14572864321608
1380	72	1	75.88499999999998	68.75000000000001
1380	73	1	22.07960199004975	161.00995024875624
1380	74	1	38.51980198019803	136.3861386138613
1380	75	1	106.65174129353242	134.3681592039801
1380	76	1	5.683168316831683	144.1386138613862
1380	77	1	133.86000000000004	127.83999999999999
1380	78	1	86.85500000000002	22.414999999999992
1380	79	1	110.407960199005	109.22388059701491
1380	80	1	63.21608040201004	67.50251256281408
1380	81	1	61.150753768844226	78.19095477386934
1380	82	1	193.6417910447761	148.03980099502482
1380	83	1	170.20792079207936	116.70297029702975
1380	84	1	47.059701492537314	90.53233830845775
1380	85	1	73.44723618090455	6.055276381909544
1380	86	1	34.58500000000002	187.51499999999996
1380	87	1	131.08040201005022	113.4572864321608
1380	88	1	122.55499999999999	148.39000000000004
1380	89	1	40.82587064676616	156.34825870646762
1390	1	2	9.858585858585856	9.616161616161614
1390	2	2	9.950000000000008	100.29000000000005
1390	3	2	10.120000000000005	190.11999999999992
1390	4	2	99.88000000000001	9.879999999999995
1390	5	2	100.12	99.88
1390	6	2	100.00000000000003	190.50000000000006
1390	7	2	189.87999999999997	9.879999999999995
1390	8	2	190.49999999999997	100
1390	9	2	189.61616161616163	190.14141414141412
1390	10	1	162.93034825870635	9.213930348258714
1390	11	1	6.437185929648243	126.12562814070351
1390	12	1	43.4009900990099	124.87128712871284
1390	13	1	178.73134328358216	79.79601990049751
1390	14	1	65.03999999999999	89.96
1390	15	1	34.83582089552239	166.7114427860696
1390	16	1	45.87000000000002	65.11500000000007
1390	17	1	16.425	38.734999999999985
1390	18	1	56.05025125628143	18.89447236180905
1390	19	1	49.519999999999996	116.87999999999994
1390	20	1	96.51499999999999	133.63999999999993
1390	21	1	155.5422885572139	122.83084577114425
1390	22	1	36.089552238805986	146.0696517412935
1390	23	1	174.38308457711454	33.567164179104495
1390	24	1	189.30845771144268	122.00497512437806
1390	25	1	159.915	45.180000000000014
1390	26	1	160.8811881188117	87.4554455445545
1390	27	1	157.89500000000007	30.664999999999996
1390	28	1	157.37128712871285	179.92574257425733
1390	29	1	129.42499999999995	133.45499999999998
1390	30	1	169.24875621890547	96.35323383084582
1390	31	1	169.73134328358208	22.59701492537313
1390	32	1	108.43283582089553	117.72636815920401
1390	33	1	58.52999999999997	143.3749999999999
1390	34	1	151.34499999999997	10.065000000000001
1390	35	1	178.74129353233826	120.31343283582092
1390	36	1	52.2089552238806	56.45273631840797
1390	37	1	185.05970149253733	152.5920398009951
1390	38	1	159.28855721393026	132.31840796019898
1390	39	1	9.343283582089551	26.149253731343283
1390	40	1	25.06500000000001	116.31
1390	41	1	18.696517412935314	137.9800995024875
1390	42	1	54.457711442786064	102.3681592039801
1390	43	1	141.17587939698487	119.61809045226128
1390	44	1	73.78109452736318	24.781094527363184
1390	45	1	195.7788944723618	130.4170854271357
1390	46	1	166.90999999999997	77.48500000000003
1390	47	1	65.00995024875618	52.10447761194033
1390	48	1	65.3084577114428	111.08955223880591
1390	49	1	175.35148514851474	56.24257425742575
1390	50	1	121.28499999999998	190.79000000000008
1390	51	1	168.45273631840791	136.8955223880598
1390	52	1	178.9900497512438	43.52736318407959
1390	53	1	157.18407960199	193.01492537313436
1390	54	1	59.96019900497514	26.333333333333343
1390	55	1	96.32500000000002	31.819999999999993
1390	56	1	78.915	38.94499999999999
1390	57	1	35.065000000000005	177.32500000000002
1390	58	1	56.214999999999996	9.574999999999998
1390	59	1	72.26999999999998	101.735
1390	60	1	148.41999999999993	24.61
1390	61	1	62.45273631840797	197.80099502487562
1390	62	1	21.855000000000008	127.49500000000005
1390	63	1	178.77999999999997	141.25499999999994
1390	64	1	15.940594059405942	169.5099009900991
1390	65	1	44.925373134328375	77.83084577114428
1390	66	1	180.81999999999988	104.77000000000004
1390	67	1	126.86432160804017	140.7437185929647
1390	68	1	154.42786069651746	110.80597014925371
1390	69	1	55.17821782178218	134.20297029702965
1390	70	1	17.338308457711445	150.09452736318408
1390	71	1	175.4776119402985	7.721393034825871
1390	72	1	76.24875621890546	69.32835820895518
1390	73	1	21.674999999999997	159.64999999999998
1390	74	1	38.42574257425743	135.1633663366336
1390	75	1	108.00000000000003	132.94499999999996
1390	76	1	4.470000000000002	143.82499999999993
1390	77	1	133.93467336683423	127.13065326633165
1390	78	1	86.0199004975124	22.597014925373134
1390	79	1	111.8358208955224	108.52736318407956
1390	80	1	64.1194029850746	66.46268656716423
1390	81	1	60.39	77.52499999999996
1390	82	1	192.8308457711442	148.1293532338307
1390	83	1	169.79310344827584	115.21182266009852
1390	84	1	46.80198019801978	89.17326732673271
1390	85	1	72.70351758793974	5.452261306532666
1390	86	1	35.19900497512439	186.5970149253731
1390	87	1	130.08500000000006	113.43499999999997
1390	88	1	123.42500000000004	147.92999999999998
1390	89	1	40.74371859296479	155.36683417085425
1400	1	2	9.858585858585856	9.616161616161614
1400	2	2	9.950000000000008	100.29000000000005
1400	3	2	10.120000000000005	190.11999999999992
1400	4	2	99.88000000000001	9.879999999999995
1400	5	2	100.12	99.88
1400	6	2	100.00000000000003	190.50000000000006
1400	7	2	189.87999999999997	9.879999999999995
1400	8	2	190.49999999999997	100
1400	9	2	189.61616161616163	190.14141414141412
1400	10	1	161.82914572864323	8.361809045226128
1400	11	1	5.065326633165829	127.50251256281412
1400	12	1	43.20398009950249	123.7960199004975
1400	13	1	179.11000000000013	79.91999999999999
1400	14	1	66.06435643564356	88.50495049504947
1400	15	1	34.910447761194035	165.62189054726358
1400	16	1	46.05970149253732	64.43781094527358
1400	17	1	15.265000000000002	37.71500000000001
1400	18	1	56.140000000000015	18.379999999999992
1400	19	1	50.82412060301508	116.20100502512564
1400	20	1	96.92039800995025	133.95522388059686
1400	21	1	154.96984924623118	122.73366834170857
1400	22	1	35.40298507462686	144.4278606965174
1400	23	1	173.040201005025	33.14572864321609
1400	24	1	188.48756218905478	121.32835820895525
1400	25	1	158.79601990049758	44.94029850746268
1400	26	1	160.81094527363177	85.58208955223878
1400	27	1	157.11500000000004	31.105
1400	28	1	156.6449999999999	179.60999999999999
1400	29	1	129.58999999999995	133.02499999999992
1400	30	1	168.06965174129348	95.29850746268662
1400	31	1	168.72772277227725	21.13366336633664
1400	32	1	106.75247524752473	116.75742574257427
1400	33	1	58.374999999999964	142.69500000000014
1400	34	1	150.79999999999993	9.170000000000002
1400	35	1	178.23000000000005	119.145
1400	36	1	52.96999999999999	55.32000000000001
1400	37	1	184.07999999999996	151.77999999999994
1400	38	1	159.325	131.1949999999999
1400	39	1	8.676616915422885	25.009950248756223
1400	40	1	26.77499999999999	116.45999999999997
1400	41	1	17.268656716417915	137.318407960199
1400	42	1	54.83000000000002	100.36500000000001
1400	43	1	141.2487562189054	118.45273631840791
1400	44	1	72.87562189054731	23.452736318407943
1400	45	1	194.86069651741295	129.72636815920387
1400	46	1	167.70646766169145	76.47263681592042
1400	47	1	65.20100502512562	51.46733668341708
1400	48	1	65.40500000000004	110.16999999999997
1400	49	1	175.17412935323384	55.78606965174128
1400	50	1	121.05500000000002	190.30499999999998
1400	51	1	167.65671641791042	136.1890547263682
1400	52	1	178.13432835820893	42.601990049751244
1400	53	1	157.37810945273623	192.23383084577117
1400	54	1	58.98019801980196	26.381188118811885
1400	55	1	95.73999999999994	31.660000000000004
1400	56	1	77.53999999999999	38.86500000000005
1400	57	1	34.085	176.45499999999996
1400	58	1	54.11500000000001	9.9
1400	59	1	71.58706467661692	101.22388059701497
1400	60	1	147.45273631840797	24.42288557213931
1400	61	1	61.74499999999999	197.53
1400	62	1	21.33	126.67500000000003
1400	63	1	178.02499999999998	140.61499999999995
1400	64	1	16.05970149253731	168.45771144278595
1400	65	1	44.435	76.43499999999997
1400	66	1	179.73631840796014	103.68656716417914
1400	67	1	126.80904522613065	140.20603015075372
1400	68	1	153.84	110.26500000000003
1400	69	1	55.310000000000024	133.55999999999992
1400	70	1	17.584158415841593	149.13861386138612
1400	71	1	173.94500000000002	7.7700000000000005
1400	72	1	76.32499999999992	70.41000000000001
1400	73	1	21.4228855721393	158.56716417910442
1400	74	1	38.32835820895526	133.87562189054725
1400	75	1	108.94029850746274	131.26865671641792
1400	76	1	3.430000000000001	143.89000000000007
1400	77	1	134.45049504950498	126.54455445544552
1400	78	1	84.52238805970148	22.905472636815926
1400	79	1	113.305	107.99000000000002
1400	80	1	64.79396984924624	65.50753768844224
1400	81	1	60.155	76.42999999999998
1400	82	1	192.14	148.7699999999999
1400	83	1	169.11822660098514	113.9162561576355
1400	84	1	46.76119402985075	88.36318407960196
1400	85	1	71.77722772277228	4.777227722772274
1400	86	1	35.90547263681592	185.72139303482592
1400	87	1	128.315	113.50500000000001
1400	88	1	123.85999999999997	147.41000000000005
1400	89	1	40.714999999999996	153.79500000000002
1410	1	2	9.858585858585856	9.616161616161614
1410	2	2	9.950000000000008	100.29000000000005
1410	3	2	10.120000000000005	190.11999999999992
1410	4	2	99.88000000000001	9.879999999999995
1410	5	2	100.12	99.88
1410	6	2	100.00000000000003	190.50000000000006
1410	7	2	189.87999999999997	9.879999999999995
1410	8	2	190.49999999999997	100
1410	9	2	189.61616161616163	190.14141414141412
1410	10	1	161.03499999999983	8.054999999999998
1410	11	1	3.889447236180903	128.34170854271338
1410	12	1	43.04950495049505	122.80693069306928
1410	13	1	179.5577889447236	80.55778894472363
1410	14	1	66.1980198019802	87.22772277227718
1410	15	1	34.24499999999998	164.495
1410	16	1	45.79500000000001	63.440000000000026
1410	17	1	14.370000000000005	36.54500000000003
1410	18	1	55.315000000000005	17.99
1410	19	1	52.039999999999985	115.48000000000003
1410	20	1	97.66500000000003	134.67000000000013
1410	21	1	153.87000000000015	123.29000000000006
1410	22	1	35.06965174129352	142.9104477611941
1410	23	1	172.13499999999993	32.69500000000003
1410	24	1	187.4650000000001	121.12499999999997
1410	25	1	158.4750000000001	44.77499999999999
1410	26	1	160.9601990049751	83.89054726368161
1410	27	1	156.53768844221108	30.844221105527645
1410	28	1	156.3000000000001	179.0649999999999
1410	29	1	130.13000000000005	132.565
1410	30	1	167.50248756218897	93.7363184079602
1410	31	1	167.83500000000015	20.759999999999998
1410	32	1	105.27860696517415	115.93034825870643
1410	33	1	58.23618090452261	141.9396984924623
1410	34	1	150.82999999999996	7.760000000000005
1410	35	1	177.70500000000004	117.965
1410	36	1	53.50248756218905	53.8457711442786
1410	37	1	182.9353233830846	150.58706467661696
1410	38	1	160.02487562189052	129.7810945273632
1410	39	1	7.6049999999999995	24.029999999999994
1410	40	1	29.164179104477626	116.21393034825867
1410	41	1	16.341708542713576	136.4723618090452
1410	42	1	54.67500000000001	98.78000000000002
1410	43	1	141.68999999999997	117.44499999999996
1410	44	1	72.18905472636816	22.323383084577117
1410	45	1	193.835	129.48500000000007
1410	46	1	168.11442786069642	74.53731343283576
1410	47	1	65.89054726368155	51.35820895522389
1410	48	1	64.80904522613068	108.85427135678395
1410	49	1	175.13499999999996	55.39000000000003
1410	50	1	121.085	189.73000000000002
1410	51	1	166.91999999999996	135.68499999999992
1410	52	1	177.63499999999993	41.89999999999999
1410	53	1	157.3880597014925	191.3880597014926
1410	54	1	58.53233830845772	25.83582089552238
1410	55	1	94.59203980099494	31.7014925373134
1410	56	1	75.82089552238811	38.02985074626865
1410	57	1	34.26865671641791	174.85074626865676
1410	58	1	52.437810945273654	9.721393034825878
1410	59	1	71.25628140703523	100.44221105527635
1410	60	1	146.67164179104483	23.955223880597003
1410	61	1	60.37	196.88
1410	62	1	20.43	125.23
1410	63	1	177.07960199004975	139.72636815920401
1410	64	1	15.34328358208956	167.34825870646773
1410	65	1	43.72999999999999	74.92
1410	66	1	178.93000000000006	102.60000000000004
1410	67	1	126.45959595959597	139.5555555555556
1410	68	1	153.29648241206024	109.40201005025123
1410	69	1	55.24000000000002	132.775
1410	70	1	17.368159203980102	147.9850746268657
1410	71	1	172.89054726368167	7.731343283582087
1410	72	1	76.295	71.05499999999996
1410	73	1	21.86069651741293	157.27363184079613
1410	74	1	37.49751243781097	132.7014925373134
1410	75	1	109.48514851485147	129.2227722772278
1410	76	1	2.572139303482586	143.95024875621883
1410	77	1	134.440594059406	125.46039603960388
1410	78	1	83.65174129353235	22.80099502487563
1410	79	1	115.125	107.47499999999998
1410	80	1	65.16000000000003	64.77499999999998
1410	81	1	59.18592964824121	75.16582914572865
1410	82	1	191.59000000000003	149.4249999999999
1410	83	1	168.32835820895528	112.29850746268659
1410	84	1	47.15999999999999	87.36999999999999
1410	85	1	70.53233830845778	4.5472636815920415
1410	86	1	35.74129353233831	184.6965174129353
1410	87	1	127.48500000000004	113.31
1410	88	1	124.64999999999996	146.96499999999997
1410	89	1	40.894999999999996	152.19499999999996
1420	1	2	9.858585858585856	9.616161616161614
1420	2	2	9.950000000000008	100.29000000000005
1420	3	2	10.120000000000005	190.11999999999992
1420	4	2	99.88000000000001	9.879999999999995
1420	5	2	100.12	99.88
1420	6	2	100.00000000000003	190.50000000000006
1420	7	2	189.87999999999997	9.879999999999995
1420	8	2	190.49999999999997	100
1420	9	2	189.61616161616163	190.14141414141412
1420	10	1	160.38613861386136	7.673267326732669
1420	11	1	2.738693467336683	128.67336683417088
1420	12	1	43.288557213930346	121.6965174129353
1420	13	1	179.87437185929645	80.21105527638196
1420	14	1	65.73500000000003	85.78500000000004
1420	15	1	33.42786069651743	163.45273631840794
1420	16	1	45.89499999999998	62.23000000000001
1420	17	1	12.954999999999998	34.49999999999996
1420	18	1	54.11000000000001	18.14000000000001
1420	19	1	53.40298507462687	114.61194029850746
1420	20	1	98.18999999999998	134.79500000000002
1420	21	1	153.3034825870646	122.8308457711443
1420	22	1	34.739999999999995	141.72499999999997
1420	23	1	171.50248756218906	32.20398009950247
1420	24	1	186.02985074626852	120.3681592039801
1420	25	1	158.37499999999991	44.60000000000001
1420	26	1	161.4378109452736	82.00497512437812
1420	27	1	155.72361809045233	30.633165829145746
1420	28	1	155.86567164179098	178.6268656716417
1420	29	1	130.72139303482587	131.93532338308466
1420	30	1	166.91542288557213	92.59701492537312
1420	31	1	166.4099999999999	20.234999999999992
1420	32	1	103.97512437810941	115.40298507462681
1420	33	1	57.87000000000005	141.52499999999995
1420	34	1	150.22999999999993	6.559999999999997
1420	35	1	176.59203980099497	116.47263681592035
1420	36	1	53.839999999999996	52.225
1420	37	1	182.3283582089552	149.56218905472628
1420	38	1	160.2099999999999	128.5
1420	39	1	6.825870646766171	23.631840796019908
1420	40	1	31.000000000000004	115.72636815920399
1420	41	1	15.592039800995021	135.35323383084568
1420	42	1	54.45273631840797	96.81592039800996
1420	43	1	141.6099999999999	116.55499999999999
1420	44	1	71.69651741293526	20.910447761194032
1420	45	1	193.1356783919598	128.58291457286438
1420	46	1	168.3950000000001	73.45999999999995
1420	47	1	66.39303482587067	50.95522388059698
1420	48	1	64.2487562189055	108.08457711442789
1420	49	1	174.8258706467662	54.651741293532304
1420	50	1	120.86934673366837	188.95979899497482
1420	51	1	165.99504950495052	135.04455445544554
1420	52	1	177.25125628140697	40.52261306532665
1420	53	1	157.1306532663316	190.78391959799
1420	54	1	58.13636363636362	25.43939393939394
1420	55	1	93.32999999999993	31.33
1420	56	1	74.09405940594061	36.91089108910889
1420	57	1	34.07999999999999	173.425
1420	58	1	51.169999999999966	9.635000000000005
1420	59	1	70.42499999999998	99.28
1420	60	1	146.00497512437826	22.910447761194035
1420	61	1	59.28	196.53
1420	62	1	19.46	123.70999999999997
1420	63	1	176.625	138.45
1420	64	1	14.298507462686564	166.19402985074632
1420	65	1	42.643216080402	73.60301507537689
1420	66	1	178.03000000000003	101.11999999999996
1420	67	1	125.8706467661691	138.86069651741295
1420	68	1	152.3532338308457	108.02985074626868
1420	69	1	54.11940298507459	132.12437810945266
1420	70	1	17.457286432160803	146.7286432160804
1420	71	1	172.31343283582086	7.537313432835821
1420	72	1	75.76499999999999	72.06999999999996
1420	73	1	21.715	155.9300000000001
1420	74	1	36.58910891089112	131.7673267326733
1420	75	1	109.55223880597006	127.76119402985078
1420	76	1	1.7349999999999992	144.09000000000012
1420	77	1	134.48756218905461	124.51243781094526
1420	78	1	82.71000000000004	22.335
1420	79	1	116.12500000000001	106.27999999999997
1420	80	1	65.56281407035176	63.718592964824126
1420	81	1	58.217821782178206	73.5049504950495
1420	82	1	191.2361809045226	149.4321608040201
1420	83	1	167.0099502487563	110.55223880597019
1420	84	1	47.178217821782205	86.09405940594054
1420	85	1	69.24378109452734	4.238805970149255
1420	86	1	35.706467661691555	183.71641791044775
1420	87	1	125.96517412935326	113.36318407960194
1420	88	1	125.36999999999999	146.765
1420	89	1	40.83500000000003	151.04499999999996
1430	1	2	9.858585858585856	9.616161616161614
1430	2	2	9.950000000000008	100.29000000000005
1430	3	2	10.120000000000005	190.11999999999992
1430	4	2	99.88000000000001	9.879999999999995
1430	5	2	100.12	99.88
1430	6	2	100.00000000000003	190.50000000000006
1430	7	2	189.87999999999997	9.879999999999995
1430	8	2	190.49999999999997	100
1430	9	2	189.61616161616163	190.14141414141412
1430	10	1	159.92499999999993	6.730000000000002
1430	11	1	2.029850746268657	129.01492537313428
1430	12	1	43.489999999999995	120.76500000000001
1430	13	1	180.19597989949762	80.01005025125626
1430	14	1	65.08457711442783	84.25870646766172
1430	15	1	32.46	162.64499999999998
1430	16	1	46.1005025125628	60.69346733668339
1430	17	1	12.004975124378108	32.70646766169152
1430	18	1	53.74626865671644	17.85572139303482
1430	19	1	54.39303482587064	113.33830845771146
1430	20	1	99.08500000000005	134.53000000000006
1430	21	1	152.63184079601987	122.55721393034824
1430	22	1	34.85	140.79500000000002
1430	23	1	170.865	31.229999999999986
1430	24	1	184.77114427860695	119.92537313432837
1430	25	1	158.33499999999992	44.62999999999998
1430	26	1	161.29	80.89000000000006
1430	27	1	154.7970297029704	30.792079207920793
1430	28	1	154.92039800995028	178.2736318407959
1430	29	1	131.52	131.44500000000005
1430	30	1	166.46	91.445
1430	31	1	164.6089108910891	20.123762376237636
1430	32	1	103.64676616915426	114.94029850746271
1430	33	1	57.5621890547264	140.8109452736318
1430	34	1	150.30150753768842	4.72361809045226
1430	35	1	176.00000000000003	114.81094527363184
1430	36	1	53.89552238805969	50.94527363184078
1430	37	1	180.72000000000006	148.00999999999993
1430	38	1	160.62499999999994	127.56999999999996
1430	39	1	5.829999999999997	23.63499999999999
1430	40	1	31.82089552238806	115.77611940298509
1430	41	1	15.074626865671648	134.58208955223873
1430	42	1	54.616915422885576	95.04975124378109
1430	43	1	141.75500000000008	115.28000000000004
1430	44	1	71.1641791044776	19.626865671641795
1430	45	1	192.7638190954774	128.01005025125625
1430	46	1	168.59499999999989	72.405
1430	47	1	66.60804020100504	50.01507537688442
1430	48	1	64.13567839195979	107.26633165829149
1430	49	1	174.79601990049758	53.51243781094529
1430	50	1	120.89000000000003	188.54000000000008
1430	51	1	164.95979899497485	135.0251256281407
1430	52	1	177.31499999999994	38.999999999999986
1430	53	1	156.36999999999986	189.83499999999995
1430	54	1	58.37499999999999	24.58500000000003
1430	55	1	92.20895522388055	31.119402985074636
1430	56	1	72.01492537313428	36.651741293532346
1430	57	1	34.14499999999999	171.88499999999996
1430	58	1	50.72139303482587	9.452736318407968
1430	59	1	69.45226130653272	98.3316582914573
1430	60	1	145.45544554455446	20.861386138613874
1430	61	1	58.17999999999997	195.49
1430	62	1	18.258706467661696	122.452736318408
1430	63	1	176.55445544554456	136.86138613861382
1430	64	1	14.309999999999997	165.20500000000018
1430	65	1	41.91999999999997	72.59499999999998
1430	66	1	176.77000000000004	99.44500000000002
1430	67	1	125.16080402010049	138.0804020100503
1430	68	1	151.98507462686555	106.53233830845772
1430	69	1	53.55445544554456	130.7376237623762
1430	70	1	17.855	145.55499999999998
1430	71	1	171.80000000000004	7.605000000000004
1430	72	1	75.13999999999994	72.615
1430	73	1	21.04500000000001	154.70500000000004
1430	74	1	35.7029702970297	131.0891089108912
1430	75	1	109.425	126.83499999999992
1430	76	1	0.9149999999999991	145.04000000000002
1430	77	1	134.16831683168317	123.33663366336636
1430	78	1	81.52499999999999	22.47
1430	79	1	117.17999999999998	105.13500000000002
1430	80	1	65.99504950495053	62.90594059405943
1430	81	1	57.17412935323382	71.93532338308457
1430	82	1	190.57213930348254	149.4427860696518
1430	83	1	165.8080808080808	109.83838383838382
1430	84	1	47.07425742574256	85.15346534653467
1430	85	1	68.64000000000001	2.8100000000000005
1430	86	1	35.16500000000001	182.2649999999999
1430	87	1	124.96019900497514	113.35820895522387
1430	88	1	126.46500000000005	146.16999999999996
1430	89	1	40.87500000000002	150.295
1440	1	2	9.858585858585856	9.616161616161614
1440	2	2	9.950000000000008	100.29000000000005
1440	3	2	10.120000000000005	190.11999999999992
1440	4	2	99.88000000000001	9.879999999999995
1440	5	2	100.12	99.88
1440	6	2	100.00000000000003	190.50000000000006
1440	7	2	189.87999999999997	9.879999999999995
1440	8	2	190.49999999999997	100
1440	9	2	189.61616161616163	190.14141414141412
1440	10	1	159.47500000000016	5.8999999999999995
1440	11	1	0.950248756218906	129.4079601990048
1440	12	1	44.75621890547262	119.25870646766174
1440	13	1	180.59000000000003	79.74000000000001
1440	14	1	64.70149253731343	83.32835820895521
1440	15	1	32.341708542713576	161.58291457286427
1440	16	1	46.4228855721393	59.67661691542287
1440	17	1	11.129353233830848	31.75124378109453
1440	18	1	53.34825870646768	17.353233830845785
1440	19	1	55.465	112.31000000000002
1440	20	1	100.08955223880594	134.29353233830858
1440	21	1	152.10999999999999	122.33999999999996
1440	22	1	34.46268656716418	139.8059701492537
1440	23	1	169.99499999999998	30.7
1440	24	1	183.75124378109447	118.71144278606965
1440	25	1	158.22500000000002	43.95000000000002
1440	26	1	161.08999999999992	79.90999999999998
1440	27	1	153.76119402985077	30.691542288557212
1440	28	1	153.76119402985066	177.38805970149264
1440	29	1	132.52000000000004	130.89000000000007
1440	30	1	165.55276381909542	89.66331658291455
1440	31	1	163.05970149253722	19.825870646766187
1440	32	1	103.28358208955223	114.25373134328356
1440	33	1	57.55223880597014	139.95522388059698
1440	34	1	150.48756218905473	3.0348258706467655
1440	35	1	175.94029850746264	112.91542288557213
1440	36	1	53.670000000000016	49.735
1440	37	1	179.15422885572127	146.6666666666666
1440	38	1	160.92499999999998	126.73500000000008
1440	39	1	4.449999999999998	23.684999999999988
1440	40	1	32.184999999999995	115.62000000000002
1440	41	1	14.96	133.46499999999992
1440	42	1	53.52475247524749	94.10396039603965
1440	43	1	141.4577114427861	113.79601990049748
1440	44	1	70.35500000000003	19.549999999999986
1440	45	1	191.70149253731344	127.94029850746276
1440	46	1	168.60301507537687	71.3969849246231
1440	47	1	67.1442786069652	49.62189054726367
1440	48	1	64.55276381909547	106.41206030150752
1440	49	1	174.465	52.26499999999997
1440	50	1	120.95499999999997	188.015
1440	51	1	164.17500000000007	134.67500000000004
1440	52	1	177.12935323383084	37.76119402985072
1440	53	1	155.52736318407966	188.50746268656712
1440	54	1	58.33499999999998	23.71000000000002
1440	55	1	90.6281407035176	30.79899497487437
1440	56	1	69.94999999999999	36.089999999999996
1440	57	1	34.228855721393046	170.8109452736318
1440	58	1	50.44499999999998	8.480000000000002
1440	59	1	68.80099502487569	97.02985074626865
1440	60	1	144.4129353233831	19.00995024875623
1440	61	1	56.75000000000001	194.22
1440	62	1	17.915422885572145	121.92039800995028
1440	63	1	176.17499999999993	135.81499999999997
1440	64	1	14.380000000000006	164.19000000000003
1440	65	1	41.81094527363183	72.00497512437812
1440	66	1	175.19402985074635	97.55223880597012
1440	67	1	125.18905472636821	137.66169154228865
1440	68	1	152.10447761194033	105.45771144278606
1440	69	1	53.02487562189054	129.75621890547256
1440	70	1	17.32338308457712	144.44776119402994
1440	71	1	171.3099999999999	8.514999999999997
1440	72	1	74.14499999999998	73.40499999999994
1440	73	1	20.940298507462686	153.74129353233835
1440	74	1	35.825870646766155	129.8457711442785
1440	75	1	109.23880597014929	125.50746268656717
1440	76	1	0.2686567164179112	145.5920398009951
1440	77	1	134.1542288557214	122.32835820895522
1440	78	1	80.28500000000001	23.165
1440	79	1	117.92079207920791	102.65841584158414
1440	80	1	66.34673366834163	62.05527638190954
1440	81	1	56.75000000000001	70.465
1440	82	1	189.75621890547256	149.3880597014925
1440	83	1	164.87064676616916	109.47263681592042
1440	84	1	47.53731343283581	84.21890547263683
1440	85	1	67.45999999999995	2.2149999999999976
1440	86	1	35.109452736318445	181.01990049751242
1440	87	1	123.19597989949747	113.54773869346731
1440	88	1	127.34500000000003	145.85999999999993
1440	89	1	40.51999999999999	149.19499999999994
1450	1	2	9.858585858585856	9.616161616161614
1450	2	2	9.950000000000008	100.29000000000005
1450	3	2	10.120000000000005	190.11999999999992
1450	4	2	99.88000000000001	9.879999999999995
1450	5	2	100.12	99.88
1450	6	2	100.00000000000003	190.50000000000006
1450	7	2	189.87999999999997	9.879999999999995
1450	8	2	190.49999999999997	100
1450	9	2	189.61616161616163	190.14141414141412
1450	10	1	158.85074626865665	5.213930348258705
1450	11	1	199.8407960199005	129.820895522388
1450	12	1	44.97999999999999	118.08500000000004
1450	13	1	180.90547263681594	79.5771144278607
1450	14	1	63.48258706467661	81.48756218905477
1450	15	1	32.119402985074615	160.5671641791044
1450	16	1	46.21105527638191	57.34170854271356
1450	17	1	10.2964824120603	31.2613065326633
1450	18	1	53.12999999999997	16.804999999999996
1450	19	1	55.475000000000044	111.20499999999996
1450	20	1	101.64999999999996	133.94500000000002
1450	21	1	151.62121212121207	122.3383838383838
1450	22	1	33.86069651741295	138.94029850746273
1450	23	1	169.3663366336633	30.470297029702973
1450	24	1	182.6039603960396	117.9752475247525
1450	25	1	158.27363184079607	43.12935323383081
1450	26	1	161.17587939698498	79.05527638190954
1450	27	1	152.72499999999994	29.985000000000007
1450	28	1	152.47999999999996	176.83000000000013
1450	29	1	133.4825870646767	130.26368159203986
1450	30	1	164.01005025125633	88.86934673366831
1450	31	1	161.81094527363194	19.90547263681591
1450	32	1	103.19500000000001	113.55499999999992
1450	33	1	57.383084577114424	138.1641791044776
1450	34	1	150.46766169154233	0.4129353233830838
1450	35	1	175.75000000000003	110.68000000000002
1450	36	1	54.29500000000001	48.12999999999999
1450	37	1	177.98999999999995	145.90500000000006
1450	38	1	161.8149999999999	125.44999999999993
1450	39	1	2.8960396039603964	23.841584158415845
1450	40	1	32.389999999999986	115.14999999999996
1450	41	1	14.900497512437818	132.22885572139302
1450	42	1	52.970149253731336	92.74129353233826
1450	43	1	140.90999999999988	112.19000000000001
1450	44	1	69.52736318407956	18.935323383084565
1450	45	1	190.69801980198028	127.18811881188114
1450	46	1	168.76499999999993	70.45999999999998
1450	47	1	67.78499999999997	48.38999999999997
1450	48	1	64.42999999999999	105.52000000000004
1450	49	1	174.37999999999985	50.555000000000014
1450	50	1	120.87500000000001	186.75499999999997
1450	51	1	163.90049751243788	134.01990049751254
1450	52	1	177.49009900990103	36.09405940594059
1450	53	1	155.24499999999986	187.09500000000006
1450	54	1	58.05472636815919	23.064676616915413
1450	55	1	89.71144278606963	30.054726368159205
1450	56	1	67.94974874371854	34.80402010050252
1450	57	1	34.25	169.6499999999999
1450	58	1	50.524999999999984	7.495000000000002
1450	59	1	68.07999999999998	95.90500000000002
1450	60	1	143.79702970297035	17.128712871287114
1450	61	1	55.676616915422876	193.23880597014926
1450	62	1	17.014999999999997	121.565
1450	63	1	175.47999999999993	135.1649999999999
1450	64	1	14.409999999999995	163.15999999999997
1450	65	1	41.54773869346731	70.46231155778891
1450	66	1	174.245	95.96
1450	67	1	125.20603015075372	137.39195979899503
1450	68	1	151.79207920792075	104.70792079207921
1450	69	1	52.255	128.385
1450	70	1	16.683417085427134	143.3768844221106
1450	71	1	170.6699999999999	8.930000000000003
1450	72	1	73.24875621890548	73.89552238805966
1450	73	1	20.75621890547264	152.40796019900492
1450	74	1	35.86999999999999	128.97000000000003
1450	75	1	109.19402985074635	125.06467661691542
1450	76	1	198.93	145.8749999999999
1450	77	1	134.02000000000004	121.11499999999995
1450	78	1	79.14000000000006	23.81999999999999
1450	79	1	119.40796019900496	101.30845771144284
1450	80	1	66.86633663366337	60.94059405940591
1450	81	1	55.97014925373134	68.18407960199002
1450	82	1	188.43781094527367	149.28855721393026
1450	83	1	163.9601990049751	108.50746268656715
1450	84	1	47.6915422885572	82.73631840796021
1450	85	1	66.83500000000002	0.4700000000000008
1450	86	1	34.71782178217819	179.3069306930693
1450	87	1	121.88999999999994	113.515
1450	88	1	128.19500000000002	145.58999999999997
1450	89	1	40.55223880597018	148.26865671641798
1460	1	2	9.858585858585856	9.616161616161614
1460	2	2	9.950000000000008	100.29000000000005
1460	3	2	10.120000000000005	190.11999999999992
1460	4	2	99.88000000000001	9.879999999999995
1460	5	2	100.12	99.88
1460	6	2	100.00000000000003	190.50000000000006
1460	7	2	189.87999999999997	9.879999999999995
1460	8	2	190.49999999999997	100
1460	9	2	189.61616161616163	190.14141414141412
1460	10	1	158.48258706467655	4.343283582089558
1460	11	1	198.67	129.54499999999996
1460	12	1	45.56218905472636	116.92039800995026
1460	13	1	181.35999999999987	80.03999999999998
1460	14	1	62.61000000000001	79.685
1460	15	1	31.875000000000004	159.4049999999999
1460	16	1	46.419999999999966	55.51499999999998
1460	17	1	9.61	30.345
1460	18	1	53.08457711442785	16.064676616915424
1460	19	1	56.10000000000002	110.39000000000004
1460	20	1	102.592039800995	134.134328358209
1460	21	1	151.2999999999999	121.46499999999999
1460	22	1	32.792079207920786	137.88118811881202
1460	23	1	168.67000000000007	30.239999999999977
1460	24	1	181.78500000000005	117.04000000000003
1460	25	1	158.37999999999985	41.80999999999999
1460	26	1	161.23499999999999	78.075
1460	27	1	151.64000000000004	28.790000000000006
1460	28	1	150.60199004975118	176.72636815920404
1460	29	1	135.30150753768856	129.64321608040208
1460	30	1	162.855	88.10500000000002
1460	31	1	160.79999999999995	18.990000000000006
1460	32	1	102.6318407960199	113.24378109452736
1460	33	1	57.355000000000025	136.90000000000015
1460	34	1	150.4676616915423	198.77114427860695
1460	35	1	175.31840796019895	108.910447761194
1460	36	1	53.701492537313406	46.751243781094495
1460	37	1	176.78109452736314	145.27363184079618
1460	38	1	161.76616915422886	124.60696517412941
1460	39	1	0.23880597014925273	24.164179104477626
1460	40	1	32.54499999999999	114.61500000000001
1460	41	1	14.015	131.56999999999996
1460	42	1	52.437810945273625	91.33333333333336
1460	43	1	140.38000000000002	110.82499999999997
1460	44	1	69.16499999999999	18.030000000000005
1460	45	1	189.87562189054734	126.99004975124382
1460	46	1	169.04499999999996	69.71500000000003
1460	47	1	68.10447761194034	47.81094527363186
1460	48	1	64.28	104.32000000000001
1460	49	1	174.37500000000014	48.79000000000003
1460	50	1	120.65326633165827	186.2060301507538
1460	51	1	164.04950495049508	132.96534653465343
1460	52	1	177.32499999999996	33.91000000000002
1460	53	1	155.63000000000005	185.8000000000001
1460	54	1	57.93532338308453	22.527363184079608
1460	55	1	88.81094527363187	29.064676616915424
1460	56	1	66.1890547263682	34.402985074626905
1460	57	1	34.371287128712886	168.50495049504957
1460	58	1	50.76499999999997	6.42
1460	59	1	67.295	94.63499999999995
1460	60	1	143.22	16.12
1460	61	1	54.649999999999984	192.57
1460	62	1	16.339999999999996	121.52500000000006
1460	63	1	175.18226600985216	134.29556650246306
1460	64	1	14.21	162.06999999999996
1460	65	1	41.29500000000001	68.835
1460	66	1	174.25870646766168	94.29850746268659
1460	67	1	125.18000000000004	136.59999999999997
1460	68	1	151.83417085427132	103.28140703517587
1460	69	1	51.716417910447745	127.70646766169158
1460	70	1	15.969999999999999	142.41499999999996
1460	71	1	170.1	9.364999999999993
1460	72	1	72.76119402985074	74.39800995024878
1460	73	1	20.900000000000002	151.15999999999994
1460	74	1	36.44499999999998	127.55499999999995
1460	75	1	108.955	124.70500000000004
1460	76	1	197.63681592039802	145.82587064676613
1460	77	1	133.78500000000005	119.64999999999998
1460	78	1	77.92537313432842	23.87562189054725
1460	79	1	119.50248756218899	99.36318407960198
1460	80	1	67.395	60.01000000000003
1460	81	1	55.786069651741286	66.69651741293536
1460	82	1	187.00000000000014	150.16915422885572
1460	83	1	163.14427860696526	107.85572139303483
1460	84	1	47.245	81.07999999999998
1460	85	1	66.2587064676617	199.03482587064676
1460	86	1	34.78109452736315	177.77114427860704
1460	87	1	120.805	112.50500000000005
1460	88	1	129.06	144.8299999999999
1460	89	1	40.875000000000014	146.945
1470	1	2	9.858585858585856	9.616161616161614
1470	2	2	9.950000000000008	100.29000000000005
1470	3	2	10.120000000000005	190.11999999999992
1470	4	2	99.88000000000001	9.879999999999995
1470	5	2	100.12	99.88
1470	6	2	100.00000000000003	190.50000000000006
1470	7	2	189.87999999999997	9.879999999999995
1470	8	2	190.49999999999997	100
1470	9	2	189.61616161616163	190.14141414141412
1470	10	1	157.84079601990044	3.1144278606965154
1470	11	1	198.05	129.65500000000003
1470	12	1	46.24623115577891	115.81909547738688
1470	13	1	181.5999999999999	80.355
1470	14	1	61.985148514851495	78.0445544554455
1470	15	1	31.41000000000001	158.61000000000004
1470	16	1	45.81094527363184	54.27363184079602
1470	17	1	8.791044776119401	29.24378109452737
1470	18	1	53.08542713567837	15.608040201005027
1470	19	1	56.96517412935323	110.04975124378102
1470	20	1	103.21890547263686	135.17412935323395
1470	21	1	150.8457711442786	120.44776119402984
1470	22	1	32.272277227722775	136.78217821782175
1470	23	1	168.14427860696523	29.37810945273632
1470	24	1	180.96517412935313	115.82587064676623
1470	25	1	158.11055276381907	40.57286432160805
1470	26	1	161.38999999999996	77.56500000000008
1470	27	1	150.4399999999999	27.38
1470	28	1	148.90049751243777	176.78109452736317
1470	29	1	136.19499999999996	128.53499999999994
1470	30	1	161.4750000000001	87.62000000000003
1470	31	1	159.69651741293544	17.97512437810945
1470	32	1	101.98999999999998	112.98999999999998
1470	33	1	57.447761194029844	135.3034825870647
1470	34	1	150.04477611940305	197.0597014925373
1470	35	1	174.49999999999986	107.34499999999996
1470	36	1	53.48499999999998	45.72000000000001
1470	37	1	176.13930348258708	143.36318407960204
1470	38	1	162.08457711442784	123.24875621890546
1470	39	1	198.318407960199	24.194029850746272
1470	40	1	32.78999999999999	113.73500000000001
1470	41	1	13.254999999999999	131.3249999999999
1470	42	1	52.592039800995046	90.15422885572141
1470	43	1	139.74129353233837	109.75621890547261
1470	44	1	69.20999999999997	16.705
1470	45	1	189.38000000000002	126.82499999999999
1470	46	1	169.25000000000003	69.12000000000006
1470	47	1	68.99004975124377	46.761194029850756
1470	48	1	64.145	103.32999999999996
1470	49	1	175.39800995024862	46.71144278606965
1470	50	1	120.65499999999997	185.845
1470	51	1	163.64824120603024	132.42211055276397
1470	52	1	177.77999999999997	32.44499999999999
1470	53	1	156.2089552238805	184.4278606965173
1470	54	1	57.800995024875604	21.91044776119404
1470	55	1	87.97014925373132	28.19900497512438
1470	56	1	64.30845771144278	33.487562189054735
1470	57	1	34.37810945273633	167.3383084577114
1470	58	1	51.13065326633167	5.643216080402013
1470	59	1	66.71000000000008	93.16500000000003
1470	60	1	142.6350000000001	15.215000000000002
1470	61	1	54.30845771144279	192.15422885572139
1470	62	1	16.015000000000004	121.49999999999996
1470	63	1	174.80999999999997	132.8749999999999
1470	64	1	13.98514851485149	160.73267326732676
1470	65	1	41.890547263681604	67.67661691542293
1470	66	1	174.37810945273634	92.59701492537314
1470	67	1	124.64179104477613	135.69651741293535
1470	68	1	151.16999999999993	101.95499999999997
1470	69	1	51.585000000000015	126.88
1470	70	1	16.084577114427873	141.68159203980105
1470	71	1	169.20000000000002	9.604999999999999
1470	72	1	72.36318407960198	73.955223880597
1470	73	1	20.811881188118814	150.28217821782167
1470	74	1	36.93564356435643	126.06930693069307
1470	75	1	108.22500000000002	124.12
1470	76	1	196.8	146.28000000000003
1470	77	1	133.0301507537687	118.23618090452264
1470	78	1	77.18407960199005	23.383084577114428
1470	79	1	120.6716417910447	98.61691542288555
1470	80	1	67.65671641791045	58.905472636815915
1470	81	1	55.56218905472638	64.94029850746266
1470	82	1	185.99999999999997	150.12500000000003
1470	83	1	162.48756218905478	106.681592039801
1470	84	1	46.67164179104476	79.99999999999999
1470	85	1	65.97487437185931	197.33668341708548
1470	86	1	34.92537313432836	176.56716417910457
1470	87	1	119.11000000000003	111.345
1470	88	1	129.26000000000008	144.26499999999996
1470	89	1	41.25870646766168	145.5671641791044
1480	1	2	9.858585858585856	9.616161616161614
1480	2	2	9.950000000000008	100.29000000000005
1480	3	2	10.120000000000005	190.11999999999992
1480	4	2	99.88000000000001	9.879999999999995
1480	5	2	100.12	99.88
1480	6	2	100.00000000000003	190.50000000000006
1480	7	2	189.87999999999997	9.879999999999995
1480	8	2	190.49999999999997	100
1480	9	2	189.61616161616163	190.14141414141412
1480	10	1	156.93034825870635	2.238805970149253
1480	11	1	197.490099009901	129.46534653465352
1480	12	1	46.879999999999974	114.91
1480	13	1	181.42500000000007	80.31499999999998
1480	14	1	61.83084577114428	76.72139303482585
1480	15	1	30.24875621890548	158.40298507462686
1480	16	1	45.263681592039774	53.47761194029847
1480	17	1	7.278606965174129	28.348258706467657
1480	18	1	53.1105527638191	15.020100502512573
1480	19	1	57.87499999999999	109.72000000000001
1480	20	1	104.85000000000001	136.7900000000001
1480	21	1	150.24999999999997	119.90000000000006
1480	22	1	31.125	135.3949999999999
1480	23	1	167.5049999999999	29.07499999999999
1480	24	1	179.87562189054717	114.90547263681593
1480	25	1	157.48743718592965	39.26130653266331
1480	26	1	161.60891089108895	76.57425742574259
1480	27	1	149.5643564356436	25.336633663366328
1480	28	1	148.1940298507463	176.20895522388065
1480	29	1	136.73134328358216	127.29353233830847
1480	30	1	159.67164179104472	87.33830845771139
1480	31	1	159.07462686567172	16.905472636815922
1480	32	1	101.51999999999997	112.94500000000004
1480	33	1	56.955223880597	134.06965174129363
1480	34	1	149.94500000000002	195.085
1480	35	1	173.02999999999986	106.18
1480	36	1	54.199004975124396	45.32338308457712
1480	37	1	175.55499999999998	142.41499999999994
1480	38	1	162.16915422885566	121.75621890547262
1480	39	1	196.65671641791045	24.363184079602
1480	40	1	33.029850746268636	112.77114427860698
1480	41	1	12.120603015075377	131.48241206030156
1480	42	1	52.3564356435643	89.19306930693071
1480	43	1	138.8643216080401	108.48241206030153
1480	44	1	69.14000000000006	15.295000000000002
1480	45	1	188.79104477611946	126.91044776119409
1480	46	1	170.03000000000003	68.56000000000004
1480	47	1	70.20000000000003	45.47
1480	48	1	63.870000000000026	102.28999999999998
1480	49	1	176.03980099502488	45.039800995024876
1480	50	1	119.94500000000001	184.53000000000003
1480	51	1	162.98000000000002	131.62500000000003
1480	52	1	178.48000000000008	31.354999999999993
1480	53	1	156.40703517587926	183.09045226130655
1480	54	1	57.47738693467336	21.718592964824136
1480	55	1	87.21999999999998	26.265
1480	56	1	63.373134328358226	33.01492537313433
1480	57	1	34.44278606965175	166.1393034825871
1480	58	1	51.303482587064664	4.815920398009946
1480	59	1	66.36633663366338	92.16336633663369
1480	60	1	141.9353233830846	14.243781094527368
1480	61	1	53.72499999999999	191.735
1480	62	1	15.829999999999997	121.55000000000005
1480	63	1	174.0841584158416	132.3118811881188
1480	64	1	13.760000000000003	159.18999999999994
1480	65	1	42.57500000000001	67.15499999999996
1480	66	1	173.62376237623764	91.34653465346534
1480	67	1	125.30198019801983	134.549504950495
1480	68	1	150.2399999999999	100.60499999999996
1480	69	1	51.509900990099034	126.46039603960395
1480	70	1	15.245000000000003	141.40999999999994
1480	71	1	168.43500000000006	9.850000000000001
1480	72	1	72.24000000000001	73.70500000000001
1480	73	1	21.402985074626862	149.14427860696514
1480	74	1	37.62	124.825
1480	75	1	107.325	123.74499999999999
1480	76	1	195.66666666666666	146.43283582089555
1480	77	1	132.55000000000004	116.88499999999996
1480	78	1	76.26499999999992	23.97
1480	79	1	120.94527363184086	97.57711442786072
1480	80	1	68.295	58.150000000000006
1480	81	1	55.19402985074628	63.07960199004977
1480	82	1	184.5572139303483	149.86069651741295
1480	83	1	161.475	105.61000000000006
1480	84	1	47.06965174129353	78.93532338308462
1480	85	1	65.96019900497514	196.2089552238806
1480	86	1	35.64676616915426	175.36318407960204
1480	87	1	117.94059405940597	110.37623762376234
1480	88	1	130.11500000000004	143.56
1480	89	1	40.94554455445542	144.31188118811872
1490	1	2	9.858585858585856	9.616161616161614
1490	2	2	9.950000000000008	100.29000000000005
1490	3	2	10.120000000000005	190.11999999999992
1490	4	2	99.88000000000001	9.879999999999995
1490	5	2	100.12	99.88
1490	6	2	100.00000000000003	190.50000000000006
1490	7	2	189.87999999999997	9.879999999999995
1490	8	2	190.49999999999997	100
1490	9	2	189.61616161616163	190.14141414141412
1490	10	1	155.75124378109456	1.5024875621890552
1490	11	1	196.82	130.0000000000001
1490	12	1	47.160000000000004	113.95999999999998
1490	13	1	181.43500000000012	79.865
1490	14	1	61.730000000000004	75.33500000000001
1490	15	1	30.005000000000013	157.76000000000002
1490	16	1	45.124378109452735	52.77114427860697
1490	17	1	5.836633663366335	26.980198019801986
1490	18	1	52.51500000000002	14.724999999999996
1490	19	1	58.904522613065346	109.30150753768845
1490	20	1	105.89552238805965	137.6417910447761
1490	21	1	149.385	119.16500000000003
1490	22	1	30.243781094527368	134.2238805970149
1490	23	1	166.90049751243765	28.89054726368159
1490	24	1	179.05499999999995	114.04
1490	25	1	156.79999999999998	37.85000000000001
1490	26	1	162.0544554455445	75.16336633663373
1490	27	1	148.60000000000008	24.329999999999995
1490	28	1	147.75499999999997	175.54499999999996
1490	29	1	137.45000000000002	126.52000000000004
1490	30	1	158.5399999999999	86.62499999999997
1490	31	1	158.38805970149244	15.870646766169163
1490	32	1	101.31155778894474	112.7638190954774
1490	33	1	56.9900497512438	132.97512437810946
1490	34	1	149.89108910891088	193.73762376237624
1490	35	1	172.14925373134324	105.07462686567168
1490	36	1	54.769999999999996	45.060000000000024
1490	37	1	175.09	141.29000000000002
1490	38	1	161.75500000000005	120.87999999999998
1490	39	1	195.2	24.455000000000002
1490	40	1	33.045	112.19499999999998
1490	41	1	11.205	131.685
1490	42	1	52.564356435643575	88.27722772277227
1490	43	1	139.085	107.61
1490	44	1	69.03980099502492	14.000000000000002
1490	45	1	188.40796019900495	126.65671641791045
1490	46	1	170.55999999999995	68.14999999999999
1490	47	1	70.68656716417914	44.189054726368184
1490	48	1	64.03500000000001	101.47499999999998
1490	49	1	176.1442786069651	44.17910447761195
1490	50	1	119.46231155778894	183.27638190954764
1490	51	1	162.52999999999997	130.73000000000002
1490	52	1	178.52736318407958	30.417910447761187
1490	53	1	156.6467661691542	182.18407960199002
1490	54	1	57.3	21.00999999999998
1490	55	1	86.85572139303478	24.601990049751244
1490	56	1	62.53000000000003	32.245
1490	57	1	34.48500000000002	165.12500000000003
1490	58	1	51.894472361809036	3.638190954773867
1490	59	1	66.46500000000005	91.38000000000002
1490	60	1	141.32338308457716	13.671641791044774
1490	61	1	53.15920398009948	191.24875621890547
1490	62	1	15.555000000000003	121.71
1490	63	1	173.94527363184082	131.28358208955217
1490	64	1	14.074626865671643	157.90547263681583
1490	65	1	42.36815920398008	65.82587064676616
1490	66	1	173.1890547263682	90.14427860696516
1490	67	1	125.50248756218903	132.95024875621894
1490	68	1	150.4726368159203	98.5472636815921
1490	69	1	51.80402010050253	125.6130653266332
1490	70	1	14.715000000000002	141.06000000000006
1490	71	1	167.56281407035192	9.989949748743724
1490	72	1	71.96000000000005	73.51
1490	73	1	21.761194029850753	148.3283582089552
1490	74	1	38.35500000000002	123.73
1490	75	1	106.10447761194031	123.3880597014926
1490	76	1	193.795	147.24999999999994
1490	77	1	131.273631840796	115.71641791044777
1490	78	1	75.62189054726369	24.442786069651746
1490	79	1	121.39303482587066	97.05472636815917
1490	80	1	68.83000000000006	57.169999999999995
1490	81	1	54.964824120603026	61.72864321608039
1490	82	1	182.79601990049767	149.94029850746276
1490	83	1	160.63999999999987	105.13499999999999
1490	84	1	48.045	78.06000000000002
1490	85	1	66.22885572139305	194.76616915422883
1490	86	1	36.3084577114428	174.46766169154222
1490	87	1	117.15841584158419	108.92079207920797
1490	88	1	131.43283582089552	142.00497512437815
1490	89	1	40.8407960199005	142.99004975124382
1500	1	2	9.858585858585856	9.616161616161614
1500	2	2	9.950000000000008	100.29000000000005
1500	3	2	10.120000000000005	190.11999999999992
1500	4	2	99.88000000000001	9.879999999999995
1500	5	2	100.12	99.88
1500	6	2	100.00000000000003	190.50000000000006
1500	7	2	189.87999999999997	9.879999999999995
1500	8	2	190.49999999999997	100
1500	9	2	189.61616161616163	190.14141414141412
1500	10	1	155.13499999999996	0.7950000000000015
1500	11	1	196.43283582089552	130.39303482587067
1500	12	1	48.060301507537716	113.00502512562811
1500	13	1	181.407960199005	79.57213930348256
1500	14	1	61.472636815920396	73.73134328358208
1500	15	1	29.805970149253742	157.13432835820893
1500	16	1	44.850000000000016	51.870000000000026
1500	17	1	4.482587064676619	25.860696517412936
1500	18	1	52.04020100502512	14.497487437185928
1500	19	1	59.97014925373129	108.75621890547258
1500	20	1	107.02985074626866	137.75124378109447
1500	21	1	149	118.60696517412934
1500	22	1	29.99502487562189	133.07960199004964
1500	23	1	166.00000000000006	29.085
1500	24	1	178.42786069651743	112.95522388059695
1500	25	1	155.58291457286435	36.49748743718593
1500	26	1	162.19900497512427	74.07960199004974
1500	27	1	147.55778894472365	23.271356783919586
1500	28	1	147.15577889447232	175.26130653266333
1500	29	1	137.94499999999994	125.69000000000005
1500	30	1	157.32835820895514	85.86069651741288
1500	31	1	157.9353233830846	15.054726368159209
1500	32	1	100.92039800995025	112.9651741293532
1500	33	1	56.55721393034828	132.40298507462688
1500	34	1	149.8150000000001	192.905
1500	35	1	171.99009900990092	103.84653465346534
1500	36	1	55.50251256281406	44.738693467336674
1500	37	1	174.68499999999995	140.30500000000006
1500	38	1	161.94527363184088	119.83582089552237
1500	39	1	194.095	24.819999999999993
1500	40	1	33.23499999999999	111.95999999999992
1500	41	1	10.659999999999997	131.9350000000001
1500	42	1	52.95522388059701	87.41791044776123
1500	43	1	139.00000000000014	106.79104477611934
1500	44	1	68.84500000000006	12.930000000000003
1500	45	1	187.99502487562188	126.42786069651743
1500	46	1	170.58500000000004	67.79999999999994
1500	47	1	70.7661691542289	42.940298507462686
1500	48	1	64.55721393034825	100.6716417910448
1500	49	1	175.9651741293531	42.85074626865667
1500	50	1	119.275	182.33999999999986
1500	51	1	161.97499999999997	130.14500000000004
1500	52	1	178.39800995024873	29.46268656716417
1500	53	1	157.15422885572144	181.14427860696523
1500	54	1	57.10945273631842	20.288557213930357
1500	55	1	86.01999999999995	22.825000000000017
1500	56	1	61.77	31.575000000000024
1500	57	1	34.19000000000003	164.3800000000001
1500	58	1	52.7810945273632	2.353233830845774
1500	59	1	66.84500000000001	90.58999999999995
1500	60	1	140.87500000000003	12.364999999999995
1500	61	1	52.62	190.35500000000002
1500	62	1	15.115	121.95999999999997
1500	63	1	173.88944723618098	130.3718592964825
1500	64	1	13.794999999999995	156.92499999999998
1500	65	1	42.224999999999994	65.10499999999996
1500	66	1	172.55223880597012	89.23383084577112
1500	67	1	125.13432835820895	131.65174129353233
1500	68	1	150.72636815920387	97.40298507462688
1500	69	1	52.235000000000014	124.86500000000005
1500	70	1	14.67839195979899	140.74874371859295
1500	71	1	166.71500000000003	9.959999999999999
1500	72	1	71.98999999999995	73.405
1500	73	1	21.450495049504962	147.84158415841583
1500	74	1	38.99000000000001	122.60500000000003
1500	75	1	104.7412935323383	123.2089552238806
1500	76	1	191.90049751243782	147.363184079602
1500	77	1	130.60804020100505	114.81407035175877
1500	78	1	74.93499999999999	25.16500000000001
1500	79	1	121.85572139303483	96.28855721393043
1500	80	1	69.05970149253727	56.14925373134328
1500	81	1	54.63861386138615	60.425742574257406
1500	82	1	181.35499999999996	150.54500000000002
1500	83	1	159.965	104.84500000000001
1500	84	1	48.467661691542304	77.18905472636818
1500	85	1	66.67500000000001	192.89500000000004
1500	86	1	36.539603960396065	173.85148514851488
1500	87	1	116.5721393034826	107.74626865671645
1500	88	1	132.67164179104475	140.36318407960192
1500	89	1	40.08955223880598	142.24378109452738
1510	1	2	9.858585858585856	9.616161616161614
1510	2	2	9.950000000000008	100.29000000000005
1510	3	2	10.120000000000005	190.11999999999992
1510	4	2	99.88000000000001	9.879999999999995
1510	5	2	100.12	99.88
1510	6	2	100.00000000000003	190.50000000000006
1510	7	2	189.87999999999997	9.879999999999995
1510	8	2	190.49999999999997	100
1510	9	2	189.61616161616163	190.14141414141412
1510	10	1	154.73000000000008	0.22999999999999932
1510	11	1	196.03980099502488	131.01492537313436
1510	12	1	48.78894472361806	112.01005025125626
1510	13	1	180.41999999999996	79.355
1510	14	1	61.48999999999999	72.60500000000002
1510	15	1	29.615000000000023	156.63499999999996
1510	16	1	44.51243781094525	51.149253731343286
1510	17	1	3.409999999999999	25.455000000000016
1510	18	1	51.94999999999999	14.13499999999999
1510	19	1	61.55721393034827	108.4129353233831
1510	20	1	108.10000000000008	137.82000000000002
1510	21	1	148.09000000000006	117.56499999999997
1510	22	1	29.915000000000006	132.015
1510	23	1	164.8299999999999	28.630000000000003
1510	24	1	177.88	112.51499999999997
1510	25	1	154.42999999999998	35.195
1510	26	1	161.41000000000005	72.30999999999992
1510	27	1	146.47999999999996	22.715
1510	28	1	146.265	175.09500000000006
1510	29	1	137.8955223880597	125.06965174129358
1510	30	1	156.66169154228857	84.76119402985077
1510	31	1	157.1492537313434	13.721393034825866
1510	32	1	100.72999999999996	113.02500000000003
1510	33	1	55.92039800995024	131.91542288557224
1510	34	1	150.04	191.735
1510	35	1	171.57286432160805	102.8492462311558
1510	36	1	56.32663316582916	44.45728643216081
1510	37	1	173.9452736318409	139.73134328358216
1510	38	1	161.98507462686567	118.65671641791045
1510	39	1	192.79104477611943	25.298507462686562
1510	40	1	33.154999999999994	111.96499999999996
1510	41	1	10.58	131.9200000000001
1510	42	1	52.613861386138645	86.39108910891089
1510	43	1	139.15577889447226	105.76381909547736
1510	44	1	68.96499999999997	11.069999999999999
1510	45	1	187.6834170854271	126.17587939698487
1510	46	1	171.1442786069652	67.87064676616913
1510	47	1	71.14499999999991	42.02
1510	48	1	64.09045226130654	99.87939698492458
1510	49	1	176.37313432835813	41.14925373134326
1510	50	1	118.57711442786072	180.83084577114423
1510	51	1	161.2277227722772	129.22772277227716
1510	52	1	177.60499999999982	28.524999999999977
1510	53	1	157.7213930348258	180.29353233830844
1510	54	1	57.17499999999996	19.974999999999998
1510	55	1	86.1336633663366	21.24752475247523
1510	56	1	61.311557788944725	31.07035175879399
1510	57	1	35.06435643564357	163.2475247524752
1510	58	1	53.385000000000005	1.050000000000002
1510	59	1	67.45500000000003	89.63000000000004
1510	60	1	139.9004975124378	11.2636815920398
1510	61	1	51.55499999999999	189.38000000000008
1510	62	1	15.034999999999998	122.02999999999996
1510	63	1	173.32663316582918	130.00502512562818
1510	64	1	13.552238805970145	155.96019900497498
1510	65	1	41.984999999999985	64.225
1510	66	1	172.3084577114429	88.30348258706474
1510	67	1	125.40500000000002	131.00000000000003
1510	68	1	151.01500000000004	96.44
1510	69	1	52.73366834170856	124.23115577889448
1510	70	1	14.620000000000006	140.645
1510	71	1	166.48499999999993	10.14
1510	72	1	71.7035175879397	72.07035175879398
1510	73	1	21.603015075376874	147.4321608040201
1510	74	1	40.035175879396995	121.31155778894471
1510	75	1	103.34328358208951	123.66169154228857
1510	76	1	190.26500000000001	147.62500000000003
1510	77	1	130.2935323383084	114.05970149253731
1510	78	1	74.20100502512565	25.427135678391956
1510	79	1	122.47500000000005	95.78999999999996
1510	80	1	69.79899497487432	55.281407035175896
1510	81	1	54.64000000000001	59.315000000000005
1510	82	1	180.20895522388057	150.53233830845775
1510	83	1	159.64499999999992	104.23
1510	84	1	49.245000000000026	76.28000000000004
1510	85	1	66.39603960396038	191.8960396039604
1510	86	1	36.18499999999998	172.85499999999996
1510	87	1	116.13000000000002	106.81500000000003
1510	88	1	133.95024875621894	139.14925373134335
1510	89	1	39.70999999999999	141.21000000000004
1520	1	2	9.858585858585856	9.616161616161614
1520	2	2	9.950000000000008	100.29000000000005
1520	3	2	10.120000000000005	190.11999999999992
1520	4	2	99.88000000000001	9.879999999999995
1520	5	2	100.12	99.88
1520	6	2	100.00000000000003	190.50000000000006
1520	7	2	189.87999999999997	9.879999999999995
1520	8	2	190.49999999999997	100
1520	9	2	189.61616161616163	190.14141414141412
1520	10	1	153.726368159204	0.23383084577114455
1520	11	1	195.745	131.63000000000002
1520	12	1	49.3731343283582	110.57213930348257
1520	13	1	179.70000000000005	79.00999999999995
1520	14	1	60.860696517412954	70.9950248756219
1520	15	1	29.015075376884436	156.50251256281413
1520	16	1	44.37000000000003	50.45499999999999
1520	17	1	2.407960199004975	24.243781094527378
1520	18	1	51.63681592039801	13.45273631840796
1520	19	1	62.5820895522388	107.77611940298507
1520	20	1	109.68159203980099	137.3034825870646
1520	21	1	146.91542288557213	116.67661691542288
1520	22	1	30.175879396984918	130.92964824120588
1520	23	1	163.36999999999992	28.695000000000004
1520	24	1	176.90000000000006	111.74499999999996
1520	25	1	153.16915422885563	34.68159203980098
1520	26	1	160.34328358208953	71.13930348258705
1520	27	1	145.355	22.15500000000002
1520	28	1	145.41293532338307	174.2189054726368
1520	29	1	137.9045226130653	124.41708542713567
1520	30	1	155.52970297029702	83.80198019801983
1520	31	1	156.26368159203983	13.139303482587069
1520	32	1	100.35175879396992	113.24120603015076
1520	33	1	55.59999999999997	131.62999999999994
1520	34	1	150.4000000000001	190.465
1520	35	1	171.42288557213922	101.55223880597016
1520	36	1	57.427135678391956	44.10552763819098
1520	37	1	173.9751243781094	138.85572139303483
1520	38	1	161.72864321608037	117.73869346733676
1520	39	1	191.79499999999996	26.02499999999999
1520	40	1	33.00995024875621	111.8606965174129
1520	41	1	9.955223880597016	132.33333333333337
1520	42	1	52.25870646766169	85.45273631840793
1520	43	1	139.82089552238807	104.49253731343285
1520	44	1	68.57	9.435000000000002
1520	45	1	187.23383084577114	126
1520	46	1	171.6799999999999	68.13500000000002
1520	47	1	71.85572139303486	41.20398009950249
1520	48	1	63.555555555555564	98.77272727272728
1520	49	1	176.74129353233823	39.303482587064664
1520	50	1	117.74257425742574	179.2178217821781
1520	51	1	160.40000000000003	128.5300000000001
1520	52	1	176.93034825870637	27.41791044776119
1520	53	1	157.7164179104477	179.2985074626867
1520	54	1	56.52999999999999	20.09499999999999
1520	55	1	86.15920398009953	19.68159203980099
1520	56	1	60.785000000000025	30.21
1520	57	1	35.238805970149244	162.38805970149264
1520	58	1	54.069999999999986	199.335
1520	59	1	68.13432835820893	88.50746268656708
1520	60	1	139.175	10.424999999999999
1520	61	1	50.675	188.485
1520	62	1	15	122.2211055276382
1520	63	1	172.45728643216074	129.5276381909548
1520	64	1	13.064676616915419	155.24378109452738
1520	65	1	41.29353233830846	63.53731343283583
1520	66	1	171.50248756218903	87.62686567164182
1520	67	1	125.9651741293532	129.8955223880597
1520	68	1	151.11557788944714	95.33165829145733
1520	69	1	53.04477611940298	123.63681592039802
1520	70	1	15.139303482587065	140.21393034825866
1520	71	1	165.84079601990044	10.437810945273634
1520	72	1	71.29	70.99999999999999
1520	73	1	22.5427135678392	146.95979899497473
1520	74	1	40.76999999999999	119.98500000000001
1520	75	1	102.06965174129354	124.76616915422878
1520	76	1	188.81094527363177	148.0945273631842
1520	77	1	129.68656716417914	113.0099502487562
1520	78	1	73.64676616915425	25.93532338308457
1520	79	1	123.85000000000002	95.53500000000001
1520	80	1	70.60499999999995	54.139999999999986
1520	81	1	54.74500000000003	58.20499999999996
1520	82	1	179.45226130653268	150.93969849246236
1520	83	1	159.215	103.72000000000004
1520	84	1	49.820895522388064	75.56218905472637
1520	85	1	66.17412935323385	190.44776119402962
1520	86	1	35.98514851485149	171.80198019801975
1520	87	1	115.87562189054721	106.82089552238806
1520	88	1	134.90049751243788	138.18407960198994
1520	89	1	39.792079207920786	140.35643564356445
1530	1	2	9.858585858585856	9.616161616161614
1530	2	2	9.950000000000008	100.29000000000005
1530	3	2	10.120000000000005	190.11999999999992
1530	4	2	99.88000000000001	9.879999999999995
1530	5	2	100.12	99.88
1530	6	2	100.00000000000003	190.50000000000006
1530	7	2	189.87999999999997	9.879999999999995
1530	8	2	190.49999999999997	100
1530	9	2	189.61616161616163	190.14141414141412
1530	10	1	152.51999999999998	199.795
1530	11	1	195.70149253731344	132.84079601990044
1530	12	1	50.24499999999999	109.58500000000001
1530	13	1	179.45728643216088	78.8894472361809
1530	14	1	60.605000000000025	69.87500000000001
1530	15	1	28.930348258706466	156.2039800995025
1530	16	1	44.27500000000002	49.66
1530	17	1	1.1691542288557208	22.965174129353237
1530	18	1	51.22388059701492	12.845771144278608
1530	19	1	64.05445544554455	107.43069306930688
1530	20	1	111.0696517412936	136.4676616915422
1530	21	1	145.82999999999998	115.56000000000004
1530	22	1	30.564999999999987	129.73499999999996
1530	23	1	162.15422885572139	28.16915422885572
1530	24	1	176.275	111.24999999999996
1530	25	1	151.85074626865665	34.31343283582091
1530	26	1	159.33999999999995	69.97000000000007
1530	27	1	144.34170854271358	21.11557788944723
1530	28	1	144.95979899497485	172.497487437186
1530	29	1	138.49253731343282	123.9203980099503
1530	30	1	155.46499999999995	82.19499999999994
1530	31	1	155.40796019900503	12.636815920398009
1530	32	1	100.34000000000002	113.275
1530	33	1	54.85499999999999	131.17499999999995
1530	34	1	150.7860696517413	189.04975124378112
1530	35	1	171.19499999999996	100.58499999999997
1530	36	1	58.4752475247525	43.85643564356439
1530	37	1	173.03000000000006	138.45000000000002
1530	38	1	161.470297029703	117.13861386138616
1530	39	1	190.82499999999987	26.659999999999997
1530	40	1	32.89499999999999	111.91999999999997
1530	41	1	9.63	132.50000000000006
1530	42	1	52.46268656716415	84.3880597014925
1530	43	1	140.56499999999994	103.04499999999999
1530	44	1	67.77114427860697	7.661691542288556
1530	45	1	186.78499999999994	126.31
1530	46	1	171.93000000000006	68.27999999999994
1530	47	1	71.67500000000001	40.47999999999998
1530	48	1	63.31499999999997	97.72499999999997
1530	49	1	176.85074626865688	37.77114427860698
1530	50	1	117.35323383084577	177.84577114427867
1530	51	1	159.72139303482595	128.00497512437806
1530	52	1	175.81592039800995	26.935323383084572
1530	53	1	157.30000000000007	178.145
1530	54	1	55.82	19.994999999999997
1530	55	1	85.80099502487562	18.771144278606958
1530	56	1	60.03999999999999	29.19
1530	57	1	35.98	161.42500000000004
1530	58	1	54.33168316831684	197.5544554455446
1530	59	1	68.91999999999999	87.055
1530	60	1	138.10000000000002	9.480000000000004
1530	61	1	49.70500000000001	187.93500000000012
1530	62	1	14.915	122.27499999999998
1530	63	1	171.5175879396985	129.64321608040194
1530	64	1	12.757425742574256	154.53465346534654
1530	65	1	40.51499999999999	62.855
1530	66	1	170.8805970149255	86.88059701492533
1530	67	1	126.49000000000005	128.88999999999996
1530	68	1	151.82587064676625	94.21393034825873
1530	69	1	54.144278606965145	122.57213930348261
1530	70	1	15.534999999999993	139.7150000000001
1530	71	1	165.02985074626866	10.174129353233834
1530	72	1	71.04975124378105	69.40796019900496
1530	73	1	23.258706467661693	146.4228855721393
1530	74	1	41.54499999999998	118.65000000000003
1530	75	1	101.07960199004974	126.01990049751241
1530	76	1	187.62686567164172	148.55721393034833
1530	77	1	129.36815920398013	111.74129353233837
1530	78	1	72.97499999999998	25.15000000000001
1530	79	1	125.22388059701491	94.4776119402985
1530	80	1	71.75124378109457	53.462686567164184
1530	81	1	54.434999999999995	57.315
1530	82	1	178.75000000000006	150.60500000000005
1530	83	1	159.00502512562818	103.30653266331657
1530	84	1	49.955	74.53500000000003
1530	85	1	66.26368159203983	188.61194029850748
1530	86	1	35.66169154228856	170.89552238805973
1530	87	1	116.24999999999993	105.985
1530	88	1	136.04455445544562	137.36633663366334
1530	89	1	39.47236180904524	139.4974874371859
1540	1	2	9.858585858585856	9.616161616161614
1540	2	2	9.950000000000008	100.29000000000005
1540	3	2	10.120000000000005	190.11999999999992
1540	4	2	99.88000000000001	9.879999999999995
1540	5	2	100.12	99.88
1540	6	2	100.00000000000003	190.50000000000006
1540	7	2	189.87999999999997	9.879999999999995
1540	8	2	190.49999999999997	100
1540	9	2	189.61616161616163	190.14141414141412
1540	10	1	151.5250000000001	199.58
1540	11	1	195.4228855721393	134.0248756218905
1540	12	1	50.510000000000005	108.43500000000002
1540	13	1	179.13567839195977	78.74874371859293
1540	14	1	60.67999999999997	68.91000000000001
1540	15	1	28.145000000000017	156.19500000000005
1540	16	1	44.67336683417085	48.9246231155779
1540	17	1	0.37313432835820837	22.358208955223887
1540	18	1	50.54726368159205	12.019900497512433
1540	19	1	64.81592039800992	106.66169154228857
1540	20	1	112.75000000000003	135.68
1540	21	1	144.1144278606965	114.76616915422888
1540	22	1	30.76119402985076	128.62189054726366
1540	23	1	161.0746268656716	28.38308457711442
1540	24	1	175.79500000000004	110.53000000000003
1540	25	1	150.5721393034827	33.05472636815922
1540	26	1	158.64	69.42000000000006
1540	27	1	142.70149253731347	20.671641791044788
1540	28	1	143.77611940298516	171.7512437810945
1540	29	1	139.23000000000008	123.78999999999999
1540	30	1	155.12437810945272	81.08955223880596
1540	31	1	154.21105527638193	12.638190954773865
1540	32	1	100.07000000000001	113.76500000000001
1540	33	1	54.11000000000002	130.71000000000006
1540	34	1	150.56435643564353	187.8613861386139
1540	35	1	171.38805970149252	99.363184079602
1540	36	1	59.63681592039801	43.24875621890548
1540	37	1	172.69651741293544	138.05970149253733
1540	38	1	161.06930693069313	116.29702970297029
1540	39	1	189.61999999999998	27.4
1540	40	1	32.28999999999999	112.13499999999998
1540	41	1	8.840000000000002	133.06000000000003
1540	42	1	52.699999999999996	83.12500000000004
1540	43	1	141.08499999999998	102.23500000000003
1540	44	1	66.46733668341714	6.42713567839196
1540	45	1	186.16080402010044	125.89949748743715
1540	46	1	171.9597989949749	68.21608040201001
1540	47	1	72.40000000000002	39.88999999999998
1540	48	1	63.601990049751215	96.4328358208955
1540	49	1	176.53500000000003	36.54499999999999
1540	50	1	118.09950248756226	177.06467661691545
1540	51	1	158.88000000000002	127.36
1540	52	1	174.83500000000004	25.745
1540	53	1	156.8620689655173	177.22167487684732
1540	54	1	55.450495049504944	19.475247524752476
1540	55	1	85.28499999999997	18.219999999999988
1540	56	1	58.71641791044775	29.099502487562177
1540	57	1	37.29000000000003	159.97000000000006
1540	58	1	54.31683168316831	196.35643564356442
1540	59	1	69.32000000000004	85.99500000000003
1540	60	1	137.00995024875618	8.502487562189055
1540	61	1	49.641791044776156	186.70646766169162
1540	62	1	14.410000000000002	122.60000000000001
1540	63	1	170.46999999999997	129.47500000000008
1540	64	1	12.338308457711438	153.7164179104478
1540	65	1	40.04975124378111	62.164179104477576
1540	66	1	170.175	86.45500000000006
1540	67	1	126.76732673267327	127.71287128712873
1540	68	1	151.83582089552235	93.44278606965175
1540	69	1	54.333333333333336	121.89552238805973
1540	70	1	15.859296482412056	139.3919597989949
1540	71	1	164.06500000000008	9.574999999999996
1540	72	1	71.09950248756216	68.1243781094527
1540	73	1	24.08999999999999	145.91000000000005
1540	74	1	42.19402985074624	117.33333333333336
1540	75	1	100.44500000000002	127.35000000000007
1540	76	1	186.54726368159194	148.60199004975127
1540	77	1	128.73499999999999	110.57499999999996
1540	78	1	71.95000000000003	24.185000000000006
1540	79	1	126.14427860696519	93.75124378109453
1540	80	1	73.10945273631837	52.87064676616914
1540	81	1	54.686567164179095	56.49751243781092
1540	82	1	178.03980099502493	150.4029850746268
1540	83	1	158.62189054726363	103.13930348258705
1540	84	1	49.77611940298505	73.37810945273633
1540	85	1	66.26368159203979	187.26865671641792
1540	86	1	34.990049751243774	169.82089552238804
1540	87	1	115.9402985074627	105.5174129353234
1540	88	1	136.4257425742574	136.47524752475235
1540	89	1	39.684999999999995	138.71000000000015
1550	1	2	9.858585858585856	9.616161616161614
1550	2	2	9.950000000000008	100.29000000000005
1550	3	2	10.120000000000005	190.11999999999992
1550	4	2	99.88000000000001	9.879999999999995
1550	5	2	100.12	99.88
1550	6	2	100.00000000000003	190.50000000000006
1550	7	2	189.87999999999997	9.879999999999995
1550	8	2	190.49999999999997	100
1550	9	2	189.61616161616163	190.14141414141412
1550	10	1	150.41791044776105	198.93034825870646
1550	11	1	195.24	134.85999999999993
1550	12	1	50.89054726368161	107.31343283582079
1550	13	1	179.29648241206033	78.74874371859292
1550	14	1	60.41499999999999	67.83999999999999
1550	15	1	27.509999999999984	155.83999999999995
1550	16	1	45.23383084577116	47.98507462686567
1550	17	1	199.28	21.210000000000008
1550	18	1	50.14499999999999	10.360000000000001
1550	19	1	65.20500000000003	105.64499999999997
1550	20	1	114.27363184079604	134.19900497512438
1550	21	1	143.11881188118818	113.95049504950492
1550	22	1	31.648514851485135	126.93564356435645
1550	23	1	160.54455445544548	27.5940594059406
1550	24	1	174.87500000000003	110.33999999999999
1550	25	1	150.02487562189052	31.56716417910447
1550	26	1	157.75124378109453	68.80597014925371
1550	27	1	141.46500000000003	19.685000000000002
1550	28	1	142.18316831683165	171.27227722772287
1550	29	1	139.78109452736334	123.6268656716418
1550	30	1	155.2600000000001	79.92
1550	31	1	152.95	12.554999999999993
1550	32	1	99.94059405940592	114.42079207920791
1550	33	1	53.396984924623084	130.43216080402007
1550	34	1	150.5979899497488	187.01005025125627
1550	35	1	171.4070351758794	98.80904522613075
1550	36	1	60.935	42.41000000000001
1550	37	1	171.61	138.07000000000005
1550	38	1	159.7788944723618	115.87939698492463
1550	39	1	187.94554455445552	28.054455445544555
1550	40	1	31.64321608040201	112.1557788944723
1550	41	1	8.39	133.50999999999996
1550	42	1	53.00000000000003	82.18500000000003
1550	43	1	141.15920398009945	101.27860696517409
1550	44	1	65.4433497536946	5.394088669950743
1550	45	1	185.67661691542298	126.68159203980103
1550	46	1	172.28500000000003	68.49500000000002
1550	47	1	73.30499999999996	39.074999999999996
1550	48	1	63.47236180904521	94.97487437185933
1550	49	1	175.41791044776127	35.93034825870647
1550	50	1	118.90500000000002	176.49999999999994
1550	51	1	157.89054726368167	127.21393034825878
1550	52	1	173.7711442786069	24.66169154228857
1550	53	1	155.31000000000003	176.09999999999997
1550	54	1	54.72000000000002	18.93000000000001
1550	55	1	84.00995024875617	17.38805970149254
1550	56	1	57.71356783919598	28.718592964824115
1550	57	1	39.335000000000015	158.68000000000004
1550	58	1	54.26237623762377	195
1550	59	1	69.45771144278608	84.89054726368155
1550	60	1	135.48258706467652	8.194029850746274
1550	61	1	49.1641791044776	185.57213930348254
1550	62	1	13.755000000000003	123.09999999999998
1550	63	1	170.42500000000004	128.25499999999997
1550	64	1	11.17	152.47999999999996
1550	65	1	39.295	61.18000000000002
1550	66	1	169.7236180904523	86.32160804020091
1550	67	1	126.91499999999995	126.48999999999998
1550	68	1	151.7064676616916	92.29353233830847
1550	69	1	54.78894472361809	121.31658291457286
1550	70	1	16.592964824120603	138.7085427135677
1550	71	1	162.79899497487426	7.884422110552768
1550	72	1	71.01980198019797	66.74752475247524
1550	73	1	25.119999999999994	145.3099999999999
1550	74	1	43.21499999999999	115.76499999999999
1550	75	1	100.01990049751245	129.11442786069648
1550	76	1	185.7363184079603	148.2935323383085
1550	77	1	128.34328358208955	109.6268656716418
1550	78	1	70.98994974874371	23.17587939698494
1550	79	1	127.2970297029703	92.49009900990099
1550	80	1	73.94527363184078	51.96517412935324
1550	81	1	54.388059701492516	55.681592039801
1550	82	1	177.3199999999999	150.4800000000001
1550	83	1	158.35643564356437	102.54455445544558
1550	84	1	49.72361809045224	72.33165829145734
1550	85	1	66.30150753768845	185.98492462311566
1550	86	1	34.21890547263682	168.55721393034818
1550	87	1	115.86500000000004	104.96499999999999
1550	88	1	136.36999999999998	135.94499999999994
1550	89	1	39.398009950248785	137.8308457711442
1560	1	2	9.858585858585856	9.616161616161614
1560	2	2	9.950000000000008	100.29000000000005
1560	3	2	10.120000000000005	190.11999999999992
1560	4	2	99.88000000000001	9.879999999999995
1560	5	2	100.12	99.88
1560	6	2	100.00000000000003	190.50000000000006
1560	7	2	189.87999999999997	9.879999999999995
1560	8	2	190.49999999999997	100
1560	9	2	189.61616161616163	190.14141414141412
1560	10	1	149.69154228855717	197.98507462686567
1560	11	1	194.66331658291458	135.44221105527635
1560	12	1	51.52499999999996	106.29000000000002
1560	13	1	179.59000000000015	78.48999999999998
1560	14	1	60.29500000000002	66.485
1560	15	1	27.73762376237624	155.0940594059407
1560	16	1	45.94029850746267	46.93034825870649
1560	17	1	197.66666666666666	20.800995024875615
1560	18	1	49.064676616915435	9.134328358208956
1560	19	1	65.51	104.6
1560	20	1	115.82089552238803	134.06467661691534
1560	21	1	142.18999999999986	112.89999999999996
1560	22	1	32.402985074626855	125.10447761194028
1560	23	1	159.80099502487562	26.920398009950254
1560	24	1	174.2985074626866	109.48258706467664
1560	25	1	148.90999999999994	30.18
1560	26	1	156.64824120603018	67.98994974874371
1560	27	1	140.37810945273628	18.935323383084583
1560	28	1	140.85572139303486	170.77611940298513
1560	29	1	139.76119402985069	122.75124378109456
1560	30	1	154.8838383838385	79.18181818181816
1560	31	1	151.95522388059695	11.845771144278608
1560	32	1	101.15920398009958	114.80597014925368
1560	33	1	52.6532663316583	130.08542713567837
1560	34	1	149.57213930348254	186.22388059701493
1560	35	1	171.35	98.12999999999998
1560	36	1	61.93069306930694	40.93069306930691
1560	37	1	170.48756218905476	137.5124378109453
1560	38	1	158.52736318407972	115.14427860696512
1560	39	1	186.37999999999988	28.519999999999996
1560	40	1	30.711442786069643	112.20895522388062
1560	41	1	7.3199999999999985	134.25999999999993
1560	42	1	53.18407960199003	81.13930348258705
1560	43	1	141.08000000000007	100.31499999999998
1560	44	1	64.61194029850743	4.447761194029852
1560	45	1	184.77	126.83500000000001
1560	46	1	172.51000000000008	68.745
1560	47	1	74.98499999999996	38.82500000000001
1560	48	1	63.855	93.93999999999997
1560	49	1	174.37313432835828	35.179104477611936
1560	50	1	119.83582089552242	176.05970149253736
1560	51	1	157.33333333333334	126.50746268656712
1560	52	1	172.9455445544554	23.747524752475236
1560	53	1	153.32835820895522	174.95522388059706
1560	54	1	54.264999999999986	17.745000000000005
1560	55	1	83.16499999999998	16.115
1560	56	1	57.025	27.94
1560	57	1	40.27363184079598	157.88557213930352
1560	58	1	53.925373134328346	194.09950248756223
1560	59	1	68.69154228855719	84.273631840796
1560	60	1	134.89500000000007	7.6899999999999995
1560	61	1	48.264999999999986	184.74499999999998
1560	62	1	12.773869346733667	123.77386934673362
1560	63	1	169.69306930693068	127.3069306930692
1560	64	1	10.454999999999998	151.5799999999999
1560	65	1	38.8	60.125000000000014
1560	66	1	168.99999999999994	85.99502487562181
1560	67	1	126.78999999999995	125.53000000000002
1560	68	1	150.75879396984928	91.01005025125633
1560	69	1	54.86000000000001	120.69999999999999
1560	70	1	17.825000000000006	137.79500000000004
1560	71	1	161.80597014925374	6.980099502487562
1560	72	1	71.33999999999996	65.14499999999998
1560	73	1	25.964646464646467	144.79797979797974
1560	74	1	43.81094527363186	114.04477611940302
1560	75	1	101.09950248756225	131.19402985074623
1560	76	1	184.85500000000005	148.16500000000008
1560	77	1	127.77611940298516	108.78109452736311
1560	78	1	70.20297029702971	22.49504950495049
1560	79	1	128.61999999999995	90.53
1560	80	1	74.42574257425743	51.440594059405946
1560	81	1	54.856435643564346	54.67821782178218
1560	82	1	176.55499999999995	150.19499999999994
1560	83	1	158.0547263681592	101.73134328358209
1560	84	1	49.95477386934674	70.88944723618091
1560	85	1	65.41293532338308	184.28358208955234
1560	86	1	33.07960199004975	167.50248756218895
1560	87	1	116.95024875621894	103.2587064676617
1560	88	1	136.4626865671642	135.2537313432837
1560	89	1	38.970000000000006	136.54999999999998
1570	1	2	9.858585858585856	9.616161616161614
1570	2	2	9.950000000000008	100.29000000000005
1570	3	2	10.120000000000005	190.11999999999992
1570	4	2	99.88000000000001	9.879999999999995
1570	5	2	100.12	99.88
1570	6	2	100.00000000000003	190.50000000000006
1570	7	2	189.87999999999997	9.879999999999995
1570	8	2	190.49999999999997	100
1570	9	2	189.61616161616163	190.14141414141412
1570	10	1	149.33499999999995	197.22
1570	11	1	193.445	136.78499999999997
1570	12	1	52.18000000000003	105.205
1570	13	1	179.475	78.13999999999994
1570	14	1	60.53233830845769	65.17412935323384
1570	15	1	27.52763819095478	154.6532663316584
1570	16	1	47.22885572139303	46.014925373134325
1570	17	1	196.55223880597015	21.014925373134336
1570	18	1	48.29702970297032	7.470297029702965
1570	19	1	65.90000000000003	103.40000000000002
1570	20	1	116.61500000000001	133.48499999999996
1570	21	1	141.5929648241206	111.82914572864323
1570	22	1	33.330000000000005	123.60999999999997
1570	23	1	159.450495049505	25.95544554455446
1570	24	1	173.21890547263686	109.41293532338307
1570	25	1	148.07462686567172	29.835820895522385
1570	26	1	155.09547738693456	67.11557788944724
1570	27	1	139.6089108910892	18.440594059405942
1570	28	1	140.04975124378103	170.33333333333331
1570	29	1	139.5124378109453	121.88059701492541
1570	30	1	154.665	78.28499999999998
1570	31	1	151.10499999999988	11.910000000000002
1570	32	1	101.68499999999995	116.66000000000003
1570	33	1	51.51000000000003	129.4849999999999
1570	34	1	148.52736318407955	185.5024875621891
1570	35	1	171.14500000000004	97.87000000000002
1570	36	1	62.34158415841582	39.50000000000001
1570	37	1	169.08999999999992	136.92
1570	38	1	157.15422885572139	114.20895522388061
1570	39	1	185.46766169154233	28.731343283582092
1570	40	1	29.38693467336683	112.5678391959799
1570	41	1	5.484999999999999	135.32999999999993
1570	42	1	53.309999999999995	80.24500000000003
1570	43	1	141.12500000000006	99.47999999999998
1570	44	1	63.959999999999994	3.7149999999999994
1570	45	1	183.77000000000007	127.06499999999997
1570	46	1	171.92499999999995	68.33999999999999
1570	47	1	76.71000000000004	38.78999999999999
1570	48	1	64.35323383084578	92.96517412935329
1570	49	1	173.5276381909548	34.512562814070314
1570	50	1	120.99504950495049	175.54950495049502
1570	51	1	156.32338308457707	126.15920398009949
1570	52	1	172.2089552238805	23.194029850746276
1570	53	1	151.81500000000003	173.76999999999995
1570	54	1	53.815	16.384999999999998
1570	55	1	81.88557213930349	15.9452736318408
1570	56	1	56.318407960199	27.169154228855707
1570	57	1	41.527363184079604	156.91542288557213
1570	58	1	54.02475247524754	192.84158415841574
1570	59	1	67.7810945273632	83.84079601990051
1570	60	1	134.44278606965173	7.054726368159203
1570	61	1	47.96517412935324	183.83084577114425
1570	62	1	12.709999999999997	124.42499999999998
1570	63	1	168.8849999999999	126.35499999999996
1570	64	1	9.772277227722771	150.47524752475252
1570	65	1	38.70500000000001	59.349999999999966
1570	66	1	168.03500000000003	85.54499999999999
1570	67	1	126.18407960199004	124.62189054726367
1570	68	1	149.34673366834167	89.50753768844224
1570	69	1	55.18999999999999	119.65000000000002
1570	70	1	18.721393034825866	136.71641791044772
1570	71	1	160.78109452736322	6.283582089552169
1570	72	1	71.77500000000002	64.03499999999998
1570	73	1	26.407960199004968	144.1243781094527
1570	74	1	44.16000000000002	112.59499999999994
1570	75	1	102.09405940594057	132.82673267326732
1570	76	1	184.12562814070347	147.94472361809045
1570	77	1	127.36000000000003	107.76500000000001
1570	78	1	69.045	21.924999999999994
1570	79	1	129.67	89.23499999999996
1570	80	1	74.2211055276382	50.37688442211058
1570	81	1	55.10396039603961	53.732673267326724
1570	82	1	175.8149999999999	149.9799999999999
1570	83	1	158.10447761194033	99.9452736318408
1570	84	1	50.442786069651746	69.87562189054727
1570	85	1	65.25870646766171	182.68656716417905
1570	86	1	32.290000000000006	166.085
1570	87	1	117.67500000000003	101.93499999999997
1570	88	1	136.6750000000001	134.505
1570	89	1	38.67999999999997	135.67499999999998
1580	1	2	9.858585858585856	9.616161616161614
1580	2	2	9.950000000000008	100.29000000000005
1580	3	2	10.120000000000005	190.11999999999992
1580	4	2	99.88000000000001	9.879999999999995
1580	5	2	100.12	99.88
1580	6	2	100.00000000000003	190.50000000000006
1580	7	2	189.87999999999997	9.879999999999995
1580	8	2	190.49999999999997	100
1580	9	2	189.61616161616163	190.14141414141412
1580	10	1	148.85999999999999	196.51
1580	11	1	192.31000000000003	137.255
1580	12	1	52.62189054726369	104.24378109452744
1580	13	1	179.45999999999998	77.69500000000002
1580	14	1	60.850746268656714	63.706467661691576
1580	15	1	27.13	154.09499999999997
1580	16	1	48.61691542288554	44.676616915422876
1580	17	1	195.5870646766169	21.17412935323383
1580	18	1	48.49751243781095	5.7761194029850795
1580	19	1	65.77611940298507	102.51243781094524
1580	20	1	117.32499999999999	133.37499999999994
1580	21	1	141.3799999999999	110.88499999999998
1580	22	1	33.74626865671641	122.29850746268662
1580	23	1	159.17	24.959999999999997
1580	24	1	172.36683417085436	109.68341708542718
1580	25	1	147.1799999999999	29.355000000000008
1580	26	1	153.67661691542284	66.30348258706469
1580	27	1	138.77499999999998	18.19999999999999
1580	28	1	139.92999999999986	168.69000000000008
1580	29	1	139.96984924623112	121.37688442211058
1580	30	1	154.65829145728642	77.30653266331662
1580	31	1	150.14356435643572	11.702970297029704
1580	32	1	101.95522388059698	118.61194029850743
1580	33	1	51.10447761194028	128.8308457711442
1580	34	1	148.12437810945278	184.8407960199007
1580	35	1	171.08999999999992	97.22000000000001
1580	36	1	62.59203980099501	38.35323383084576
1580	37	1	167.35820895522392	136.53731343283584
1580	38	1	156.6567164179104	112.94029850746266
1580	39	1	184.59203980099508	29.278606965174127
1580	40	1	27.738693467336695	112.91959798994974
1580	41	1	3.75	136.9750000000001
1580	42	1	54.18407960199007	78.68656716417917
1580	43	1	140.6450000000001	98.73999999999998
1580	44	1	63.50746268656715	2.4925373134328366
1580	45	1	182.79999999999995	127.77499999999999
1580	46	1	171.1299999999999	68.125
1580	47	1	77.61999999999999	38.4
1580	48	1	64.27363184079603	92.10447761194035
1580	49	1	172.43000000000004	33.83000000000001
1580	50	1	122.46499999999999	174.94
1580	51	1	155.64179104477614	125.41293532338308
1580	52	1	171.68999999999994	22.399999999999988
1580	53	1	150.1039603960395	172.79207920792075
1580	54	1	53.51	15.18000000000001
1580	55	1	80.49253731343286	15.776119402985058
1580	56	1	55.560000000000024	26.380000000000006
1580	57	1	42.53731343283583	155.70646766169156
1580	58	1	54.22999999999999	191.46000000000004
1580	59	1	67.60000000000002	82.94500000000005
1580	60	1	133.70149253731333	6.955223880597014
1580	61	1	46.86934673366834	182.99497487437188
1580	62	1	12.170854271356786	125.10552763819099
1580	63	1	168.99999999999991	124.90500000000003
1580	64	1	9.217821782178216	149.3267326732674
1580	65	1	38.49748743718597	58.31155778894473
1580	66	1	167.4626865671641	84.8805970149254
1580	67	1	126.09500000000003	123.62500000000007
1580	68	1	147.89999999999998	88.35000000000001
1580	69	1	55.205000000000005	118.87000000000002
1580	70	1	19.409999999999993	135.4
1580	71	1	159.509900990099	5.321782178217818
1580	72	1	72.19999999999995	63.044999999999995
1580	73	1	27.044999999999998	143.16499999999994
1580	74	1	44.17999999999999	111.10999999999997
1580	75	1	103.79601990049753	134.12935323383095
1580	76	1	183.5527638190955	147.56783919597984
1580	77	1	127.31658291457282	107.0854271356784
1580	78	1	68.2338308457711	21.318407960198996
1580	79	1	130.58706467661696	87.4825870646767
1580	80	1	74.53500000000003	49.64499999999999
1580	81	1	55.36999999999996	52.675000000000004
1580	82	1	174.68999999999994	148.73000000000005
1580	83	1	158.00497512437803	98.48258706467661
1580	84	1	49.85572139303483	68.23383084577117
1580	85	1	64.40796019900499	180.96517412935324
1580	86	1	32.31999999999998	164.65499999999997
1580	87	1	118.22000000000004	100.985
1580	88	1	136.2636815920398	133.88059701492543
1580	89	1	38.594999999999985	134.51999999999995
1590	1	2	9.858585858585856	9.616161616161614
1590	2	2	9.950000000000008	100.29000000000005
1590	3	2	10.120000000000005	190.11999999999992
1590	4	2	99.88000000000001	9.879999999999995
1590	5	2	100.12	99.88
1590	6	2	100.00000000000003	190.50000000000006
1590	7	2	189.87999999999997	9.879999999999995
1590	8	2	190.49999999999997	100
1590	9	2	189.61616161616163	190.14141414141412
1590	10	1	148.35175879396974	195.8391959798995
1590	11	1	191.27363184079604	138.1194029850746
1590	12	1	53.15841584158415	103.67326732673266
1590	13	1	179.11499999999995	76.94
1590	14	1	61.2613065326633	62.62311557788945
1590	15	1	26.58	153.09500000000006
1590	16	1	50.12499999999997	43.455000000000005
1590	17	1	194.675	21.419999999999995
1590	18	1	48.735000000000014	4.280000000000002
1590	19	1	65.8955223880597	101.48258706467652
1590	20	1	118.24500000000002	133.40999999999988
1590	21	1	141.10499999999996	109.99
1590	22	1	33.792929292929294	121.61111111111111
1590	23	1	158.78499999999988	24.285000000000004
1590	24	1	172.00499999999985	109.46000000000001
1590	25	1	146.31343283582095	28.910447761194
1590	26	1	152.92039800995022	65.75124378109453
1590	27	1	137.82000000000005	17.935000000000006
1590	28	1	139.65	167.50000000000003
1590	29	1	140.01010101010093	120.87373737373734
1590	30	1	154.4221105527638	76.2462311557789
1590	31	1	149.1144278606965	11.542288557213935
1590	32	1	101.80597014925375	120.19402985074625
1590	33	1	50.89552238805971	128.20895522388065
1590	34	1	147.50000000000003	184.31999999999996
1590	35	1	170.68499999999992	96.54499999999999
1590	36	1	63.293532338308445	37.80597014925374
1590	37	1	166.01990049751237	136.03482587064687
1590	38	1	156.22500000000002	111.99500000000003
1590	39	1	183.94029850746264	29.87562189054727
1590	40	1	26.65000000000001	113.08499999999998
1590	41	1	2.376884422110551	137.93969849246247
1590	42	1	53.85074626865672	77.35323383084577
1590	43	1	140.29353233830847	97.78606965174124
1590	44	1	62.895	1.3800000000000006
1590	45	1	182.3115577889446	128.25125628140697
1590	46	1	170.625	67.30000000000001
1590	47	1	78.34170854271353	37.78894472361807
1590	48	1	64.10396039603962	91.38118811881185
1590	49	1	170.7313432835822	33.19402985074623
1590	50	1	124.16499999999999	174.3049999999999
1590	51	1	155.27999999999992	124.26999999999994
1590	52	1	171.26368159203975	21.542288557213936
1590	53	1	149.12500000000003	172.02499999999995
1590	54	1	52.52000000000002	14.704999999999997
1590	55	1	78.94	15.364999999999998
1590	56	1	54.964999999999996	25.959999999999987
1590	57	1	43.41089108910892	155.0891089108911
1590	58	1	54.16915422885569	190.18407960199
1590	59	1	66.96499999999995	82.06499999999997
1590	60	1	133.10500000000008	6.83
1590	61	1	45.91500000000001	181.97499999999994
1590	62	1	11.47029702970297	125.33168316831684
1590	63	1	168.77000000000007	123.99000000000002
1590	64	1	9.040000000000004	148.42
1590	65	1	38.96019900497512	57.0049751243781
1590	66	1	166.75500000000002	84.15499999999997
1590	67	1	125.30845771144281	122.59701492537317
1590	68	1	147.2871287128711	87.12871287128712
1590	69	1	54.93532338308457	118.27363184079597
1590	70	1	19.825	134.44499999999994
1590	71	1	158.305	5.134999999999998
1590	72	1	72.681592039801	62.373134328358226
1590	73	1	28.105527638190946	142.37688442211058
1590	74	1	43.65671641791045	109.98507462686564
1590	75	1	105.42786069651737	134.84577114427864
1590	76	1	182.5273631840796	147.44776119402988
1590	77	1	127.44221105527642	106.35678391959802
1590	78	1	67.15346534653467	20.826732673267323
1590	79	1	130.80099502487568	86.12437810945279
1590	80	1	75.21000000000001	48.925000000000026
1590	81	1	55.589999999999996	52.11
1590	82	1	173.50990099009908	147.77227722772273
1590	83	1	157.545	97.42500000000005
1590	84	1	50.04	67.10000000000002
1590	85	1	63.40594059405942	179.5841584158416
1590	86	1	32.49504950495048	163.11386138613864
1590	87	1	119.00000000000001	99.71500000000005
1590	88	1	135.74500000000003	133.22000000000003
1590	89	1	38.86567164179105	133.8457711442786
1600	1	2	9.858585858585856	9.616161616161614
1600	2	2	9.950000000000008	100.29000000000005
1600	3	2	10.120000000000005	190.11999999999992
1600	4	2	99.88000000000001	9.879999999999995
1600	5	2	100.12	99.88
1600	6	2	100.00000000000003	190.50000000000006
1600	7	2	189.87999999999997	9.879999999999995
1600	8	2	190.49999999999997	100
1600	9	2	189.61616161616163	190.14141414141412
1600	10	1	148.18407960199005	195.16417910447763
1600	11	1	190.06000000000003	138.57000000000002
1600	12	1	53.83084577114425	103.17412935323384
1600	13	1	178.77611940298493	75.81592039800995
1600	14	1	61.93	61.71499999999998
1600	15	1	25.904999999999998	151.8400000000001
1600	16	1	50.97000000000002	41.81000000000001
1600	17	1	193.63	21.804999999999986
1600	18	1	49.51485148514851	2.039603960396036
1600	19	1	66.61691542288558	99.92039800995023
1600	20	1	119.21105527638193	133.4673366834171
1600	21	1	140.98499999999996	109.29499999999997
1600	22	1	33.3819095477387	120.40703517587939
1600	23	1	158.28855721393037	23.98507462686567
1600	24	1	171.11499999999998	109.91499999999998
1600	25	1	145.21000000000006	28.480000000000015
1600	26	1	153.0497512437811	64.83084577114425
1600	27	1	136.60999999999996	17.550000000000004
1600	28	1	139.61499999999998	166.10499999999996
1600	29	1	139.83999999999995	120.42500000000003
1600	30	1	153.66666666666674	75.05970149253729
1600	31	1	148.10447761194027	11.776119402985072
1600	32	1	101.25247524752477	122.25247524752479
1600	33	1	51.08457711442785	127.05472636815921
1600	34	1	147.0247524752474	183.7970297029703
1600	35	1	169.745	96.29000000000005
1600	36	1	64.13930348258707	37.11940298507464
1600	37	1	164.57000000000008	135.66000000000017
1600	38	1	155.86934673366832	110.85929648241206
1600	39	1	183.24000000000004	30.085000000000015
1600	40	1	24.98	113.23
1600	41	1	1.0049999999999992	138.85500000000008
1600	42	1	53.21999999999998	76.13500000000003
1600	43	1	140.11055276381913	97.00502512562811
1600	44	1	62.72139303482589	0.4676616915422885
1600	45	1	181.42	128.54499999999993
1600	46	1	170.25499999999994	66.78
1600	47	1	78.71000000000001	37.13500000000001
1600	48	1	63.749999999999986	90.64999999999999
1600	49	1	169.0703517587939	32.341708542713555
1600	50	1	124.94500000000002	173.1600000000001
1600	51	1	154.63999999999993	123.54999999999997
1600	52	1	171.08457711442793	20.338308457711452
1600	53	1	147.58415841584159	170.96039603960395
1600	54	1	50.80999999999999	14.135000000000005
1600	55	1	77.51485148514851	15.460396039603955
1600	56	1	53.93467336683419	25.040201005025118
1600	57	1	43.88557213930347	154.46268656716418
1600	58	1	55.15841584158418	188.72277227722788
1600	59	1	66.35000000000001	81.37499999999997
1600	60	1	132.6567164179105	6.786069651741297
1600	61	1	45.18407960199004	181.3184079601989
1600	62	1	10.727722772277225	125.79207920792078
1600	63	1	168.23880597014926	123.52736318407956
1600	64	1	9.390000000000006	147.59999999999997
1600	65	1	39.57213930348259	55.93532338308457
1600	66	1	167.01990049751237	83.21393034825867
1600	67	1	124.0201005025126	121.1407035175879
1600	68	1	146.7349999999999	85.86000000000004
1600	69	1	54.29353233830846	117.32835820895525
1600	70	1	20.58910891089109	133.33663366336629
1600	71	1	157.43500000000003	5.129999999999967
1600	72	1	72.89949748743719	62.20603015075376
1600	73	1	29.064676616915424	141.4228855721392
1600	74	1	43.079601990049746	108.75621890547268
1600	75	1	107.34499999999994	135.68500000000003
1600	76	1	181.47	148.07500000000005
1600	77	1	127.80099502487563	105.58208955223881
1600	78	1	65.99502487562191	20.92039800995024
1600	79	1	130.98999999999992	85.07
1600	80	1	75.24500000000003	48.230000000000004
1600	81	1	56.17	51.29499999999999
1600	82	1	172.23499999999996	146.41500000000002
1600	83	1	157.04000000000005	95.63999999999997
1600	84	1	50.4179104477612	66.15422885572136
1600	85	1	62.64356435643565	178.1287128712872
1600	86	1	32.63184079601989	161.64676616915423
1600	87	1	119.35500000000002	98.60499999999996
1600	88	1	135.42499999999998	132.22499999999994
1600	89	1	39.6915422885572	132.66666666666663
1610	1	2	9.858585858585856	9.616161616161614
1610	2	2	9.950000000000008	100.29000000000005
1610	3	2	10.120000000000005	190.11999999999992
1610	4	2	99.88000000000001	9.879999999999995
1610	5	2	100.12	99.88
1610	6	2	100.00000000000003	190.50000000000006
1610	7	2	189.87999999999997	9.879999999999995
1610	8	2	190.49999999999997	100
1610	9	2	189.61616161616163	190.14141414141412
1610	10	1	147.40394088669947	194.74384236453201
1610	11	1	188.9651741293532	139.3333333333334
1610	12	1	54.71641791044775	102.49253731343279
1610	13	1	179.55999999999995	74.08000000000004
1610	14	1	62.134328358208954	60.955223880597025
1610	15	1	24.840796019900484	150.8358208955224
1610	16	1	51.35499999999999	40.67999999999997
1610	17	1	192.115	22.735000000000014
1610	18	1	49.610000000000014	0.7299999999999991
1610	19	1	68.07462686567166	99.04477611940295
1610	20	1	120.28358208955227	134.15422885572139
1610	21	1	141.0746268656717	108.38308457711447
1610	22	1	33.079601990049746	119.26368159203982
1610	23	1	157.6850000000001	23.40499999999999
1610	24	1	169.79601990049755	110.0398009950249
1610	25	1	144.5174129353234	28.064676616915424
1610	26	1	153.27363184079593	64.03980099502489
1610	27	1	135.59203980099488	17.626865671641784
1610	28	1	139.46999999999997	164.97500000000005
1610	29	1	139.89	119.94500000000004
1610	30	1	151.79999999999987	74.29000000000003
1610	31	1	147.015	11.79
1610	32	1	100.74752475247529	123.74257425742577
1610	33	1	50.965000000000025	125.89499999999998
1610	34	1	147.0398009950248	182.26865671641787
1610	35	1	168.91044776119412	95.2686567164179
1610	36	1	64.27363184079603	36.67661691542288
1610	37	1	163.73500000000004	135.21499999999997
1610	38	1	155.58499999999995	109.55499999999999
1610	39	1	182.34328358208953	29.6865671641791
1610	40	1	23.000000000000004	113.58910891089114
1610	41	1	199.505	139.5050000000002
1610	42	1	52.6865671641791	75.16417910447755
1610	43	1	139.49000000000012	95.93999999999998
1610	44	1	62.80999999999999	199.235
1610	45	1	181.01990049751234	128.70646766169168
1610	46	1	169.22	66.61499999999995
1610	47	1	78.34328358208958	36.124378109452714
1610	48	1	63.38190954773868	90.05527638190952
1610	49	1	167.59701492537314	31.800995024875636
1610	50	1	125.99999999999999	171.7099999999999
1610	51	1	153.9900497512438	122.81592039800996
1610	52	1	170.8805970149253	19.36815920398011
1610	53	1	147.04020100502515	170.00502512562815
1610	54	1	49.724999999999994	12.854999999999999
1610	55	1	75.49000000000004	15.315000000000001
1610	56	1	53.28217821782178	23.599009900990115
1610	57	1	43.262376237623755	153.47524752475243
1610	58	1	55.20895522388059	187.7611940298508
1610	59	1	66.14925373134331	80.5174129353234
1610	60	1	132.015	6.765000000000009
1610	61	1	44.089999999999996	180.435
1610	62	1	9.650000000000002	126.91500000000003
1610	63	1	167.3819095477386	123.27638190954772
1610	64	1	10.267326732673267	146.4059405940593
1610	65	1	39.79999999999999	54.96500000000002
1610	66	1	166.75879396984925	81.321608040201
1610	67	1	122.67661691542293	119.84079601990054
1610	68	1	146.45500000000004	84.62499999999999
1610	69	1	53.35353535353535	115.80303030303031
1610	70	1	21.584158415841586	131.69801980198028
1610	71	1	156.68159203980105	5.069651741293399
1610	72	1	73.085	62.15000000000001
1610	73	1	30.138613861386133	140.26237623762373
1610	74	1	42.149253731343286	107.62686567164178
1610	75	1	108.87499999999997	135.9250000000001
1610	76	1	180.04499999999993	148.69
1610	77	1	128.01	105.06500000000001
1610	78	1	64.835	20.539999999999992
1610	79	1	130.80099502487556	83.14427860696522
1610	80	1	75.63681592039802	47.86069651741296
1610	81	1	56.432835820895534	50.5721393034826
1610	82	1	170.86138613861374	145.57425742574256
1610	83	1	156.47500000000002	93.88
1610	84	1	50.666666666666664	65.28855721393035
1610	85	1	62.17910447761197	177.46766169154236
1610	86	1	33.24	160.54
1610	87	1	120.49999999999997	96.91000000000007
1610	88	1	134.7860696517412	131.04975124378123
1610	89	1	40.88557213930346	131.9601990049751
1620	1	2	9.858585858585856	9.616161616161614
1620	2	2	9.950000000000008	100.29000000000005
1620	3	2	10.120000000000005	190.11999999999992
1620	4	2	99.88000000000001	9.879999999999995
1620	5	2	100.12	99.88
1620	6	2	100.00000000000003	190.50000000000006
1620	7	2	189.87999999999997	9.879999999999995
1620	8	2	190.49999999999997	100
1620	9	2	189.61616161616163	190.14141414141412
1620	10	1	146.29702970297018	193.60891089108927
1620	11	1	188.08955223880594	140.05472636815932
1620	12	1	55.38308457711441	101.40796019900495
1620	13	1	179.72499999999988	72.185
1620	14	1	62.59798994974877	60.06532663316585
1620	15	1	24.205000000000002	150.15500000000003
1620	16	1	52.243781094527364	39.75621890547265
1620	17	1	190.655	23.494999999999987
1620	18	1	49.62500000000002	199.145
1620	19	1	69.9009900990099	98.46039603960395
1620	20	1	121.99004975124383	134.50248756218906
1620	21	1	141.01000000000005	107.26999999999995
1620	22	1	33.21999999999997	117.59500000000001
1620	23	1	156.69651741293526	23.34328358208955
1620	24	1	169.28855721393035	109.16915422885573
1620	25	1	143.50753768844214	27.854271356783922
1620	26	1	153.66169154228857	63.09950248756219
1620	27	1	135.01990049751225	17.044776119402997
1620	28	1	139.33830845771135	163.65174129353233
1620	29	1	140.04000000000002	118.70999999999998
1620	30	1	151.20398009950247	73.25870646766174
1620	31	1	145.91500000000013	11.389999999999997
1620	32	1	100.66666666666667	124.74626865671644
1620	33	1	49.835	124.72999999999999
1620	34	1	147.3930348258706	180.6716417910448
1620	35	1	168.1442786069654	94.05970149253729
1620	36	1	64.78999999999998	36.19499999999999
1620	37	1	163.34328358208955	134.06965174129357
1620	38	1	156.02487562189057	108.28358208955223
1620	39	1	181.08415841584156	29.430693069306933
1620	40	1	21.608910891089117	113.83663366336634
1620	41	1	198.095	140.10999999999999
1620	42	1	52.17999999999999	73.93499999999996
1620	43	1	139.04975124378103	94.58706467661689
1620	44	1	62.524999999999984	198.955
1620	45	1	180.48999999999995	128.92000000000002
1620	46	1	169.18905472636803	65.30845771144277
1620	47	1	78.29499999999999	34.72499999999999
1620	48	1	62.66666666666665	89.24875621890544
1620	49	1	165.98009950248763	31.28358208955223
1620	50	1	126.30348258706465	170.16915422885566
1620	51	1	153.47499999999994	121.97999999999999
1620	52	1	170.53233830845758	17.93532338308456
1620	53	1	146.10552763819092	169.37185929648243
1620	54	1	48.57500000000002	11.699999999999994
1620	55	1	74.24378109452735	14.60696517412936
1620	56	1	52.4776119402985	22.487562189054728
1620	57	1	42.60696517412935	152.61691542288548
1620	58	1	55.02020202020199	186.9848484848487
1620	59	1	66.06930693069309	79.65841584158412
1620	60	1	130.84577114427861	6.537313432835821
1620	61	1	42.95544554455446	179.69801980198017
1620	62	1	8.895000000000003	127.25000000000007
1620	63	1	166.61000000000007	122.875
1620	64	1	11.606965174129355	145.01492537313433
1620	65	1	39.8905472636816	53.76616915422884
1620	66	1	166.84999999999994	79.76000000000005
1620	67	1	122.24752475247519	118.36633663366341
1620	68	1	146.5226130653266	83.6984924623116
1620	69	1	53.28855721393033	114.3731343283582
1620	70	1	21.895	130.13499999999996
1620	71	1	155.50248756218903	5.144278606965171
1620	72	1	73.24120603015072	61.964824120603026
1620	73	1	29.985	138.94
1620	74	1	41.399999999999984	106.38500000000002
1620	75	1	110.38805970149257	136.26368159203992
1620	76	1	178.89108910891088	148.67326732673263
1620	77	1	127.93500000000002	104.29500000000006
1620	78	1	63.66999999999998	20.874999999999993
1620	79	1	130.62000000000003	81.01499999999992
1620	80	1	75.94000000000003	47.245
1620	81	1	56.049999999999976	49.725000000000016
1620	82	1	169.295	144.93000000000006
1620	83	1	156.00999999999993	92.34000000000003
1620	84	1	51.20999999999999	64.36
1620	85	1	60.83582089552238	176.86069651741295
1620	86	1	33.53500000000002	159.65000000000006
1620	87	1	121.29353233830855	94.71641791044773
1620	88	1	134.60499999999996	129.29999999999993
1620	89	1	40.960000000000015	131.05
1630	1	2	9.858585858585856	9.616161616161614
1630	2	2	9.950000000000008	100.29000000000005
1630	3	2	10.120000000000005	190.11999999999992
1630	4	2	99.88000000000001	9.879999999999995
1630	5	2	100.12	99.88
1630	6	2	100.00000000000003	190.50000000000006
1630	7	2	189.87999999999997	9.879999999999995
1630	8	2	190.49999999999997	100
1630	9	2	189.61616161616163	190.14141414141412
1630	10	1	145.22388059701495	193.44278606965173
1630	11	1	186.76999999999998	140.85499999999993
1630	12	1	56.343283582089576	100.56716417910445
1630	13	1	180.04499999999993	70.095
1630	14	1	63.313432835820905	59.24875621890548
1630	15	1	23.93034825870647	148.83582089552237
1630	16	1	52.398009950248785	38.35323383084575
1630	17	1	189.32500000000013	24.08999999999999
1630	18	1	49.865000000000016	197.5
1630	19	1	71.19402985074618	97.12935323383086
1630	20	1	123.11881188118815	134.06930693069296
1630	21	1	141.81094527363186	105.66666666666667
1630	22	1	33.069651741293534	116.37313432835822
1630	23	1	155.915	23.394999999999992
1630	24	1	168.93499999999995	108.53499999999995
1630	25	1	143.20895522388045	27.144278606965166
1630	26	1	154.04499999999996	62.230000000000004
1630	27	1	134.28140703517596	16.231155778894454
1630	28	1	139.81592039800995	162.1592039800994
1630	29	1	140.91959798994966	117.2110552763819
1630	30	1	150.5148514851485	72.5693069306931
1630	31	1	144.61881188118812	11.534653465346532
1630	32	1	100.78	126.18500000000003
1630	33	1	49.38000000000001	123.49499999999999
1630	34	1	146.9899999999999	179.38999999999984
1630	35	1	168.52736318407958	92.33830845771142
1630	36	1	64.99999999999999	35.660000000000004
1630	37	1	162.90999999999997	133.25999999999993
1630	38	1	156.71641791044772	106.89054726368161
1630	39	1	180.10447761194033	28.84577114427862
1630	40	1	20.599999999999994	113.47
1630	41	1	196.6417910447761	140.45771144278606
1630	42	1	51.671641791044756	72.99004975124373
1630	43	1	138.30348258706456	93.10447761194027
1630	44	1	62.360000000000014	198.935
1630	45	1	180.14000000000004	129.10999999999993
1630	46	1	169.2361809045227	64.49246231155772
1630	47	1	77.64179104477616	32.8407960199005
1630	48	1	62.88557213930348	88.35820895522387
1630	49	1	164.81592039800992	30.587064676616908
1630	50	1	126.645	169.04000000000008
1630	51	1	152.4422110552764	121.79899497487432
1630	52	1	170.22999999999993	16.72499999999998
1630	53	1	145.63681592039808	168.65671641791047
1630	54	1	47.56930693069308	10.148514851485148
1630	55	1	73.34328358208957	13.86567164179104
1630	56	1	51.66666666666667	20.37313432835822
1630	57	1	42.41791044776117	152.21890547263666
1630	58	1	54.79000000000001	185.975
1630	59	1	65.91542288557211	78.98507462686571
1630	60	1	128.1940298507463	6.89054726368159
1630	61	1	41.78109452736317	178.2835820895522
1630	62	1	8.634999999999996	127.54500000000003
1630	63	1	165.39499999999998	122.84
1630	64	1	11.825870646766171	143.49751243781088
1630	65	1	40.383084577114424	52.626865671641774
1630	66	1	167.48768472906403	78.69950738916258
1630	67	1	122.37313432835822	116.35323383084572
1630	68	1	147.17910447761187	83.02487562189057
1630	69	1	53.24	113.24999999999999
1630	70	1	22.330000000000005	128.65999999999997
1630	71	1	154.48	5.015000000000002
1630	72	1	73.47	62.1
1630	73	1	30.417910447761194	137.6517412935325
1630	74	1	41.144278606965145	105.57213930348257
1630	75	1	111.95000000000002	135.99499999999995
1630	76	1	176.95499999999998	148.765
1630	77	1	127.41584158415834	103.20792079207921
1630	78	1	62.14500000000001	21.424999999999997
1630	79	1	131.0597014925373	78.84577114427864
1630	80	1	76.39303482587061	46.69154228855721
1630	81	1	56.41293532338309	48.850746268656714
1630	82	1	167.95999999999998	144.54000000000008
1630	83	1	156.21000000000004	91.26000000000003
1630	84	1	51.625	63.41499999999998
1630	85	1	59.98999999999998	176.10999999999996
1630	86	1	33.325	158.71500000000003
1630	87	1	121.8712871287129	92.4405940594059
1630	88	1	133.0398009950248	127.2537313432836
1630	89	1	41.65000000000002	130.42
1640	1	2	9.858585858585856	9.616161616161614
1640	2	2	9.950000000000008	100.29000000000005
1640	3	2	10.120000000000005	190.11999999999992
1640	4	2	99.88000000000001	9.879999999999995
1640	5	2	100.12	99.88
1640	6	2	100.00000000000003	190.50000000000006
1640	7	2	189.87999999999997	9.879999999999995
1640	8	2	190.49999999999997	100
1640	9	2	189.61616161616163	190.14141414141412
1640	10	1	144.25870646766154	192.87562189054725
1640	11	1	185.42288557213925	142.17910447761193
1640	12	1	57.40499999999999	99.88499999999999
1640	13	1	180.40796019900498	68.70149253731337
1640	14	1	63.62189054726368	58.22885572139302
1640	15	1	23.184079601990053	147.8457711442787
1640	16	1	52.34500000000003	37.329999999999984
1640	17	1	187.935	24.789999999999996
1640	18	1	49.248756218905484	196.89054726368158
1640	19	1	72.27227722772274	96.51980198019804
1640	20	1	124.2871287128713	134.04950495049508
1640	21	1	141.54228855721388	104.34328358208963
1640	22	1	32.23000000000001	115.73
1640	23	1	154.56500000000008	23.660000000000004
1640	24	1	168.21500000000003	108.02999999999999
1640	25	1	142.66834170854258	26.467336683417066
1640	26	1	154.74752475247521	61.15346534653464
1640	27	1	133.5572139303482	15.706467661691542
1640	28	1	140.42574257425744	160.49504950495043
1640	29	1	141.6499999999998	115.52499999999999
1640	30	1	150.41791044776116	71.57711442786066
1640	31	1	143.4975124378109	11.348258706467663
1640	32	1	102.64179104477614	126.4626865671642
1640	33	1	49.114427860696495	122.18905472636813
1640	34	1	147.70149253731338	177.820895522388
1640	35	1	168.3432835820895	91.09950248756225
1640	36	1	65.46231155778896	35.51256281407035
1640	37	1	162.70646766169145	132.73631840796014
1640	38	1	156.99999999999994	105.55500000000002
1640	39	1	178.6767676767677	28.303030303030294
1640	40	1	19.37313432835821	113.53731343283582
1640	41	1	195.49253731343285	141.06467661691548
1640	42	1	50.73500000000001	71.99500000000003
1640	43	1	138.5771144278608	91.66666666666673
1640	44	1	62.17412935323384	198.60696517412936
1640	45	1	180.26000000000002	129.27999999999997
1640	46	1	169.74500000000003	63.354999999999976
1640	47	1	76.59701492537313	30.860696517412933
1640	48	1	63.58415841584159	87.56930693069302
1640	49	1	163.60199004975118	30.029850746268643
1640	50	1	126.62686567164178	168.2089552238805
1640	51	1	151.12871287128715	121.76732673267331
1640	52	1	169.3415841584157	16.217821782178223
1640	53	1	145.37500000000006	168.145
1640	54	1	47.44776119402985	8.711442786069654
1640	55	1	72.47500000000002	13.259999999999991
1640	56	1	50.73267326732674	19.361386138613852
1640	57	1	41.975	151.48500000000004
1640	58	1	54.139303482587046	185.402985074627
1640	59	1	65.05499999999999	78.25499999999998
1640	60	1	126.77114427860698	5.771144278606967
1640	61	1	40.388059701492544	177.03980099502482
1640	62	1	8.3	127.98499999999999
1640	63	1	165.15999999999994	122.46000000000004
1640	64	1	11.430693069306935	142.21782178217825
1640	65	1	40.71641791044775	51.67164179104474
1640	66	1	167.97500000000002	77.435
1640	67	1	123.12376237623766	114.55940594059405
1640	68	1	146.99499999999998	82.12999999999997
1640	69	1	53.14070351758796	112.17587939698494
1640	70	1	23.12000000000001	127.62500000000007
1640	71	1	153.29999999999995	4.884999999999999
1640	72	1	73.62500000000003	61.90499999999999
1640	73	1	30.60696517412938	136.94029850746273
1640	74	1	41.01492537313432	105.03980099502485
1640	75	1	113.08374384236451	136.4778325123151
1640	76	1	175.47761194029852	148.56716417910437
1640	77	1	126.53731343283586	101.8258706467661
1640	78	1	60.810945273631866	21.766169154228862
1640	79	1	131.07462686567172	76.37313432835822
1640	80	1	77.12000000000003	46.12000000000003
1640	81	1	56.603015075376874	48.06030150753769
1640	82	1	166.76119402985083	145.0696517412936
1640	83	1	156.56218905472633	89.85572139303486
1640	84	1	52.065	62.72999999999998
1640	85	1	57.98492462311557	175.92462311557793
1640	86	1	32.379999999999995	157.71999999999989
1640	87	1	122.90500000000003	90.07999999999997
1640	88	1	131.59500000000008	125.49999999999997
1640	89	1	42.24378109452735	129.8059701492537
1650	1	2	9.858585858585856	9.616161616161614
1650	2	2	9.950000000000008	100.29000000000005
1650	3	2	10.120000000000005	190.11999999999992
1650	4	2	99.88000000000001	9.879999999999995
1650	5	2	100.12	99.88
1650	6	2	100.00000000000003	190.50000000000006
1650	7	2	189.87999999999997	9.879999999999995
1650	8	2	190.49999999999997	100
1650	9	2	189.61616161616163	190.14141414141412
1650	10	1	143.24499999999992	192.525
1650	11	1	184.06030150753773	143.3417085427135
1650	12	1	58.2139303482587	98.83084577114427
1650	13	1	180.70646766169156	67.88059701492539
1650	14	1	64.49000000000001	56.59
1650	15	1	22.870646766169177	146.865671641791
1650	16	1	51.57500000000001	35.65499999999999
1650	17	1	186.8159203980099	25.666666666666668
1650	18	1	48.25870646766168	196.19402985074626
1650	19	1	72.805	95.92000000000006
1650	20	1	124.78999999999998	133.8300000000001
1650	21	1	141.46039603960406	103.22772277227725
1650	22	1	32.16915422885572	115.09950248756223
1650	23	1	153.5699999999999	23.72999999999999
1650	24	1	167.77611940298502	107.3034825870646
1650	25	1	141.7313432835821	26.039800995024862
1650	26	1	155.89000000000004	60.24999999999999
1650	27	1	132.77114427860695	15.04975124378109
1650	28	1	140.95024875621894	158.7910447761194
1650	29	1	142.32835820895508	114.15920398009948
1650	30	1	150.25373134328356	70.59701492537314
1650	31	1	142.72139303482572	10.731343283582088
1650	32	1	103.95522388059703	127.36318407960198
1650	33	1	48.86069651741292	120.726368159204
1650	34	1	148.26368159203966	176.66169154228854
1650	35	1	168.43499999999997	90.16500000000003
1650	36	1	65.94029850746271	35.14925373134328
1650	37	1	163.13930348258714	131.87064676616907
1650	38	1	157.17676767676758	104.24747474747468
1650	39	1	177.4158415841584	28.07425742574257
1650	40	1	18.72139303482586	113.29353233830844
1650	41	1	194.16915422885572	141.9800995024876
1650	42	1	50.16256157635468	70.50738916256162
1650	43	1	138.29207920792086	90.53960396039597
1650	44	1	61.83582089552241	197.91542288557213
1650	45	1	180.39999999999984	129.55999999999995
1650	46	1	170.4776119402984	62.09950248756215
1650	47	1	76.07425742574256	29.237623762376238
1650	48	1	64.11000000000001	86.45499999999998
1650	49	1	162.20895522388054	29.4179104477612
1650	50	1	126.80500000000004	167.7750000000001
1650	51	1	150.34673366834164	121.4924623115578
1650	52	1	169.085	14.95
1650	53	1	144.86500000000012	167.79500000000002
1650	54	1	47.59999999999998	7.235
1650	55	1	71.84499999999998	12.555000000000001
1650	56	1	50.36180904522613	18.211055276381902
1650	57	1	41.58500000000004	150.70499999999996
1650	58	1	54.199004975124346	184.58706467661685
1650	59	1	63.12871287128717	77.32673267326734
1650	60	1	125.49253731343283	5.353233830845769
1650	61	1	39.84158415841584	176.05445544554448
1650	62	1	8.16417910447761	128.8208955223881
1650	63	1	164.41089108910887	122.03960396039608
1650	64	1	10.63	141.3950000000001
1650	65	1	40.792079207920786	50.42079207920794
1650	66	1	168.83084577114445	76.4776119402985
1650	67	1	123.384236453202	113.10837438423651
1650	68	1	147.4999999999999	81.19306930693075
1650	69	1	53.655000000000015	110.545
1650	70	1	23.855721393034813	126.86567164179105
1650	71	1	152.12500000000006	4.550000000000001
1650	72	1	73.90452261306532	61.427135678391956
1650	73	1	29.77999999999999	135.93000000000004
1650	74	1	40.290000000000006	104.49999999999999
1650	75	1	113.98499999999999	136.77999999999992
1650	76	1	174.54228855721382	148.57711442786075
1650	77	1	126.48500000000003	100.82500000000002
1650	78	1	60.095000000000006	21.275
1650	79	1	131.31840796019898	74.547263681592
1650	80	1	78.05472636815915	45.14427860696517
1650	81	1	57.07999999999997	46.83
1650	82	1	165.70499999999998	145.02000000000007
1650	83	1	156.94527363184073	88.41791044776116
1650	84	1	52.71	61.339999999999996
1650	85	1	56.25000000000003	175.33499999999992
1650	86	1	31.407960199004975	157.00995024875616
1650	87	1	123.497512437811	87.83084577114425
1650	88	1	130.88059701492537	123.82587064676613
1650	89	1	43.10500000000004	128.82499999999996
1660	1	2	9.858585858585856	9.616161616161614
1660	2	2	9.950000000000008	100.29000000000005
1660	3	2	10.120000000000005	190.11999999999992
1660	4	2	99.88000000000001	9.879999999999995
1660	5	2	100.12	99.88
1660	6	2	100.00000000000003	190.50000000000006
1660	7	2	189.87999999999997	9.879999999999995
1660	8	2	190.49999999999997	100
1660	9	2	189.61616161616163	190.14141414141412
1660	10	1	142.73631840796023	191.33333333333334
1660	11	1	182.97999999999993	144.89500000000004
1660	12	1	58.89054726368161	97.93034825870649
1660	13	1	181.01492537313436	66.85074626865676
1660	14	1	64.85074626865674	55.069651741293534
1660	15	1	22.811881188118807	145.99504950495052
1660	16	1	51.46534653465347	34.311881188118804
1660	17	1	185.1791044776119	26.656716417910445
1660	18	1	47.83499999999997	195.39
1660	19	1	73.2	95.055
1660	20	1	125.62686567164181	133.2985074626865
1660	21	1	140.5572139303482	102.33830845771146
1660	22	1	32.16915422885572	114.60696517412933
1660	23	1	152.63316582914572	23.77889447236182
1660	24	1	167.0447761194031	106.71641791044775
1660	25	1	140.72139303482587	25.616915422885572
1660	26	1	157.60301507537693	59.08542713567838
1660	27	1	131.65829145728648	13.70854271356784
1660	28	1	141.67164179104475	156.9054726368159
1660	29	1	142.62500000000006	112.94
1660	30	1	150.00995024875607	69.55721393034823
1660	31	1	141.96534653465343	10.277227722772277
1660	32	1	106.01485148514853	127.26732673267327
1660	33	1	49.119402985074615	119.30845771144281
1660	34	1	148.6119402985076	175.3084577114427
1660	35	1	168.52500000000006	89.39499999999997
1660	36	1	67.49253731343286	34.98009950248755
1660	37	1	163.29145728643203	131.0100502512564
1660	38	1	156.70297029702965	103.32178217821784
1660	39	1	175.68500000000003	28.07
1660	40	1	17.48499999999999	113.22500000000004
1660	41	1	192.83084577114428	142.73134328358216
1660	42	1	49.71641791044777	69.24875621890544
1660	43	1	138.16000000000003	89.725
1660	44	1	61.67164179104478	197.70149253731344
1660	45	1	179.84158415841588	130.35148514851474
1660	46	1	171.139303482587	61.0597014925373
1660	47	1	76.06500000000003	27.754999999999995
1660	48	1	64.7114427860697	85.29353233830842
1660	49	1	161.52999999999997	28.375000000000018
1660	50	1	126.51243781094529	166.7462686567164
1660	51	1	149.1949999999999	121.53999999999999
1660	52	1	168.59798994974878	13.62311557788945
1660	53	1	144.2089552238805	167.07960199004975
1660	54	1	47.39800995024876	5.910447761194031
1660	55	1	70.97512437810941	11.975124378109442
1660	56	1	49.35323383084574	17.308457711442795
1660	57	1	41.135000000000005	150.01999999999995
1660	58	1	54.09499999999999	183.885
1660	59	1	62.07462686567167	76.62686567164178
1660	60	1	124.60199004975121	4.5870646766169205
1660	61	1	39.373134328358184	174.93532338308466
1660	62	1	7.582914572864322	129.7035175879398
1660	63	1	163.79499999999996	121.48000000000003
1660	64	1	10.009950248756223	140.80099502487562
1660	65	1	41.15422885572139	49.238805970149286
1660	66	1	168.8811881188119	75.64356435643568
1660	67	1	123.53233830845775	112.06965174129351
1660	68	1	147.87064676616924	80.20895522388065
1660	69	1	54.0891089108911	108.95049504950497
1660	70	1	23.633165829145728	125.68844221105535
1660	71	1	151.11999999999998	4.579999999999999
1660	72	1	73.7064676616915	61.1393034825871
1660	73	1	29.215000000000003	134.775
1660	74	1	39.72636815920397	104.0149253731343
1660	75	1	115.03	137.42500000000004
1660	76	1	173.91000000000003	148.9950000000001
1660	77	1	126.4029850746269	99.81094527363187
1660	78	1	58.91000000000001	21.465
1660	79	1	132.2549999999999	72.88500000000006
1660	80	1	79.25870646766167	43.970149253731336
1660	81	1	57.55223880597021	45.726368159203986
1660	82	1	164.79104477611952	144.7164179104477
1660	83	1	157.04950495049505	87.56930693069312
1660	84	1	53.225	60.55500000000002
1660	85	1	54.58706467661688	174.59203980099508
1660	86	1	30.577114427860703	156.18407960199
1660	87	1	123.81592039800995	84.94029850746271
1660	88	1	129.74500000000006	122.37000000000003
1660	89	1	43.080000000000005	127.925
1670	1	2	9.858585858585856	9.616161616161614
1670	2	2	9.950000000000008	100.29000000000005
1670	3	2	10.120000000000005	190.11999999999992
1670	4	2	99.88000000000001	9.879999999999995
1670	5	2	100.12	99.88
1670	6	2	100.00000000000003	190.50000000000006
1670	7	2	189.87999999999997	9.879999999999995
1670	8	2	190.49999999999997	100
1670	9	2	189.61616161616163	190.14141414141412
1670	10	1	142.36683417085422	190.28643216080403
1670	11	1	182.18316831683174	145.61386138613864
1670	12	1	59.537313432835816	96.50746268656715
1670	13	1	180.68159203980105	66.44278606965176
1670	14	1	64.65174129353227	54.03980099502486
1670	15	1	22.30845771144278	145.23383084577117
1670	16	1	51.21890547263681	33.35820895522388
1670	17	1	183.97014925373128	27.19900497512437
1670	18	1	47.18499999999999	194.33
1670	19	1	73.97000000000001	94.04499999999996
1670	20	1	126.33333333333336	132.865671641791
1670	21	1	140.42000000000004	101.06499999999997
1670	22	1	32.09950248756218	114.32835820895522
1670	23	1	151.5323383084577	24.03482587064677
1670	24	1	166.20999999999995	105.91
1670	25	1	139.60199004975124	25.601990049751244
1670	26	1	158.47761194029854	57.71144278606964
1670	27	1	131.21999999999997	11.894999999999996
1670	28	1	141.36318407960204	155.5522388059701
1670	29	1	142.62686567164192	111.56716417910448
1670	30	1	149.90500000000003	68.48500000000001
1670	31	1	141.40796019900498	9.601990049751246
1670	32	1	107.29000000000003	127.71999999999997
1670	33	1	49.9950248756219	118.17910447761194
1670	34	1	148.0746268656717	174.85074626865688
1670	35	1	168.17999999999998	88.55499999999998
1670	36	1	68.3383084577114	34.06467661691541
1670	37	1	164.64999999999998	129.27999999999997
1670	38	1	156.39303482587061	102.31343283582086
1670	39	1	174.50999999999988	27.035000000000007
1670	40	1	16.542713567839186	113.42211055276384
1670	41	1	191.81407035175874	143.79396984924625
1670	42	1	49.572139303482615	67.98507462686565
1670	43	1	137.85572139303483	89.02487562189056
1670	44	1	61.25373134328361	197.44776119402985
1670	45	1	179.60999999999999	131.05000000000004
1670	46	1	172.1089108910891	59.64851485148515
1670	47	1	75.85148514851481	26.673267326732667
1670	48	1	64.88059701492539	84.10447761194025
1670	49	1	160.7574257425743	27.430693069306923
1670	50	1	126.615	166.3
1670	51	1	148.1442786069652	121.11940298507463
1670	52	1	168.31000000000006	11.840000000000005
1670	53	1	143.86138613861377	165.81683168316837
1670	54	1	47.22388059701494	4.696517412935326
1670	55	1	70.15	11.334999999999994
1670	56	1	48.574999999999996	16.405000000000015
1670	57	1	40.120000000000005	149.36999999999998
1670	58	1	54.81592039800994	182.7313432835822
1670	59	1	60.67000000000002	75.74000000000001
1670	60	1	123.66666666666664	4.482587064676618
1670	61	1	38.36633663366334	173.7722772277227
1670	62	1	6.925000000000001	130.31000000000006
1670	63	1	163.11442786069654	120.68159203980098
1670	64	1	9.705	140.27000000000007
1670	65	1	41.7	48.30999999999999
1670	66	1	169.05472636815918	74.69154228855723
1670	67	1	123.04455445544556	111.20792079207918
1670	68	1	148.44221105527637	79.2010050251256
1670	69	1	54.1094527363184	107.95522388059706
1670	70	1	23.965000000000007	124.82
1670	71	1	150.33333333333337	4.203980099502486
1670	72	1	73.75500000000002	60.165000000000006
1670	73	1	29.208955223880608	133.910447761194
1670	74	1	40.07960199004975	103.50746268656718
1670	75	1	116.28358208955217	137.80099502487553
1670	76	1	172.84079601990044	148.87064676616924
1670	77	1	126.1608040201005	98.80402010050251
1670	78	1	57.72361809045227	21.115577889447227
1670	79	1	132.53731343283576	71.3980099502488
1670	80	1	80.30348258706469	43.15422885572141
1670	81	1	59.208955223880594	44.427860696517406
1670	82	1	163.45544554455435	144.36633663366334
1670	83	1	157.07960199004967	86.46268656716423
1670	84	1	53.00000000000002	59.54726368159206
1670	85	1	52.605000000000004	173.87000000000006
1670	86	1	29.243781094527364	155.30845771144266
1670	87	1	124.42574257425741	82.99009900990093
1670	88	1	129.2985074626866	121.318407960199
1670	89	1	43.86567164179107	126.83084577114431
1680	1	2	9.858585858585856	9.616161616161614
1680	2	2	9.950000000000008	100.29000000000005
1680	3	2	10.120000000000005	190.11999999999992
1680	4	2	99.88000000000001	9.879999999999995
1680	5	2	100.12	99.88
1680	6	2	100.00000000000003	190.50000000000006
1680	7	2	189.87999999999997	9.879999999999995
1680	8	2	190.49999999999997	100
1680	9	2	189.61616161616163	190.14141414141412
1680	10	1	142.13432835820902	189.07462686567163
1680	11	1	181.01492537313442	146.84079601990047
1680	12	1	60.12935323383084	95.18407960199004
1680	13	1	180.99	65.77499999999998
1680	14	1	65.73000000000005	53.08999999999998
1680	15	1	21.924623115577887	144.36683417085436
1680	16	1	51.66169154228859	32.328358208955216
1680	17	1	182.67164179104472	27.30348258706467
1680	18	1	46.960000000000015	193.27499999999995
1680	19	1	74.58910891089113	92.54950495049505
1680	20	1	126.52000000000002	131.835
1680	21	1	139.79500000000007	100.11499999999994
1680	22	1	31.420792079207907	114.09900990099005
1680	23	1	150.51000000000002	23.35
1680	24	1	164.79499999999996	105.99999999999999
1680	25	1	138.47499999999994	24.415000000000006
1680	26	1	158.9303482587064	55.99502487562192
1680	27	1	130.1658291457286	10.145728643216076
1680	28	1	141.06965174129346	154.44278606965176
1680	29	1	142.29000000000008	110.59000000000003
1680	30	1	150.40796019900495	67.12935323383087
1680	31	1	140.42499999999998	9.405000000000006
1680	32	1	108.56716417910451	128.69154228855714
1680	33	1	50.60999999999996	116.71500000000003
1680	34	1	148.01499999999996	174.01000000000002
1680	35	1	168.36499999999992	87.61500000000005
1680	36	1	69.18499999999997	32.74999999999999
1680	37	1	165.22885572139305	128.1592039800994
1680	38	1	155.53731343283584	101.02487562189054
1680	39	1	173.24000000000004	25.685
1680	40	1	15.139999999999995	113.70500000000004
1680	41	1	190.42786069651734	144.7810945273632
1680	42	1	49.61691542288556	66.88059701492539
1680	43	1	138.05472636815932	88.23383084577118
1680	44	1	61.07499999999998	196.795
1680	45	1	179.59500000000006	131.64500000000004
1680	46	1	172.5572139303482	58.64676616915424
1680	47	1	75.65671641791037	25.34328358208955
1680	48	1	65.29850746268656	82.54726368159201
1680	49	1	159.569306930693	26.698019801980198
1680	50	1	126.11000000000003	166.12
1680	51	1	147.40000000000006	120.39999999999996
1680	52	1	167.78499999999988	10.424999999999997
1680	53	1	143.14499999999992	164.605
1680	54	1	47.03500000000002	3.235000000000001
1680	55	1	69.55223880597009	10.865671641791042
1680	56	1	47.939999999999976	15.595000000000004
1680	57	1	39.71144278606968	148.03980099502485
1680	58	1	55.771144278606975	181.30348258706476
1680	59	1	59.71000000000001	74.64000000000006
1680	60	1	122.06965174129354	4.467661691542288
1680	61	1	37.532663316582884	173.1507537688442
1680	62	1	6.1940298507462686	130.64179104477608
1680	63	1	162.56281407035172	119.9447236180904
1680	64	1	9.188118811881187	139.7574257425743
1680	65	1	42.55999999999999	47.06999999999999
1680	66	1	168.8199999999999	73.63500000000003
1680	67	1	122.50999999999998	110.305
1680	68	1	149.05000000000013	78.005
1680	69	1	54.9303482587065	107.02487562189059
1680	70	1	24.582089552238816	123.7512437810945
1680	71	1	149.66	3.3949999999999534
1680	72	1	73.59000000000003	59.61999999999999
1680	73	1	28.890000000000004	133.0450000000002
1680	74	1	40.746268656716424	103.1940298507463
1680	75	1	117.32000000000005	138.4899999999999
1680	76	1	171.4158415841583	148.49009900990112
1680	77	1	126.0796019900497	97.32338308457709
1680	78	1	57.24752475247526	19.83168316831683
1680	79	1	132.15920398009936	70.3482587064676
1680	80	1	80.9004975124378	41.9502487562189
1680	81	1	60.30653266331662	43.17085427135678
1680	82	1	162.22613065326635	143.6884422110554
1680	83	1	157.46039603960398	85.31188118811873
1680	84	1	52.56930693069308	58.02970297029705
1680	85	1	51.30693069306932	172.81683168316826
1680	86	1	28.757425742574256	154.2178217821783
1680	87	1	125.16	81.44499999999995
1680	88	1	128.36318407960195	119.9203980099503
1680	89	1	44.44500000000003	126.075
1690	1	2	9.858585858585856	9.616161616161614
1690	2	2	9.950000000000008	100.29000000000005
1690	3	2	10.120000000000005	190.11999999999992
1690	4	2	99.88000000000001	9.879999999999995
1690	5	2	100.12	99.88
1690	6	2	100.00000000000003	190.50000000000006
1690	7	2	189.87999999999997	9.879999999999995
1690	8	2	190.49999999999997	100
1690	9	2	189.61616161616163	190.14141414141412
1690	10	1	142.03482587064676	188.134328358209
1690	11	1	180.36815920398007	147.27860696517413
1690	12	1	60.502487562189046	94.13432835820896
1690	13	1	181.86069651741306	64.60199004975124
1690	14	1	66.53266331658295	52.1105527638191
1690	15	1	21.70500000000001	143.575
1690	16	1	51.293532338308445	31.189054726368166
1690	17	1	180.97014925373134	27.44776119402984
1690	18	1	46.163366336633636	192.2673267326732
1690	19	1	74.38613861386136	91.6039603960396
1690	20	1	127.14000000000007	131.02000000000007
1690	21	1	139.62000000000006	99.25999999999999
1690	22	1	30.221105527638198	113.7738693467337
1690	23	1	149.55721393034827	22.920398009950254
1690	24	1	164.2	105.13999999999996
1690	25	1	137.40499999999992	23.085000000000004
1690	26	1	158.78217821782172	54.405940594059395
1690	27	1	129.04975124378112	8.427860696517406
1690	28	1	140.98000000000016	153.745
1690	29	1	142.36499999999992	109.81
1690	30	1	151.36815920398	65.98507462686568
1690	31	1	139.7213930348259	8.636815920398002
1690	32	1	110.75247524752479	129.1089108910891
1690	33	1	50.33	115.48500000000001
1690	34	1	147.8442211055276	173.14572864321605
1690	35	1	168.16831683168303	87.0445544554455
1690	36	1	69.355	31.66
1690	37	1	165.79104477611938	127.08457711442794
1690	38	1	154.82000000000002	99.96499999999995
1690	39	1	172.0298507462687	24.696517412935325
1690	40	1	13.879396984924622	114.17587939698493
1690	41	1	189.64356435643575	145.7772277227723
1690	42	1	49.60199004975124	65.71144278606968
1690	43	1	138.26	87.35
1690	44	1	60.48999999999999	196.78
1690	45	1	178.89999999999998	132.2099999999999
1690	46	1	172.39800995024876	58.044776119403
1690	47	1	75.09999999999997	24.159999999999997
1690	48	1	66.13000000000001	81.05499999999999
1690	49	1	158.7487437185929	25.783919597989968
1690	50	1	125.18905472636817	166.16915422885577
1690	51	1	147.33499999999984	119.515
1690	52	1	167.21999999999989	9.48
1690	53	1	142.30198019801986	163.79702970297026
1690	54	1	46.33333333333336	1.5970149253731343
1690	55	1	68.73631840796016	10.577114427860696
1690	56	1	47.41499999999999	14.250000000000002
1690	57	1	39.194999999999986	146.125
1690	58	1	56.19306930693069	179.70792079207914
1690	59	1	58.375	74.07999999999998
1690	60	1	120.56783919597986	4.1105527638190935
1690	61	1	36.60396039603961	172.3168316831683
1690	62	1	5.104477611940299	130.97512437810946
1690	63	1	162.1049999999999	119.225
1690	64	1	8.954773869346734	139.31155778894473
1690	65	1	42.74626865671644	46.417910447761216
1690	66	1	169.42574257425747	72.62376237623758
1690	67	1	122.44221105527635	109.48241206030154
1690	68	1	149.6250000000001	76.72999999999999
1690	69	1	55.55721393034832	106.26865671641787
1690	70	1	24.49751243781096	122.92537313432832
1690	71	1	149.16000000000005	2.4699999999999704
1690	72	1	73.74000000000005	58.87000000000001
1690	73	1	28.636815920398018	132.0497512437812
1690	74	1	41.17910447761192	102.88059701492539
1690	75	1	118.7313432835821	139.4179104477612
1690	76	1	170.44500000000005	147.965
1690	77	1	126.00499999999991	95.81000000000003
1690	78	1	56.185929648241206	19.14070351758794
1690	79	1	132.42574257425738	69.11881188118824
1690	80	1	81.05527638190956	40.7638190954774
1690	81	1	60.68656716417912	42.189054726368155
1690	82	1	161.1492537313433	142.95024875621888
1690	83	1	157.3200000000001	84.21
1690	84	1	53.04499999999998	57.16000000000002
1690	85	1	49.62376237623761	172.00990099009894
1690	86	1	28.0547263681592	153.27363184079599
1690	87	1	126.01492537313429	80.22885572139297
1690	88	1	127.41791044776127	118.79601990049751
1690	89	1	45.44500000000001	125.00999999999993
1700	1	2	9.858585858585856	9.616161616161614
1700	2	2	9.950000000000008	100.29000000000005
1700	3	2	10.120000000000005	190.11999999999992
1700	4	2	99.88000000000001	9.879999999999995
1700	5	2	100.12	99.88
1700	6	2	100.00000000000003	190.50000000000006
1700	7	2	189.87999999999997	9.879999999999995
1700	8	2	190.49999999999997	100
1700	9	2	189.61616161616163	190.14141414141412
1700	10	1	142.05999999999992	187.05999999999995
1700	11	1	179.60000000000008	147.085
1700	12	1	61.40298507462685	93.33830845771142
1700	13	1	182.05500000000004	63.39999999999999
1700	14	1	66.28	50.83000000000003
1700	15	1	21.51741293532339	142.43283582089563
1700	16	1	51.009950248756255	30.527363184079615
1700	17	1	179.731343283582	27.12935323383085
1700	18	1	46.01990049751243	190.97014925373136
1700	19	1	74.62499999999993	90.5
1700	20	1	127.56716417910447	130.1144278606965
1700	21	1	139.46534653465363	97.85643564356434
1700	22	1	28.895522388059696	113.42786069651737
1700	23	1	148.0945273631841	22.910447761194032
1700	24	1	163.27499999999984	104.95000000000003
1700	25	1	136.90499999999994	21.599999999999998
1700	26	1	159.46039603960384	52.44059405940596
1700	27	1	128.57213930348257	6.761194029850747
1700	28	1	139.71782178217822	152.54455445544554
1700	29	1	141.83499999999998	108.73500000000003
1700	30	1	151.40703517587937	64.71859296482413
1700	31	1	138.85999999999999	7.855000000000003
1700	32	1	111.51741293532336	130.04477611940305
1700	33	1	50.29353233830845	114.7213930348259
1700	34	1	147.33999999999992	172.07499999999993
1700	35	1	167.76500000000001	86.46999999999997
1700	36	1	69.45000000000002	31.025
1700	37	1	166.23999999999998	126.16999999999999
1700	38	1	153.77500000000006	99.505
1700	39	1	170.9800995024874	24.348258706467657
1700	40	1	12.820895522388065	114.35820895522392
1700	41	1	188.89054726368158	146.54228855721396
1700	42	1	49.636815920398014	64.78606965174131
1700	43	1	138.09452736318406	86.11442786069652
1700	44	1	59.93034825870645	195.44278606965173
1700	45	1	178.28499999999997	132.55999999999997
1700	46	1	172.31343283582092	56.945273631840806
1700	47	1	74.19801980198015	23.034653465346533
1700	48	1	66.71499999999999	79.72499999999994
1700	49	1	157.89999999999998	24.920000000000012
1700	50	1	124.915	166.10500000000016
1700	51	1	146.1094527363184	118.61194029850746
1700	52	1	166.66169154228862	8.611940298507466
1700	53	1	141.81407035175877	162.5778894472362
1700	54	1	45.55940594059404	0.653465346534654
1700	55	1	67.49500000000002	9.674999999999999
1700	56	1	47.0497512437811	13.069651741293539
1700	57	1	39.11442786069651	143.5273631840796
1700	58	1	56.910447761194035	178.1791044776119
1700	59	1	57.766169154228876	73.41791044776124
1700	60	1	119.38999999999993	4.159999999999999
1700	61	1	36.432160804020114	172.13065326633162
1700	62	1	4.666666666666666	130.67164179104483
1700	63	1	161.61500000000004	118.4349999999999
1700	64	1	8.253731343283587	138.5522388059702
1700	65	1	42.75376884422112	46.02010050251255
1700	66	1	169.31683168316823	71.46534653465346
1700	67	1	121.45226130653262	108.18090452261305
1700	68	1	150.21393034825866	75.19402985074628
1700	69	1	55.97499999999997	105.73999999999998
1700	70	1	24.99004975124379	122.54726368159206
1700	71	1	148.79499999999996	2.2000000000001307
1700	72	1	73.645	58.19500000000005
1700	73	1	29.31188118811882	131.3168316831685
1700	74	1	41.55500000000002	102.66000000000001
1700	75	1	120.07035175879399	139.97487437185933
1700	76	1	169.31000000000003	148.4099999999999
1700	77	1	125.57711442786066	93.95522388059699
1700	78	1	55.60696517412938	18.3084577114428
1700	79	1	132.2899999999999	67.79499999999999
1700	80	1	81.88500000000003	39.395
1700	81	1	61.21890547263679	41.1641791044776
1700	82	1	160.23267326732673	141.96534653465343
1700	83	1	157.4827586206896	83.2364532019704
1700	84	1	53.51243781094528	56.393034825870636
1700	85	1	48.94059405940594	171.42574257425738
1700	86	1	28.582089552238816	152.11940298507463
1700	87	1	126.84577114427859	78.68159203980105
1700	88	1	127.17412935323378	117.88557213930345
1700	89	1	45.94059405940594	124.1881188118812
1710	1	2	9.858585858585856	9.616161616161614
1710	2	2	9.950000000000008	100.29000000000005
1710	3	2	10.120000000000005	190.11999999999992
1710	4	2	99.88000000000001	9.879999999999995
1710	5	2	100.12	99.88
1710	6	2	100.00000000000003	190.50000000000006
1710	7	2	189.87999999999997	9.879999999999995
1710	8	2	190.49999999999997	100
1710	9	2	189.61616161616163	190.14141414141412
1710	10	1	141.65000000000003	186.02
1710	11	1	178.82587064676605	147.06965174129354
1710	12	1	61.97499999999999	92.08999999999996
1710	13	1	181.81000000000003	62.455000000000005
1710	14	1	66.09452736318407	49.50746268656718
1710	15	1	21.30653266331658	141.31658291457276
1710	16	1	50.504999999999995	29.440000000000005
1710	17	1	178.28999999999994	26.890000000000008
1710	18	1	45.959798994974896	189.66834170854267
1710	19	1	73.84500000000004	89
1710	20	1	128.08999999999997	129.0649999999999
1710	21	1	139.50499999999997	96.85000000000001
1710	22	1	28.204999999999995	113.065
1710	23	1	146.8905472636817	23.009950248756226
1710	24	1	162.56435643564348	104.47524752475248
1710	25	1	136.56	20.67
1710	26	1	159.07	51.31
1710	27	1	128.18592964824128	5.532663316582918
1710	28	1	138.79000000000008	151.77
1710	29	1	141.09950248756203	108.0497512437811
1710	30	1	151.34999999999997	63.45500000000003
1710	31	1	138.0348258706468	7.457711442786073
1710	32	1	112.34825870646765	130.45273631840783
1710	33	1	49.910447761194014	113.83582089552245
1710	34	1	146.66500000000005	171.17000000000007
1710	35	1	167.13432835820896	85.98507462686565
1710	36	1	70.02487562189054	30.39800995024876
1710	37	1	166.63366336633663	125.17326732673266
1710	38	1	153.2985074626864	98.78109452736318
1710	39	1	169.84999999999994	24.530000000000012
1710	40	1	11.900000000000007	114.77499999999998
1710	41	1	188.18499999999992	147.0699999999999
1710	42	1	49.09000000000001	63.779999999999994
1710	43	1	138.1105527638191	84.96984924623112
1710	44	1	59.61500000000001	194.025
1710	45	1	177.73000000000005	133.03
1710	46	1	172.36999999999998	55.82500000000001
1710	47	1	73.22885572139306	21.746268656716428
1710	48	1	67.70297029702974	78.1881188118812
1710	49	1	157.06030150753762	24.31658291457287
1710	50	1	123.98009950248758	166.31343283582086
1710	51	1	144.59701492537303	118.35323383084581
1710	52	1	166.3	8.365000000000004
1710	53	1	141.7661691542289	161.30348258706462
1710	54	1	45.584158415841564	199.36633663366337
1710	55	1	66.48499999999997	8.339999999999993
1710	56	1	46.66666666666668	12.044776119402984
1710	57	1	39.044776119403004	141.72636815920401
1710	58	1	56.885572139303484	176.79104477611943
1710	59	1	56.835820895522346	72.67661691542285
1710	60	1	118.27860696517413	4.009950248756221
1710	61	1	35.905	171.95500000000004
1710	62	1	4.044776119402986	130.5223880597016
1710	63	1	160.85500000000005	117.74000000000004
1710	64	1	7.775000000000003	138.1950000000001
1710	65	1	42.965174129353244	45.68656716417911
1710	66	1	169.1386138613861	70.26732673267327
1710	67	1	120.8693467336684	106.77386934673369
1710	68	1	150.84499999999997	73.87
1710	69	1	56.69346733668341	105.10050251256283
1710	70	1	24.734999999999996	122.085
1710	71	1	148.10000000000005	1.58
1710	72	1	73.60804020100502	57.618090452261335
1710	73	1	29.39195979899497	130.34673366834187
1710	74	1	42.924999999999976	102.08999999999993
1710	75	1	121.44278606965175	140.2786069651741
1710	76	1	167.7336683417086	148.30150753768842
1710	77	1	125.21500000000002	92.86
1710	78	1	55.23267326732675	17.460396039603967
1710	79	1	131.85	66.50999999999998
1710	80	1	82.08499999999998	38.785000000000004
1710	81	1	61.48756218905472	40.049751243781095
1710	82	1	159.32178217821786	141.41584158415844
1710	83	1	156.94000000000003	82.44999999999999
1710	84	1	54.19999999999999	55.87000000000002
1710	85	1	48.18500000000001	170.86499999999998
1710	86	1	28.766169154228855	150.5174129353233
1710	87	1	127.96000000000005	77.50999999999996
1710	88	1	126.58500000000005	116.56999999999994
1710	89	1	46.32178217821783	123.2425742574257
1720	1	2	9.858585858585856	9.616161616161614
1720	2	2	9.950000000000008	100.29000000000005
1720	3	2	10.120000000000005	190.11999999999992
1720	4	2	99.88000000000001	9.879999999999995
1720	5	2	100.12	99.88
1720	6	2	100.00000000000003	190.50000000000006
1720	7	2	189.87999999999997	9.879999999999995
1720	8	2	190.49999999999997	100
1720	9	2	189.61616161616163	190.14141414141412
1720	10	1	141.34673366834178	184.84924623115572
1720	11	1	177.14356435643555	147.43069306930687
1720	12	1	62.300000000000004	91.22999999999999
1720	13	1	182.08499999999995	61.725000000000016
1720	14	1	66.37623762376234	48.25742574257425
1720	15	1	21.049999999999994	140.3899999999999
1720	16	1	50.39303482587068	28.661691542288555
1720	17	1	177.47500000000005	26.39999999999999
1720	18	1	46.184079601990035	188.41791044776116
1720	19	1	73.15422885572136	87.54228855721391
1720	20	1	128.40298507462683	126.87064676616923
1720	21	1	138.50499999999994	96.10499999999999
1720	22	1	27.776119402985074	112.33830845771142
1720	23	1	145.81094527363186	22.57711442786071
1720	24	1	161.65671641791045	104.00000000000001
1720	25	1	135.69306930693068	19.594059405940595
1720	26	1	158.80099502487573	49.99999999999999
1720	27	1	127.57499999999995	4.820000000000006
1720	28	1	137.765	150.79500000000004
1720	29	1	140.79899497487438	107.30653266331656
1720	30	1	152.0298507462687	61.88059701492535
1720	31	1	137.134328358209	7.343283582089558
1720	32	1	113.2985074626866	130.98009950248755
1720	33	1	49.671641791044784	113.09950248756215
1720	34	1	145.20499999999993	170.32499999999987
1720	35	1	166.55778894472357	85.32663316582911
1720	36	1	70.86633663366338	29.63366336633662
1720	37	1	166.81592039800998	124.55721393034825
1720	38	1	152.5870646766168	97.66169154228857
1720	39	1	169.07537688442213	24.623115577889447
1720	40	1	11.069651741293534	115.22885572139306
1720	41	1	187.47524752475246	148.24257425742553
1720	42	1	49.26999999999997	62.839999999999996
1720	43	1	138.04522613065322	83.78894472361807
1720	44	1	59.1641791044776	193.25870646766168
1720	45	1	177.49751243781088	133.41293532338312
1720	46	1	172.24000000000004	54.97999999999999
1720	47	1	72.10552763819095	19.904522613065335
1720	48	1	67.58	77.13500000000008
1720	49	1	155.8241206030149	24.27638190954775
1720	50	1	123.83500000000005	166.38000000000005
1720	51	1	144.3134328358209	117.36318407960202
1720	52	1	165.505	8.40000000000001
1720	53	1	141.565	159.89999999999998
1720	54	1	45.45771144278605	198.3681592039801
1720	55	1	65.43283582089546	7.597014925373136
1720	56	1	45.81094527363185	11.706467661691548
1720	57	1	39.91542288557212	140.11442786069657
1720	58	1	57.210000000000015	175.57999999999998
1720	59	1	56.02985074626865	72.32338308457712
1720	60	1	117.365	3.3099999999999983
1720	61	1	35.03500000000001	171.6200000000001
1720	62	1	3.294999999999998	130.66499999999988
1720	63	1	160.25870646766163	117.40796019900498
1720	64	1	7.623115577889447	137.85929648241208
1720	65	1	42.86	45.235000000000014
1720	66	1	168.91999999999993	68.88999999999999
1720	67	1	120.39500000000004	105.025
1720	68	1	150.82587064676613	72.90547263681594
1720	69	1	57.452736318407965	104.47263681592035
1720	70	1	24.663366336633665	121.8415841584158
1720	71	1	147.22999999999993	0.7550000000000807
1720	72	1	73.25000000000006	57.410000000000004
1720	73	1	29.865	129.55000000000004
1720	74	1	44.130653266331635	101.42713567839196
1720	75	1	122.60199004975122	140.7164179104478
1720	76	1	166.04500000000002	148.20500000000004
1720	77	1	125.03980099502485	91.14925373134328
1720	78	1	54.73500000000001	16.919999999999998
1720	79	1	132.98499999999999	64.74499999999999
1720	80	1	82.23383084577121	38.13930348258707
1720	81	1	61.26633165829146	38.96482412060301
1720	82	1	158.7462686567164	140.39303482587061
1720	83	1	157.2399999999999	81.24499999999999
1720	84	1	55.294999999999995	55.07499999999999
1720	85	1	47.280000000000015	170.785
1720	86	1	28.925742574257434	149.14356435643566
1720	87	1	128.77227722772275	75.71782178217825
1720	88	1	125.91044776119409	115.12935323383083
1720	89	1	46.417910447761216	121.82089552238808
1730	1	2	9.858585858585856	9.616161616161614
1730	2	2	9.950000000000008	100.29000000000005
1730	3	2	10.120000000000005	190.11999999999992
1730	4	2	99.88000000000001	9.879999999999995
1730	5	2	100.12	99.88
1730	6	2	100.00000000000003	190.50000000000006
1730	7	2	189.87999999999997	9.879999999999995
1730	8	2	190.49999999999997	100
1730	9	2	189.61616161616163	190.14141414141412
1730	10	1	140.98499999999996	183.6
1730	11	1	175.94472361809048	148.11557788944725
1730	12	1	62.64500000000002	90.55000000000003
1730	13	1	182.23880597014926	60.81094527363181
1730	14	1	66.26	47.260000000000005
1730	15	1	20.82500000000001	140.02999999999994
1730	16	1	50.78391959798994	27.68341708542715
1730	17	1	176.8159203980101	25.845771144278594
1730	18	1	46.885000000000005	186.90500000000003
1730	19	1	73.44059405940595	86.3465346534653
1730	20	1	128.53465346534648	124.64851485148513
1730	21	1	138.12935323383087	94.82587064676618
1730	22	1	27.492537313432823	111.42786069651739
1730	23	1	145.06500000000003	21.88500000000002
1730	24	1	161.41999999999996	102.91000000000001
1730	25	1	135.60199004975127	18.686567164179113
1730	26	1	158.49500000000003	48.53499999999999
1730	27	1	127.14500000000002	3.6199999999999988
1730	28	1	137.11940298507454	150.05970149253736
1730	29	1	141.2399999999999	106.28499999999998
1730	30	1	152.50990099009908	59.63366336633661
1730	31	1	136.11442786069665	6.71641791044776
1730	32	1	114.35999999999999	131.23500000000007
1730	33	1	49.05527638190957	112.53768844221104
1730	34	1	144.04477611940288	169.35323383084588
1730	35	1	166.73500000000016	83.67000000000003
1730	36	1	71.07425742574256	28.366336633663373
1730	37	1	166.4676616915423	123.73134328358213
1730	38	1	152.26732673267327	96.39603960396038
1730	39	1	168.255	23.98000000000001
1730	40	1	10.45	115.23999999999998
1730	41	1	186.53731343283582	148.7412935323384
1730	42	1	49.33999999999997	61.725
1730	43	1	138.28999999999994	82.49
1730	44	1	58.796019900497534	192.6218905472637
1730	45	1	176.96019900497524	134.02985074626866
1730	46	1	172.28999999999994	53.910000000000004
1730	47	1	71.62189054726372	18.19900497512438
1730	48	1	67.33	76.23999999999997
1730	49	1	154.58208955223873	24.184079601990057
1730	50	1	122.64356435643566	166.58910891089107
1730	51	1	143.85999999999984	116.50000000000003
1730	52	1	165.32000000000002	7.985000000000003
1730	53	1	141.02487562189054	158.89552238805965
1730	54	1	45.03482587064676	197.51243781094527
1730	55	1	64.63999999999999	6.709999999999998
1730	56	1	44.57711442786069	11.034825870646769
1730	57	1	40.28855721393037	138.7412935323383
1730	58	1	57.019801980198025	174.38613861386148
1730	59	1	55.965174129353215	71.50746268656712
1730	60	1	115.75247524752479	2.6881188118811883
1730	61	1	33.469999999999985	171.51999999999992
1730	62	1	3.457286432160804	130.51758793969856
1730	63	1	159.01485148514845	117.09405940594057
1730	64	1	7.0049999999999955	137.9650000000001
1730	65	1	43.17499999999999	44.285
1730	66	1	168.7899999999999	67.36000000000006
1730	67	1	120.7213930348259	103.65671641791049
1730	68	1	150.64179104477617	71.60696517412941
1730	69	1	58.18500000000002	103.78500000000003
1730	70	1	24.030150753768847	121.44723618090447
1730	71	1	146.53999999999996	199.92000000000004
1730	72	1	72.95000000000003	57.095000000000006
1730	73	1	29.75500000000001	129.00499999999994
1730	74	1	44.835820895522374	100.98009950248762
1730	75	1	124.58499999999997	140.40999999999985
1730	76	1	164.93069306930695	148.6831683168316
1730	77	1	124.62376237623766	90.00990099009904
1730	78	1	53.940298507462686	15.213930348258714
1730	79	1	134.2686567164179	62.70149253731344
1730	80	1	81.61386138613864	37.306930693069326
1730	81	1	61.21287128712871	37.90594059405939
1730	82	1	158.54999999999998	138.69000000000005
1730	83	1	157.08457711442784	80.20895522388058
1730	84	1	55.51499999999997	54.09499999999996
1730	85	1	46.37185929648243	170.38190954773867
1730	86	1	29.676616915422883	148.10945273631827
1730	87	1	129.9203980099503	73.8457711442786
1730	88	1	125.19191919191921	113.69191919191921
1730	89	1	45.678391959798965	120.83417085427136
1740	1	2	9.858585858585856	9.616161616161614
1740	2	2	9.950000000000008	100.29000000000005
1740	3	2	10.120000000000005	190.11999999999992
1740	4	2	99.88000000000001	9.879999999999995
1740	5	2	100.12	99.88
1740	6	2	100.00000000000003	190.50000000000006
1740	7	2	189.87999999999997	9.879999999999995
1740	8	2	190.49999999999997	100
1740	9	2	189.61616161616163	190.14141414141412
1740	10	1	140.55721393034815	182.31840796019895
1740	11	1	174.2587064676616	148.21393034825869
1740	12	1	62.43999999999998	89.57000000000004
1740	13	1	182.92999999999998	59.669999999999995
1740	14	1	66.47	46.03499999999997
1740	15	1	21.045	139.23499999999981
1740	16	1	50.85427135678391	26.53768844221105
1740	17	1	175.69154228855714	25.194029850746265
1740	18	1	47.31840796019898	185.53731343283593
1740	19	1	73.78606965174131	85.55721393034827
1740	20	1	127.8712871287129	123.5148514851485
1740	21	1	137.96464646464648	93.15656565656569
1740	22	1	27.600000000000005	110.59000000000002
1740	23	1	144.43999999999997	21.305000000000003
1740	24	1	160.9402985074626	101.79104477611939
1740	25	1	135.44776119402994	18.074626865671647
1740	26	1	159.17910447761196	46.91542288557215
1740	27	1	126.28217821782177	2.757425742574259
1740	28	1	136.56716417910457	149.11442786069642
1740	29	1	141.0099009900989	105.19306930693067
1740	30	1	153.0447761194029	57.88059701492539
1740	31	1	134.93000000000004	6.695
1740	32	1	115.49253731343286	131.98009950248752
1740	33	1	48.268656716417894	111.84079601990051
1740	34	1	143.57711442786055	168.039800995025
1740	35	1	166.74626865671647	82.42786069651741
1740	36	1	70.80402010050253	26.99497487437186
1740	37	1	166.40796019900492	122.70646766169159
1740	38	1	151.5323383084576	95.18905472636814
1740	39	1	166.73631840796017	23.626865671641802
1740	40	1	9.703517587939702	115.64824120603014
1740	41	1	185.65671641791047	149.5422885572138
1740	42	1	49.199999999999996	60.805
1740	43	1	138.65671641791053	81.03980099502488
1740	44	1	58.55721393034826	192.02487562189054
1740	45	1	177.02999999999997	134.38
1740	46	1	172.19	52.91500000000002
1740	47	1	71.25500000000001	16.54000000000001
1740	48	1	67.13999999999999	75.27999999999997
1740	49	1	153.48499999999993	24.135000000000012
1740	50	1	122.2686567164178	167.1194029850746
1740	51	1	143.29207920792064	115.20297029702968
1740	52	1	164.50495049504943	7.757425742574253
1740	53	1	140.29999999999995	157.78999999999996
1740	54	1	44.91542288557217	196.5174129353234
1740	55	1	64.14356435643565	6.292079207920788
1740	56	1	43.586206896551765	10.251231527093593
1740	57	1	41.24499999999999	138.46500000000003
1740	58	1	56.98507462686566	173.21393034825869
1740	59	1	55.830845771144276	70.53731343283582
1740	60	1	114.78606965174131	1.0398009950248746
1740	61	1	32.23880597014926	170.86069651741298
1740	62	1	3.4849999999999963	130.38500000000008
1740	63	1	158.20499999999987	116.49500000000002
1740	64	1	6.664999999999996	138.01499999999996
1740	65	1	43.80500000000002	43.610000000000014
1740	66	1	169.009900990099	66.10891089108912
1740	67	1	121.45771144278602	101.57213930348259
1740	68	1	150.775	70.31500000000005
1740	69	1	59.880597014925335	102.94029850746274
1740	70	1	23.169999999999995	121.07499999999999
1740	71	1	145.48756218905476	198.83084577114425
1740	72	1	72.57999999999996	56.80000000000001
1740	73	1	30.562189054726364	128.33333333333331
1740	74	1	46.0854271356784	100.7185929648241
1740	75	1	126.490099009901	139.91089108910887
1740	76	1	163.83417085427135	148.4371859296483
1740	77	1	123.92039800995033	88.90049751243782
1740	78	1	53.165	14.194999999999997
1740	79	1	135.44278606965185	61.17412935323383
1740	80	1	80.83582089552242	36.41293532338308
1740	81	1	60.82500000000003	36.90999999999999
1740	82	1	158.5621890547266	136.72139303482578
1740	83	1	157.15000000000003	78.94999999999997
1740	84	1	55.774999999999984	53.335
1740	85	1	45.2211055276382	170.29145728643203
1740	86	1	30.265	146.99499999999998
1740	87	1	130.06965174129346	72.00995024875621
1740	88	1	124.53731343283583	112.60696517412937
1740	89	1	45.88999999999999	119.95000000000002
1750	1	2	9.858585858585856	9.616161616161614
1750	2	2	9.950000000000008	100.29000000000005
1750	3	2	10.120000000000005	190.11999999999992
1750	4	2	99.88000000000001	9.879999999999995
1750	5	2	100.12	99.88
1750	6	2	100.00000000000003	190.50000000000006
1750	7	2	189.87999999999997	9.879999999999995
1750	8	2	190.49999999999997	100
1750	9	2	189.61616161616163	190.14141414141412
1750	10	1	139.8109452736318	181.24378109452744
1750	11	1	172.497512437811	148.72636815920401
1750	12	1	62.39303482587066	88.66666666666669
1750	13	1	183.47499999999994	58.609999999999985
1750	14	1	67.28358208955228	44.94527363184081
1750	15	1	20.804999999999996	138.34500000000006
1750	16	1	50.76381909547741	25.628140703517587
1750	17	1	175.05000000000007	24.685000000000002
1750	18	1	47.55223880597012	184.1044776119403
1750	19	1	74.37000000000002	84.89500000000002
1750	20	1	126.76732673267324	122.06930693069303
1750	21	1	138.28217821782187	91.33663366336638
1750	22	1	27.143564356435654	109.5148514851485
1750	23	1	144.07462686567175	20.681592039800993
1750	24	1	160.02475247524762	100.85643564356437
1750	25	1	135.66666666666669	17.2039800995025
1750	26	1	158.67999999999995	46.015000000000015
1750	27	1	125.53233830845775	2.009950248756218
1750	28	1	136.09999999999994	148.37
1750	29	1	140.79207920792075	104.11386138613864
1750	30	1	152.99502487562185	56.522388059701484
1750	31	1	133.22885572139307	6.800995024875619
1750	32	1	117.11442786069652	132.25373134328353
1750	33	1	47.65671641791047	111.19900497512438
1750	34	1	142.28	167.32500000000005
1750	35	1	167.05500000000004	81.265
1750	36	1	71.20398009950249	25.542288557213926
1750	37	1	166.37810945273628	121.9601990049752
1750	38	1	151.2110552763819	93.58291457286431
1750	39	1	165.71000000000006	23.190000000000005
1750	40	1	8.255	115.80999999999997
1750	41	1	184.49751243781094	150.358208955224
1750	42	1	49.34170854271356	59.93969849246231
1750	43	1	138.5075376884422	79.64824120603016
1750	44	1	58.17910447761196	191.91542288557213
1750	45	1	177.13930348258705	134.93532338308466
1750	46	1	173.00497512437812	51.482587064676636
1750	47	1	71.53999999999999	15.54
1750	48	1	66.67999999999998	74.79500000000006
1750	49	1	152.73631840796014	23.636815920398018
1750	50	1	121.09000000000003	168.49000000000012
1750	51	1	142.29499999999996	114.48999999999994
1750	52	1	163.85929648241202	7.427135678391958
1750	53	1	139.06965174129346	157.17412935323384
1750	54	1	44.61194029850749	195.0696517412935
1750	55	1	63.56499999999998	6.459999999999996
1750	56	1	43.07462686567165	9.084577114427857
1750	57	1	41.666666666666664	138.0447761194029
1750	58	1	56.24378109452734	172.13432835820893
1750	59	1	55.86567164179103	69.19900497512435
1750	60	1	114.125	199.835
1750	61	1	30.73869346733669	169.80904522613054
1750	62	1	3.5276381909547743	130.1457286432161
1750	63	1	157.02499999999995	115.855
1750	64	1	6.386934673366834	137.91959798994978
1750	65	1	43.74500000000001	42.890000000000015
1750	66	1	169.1293532338308	64.69651741293534
1750	67	1	121.77000000000001	99.73500000000008
1750	68	1	151.255	68.90999999999995
1750	69	1	61.300000000000004	101.85500000000002
1750	70	1	22.134328358208947	120.49751243781095
1750	71	1	144.27999999999992	197.71
1750	72	1	72.16500000000002	56.82999999999998
1750	73	1	31.40500000000001	127.51999999999995
1750	74	1	46.550000000000026	100.57999999999998
1750	75	1	127.73500000000004	139.34499999999997
1750	76	1	163.06965174129348	147.58706467661688
1750	77	1	123.00497512437812	88.29353233830841
1750	78	1	52.58910891089111	13.38613861386139
1750	79	1	136.2089552238806	60.00995024875621
1750	80	1	80.34499999999997	35.38000000000002
1750	81	1	60.70149253731342	36.28358208955221
1750	82	1	158.4499999999999	135.09499999999997
1750	83	1	157.64500000000007	77.40500000000004
1750	84	1	55.76616915422888	52.43781094527364
1750	85	1	43.385	170.54000000000005
1750	86	1	30.70646766169156	145.8208955223881
1750	87	1	130.42288557213934	70.56716417910444
1750	88	1	124.30845771144277	110.92537313432842
1750	89	1	45.402985074626855	119.26368159203976
1760	1	2	9.858585858585856	9.616161616161614
1760	2	2	9.950000000000008	100.29000000000005
1760	3	2	10.120000000000005	190.11999999999992
1760	4	2	99.88000000000001	9.879999999999995
1760	5	2	100.12	99.88
1760	6	2	100.00000000000003	190.50000000000006
1760	7	2	189.87999999999997	9.879999999999995
1760	8	2	190.49999999999997	100
1760	9	2	189.61616161616163	190.14141414141412
1760	10	1	139.10447761194024	180.323383084577
1760	11	1	171.24500000000012	149.1999999999999
1760	12	1	62.19500000000002	87.27999999999994
1760	13	1	183.89447236180902	58.06030150753768
1760	14	1	68.525	43.865000000000016
1760	15	1	20.44499999999999	137.365
1760	16	1	51.595	24.84000000000001
1760	17	1	174.15000000000003	24.815
1760	18	1	47.611940298507434	182.76616915422883
1760	19	1	74.83084577114428	83.59203980099501
1760	20	1	125.55223880597018	120.60696517412944
1760	21	1	138.41584158415841	89.77722772277228
1760	22	1	26.825870646766163	108.43781094527363
1760	23	1	143.75124378109436	19.995024875621894
1760	24	1	159.61691542288563	100.09452736318404
1760	25	1	135.91999999999996	16.18999999999999
1760	26	1	158.35999999999993	45.13000000000002
1760	27	1	124.54	1.8300000000000018
1760	28	1	135.48756218905478	147.71144278606965
1760	29	1	140.24378109452732	103.02985074626866
1760	30	1	153.10945273631833	55.41293532338308
1760	31	1	131.19900497512432	7.452736318407956
1760	32	1	118.6831683168317	132.97524752475252
1760	33	1	47.97512437810943	110.4825870646765
1760	34	1	140.55940594059416	166.6138613861386
1760	35	1	166.80597014925365	80.4179104477612
1760	36	1	71.56999999999996	24.305000000000007
1760	37	1	166.45499999999998	121.045
1760	38	1	150.98019801980203	92.66336633663363
1760	39	1	164.4477611940298	23.06467661691543
1760	40	1	7.249999999999995	115.56999999999998
1760	41	1	182.49500000000003	150.79
1760	42	1	49.77889447236182	59.14070351758794
1760	43	1	138.38308457711443	78.37313432835822
1760	44	1	57.599999999999994	192.01500000000007
1760	45	1	177.57500000000002	135.96499999999997
1760	46	1	173.45273631840809	50.69154228855723
1760	47	1	71.40499999999999	14.284999999999998
1760	48	1	65.45273631840799	73.83582089552239
1760	49	1	151.8109452736318	23.288557213930357
1760	50	1	119.68500000000006	170.30000000000004
1760	51	1	141.79104477611938	113.65671641791043
1760	52	1	162.74129353233835	6.97512437810945
1760	53	1	137.36999999999995	156.92500000000007
1760	54	1	44.039999999999985	193.60500000000008
1760	55	1	62.625000000000014	6.994999999999996
1760	56	1	41.93532338308458	8.074626865671641
1760	57	1	41.5273631840796	137.48756218905473
1760	58	1	55.381188118811906	171.3415841584159
1760	59	1	54.47500000000001	67.85500000000002
1760	60	1	113.9203980099502	198.76119402985074
1760	61	1	29.59701492537313	168.83582089552243
1760	62	1	3.9452736318407933	129.54726368159203
1760	63	1	155.9004975124378	115.44776119402985
1760	64	1	5.930348258706465	138.15920398009933
1760	65	1	44.14427860696517	42.03482587064678
1760	66	1	169.25500000000005	63.80999999999999
1760	67	1	121.47761194029852	98.57213930348254
1760	68	1	151.14499999999998	67.61499999999994
1760	69	1	63.194029850746254	100.25870646766171
1760	70	1	21.587064676616905	120.15920398009952
1760	71	1	143.01999999999998	197.34000000000012
1760	72	1	71.68	56.460000000000015
1760	73	1	32.741293532338325	126.79104477611938
1760	74	1	47.67000000000005	100.18999999999998
1760	75	1	128.76000000000005	138.6299999999999
1760	76	1	162.3668341708544	147.1758793969849
1760	77	1	122.38693467336681	87.80904522613064
1760	78	1	51.381188118811906	11.905940594059402
1760	79	1	136.6	58.75999999999999
1760	80	1	79.24875621890551	34.23880597014925
1760	81	1	60.12000000000003	35.425
1760	82	1	158.88	133.14000000000004
1760	83	1	157.89603960396033	76.15841584158413
1760	84	1	56.05000000000002	51.33500000000001
1760	85	1	41.639999999999986	170.31000000000003
1760	86	1	30.457711442786064	144.85074626865682
1760	87	1	130.35820895522394	68.95522388059703
1760	88	1	123.9698492462311	109.44723618090451
1760	89	1	43.99502487562191	118.00497512437803
1770	1	2	9.858585858585856	9.616161616161614
1770	2	2	9.950000000000008	100.29000000000005
1770	3	2	10.120000000000005	190.11999999999992
1770	4	2	99.88000000000001	9.879999999999995
1770	5	2	100.12	99.88
1770	6	2	100.00000000000003	190.50000000000006
1770	7	2	189.87999999999997	9.879999999999995
1770	8	2	190.49999999999997	100
1770	9	2	189.61616161616163	190.14141414141412
1770	10	1	139.1741293532339	178.48756218905473
1770	11	1	170.06965174129363	149.15920398009953
1770	12	1	62.62189054726369	86.42786069651744
1770	13	1	184.46500000000003	57.395
1770	14	1	69.67839195979897	42.8391959798995
1770	15	1	20.449999999999996	136.585
1770	16	1	51.130653266331656	23.768844221105525
1770	17	1	172.79500000000004	24.650000000000006
1770	18	1	47.676616915422876	181.85572139303477
1770	19	1	74.9059405940594	81.47029702970295
1770	20	1	124.02487562189054	119.57711442786072
1770	21	1	138.55999999999995	88.48999999999995
1770	22	1	26.356435643564357	107.07920792079211
1770	23	1	143.46766169154228	19.029850746268664
1770	24	1	159.19402985074615	99.14925373134326
1770	25	1	135.65499999999997	15.384999999999991
1770	26	1	158.92039800995022	44.16417910447761
1770	27	1	123.44221105527637	1.6834170854271364
1770	28	1	134.99499999999995	147.40499999999997
1770	29	1	139.9154228855721	101.79601990049753
1770	30	1	153.15346534653474	54.19801980198022
1770	31	1	129.805	7.730000000000005
1770	32	1	120.15920398009948	133.76119402985074
1770	33	1	47.345000000000034	109.68999999999998
1770	34	1	138.56218905472633	165.9004975124378
1770	35	1	166.1592039800995	79.54228855721392
1770	36	1	72.24257425742569	23.26732673267325
1770	37	1	165.4776119402985	119.28358208955225
1770	38	1	150.64356435643563	91.85643564356434
1770	39	1	163.06999999999996	22.000000000000004
1770	40	1	6.114427860696515	115.44776119402988
1770	41	1	181.67164179104466	152.00995024875624
1770	42	1	49.552238805970156	58.33333333333336
1770	43	1	138.228855721393	77.08955223880596
1770	44	1	57.01500000000003	191.81
1770	45	1	177.86	137.45499999999987
1770	46	1	174.3149999999999	49.31
1770	47	1	71.24875621890547	13.422885572139299
1770	48	1	64.05999999999999	72.89000000000001
1770	49	1	151.57213930348252	22.51243781094527
1770	50	1	118.89108910891093	171.7574257425743
1770	51	1	140.76616915422898	113.19900497512431
1770	52	1	161.345	5.650000000000001
1770	53	1	136.23000000000002	156.58999999999992
1770	54	1	43.17821782178219	192.6584158415841
1770	55	1	62.02499999999999	7.170000000000003
1770	56	1	41.11442786069652	7.004975124378108
1770	57	1	41.55223880597013	136.91542288557218
1770	58	1	54.4676616915423	170.72636815920384
1770	59	1	53.83499999999998	66.80500000000002
1770	60	1	113.67499999999994	197.255
1770	61	1	28.781094527363173	167.40796019900498
1770	62	1	4.432160804020099	128.89447236180902
1770	63	1	154.7661691542289	114.54726368159203
1770	64	1	5.995024875621888	137.9800995024875
1770	65	1	44.228855721393046	41.1044776119403
1770	66	1	169.049504950495	62.45544554455445
1770	67	1	121.30348258706466	97.79601990049753
1770	68	1	150.82	66.32000000000002
1770	69	1	64.76500000000001	99.58500000000001
1770	70	1	21.094059405940598	119.22277227722776
1770	71	1	141.84	196.60000000000005
1770	72	1	71.19500000000002	55.50000000000002
1770	73	1	33.099999999999994	126.24999999999996
1770	74	1	48.69651741293531	99.80597014925374
1770	75	1	130.345	137.4049999999999
1770	76	1	161.3065326633165	146.60804020100505
1770	77	1	122.45049504950492	87.1930693069307
1770	78	1	50.61881188118812	10.480198019801984
1770	79	1	136.97014925373128	57.522388059701484
1770	80	1	78.01005025125627	33.30653266331658
1770	81	1	59.67336683417088	34.28140703517589
1770	82	1	160.0149253731344	131.30348258706468
1770	83	1	157.59499999999994	74.74
1770	84	1	55.99009900990098	50.04455445544556
1770	85	1	39.82999999999999	169.94499999999988
1770	86	1	30.43	144.13999999999993
1770	87	1	130.11442786069648	67.2985074626866
1770	88	1	124.05000000000001	108.58500000000001
1770	89	1	42.48514851485148	117.31683168316832
1780	1	2	9.858585858585856	9.616161616161614
1780	2	2	9.950000000000008	100.29000000000005
1780	3	2	10.120000000000005	190.11999999999992
1780	4	2	99.88000000000001	9.879999999999995
1780	5	2	100.12	99.88
1780	6	2	100.00000000000003	190.50000000000006
1780	7	2	189.87999999999997	9.879999999999995
1780	8	2	190.49999999999997	100
1780	9	2	189.61616161616163	190.14141414141412
1780	10	1	139.23500000000007	177.15
1780	11	1	169.25125628140705	148.62311557788948
1780	12	1	64.13432835820895	85.50746268656715
1780	13	1	185.86999999999986	56.29499999999999
1780	14	1	71.23383084577112	41.955223880597025
1780	15	1	20.716417910447756	135.318407960199
1780	16	1	50.29	22.835
1780	17	1	171.26999999999992	24.484999999999996
1780	18	1	47.502487562189025	181.07960199004984
1780	19	1	74.75742574257427	78.78217821782182
1780	20	1	123.40796019900493	118.74129353233832
1780	21	1	139.39303482587076	87.10945273631843
1780	22	1	26.18905472636815	105.7960199004975
1780	23	1	143.497487437186	18.140703517587937
1780	24	1	159.02499999999995	98.08
1780	25	1	136.1608040201006	14.150753768844218
1780	26	1	159.53768844221116	42.92462311557787
1780	27	1	121.74499999999999	1.5049999999999994
1780	28	1	134.3800000000001	147.00500000000002
1780	29	1	140.08499999999995	101.01500000000009
1780	30	1	152.90594059405936	53.128712871287114
1780	31	1	129.24752475247521	7.2623762376237675
1780	32	1	121.44000000000003	134.3
1780	33	1	47.490099009900995	108.99504950495053
1780	34	1	137.32000000000005	165.03500000000003
1780	35	1	165.40796019900492	78.91542288557216
1780	36	1	72.24	22.214999999999996
1780	37	1	164.8208955223881	117.41791044776119
1780	38	1	150.20499999999998	91.34000000000005
1780	39	1	162.17412935323372	21.512437810945276
1780	40	1	4.219999999999999	114.97
1780	41	1	180.4029850746268	153.22388059701493
1780	42	1	49.90452261306536	57.25125628140704
1780	43	1	137.18407960199005	76.0398009950249
1780	44	1	56.559999999999974	191.17000000000004
1780	45	1	178.6766169154228	138.87064676616913
1780	46	1	174.46766169154228	48.213930348258714
1780	47	1	70.92079207920797	12.000000000000004
1780	48	1	63.04950495049505	71.42079207920787
1780	49	1	151.2139303482587	22.124378109452728
1780	50	1	117.86069651741295	172.7213930348259
1780	51	1	139.76616915422886	112.94029850746271
1780	52	1	160.195	4.875000000000001
1780	53	1	135.69	155.9399999999999
1780	54	1	42.385000000000005	191.8650000000001
1780	55	1	61.18905472636816	7.159203980099496
1780	56	1	40.34158415841588	5.5148514851485135
1780	57	1	40.12935323383087	135.76119402985074
1780	58	1	53.295000000000016	170.4149999999999
1780	59	1	53.17910447761193	66.12437810945273
1780	60	1	113.49253731343283	196.08955223880596
1780	61	1	27.43283582089553	166.0348258706468
1780	62	1	5.124378109452735	127.80597014925372
1780	63	1	154.2835820895522	113.4726368159204
1780	64	1	6.649999999999998	137.19999999999993
1780	65	1	44.97	39.875
1780	66	1	169.07499999999996	60.444999999999965
1780	67	1	121.26865671641794	97.22388059701497
1780	68	1	150.51485148514845	65.59900990099013
1780	69	1	65.67661691542291	98.47761194029854
1780	70	1	20.375000000000004	117.495
1780	71	1	140.8855721393035	195.587064676617
1780	72	1	70.68159203980096	54.467661691542254
1780	73	1	33.30500000000001	125.35499999999998
1780	74	1	49.55778894472363	99.53266331658288
1780	75	1	131.64851485148515	136.37128712871285
1780	76	1	160.7213930348259	145.89552238805967
1780	77	1	123.08500000000001	86.44499999999996
1780	78	1	49.809045226130685	9.467336683417084
1780	79	1	137.44500000000005	56.42499999999998
1780	80	1	76.69000000000004	31.81499999999998
1780	81	1	58.731343283582085	33.12437810945274
1780	82	1	161.0940594059406	129.79702970297032
1780	83	1	157.64179104477614	73.4626865671642
1780	84	1	55.49999999999999	48.42500000000001
1780	85	1	37.955223880597	169.5174129353233
1780	86	1	30.721393034825873	143.90547263681592
1780	87	1	130.30348258706462	65.84079601990051
1780	88	1	123.64500000000007	107.47499999999998
1780	89	1	41.70000000000001	116.67499999999997
1790	1	2	9.858585858585856	9.616161616161614
1790	2	2	9.950000000000008	100.29000000000005
1790	3	2	10.120000000000005	190.11999999999992
1790	4	2	99.88000000000001	9.879999999999995
1790	5	2	100.12	99.88
1790	6	2	100.00000000000003	190.50000000000006
1790	7	2	189.87999999999997	9.879999999999995
1790	8	2	190.49999999999997	100
1790	9	2	189.61616161616163	190.14141414141412
1790	10	1	138.4129353233831	176.542288557214
1790	11	1	168.64676616915426	148.6666666666667
1790	12	1	65.50248756218905	84.90049751243781
1790	13	1	185.53731343283565	55.373134328358184
1790	14	1	72.58793969849246	41.30150753768845
1790	15	1	20.638613861386137	133.95049504950504
1790	16	1	49.605000000000004	22.115000000000016
1790	17	1	170.21393034825866	24.09950248756219
1790	18	1	47.079601990049746	180.39303482587073
1790	19	1	74.53499999999998	76.92999999999999
1790	20	1	122.30348258706465	117.95522388059705
1790	21	1	138.96500000000006	86.38999999999994
1790	22	1	26.14356435643565	104.65841584158419
1790	23	1	143.17499999999993	17.589999999999986
1790	24	1	159.15000000000006	96.82500000000002
1790	25	1	136.55223880597006	12.611940298507465
1790	26	1	159.95024875621885	41.34825870646767
1790	27	1	120.54726368159206	0.6517412935323387
1790	28	1	134.215	146.44999999999993
1790	29	1	140.40298507462686	100.2786069651741
1790	30	1	152.98999999999998	52.09999999999995
1790	31	1	128.10447761194024	7.223880597014925
1790	32	1	122.95522388059703	134.38308457711446
1790	33	1	47.715000000000025	108.61499999999998
1790	34	1	136.65841584158412	164.82673267326732
1790	35	1	163.67000000000007	78.85999999999997
1790	36	1	72.25373134328365	21.32835820895523
1790	37	1	163.88669950738918	116.54679802955668
1790	38	1	149.34170854271363	90.58793969849243
1790	39	1	162.04975124378115	20.716417910447763
1790	40	1	1.8258706467661674	114.78109452736321
1790	41	1	179.655	154.695
1790	42	1	49.527363184079604	55.98009950248758
1790	43	1	136.3283582089551	74.97014925373135
1790	44	1	56.15	190.91999999999996
1790	45	1	180.19900497512432	140.9701492537314
1790	46	1	174.49253731343293	47.14427860696515
1790	47	1	70.295	11.040000000000004
1790	48	1	62.38999999999997	70.48500000000006
1790	49	1	151.17412935323372	21.373134328358223
1790	50	1	117.28000000000004	174.5600000000001
1790	51	1	138.93499999999997	112.36000000000004
1790	52	1	159.26499999999984	3.7549999999999994
1790	53	1	135.38805970149258	155.46766169154233
1790	54	1	41.57500000000001	191.53500000000005
1790	55	1	59.60396039603964	7.955445544554453
1790	56	1	39.239999999999995	4.430000000000001
1790	57	1	39.19402985074629	135.09452736318406
1790	58	1	51.94974874371863	170.08040201005022
1790	59	1	52.706467661691555	65.36318407960194
1790	60	1	112.80000000000003	195.205
1790	61	1	26.74129353233832	164.66666666666663
1790	62	1	6.678217821782177	126.32178217821787
1790	63	1	153.17500000000004	112.60499999999998
1790	64	1	6.470000000000001	136.94999999999996
1790	65	1	45.06565656565656	38.494949494949495
1790	66	1	169.12499999999994	59.07499999999998
1790	67	1	120.29999999999997	97.01999999999997
1790	68	1	150.67164179104483	65.01990049751242
1790	69	1	66.48499999999999	97.79
1790	70	1	20.05970149253732	115.8855721393035
1790	71	1	139.56930693069307	194.9851485148515
1790	72	1	69.60891089108911	54.079207920792065
1790	73	1	33.68000000000001	124.54999999999998
1790	74	1	50.56	99
1790	75	1	133.18316831683154	134.6683168316832
1790	76	1	160.3910891089108	144.31188118811883
1790	77	1	123.05970149253727	86.09950248756218
1790	78	1	48.79396984924626	8.115577889447236
1790	79	1	138.0854271356785	55.57788944723618
1790	80	1	76.06000000000009	30.629999999999992
1790	81	1	58.12935323383086	32.388059701492544
1790	82	1	162.28358208955225	128.42786069651748
1790	83	1	157.73366834170864	72.23618090452258
1790	84	1	55.565	46.71999999999997
1790	85	1	35.8308457711443	169.2238805970149
1790	86	1	30.771144278606965	143.37810945273628
1790	87	1	130.509900990099	64.26237623762377
1790	88	1	123.59000000000005	106.71000000000005
1790	89	1	41.160804020100485	116.01005025125629
1800	1	2	9.858585858585856	9.616161616161614
1800	2	2	9.950000000000008	100.29000000000005
1800	3	2	10.120000000000005	190.11999999999992
1800	4	2	99.88000000000001	9.879999999999995
1800	5	2	100.12	99.88
1800	6	2	100.00000000000003	190.50000000000006
1800	7	2	189.87999999999997	9.879999999999995
1800	8	2	190.49999999999997	100
1800	9	2	189.61616161616163	190.14141414141412
1800	10	1	137.4300000000001	175.72
1800	11	1	167.8258706467662	148.4328358208955
1800	12	1	66.81592039800991	84.04477611940294
1800	13	1	184.97014925373136	54.33830845771145
1800	14	1	73.60000000000002	40.27500000000001
1800	15	1	20.460000000000015	132.69500000000005
1800	16	1	48.567164179104516	21.089552238805965
1800	17	1	169.30693069306932	24.57425742574257
1800	18	1	47.256281407035175	179.66834170854273
1800	19	1	73.87064676616916	75.26368159203973
1800	20	1	121.72277227722775	117.55445544554456
1800	21	1	138.9950248756219	85.07462686567158
1800	22	1	26.395000000000007	103.41499999999998
1800	23	1	142.71144278606965	16.910447761194032
1800	24	1	158.955	95.93499999999997
1800	25	1	137.2128712871287	10.920792079207915
1800	26	1	161.18999999999988	40.03999999999998
1800	27	1	119.16915422885575	0.293532338308458
1800	28	1	133.91044776119404	146.2786069651742
1800	29	1	140.7761194029851	99.726368159204
1800	30	1	152.776119402985	50.57213930348258
1800	31	1	127.1741293532338	6.8756218905472695
1800	32	1	124.33000000000004	134.775
1800	33	1	47.83000000000002	108.16000000000004
1800	34	1	136.37500000000009	164.24
1800	35	1	162.70297029702974	78.48514851485145
1800	36	1	72.26368159203984	20.378109452736314
1800	37	1	162.60696517412939	116.0995024875622
1800	38	1	148.46500000000026	89.97500000000002
1800	39	1	161.64999999999998	19.98999999999999
1800	40	1	0.57	114.78
1800	41	1	178.56000000000012	155.03500000000005
1800	42	1	49.275000000000006	54.65
1800	43	1	135.65671641791033	73.37313432835816
1800	44	1	55.21000000000001	190.77499999999995
1800	45	1	181.26500000000001	142.775
1800	46	1	174.63000000000008	46.459999999999994
1800	47	1	70.43781094527367	9.786069651741295
1800	48	1	61.67164179104473	69.70646766169152
1800	49	1	151.16999999999987	20.520000000000007
1800	50	1	117.38693467336682	176.07537688442218
1800	51	1	138.1658291457286	112.24120603015074
1800	52	1	158.8905472636814	2.2388059701492544
1800	53	1	135.17000000000002	155.3349999999999
1800	54	1	40.311557788944725	191.02512562814073
1800	55	1	58.636815920398	8.577114427860696
1800	56	1	37.949999999999996	3.639999999999999
1800	57	1	38.786069651741265	134.06467661691548
1800	58	1	50.23115577889446	170.06030150753767
1800	59	1	52.29353233830845	64.53233830845774
1800	60	1	112.3930348258707	194.681592039801
1800	61	1	25.990099009900995	163.90594059405933
1800	62	1	8.338308457711438	124.33333333333331
1800	63	1	152.78606965174134	111.54726368159209
1800	64	1	6.2835820895522385	136.58706467661688
1800	65	1	45.99499999999998	38.09
1800	66	1	169.1485148514851	58.297029702970285
1800	67	1	119.74129353233833	96.73134328358205
1800	68	1	150.76884422110552	64.28643216080403
1800	69	1	67.67821782178216	96.93069306930694
1800	70	1	19.603015075376884	113.92964824120601
1800	71	1	137.95	194.595
1800	72	1	68.67661691542284	53.427860696517456
1800	73	1	33.24875621890548	123.68656716417908
1800	74	1	51.90452261306533	98.26130653266331
1800	75	1	134.63681592039816	132.38805970149252
1800	76	1	159.8507462686568	142.94527363184085
1800	77	1	123.24875621890541	85.7810945273633
1800	78	1	48.05472636815919	6.94527363184079
1800	79	1	138.84924623115572	54.93969849246232
1800	80	1	75.03015075376885	29.507537688442202
1800	81	1	57.0597014925373	31.203980099502488
1800	82	1	163.5124378109452	127.75124378109452
1800	83	1	157.5778894472362	71.4070351758794
1800	84	1	55.154228855721385	45.66169154228857
1800	85	1	34.462686567164205	168.74626865671644
1800	86	1	31.064676616915417	142.34328358208953
1800	87	1	130.27227722772284	62.277227722772274
1800	88	1	123.81592039800994	106.02985074626864
1800	89	1	40.485	115.40000000000002
1810	1	2	9.858585858585856	9.616161616161614
1810	2	2	9.950000000000008	100.29000000000005
1810	3	2	10.120000000000005	190.11999999999992
1810	4	2	99.88000000000001	9.879999999999995
1810	5	2	100.12	99.88
1810	6	2	100.00000000000003	190.50000000000006
1810	7	2	189.87999999999997	9.879999999999995
1810	8	2	190.49999999999997	100
1810	9	2	189.61616161616163	190.14141414141412
1810	10	1	136.54228855721377	175.25373134328356
1810	11	1	167.05000000000004	148.17499999999993
1810	12	1	67.47500000000001	82.77000000000002
1810	13	1	185.02512562814078	53.44221105527635
1810	14	1	74.52000000000002	39.035
1810	15	1	20.374999999999993	132.08999999999997
1810	16	1	48.31155778894473	20.145728643216085
1810	17	1	168.65999999999997	24.47
1810	18	1	47.00500000000001	178.67000000000007
1810	19	1	73.87000000000005	73.70499999999994
1810	20	1	121.35820895522383	117.1293532338309
1810	21	1	139.0845771144279	83.73631840796023
1810	22	1	26.53960396039603	101.90099009900992
1810	23	1	141.85500000000013	16.79499999999998
1810	24	1	158.4699999999999	95.6
1810	25	1	137.00000000000003	10.124999999999998
1810	26	1	162.3383084577114	39.13432835820894
1810	27	1	118.37810945273635	199.88059701492537
1810	28	1	133.26000000000008	146.26500000000004
1810	29	1	140.36500000000004	99.24499999999999
1810	30	1	153.1149999999999	49.564999999999976
1810	31	1	126.23383084577112	6.2189054726368145
1810	32	1	125.32500000000006	134.49999999999991
1810	33	1	48.13	107.65000000000002
1810	34	1	135.93500000000003	163.8599999999999
1810	35	1	161.1649999999999	78.64499999999994
1810	36	1	72.2388059701492	19.12437810945273
1810	37	1	161.48756218905473	115.66169154228857
1810	38	1	147.452736318408	89.77114427860695
1810	39	1	161.26633165829145	18.673366834170867
1810	40	1	199.44776119402985	114.70149253731343
1810	41	1	177.4825870646766	155.72139303482584
1810	42	1	48.939698492462306	53.402010050251256
1810	43	1	135.21890547263686	71.80099502487568
1810	44	1	53.87623762376238	190.2227722772278
1810	45	1	181.910447761194	143.9154228855721
1810	46	1	175.14572864321607	45.748743718592976
1810	47	1	70.30499999999999	8.345000000000002
1810	48	1	60.98009950248756	68.6865671641791
1810	49	1	150.78606965174134	19.940298507462686
1810	50	1	117.64676616915422	177.27860696517422
1810	51	1	137.1149999999999	112.22000000000001
1810	52	1	158.1534653465346	1.4603960396039606
1810	53	1	134.94000000000005	155.10499999999993
1810	54	1	38.582914572864325	190.69849246231155
1810	55	1	57.616915422885576	8.89054726368159
1810	56	1	37.029850746268636	2.7462686567164183
1810	57	1	37.944999999999986	132.89
1810	58	1	48.29353233830846	169.8855721393034
1810	59	1	51.726368159203986	63.30348258706468
1810	60	1	112.12935323383083	194.20895522388062
1810	61	1	25.259999999999998	163.14000000000001
1810	62	1	9.572139303482588	122.21393034825869
1810	63	1	152.365	110.715
1810	64	1	6.124999999999999	136.07999999999996
1810	65	1	46.495	37.59000000000001
1810	66	1	169.77227722772273	57.53465346534652
1810	67	1	119.00502512562812	96.22613065326631
1810	68	1	151.28855721393035	63.38805970149254
1810	69	1	68.39499999999997	95.29500000000007
1810	70	1	19.616915422885565	112.37313432835822
1810	71	1	136.72000000000003	194.255
1810	72	1	68.34999999999998	51.984999999999985
1810	73	1	33.01	122.71999999999997
1810	74	1	53.174999999999976	97.60499999999998
1810	75	1	135.37128712871282	131.10396039603955
1810	76	1	159.43500000000003	141.6300000000001
1810	77	1	123.74	85.05999999999999
1810	78	1	47.74	5.619999999999998
1810	79	1	138.77499999999995	53.97500000000001
1810	80	1	74.31188118811883	28.26732673267327
1810	81	1	56.12376237623762	30.183168316831697
1810	82	1	164.395	127.29500000000004
1810	83	1	157.8564356435644	70.43564356435644
1810	84	1	55.26368159203982	44.78109452736319
1810	85	1	32.970000000000006	168.12999999999994
1810	86	1	31.835000000000008	141.53500000000008
1810	87	1	130.05940594059402	60.475247524752504
1810	88	1	123.75621890547264	105.41791044776122
1810	89	1	40.03	114.675
1820	1	2	9.858585858585856	9.616161616161614
1820	2	2	9.950000000000008	100.29000000000005
1820	3	2	10.120000000000005	190.11999999999992
1820	4	2	99.88000000000001	9.879999999999995
1820	5	2	100.12	99.88
1820	6	2	100.00000000000003	190.50000000000006
1820	7	2	189.87999999999997	9.879999999999995
1820	8	2	190.49999999999997	100
1820	9	2	189.61616161616163	190.14141414141412
1820	10	1	135.97989949748742	175.0150753768844
1820	11	1	165.94000000000005	147.80500000000004
1820	12	1	67.77114427860694	81.19402985074625
1820	13	1	185.03980099502493	53.03980099502485
1820	14	1	75.20398009950243	37.328358208955244
1820	15	1	20.203980099502488	131.16417910447757
1820	16	1	47.529999999999994	19.455000000000013
1820	17	1	167.99999999999997	23.879999999999992
1820	18	1	47.75124378109454	177.5273631840795
1820	19	1	74.82089552238807	73.0348258706468
1820	20	1	120.72499999999995	116.9
1820	21	1	139.8291457286432	82.07537688442213
1820	22	1	27.159203980099498	100.83084577114428
1820	23	1	140.6268656716418	16.502487562189053
1820	24	1	157.79000000000005	95.26500000000003
1820	25	1	136.53266331658287	9.326633165829158
1820	26	1	163.91542288557213	38.11940298507463
1820	27	1	117.26865671641784	199.90049751243782
1820	28	1	133.05500000000004	146.02499999999998
1820	29	1	139.69306930693082	98.67326732673274
1820	30	1	152.83999999999997	48.03999999999999
1820	31	1	125.46268656716416	5.004975124378105
1820	32	1	126.21499999999996	134.73999999999992
1820	33	1	48.60199004975125	107.34328358208955
1820	34	1	135.62500000000006	163.92500000000007
1820	35	1	160.38308457711452	78.16915422885575
1820	36	1	71.14851485148516	17.653465346534656
1820	37	1	159.74371859296488	115.57788944723613
1820	38	1	146.4974874371859	89.35175879396989
1820	39	1	160.56435643564362	17.94554455445544
1820	40	1	198.47761194029852	114.6119402985074
1820	41	1	176.35820895522383	155.75124378109436
1820	42	1	48.515000000000036	52.25499999999999
1820	43	1	134.049751243781	70.24875621890544
1820	44	1	52.459999999999994	188.93499999999997
1820	45	1	182.139303482587	144.45771144278604
1820	46	1	175.0796019900498	45.37313432835819
1820	47	1	70.2350000000001	6.875
1820	48	1	60.65671641791044	67.42786069651744
1820	49	1	150.6349999999999	17.765000000000004
1820	50	1	118.0348258706468	178.05970149253739
1820	51	1	136.32000000000002	112.05500000000006
1820	52	1	157.57000000000002	199.945
1820	53	1	134.88000000000002	154.7799999999999
1820	54	1	36.59701492537313	190.48258706467666
1820	55	1	56.65174129353235	9.139303482587067
1820	56	1	35.915000000000006	1.8950000000000011
1820	57	1	37.250000000000014	132.13000000000014
1820	58	1	45.905472636815915	169.6865671641792
1820	59	1	50.3118811881188	62.00495049504949
1820	60	1	112.52500000000002	193.43500000000006
1820	61	1	24.99999999999999	161.95000000000005
1820	62	1	10.703517587939695	120.4321608040201
1820	63	1	152.0049751243782	109.73134328358209
1820	64	1	5.308457711442784	135.12437810945272
1820	65	1	47.10050251256283	36.7788944723618
1820	66	1	169.72500000000008	56.70999999999999
1820	67	1	118.97029702970298	95.54455445544552
1820	68	1	151.12437810945272	62.721393034825844
1820	69	1	68.66	93.44499999999994
1820	70	1	19.545	110.89500000000007
1820	71	1	135.8308457711443	193.53233830845775
1820	72	1	67.91000000000005	50.474999999999994
1820	73	1	32.76119402985075	121.7462686567164
1820	74	1	54.09999999999999	97.04499999999999
1820	75	1	135.82089552238807	130.04975124378112
1820	76	1	158.92039800995025	139.77611940298502
1820	77	1	124.98994974874377	83.97487437185934
1820	78	1	47.21393034825871	4.497512437810945
1820	79	1	138.80499999999992	53.06
1820	80	1	74.21287128712868	27.227722772277218
1820	81	1	55.239999999999974	29.26500000000001
1820	82	1	165.76616915422872	127.36318407960201
1820	83	1	157.6834170854271	69.32160804020101
1820	84	1	54.63316582914575	43.92964824120606
1820	85	1	31.430000000000003	168.14000000000007
1820	86	1	31.834999999999994	140.75000000000006
1820	87	1	129.87064676616907	59.09950248756218
1820	88	1	123.54726368159204	105.09950248756216
1820	89	1	39.85999999999999	113.99
1830	1	2	9.858585858585856	9.616161616161614
1830	2	2	9.950000000000008	100.29000000000005
1830	3	2	10.120000000000005	190.11999999999992
1830	4	2	99.88000000000001	9.879999999999995
1830	5	2	100.12	99.88
1830	6	2	100.00000000000003	190.50000000000006
1830	7	2	189.87999999999997	9.879999999999995
1830	8	2	190.49999999999997	100
1830	9	2	189.61616161616163	190.14141414141412
1830	10	1	134.70499999999996	175.34
1830	11	1	164.92964824120597	147.26633165829148
1830	12	1	67.80099502487563	79.70646766169153
1830	13	1	185.08999999999992	52.42500000000002
1830	14	1	74.83168316831684	35.77722772277227
1830	15	1	19.628712871287114	130.5247524752475
1830	16	1	47.16417910447758	18.82587064676618
1830	17	1	167.07960199004964	23.3134328358209
1830	18	1	48.06930693069309	176.86138613861382
1830	19	1	73.87562189054731	72.05472636815915
1830	20	1	120.88000000000004	116.83500000000006
1830	21	1	140.4228855721393	80.61691542288557
1830	22	1	27.65999999999999	99.64999999999996
1830	23	1	139.89447236180908	16.1005025125628
1830	24	1	157.13	95.33000000000003
1830	25	1	136.1044776119403	8.676616915422883
1830	26	1	164.8140703517588	37.055276381909565
1830	27	1	116.43069306930695	0.12871287128712816
1830	28	1	133.335	145.08499999999987
1830	29	1	139.03000000000014	98.11000000000001
1830	30	1	153.22277227722762	45.94059405940588
1830	31	1	124.60499999999993	4.454999999999997
1830	32	1	127.22999999999995	134.73999999999995
1830	33	1	48.165000000000006	106.585
1830	34	1	135.45500000000004	163.56499999999994
1830	35	1	159.66	77.95499999999997
1830	36	1	70.42288557213938	16.139303482587067
1830	37	1	158.57999999999998	115.23500000000006
1830	38	1	145.74371859296483	89.23115577889442
1830	39	1	160.13065326633165	15.643216080402008
1830	40	1	196.7810945273632	114.62686567164185
1830	41	1	175.10999999999999	155.99999999999991
1830	42	1	47.06467661691545	51.33830845771146
1830	43	1	133.42574257425747	68.93069306930687
1830	44	1	51.114999999999995	187.8900000000001
1830	45	1	181.94029850746278	145.3731343283582
1830	46	1	174.8457711442786	44.77114427860696
1830	47	1	70.29850746268656	5.611940298507462
1830	48	1	59.920398009950226	66.10447761194025
1830	49	1	150.27860696517413	16.139303482587067
1830	50	1	117.48999999999998	178.99500000000006
1830	51	1	135.4749999999999	111.70499999999997
1830	52	1	157.32160804020097	198.2211055276382
1830	53	1	134.99500000000006	154.05
1830	54	1	34.52238805970149	190.18407960199002
1830	55	1	55.68000000000003	9.1
1830	56	1	35.06499999999998	1.3249999999999995
1830	57	1	36.15422885572139	131.59203980099502
1830	58	1	44.748743718593005	169.52261306532654
1830	59	1	50.16417910447763	60.303482587064686
1830	60	1	112.88059701492536	192.96517412935324
1830	61	1	24.487562189054717	161.6019900497512
1830	62	1	10.390000000000006	118.88500000000005
1830	63	1	151.39698492462318	109.18090452261306
1830	64	1	4.457711442786069	133.0348258706468
1830	65	1	47.452261306532684	36.43718592964824
1830	66	1	169.70646766169153	56.08955223880597
1830	67	1	118.86567164179108	94.94029850746271
1830	68	1	151.46499999999995	61.785
1830	69	1	68.74129353233832	91.61691542288561
1830	70	1	19.79601990049752	109.78109452736321
1830	71	1	135.02000000000004	193.15999999999994
1830	72	1	68.16000000000007	49.09999999999998
1830	73	1	31.751243781094523	120.87562189054727
1830	74	1	55.65500000000001	96.11
1830	75	1	136.47761194029863	128.0597014925373
1830	76	1	158.5000000000001	138.32000000000002
1830	77	1	126.44500000000005	82.59499999999993
1830	78	1	46.66169154228858	3.492537313432834
1830	79	1	139.58500000000004	52.42499999999999
1830	80	1	73.97014925373135	26.139303482587053
1830	81	1	54.163366336633686	28.599009900990097
1830	82	1	166.44278606965176	127.50248756218905
1830	83	1	158.44776119402982	68.11442786069654
1830	84	1	54.64500000000001	43.37499999999997
1830	85	1	30.425	167.9199999999999
1830	86	1	32.58208955223881	140.31343283582095
1830	87	1	129.90547263681592	58.16915422885572
1830	88	1	122.87999999999997	104.41999999999999
1830	89	1	39.299999999999976	113.29000000000002
1840	1	2	9.858585858585856	9.616161616161614
1840	2	2	9.950000000000008	100.29000000000005
1840	3	2	10.120000000000005	190.11999999999992
1840	4	2	99.88000000000001	9.879999999999995
1840	5	2	100.12	99.88
1840	6	2	100.00000000000003	190.50000000000006
1840	7	2	189.87999999999997	9.879999999999995
1840	8	2	190.49999999999997	100
1840	9	2	189.61616161616163	190.14141414141412
1840	10	1	134.15422885572136	175.42786069651748
1840	11	1	163.77611940298507	146.99502487562194
1840	12	1	67.13065326633165	78.33668341708545
1840	13	1	185.37000000000006	51.775000000000006
1840	14	1	74.19500000000001	34.705
1840	15	1	18.949748743718594	129.61809045226144
1840	16	1	47.095	18.084999999999994
1840	17	1	165.6	23.19
1840	18	1	48.76000000000001	176.14499999999998
1840	19	1	72.7611940298507	70.74626865671641
1840	20	1	121.11999999999996	116.51500000000003
1840	21	1	140.49500000000003	79.01500000000003
1840	22	1	27.689999999999998	98.37499999999996
1840	23	1	139.155	15.994999999999996
1840	24	1	156.55721393034833	94.80099502487559
1840	25	1	135.73000000000008	8.205000000000004
1840	26	1	166.17085427135683	35.763819095477366
1840	27	1	115.26368159203984	0.7810945273631837
1840	28	1	133.8258706467662	144.20895522388062
1840	29	1	138.58208955223876	97.61194029850746
1840	30	1	153.8258706467662	44.35323383084577
1840	31	1	123.94	3.794999999999998
1840	32	1	127.79500000000006	134.48000000000002
1840	33	1	47.52238805970146	105.28358208955223
1840	34	1	135.10447761194027	163.8308457711444
1840	35	1	159.12935323383084	77.46766169154229
1840	36	1	70.31499999999996	14.800000000000006
1840	37	1	157.57711442786072	114.99004975124383
1840	38	1	144.85427135678393	88.45728643216079
1840	39	1	159.86138613861394	14.03960396039604
1840	40	1	195.61	114.775
1840	41	1	174.275	156.03499999999997
1840	42	1	46.645	50.649999999999984
1840	43	1	133.21782178217828	67.79702970297029
1840	44	1	50.28500000000001	187.34999999999994
1840	45	1	181.1343283582089	146.12935323383084
1840	46	1	174.8407960199006	44.09452736318408
1840	47	1	70.23000000000005	4.919999999999998
1840	48	1	58.732673267326746	65.19306930693071
1840	49	1	149.71	15.435000000000015
1840	50	1	116.31155778894474	179.73869346733665
1840	51	1	135.21287128712865	111.28712871287121
1840	52	1	156.0547263681592	197.52238805970148
1840	53	1	135.26130653266333	153.46231155778895
1840	54	1	33.34328358208957	189.59203980099502
1840	55	1	54.665	8.589999999999995
1840	56	1	34.86069651741294	0.2487562189054742
1840	57	1	34.540000000000035	130.97500000000008
1840	58	1	43.014999999999965	169.18000000000004
1840	59	1	49.3084577114428	59.16417910447762
1840	60	1	113.17999999999995	192.21
1840	61	1	24.024875621890548	160.93034825870652
1840	62	1	10.495049504950495	117.86138613861387
1840	63	1	150.76616915422883	108.83582089552243
1840	64	1	3.9748743718592907	131.77386934673365
1840	65	1	47.75999999999999	36.10000000000001
1840	66	1	169.88059701492537	55.43283582089552
1840	67	1	119.15999999999998	93.84500000000006
1840	68	1	151.7920792079207	60.440594059405946
1840	69	1	68.94527363184076	89.96517412935314
1840	70	1	19.522388059701495	108.61691542288557
1840	71	1	134.14499999999998	192.98499999999993
1840	72	1	68.643216080402	47.38190954773868
1840	73	1	31.38000000000001	119.93000000000004
1840	74	1	57.8894472361809	95.02010050251258
1840	75	1	136.9900497512437	126.9402985074627
1840	76	1	158.3830845771145	136.0298507462686
1840	77	1	126.91044776119404	81.40796019900496
1840	78	1	46.56500000000001	2.475
1840	79	1	140.315	52.07000000000001
1840	80	1	73.57213930348257	24.955223880597018
1840	81	1	53.512437810945286	27.9452736318408
1840	82	1	167.134328358209	127.95024875621885
1840	83	1	158.96517412935333	67.07960199004975
1840	84	1	54.79499999999998	43.02500000000001
1840	85	1	28.935323383084565	167.76119402985066
1840	86	1	32.77500000000002	139.66000000000003
1840	87	1	129.6550000000001	57.400000000000006
1840	88	1	122.04500000000002	103.85000000000004
1840	89	1	38.61881188118812	112.37128712871285
1850	1	2	9.858585858585856	9.616161616161614
1850	2	2	9.950000000000008	100.29000000000005
1850	3	2	10.120000000000005	190.11999999999992
1850	4	2	99.88000000000001	9.879999999999995
1850	5	2	100.12	99.88
1850	6	2	100.00000000000003	190.50000000000006
1850	7	2	189.87999999999997	9.879999999999995
1850	8	2	190.49999999999997	100
1850	9	2	189.61616161616163	190.14141414141412
1850	10	1	133.3	175.81999999999996
1850	11	1	162.58500000000006	146.49499999999995
1850	12	1	66.35500000000002	77.06500000000001
1850	13	1	186.11	50.82500000000002
1850	14	1	73.2649999999999	33.57500000000002
1850	15	1	17.66336633663366	129.3514851485149
1850	16	1	47.039800995024876	17.686567164179113
1850	17	1	164.88557213930346	22.751243781094537
1850	18	1	48.84500000000002	175.58999999999986
1850	19	1	71.685	69.60999999999997
1850	20	1	120.875	115.94500000000001
1850	21	1	140.70999999999995	77.54500000000003
1850	22	1	27.467661691542286	97.57711442786075
1850	23	1	137.945	16.139999999999993
1850	24	1	156.0603015075376	93.60804020100505
1850	25	1	135.09452736318403	7.7263681592039815
1850	26	1	166.55000000000004	34.72
1850	27	1	114.08955223880596	1.4825870646766148
1850	28	1	134.16582914572865	143.23618090452263
1850	29	1	137.68656716417917	97.13432835820895
1850	30	1	154.0940594059406	42.65346534653464
1850	31	1	122.98500000000003	4.05
1850	32	1	128.73	134.70499999999998
1850	33	1	46.77227722772277	103.48514851485152
1850	34	1	134.91499999999996	163.79499999999993
1850	35	1	159.06965174129354	76.46268656716408
1850	36	1	70.61691542288554	13.288557213930341
1850	37	1	156.97512437810937	114.23383084577121
1850	38	1	143.87623762376225	87.67821782178217
1850	39	1	159.34500000000003	13.099999999999993
1850	40	1	194.63	114.19999999999997
1850	41	1	173.5870646766169	156.05970149253739
1850	42	1	46.3	50.31000000000002
1850	43	1	132.7064676616916	66.4875621890547
1850	44	1	49.44500000000002	186.96000000000004
1850	45	1	180.47761194029843	146.51741293532336
1850	46	1	174.24499999999998	43.574999999999996
1850	47	1	69.89999999999998	4.040000000000002
1850	48	1	58.45273631840796	64.0398009950249
1850	49	1	149.34499999999994	14.370000000000001
1850	50	1	115.20603015075378	180.0603015075377
1850	51	1	134.6965174129352	110.8805970149254
1850	52	1	155.4427860696518	196.8407960199005
1850	53	1	135.81592039800992	152.39800995024873
1850	54	1	32.79104477611941	188.94029850746264
1850	55	1	53.924242424242415	8.17171717171717
1850	56	1	34.44221105527638	199.75879396984925
1850	57	1	33.16417910447761	130.23383084577105
1850	58	1	41.999999999999986	168.68656716417922
1850	59	1	48.879999999999995	58.515
1850	60	1	113.62000000000003	191.635
1850	61	1	23.51499999999999	160.395
1850	62	1	10.243781094527362	116.82089552238808
1850	63	1	150.273631840796	107.95024875621894
1850	64	1	4.049999999999997	130.175
1850	65	1	48.265000000000015	35.67500000000001
1850	66	1	170.34000000000006	54.66999999999999
1850	67	1	119.24500000000006	93.30499999999998
1850	68	1	151.985	59.08500000000002
1850	69	1	68.9552238805971	88.67661691542291
1850	70	1	19.318407960199007	107.68656716417912
1850	71	1	133.39195979899492	192.5527638190955
1850	72	1	69.35323383084574	46.1144278606965
1850	73	1	31.024875621890544	118.94029850746269
1850	74	1	59.698019801980216	94.94059405940592
1850	75	1	137.28499999999983	125.335
1850	76	1	158.06467661691522	134.40796019900512
1850	77	1	127.5	80.02999999999994
1850	78	1	46.30653266331659	1.7638190954773874
1850	79	1	141.92000000000002	51.71500000000002
1850	80	1	73.05970149253723	23.57711442786071
1850	81	1	52.85000000000001	27.114999999999995
1850	82	1	167.78499999999988	128.63500000000002
1850	83	1	159.17000000000004	66.00999999999995
1850	84	1	55.07462686567166	42.70646766169156
1850	85	1	27.701492537313435	167.65174129353235
1850	86	1	33.10945273631841	138.76119402985088
1850	87	1	129.21500000000003	56.35500000000001
1850	88	1	121.54726368159201	103.57711442786068
1850	89	1	38.66000000000002	111.52499999999996
1860	1	2	9.858585858585856	9.616161616161614
1860	2	2	9.950000000000008	100.29000000000005
1860	3	2	10.120000000000005	190.11999999999992
1860	4	2	99.88000000000001	9.879999999999995
1860	5	2	100.12	99.88
1860	6	2	100.00000000000003	190.50000000000006
1860	7	2	189.87999999999997	9.879999999999995
1860	8	2	190.49999999999997	100
1860	9	2	189.61616161616163	190.14141414141412
1860	10	1	132.80999999999995	176.28500000000008
1860	11	1	161.095	146.20999999999992
1860	12	1	66.16499999999996	76.30499999999998
1860	13	1	185.94527363184065	50.089552238805986
1860	14	1	72.65174129353237	32.22388059701493
1860	15	1	16.646766169154223	128.84079601990047
1860	16	1	47.159203980099484	17.313432835820887
1860	17	1	164.31500000000005	21.81999999999999
1860	18	1	49.23267326732673	174.6782178217821
1860	19	1	70.32000000000001	68.03499999999998
1860	20	1	120.91499999999996	115.72500000000005
1860	21	1	140.59900990099004	76.46039603960402
1860	22	1	27.379999999999995	96.46500000000003
1860	23	1	137.12000000000006	15.824999999999983
1860	24	1	155.17910447761184	92.83582089552239
1860	25	1	134.2649999999999	7.1150000000000055
1860	26	1	166.50495049504957	33.97029702970299
1860	27	1	113.32663316582918	1.7236180904522613
1860	28	1	134.05	142.47999999999996
1860	29	1	137.69000000000005	96.63000000000001
1860	30	1	153.5621890547263	40.90049751243783
1860	31	1	121.95499999999997	4.350000000000001
1860	32	1	130.0400000000001	133.42999999999995
1860	33	1	46.21890547263687	101.43283582089552
1860	34	1	134.45	163.93500000000003
1860	35	1	158.94999999999996	75.37000000000002
1860	36	1	71.27363184079606	12.184079601990048
1860	37	1	156.72000000000003	113.59000000000002
1860	38	1	143.24499999999998	86.86499999999994
1860	39	1	158.681592039801	12.55721393034826
1860	40	1	193.74	113.98000000000002
1860	41	1	172.41791044776122	155.33333333333337
1860	42	1	46.004975124378106	49.77611940298506
1860	43	1	132.43283582089552	65.33333333333334
1860	44	1	48.17171717171719	186.51515151515147
1860	45	1	179.48000000000002	147.51500000000001
1860	46	1	174.65000000000006	42.76999999999999
1860	47	1	69.79104477611938	3.4427860696517425
1860	48	1	58.42574257425741	62.97029702970298
1860	49	1	148.82914572864317	13.628140703517579
1860	50	1	114.42713567839202	180.2060301507538
1860	51	1	134.0452261306533	110.66331658291453
1860	52	1	154.32999999999993	196.67
1860	53	1	135.87623762376242	151.75742574257433
1860	54	1	32.35820895522388	188.2288557213931
1860	55	1	53.291457286432134	7.688442211055275
1860	56	1	33.23880597014922	199.43283582089552
1860	57	1	32.293532338308445	129.08457711442793
1860	58	1	40.328358208955216	168.05472636815924
1860	59	1	48.254999999999995	57.915000000000006
1860	60	1	114.03499999999998	190.83
1860	61	1	22.58706467661691	160.1641791044777
1860	62	1	8.950248756218908	116.20895522388064
1860	63	1	149.73267326732667	107.52475247524751
1860	64	1	3.9402985074626873	128.6616915422885
1860	65	1	48.56218905472638	35.194029850746254
1860	66	1	169.86567164179104	53.74626865671643
1860	67	1	119.60499999999998	92.52500000000002
1860	68	1	152.19900497512435	57.746268656716424
1860	69	1	68.83084577114434	87.41791044776117
1860	70	1	19.415000000000013	106.97000000000001
1860	71	1	132.65841584158426	192.2821782178218
1860	72	1	70.27499999999993	44.545000000000016
1860	73	1	30.210000000000004	117.76499999999997
1860	74	1	60.835820895522396	94.72139303482587
1860	75	1	138.1691542288557	123.32338308457716
1860	76	1	157.715	132.44499999999994
1860	77	1	128.14999999999995	78.39
1860	78	1	46.01990049751244	0.8557213930348254
1860	79	1	142.85074626865665	50.92039800995028
1860	80	1	73.05500000000005	21.88999999999999
1860	81	1	52.706467661691526	26.527363184079597
1860	82	1	168.47500000000008	129.92
1860	83	1	158.93532338308466	65.07960199004977
1860	84	1	55.738693467336695	42.396984924623105
1860	85	1	26.904522613065318	167.1758793969849
1860	86	1	32.720000000000006	137.8799999999999
1860	87	1	128.75499999999994	55.459999999999994
1860	88	1	121.22885572139302	103.08457711442786
1860	89	1	38.41500000000001	110.19500000000002
1870	1	2	9.858585858585856	9.616161616161614
1870	2	2	9.950000000000008	100.29000000000005
1870	3	2	10.120000000000005	190.11999999999992
1870	4	2	99.88000000000001	9.879999999999995
1870	5	2	100.12	99.88
1870	6	2	100.00000000000003	190.50000000000006
1870	7	2	189.87999999999997	9.879999999999995
1870	8	2	190.49999999999997	100
1870	9	2	189.61616161616163	190.14141414141412
1870	10	1	132.40499999999992	176.035
1870	11	1	159.98499999999999	144.73000000000008
1870	12	1	65.64500000000002	75.86000000000001
1870	13	1	186.58208955223873	48.59203980099503
1870	14	1	71.84999999999994	31.065
1870	15	1	15.841584158415843	128.26237623762364
1870	16	1	46.925373134328375	16.398009950248763
1870	17	1	163.21393034825866	21.293532338308463
1870	18	1	48.20499999999999	173.79500000000002
1870	19	1	69.34000000000002	67.17499999999997
1870	20	1	120.82914572864325	115.66834170854267
1870	21	1	140.62499999999997	75.45500000000003
1870	22	1	27.22277227722772	95.27722772277222
1870	23	1	136.5699999999999	15.449999999999994
1870	24	1	154.19900497512447	92.02487562189056
1870	25	1	134.14499999999987	5.774999999999998
1870	26	1	166.54000000000002	33.295
1870	27	1	112.61000000000001	2.465
1870	28	1	134.12	141.68500000000003
1870	29	1	137.14851485148526	96.32673267326733
1870	30	1	153.37185929648237	39.6934673366834
1870	31	1	121.20895522388066	4.810945273631843
1870	32	1	130.87437185929642	132.32663316582924
1870	33	1	47.118811881188144	99.45544554455444
1870	34	1	134.18499999999992	163.79500000000002
1870	35	1	158.45728643216066	74.321608040201
1870	36	1	71.35820895522389	11.572139303482587
1870	37	1	156.21890547263686	113.05472636815921
1870	38	1	142.50495049504948	86.2524752475248
1870	39	1	158.12499999999994	11.464999999999993
1870	40	1	192.715	113.22999999999999
1870	41	1	171.64676616915432	155.34825870646765
1870	42	1	45.86069651741294	49.31343283582089
1870	43	1	132.44499999999996	63.94500000000001
1870	44	1	46.66666666666667	186.28855721393032
1870	45	1	178.91999999999987	149.29
1870	46	1	175.12807881773404	41.37931034482758
1870	47	1	69.64851485148516	3.014851485148515
1870	48	1	58.12500000000002	62.25
1870	49	1	148.47524752475243	12.410891089108908
1870	50	1	113.56000000000004	180.19499999999996
1870	51	1	133.24378109452735	110.25373134328356
1870	52	1	152.79601990049753	195.5721393034826
1870	53	1	136.61499999999995	150.73000000000008
1870	54	1	31.46766169154228	187.48756218905473
1870	55	1	53.0452261306533	6.814070351758791
1870	56	1	32.15346534653466	199.16831683168317
1870	57	1	31.435643564356436	127.76732673267321
1870	58	1	38.0985221674877	167.21674876847297
1870	59	1	47.829145728643226	57.391959798994954
1870	60	1	113.93467336683418	190.6180904522613
1870	61	1	22.154999999999998	159.77499999999992
1870	62	1	7.671641791044775	115.67164179104472
1870	63	1	149.12935323383087	106.72636815920396
1870	64	1	4.064999999999999	127.43
1870	65	1	49.2636815920398	34.457711442786085
1870	66	1	169.2786069651743	52.223880597014926
1870	67	1	120.35820895522389	91.38805970149258
1870	68	1	152.17	57.160000000000004
1870	69	1	68.84500000000003	86.40500000000003
1870	70	1	19.604999999999993	106.54499999999999
1870	71	1	131.5024875621891	192.40796019900495
1870	72	1	70.79601990049753	43.73134328358208
1870	73	1	30.02985074626865	116.49751243781095
1870	74	1	62.08955223880595	94.83582089552243
1870	75	1	138.98009950248758	122.223880597015
1870	76	1	156.80999999999995	131.02500000000003
1870	77	1	128.3233830845771	76.45771144278606
1870	78	1	45.194029850746304	0.45273631840796014
1870	79	1	144.05940594059396	50.193069306930724
1870	80	1	72.8190954773869	20.638190954773858
1870	81	1	52.35500000000001	25.669999999999995
1870	82	1	168.72864321608031	131.09547738693462
1870	83	1	159.65500000000017	63.64499999999997
1870	84	1	56.33333333333333	41.97014925373135
1870	85	1	26.11000000000001	167.00500000000008
1870	86	1	32.60696517412935	136.84079601990055
1870	87	1	128.085	54.235000000000035
1870	88	1	119.87	102.45999999999998
1870	89	1	38.7164179104478	108.17412935323381
1880	1	2	9.858585858585856	9.616161616161614
1880	2	2	9.950000000000008	100.29000000000005
1880	3	2	10.120000000000005	190.11999999999992
1880	4	2	99.88000000000001	9.879999999999995
1880	5	2	100.12	99.88
1880	6	2	100.00000000000003	190.50000000000006
1880	7	2	189.87999999999997	9.879999999999995
1880	8	2	190.49999999999997	100
1880	9	2	189.61616161616163	190.14141414141412
1880	10	1	131.37313432835813	176.22885572139302
1880	11	1	158.945	143.91499999999994
1880	12	1	65.07462686567166	75.22885572139306
1880	13	1	186.7100000000001	46.725000000000016
1880	14	1	72.17085427135679	29.60301507537687
1880	15	1	15.004975124378113	127.83582089552229
1880	16	1	46.663366336633665	15.772277227722775
1880	17	1	161.22885572139307	21.019900497512435
1880	18	1	47.54271356783921	173.07537688442204
1880	19	1	68.53266331658293	66.12562814070348
1880	20	1	120.545	115.66499999999999
1880	21	1	140.96019900497524	74.20895522388061
1880	22	1	27.287128712871286	94.1732673267327
1880	23	1	135.845	14.709999999999996
1880	24	1	152.7300000000001	92.19999999999997
1880	25	1	133.46268656716418	5.069651741293537
1880	26	1	166.5721393034826	32.845771144278636
1880	27	1	111.83582089552235	2.9054726368159214
1880	28	1	133.62	141.5599999999999
1880	29	1	136.43000000000004	95.72999999999998
1880	30	1	152.79999999999987	38.73000000000001
1880	31	1	120.03482587064677	5.477611940298509
1880	32	1	132.08999999999997	131
1880	33	1	47.427860696517435	97.0696517412935
1880	34	1	134.11500000000007	163.27
1880	35	1	157.96534653465335	73.56435643564357
1880	36	1	71.41500000000002	10.955000000000004
1880	37	1	155.87064676616905	112.07462686567165
1880	38	1	142.07881773399006	85.4679802955665
1880	39	1	157.37313432835822	10.437810945273625
1880	40	1	191.01	113.03000000000004
1880	41	1	170.7512437810945	155.17910447761193
1880	42	1	45.389999999999986	48.80499999999999
1880	43	1	132.5049999999999	63.15000000000001
1880	44	1	45.730000000000004	186.52000000000007
1880	45	1	178.45999999999995	150.92000000000002
1880	46	1	175.36499999999998	40.61999999999999
1880	47	1	69.42786069651746	2.895522388059702
1880	48	1	58.23880597014927	61.25373134328361
1880	49	1	148.23000000000005	10.934999999999997
1880	50	1	111.88442211055282	180.2311557788946
1880	51	1	132.35643564356428	109.49009900990099
1880	52	1	151.4199999999999	194.53
1880	53	1	137.92	148.95999999999998
1880	54	1	31.18407960199006	186.85572139303497
1880	55	1	52.950248756218905	5.597014925373131
1880	56	1	30.885572139303477	198.6915422885572
1880	57	1	30.447761194029848	126.28358208955217
1880	58	1	36.79207920792081	166.71287128712876
1880	59	1	48.452261306532684	56.69346733668342
1880	60	1	115.2261306532663	189.5879396984926
1880	61	1	21.465000000000007	159.69499999999996
1880	62	1	5.889447236180904	115.14572864321613
1880	63	1	148.7386934673367	106.05025125628141
1880	64	1	4.373134328358211	126.22388059701494
1880	65	1	50.04975124378109	33.945273631840784
1880	66	1	169.8241206030151	51.231155778894475
1880	67	1	121.27722772277222	89.94554455445548
1880	68	1	152.00000000000003	56.40201005025126
1880	69	1	68.56218905472636	85.59203980099501
1880	70	1	19.547263681592042	106.16915422885573
1880	71	1	130.93000000000006	192.75999999999988
1880	72	1	71.75500000000002	42.01500000000002
1880	73	1	29.910000000000007	115.22499999999997
1880	74	1	62.925000000000004	95.12000000000009
1880	75	1	139.17000000000016	121.18999999999998
1880	76	1	155.9552238805969	129.58208955223876
1880	77	1	128.4207920792079	74.69801980198024
1880	78	1	44.55276381909548	0.11557788944723647
1880	79	1	145.049504950495	48.85148514851485
1880	80	1	73.19499999999994	19.219999999999995
1880	81	1	52.68656716417908	25.084577114427862
1880	82	1	168.68159203980105	132.45771144278618
1880	83	1	160.47263681592045	62.24378109452738
1880	84	1	57.079999999999984	41.56499999999999
1880	85	1	25.535000000000004	167.18999999999997
1880	86	1	32.50500000000001	135.9599999999999
1880	87	1	127.17499999999995	53.78999999999999
1880	88	1	118.70999999999995	101.47
1880	89	1	38.98009950248755	106.3781094527363
1890	1	2	9.858585858585856	9.616161616161614
1890	2	2	9.950000000000008	100.29000000000005
1890	3	2	10.120000000000005	190.11999999999992
1890	4	2	99.88000000000001	9.879999999999995
1890	5	2	100.12	99.88
1890	6	2	100.00000000000003	190.50000000000006
1890	7	2	189.87999999999997	9.879999999999995
1890	8	2	190.49999999999997	100
1890	9	2	189.61616161616163	190.14141414141412
1890	10	1	129.63681592039805	175.13432835820896
1890	11	1	157.42499999999993	142.145
1890	12	1	65.11055276381911	74.66331658291453
1890	13	1	187.18500000000014	44.60999999999999
1890	14	1	72.80904522613065	28.366834170854265
1890	15	1	14.879999999999997	127.02000000000004
1890	16	1	46.75	15.05
1890	17	1	160.37688442211052	20.422110552763815
1890	18	1	46.505	172.36500000000004
1890	19	1	68.12935323383087	65.3333333333333
1890	20	1	120.59701492537305	115.04477611940295
1890	21	1	141.29353233830838	72.99999999999997
1890	22	1	27.22388059701494	93.16915422885569
1890	23	1	135.01507537688437	13.76381909547738
1890	24	1	152.0248756218904	91.49751243781095
1890	25	1	133.66666666666663	3.721393034825877
1890	26	1	166.19095477386935	32.01507537688443
1890	27	1	111.51758793969849	3.0904522613065333
1890	28	1	133.7399999999999	141.01
1890	29	1	136.0547263681591	94.80597014925367
1890	30	1	153.05500000000004	38.15000000000002
1890	31	1	119.42499999999998	6.165000000000004
1890	32	1	133.58999999999997	129.68999999999983
1890	33	1	47.65346534653469	95.65346534653463
1890	34	1	133.80597014925368	162.48756218905478
1890	35	1	157.40298507462686	72.90049751243782
1890	36	1	71.44776119402988	10.273631840796021
1890	37	1	154.8449999999999	111.34999999999998
1890	38	1	141.34499999999989	84.40500000000006
1890	39	1	156.76119402985074	9.820895522388064
1890	40	1	189.2	112.95500000000004
1890	41	1	169.89499999999992	154.43999999999994
1890	42	1	44.54773869346733	47.94974874371864
1890	43	1	132.24875621890544	62.134328358208926
1890	44	1	45.20895522388061	186.3930348258707
1890	45	1	178.73000000000002	152.34499999999994
1890	46	1	175.55721393034838	39.76616915422885
1890	47	1	68.90547263681586	2.62189054726368
1890	48	1	58.060000000000024	60.61499999999997
1890	49	1	147.6019900497513	10.427860696517412
1890	50	1	109.89999999999998	180.4800000000001
1890	51	1	131.79999999999998	108.40000000000003
1890	52	1	150.3482587064676	193.6318407960199
1890	53	1	139.22499999999994	147.39999999999998
1890	54	1	31.537313432835827	185.77611940298505
1890	55	1	53.07920792079209	4.237623762376235
1890	56	1	29.639999999999993	198.28
1890	57	1	30.129353233830855	124.87064676616917
1890	58	1	36.03980099502486	165.9452736318408
1890	59	1	48.97989949748744	55.87437185929646
1890	60	1	116.20000000000002	188.78999999999982
1890	61	1	20.64676616915423	159.7114427860697
1890	62	1	4.741293532338305	114.5572139303483
1890	63	1	148.6750000000001	104.92500000000003
1890	64	1	4.751243781094528	125.05472636815915
1890	65	1	51.11500000000001	33.38000000000003
1890	66	1	170.0895522388059	50.46268656716417
1890	67	1	120.90049751243781	88.87064676616912
1890	68	1	151.24752475247533	55.78712871287129
1890	69	1	67.8308457711443	84.62686567164181
1890	70	1	19.66666666666666	105.46766169154233
1890	71	1	130.14925373134335	192.42786069651737
1890	72	1	72.04975124378112	41.73134328358209
1890	73	1	30.386138613861384	113.71782178217823
1890	74	1	63.67326732673269	95.08415841584161
1890	75	1	139.04499999999993	119.91999999999996
1890	76	1	156.3084577114428	127.46766169154222
1890	77	1	128.60500000000005	73.31499999999998
1890	78	1	43.726368159203986	199.65174129353233
1890	79	1	145.11442786069648	47.18905472636817
1890	80	1	73.34000000000003	18.220000000000002
1890	81	1	53.090452261306545	24.417085427135685
1890	82	1	168.395	134.21499999999997
1890	83	1	161.15577889447235	60.91457286432161
1890	84	1	58.06467661691542	40.95522388059702
1890	85	1	25.253731343283587	166.99999999999997
1890	86	1	31.809999999999985	134.68500000000006
1890	87	1	127.29353233830851	52.95522388059704
1890	88	1	118.2	100.36500000000001
1890	89	1	39.41293532338312	104.78109452736321
1900	1	2	9.858585858585856	9.616161616161614
1900	2	2	9.950000000000008	100.29000000000005
1900	3	2	10.120000000000005	190.11999999999992
1900	4	2	99.88000000000001	9.879999999999995
1900	5	2	100.12	99.88
1900	6	2	100.00000000000003	190.50000000000006
1900	7	2	189.87999999999997	9.879999999999995
1900	8	2	190.49999999999997	100
1900	9	2	189.61616161616163	190.14141414141412
1900	10	1	127.69500000000001	174.04
1900	11	1	155.99004975124373	140.70646766169153
1900	12	1	65.37313432835819	74.27363184079599
1900	13	1	187.56435643564353	43.17326732673268
1900	14	1	74.0544554455445	27.346534653465348
1900	15	1	15.01485148514852	125.37128712871288
1900	16	1	46.19900497512438	14.437810945273634
1900	17	1	159.42574257425747	19.58910891089109
1900	18	1	44.574999999999996	171.37500000000003
1900	19	1	68.0050251256281	64.20603015075376
1900	20	1	120.26633165829145	114.01005025125625
1900	21	1	141.79500000000007	71.76
1900	22	1	27.16000000000001	91.22499999999994
1900	23	1	133.860696517413	13.179104477611945
1900	24	1	151.50000000000009	90.67499999999994
1900	25	1	133.97999999999993	2.020000000000001
1900	26	1	165.79899497487435	31.185929648241206
1900	27	1	110.64676616915425	2.7810945273631846
1900	28	1	133.08457711442787	140.8407960199005
1900	29	1	135.26865671641784	93.75124378109449
1900	30	1	152.58	37.10499999999999
1900	31	1	118.94999999999999	6.929999999999995
1900	32	1	134.58499999999995	128.54999999999987
1900	33	1	47.915422885572106	94.00497512437808
1900	34	1	132.35000000000005	162.41000000000005
1900	35	1	157.20398009950245	72.0597014925373
1900	36	1	71.35499999999996	9.689999999999998
1900	37	1	154.25999999999993	110.35499999999995
1900	38	1	140.68159203980096	83.40796019900505
1900	39	1	155.74129353233823	9.582089552238807
1900	40	1	187.47761194029846	113.32835820895528
1900	41	1	169.07499999999993	154.17500000000004
1900	42	1	44.089552238805965	47.38805970149257
1900	43	1	132.5879396984924	61.246231155778894
1900	44	1	44.235000000000014	186.515
1900	45	1	179.18407960199	153.60696517412939
1900	46	1	175.53500000000014	38.754999999999995
1900	47	1	68.02	2.4549999999999996
1900	48	1	57.94499999999999	60.20499999999999
1900	49	1	146.8341708542713	9.356783919597985
1900	50	1	108.11940298507461	180.65671641791045
1900	51	1	131.4650000000001	107.02500000000006
1900	52	1	150.08910891089093	192.24752475247524
1900	53	1	139.96499999999995	146.36999999999995
1900	54	1	31.773869346733658	184.6633165829146
1900	55	1	52.924999999999976	3.4600000000000013
1900	56	1	28.689999999999987	197.615
1900	57	1	29.796019900497505	123.33333333333333
1900	58	1	35.33333333333333	165.23383084577105
1900	59	1	49.62999999999998	55.3
1900	60	1	117.6	187.84000000000003
1900	61	1	19.049999999999997	159.85999999999996
1900	62	1	3.56716417910448	114.08457711442792
1900	63	1	147.78109452736322	104.28358208955228
1900	64	1	4.174129353233836	124.0597014925373
1900	65	1	51.529702970297045	33.27227722772278
1900	66	1	170.56499999999997	49.37000000000003
1900	67	1	120.22885572139306	87.87562189054727
1900	68	1	151.04499999999996	55.07000000000001
1900	69	1	67.7761194029851	84.2139303482587
1900	70	1	20.681592039800982	103.85074626865672
1900	71	1	129.00500000000005	192.3
1900	72	1	72.535	41.11999999999998
1900	73	1	30.84848484848486	112.01515151515157
1900	74	1	63.94	94.93999999999997
1900	75	1	138.46733668341705	118.8643216080402
1900	76	1	156.18811881188125	126.14356435643573
1900	77	1	128.37313432835816	71.80099502487563
1900	78	1	43.01500000000001	199.265
1900	79	1	145.8905472636817	46.07462686567164
1900	80	1	73.65174129353238	17.38805970149254
1900	81	1	53.995024875621866	23.671641791044767
1900	82	1	167.48258706467652	136.34825870646773
1900	83	1	162.0850000000001	59.60499999999999
1900	84	1	59.69999999999997	39.97000000000001
1900	85	1	24.5929648241206	166.8643216080401
1900	86	1	30.696517412935336	133.13432835820896
1900	87	1	127.83999999999999	52.21999999999999
1900	88	1	117.86934673366832	99.32663316582921
1900	89	1	39.178217821782155	102.81188118811882
1910	1	2	9.858585858585856	9.616161616161614
1910	2	2	9.950000000000008	100.29000000000005
1910	3	2	10.120000000000005	190.11999999999992
1910	4	2	99.88000000000001	9.879999999999995
1910	5	2	100.12	99.88
1910	6	2	100.00000000000003	190.50000000000006
1910	7	2	189.87999999999997	9.879999999999995
1910	8	2	190.49999999999997	100
1910	9	2	189.61616161616163	190.14141414141412
1910	10	1	126.14427860696519	173.29353233830852
1910	11	1	155.2487562189055	138.99004975124382
1910	12	1	65.64500000000001	73.54500000000003
1910	13	1	187.8258706467662	41.46268656716417
1910	14	1	75.35499999999996	26.375
1910	15	1	15.069651741293537	123.97014925373136
1910	16	1	46.40298507462687	13.731343283582092
1910	17	1	158.92462311557784	18.628140703517605
1910	18	1	43.875	169.99999999999997
1910	19	1	67.93034825870647	62.86069651741295
1910	20	1	120.31840796019902	113.53731343283583
1910	21	1	141.42786069651729	71.30348258706472
1910	22	1	27.616915422885562	89.99502487562188
1910	23	1	133.21500000000003	12.270000000000003
1910	24	1	151.3233830845772	89.59701492537313
1910	25	1	133.02999999999994	1.6649999999999996
1910	26	1	164.84499999999997	30.259999999999998
1910	27	1	109.74129353233826	2.412935323383085
1910	28	1	132.43500000000003	140.37000000000003
1910	29	1	134.19306930693065	93.09405940594061
1910	30	1	152.40999999999988	36.155000000000015
1910	31	1	118.46766169154229	7.890547263681599
1910	32	1	135.7178217821782	127.36633663366335
1910	33	1	48.51741293532338	92.87064676616916
1910	34	1	130.82000000000002	162.34
1910	35	1	157.01999999999995	70.815
1910	36	1	71.43500000000002	9.344999999999999
1910	37	1	154.48500000000007	109.04999999999998
1910	38	1	140.6169154228856	82.81094527363184
1910	39	1	154.82089552238799	9.562189054726362
1910	40	1	185.72636815920387	112.75124378109457
1910	41	1	167.57999999999998	153.53000000000003
1910	42	1	43.84079601990049	46.05472636815923
1910	43	1	132.20398009950245	60.457711442786085
1910	44	1	43.4776119402985	186.17910447761193
1910	45	1	179.68000000000006	155.31500000000008
1910	46	1	175.49253731343296	38.00995024875622
1910	47	1	67.82412060301506	2.271356783919597
1910	48	1	57.24378109452734	59.92039800995025
1910	49	1	146.81592039800995	7.661691542288557
1910	50	1	106.65000000000003	180.71000000000006
1910	51	1	131.50499999999997	105.84499999999996
1910	52	1	149.80597014925368	191.08457711442787
1910	53	1	140.69154228855723	144.86567164179107
1910	54	1	32.26368159203981	183.54228855721385
1910	55	1	52.90999999999997	2.0149999999999975
1910	56	1	27.562189054726375	196.80597014925374
1910	57	1	29.75376884422111	121.71859296482413
1910	58	1	34.126262626262616	165.08585858585855
1910	59	1	51.38190954773869	53.64321608040199
1910	60	1	118.31840796019901	187.42288557213925
1910	61	1	18.030150753768847	158.94974874371866
1910	62	1	2.7049999999999987	113.62499999999997
1910	63	1	147.56500000000014	103.58499999999998
1910	64	1	3.3781094527363202	122.8706467661692
1910	65	1	51.368159203980085	32.751243781094495
1910	66	1	170.77499999999992	48.57000000000001
1910	67	1	120.61691542288558	86.65174129353235
1910	68	1	150.3432835820895	54.542288557213936
1910	69	1	67.51499999999999	83.64500000000002
1910	70	1	21.03	102.4400000000001
1910	71	1	128.32999999999998	191.425
1910	72	1	73.1293532338308	40.03482587064678
1910	73	1	31.626865671641784	110.53233830845775
1910	74	1	63.81592039800992	95.0149253731343
1910	75	1	138.26865671641787	117.67164179104478
1910	76	1	155.6169154228855	124.93532338308465
1910	77	1	128.20499999999998	70.61999999999999
1910	78	1	42.5273631840796	198.6417910447761
1910	79	1	146.77722772277227	45.05940594059407
1910	80	1	74.06500000000003	16.975
1910	81	1	54.81000000000001	22.865000000000006
1910	82	1	166.8366336633663	136.90099009900993
1910	83	1	162.36500000000004	58.49500000000002
1910	84	1	60.785	38.64999999999999
1910	85	1	24.143564356435647	165.92574257425738
1910	86	1	29.830000000000002	131.65500000000011
1910	87	1	128.02985074626864	51.54228855721394
1910	88	1	117.235	98.55499999999999
1910	89	1	39.44278606965175	101.50746268656717
1920	1	2	9.858585858585856	9.616161616161614
1920	2	2	9.950000000000008	100.29000000000005
1920	3	2	10.120000000000005	190.11999999999992
1920	4	2	99.88000000000001	9.879999999999995
1920	5	2	100.12	99.88
1920	6	2	100.00000000000003	190.50000000000006
1920	7	2	189.87999999999997	9.879999999999995
1920	8	2	190.49999999999997	100
1920	9	2	189.61616161616163	190.14141414141412
1920	10	1	125.16000000000003	172.59999999999994
1920	11	1	154.93999999999988	137.96499999999992
1920	12	1	65.83084577114425	72.68159203980098
1920	13	1	187.35820895522383	40.13432835820897
1920	14	1	76.49500000000002	25.70999999999999
1920	15	1	15.089552238805972	122.57213930348264
1920	16	1	46.05555555555556	12.772727272727279
1920	17	1	158.07499999999996	18.165000000000006
1920	18	1	43.41584158415843	168.9653465346534
1920	19	1	67.90000000000005	61.595
1920	20	1	120.52238805970151	113.68656716417904
1920	21	1	141.30500000000004	70.66500000000003
1920	22	1	28.200000000000024	88.73499999999999
1920	23	1	132.38000000000002	11.725000000000005
1920	24	1	151.06000000000006	89.065
1920	25	1	132.55721393034824	0.7363184079601984
1920	26	1	164.12999999999988	28.87
1920	27	1	109.08457711442787	1.527363184079601
1920	28	1	131.8507462686568	139.19900497512427
1920	29	1	133.7661691542289	92.31343283582089
1920	30	1	152.21393034825863	35.318407960199
1920	31	1	117.80499999999998	9.149999999999999
1920	32	1	137.39303482587067	126.61691542288557
1920	33	1	48.701492537313435	91.63184079601986
1920	34	1	129.47	161.40000000000006
1920	35	1	156.8706467661691	69.50746268656714
1920	36	1	71.41499999999992	9.194999999999997
1920	37	1	154.1435643564356	108.05445544554456
1920	38	1	140.59701492537317	82.04477611940298
1920	39	1	154.54228855721382	8.56716417910448
1920	40	1	183.84079601990052	112.79601990049748
1920	41	1	166.22388059701495	153.52736318407966
1920	42	1	43.55721393034828	44.28358208955223
1920	43	1	132.19500000000005	59.77499999999996
1920	44	1	43.46231155778896	185.286432160804
1920	45	1	179.3118811881188	155.87128712871282
1920	46	1	175.005	36.78500000000004
1920	47	1	67.095	2.0599999999999996
1920	48	1	56.099502487562155	59.621890547263654
1920	49	1	146.32160804020103	6.34170854271357
1920	50	1	105.54499999999994	180.29500000000004
1920	51	1	131.57788944723617	104.78894472361809
1920	52	1	149.50248756218897	190.0497512437811
1920	53	1	141.19	144.0349999999999
1920	54	1	32.825	182.49000000000004
1920	55	1	52.800995024875625	0.9004975124378115
1920	56	1	27.159203980099512	195.91542288557213
1920	57	1	28.87	120.82499999999996
1920	58	1	33.50248756218908	164.82587064676625
1920	59	1	52.98507462686565	51.78109452736319
1920	60	1	119.06500000000003	186.71000000000004
1920	61	1	17.213930348258696	158.15422885572147
1920	62	1	1.8500000000000003	113.24000000000004
1920	63	1	146.77999999999994	103.09
1920	64	1	2.1094527363184072	122.1094527363184
1920	65	1	51.55223880597015	32.17412935323381
1920	66	1	171.38500000000002	47.92000000000003
1920	67	1	121.05445544554458	85.54455445544554
1920	68	1	149.33999999999997	53.63
1920	69	1	67.08955223880595	83.04975124378106
1920	70	1	21.691542288557223	101.31840796019897
1920	71	1	127.5124378109453	191.11940298507463
1920	72	1	73.72139303482582	38.87064676616912
1920	73	1	33.005	109.43000000000004
1920	74	1	64.24875621890548	94.75124378109459
1920	75	1	138.02010050251252	116.84924623115579
1920	76	1	156.08910891089107	123.33168316831683
1920	77	1	127.92039800995026	69.860696517413
1920	78	1	41.368159203980106	198.46766169154228
1920	79	1	147.69000000000003	44.209999999999994
1920	80	1	74.80500000000002	16.570000000000004
1920	81	1	55.12935323383085	21.89054726368159
1920	82	1	166.41791044776113	137.36318407960198
1920	83	1	162.52238805970148	57.32338308457712
1920	84	1	62.044999999999995	36.88000000000002
1920	85	1	23.965000000000003	165.16500000000002
1920	86	1	29.12376237623761	130.7425742574258
1920	87	1	128.57711442786075	51.049751243781095
1920	88	1	116.90049751243778	98.13930348258707
1920	89	1	40.059405940594075	100.19306930693068
1930	1	2	9.858585858585856	9.616161616161614
1930	2	2	9.950000000000008	100.29000000000005
1930	3	2	10.120000000000005	190.11999999999992
1930	4	2	99.88000000000001	9.879999999999995
1930	5	2	100.12	99.88
1930	6	2	100.00000000000003	190.50000000000006
1930	7	2	189.87999999999997	9.879999999999995
1930	8	2	190.49999999999997	100
1930	9	2	189.61616161616163	190.14141414141412
1930	10	1	123.30693069306932	172.11386138613864
1930	11	1	154.63681592039796	137.07960199004984
1930	12	1	65.17910447761199	71.56218905472637
1930	13	1	186.73631840796017	39.41791044776121
1930	14	1	77.84577114427863	25.313432835820905
1930	15	1	15.169999999999991	121.23
1930	16	1	46.38500000000001	11.659999999999995
1930	17	1	157.40298507462668	17.313432835820898
1930	18	1	43.96000000000003	167.685
1930	19	1	68.13930348258707	60.273631840796
1930	20	1	120.37000000000003	113.06999999999995
1930	21	1	140.58500000000004	70.42499999999997
1930	22	1	28.76119402985076	87.09950248756215
1930	23	1	131.90500000000003	11.089999999999998
1930	24	1	150.1044776119402	88.70646766169152
1930	25	1	131.7910447761194	0.02487562189054764
1930	26	1	163.65829145728642	27.316582914572876
1930	27	1	108.39303482587063	0.3482587064676616
1930	28	1	130.82673267326734	137.80693069306932
1930	29	1	133.45728643216083	91.5527638190955
1930	30	1	151.6450000000001	34.29499999999999
1930	31	1	117.06467661691539	10.000000000000002
1930	32	1	138.64676616915415	126.37810945273634
1930	33	1	48.084158415841586	90.10891089108912
1930	34	1	128.96517412935327	160.99999999999997
1930	35	1	156.72139303482584	68.31343283582089
1930	36	1	72.18000000000004	8.74500000000001
1930	37	1	153.72	107.40999999999993
1930	38	1	140.4925373134329	81.15422885572134
1930	39	1	153.39	8.374999999999995
1930	40	1	182.81592039800992	113.0646766169154
1930	41	1	165.049751243781	153.6666666666666
1930	42	1	43.305	42.605
1930	43	1	132.17000000000004	59.12999999999999
1930	44	1	43.189054726368155	184.78109452736305
1930	45	1	178.9699999999999	156.38
1930	46	1	174.68499999999995	34.805000000000014
1930	47	1	66.20603015075373	1.8140703517587937
1930	48	1	55.291457286432184	58.884422110552784
1930	49	1	146.14499999999998	4.809999999999999
1930	50	1	104.42713567839193	179.5527638190954
1930	51	1	131.445	103.75499999999995
1930	52	1	149.11940298507446	189.34328358208955
1930	53	1	140.83499999999992	143.39500000000007
1930	54	1	34.005	180.57499999999996
1930	55	1	52.20895522388061	199.62686567164178
1930	56	1	26.18407960199005	194.43283582089552
1930	57	1	28.886138613861398	119.60891089108912
1930	58	1	33.109452736318396	164.34825870646773
1930	59	1	53.91089108910892	50.168316831683164
1930	60	1	119.82999999999997	185.50999999999996
1930	61	1	16.524752475247528	157.03465346534662
1930	62	1	0.4228855721393016	113.10945273631843
1930	63	1	146.7889447236181	102.42211055276377
1930	64	1	1.3316831683168315	121.39603960396039
1930	65	1	51.82499999999999	31.66
1930	66	1	170.67661691542295	46.5671641791045
1930	67	1	120.70149253731343	84.48756218905477
1930	68	1	148.72499999999997	53.230000000000004
1930	69	1	66.83499999999997	82.75000000000003
1930	70	1	22.268656716417933	100.27363184079597
1930	71	1	126.55721393034824	191.08955223880596
1930	72	1	74.43500000000002	37.59
1930	73	1	33.50990099009902	108.05940594059406
1930	74	1	64.31343283582088	94.16915422885575
1930	75	1	137.2587064676618	116.09950248756222
1930	76	1	155.80597014925377	122.38308457711442
1930	77	1	127.43283582089553	68.80099502487566
1930	78	1	39.81499999999999	198.155
1930	79	1	149.15000000000003	43.38000000000001
1930	80	1	75.33999999999997	16.374999999999993
1930	81	1	55.28500000000003	20.874999999999996
1930	82	1	165.66169154228865	137.452736318408
1930	83	1	162.86499999999992	56.245000000000026
1930	84	1	62.724999999999994	35.619999999999976
1930	85	1	23.696517412935314	164.50248756218906
1930	86	1	27.880597014925378	129.93532338308455
1930	87	1	129.38	50.30000000000002
1930	88	1	116.76381909547733	97.33668341708545
1930	89	1	40.78391959798993	99.05527638190952
1940	1	2	9.858585858585856	9.616161616161614
1940	2	2	9.950000000000008	100.29000000000005
1940	3	2	10.120000000000005	190.11999999999992
1940	4	2	99.88000000000001	9.879999999999995
1940	5	2	100.12	99.88
1940	6	2	100.00000000000003	190.50000000000006
1940	7	2	189.87999999999997	9.879999999999995
1940	8	2	190.49999999999997	100
1940	9	2	189.61616161616163	190.14141414141412
1940	10	1	121.70149253731343	172.54228855721396
1940	11	1	154.26237623762378	136.118811881188
1940	12	1	64.59296482412059	70.24120603015075
1940	13	1	185.92500000000004	38.67000000000003
1940	14	1	78.6884422110553	24.95979899497488
1940	15	1	15.72139303482587	119.13432835820895
1940	16	1	46.354999999999976	10.935000000000006
1940	17	1	156.88500000000002	16.33499999999999
1940	18	1	43.65499999999999	166.77
1940	19	1	68.43283582089548	59.10945273631841
1940	20	1	120.365	112.47500000000004
1940	21	1	140.07999999999996	70.07999999999998
1940	22	1	28.8457711442786	85.66666666666666
1940	23	1	131.7611940298507	10.24875621890548
1940	24	1	149.3980099502487	88.02487562189054
1940	25	1	131.57999999999998	198.76
1940	26	1	163.33830845771152	25.726368159203954
1940	27	1	107.96	199.41
1940	28	1	130.42786069651746	136.64179104477626
1940	29	1	132.62686567164178	90.84577114427859
1940	30	1	151.50495049504948	33.43069306930695
1940	31	1	116.67661691542293	10.577114427860694
1940	32	1	139.10000000000002	125.98499999999997
1940	33	1	48.07920792079211	88.18811881188127
1940	34	1	128.595	160.93999999999997
1940	35	1	157.0696517412935	67.13930348258704
1940	36	1	71.965	8.424999999999992
1940	37	1	153.37	106.74000000000001
1940	38	1	140.38805970149252	80.17910447761193
1940	39	1	152.13065326633162	8.62814070351759
1940	40	1	181.2139303482588	112.93034825870649
1940	41	1	163.45728643216074	153.29648241206027
1940	42	1	42.67326732673269	41.584158415841586
1940	43	1	131.91000000000003	58.734999999999985
1940	44	1	42.89	184.57
1940	45	1	177.93500000000006	156.87499999999997
1940	46	1	174.18905472636817	33.34328358208956
1940	47	1	65.58291457286435	1.5427135678391959
1940	48	1	53.76499999999999	58.47000000000002
1940	49	1	146.21999999999989	3.3300000000000014
1940	50	1	102.90954773869342	178.83417085427135
1940	51	1	131.48258706467666	102.85572139303484
1940	52	1	148.82000000000002	188.94000000000003
1940	53	1	140.38805970149255	142.48258706467655
1940	54	1	34.10945273631838	179.65174129353238
1940	55	1	52.00000000000001	198.66
1940	56	1	25.71641791044775	193.69651741293532
1940	57	1	28.816831683168317	118.20297029702968
1940	58	1	32.50738916256158	164.0689655172414
1940	59	1	55.163366336633686	48.47524752475248
1940	60	1	120.39303482587073	185.02487562189063
1940	61	1	15.824999999999998	156.13000000000002
1940	62	1	0.261306532663317	112.80402010050248
1940	63	1	146.36000000000004	102.07
1940	64	1	0.21393034825870647	121.21890547263683
1940	65	1	52.06532663316584	31.005025125628134
1940	66	1	170.82089552238807	45.616915422885576
1940	67	1	120.48258706467665	83.29850746268662
1940	68	1	148.15920398009953	52.87562189054725
1940	69	1	66.89999999999998	81.90500000000004
1940	70	1	23.144999999999996	98.31
1940	71	1	125.82914572864321	191.41206030150755
1940	72	1	75.24000000000008	36.14499999999998
1940	73	1	34.3084577114428	106.68159203980098
1940	74	1	63.5870646766169	93.62686567164174
1940	75	1	137.22999999999993	115.735
1940	76	1	156.01499999999993	120.815
1940	77	1	127.00999999999998	67.94500000000002
1940	78	1	39.080000000000005	198.07
1940	79	1	150.40298507462686	42.999999999999986
1940	80	1	76.43216080402009	15.884422110552759
1940	81	1	55.485	20.11499999999999
1940	82	1	165.1930693069307	137.5049504950495
1940	83	1	163.39500000000004	55.44
1940	84	1	63.388059701492544	34.756218905472636
1940	85	1	23.024999999999995	163.20999999999998
1940	86	1	26.76000000000001	128.9399999999999
1940	87	1	129.995	49.50500000000004
1940	88	1	116.54499999999999	96.49499999999996
1940	89	1	41.715	97.59999999999995
1950	1	2	9.858585858585856	9.616161616161614
1950	2	2	9.950000000000008	100.29000000000005
1950	3	2	10.120000000000005	190.11999999999992
1950	4	2	99.88000000000001	9.879999999999995
1950	5	2	100.12	99.88
1950	6	2	100.00000000000003	190.50000000000006
1950	7	2	189.87999999999997	9.879999999999995
1950	8	2	190.49999999999997	100
1950	9	2	189.61616161616163	190.14141414141412
1950	10	1	120.5870646766169	172.8159203980099
1950	11	1	153.93034825870646	135.5174129353234
1950	12	1	63.601990049751265	68.85074626865674
1950	13	1	185.04477611940308	37.626865671641795
1950	14	1	79.00000000000004	24.94
1950	15	1	16.150000000000006	117.17499999999994
1950	16	1	46.084577114427866	10.0547263681592
1950	17	1	156.44221105527637	15.396984924623123
1950	18	1	43.84577114427861	165.4427860696517
1950	19	1	68.61499999999998	57.615
1950	20	1	121.14999999999996	112.75500000000001
1950	21	1	139.5829145728644	69.42211055276383
1950	22	1	29.48	84.78000000000002
1950	23	1	131.34673366834167	9.869346733668333
1950	24	1	148.91044776119398	87.19900497512441
1950	25	1	130.73999999999995	198.055
1950	26	1	163.15920398009942	24.233830845771152
1950	27	1	107.89999999999999	198.87
1950	28	1	130.43781094527364	134.88557213930346
1950	29	1	132.32663316582918	89.86934673366834
1950	30	1	151.61386138613855	32.34653465346535
1950	31	1	116.07499999999996	11.445
1950	32	1	139.90099009900987	125.66831683168314
1950	33	1	48.685	86.46499999999999
1950	34	1	128.53	160.535
1950	35	1	156.98500000000007	66.28999999999999
1950	36	1	71.8542713567839	8.160804020100512
1950	37	1	153.24378109452724	105.592039800995
1950	38	1	139.88499999999993	79.23000000000002
1950	39	1	150.9452736318408	8.955223880597018
1950	40	1	180.15346534653463	113.46534653465343
1950	41	1	162.2487562189054	153.22388059701493
1950	42	1	42.23880597014923	40.736318407960184
1950	43	1	132.2178217821783	58.36633663366339
1950	44	1	42.400000000000006	184.5099999999999
1950	45	1	176.60500000000002	157.18000000000004
1950	46	1	173.98019801980195	31.74257425742576
1950	47	1	64.62500000000001	1.0449999999999986
1950	48	1	52.134328358208975	58.08457711442784
1950	49	1	146.055	2.1700000000000004
1950	50	1	101.0696517412935	178.16915422885572
1950	51	1	130.7810945273633	101.38805970149255
1950	52	1	147.7711442786069	189.01492537313436
1950	53	1	139.84577114427861	141.86567164179095
1950	54	1	34.15999999999999	177.56
1950	55	1	51.73000000000002	197.4
1950	56	1	26.164179104477604	192.41791044776122
1950	57	1	28.36138613861387	117.10891089108908
1950	58	1	31.54000000000001	163.54500000000004
1950	59	1	55.728643216080414	47.31155778894472
1950	60	1	120.50500000000002	184.23499999999996
1950	61	1	16.174129353233837	154.3383084577115
1950	62	1	199.46733668341707	112.54773869346728
1950	63	1	145.93499999999997	101.28999999999998
1950	64	1	198.675	121.02
1950	65	1	51.865671641791046	30.129353233830837
1950	66	1	170.58999999999997	44.68
1950	67	1	120.89000000000003	81.72999999999995
1950	68	1	147.43283582089538	51.945273631840784
1950	69	1	66.91584158415847	80.53465346534654
1950	70	1	23.407960199004965	96.38308457711443
1950	71	1	124.74129353233833	192.01990049751245
1950	72	1	75.3880597014926	36.00995024875624
1950	73	1	34.8894472361809	105.51758793969849
1950	74	1	63.39499999999999	93.085
1950	75	1	137.18407960199002	114.64179104477616
1950	76	1	155.69154228855726	119.25373134328356
1950	77	1	126.32499999999999	67.21500000000002
1950	78	1	38.273631840796035	197.88059701492537
1950	79	1	151.38613861386136	42.4158415841584
1950	80	1	77.29	15.72999999999999
1950	81	1	56.3030303030303	18.757575757575758
1950	82	1	164.66666666666657	137.71144278606965
1950	83	1	163.48000000000002	54.699999999999996
1950	84	1	63.64039408866994	33.965517241379324
1950	85	1	22.39393939393939	161.87878787878793
1950	86	1	26.26500000000001	128.055
1950	87	1	130.54500000000002	48.60999999999997
1950	88	1	115.93	95.45999999999998
1950	89	1	41.775000000000006	96.09500000000006
1960	1	2	9.858585858585856	9.616161616161614
1960	2	2	9.950000000000008	100.29000000000005
1960	3	2	10.120000000000005	190.11999999999992
1960	4	2	99.88000000000001	9.879999999999995
1960	5	2	100.12	99.88
1960	6	2	100.00000000000003	190.50000000000006
1960	7	2	189.87999999999997	9.879999999999995
1960	8	2	190.49999999999997	100
1960	9	2	189.61616161616163	190.14141414141412
1960	10	1	119.68159203980105	173.273631840796
1960	11	1	153.595	133.72499999999985
1960	12	1	62.52763819095478	67.12562814070354
1960	13	1	183.99004975124373	36.64676616915425
1960	14	1	79.3532338308458	24.63681592039803
1960	15	1	15.864321608040207	115.87939698492461
1960	16	1	45.920398009950254	8.845771144278606
1960	17	1	155.43718592964822	15.035175879396995
1960	18	1	43.73999999999999	164.03499999999994
1960	19	1	67.64356435643562	55.925742574257434
1960	20	1	121.97487437185934	112.9195979899497
1960	21	1	138.89000000000001	68.78000000000007
1960	22	1	30.144278606965184	83.52238805970156
1960	23	1	130.51243781094522	9.243781094527355
1960	24	1	148.34170854271358	86.59798994974877
1960	25	1	130.3499999999999	197.355
1960	26	1	163.48258706467658	22.50248756218907
1960	27	1	107.75124378109452	197.8407960199005
1960	28	1	129.71641791044775	132.92537313432823
1960	29	1	132.15577889447243	88.49748743718592
1960	30	1	151.67000000000013	31.44
1960	31	1	115.62499999999996	12.204999999999997
1960	32	1	141.35499999999996	125.62999999999997
1960	33	1	49.65174129353234	85.53731343283583
1960	34	1	128.53000000000003	160.0999999999999
1960	35	1	157.0700000000001	65.05500000000005
1960	36	1	71.90999999999998	7.499999999999995
1960	37	1	152.56716417910454	105.06467661691546
1960	38	1	140.18407960199005	78.03980099502492
1960	39	1	149.75879396984925	9.055276381909552
1960	40	1	179.38499999999993	113.79500000000003
1960	41	1	160.51980198019797	152.2475247524753
1960	42	1	42.02985074626866	40.174129353233816
1960	43	1	132.39303482587061	58.00000000000001
1960	44	1	42.04020100502509	183.6733668341708
1960	45	1	175.228855721393	157.4079601990049
1960	46	1	173.44776119402982	30.472636815920392
1960	47	1	63.19597989949747	0.688442211055276
1960	48	1	50.41584158415844	57.51980198019801
1960	49	1	145.66499999999994	1.420000000000002
1960	50	1	99.7562189054726	177.42288557213914
1960	51	1	129.79207920792084	100.36633663366337
1960	52	1	146.89054726368158	188.69154228855726
1960	53	1	138.80693069306915	140.79207920792078
1960	54	1	34.40298507462689	175.87562189054734
1960	55	1	51.85929648241207	195.85929648241205
1960	56	1	26.039999999999992	190.89
1960	57	1	27.762376237623787	116.32673267326734
1960	58	1	30.165	163.77999999999992
1960	59	1	56.150753768844226	45.93467336683421
1960	60	1	121.27499999999998	182.90000000000003
1960	61	1	16.33830845771145	152.8407960199005
1960	62	1	198.8	112.36500000000002
1960	63	1	146.00497512437823	100.0995024875622
1960	64	1	196.8	120.975
1960	65	1	51.95499999999999	29.379999999999992
1960	66	1	170.07960199004972	43.303482587064664
1960	67	1	119.98500000000001	80.08500000000004
1960	68	1	147.12935323383078	50.91044776119403
1960	69	1	67.58999999999997	78.67499999999997
1960	70	1	23.79	94.10999999999994
1960	71	1	123.66500000000003	192.67000000000002
1960	72	1	75.41206030150755	35.49748743718594
1960	73	1	34.535	104.54499999999997
1960	74	1	63.60000000000002	92.31499999999996
1960	75	1	136.33499999999998	113.40499999999997
1960	76	1	155.675	117.18500000000003
1960	77	1	124.99500000000002	66.95999999999998
1960	78	1	37.378109452736304	197.2089552238806
1960	79	1	152.02010050251255	41.904522613065296
1960	80	1	78.33000000000004	15.235000000000005
1960	81	1	56.52238805970147	17.756218905472632
1960	82	1	163.76616915422883	137.2537313432836
1960	83	1	163.29999999999998	54.09
1960	84	1	63.80597014925374	32.80099502487566
1960	85	1	21.820000000000007	160.5199999999999
1960	86	1	25.592039800995046	127.11442786069644
1960	87	1	131.77722772277235	47.73762376237624
1960	88	1	115.95999999999998	93.71499999999997
1960	89	1	42.07462686567163	94.91044776119398
1970	1	2	9.858585858585856	9.616161616161614
1970	2	2	9.950000000000008	100.29000000000005
1970	3	2	10.120000000000005	190.11999999999992
1970	4	2	99.88000000000001	9.879999999999995
1970	5	2	100.12	99.88
1970	6	2	100.00000000000003	190.50000000000006
1970	7	2	189.87999999999997	9.879999999999995
1970	8	2	190.49999999999997	100
1970	9	2	189.61616161616163	190.14141414141412
1970	10	1	118.99499999999998	173.51000000000005
1970	11	1	153.21500000000015	131.9749999999999
1970	12	1	61.497512437810926	65.79601990049751
1970	13	1	183.5349999999999	35.75000000000001
1970	14	1	80.13432835820892	24.666666666666675
1970	15	1	15.179104477611936	115.37313432835818
1970	16	1	45.766169154228876	8.039800995024875
1970	17	1	154.30999999999986	14.935
1970	18	1	43.55276381909551	162.48743718592954
1970	19	1	66.23999999999998	54.61499999999999
1970	20	1	122.89552238805973	113.3383084577114
1970	21	1	138.79000000000005	68.21499999999999
1970	22	1	31.079601990049746	82.01492537313437
1970	23	1	129.50248756218903	8.721393034825875
1970	24	1	147.26999999999992	86.64500000000001
1970	25	1	129.96500000000003	196.49
1970	26	1	164.02985074626858	20.86567164179105
1970	27	1	107.86999999999998	197.44
1970	28	1	129.4427860696517	131.07960199004987
1970	29	1	131.4472361809045	87.25125628140701
1970	30	1	152.5549999999999	30.640000000000004
1970	31	1	115.10891089108915	13.059405940594061
1970	32	1	142.6599999999999	125.43499999999997
1970	33	1	50.22885572139305	84.19900497512434
1970	34	1	128.41000000000005	159.64499999999995
1970	35	1	157.39800995024888	64.23880597014923
1970	36	1	71.53000000000003	7.075000000000004
1970	37	1	151.88944723618087	104.61809045226128
1970	38	1	140.37810945273628	77.08955223880595
1970	39	1	148.5990099009902	9.24752475247526
1970	40	1	178.06467661691545	114.1890547263682
1970	41	1	159.09500000000006	151.15
1970	42	1	41.61809045226129	39.201005025125596
1970	43	1	132.8855721393035	57.701492537313456
1970	44	1	41.88000000000002	182.71999999999994
1970	45	1	174.02475247524754	158.17326732673268
1970	46	1	172.67821782178214	29.336633663366335
1970	47	1	61.701492537313435	0.1940298507462684
1970	48	1	48.925373134328346	56.92537313432836
1970	49	1	145.21782178217825	0.8663366336633671
1970	50	1	97.93499999999997	177.0199999999999
1970	51	1	128.53233830845778	99.14925373134325
1970	52	1	145.88557213930332	188.6517412935324
1970	53	1	137.19999999999996	139.70999999999998
1970	54	1	34.594999999999985	174.54000000000013
1970	55	1	51.31188118811882	194.85148514851485
1970	56	1	25.55276381909548	189.28140703517582
1970	57	1	27.84500000000001	115.21
1970	58	1	29.009950248756212	164.16417910447765
1970	59	1	56.009950248756226	44.86567164179106
1970	60	1	121.94000000000004	181.68499999999997
1970	61	1	16.48	151.66
1970	62	1	198.6	112.21
1970	63	1	145.6732673267327	99.21287128712869
1970	64	1	194.76	120.96000000000001
1970	65	1	52.365	28.115000000000006
1970	66	1	169.73499999999993	42.27999999999998
1970	67	1	119.08415841584161	78.63861386138615
1970	68	1	147.03	50.24999999999998
1970	69	1	68.23267326732672	77.26237623762376
1970	70	1	24.465346534653467	92.01485148514848
1970	71	1	122.44221105527639	193.30653266331657
1970	72	1	75.45000000000009	35.05500000000004
1970	73	1	33.738916256157644	103.23645320197046
1970	74	1	63.165000000000006	91.78
1970	75	1	135.50499999999994	112.12500000000004
1970	76	1	156.03482587064667	115.21890547263682
1970	77	1	123.76381909547734	66.40201005025126
1970	78	1	36.009950248756226	196.273631840796
1970	79	1	152.21890547263686	41.30348258706466
1970	80	1	79.58499999999994	14.779999999999996
1970	81	1	56.96039603960394	16.584158415841593
1970	82	1	162.65174129353227	137.12935323383073
1970	83	1	163.41584158415847	53.44554455445545
1970	84	1	63.54500000000003	31.805
1970	85	1	21.115000000000006	159.27500000000003
1970	86	1	24.427135678391956	125.91959798994972
1970	87	1	133.0649999999999	46.67500000000001
1970	88	1	115.18000000000004	92.10499999999995
1970	89	1	42.69499999999998	93.80499999999996
1980	1	2	9.858585858585856	9.616161616161614
1980	2	2	9.950000000000008	100.29000000000005
1980	3	2	10.120000000000005	190.11999999999992
1980	4	2	99.88000000000001	9.879999999999995
1980	5	2	100.12	99.88
1980	6	2	100.00000000000003	190.50000000000006
1980	7	2	189.87999999999997	9.879999999999995
1980	8	2	190.49999999999997	100
1980	9	2	189.61616161616163	190.14141414141412
1980	10	1	117.52970297029702	174.36138613861377
1980	11	1	152.74999999999991	131.2250000000001
1980	12	1	61.07999999999997	64.37999999999998
1980	13	1	182.95000000000005	34.960000000000015
1980	14	1	81.62376237623769	24.58415841584158
1980	15	1	14.766169154228862	114.88557213930346
1980	16	1	45.24999999999999	7.089999999999999
1980	17	1	153.54773869346735	14.859296482412063
1980	18	1	42.88059701492535	160.38805970149252
1980	19	1	65.1831683168317	53.08910891089106
1980	20	1	123.78500000000005	114.08499999999998
1980	21	1	138.9950248756219	67.20895522388054
1980	22	1	31.653465346534645	80.87623762376234
1980	23	1	128.455	8.090000000000002
1980	24	1	146.34999999999997	86.34000000000006
1980	25	1	129.98499999999996	195.445
1980	26	1	164.58706467661696	19.49253731343284
1980	27	1	108.32999999999994	196.4
1980	28	1	129.15920398009956	130.09452736318408
1980	29	1	130.23000000000008	86.21000000000001
1980	30	1	153.05472636815915	29.42786069651741
1980	31	1	114.24378109452734	13.895522388059703
1980	32	1	143.69306930693082	125.43564356435645
1980	33	1	51.029850746268664	82.87064676616916
1980	34	1	128.3283582089552	159.65671641791042
1980	35	1	157.57213930348257	63.19900497512435
1980	36	1	71.22388059701493	6.278606965174126
1980	37	1	150.7800000000001	104.525
1980	38	1	140.80597014925374	76.24378109452731
1980	39	1	147.6250000000001	9.030000000000005
1980	40	1	176.42288557213936	114.54726368159206
1980	41	1	157.4179104477611	150.2338308457711
1980	42	1	41.28358208955226	38.45273631840797
1980	43	1	132.46999999999986	57.01999999999999
1980	44	1	41.095	182.06999999999988
1980	45	1	172.83919597989953	158.96482412060297
1980	46	1	172.86567164179107	28.318407960199
1980	47	1	60.43718592964823	199.47236180904522
1980	48	1	47.65671641791047	56.09950248756219
1980	49	1	144.33	0.764999999999997
1980	50	1	96.13930348258705	176.91044776119395
1980	51	1	127.24120603015069	98.3417085427135
1980	52	1	145.36499999999995	188.01999999999995
1980	53	1	135.31500000000008	138.89000000000007
1980	54	1	35.56783919597989	172.67839195979897
1980	55	1	50.05970149253731	194.60696517412936
1980	56	1	24.56716417910448	187.65174129353233
1980	57	1	28.11499999999999	114.01000000000006
1980	58	1	27.19000000000001	164.97000000000003
1980	59	1	56.05970149253731	43.53731343283581
1980	60	1	122.50251256281408	180.6582914572864
1980	61	1	16.336633663366328	150.81188118811883
1980	62	1	197.5820895522388	112.00995024875621
1980	63	1	144.68656716417917	98.74129353233825
1980	64	1	192.80904522613065	121.1256281407035
1980	65	1	52.70149253731343	26.656716417910445
1980	66	1	168.99497487437182	41.18090452261308
1980	67	1	118.57213930348254	77.4776119402985
1980	68	1	146.56716417910445	49.57711442786071
1980	69	1	68.42288557213922	75.89552238805979
1980	70	1	24.769999999999996	90.14500000000001
1980	71	1	121.15499999999993	194.44
1980	72	1	75.06965174129354	34.47761194029851
1980	73	1	33.42786069651741	101.7960199004975
1980	74	1	62.99502487562192	91.30348258706461
1980	75	1	134.592039800995	111.10945273631842
1980	76	1	156.7	113.65999999999993
1980	77	1	123.25000000000001	65.96000000000005
1980	78	1	34.459999999999994	195.19499999999994
1980	79	1	152.44776119402977	40.81592039800997
1980	80	1	80.39800995024879	13.910447761194035
1980	81	1	57.5841584158416	15.732673267326739
1980	82	1	161.90500000000011	137.20500000000007
1980	83	1	163.60396039603964	52.64851485148514
1980	84	1	63.53499999999999	30.60499999999999
1980	85	1	19.80499999999999	158.70000000000002
1980	86	1	23.91999999999999	124.88499999999995
1980	87	1	134.17000000000002	44.88
1980	88	1	114.69154228855724	90.93532338308454
1980	89	1	43.205000000000005	92.13500000000002
1990	1	2	9.858585858585856	9.616161616161614
1990	2	2	9.950000000000008	100.29000000000005
1990	3	2	10.120000000000005	190.11999999999992
1990	4	2	99.88000000000001	9.879999999999995
1990	5	2	100.12	99.88
1990	6	2	100.00000000000003	190.50000000000006
1990	7	2	189.87999999999997	9.879999999999995
1990	8	2	190.49999999999997	100
1990	9	2	189.61616161616163	190.14141414141412
1990	10	1	117.11500000000004	174.61000000000007
1990	11	1	152.7014925373133	130.01990049751248
1990	12	1	60.41500000000002	62.974999999999994
1990	13	1	181.80597014925368	34.34825870646767
1990	14	1	82.41791044776116	23.965174129353226
1990	15	1	13.925	114.58999999999999
1990	16	1	44.80099502487562	6.164179104477613
1990	17	1	152.44723618090438	14.90452261306534
1990	18	1	41.54726368159204	159.18905472636823
1990	19	1	63.323383084577124	52.12935323383086
1990	20	1	125.20792079207918	114.70792079207924
1990	21	1	139.32999999999993	65.77500000000005
1990	22	1	32.0995024875622	79.39303482587066
1990	23	1	127.55223880597016	7.363184079601996
1990	24	1	145.69651741293535	85.68656716417904
1990	25	1	129.85000000000005	194.04
1990	26	1	164.44776119402977	17.980099502487576
1990	27	1	108.16500000000002	195.745
1990	28	1	128.95000000000005	128.70499999999996
1990	29	1	129.50000000000003	84.69500000000001
1990	30	1	153.2261306532664	28.572864321608048
1990	31	1	113.71000000000002	14.214999999999991
1990	32	1	144.33668341708542	125.46733668341705
1990	33	1	51.537313432835816	82.24875621890544
1990	34	1	128.69306930693068	158.78712871287118
1990	35	1	157.23880597014934	62.66666666666671
1990	36	1	70.54455445544559	5.599009900990095
1990	37	1	150.51	103.56000000000003
1990	38	1	141.13499999999993	75.30499999999999
1990	39	1	147.27860696517408	8.56218905472637
1990	40	1	174.9850746268657	114.90547263681592
1990	41	1	155.80597014925374	149.60696517412936
1990	42	1	41.34825870646767	37.726368159204
1990	43	1	132.21500000000003	56.16000000000001
1990	44	1	39.85074626865668	181.69154228855712
1990	45	1	171.23383084577097	159.5970149253731
1990	46	1	172.23000000000008	27.169999999999987
1990	47	1	59.25999999999999	198.62
1990	48	1	46.539603960396	54.95544554455447
1990	49	1	143.51243781094527	0.5771144278606973
1990	50	1	94.43500000000004	177.07000000000002
1990	51	1	126.12999999999998	97.54000000000003
1990	52	1	144.25499999999988	187.61499999999998
1990	53	1	133.48000000000005	137.87999999999994
1990	54	1	36.04000000000001	170.9899999999999
1990	55	1	48.58706467661691	193.77611940298507
1990	56	1	24.395	185.96499999999997
1990	57	1	28.220000000000006	112.63499999999993
1990	58	1	25.524752475247528	165.30693069306943
1990	59	1	55.8040201005025	41.9246231155779
1990	60	1	123.665	179.24499999999998
1990	61	1	16.671641791044767	149.82089552238799
1990	62	1	196.245	111.77999999999996
1990	63	1	143.5422885572138	98.10447761194031
1990	64	1	191.425	121.45500000000003
1990	65	1	52.689999999999976	24.964999999999996
1990	66	1	168.20398009950247	40.398009950248756
1990	67	1	117.6965174129353	76.54228855721395
1990	68	1	146.02499999999995	48.55000000000004
1990	69	1	68.5174129353234	73.9054726368159
1990	70	1	25.268656716417922	88.91044776119404
1990	71	1	119.9502487562189	195.13432835820896
1990	72	1	74.60000000000002	33.36999999999999
1990	73	1	33.562189054726375	100.69651741293531
1990	74	1	62.92462311557788	90.69849246231152
1990	75	1	134.18407960198994	110.00995024875623
1990	76	1	156.68656716417905	112.13432835820899
1990	77	1	122.96019900497515	65.27860696517409
1990	78	1	33.80000000000002	194.12000000000006
1990	79	1	152.25870646766168	40.22388059701493
1990	80	1	81.69651741293532	12.606965174129355
1990	81	1	58.75621890547261	14.825870646766173
1990	82	1	161.4874371859297	138.33165829145747
1990	83	1	163.46500000000006	52.295
1990	84	1	63.63316582914573	29.603015075376877
1990	85	1	18.33668341708543	158.6633165829145
1990	86	1	23.31658291457287	123.89447236180901
1990	87	1	134.39108910891076	43.316831683168324
1990	88	1	114.678391959799	89.77889447236187
1990	89	1	43.358208955223894	90.9203980099503
