0	1	2	10.085714285714282	10.161904761904763
0	2	2	9.9622641509434	55.03773584905658
0	3	2	9.885714285714286	99.97142857142856
0	4	2	9.981308411214954	144.981308411215
0	5	2	10.000000000000002	189.92156862745094
0	6	2	55.049019607843114	9.921568627450982
0	7	2	55.04950495049505	55.178217821782184
0	8	2	55.09523809523809	99.90476190476188
0	9	2	54.95370370370372	144.97222222222217
0	10	2	54.893203883495126	189.93203883495138
0	11	2	100.02777777777777	9.953703703703699
0	12	2	99.99999999999996	55.00000000000001
0	13	2	100.00000000000004	99.99999999999999
0	14	2	99.99999999999999	145
0	15	2	100.00000000000004	189.99999999999997
0	16	2	145.00000000000014	10.095238095238095
0	17	2	144.87499999999994	54.942307692307686
0	18	2	145.0961538461539	99.96153846153847
0	19	2	145.0747663551403	144.92523364485982
0	20	2	145.14999999999992	190.17
0	21	2	190.0462962962963	10.027777777777773
0	22	2	190.0462962962963	54.97222222222221
0	23	2	189.79207920792072	100.00990099009898
0	24	2	189.85714285714283	145.09183673469389
0	25	2	190.0380952380953	190.10476190476183
0	26	1	17	79
0	27	1	148.4	26.6
0	28	1	179	99
0	29	1	155	85
0	30	1	71	55.5
0	31	1	98	69
0	32	1	197	147.5
0	33	1	166	8
0	34	1	133.5	184.5
0	35	1	125	118
0	36	1	123.5	57.5
0	37	1	40	124
0	38	1	159	35
0	39	1	194.33333333333334	36.333333333333336
0	40	1	167	152
0	41	1	64.33333333333333	21.333333333333332
0	42	1	37	70
0	43	1	189.33333333333334	133
0	44	1	91.77777777777777	129
0	45	1	89	84
0	46	1	127.5	87.5
0	47	1	179	79
0	48	1	56	30.4
0	49	1	121	85.5
0	50	1	158	99.5
0	51	1	118.5	30.5
0	52	1	107	114.8
0	53	1	172.33333333333334	38.333333333333336
0	54	1	18.25	150.25
0	55	1	123	130
0	56	1	36	140.5
0	57	1	141	161
0	58	1	23.5	161
0	59	1	26	159
0	60	1	3	21.333333333333332
0	61	1	128.5	53
0	62	1	122	105.5
0	63	1	70.4	110.2
0	64	1	108.5	135.5
0	65	1	3.6666666666666665	100.33333333333333
0	66	1	20	38
0	67	1	76	168
0	68	1	94.5	26.5
0	69	1	2.4	87.8
0	70	1	146	88.5
0	71	1	67.5	194.5
0	72	1	140.5	199
0	73	1	124	141
0	74	1	65	29
0	75	1	116	171
10	1	2	10.279999999999998	10.020000000000005
10	2	2	9.91	54.940000000000026
10	3	2	10.03092783505155	100.1546391752577
10	4	2	9.956521739130439	144.9021739130435
10	5	2	9.78	189.93
10	6	2	55.13999999999999	9.81
10	7	2	55.02000000000001	55.22999999999999
10	8	2	54.95	99.83999999999995
10	9	2	54.87999999999998	144.88
10	10	2	55.00000000000001	190.10999999999996
10	11	2	100.26	9.899999999999997
10	12	2	100.09	54.980000000000004
10	13	2	100.09090909090908	100.07070707070707
10	14	2	100.12	145.11999999999992
10	15	2	99.93	190.07999999999996
10	16	2	145.02	10.279999999999998
10	17	2	144.97999999999993	54.95000000000002
10	18	2	145.32653061224485	100.38775510204079
10	19	2	145.1599999999999	144.95
10	20	2	145.090909090909	190.28282828282832
10	21	2	190.14	9.740000000000002
10	22	2	190.090909090909	54.92929292929293
10	23	2	190.19148936170217	100.09574468085106
10	24	2	189.46153846153848	144.94505494505492
10	25	2	190.21999999999994	190.27999999999994
10	26	1	17.697674418604652	76.87209302325583
10	27	1	149.11377245508982	25.73652694610779
10	28	1	179.9729729729731	97.70945945945947
10	29	1	155.69531249999994	83.51562499999996
10	30	1	72.41463414634147	58.08130081300814
10	31	1	97.95890410958907	70.12328767123287
10	32	1	198.65833333333333	148.83333333333337
10	33	1	165.8850574712644	7.195402298850575
10	34	1	134.50684931506845	183.74657534246583
10	35	1	125.02020202020205	116.89898989898991
10	36	1	123	60.24347826086956
10	37	1	40.550561797752806	126.01123595505618
10	38	1	160.09482758620692	35.499999999999986
10	39	1	195.296	33.85599999999999
10	40	1	165.76623376623377	151.87012987012994
10	41	1	68.1904761904762	20.650793650793652
10	42	1	35.85156250000002	67.61718750000003
10	43	1	189.55555555555551	133.42222222222222
10	44	1	91.8267326732673	130.00495049504946
10	45	1	91.24786324786324	81.77777777777774
10	46	1	128.03370786516857	87.1797752808989
10	47	1	178.50505050505058	78.19191919191918
10	48	1	54.86301369863015	31.76027397260274
10	49	1	121.27272727272732	86.77272727272727
10	50	1	160.1967213114753	97.77868852459017
10	51	1	119.7872340425532	32.98581560283687
10	52	1	107.46202531645567	115.36708860759495
10	53	1	171.27108433734927	37.97590361445783
10	54	1	18.65346534653465	150.71287128712868
10	55	1	122.05797101449274	131.1086956521739
10	56	1	35.97931034482759	141.57241379310344
10	57	1	140.99404761904765	161.54166666666663
10	58	1	20.621621621621625	164.16216216216225
10	59	1	25.134615384615383	160.5961538461539
10	60	1	3.330708661417322	23.464566929133852
10	61	1	129.17272727272723	54.072727272727285
10	62	1	120.85714285714283	105.01428571428572
10	63	1	69.83589743589744	110.63076923076923
10	64	1	109.27710843373497	135.71084337349393
10	65	1	2.114285714285714	99.42857142857142
10	66	1	21.630952380952387	40.1904761904762
10	67	1	76.11976047904196	169.7544910179641
10	68	1	92.78321678321682	27.209790209790214
10	69	1	4.979487179487177	86.86666666666667
10	70	1	145.32061068702296	89.35114503816791
10	71	1	67.65277777777779	197.37500000000009
10	72	1	139.33333333333334	198.5222222222222
10	73	1	122.35294117647058	140.2941176470588
10	74	1	63.241935483870975	28.177419354838722
10	75	1	112.35087719298242	171.13450292397658
20	1	2	10.32	9.919999999999991
20	2	2	9.91	54.940000000000026
20	3	2	10.271739130434783	100
20	4	2	9.94791666666667	144.97916666666666
20	5	2	9.78	189.93
20	6	2	54.97999999999999	9.810000000000004
20	7	2	55.02000000000001	55.22999999999999
20	8	2	54.95	99.83999999999995
20	9	2	54.87999999999998	144.88
20	10	2	55.00000000000001	190.10999999999996
20	11	2	100.26	9.899999999999997
20	12	2	100.09	54.980000000000004
20	13	2	100.12	100.12000000000003
20	14	2	100.07070707070707	145.14141414141412
20	15	2	99.93	190.07999999999996
20	16	2	145.14141414141412	10.383838383838384
20	17	2	144.97999999999993	54.95000000000002
20	18	2	145.12121212121212	100.46464646464645
20	19	2	145.1599999999999	144.95
20	20	2	145.27083333333331	190.27083333333331
20	21	2	190.14	9.740000000000002
20	22	2	190.1199999999999	54.88
20	23	2	190.19148936170217	100.09574468085106
20	24	2	189.62765957446814	144.94680851063825
20	25	2	190.21999999999994	190.27999999999994
20	26	1	18.301980198019802	77.36138613861387
20	27	1	148.9004975124377	25.537313432835827
20	28	1	178.74129353233843	96.87064676616912
20	29	1	156.68656716417914	83.06965174129354
20	30	1	73.0049751243781	58.71641791044776
20	31	1	99.19402985074625	70.31343283582089
20	32	1	197.89054726368158	150.39303482587064
20	33	1	165.74626865671647	7.328358208955224
20	34	1	133.8805970149253	181.92537313432828
20	35	1	126.07462686567165	117.08457711442783
20	36	1	121.31343283582089	61.18905472636817
20	37	1	40.323383084577124	126.93532338308461
20	38	1	159.91584158415841	35.05445544554457
20	39	1	194.90547263681592	34.29850746268658
20	40	1	165.96517412935327	152.5124378109453
20	41	1	68.46268656716421	19.51741293532338
20	42	1	35.865671641791046	67.07462686567163
20	43	1	189.33830845771138	132.3980099502488
20	44	1	91.92999999999998	129.87500000000003
20	45	1	91.16417910447758	82.26865671641794
20	46	1	130.02487562189054	88.59203980099501
20	47	1	178.1791044776119	78.34328358208955
20	48	1	53.88059701492538	32.497512437810954
20	49	1	119.90547263681593	86.60696517412937
20	50	1	160.2338308457712	97.5572139303483
20	51	1	120.09452736318408	32.950248756218905
20	52	1	107.13930348258707	115.2487562189054
20	53	1	171.19402985074626	38.49253731343279
20	54	1	21.520202020202024	148.60101010101002
20	55	1	120.47979797979797	129.96464646464648
20	56	1	35.62189054726366	141.32338308457716
20	57	1	140.83084577114428	161.65174129353227
20	58	1	16.815	165.305
20	59	1	25.944723618090457	160.46231155778904
20	60	1	3.686567164179106	23.810945273631855
20	61	1	129.5771144278607	53.855721393034834
20	62	1	121.25870646766168	105.52238805970151
20	63	1	69.76616915422889	110.44776119402985
20	64	1	107.90547263681592	135.5074626865671
20	65	1	1.2238805970149265	100.46766169154239
20	66	1	21.149253731343293	39.82587064676617
20	67	1	76.75621890547264	170.03980099502493
20	68	1	93.29353233830848	27.681592039801
20	69	1	4.619999999999998	85.49999999999997
20	70	1	145.60696517412936	88.865671641791
20	71	1	67.76616915422883	197.8407960199005
20	72	1	138.34825870646762	197.93532338308455
20	73	1	124.984126984127	141.47619047619054
20	74	1	63.36815920398011	28.527363184079615
20	75	1	112.09452736318406	171.2487562189055
30	1	2	10.32	9.919999999999991
30	2	2	9.91	54.940000000000026
30	3	2	10.271739130434783	100
30	4	2	10.000000000000004	145
30	5	2	9.78	189.93
30	6	2	54.97999999999999	9.810000000000004
30	7	2	55.02000000000001	55.22999999999999
30	8	2	54.95	99.83999999999995
30	9	2	54.87999999999998	144.88
30	10	2	55.00000000000001	190.10999999999996
30	11	2	100.26	9.899999999999997
30	12	2	100.09	54.980000000000004
30	13	2	100.12	100.12000000000003
30	14	2	100.12	145.11999999999992
30	15	2	99.93	190.07999999999996
30	16	2	145.14141414141412	10.383838383838384
30	17	2	144.97999999999993	54.95000000000002
30	18	2	145.0900000000001	100.42000000000002
30	19	2	145.1599999999999	144.95
30	20	2	145.27083333333331	190.27083333333331
30	21	2	190.14	9.740000000000002
30	22	2	190.1199999999999	54.88
30	23	2	190.19148936170217	100.09574468085106
30	24	2	189.72916666666669	144.97916666666666
30	25	2	190.21999999999994	190.27999999999994
30	26	1	18.03000000000001	77.21999999999997
30	27	1	149.27860696517408	25.68159203980099
30	28	1	178.575	96.53000000000003
30	29	1	157.0646766169153	83.29850746268657
30	30	1	72.91499999999999	58.40499999999999
30	31	1	99.47761194029849	70.01492537313433
30	32	1	197.62686567164178	150.9353233830845
30	33	1	165.39303482587064	7.074626865671644
30	34	1	133.84999999999997	181.76500000000004
30	35	1	125.93532338308461	117.03980099502485
30	36	1	121.4427860696518	61.89054726368162
30	37	1	40.56000000000003	127.06500000000005
30	38	1	160.12935323383087	34.61194029850749
30	39	1	194.7363184079602	34.104477611940304
30	40	1	165.86567164179107	152.63184079601987
30	41	1	68.37499999999997	19.365
30	42	1	36.298507462686565	67.25870646766174
30	43	1	188.98507462686567	131.7014925373136
30	44	1	92.726368159204	130.3034825870648
30	45	1	90.50248756218906	81.92039800995028
30	46	1	130.19500000000002	88.86499999999998
30	47	1	178.0447761194028	78.39800995024873
30	48	1	53.606965174129385	32.21890547263681
30	49	1	119.9353233830846	86.41293532338308
30	50	1	160.4278606965175	97.74626865671641
30	51	1	120.31658291457286	33.361809045226124
30	52	1	107.41791044776122	115.20895522388064
30	53	1	171.01990049751234	38.71641791044776
30	54	1	21.618090452261285	148.72864321608043
30	55	1	120.3134328358209	129.82089552238807
30	56	1	35.70149253731344	141.49751243781097
30	57	1	140.78499999999997	161.90000000000006
30	58	1	16.79601990049751	165.43283582089563
30	59	1	25.905472636815926	160.039800995025
30	60	1	4.064676616915422	24.253731343283572
30	61	1	129.2920792079208	54.04455445544553
30	62	1	121.57999999999997	105.14499999999997
30	63	1	69.22499999999995	110.39499999999998
30	64	1	108.19900497512442	136.134328358209
30	65	1	1.1194029850746274	100.70149253731344
30	66	1	20.820895522388057	39.70149253731343
30	67	1	76.89000000000007	170.42499999999998
30	68	1	93.10447761194031	27.746268656716424
30	69	1	4.429999999999999	85.09500000000001
30	70	1	145.96517412935307	88.5771144278607
30	71	1	68.15422885572136	197.36815920398007
30	72	1	138.1750000000001	198.135
30	73	1	125.17910447761193	141.4477611940298
30	74	1	63.30000000000001	28.375000000000018
30	75	1	111.52736318407966	171.3532338308457
40	1	2	10.32	9.919999999999991
40	2	2	9.91	54.940000000000026
40	3	2	10.271739130434783	100
40	4	2	10.000000000000004	145
40	5	2	9.78	189.93
40	6	2	54.97999999999999	9.810000000000004
40	7	2	55.02000000000001	55.22999999999999
40	8	2	54.95	99.83999999999995
40	9	2	54.87999999999998	144.88
40	10	2	55.00000000000001	190.10999999999996
40	11	2	100.26	9.899999999999997
40	12	2	100.09	54.980000000000004
40	13	2	100.12	100.12000000000003
40	14	2	100.12	145.11999999999992
40	15	2	99.93	190.07999999999996
40	16	2	145.14141414141412	10.383838383838384
40	17	2	144.97999999999993	54.95000000000002
40	18	2	145.0900000000001	100.42000000000002
40	19	2	145.1599999999999	144.95
40	20	2	145.27083333333331	190.27083333333331
40	21	2	190.14	9.740000000000002
40	22	2	190.1199999999999	54.88
40	23	2	190.19148936170217	100.09574468085106
40	24	2	189.72916666666669	144.97916666666666
40	25	2	190.21999999999994	190.27999999999994
40	26	1	17.744999999999997	76.94499999999996
40	27	1	149.62500000000006	25.285000000000004
40	28	1	178.49751243781083	95.58208955223881
40	29	1	157.21393034825874	83.4626865671642
40	30	1	72.05970149253731	57.626865671641795
40	31	1	99.47263681592044	70.63681592039794
40	32	1	197.23	151.46000000000004
40	33	1	164.59999999999997	7.015
40	34	1	133.79500000000004	181.73499999999993
40	35	1	126.24378109452738	117.02985074626864
40	36	1	122.00502512562818	62.34673366834175
40	37	1	40.009999999999984	127.57999999999993
40	38	1	160.0298507462687	33.940298507462686
40	39	1	194.70149253731344	33.52238805970148
40	40	1	164.73000000000005	153.115
40	41	1	68.55499999999998	19.410000000000007
40	42	1	36.780000000000015	67.56
40	43	1	189.35499999999993	131.67499999999995
40	44	1	93.22	130.93500000000006
40	45	1	89.75124378109453	82.35820895522387
40	46	1	130.1658291457286	89.2311557788944
40	47	1	177.71	78.41
40	48	1	53.55499999999999	32.335
40	49	1	120.07000000000004	86.14499999999997
40	50	1	160.47761194029857	98.01990049751245
40	51	1	120.745	33.25500000000002
40	52	1	108.00000000000001	115.86499999999992
40	53	1	170.8250000000001	38.63999999999998
40	54	1	22.25373134328358	148.50746268656712
40	55	1	120.06965174129348	129.53233830845775
40	56	1	35.45000000000001	141.69999999999985
40	57	1	139.835	162.23000000000005
40	58	1	16.960199004975134	165.70149253731353
40	59	1	25.98009950248757	159.681592039801
40	60	1	4.340000000000002	24.47
40	61	1	128.89999999999992	54.14499999999999
40	62	1	121.27499999999996	105.41000000000005
40	63	1	68.455	110.16499999999996
40	64	1	108.43499999999999	136.235
40	65	1	0.9800000000000016	100.86499999999992
40	66	1	20.49253731343281	39.955223880597025
40	67	1	77.47761194029846	171.83084577114417
40	68	1	93.06500000000004	27.505000000000006
40	69	1	4.407960199004972	84.92039800995026
40	70	1	146.02499999999992	88.32000000000001
40	71	1	68.22999999999999	198.0550000000001
40	72	1	137.76499999999996	197.84
40	73	1	125.19900497512437	140.97512437810946
40	74	1	63.23880597014922	28.45771144278606
40	75	1	111.52238805970156	171.9253731343283
50	1	2	10.32	9.919999999999991
50	2	2	9.91	54.940000000000026
50	3	2	10.271739130434783	100
50	4	2	10.000000000000004	145
50	5	2	9.78	189.93
50	6	2	54.97999999999999	9.810000000000004
50	7	2	55.02000000000001	55.22999999999999
50	8	2	54.95	99.83999999999995
50	9	2	54.87999999999998	144.88
50	10	2	55.00000000000001	190.10999999999996
50	11	2	100.26	9.899999999999997
50	12	2	100.09	54.980000000000004
50	13	2	100.12	100.12000000000003
50	14	2	100.12	145.11999999999992
50	15	2	99.93	190.07999999999996
50	16	2	145.14141414141412	10.383838383838384
50	17	2	144.97999999999993	54.95000000000002
50	18	2	145.0900000000001	100.42000000000002
50	19	2	145.1599999999999	144.95
50	20	2	145.27083333333331	190.27083333333331
50	21	2	190.14	9.740000000000002
50	22	2	190.1199999999999	54.88
50	23	2	190.19148936170217	100.09574468085106
50	24	2	189.72916666666669	144.97916666666666
50	25	2	190.21999999999994	190.27999999999994
50	26	1	16.346733668341713	76.78894472361809
50	27	1	150.195	24.66499999999999
50	28	1	177.51741293532336	94
50	29	1	157.87000000000003	83.96999999999994
50	30	1	71.20603015075379	56.36180904522615
50	31	1	99.47000000000003	71.23499999999999
50	32	1	196.93	152.05
50	33	1	163.17999999999998	7.100000000000001
50	34	1	133.64500000000004	181.77999999999997
50	35	1	126.28358208955223	117.15422885572141
50	36	1	122.3333333333333	62.66666666666668
50	37	1	39.35000000000003	128.12499999999997
50	38	1	159.8358208955225	33.76616915422886
50	39	1	195.445	33.25999999999996
50	40	1	163.8059701492536	153.6865671641791
50	41	1	68.8557213930349	19.661691542288562
50	42	1	37.795	68.34500000000001
50	43	1	189.35175879396985	131.09045226130652
50	44	1	93.46733668341709	131.92964824120597
50	45	1	89.30499999999999	83.03500000000003
50	46	1	130.45499999999993	89.62500000000001
50	47	1	177.41999999999987	78.49500000000003
50	48	1	53.288557213930346	32.31840796019902
50	49	1	120.19095477386934	86.00502512562815
50	50	1	160.87000000000003	98.53999999999998
50	51	1	120.91499999999999	33.17500000000001
50	52	1	108.45999999999997	116.33000000000006
50	53	1	170.55276381909545	39.12562814070351
50	54	1	22.235	148.74999999999994
50	55	1	119.53266331658288	129.13065326633156
50	56	1	34.52000000000001	142.055
50	57	1	138.95	162.90000000000006
50	58	1	16.834170854271363	165.93467336683426
50	59	1	26.356783919597987	159.21608040201005
50	60	1	4.819999999999998	24.700000000000003
50	61	1	128.68656716417905	54.532338308457696
50	62	1	120.96	105.35000000000005
50	63	1	68.06	109.79500000000002
50	64	1	108.9	136.65500000000003
50	65	1	0.9246231155778905	100.74874371859299
50	66	1	20.02	40.380000000000045
50	67	1	78.11940298507461	173.60696517412933
50	68	1	93.03999999999998	27.125000000000004
50	69	1	3.575000000000001	85.34
50	70	1	146.79	88.18
50	71	1	68.92079207920793	198.62871287128698
50	72	1	137.39499999999987	197.125
50	73	1	126.00999999999998	139.99000000000004
50	74	1	63.58706467661689	28.776119402985078
50	75	1	110.73000000000002	171.835
60	1	2	10.32	9.919999999999991
60	2	2	9.91	54.940000000000026
60	3	2	10.271739130434783	100
60	4	2	10.000000000000004	145
60	5	2	9.78	189.93
60	6	2	54.97999999999999	9.810000000000004
60	7	2	55.02000000000001	55.22999999999999
60	8	2	54.95	99.83999999999995
60	9	2	54.87999999999998	144.88
60	10	2	55.00000000000001	190.10999999999996
60	11	2	100.26	9.899999999999997
60	12	2	100.09	54.980000000000004
60	13	2	100.12	100.12000000000003
60	14	2	100.12	145.11999999999992
60	15	2	99.93	190.07999999999996
60	16	2	145.14141414141412	10.383838383838384
60	17	2	144.97999999999993	54.95000000000002
60	18	2	145.0900000000001	100.42000000000002
60	19	2	145.1599999999999	144.95
60	20	2	145.27083333333331	190.27083333333331
60	21	2	190.14	9.740000000000002
60	22	2	190.1199999999999	54.88
60	23	2	190.19148936170217	100.09574468085106
60	24	2	189.72916666666669	144.97916666666666
60	25	2	190.21999999999994	190.27999999999994
60	26	1	15.293532338308463	76.51243781094527
60	27	1	150.26368159203986	23.517412935323375
60	28	1	177.35500000000008	92.90000000000003
60	29	1	158.53233830845764	84.0796019900498
60	30	1	70.43999999999994	55.81500000000001
60	31	1	99.69154228855717	71.8656716417911
60	32	1	196.78	152.43
60	33	1	161.51500000000001	7.134999999999996
60	34	1	133.74999999999997	182.12499999999994
60	35	1	125.87000000000002	117.73500000000001
60	36	1	122.22	63.039999999999985
60	37	1	38.035000000000004	128.89499999999998
60	38	1	159.66666666666657	33.13930348258704
60	39	1	196.34	32.96499999999999
60	40	1	162.22388059701493	154.48756218905467
60	41	1	68.815	19.47500000000002
60	42	1	38.776119402985074	68.78606965174124
60	43	1	189.35323383084577	130.73631840796017
60	44	1	93.51980198019805	132.80693069306926
60	45	1	88.52499999999996	83.14500000000002
60	46	1	130.88557213930343	90.42288557213928
60	47	1	177.10050251256274	77.74874371859299
60	48	1	53.005	32.345000000000006
60	49	1	119.97499999999997	85.85499999999996
60	50	1	161.56999999999994	98.83000000000007
60	51	1	120.98500000000001	32.06499999999999
60	52	1	108.5373134328358	116.40796019900499
60	53	1	170.21105527638207	39.180904522613076
60	54	1	22.685	149.25500000000002
60	55	1	119.47263681592041	129.46268656716407
60	56	1	33.94949494949495	142.25252525252532
60	57	1	138.215	164.32500000000007
60	58	1	16.870000000000008	166.00000000000006
60	59	1	27.22000000000001	159.10499999999996
60	60	1	5.582914572864322	25.1356783919598
60	61	1	129.24999999999997	54.79000000000001
60	62	1	120.85499999999999	105.47499999999998
60	63	1	67.80500000000002	108.92500000000003
60	64	1	109.52500000000002	137.12499999999997
60	65	1	0.7386934673366836	100.2914572864322
60	66	1	20.084999999999997	40.34499999999999
60	67	1	78.76	174.24500000000003
60	68	1	93.05527638190958	26.95477386934672
60	69	1	3.3919597989949732	85.12060301507539
60	70	1	147.41000000000003	87.78999999999999
60	71	1	69.4522613065327	199.21608040201002
60	72	1	137.37999999999994	196.845
60	73	1	127.79104477611945	138.75124378109456
60	74	1	63.884999999999984	28.97000000000001
60	75	1	110.71000000000004	172.06999999999996
70	1	2	10.32	9.919999999999991
70	2	2	9.91	54.940000000000026
70	3	2	10.271739130434783	100
70	4	2	10.000000000000004	145
70	5	2	9.78	189.93
70	6	2	54.97999999999999	9.810000000000004
70	7	2	55.02000000000001	55.22999999999999
70	8	2	54.95	99.83999999999995
70	9	2	54.87999999999998	144.88
70	10	2	55.00000000000001	190.10999999999996
70	11	2	100.26	9.899999999999997
70	12	2	100.09	54.980000000000004
70	13	2	100.12	100.12000000000003
70	14	2	100.12	145.11999999999992
70	15	2	99.93	190.07999999999996
70	16	2	145.14141414141412	10.383838383838384
70	17	2	144.97999999999993	54.95000000000002
70	18	2	145.0900000000001	100.42000000000002
70	19	2	145.1599999999999	144.95
70	20	2	145.27083333333331	190.27083333333331
70	21	2	190.14	9.740000000000002
70	22	2	190.1199999999999	54.88
70	23	2	190.19148936170217	100.09574468085106
70	24	2	189.72916666666669	144.97916666666666
70	25	2	190.21999999999994	190.27999999999994
70	26	1	14.19	76.37499999999999
70	27	1	150.49000000000012	22.990000000000013
70	28	1	176.87499999999994	91.39
70	29	1	159.70351758793973	84.31155778894473
70	30	1	69.58000000000001	55.69000000000001
70	31	1	99.59000000000003	71.94999999999999
70	32	1	196.55276381909547	152.93467336683418
70	33	1	159.44999999999996	6.775000000000001
70	34	1	133.74500000000006	182.36500000000004
70	35	1	125.87064676616912	117.74129353233833
70	36	1	122.19000000000001	64.17000000000002
70	37	1	37.59798994974875	130.20603015075383
70	38	1	159.1799999999999	32.795
70	39	1	197.14	32.72999999999998
70	40	1	161.54999999999993	154.63499999999996
70	41	1	68.75	19.15500000000001
70	42	1	39.47236180904524	69.37688442211055
70	43	1	189.195	129.905
70	44	1	93.31999999999996	133.93499999999995
70	45	1	87.407960199005	83.22885572139303
70	46	1	131.44499999999996	90.66999999999996
70	47	1	176.59798994974878	76.69346733668344
70	48	1	52.085	32.905000000000015
70	49	1	119.64999999999996	85.26500000000009
70	50	1	163.10945273631827	98.75621890547266
70	51	1	121.38999999999999	30.154999999999987
70	52	1	109.32000000000002	117.00000000000006
70	53	1	170.115	39.24499999999996
70	54	1	22.43283582089551	149.8756218905472
70	55	1	119.27135678391957	129.45226130653276
70	56	1	33.339999999999996	142.45500000000007
70	57	1	137.8358208955225	165.75124378109442
70	58	1	17.210000000000022	166.05999999999997
70	59	1	28.629999999999992	158.57
70	60	1	6.325	25.754999999999995
70	61	1	129.36500000000004	55.399999999999984
70	62	1	120.67500000000003	105.36499999999997
70	63	1	66.99497487437186	107.93467336683423
70	64	1	110.36318407960201	137.2736318407959
70	65	1	0.6381909547738688	100.356783919598
70	66	1	20.266331658291463	40.51256281407036
70	67	1	79.37810945273633	174.90547263681594
70	68	1	93.37688442211055	26.572864321608026
70	69	1	2.8492462311557807	85.28643216080398
70	70	1	148.44499999999994	87.26500000000001
70	71	1	69.64500000000001	199.95
70	72	1	137.27135678391963	196.69849246231155
70	73	1	128.71499999999997	137.70499999999996
70	74	1	63.845	29.145000000000003
70	75	1	110.30653266331657	171.97487437185922
80	1	2	10.32	9.919999999999991
80	2	2	9.91	54.940000000000026
80	3	2	10.271739130434783	100
80	4	2	10.000000000000004	145
80	5	2	9.78	189.93
80	6	2	54.97999999999999	9.810000000000004
80	7	2	55.02000000000001	55.22999999999999
80	8	2	54.95	99.83999999999995
80	9	2	54.87999999999998	144.88
80	10	2	55.00000000000001	190.10999999999996
80	11	2	100.26	9.899999999999997
80	12	2	100.09	54.980000000000004
80	13	2	100.12	100.12000000000003
80	14	2	100.12	145.11999999999992
80	15	2	99.93	190.07999999999996
80	16	2	145.14141414141412	10.383838383838384
80	17	2	144.97999999999993	54.95000000000002
80	18	2	145.0900000000001	100.42000000000002
80	19	2	145.1599999999999	144.95
80	20	2	145.27083333333331	190.27083333333331
80	21	2	190.14	9.740000000000002
80	22	2	190.1199999999999	54.88
80	23	2	190.19148936170217	100.09574468085106
80	24	2	189.72916666666669	144.97916666666666
80	25	2	190.21999999999994	190.27999999999994
80	26	1	12.638190954773867	75.76884422110551
80	27	1	150.2686567164179	22.462686567164187
80	28	1	175.91044776119406	90.3830845771144
80	29	1	160.56500000000003	85.06999999999996
80	30	1	69.01990049751244	55.55721393034823
80	31	1	99.48756218905469	72.636815920398
80	32	1	195.785	153.57999999999993
80	33	1	158.115	5.985000000000001
80	34	1	133.34499999999997	183.17999999999998
80	35	1	126.11499999999994	117.88
80	36	1	122.43500000000004	65.82000000000002
80	37	1	37.402985074626876	131.53233830845787
80	38	1	158.57	32.595
80	39	1	197.905	33.324999999999996
80	40	1	161.115	154.76000000000005
80	41	1	68.38190954773864	18.844221105527645
80	42	1	40.373134328358255	69.6119402985075
80	43	1	188.61499999999998	129.66000000000003
80	44	1	93.36683417085425	134.64824120603018
80	45	1	86.21499999999997	82.91999999999992
80	46	1	131.97989949748737	90.5577889447236
80	47	1	176.13500000000005	75.59000000000002
80	48	1	51.64999999999999	33.245000000000026
80	49	1	119.28	84.74499999999998
80	50	1	164.8109452736319	99.12437810945278
80	51	1	121.502487562189	28.437810945273636
80	52	1	109.81909547738694	117.3517587939699
80	53	1	169.91500000000002	39.89000000000001
80	54	1	22.895522388059703	150.27860696517416
80	55	1	119.12935323383078	129.58208955223878
80	56	1	32.25000000000001	142.37500000000006
80	57	1	136.525	167.05500000000006
80	58	1	17.63500000000001	166.05000000000007
80	59	1	30.105000000000018	158.44500000000002
80	60	1	6.670000000000001	26.284999999999997
80	61	1	129.69	55.880000000000024
80	62	1	120.59701492537314	105.41293532338314
80	63	1	66.69500000000001	106.58999999999997
80	64	1	111.14499999999998	137.40499999999997
80	65	1	0.6549999999999997	99.82999999999998
80	66	1	20.554999999999996	40.85499999999998
80	67	1	80.12499999999999	175.735
80	68	1	93.19000000000003	26.325000000000003
80	69	1	2.5800000000000005	85.22999999999999
80	70	1	149.52500000000003	86.44999999999999
80	71	1	69.57499999999997	1.0550000000000022
80	72	1	137.32160804020103	196.6683417085427
80	73	1	130.00995024875618	136.20398009950236
80	74	1	64.23115577889446	29.402010050251278
80	75	1	110.07000000000004	171.95
90	1	2	10.32	9.919999999999991
90	2	2	9.91	54.940000000000026
90	3	2	10.271739130434783	100
90	4	2	10.000000000000004	145
90	5	2	9.78	189.93
90	6	2	54.97999999999999	9.810000000000004
90	7	2	55.02000000000001	55.22999999999999
90	8	2	54.95	99.83999999999995
90	9	2	54.87999999999998	144.88
90	10	2	55.00000000000001	190.10999999999996
90	11	2	100.26	9.899999999999997
90	12	2	100.09	54.980000000000004
90	13	2	100.12	100.12000000000003
90	14	2	100.12	145.11999999999992
90	15	2	99.93	190.07999999999996
90	16	2	145.14141414141412	10.383838383838384
90	17	2	144.97999999999993	54.95000000000002
90	18	2	145.0900000000001	100.42000000000002
90	19	2	145.1599999999999	144.95
90	20	2	145.27083333333331	190.27083333333331
90	21	2	190.14	9.740000000000002
90	22	2	190.1199999999999	54.88
90	23	2	190.19148936170217	100.09574468085106
90	24	2	189.72916666666669	144.97916666666666
90	25	2	190.21999999999994	190.27999999999994
90	26	1	11.540000000000003	74.68999999999998
90	27	1	150.745	21.395000000000007
90	28	1	175.505	89.21000000000005
90	29	1	161.50500000000005	86.03000000000002
90	30	1	68.63316582914571	55.301507537688465
90	31	1	99.175	72.85500000000005
90	32	1	195.3681592039801	153.72636815920396
90	33	1	156.86567164179093	5.124378109452736
90	34	1	132.90000000000003	183.64999999999995
90	35	1	126.10499999999992	118.16499999999995
90	36	1	122.407960199005	66.95024875621894
90	37	1	37.29999999999999	132.42500000000007
90	38	1	157.45499999999993	32.294999999999995
90	39	1	198.7462686567164	34.12935323383083
90	40	1	159.88944723618096	154.66331658291455
90	41	1	67.98492462311556	18.462311557788933
90	42	1	41.11442786069651	69.36815920398006
90	43	1	187.19499999999994	129.0399999999999
90	44	1	93.3819095477387	135.60804020100494
90	45	1	85.66000000000001	82.68499999999995
90	46	1	132.80597014925374	90.24378109452739
90	47	1	175.76999999999998	74.93000000000002
90	48	1	51.095477386934675	34.11055276381911
90	49	1	119.20398009950253	84.67164179104482
90	50	1	166.79601990049753	99.4825870646766
90	51	1	121.61499999999995	27.340000000000007
90	52	1	110.21500000000002	117.52500000000005
90	53	1	169.06500000000008	41.100000000000016
90	54	1	23.130000000000006	150.66999999999996
90	55	1	118.98499999999997	129.87
90	56	1	32.025000000000006	142.20000000000005
90	57	1	135.72636815920393	167.97512437810943
90	58	1	18.43500000000001	165.93999999999983
90	59	1	31.935000000000013	158.51000000000008
90	60	1	6.935323383084575	27.383084577114428
90	61	1	129.535	56.055
90	62	1	120.34673366834171	105.33668341708541
90	63	1	66.70499999999998	105.38499999999996
90	64	1	111.87499999999996	137.5050000000001
90	65	1	0.783919597989949	99.57788944723612
90	66	1	20.93467336683418	41.17085427135679
90	67	1	81.09499999999998	176.64999999999986
90	68	1	93.18000000000008	25.650000000000006
90	69	1	2.1400000000000006	85.30500000000002
90	70	1	150.24500000000003	86.02499999999998
90	71	1	69.46499999999997	2.1649999999999996
90	72	1	136.77889447236188	196.4371859296482
90	73	1	131.0497512437811	135.15920398009953
90	74	1	64.09950248756219	29.497512437810958
90	75	1	109.68844221105526	171.6834170854272
100	1	2	10.32	9.919999999999991
100	2	2	9.91	54.940000000000026
100	3	2	10.271739130434783	100
100	4	2	10.000000000000004	145
100	5	2	9.78	189.93
100	6	2	54.97999999999999	9.810000000000004
100	7	2	55.02000000000001	55.22999999999999
100	8	2	54.95	99.83999999999995
100	9	2	54.87999999999998	144.88
100	10	2	55.00000000000001	190.10999999999996
100	11	2	100.26	9.899999999999997
100	12	2	100.09	54.980000000000004
100	13	2	100.12	100.12000000000003
100	14	2	100.12	145.11999999999992
100	15	2	99.93	190.07999999999996
100	16	2	145.14141414141412	10.383838383838384
100	17	2	144.97999999999993	54.95000000000002
100	18	2	145.0900000000001	100.42000000000002
100	19	2	145.1599999999999	144.95
100	20	2	145.27083333333331	190.27083333333331
100	21	2	190.14	9.740000000000002
100	22	2	190.1199999999999	54.88
100	23	2	190.19148936170217	100.09574468085106
100	24	2	189.72916666666669	144.97916666666666
100	25	2	190.21999999999994	190.27999999999994
100	26	1	9.530000000000005	73.47000000000001
100	27	1	151.17	20.55
100	28	1	175.40499999999986	88.09499999999998
100	29	1	162.22000000000008	86.90499999999996
100	30	1	68.725	55.055
100	31	1	99.34999999999998	73.16500000000002
100	32	1	195.015	154.00000000000003
100	33	1	156.29850746268653	3.636815920398009
100	34	1	132.495	184.16000000000008
100	35	1	126.08000000000001	118.35000000000005
100	36	1	121.815	68.38499999999999
100	37	1	37.510000000000005	133.01999999999992
100	38	1	156.52736318407963	31.621890547263682
100	39	1	199.53	34.85499999999998
100	40	1	158.41500000000002	154.60000000000008
100	41	1	67.92999999999999	18.435
100	42	1	41.515	69.58500000000002
100	43	1	185.68500000000003	128.64500000000007
100	44	1	93.465	136.095
100	45	1	85.40999999999995	81.98000000000002
100	46	1	133.19499999999996	90.23500000000003
100	47	1	174.62499999999997	73.62
100	48	1	50.679999999999986	34.469999999999985
100	49	1	119.39000000000001	84.53
100	50	1	167.455	99.68999999999997
100	51	1	121.79899497487438	26.246231155778897
100	52	1	110.32499999999999	117.70999999999997
100	53	1	168.38499999999988	41.85000000000002
100	54	1	23.39000000000001	151.35999999999987
100	55	1	118.83500000000001	130.06499999999997
100	56	1	31.485148514851492	141.82178217821777
100	57	1	134.68000000000012	168.30500000000004
100	58	1	19.87500000000001	165.765
100	59	1	34.11999999999998	158.2050000000001
100	60	1	7.534999999999998	28.325000000000003
100	61	1	128.985	56.835
100	62	1	120.13500000000002	105.41499999999998
100	63	1	67.37999999999998	103.85000000000004
100	64	1	112.27363184079599	137.44776119402977
100	65	1	0.6600000000000001	99.60999999999999
100	66	1	20.859296482412066	40.44723618090451
100	67	1	81.13000000000002	177.68000000000018
100	68	1	93.2110552763819	25.195979899497488
100	69	1	2.2700000000000014	85.185
100	70	1	151.00499999999994	85.35000000000002
100	71	1	69.04499999999999	3.7250000000000023
100	72	1	136.47738693467332	196.47738693467338
100	73	1	131.96000000000004	133.785
100	74	1	63.690000000000005	29.710000000000008
100	75	1	109.49751243781091	171.40298507462688
110	1	2	10.32	9.919999999999991
110	2	2	9.91	54.940000000000026
110	3	2	10.271739130434783	100
110	4	2	10.000000000000004	145
110	5	2	9.78	189.93
110	6	2	54.97999999999999	9.810000000000004
110	7	2	55.02000000000001	55.22999999999999
110	8	2	54.95	99.83999999999995
110	9	2	54.87999999999998	144.88
110	10	2	55.00000000000001	190.10999999999996
110	11	2	100.26	9.899999999999997
110	12	2	100.09	54.980000000000004
110	13	2	100.12	100.12000000000003
110	14	2	100.12	145.11999999999992
110	15	2	99.93	190.07999999999996
110	16	2	145.14141414141412	10.383838383838384
110	17	2	144.97999999999993	54.95000000000002
110	18	2	145.0900000000001	100.42000000000002
110	19	2	145.1599999999999	144.95
110	20	2	145.27083333333331	190.27083333333331
110	21	2	190.14	9.740000000000002
110	22	2	190.1199999999999	54.88
110	23	2	190.19148936170217	100.09574468085106
110	24	2	189.72916666666669	144.97916666666666
110	25	2	190.21999999999994	190.27999999999994
110	26	1	8.765000000000002	72.96499999999997
110	27	1	152.3050000000001	19.385000000000005
110	28	1	175.80500000000004	87.50000000000003
110	29	1	163.17	87.65000000000005
110	30	1	68.785	55.28500000000002
110	31	1	99.52763819095482	73.20603015075375
110	32	1	193.98	154.6100000000001
110	33	1	156.09500000000003	2.3050000000000006
110	34	1	132.43718592964822	184.30653266331663
110	35	1	126.03500000000005	118.49499999999993
110	36	1	121.45000000000002	70.02
110	37	1	37.81499999999998	133.71499999999995
110	38	1	154.92999999999998	31.004999999999995
110	39	1	0.21105527638190952	35.72864321608043
110	40	1	156.87562189054734	154.3134328358209
110	41	1	67.95477386934678	18.452261306532662
110	42	1	41.82	69.91499999999996
110	43	1	184.7014925373135	128.29353233830838
110	44	1	93.765	136.12000000000003
110	45	1	85.55721393034828	81.56716417910447
110	46	1	133.6633165829146	89.6934673366834
110	47	1	173.595	72.52499999999999
110	48	1	50.25	35.34
110	49	1	119.21000000000002	84.48000000000002
110	50	1	168.61691542288565	100.24378109452736
110	51	1	122.25499999999995	24.53499999999999
110	52	1	110.48000000000003	117.77499999999996
110	53	1	167.52999999999994	42.650000000000006
110	54	1	22.789999999999992	152.32
110	55	1	118.885	130.16000000000005
110	56	1	31.30500000000002	142.315
110	57	1	133.46499999999997	168.62500000000009
110	58	1	21.114427860696512	165.7462686567165
110	59	1	35.75999999999999	157.45
110	60	1	7.724999999999997	29.355
110	61	1	128.66500000000005	57.63999999999999
110	62	1	119.885	105.66499999999999
110	63	1	68.03999999999994	102.92500000000004
110	64	1	113.49500000000003	137.90499999999994
110	65	1	0.5649999999999993	99.64500000000005
110	66	1	20.79500000000001	40.35500000000002
110	67	1	81.16915422885573	179.11940298507466
110	68	1	93.11499999999998	24.40000000000001
110	69	1	2.665000000000001	84.895
110	70	1	151.76616915422883	84.12437810945275
110	71	1	69.36180904522614	4.658291457286431
110	72	1	136.28499999999997	196.76999999999998
110	73	1	132.975	132.98000000000005
110	74	1	63.68500000000003	30.319999999999997
110	75	1	109.19597989949749	170.91959798994975
120	1	2	10.32	9.919999999999991
120	2	2	9.91	54.940000000000026
120	3	2	10.271739130434783	100
120	4	2	10.000000000000004	145
120	5	2	9.78	189.93
120	6	2	54.97999999999999	9.810000000000004
120	7	2	55.02000000000001	55.22999999999999
120	8	2	54.95	99.83999999999995
120	9	2	54.87999999999998	144.88
120	10	2	55.00000000000001	190.10999999999996
120	11	2	100.26	9.899999999999997
120	12	2	100.09	54.980000000000004
120	13	2	100.12	100.12000000000003
120	14	2	100.12	145.11999999999992
120	15	2	99.93	190.07999999999996
120	16	2	145.14141414141412	10.383838383838384
120	17	2	144.97999999999993	54.95000000000002
120	18	2	145.0900000000001	100.42000000000002
120	19	2	145.1599999999999	144.95
120	20	2	145.27083333333331	190.27083333333331
120	21	2	190.14	9.740000000000002
120	22	2	190.1199999999999	54.88
120	23	2	190.19148936170217	100.09574468085106
120	24	2	189.72916666666669	144.97916666666666
120	25	2	190.21999999999994	190.27999999999994
120	26	1	7.989999999999998	72.76499999999994
120	27	1	153.8606965174128	18.73631840796021
120	28	1	176.40999999999988	86.74000000000002
120	29	1	164.00497512437812	88.52238805970153
120	30	1	68.71500000000002	55.65999999999999
120	31	1	100.00999999999996	73.43499999999999
120	32	1	193.255	154.51999999999992
120	33	1	156.06	0.925
120	34	1	132.08499999999995	184.42499999999993
120	35	1	126.06499999999993	118.67500000000003
120	36	1	121.03517587939702	71.24623115577891
120	37	1	37.91499999999997	134.89500000000007
120	38	1	153.15920398009948	30.76119402985075
120	39	1	1.415000000000001	37.365
120	40	1	155.14999999999998	154.23000000000008
120	41	1	67.99000000000002	18.629999999999995
120	42	1	41.93467336683415	70.14572864321607
120	43	1	183.27500000000006	127.815
120	44	1	93.86999999999998	136.34500000000003
120	45	1	85.66500000000002	80.86500000000004
120	46	1	133.685	89.75499999999995
120	47	1	172.16915422885572	70.94029850746271
120	48	1	50.12499999999999	36.390000000000015
120	49	1	119.20603015075379	84.36683417085426
120	50	1	169.845	100.845
120	51	1	122.72864321608039	23.41708542713568
120	52	1	110.46500000000003	117.55000000000001
120	53	1	167.0649999999999	42.91000000000004
120	54	1	22.255000000000003	153.02
120	55	1	119.50999999999995	130.295
120	56	1	31.160000000000018	143.14999999999998
120	57	1	132.2299999999999	170.0500000000001
120	58	1	23.26499999999999	165.5349999999999
120	59	1	37.44500000000001	156.56000000000012
120	60	1	8.264999999999993	29.49000000000001
120	61	1	128.24000000000004	58.44499999999997
120	62	1	119.85000000000004	105.61499999999995
120	63	1	68.52500000000005	101.94999999999999
120	64	1	113.82999999999994	137.87999999999997
120	65	1	0.5999999999999995	99.43499999999997
120	66	1	20.570707070707066	40.969696969696955
120	67	1	81.785	180.95
120	68	1	92.97999999999999	23.670000000000005
120	69	1	2.8600000000000008	84.80000000000003
120	70	1	153.0653266331659	83.38190954773866
120	71	1	69.60500000000002	5.6149999999999975
120	72	1	136.1859296482412	196.60804020100497
120	73	1	133.9999999999999	132.33333333333331
120	74	1	63.66500000000002	30.964999999999996
120	75	1	109.30999999999999	170.78999999999985
130	1	2	10.32	9.919999999999991
130	2	2	9.91	54.940000000000026
130	3	2	10.271739130434783	100
130	4	2	10.000000000000004	145
130	5	2	9.78	189.93
130	6	2	54.97999999999999	9.810000000000004
130	7	2	55.02000000000001	55.22999999999999
130	8	2	54.95	99.83999999999995
130	9	2	54.87999999999998	144.88
130	10	2	55.00000000000001	190.10999999999996
130	11	2	100.26	9.899999999999997
130	12	2	100.09	54.980000000000004
130	13	2	100.12	100.12000000000003
130	14	2	100.12	145.11999999999992
130	15	2	99.93	190.07999999999996
130	16	2	145.14141414141412	10.383838383838384
130	17	2	144.97999999999993	54.95000000000002
130	18	2	145.0900000000001	100.42000000000002
130	19	2	145.1599999999999	144.95
130	20	2	145.27083333333331	190.27083333333331
130	21	2	190.14	9.740000000000002
130	22	2	190.1199999999999	54.88
130	23	2	190.19148936170217	100.09574468085106
130	24	2	189.72916666666669	144.97916666666666
130	25	2	190.21999999999994	190.27999999999994
130	26	1	6.969999999999999	72.02000000000008
130	27	1	154.65500000000006	18.035000000000007
130	28	1	176.92999999999998	85.44999999999997
130	29	1	165.13500000000002	89.27999999999999
130	30	1	69.04020100502512	55.54773869346735
130	31	1	100.11	73.68500000000002
130	32	1	191.775	155.13500000000008
130	33	1	155.54726368159197	0.15422885572139236
130	34	1	132.43000000000004	183.94000000000008
130	35	1	125.88	119.39500000000004
130	36	1	120.75000000000004	72.41499999999998
130	37	1	38.184999999999995	135.74999999999991
130	38	1	152.08	30.43
130	39	1	2.014925373134328	38.363184079601986
130	40	1	154.363184079602	153.85074626865662
130	41	1	68.2139303482587	18.85572139303481
130	42	1	42.220000000000006	69.85999999999999
130	43	1	182.2587064676616	127.5223880597015
130	44	1	94.41206030150752	135.87437185929662
130	45	1	86.20500000000001	80.2
130	46	1	134.21500000000003	89.64500000000007
130	47	1	171.53731343283593	69.6965174129353
130	48	1	49.95477386934672	37.150753768844226
130	49	1	119.12562814070357	84.49246231155784
130	50	1	170.4799999999999	101.41000000000005
130	51	1	123.83999999999997	21.57
130	52	1	110.55499999999999	117.51499999999999
130	53	1	166.32499999999993	43.38000000000002
130	54	1	21.522388059701488	153.9353233830847
130	55	1	119.47	130.61499999999998
130	56	1	31.020000000000007	144.01500000000001
130	57	1	131.22000000000003	170.8350000000001
130	58	1	25.259999999999994	165.29000000000002
130	59	1	39.16915422885572	155.44776119402977
130	60	1	9.534999999999998	29.73499999999999
130	61	1	127.49000000000002	59.964999999999975
130	62	1	119.97999999999996	105.65000000000006
130	63	1	69.497512437811	101.23880597014922
130	64	1	114.55000000000003	138.11000000000004
130	65	1	0.6550000000000004	99.53499999999998
130	66	1	20.055	41.330000000000005
130	67	1	82.15000000000005	182.61000000000007
130	68	1	92.47999999999993	23.249999999999996
130	69	1	3.0549999999999997	84.63499999999999
130	70	1	154.58	82.33999999999995
130	71	1	70.05499999999996	5.840000000000003
130	72	1	135.78	197.04000000000005
130	73	1	134.8743718592965	131.92462311557793
130	74	1	63.16582914572866	31.54773869346734
130	75	1	109.40000000000002	170.49500000000003
140	1	2	10.32	9.919999999999991
140	2	2	9.91	54.940000000000026
140	3	2	10.271739130434783	100
140	4	2	10.000000000000004	145
140	5	2	9.78	189.93
140	6	2	54.97999999999999	9.810000000000004
140	7	2	55.02000000000001	55.22999999999999
140	8	2	54.95	99.83999999999995
140	9	2	54.87999999999998	144.88
140	10	2	55.00000000000001	190.10999999999996
140	11	2	100.26	9.899999999999997
140	12	2	100.09	54.980000000000004
140	13	2	100.12	100.12000000000003
140	14	2	100.12	145.11999999999992
140	15	2	99.93	190.07999999999996
140	16	2	145.14141414141412	10.383838383838384
140	17	2	144.97999999999993	54.95000000000002
140	18	2	145.0900000000001	100.42000000000002
140	19	2	145.1599999999999	144.95
140	20	2	145.27083333333331	190.27083333333331
140	21	2	190.14	9.740000000000002
140	22	2	190.1199999999999	54.88
140	23	2	190.19148936170217	100.09574468085106
140	24	2	189.72916666666669	144.97916666666666
140	25	2	190.21999999999994	190.27999999999994
140	26	1	5.646766169154228	71.09452736318401
140	27	1	155.73500000000004	17.37
140	28	1	177.495	84.86500000000002
140	29	1	165.82000000000005	89.91999999999994
140	30	1	69.35499999999996	56.015
140	31	1	100.20603015075375	73.85929648241206
140	32	1	190.65	155.34000000000006
140	33	1	155.30348258706468	199.40298507462686
140	34	1	132.6331658291458	183.64824120603015
140	35	1	125.90499999999993	120.13499999999999
140	36	1	121.08000000000001	73.39499999999998
140	37	1	39.1940298507463	136.9701492537312
140	38	1	150.925	30.010000000000012
140	39	1	1.8299999999999994	39.43000000000003
140	40	1	153.81094527363183	153.40796019900495
140	41	1	68.41293532338312	18.91044776119402
140	42	1	43.124378109452735	70.24378109452738
140	43	1	180.83000000000015	126.95499999999996
140	44	1	94.85572139303476	135.6467661691542
140	45	1	86.27	80.095
140	46	1	134.69	89.43499999999996
140	47	1	171.48756218905464	68.41293532338308
140	48	1	49.61306532663315	38.02010050251258
140	49	1	119.18090452261305	84.23618090452254
140	50	1	171.4049999999999	101.85999999999999
140	51	1	124.25499999999998	20.095
140	52	1	110.78606965174133	117.46766169154225
140	53	1	166.24120603015072	43.07035175879398
140	54	1	20.839999999999986	155.22000000000008
140	55	1	119.49500000000002	130.84999999999997
140	56	1	30.950000000000003	144.37999999999997
140	57	1	130.09950248756215	172.18407960199002
140	58	1	26.77499999999999	164.94
140	59	1	40.781094527363216	154.45771144278606
140	60	1	10.661691542288562	29.945273631840806
140	61	1	126.1990049751244	60.6915422885572
140	62	1	119.83999999999997	105.72499999999998
140	63	1	70.555	100.03499999999995
140	64	1	115.25499999999998	138.40000000000003
140	65	1	0.7399999999999994	99.39000000000004
140	66	1	18.319999999999986	41.644999999999996
140	67	1	82.70500000000004	183.96000000000004
140	68	1	91.87999999999995	22.779999999999998
140	69	1	2.7989949748743723	84.28140703517592
140	70	1	155.63999999999996	82.10000000000002
140	71	1	70.54999999999998	6.020000000000001
140	72	1	135.49499999999998	197.08
140	73	1	135.60000000000002	131.6449999999999
140	74	1	62.67839195979901	32.26633165829146
140	75	1	109.29499999999999	170.14000000000001
150	1	2	10.32	9.919999999999991
150	2	2	9.91	54.940000000000026
150	3	2	10.271739130434783	100
150	4	2	10.000000000000004	145
150	5	2	9.78	189.93
150	6	2	54.97999999999999	9.810000000000004
150	7	2	55.02000000000001	55.22999999999999
150	8	2	54.95	99.83999999999995
150	9	2	54.87999999999998	144.88
150	10	2	55.00000000000001	190.10999999999996
150	11	2	100.26	9.899999999999997
150	12	2	100.09	54.980000000000004
150	13	2	100.12	100.12000000000003
150	14	2	100.12	145.11999999999992
150	15	2	99.93	190.07999999999996
150	16	2	145.14141414141412	10.383838383838384
150	17	2	144.97999999999993	54.95000000000002
150	18	2	145.0900000000001	100.42000000000002
150	19	2	145.1599999999999	144.95
150	20	2	145.27083333333331	190.27083333333331
150	21	2	190.14	9.740000000000002
150	22	2	190.1199999999999	54.88
150	23	2	190.19148936170217	100.09574468085106
150	24	2	189.72916666666669	144.97916666666666
150	25	2	190.21999999999994	190.27999999999994
150	26	1	4.990000000000002	70.90999999999995
150	27	1	156.41500000000002	17.055
150	28	1	177.72000000000003	83.975
150	29	1	165.99999999999991	90.69499999999998
150	30	1	69.36180904522607	56.08542713567837
150	31	1	100.81500000000007	74.575
150	32	1	190.11	155.50999999999993
150	33	1	154.98	198.885
150	34	1	133.07462686567166	183.0199004975125
150	35	1	125.85499999999999	121.215
150	36	1	120.785	73.81
150	37	1	39.35999999999999	138.14000000000001
150	38	1	150.27363184079607	29.63184079601989
150	39	1	1.2650000000000001	40.239999999999995
150	40	1	152.75500000000005	153.20999999999987
150	41	1	69.18999999999998	19.090000000000014
150	42	1	44.85000000000001	69.65000000000002
150	43	1	180.02499999999998	125.83999999999996
150	44	1	95.38000000000004	135.43
150	45	1	86.91500000000003	79.40999999999998
150	46	1	134.98492462311555	89.05025125628138
150	47	1	171.73999999999995	67.00499999999997
150	48	1	49.42786069651742	39.497512437810926
150	49	1	119.76500000000003	84.47000000000001
150	50	1	171.78000000000011	102.19499999999998
150	51	1	125.32499999999999	18.45
150	52	1	111.40499999999997	117.40999999999998
150	53	1	165.98999999999992	43.12499999999997
150	54	1	20.060000000000016	156.19000000000005
150	55	1	119.49999999999999	130.88999999999996
150	56	1	30.85572139303482	144.68159203980085
150	57	1	128.83582089552235	173.9104477611941
150	58	1	28.31500000000001	164.15499999999994
150	59	1	41.830845771144276	154.78606965174123
150	60	1	12.110552763819102	30.39195979899496
150	61	1	125.4328358208955	62.00995024875625
150	62	1	119.77611940298513	105.36318407960192
150	63	1	72.10050251256278	98.35175879396989
150	64	1	115.84000000000005	138.61499999999998
150	65	1	0.9648241206030158	99.20603015075376
150	66	1	16.562189054726364	42.05970149253729
150	67	1	82.19500000000001	185.345
150	68	1	90.93467336683419	21.376884422110557
150	69	1	2.786069651741296	84.15422885572141
150	70	1	156.72139303482584	81.54228855721391
150	71	1	70.97014925373136	6.577114427860696
150	72	1	134.17500000000004	196.9449999999999
150	73	1	136.3668341708543	131.93969849246238
150	74	1	61.253731343283576	32.70646766169154
150	75	1	109.97000000000004	169.51999999999995
160	1	2	10.32	9.919999999999991
160	2	2	9.91	54.940000000000026
160	3	2	10.271739130434783	100
160	4	2	10.000000000000004	145
160	5	2	9.78	189.93
160	6	2	54.97999999999999	9.810000000000004
160	7	2	55.02000000000001	55.22999999999999
160	8	2	54.95	99.83999999999995
160	9	2	54.87999999999998	144.88
160	10	2	55.00000000000001	190.10999999999996
160	11	2	100.26	9.899999999999997
160	12	2	100.09	54.980000000000004
160	13	2	100.12	100.12000000000003
160	14	2	100.12	145.11999999999992
160	15	2	99.93	190.07999999999996
160	16	2	145.14141414141412	10.383838383838384
160	17	2	144.97999999999993	54.95000000000002
160	18	2	145.0900000000001	100.42000000000002
160	19	2	145.1599999999999	144.95
160	20	2	145.27083333333331	190.27083333333331
160	21	2	190.14	9.740000000000002
160	22	2	190.1199999999999	54.88
160	23	2	190.19148936170217	100.09574468085106
160	24	2	189.72916666666669	144.97916666666666
160	25	2	190.21999999999994	190.27999999999994
160	26	1	4.419999999999999	70.25000000000006
160	27	1	157.09999999999997	16.419999999999998
160	28	1	177.92039800995025	82.56218905472636
160	29	1	166.47499999999997	90.85499999999998
160	30	1	69.27499999999993	56.019999999999996
160	31	1	102.21499999999999	75.68999999999997
160	32	1	189.00497512437812	155.54726368159203
160	33	1	154.48258706467664	198.70149253731344
160	34	1	133.67999999999995	182.32500000000005
160	35	1	126.02499999999996	121.99500000000005
160	36	1	120.86432160804024	73.7085427135678
160	37	1	39.985074626865696	139.42786069651743
160	38	1	149.89999999999998	28.605
160	39	1	0.40298507462686556	40.800995024875625
160	40	1	152.15000000000003	153.00000000000006
160	41	1	68.985	19.719999999999995
160	42	1	46.74000000000002	69.34000000000006
160	43	1	179.06467661691548	125.04975124378113
160	44	1	96.04499999999999	135.04
160	45	1	87.78391959798996	78.41708542713567
160	46	1	135.42999999999995	88.895
160	47	1	171.89552238805973	65.55223880597013
160	48	1	49.32160804020103	40.98492462311558
160	49	1	120.26000000000006	84.67499999999998
160	50	1	171.9601990049752	102.2089552238806
160	51	1	126.28358208955225	16.90547263681592
160	52	1	111.71500000000003	117.30500000000002
160	53	1	165.75000000000006	42.88999999999996
160	54	1	19.925000000000008	158.31499999999997
160	55	1	119.64999999999998	130.85
160	56	1	30.484999999999996	144.265
160	57	1	127.835	175.42000000000004
160	58	1	30.17085427135678	162.63316582914572
160	59	1	43.160000000000004	155.12
160	60	1	13.761194029850744	31.034825870646763
160	61	1	124.27135678391961	62.88442211055278
160	62	1	119.39999999999995	105.20999999999998
160	63	1	73.06500000000001	97.76499999999999
160	64	1	116.50251256281405	138.68844221105533
160	65	1	1.0201005025125631	99.24623115577891
160	66	1	14.795000000000003	42.160000000000004
160	67	1	81.88499999999995	186.75499999999988
160	68	1	90.02	20.654999999999994
160	69	1	2.6069651741293525	83.93034825870647
160	70	1	157.67	81.14999999999998
160	71	1	71.73	6.885
160	72	1	132.82412060301513	196.60301507537676
160	73	1	137.65174129353233	131.43781094527355
160	74	1	60.744999999999976	32.990000000000016
160	75	1	111.27999999999999	168.11500000000004
170	1	2	10.32	9.919999999999991
170	2	2	9.91	54.940000000000026
170	3	2	10.271739130434783	100
170	4	2	10.000000000000004	145
170	5	2	9.78	189.93
170	6	2	54.97999999999999	9.810000000000004
170	7	2	55.02000000000001	55.22999999999999
170	8	2	54.95	99.83999999999995
170	9	2	54.87999999999998	144.88
170	10	2	55.00000000000001	190.10999999999996
170	11	2	100.26	9.899999999999997
170	12	2	100.09	54.980000000000004
170	13	2	100.12	100.12000000000003
170	14	2	100.12	145.11999999999992
170	15	2	99.93	190.07999999999996
170	16	2	145.14141414141412	10.383838383838384
170	17	2	144.97999999999993	54.95000000000002
170	18	2	145.0900000000001	100.42000000000002
170	19	2	145.1599999999999	144.95
170	20	2	145.27083333333331	190.27083333333331
170	21	2	190.14	9.740000000000002
170	22	2	190.1199999999999	54.88
170	23	2	190.19148936170217	100.09574468085106
170	24	2	189.72916666666669	144.97916666666666
170	25	2	190.21999999999994	190.27999999999994
170	26	1	3.2600000000000033	69.57
170	27	1	157.565	15.350000000000012
170	28	1	177.485	81.22
170	29	1	166.84	91.50999999999998
170	30	1	69.30000000000004	56.00999999999999
170	31	1	103.64500000000002	76.45500000000001
170	32	1	187.5422885572139	155.16417910447754
170	33	1	154.14499999999992	198.53
170	34	1	134.16500000000002	181.95
170	35	1	126.43499999999999	122.50500000000001
170	36	1	121.98999999999998	74.16
170	37	1	40.00999999999999	139.98000000000005
170	38	1	149.63000000000005	27.6
170	39	1	199.10945273631842	41.1641791044776
170	40	1	151.61499999999987	152.57999999999996
170	41	1	68.67164179104476	20.751243781094534
170	42	1	48.746268656716445	69.5124378109453
170	43	1	178.0351758793971	124.02010050251255
170	44	1	96.67	134.54000000000002
170	45	1	88.39500000000001	78.00000000000001
170	46	1	135.655	88.67999999999996
170	47	1	172.21	64.18500000000003
170	48	1	49.184999999999974	42.824999999999996
170	49	1	120.59999999999997	84.89999999999998
170	50	1	172.135	102.11500000000007
170	51	1	126.43781094527365	15.46268656716418
170	52	1	112.705	117.07000000000001
170	53	1	165.64499999999992	42.20499999999998
170	54	1	19.920000000000005	160.08500000000006
170	55	1	119.77386934673366	130.9497487437186
170	56	1	29.666666666666657	144.28855721393032
170	57	1	126.515	177.14000000000004
170	58	1	31.61000000000001	160.83000000000007
170	59	1	44.11055276381911	155.58793969849248
170	60	1	14.755000000000006	31.720000000000006
170	61	1	123.23880597014926	63.42786069651741
170	62	1	118.84999999999997	104.70500000000001
170	63	1	74.42000000000002	97.1
170	64	1	116.73999999999998	138.68000000000006
170	65	1	1.095000000000001	98.88000000000002
170	66	1	13.691542288557214	42.1542288557214
170	67	1	80.77499999999995	188.46000000000006
170	68	1	88.27999999999999	20.080000000000013
170	69	1	2.335000000000003	83.49499999999998
170	70	1	159.25373134328353	81.12935323383077
170	71	1	72.6834170854272	7.376884422110554
170	72	1	130.77500000000003	195.87999999999994
170	73	1	138.80402010050244	130.69849246231158
170	74	1	59.58208955223882	33.86567164179102
170	75	1	112.45999999999998	166.84499999999994
180	1	2	10.32	9.919999999999991
180	2	2	9.91	54.940000000000026
180	3	2	10.271739130434783	100
180	4	2	10.000000000000004	145
180	5	2	9.78	189.93
180	6	2	54.97999999999999	9.810000000000004
180	7	2	55.02000000000001	55.22999999999999
180	8	2	54.95	99.83999999999995
180	9	2	54.87999999999998	144.88
180	10	2	55.00000000000001	190.10999999999996
180	11	2	100.26	9.899999999999997
180	12	2	100.09	54.980000000000004
180	13	2	100.12	100.12000000000003
180	14	2	100.12	145.11999999999992
180	15	2	99.93	190.07999999999996
180	16	2	145.14141414141412	10.383838383838384
180	17	2	144.97999999999993	54.95000000000002
180	18	2	145.0900000000001	100.42000000000002
180	19	2	145.1599999999999	144.95
180	20	2	145.27083333333331	190.27083333333331
180	21	2	190.14	9.740000000000002
180	22	2	190.1199999999999	54.88
180	23	2	190.19148936170217	100.09574468085106
180	24	2	189.72916666666669	144.97916666666666
180	25	2	190.21999999999994	190.27999999999994
180	26	1	2.286432160804021	68.79899497487439
180	27	1	158.41499999999996	14.104999999999995
180	28	1	176.57213930348271	79.88059701492536
180	29	1	166.70499999999993	92.11499999999998
180	30	1	68.89447236180902	56.125628140703505
180	31	1	104.82499999999999	77.28000000000002
180	32	1	186.2449999999999	154.57500000000002
180	33	1	153.05499999999998	198.815
180	34	1	134.53500000000003	181.58999999999995
180	35	1	126.61691542288557	123.19900497512445
180	36	1	122.23499999999994	74.18999999999996
180	37	1	39.95999999999999	140.80500000000015
180	38	1	149.26499999999993	26.190000000000012
180	39	1	197.89	41.48000000000002
180	40	1	151.3819095477387	152.286432160804
180	41	1	67.92999999999996	22.019999999999996
180	42	1	51.194029850746276	69.84079601990054
180	43	1	177.04499999999993	122.67999999999999
180	44	1	97.11500000000001	134.15999999999997
180	45	1	89.44	77.54000000000003
180	46	1	135.26130653266327	88.75376884422104
180	47	1	172.00502512562815	62.17587939698493
180	48	1	49.175000000000004	44.275
180	49	1	121.04477611940295	85.31343283582095
180	50	1	172.4079601990051	101.68159203980099
180	51	1	126.49500000000003	14.035000000000009
180	52	1	113.50000000000003	116.18000000000006
180	53	1	165.29999999999995	41.98500000000001
180	54	1	20.405940594059395	162.2574257425743
180	55	1	119.65829145728648	130.90452261306535
180	56	1	28.8391959798995	144.76381909547752
180	57	1	125.60696517412934	178.06467661691542
180	58	1	33.11	159.84
180	59	1	44.930348258706466	156.15422885572139
180	60	1	15.284999999999998	32.135000000000005
180	61	1	122.35000000000001	63.739999999999995
180	62	1	118.79499999999999	104.15500000000006
180	63	1	75.11500000000004	96.64000000000001
180	64	1	116.98000000000006	138.80000000000004
180	65	1	1.089999999999998	98.61999999999998
180	66	1	12.422110552763817	42.16080402010052
180	67	1	80.62499999999999	190.08000000000007
180	68	1	87.44221105527642	19.567839195979886
180	69	1	1.7249999999999999	83.12500000000001
180	70	1	160.46499999999995	80.75500000000004
180	71	1	73.60804020100501	8.025125628140703
180	72	1	129.30845771144283	195.3930348258707
180	73	1	139.785	129.90999999999983
180	74	1	57.68000000000001	34.954999999999984
180	75	1	113.88557213930346	166.06467661691542
190	1	2	10.32	9.919999999999991
190	2	2	9.91	54.940000000000026
190	3	2	10.271739130434783	100
190	4	2	10.000000000000004	145
190	5	2	9.78	189.93
190	6	2	54.97999999999999	9.810000000000004
190	7	2	55.02000000000001	55.22999999999999
190	8	2	54.95	99.83999999999995
190	9	2	54.87999999999998	144.88
190	10	2	55.00000000000001	190.10999999999996
190	11	2	100.26	9.899999999999997
190	12	2	100.09	54.980000000000004
190	13	2	100.12	100.12000000000003
190	14	2	100.12	145.11999999999992
190	15	2	99.93	190.07999999999996
190	16	2	145.14141414141412	10.383838383838384
190	17	2	144.97999999999993	54.95000000000002
190	18	2	145.0900000000001	100.42000000000002
190	19	2	145.1599999999999	144.95
190	20	2	145.27083333333331	190.27083333333331
190	21	2	190.14	9.740000000000002
190	22	2	190.1199999999999	54.88
190	23	2	190.19148936170217	100.09574468085106
190	24	2	189.72916666666669	144.97916666666666
190	25	2	190.21999999999994	190.27999999999994
190	26	1	1.2450000000000003	67.50999999999999
190	27	1	158.57000000000002	13.294999999999998
190	28	1	176.315	79.12999999999995
190	29	1	166.95	92.36500000000005
190	30	1	68.56000000000003	56.25
190	31	1	106.01500000000004	78.49000000000002
190	32	1	184.8855721393037	154.50248756218906
190	33	1	152.5549999999999	198.845
190	34	1	134.5276381909548	181.00502512562812
190	35	1	126.72361809045228	123.57286432160801
190	36	1	122.53999999999998	74.17499999999997
190	37	1	39.319999999999986	141.71499999999992
190	38	1	148.46999999999997	25.06
190	39	1	196.755	41.800000000000004
190	40	1	151.46999999999983	152.06000000000006
190	41	1	66.89	22.959999999999987
190	42	1	52.55223880597013	70.28358208955221
190	43	1	176.28499999999985	121.46500000000002
190	44	1	97.66	133.55500000000006
190	45	1	90.53500000000003	77.10000000000004
190	46	1	134.775	88.92999999999998
190	47	1	171.70149253731347	60.21890547263682
190	48	1	48.87499999999998	45.290000000000006
190	49	1	121.24875621890546	85.54726368159204
190	50	1	172.8308457711443	100.99502487562195
190	51	1	126.36000000000004	13.314999999999996
190	52	1	113.75499999999997	115.97000000000003
190	53	1	165.0199004975124	41.50248756218907
190	54	1	21.329999999999984	163.69499999999996
190	55	1	120.11500000000002	131.13500000000002
190	56	1	27.889447236180896	145.37688442211058
190	57	1	124.59798994974875	178.71859296482398
190	58	1	34.145	159.19999999999993
190	59	1	46.01	157.12999999999994
190	60	1	15.959798994974877	32.9497487437186
190	61	1	121.09499999999993	63.83000000000001
190	62	1	118.77500000000002	103.4149999999999
190	63	1	75.81	96.33999999999996
190	64	1	116.98999999999997	138.73499999999999
190	65	1	1.1199999999999999	98.41000000000003
190	66	1	10.899999999999999	41.47
190	67	1	79.49253731343285	192.43781094527375
190	68	1	86.67164179104472	19.93034825870647
190	69	1	1.1641791044776109	82.34825870646765
190	70	1	162.13930348258702	80.25870646766172
190	71	1	74.94999999999996	8.670000000000007
190	72	1	127.70149253731343	194.4776119402985
190	73	1	140.855	128.14499999999984
190	74	1	56.59203980099502	35.293532338308445
190	75	1	115.08000000000003	165.3999999999999
200	1	2	10.32	9.919999999999991
200	2	2	9.91	54.940000000000026
200	3	2	10.271739130434783	100
200	4	2	10.000000000000004	145
200	5	2	9.78	189.93
200	6	2	54.97999999999999	9.810000000000004
200	7	2	55.02000000000001	55.22999999999999
200	8	2	54.95	99.83999999999995
200	9	2	54.87999999999998	144.88
200	10	2	55.00000000000001	190.10999999999996
200	11	2	100.26	9.899999999999997
200	12	2	100.09	54.980000000000004
200	13	2	100.12	100.12000000000003
200	14	2	100.12	145.11999999999992
200	15	2	99.93	190.07999999999996
200	16	2	145.14141414141412	10.383838383838384
200	17	2	144.97999999999993	54.95000000000002
200	18	2	145.0900000000001	100.42000000000002
200	19	2	145.1599999999999	144.95
200	20	2	145.27083333333331	190.27083333333331
200	21	2	190.14	9.740000000000002
200	22	2	190.1199999999999	54.88
200	23	2	190.19148936170217	100.09574468085106
200	24	2	189.72916666666669	144.97916666666666
200	25	2	190.21999999999994	190.27999999999994
200	26	1	0.3850000000000001	66.32999999999996
200	27	1	159.11000000000004	12.190000000000005
200	28	1	176.05499999999992	78.28999999999995
200	29	1	166.7939698492463	93.13065326633159
200	30	1	67.91959798994975	56.407035175879415
200	31	1	106.88999999999999	79.85999999999994
200	32	1	184.00500000000014	154.47499999999994
200	33	1	152.15500000000006	198.85
200	34	1	134.61999999999998	180.9700000000002
200	35	1	127.08955223880598	124.16417910447758
200	36	1	122.47999999999996	74.26499999999994
200	37	1	38.517587939698515	142.462311557789
200	38	1	148.21999999999986	23.74000000000001
200	39	1	195.86934673366835	41.43718592964824
200	40	1	151.64321608040206	151.69849246231163
200	41	1	66.32500000000002	24.19
200	42	1	54.06000000000002	70.73000000000003
200	43	1	175.83582089552243	119.82587064676618
200	44	1	98.44	132.55499999999995
200	45	1	92.13999999999994	76.55
200	46	1	134.76999999999995	89.00000000000007
200	47	1	171.7860696517413	58.80099502487562
200	48	1	49.06	46.324999999999996
200	49	1	121.65499999999994	85.82000000000002
200	50	1	173.17499999999995	100.21000000000004
200	51	1	126.11557788944724	12.09547738693468
200	52	1	114.18407960199002	115.39303482587067
200	53	1	164.678391959799	41.15577889447233
200	54	1	22.233830845771166	164.38308457711452
200	55	1	120.27499999999999	131.08999999999997
200	56	1	26.820895522388064	146.01492537313436
200	57	1	123.80500000000004	179.33500000000004
200	58	1	34.51243781094527	159.13930348258714
200	59	1	46.855000000000025	157.77499999999998
200	60	1	16.70999999999998	33.380000000000024
200	61	1	120.00995024875625	63.97512437810942
200	62	1	118.03482587064673	102.58208955223878
200	63	1	76.33999999999999	95.97
200	64	1	116.72500000000002	138.62999999999997
200	65	1	0.8994974874371862	98.37688442211056
200	66	1	9.079999999999998	41.04499999999997
200	67	1	78.92537313432837	193.79104477611938
200	68	1	85.56500000000007	20.429999999999993
200	69	1	0.746268656716419	81.363184079602
200	70	1	163.14999999999992	80.05000000000001
200	71	1	75.90099009900993	10.01980198019802
200	72	1	126.28000000000004	193.68
200	73	1	141.64676616915423	126.28855721393042
200	74	1	55.61999999999999	35.48500000000001
200	75	1	115.89552238805972	165.25373134328365
210	1	2	10.32	9.919999999999991
210	2	2	9.91	54.940000000000026
210	3	2	10.271739130434783	100
210	4	2	10.000000000000004	145
210	5	2	9.78	189.93
210	6	2	54.97999999999999	9.810000000000004
210	7	2	55.02000000000001	55.22999999999999
210	8	2	54.95	99.83999999999995
210	9	2	54.87999999999998	144.88
210	10	2	55.00000000000001	190.10999999999996
210	11	2	100.26	9.899999999999997
210	12	2	100.09	54.980000000000004
210	13	2	100.12	100.12000000000003
210	14	2	100.12	145.11999999999992
210	15	2	99.93	190.07999999999996
210	16	2	145.14141414141412	10.383838383838384
210	17	2	144.97999999999993	54.95000000000002
210	18	2	145.0900000000001	100.42000000000002
210	19	2	145.1599999999999	144.95
210	20	2	145.27083333333331	190.27083333333331
210	21	2	190.14	9.740000000000002
210	22	2	190.1199999999999	54.88
210	23	2	190.19148936170217	100.09574468085106
210	24	2	189.72916666666669	144.97916666666666
210	25	2	190.21999999999994	190.27999999999994
210	26	1	199.84924623115577	66.13567839195976
210	27	1	159.44999999999993	11.490000000000004
210	28	1	175.92000000000004	76.17999999999998
210	29	1	166.87000000000003	93.77999999999996
210	30	1	67.62	56.719999999999985
210	31	1	107.57213930348257	81.60696517412933
210	32	1	182.9402985074626	154.29353233830852
210	33	1	151.86999999999992	198.77
210	34	1	134.63000000000002	180.83999999999995
210	35	1	127.59798994974875	124.64321608040203
210	36	1	122.45000000000003	74.31
210	37	1	37.79000000000003	143.54500000000002
210	38	1	147.88999999999996	22.759999999999987
210	39	1	194.85	40.57
210	40	1	151.94500000000005	151.45000000000002
210	41	1	65.84422110552765	26.055276381909536
210	42	1	54.57499999999999	71.15000000000002
210	43	1	175.7	118.80499999999998
210	44	1	98.89552238805973	131.47761194029843
210	45	1	93.33500000000002	76.14499999999998
210	46	1	134.86499999999998	89.01
210	47	1	171.53000000000006	57.555
210	48	1	48.90954773869345	46.55778894472364
210	49	1	121.77500000000002	86.365
210	50	1	173.37999999999994	99.33499999999998
210	51	1	125.66666666666667	10.69651741293532
210	52	1	114.49500000000003	114.99499999999998
210	53	1	164.5650000000001	40.70999999999998
210	54	1	23.84000000000001	165.15
210	55	1	120.47999999999999	130.95000000000007
210	56	1	25.59203980099502	146.71144278606977
210	57	1	123.13432835820898	179.53731343283573
210	58	1	34.92999999999996	159.305
210	59	1	47.94999999999998	158.73000000000002
210	60	1	16.990049751243788	34.53731343283583
210	61	1	118.9045226130653	63.984924623115546
210	62	1	117.70500000000003	101.81
210	63	1	76.85929648241208	95.87437185929647
210	64	1	116.33500000000001	138.40999999999997
210	65	1	0.8492462311557786	98.25125628140707
210	66	1	7.333333333333336	40.582089552238784
210	67	1	77.54228855721391	195.1990049751244
210	68	1	85.14500000000004	21.720000000000006
210	69	1	0.24999999999999983	80.635
210	70	1	164.04000000000002	79.71500000000006
210	71	1	77.2189054726368	11.253731343283578
210	72	1	125.7661691542289	193.1492537313432
210	73	1	142.35999999999999	125.37500000000004
210	74	1	53.43999999999998	35.489999999999974
210	75	1	116.98492462311559	165.27135678391957
220	1	2	10.32	9.919999999999991
220	2	2	9.91	54.940000000000026
220	3	2	10.271739130434783	100
220	4	2	10.000000000000004	145
220	5	2	9.78	189.93
220	6	2	54.97999999999999	9.810000000000004
220	7	2	55.02000000000001	55.22999999999999
220	8	2	54.95	99.83999999999995
220	9	2	54.87999999999998	144.88
220	10	2	55.00000000000001	190.10999999999996
220	11	2	100.26	9.899999999999997
220	12	2	100.09	54.980000000000004
220	13	2	100.12	100.12000000000003
220	14	2	100.12	145.11999999999992
220	15	2	99.93	190.07999999999996
220	16	2	145.14141414141412	10.383838383838384
220	17	2	144.97999999999993	54.95000000000002
220	18	2	145.0900000000001	100.42000000000002
220	19	2	145.1599999999999	144.95
220	20	2	145.27083333333331	190.27083333333331
220	21	2	190.14	9.740000000000002
220	22	2	190.1199999999999	54.88
220	23	2	190.19148936170217	100.09574468085106
220	24	2	189.72916666666669	144.97916666666666
220	25	2	190.21999999999994	190.27999999999994
220	26	1	199.6	65.71500000000002
220	27	1	159.96499999999997	10.115000000000002
220	28	1	175.66169154228854	74.67164179104476
220	29	1	166.76999999999995	94.50499999999995
220	30	1	66.82914572864318	57.29145728643217
220	31	1	108.10500000000003	82.545
220	32	1	181.47761194029846	154.17412935323378
220	33	1	151.77386934673362	198.89447236180905
220	34	1	134.26130653266324	180.0100502512563
220	35	1	128.51	125.41499999999996
220	36	1	122.775	74.295
220	37	1	36.91044776119404	144.62189054726372
220	38	1	147.76884422110547	22.321608040201006
220	39	1	193.89	39.515
220	40	1	152.19000000000008	151.175
220	41	1	65.07000000000002	27.375000000000004
220	42	1	54.830000000000005	72.48999999999995
220	43	1	175.52499999999995	118.02
220	44	1	99.35999999999994	130.34499999999994
220	45	1	95.17500000000003	75.49500000000002
220	46	1	134.53768844221108	89.17587939698494
220	47	1	170.8706467661692	56.31840796019901
220	48	1	48.281407035175874	46.758793969849236
220	49	1	121.77500000000002	86.40499999999994
220	50	1	173.57499999999987	99.015
220	51	1	125.64999999999999	9.615
220	52	1	114.66499999999999	114.52000000000004
220	53	1	164.4149999999999	40.83499999999995
220	54	1	25.800000000000008	165.52499999999984
220	55	1	120.20000000000006	130.665
220	56	1	24.384999999999998	147.27500000000012
220	57	1	121.36500000000004	180.07999999999998
220	58	1	35.81909547738694	159.85427135678387
220	59	1	49.030000000000015	159.97499999999985
220	60	1	17.169999999999995	36.64500000000001
220	61	1	117.415	63.96499999999999
220	62	1	117.12060301507536	100.96984924623115
220	63	1	77.35999999999997	96.47500000000001
220	64	1	116.07462686567162	138.2189054726368
220	65	1	0.9849999999999993	98.03
220	66	1	5.340000000000001	39.76000000000005
220	67	1	76.87064676616916	196.6069651741293
220	68	1	84.69849246231155	22.25125628140702
220	69	1	0.3750000000000001	79.89500000000001
220	70	1	165.03500000000005	79.43499999999995
220	71	1	77.36815920398014	12.383084577114426
220	72	1	125.00000000000006	192.0750000000001
220	73	1	142.89500000000004	124.7
220	74	1	51.65	35.34000000000001
220	75	1	118.48	165.38000000000008
230	1	2	10.32	9.919999999999991
230	2	2	9.91	54.940000000000026
230	3	2	10.271739130434783	100
230	4	2	10.000000000000004	145
230	5	2	9.78	189.93
230	6	2	54.97999999999999	9.810000000000004
230	7	2	55.02000000000001	55.22999999999999
230	8	2	54.95	99.83999999999995
230	9	2	54.87999999999998	144.88
230	10	2	55.00000000000001	190.10999999999996
230	11	2	100.26	9.899999999999997
230	12	2	100.09	54.980000000000004
230	13	2	100.12	100.12000000000003
230	14	2	100.12	145.11999999999992
230	15	2	99.93	190.07999999999996
230	16	2	145.14141414141412	10.383838383838384
230	17	2	144.97999999999993	54.95000000000002
230	18	2	145.0900000000001	100.42000000000002
230	19	2	145.1599999999999	144.95
230	20	2	145.27083333333331	190.27083333333331
230	21	2	190.14	9.740000000000002
230	22	2	190.1199999999999	54.88
230	23	2	190.19148936170217	100.09574468085106
230	24	2	189.72916666666669	144.97916666666666
230	25	2	190.21999999999994	190.27999999999994
230	26	1	199.225	65.41500000000002
230	27	1	160.58999999999995	8.879999999999992
230	28	1	175.7949999999999	73.74499999999996
230	29	1	166.75621890547256	94.79104477611942
230	30	1	66.19500000000001	57.57499999999999
230	31	1	108.695	83.64999999999998
230	32	1	180.8599999999999	154.24000000000007
230	33	1	151.59296482412057	199.12060301507546
230	34	1	133.6582914572864	179.46733668341696
230	35	1	128.67839195979903	125.85929648241206
230	36	1	122.79499999999996	74.21499999999997
230	37	1	35.430000000000035	145.32499999999996
230	38	1	148.33	21.735
230	39	1	193.21393034825874	38.17910447761193
230	40	1	152.41708542713565	151.07035175879395
230	41	1	64.2487562189055	28.592039800995032
230	42	1	54.891089108910876	73.970297029703
230	43	1	175.40499999999997	117.56999999999998
230	44	1	99.91542288557217	129.1691542288558
230	45	1	95.96499999999996	75.57000000000005
230	46	1	134.19095477386935	89.15075376884424
230	47	1	170.07999999999987	55.14
230	48	1	48.12060301507538	47.47236180904523
230	49	1	121.87437185929649	86.57286432160801
230	50	1	173.79500000000004	98.86499999999998
230	51	1	126.52763819095479	8.829145728643216
230	52	1	114.82500000000002	113.51000000000002
230	53	1	164.35175879396985	40.73869346733669
230	54	1	26.92000000000001	166.69500000000002
230	55	1	120.19499999999998	130.58
230	56	1	23.214999999999996	147.68999999999994
230	57	1	119.48000000000005	180.125
230	58	1	36.36500000000001	160.23500000000007
230	59	1	50.029999999999994	161.26999999999998
230	60	1	16.900000000000006	37.78500000000001
230	61	1	116.00995024875623	64.29850746268656
230	62	1	116.03000000000002	99.82500000000003
230	63	1	77.85000000000001	96.56500000000001
230	64	1	116.1758793969849	138.02512562814076
230	65	1	1.1399999999999992	97.59
230	66	1	4.3999999999999995	39.095000000000006
230	67	1	75.655	198.28999999999996
230	68	1	83.83000000000006	23.42
230	69	1	199.51	79.14500000000002
230	70	1	165.73499999999993	79.40500000000002
230	71	1	77.96517412935327	13.4776119402985
230	72	1	124.97014925373135	190.96517412935322
230	73	1	142.89499999999992	123.68499999999999
230	74	1	50.225000000000016	35.18499999999999
230	75	1	120.81407035175884	165.78391959798998
240	1	2	10.32	9.919999999999991
240	2	2	9.91	54.940000000000026
240	3	2	10.271739130434783	100
240	4	2	10.000000000000004	145
240	5	2	9.78	189.93
240	6	2	54.97999999999999	9.810000000000004
240	7	2	55.02000000000001	55.22999999999999
240	8	2	54.95	99.83999999999995
240	9	2	54.87999999999998	144.88
240	10	2	55.00000000000001	190.10999999999996
240	11	2	100.26	9.899999999999997
240	12	2	100.09	54.980000000000004
240	13	2	100.12	100.12000000000003
240	14	2	100.12	145.11999999999992
240	15	2	99.93	190.07999999999996
240	16	2	145.14141414141412	10.383838383838384
240	17	2	144.97999999999993	54.95000000000002
240	18	2	145.0900000000001	100.42000000000002
240	19	2	145.1599999999999	144.95
240	20	2	145.27083333333331	190.27083333333331
240	21	2	190.14	9.740000000000002
240	22	2	190.1199999999999	54.88
240	23	2	190.19148936170217	100.09574468085106
240	24	2	189.72916666666669	144.97916666666666
240	25	2	190.21999999999994	190.27999999999994
240	26	1	199.43	65.20500000000001
240	27	1	161.38500000000002	7.899999999999999
240	28	1	175.88059701492543	72.84079601990048
240	29	1	166.82999999999993	94.89999999999993
240	30	1	65.22999999999999	58.910000000000004
240	31	1	108.78109452736321	84.2537313432836
240	32	1	180.13000000000008	154.05999999999995
240	33	1	151.74000000000004	199.15999999999994
240	34	1	133.1758793969849	179.10552763819106
240	35	1	129.28	126.29500000000002
240	36	1	122.47236180904524	74.16080402010049
240	37	1	34.800995024875625	146.08955223880596
240	38	1	148.65000000000006	21.355000000000008
240	39	1	192.76381909547743	37.05527638190955
240	40	1	152.47000000000006	151.09000000000006
240	41	1	63.050000000000026	29.90499999999999
240	42	1	54.83500000000001	75.13499999999998
240	43	1	174.625	117.24000000000007
240	44	1	100.4228855721393	127.21393034825867
240	45	1	96.93999999999996	75.39000000000001
240	46	1	134.14000000000001	89.01999999999997
240	47	1	169.71500000000012	54.455000000000005
240	48	1	47.66666666666667	48.407960199005
240	49	1	121.76500000000001	86.42500000000003
240	50	1	174.11499999999992	98.255
240	51	1	127.18500000000002	8.325
240	52	1	114.91044776119402	112.92039800995025
240	53	1	163.93500000000003	40.980000000000025
240	54	1	27.79	167.00499999999997
240	55	1	119.87437185929649	130.1658291457286
240	56	1	22.495000000000005	148.075
240	57	1	117.58	180.525
240	58	1	36.711442786069654	160.25373134328373
240	59	1	50.85999999999999	161.95999999999995
240	60	1	16.512437810945276	38.81592039800996
240	61	1	114.61691542288555	64.65671641791043
240	62	1	115.67999999999999	98.83500000000004
240	63	1	78.99500000000002	97.36500000000002
240	64	1	115.655	137.63
240	65	1	1.0950000000000009	97.4750000000001
240	66	1	3.502512562814071	39.241206030150735
240	67	1	74.53999999999998	199.39499999999998
240	68	1	82.91999999999999	24.17499999999999
240	69	1	198.98	78.39499999999997
240	70	1	166.30500000000004	78.93999999999997
240	71	1	78.79104477611936	14.348258706467655
240	72	1	124.97500000000005	190.025
240	73	1	142.77611940298507	122.65671641791052
240	74	1	48.601990049751265	34.67661691542286
240	75	1	122.76616915422882	165.7611940298508
250	1	2	10.32	9.919999999999991
250	2	2	9.91	54.940000000000026
250	3	2	10.271739130434783	100
250	4	2	10.000000000000004	145
250	5	2	9.78	189.93
250	6	2	54.97999999999999	9.810000000000004
250	7	2	55.02000000000001	55.22999999999999
250	8	2	54.95	99.83999999999995
250	9	2	54.87999999999998	144.88
250	10	2	55.00000000000001	190.10999999999996
250	11	2	100.26	9.899999999999997
250	12	2	100.09	54.980000000000004
250	13	2	100.12	100.12000000000003
250	14	2	100.12	145.11999999999992
250	15	2	99.93	190.07999999999996
250	16	2	145.14141414141412	10.383838383838384
250	17	2	144.97999999999993	54.95000000000002
250	18	2	145.0900000000001	100.42000000000002
250	19	2	145.1599999999999	144.95
250	20	2	145.27083333333331	190.27083333333331
250	21	2	190.14	9.740000000000002
250	22	2	190.1199999999999	54.88
250	23	2	190.19148936170217	100.09574468085106
250	24	2	189.72916666666669	144.97916666666666
250	25	2	190.21999999999994	190.27999999999994
250	26	1	199.605	65.21000000000004
250	27	1	161.9303482587065	7.343283582089558
250	28	1	175.78000000000003	71.14500000000007
250	29	1	166.79999999999995	94.885
250	30	1	64.19402985074628	59.70646766169155
250	31	1	108.929648241206	84.58291457286431
250	32	1	179.7939698492462	153.88442211055272
250	33	1	152.04000000000002	199.285
250	34	1	133.0150753768844	178.96984924623118
250	35	1	129.8040201005025	126.47236180904521
250	36	1	122.49751243781098	73.88059701492534
250	37	1	34.10447761194028	146.636815920398
250	38	1	148.85999999999993	21.090000000000007
250	39	1	192.16915422885586	35.99004975124378
250	40	1	152.64500000000004	151.1
250	41	1	62.425	30.880000000000027
250	42	1	55.27638190954773	76.21608040201005
250	43	1	173.01500000000004	116.60999999999996
250	44	1	101.07960199004981	125.24378109452739
250	45	1	97.74499999999999	75.52499999999999
250	46	1	134.02010050251255	89.33165829145729
250	47	1	169.515	53.47000000000002
250	48	1	46.99499999999997	49.38999999999999
250	49	1	121.93500000000004	86.1
250	50	1	174.21608040201005	97.77889447236176
250	51	1	129.00497512437803	7.179104477611942
250	52	1	115.02000000000002	112.39999999999998
250	53	1	163.42000000000002	41.19499999999998
250	54	1	29.059701492537318	167.0497512437811
250	55	1	119.76500000000001	129.9850000000001
250	56	1	22.085000000000004	148.53500000000008
250	57	1	115.42786069651734	181.1840796019901
250	58	1	37.94499999999999	160.4
250	59	1	52.17587939698493	162.59798994974875
250	60	1	15.864999999999998	39.61500000000002
250	61	1	112.24499999999998	64.74
250	62	1	115.50000000000001	97.84500000000011
250	63	1	79.64676616915429	97.92039800995025
250	64	1	115.28140703517585	137.48743718592962
250	65	1	1.34	96.55999999999992
250	66	1	2.606965174129353	38.726368159203986
250	67	1	73.47999999999999	0.07999999999999996
250	68	1	81.8059701492538	24.825870646766166
250	69	1	198.42	78.16999999999999
250	70	1	166.86567164179104	78.48258706467664
250	71	1	79.355	15.055
250	72	1	125.05000000000001	188.63499999999993
250	73	1	142.51243781094536	121.84577114427857
250	74	1	47.95024875621889	34.5721393034826
250	75	1	124.09547738693472	165.73366834170855
260	1	2	10.32	9.919999999999991
260	2	2	9.91	54.940000000000026
260	3	2	10.271739130434783	100
260	4	2	10.000000000000004	145
260	5	2	9.78	189.93
260	6	2	54.97999999999999	9.810000000000004
260	7	2	55.02000000000001	55.22999999999999
260	8	2	54.95	99.83999999999995
260	9	2	54.87999999999998	144.88
260	10	2	55.00000000000001	190.10999999999996
260	11	2	100.26	9.899999999999997
260	12	2	100.09	54.980000000000004
260	13	2	100.12	100.12000000000003
260	14	2	100.12	145.11999999999992
260	15	2	99.93	190.07999999999996
260	16	2	145.14141414141412	10.383838383838384
260	17	2	144.97999999999993	54.95000000000002
260	18	2	145.0900000000001	100.42000000000002
260	19	2	145.1599999999999	144.95
260	20	2	145.27083333333331	190.27083333333331
260	21	2	190.14	9.740000000000002
260	22	2	190.1199999999999	54.88
260	23	2	190.19148936170217	100.09574468085106
260	24	2	189.72916666666669	144.97916666666666
260	25	2	190.21999999999994	190.27999999999994
260	26	1	0.059999999999999845	65.38500000000002
260	27	1	162.4120603015075	6.462311557788944
260	28	1	175.76500000000007	70.43000000000006
260	29	1	166.62999999999994	95.03999999999999
260	30	1	63.375	60.405
260	31	1	108.76500000000001	84.78999999999995
260	32	1	178.95499999999998	153.73000000000005
260	33	1	151.71499999999997	199.39000000000001
260	34	1	132.71859296482418	178.62311557788948
260	35	1	129.955	126.60499999999999
260	36	1	122.55499999999996	73.44000000000005
260	37	1	33.29353233830846	146.91542288557216
260	38	1	149.68499999999995	20.919999999999995
260	39	1	191.51758793969842	34.1005025125628
260	40	1	153.19999999999996	151.05500000000004
260	41	1	61.17085427135679	31.592964824120585
260	42	1	55.21999999999999	77.26999999999995
260	43	1	171.31343283582092	115.87562189054731
260	44	1	101.88999999999999	123.63499999999998
260	45	1	98.78999999999998	76.02500000000003
260	46	1	133.76499999999993	89.24499999999999
260	47	1	169.385	52.80000000000001
260	48	1	46.87499999999999	49.60500000000002
260	49	1	121.75500000000001	85.75000000000003
260	50	1	174.49000000000007	97.18
260	51	1	129.405	5.034999999999998
260	52	1	114.98	112.24999999999999
260	53	1	162.4099999999999	41.70000000000001
260	54	1	29.432835820895523	167.5373134328358
260	55	1	119.68999999999997	129.90500000000003
260	56	1	21.713567839195978	149.5577889447236
260	57	1	113.77889447236177	182.18592964824128
260	58	1	38.557213930348254	160.62189054726358
260	59	1	52.73366834170854	162.44723618090453
260	60	1	14.675000000000004	40.54999999999998
260	61	1	110.44000000000003	65.13
260	62	1	115.88500000000002	97.55999999999989
260	63	1	80.44499999999998	98.25500000000002
260	64	1	115.24623115577886	137.32663316582912
260	65	1	1.4120603015075384	96.01507537688441
260	66	1	1.621890547263682	38.636815920398
260	67	1	72.09452736318408	1.2338308457711444
260	68	1	80.755	25.400000000000002
260	69	1	197.895	77.59999999999998
260	70	1	167.14500000000004	78.57
260	71	1	79.43216080402009	15.562814070351758
260	72	1	124.67	187.3049999999999
260	73	1	142.48743718592962	121.46231155778898
260	74	1	47	34.035175879396974
260	75	1	124.91	165.73999999999992
270	1	2	10.32	9.919999999999991
270	2	2	9.91	54.940000000000026
270	3	2	10.271739130434783	100
270	4	2	10.000000000000004	145
270	5	2	9.78	189.93
270	6	2	54.97999999999999	9.810000000000004
270	7	2	55.02000000000001	55.22999999999999
270	8	2	54.95	99.83999999999995
270	9	2	54.87999999999998	144.88
270	10	2	55.00000000000001	190.10999999999996
270	11	2	100.26	9.899999999999997
270	12	2	100.09	54.980000000000004
270	13	2	100.12	100.12000000000003
270	14	2	100.12	145.11999999999992
270	15	2	99.93	190.07999999999996
270	16	2	145.14141414141412	10.383838383838384
270	17	2	144.97999999999993	54.95000000000002
270	18	2	145.0900000000001	100.42000000000002
270	19	2	145.1599999999999	144.95
270	20	2	145.27083333333331	190.27083333333331
270	21	2	190.14	9.740000000000002
270	22	2	190.1199999999999	54.88
270	23	2	190.19148936170217	100.09574468085106
270	24	2	189.72916666666669	144.97916666666666
270	25	2	190.21999999999994	190.27999999999994
270	26	1	0.6449999999999995	65.145
270	27	1	163.01492537313425	6.094527363184079
270	28	1	175.40703517587943	69.38693467336685
270	29	1	166.41999999999996	95.02499999999999
270	30	1	63.231155778894475	60.71356783919597
270	31	1	109.005	84.45499999999994
270	32	1	177.86500000000004	153.3849999999999
270	33	1	152.00000000000003	199.535
270	34	1	132.45999999999992	177.94500000000014
270	35	1	130.2713567839196	126.7889447236181
270	36	1	123.01500000000004	72.5
270	37	1	32.75879396984925	147.16582914572857
270	38	1	151.57	20.824999999999996
270	39	1	190.22885572139305	32.80597014925371
270	40	1	153.86999999999998	151.24499999999995
270	41	1	60.43500000000001	31.845000000000006
270	42	1	55.43999999999999	77.805
270	43	1	170.52999999999992	115.45000000000002
270	44	1	102.18000000000002	122.12499999999999
270	45	1	99.12	76.56000000000006
270	46	1	133.76999999999995	89.02
270	47	1	169.90547263681592	51.42786069651743
270	48	1	46.63499999999997	49.96500000000001
270	49	1	121.91499999999999	85.57500000000002
270	50	1	174.66499999999988	96.72000000000001
270	51	1	129.83999999999995	3.460000000000002
270	52	1	115.09999999999994	112.04499999999999
270	53	1	160.98492462311555	41.79396984924624
270	54	1	30.110000000000003	167.80499999999992
270	55	1	119.69500000000001	129.92499999999987
270	56	1	21.384999999999994	150.55000000000004
270	57	1	112.75621890547261	183.2189054726368
270	58	1	39.184079601990064	160.7014925373135
270	59	1	53.464999999999996	162.8950000000001
270	60	1	13.325000000000005	40.745
270	61	1	109.13930348258704	65.71144278606961
270	62	1	115.96000000000001	97.17999999999998
270	63	1	81.12437810945268	98.57213930348257
270	64	1	114.65500000000003	136.93999999999994
270	65	1	1.4749999999999999	95.54500000000006
270	66	1	0.13500000000000023	38.74499999999998
270	67	1	70.76616915422886	2.835820895522387
270	68	1	79.5	25.990000000000002
270	69	1	197.43283582089552	77.38308457711445
270	70	1	167.63	78.47000000000008
270	71	1	79.56500000000004	16.314999999999994
270	72	1	124.10000000000001	186.3
270	73	1	142.55223880597023	121.13930348258704
270	74	1	46.334999999999994	33.47500000000002
270	75	1	125.19000000000004	165.96999999999994
280	1	2	10.32	9.919999999999991
280	2	2	9.91	54.940000000000026
280	3	2	10.271739130434783	100
280	4	2	10.000000000000004	145
280	5	2	9.78	189.93
280	6	2	54.97999999999999	9.810000000000004
280	7	2	55.02000000000001	55.22999999999999
280	8	2	54.95	99.83999999999995
280	9	2	54.87999999999998	144.88
280	10	2	55.00000000000001	190.10999999999996
280	11	2	100.26	9.899999999999997
280	12	2	100.09	54.980000000000004
280	13	2	100.12	100.12000000000003
280	14	2	100.12	145.11999999999992
280	15	2	99.93	190.07999999999996
280	16	2	145.14141414141412	10.383838383838384
280	17	2	144.97999999999993	54.95000000000002
280	18	2	145.0900000000001	100.42000000000002
280	19	2	145.1599999999999	144.95
280	20	2	145.27083333333331	190.27083333333331
280	21	2	190.14	9.740000000000002
280	22	2	190.1199999999999	54.88
280	23	2	190.19148936170217	100.09574468085106
280	24	2	189.72916666666669	144.97916666666666
280	25	2	190.21999999999994	190.27999999999994
280	26	1	1.6549999999999991	65.39999999999993
280	27	1	163.5050000000001	5.465000000000001
280	28	1	175.42500000000004	68.65000000000002
280	29	1	166.30500000000006	94.93999999999996
280	30	1	63.235	60.73499999999996
280	31	1	109.27499999999998	83.55499999999996
280	32	1	176.0100000000001	153.03
280	33	1	151.72500000000005	199.645
280	34	1	132.23000000000005	177.52999999999992
280	35	1	130.69000000000005	127.00500000000002
280	36	1	123.05000000000007	71.83500000000005
280	37	1	32.43283582089552	147.9701492537313
280	38	1	153.00499999999997	20.68999999999999
280	39	1	188.9004975124378	32.19402985074628
280	40	1	155.0746268656718	151.8009950248755
280	41	1	60.22388059701492	31.96517412935326
280	42	1	55.340000000000025	78.15000000000002
280	43	1	168.99000000000004	114.81499999999996
280	44	1	102.69651741293532	120.9203980099503
280	45	1	99.35500000000009	77.47
280	46	1	133.47000000000006	88.91000000000001
280	47	1	170.59296482412063	50.020100502512584
280	48	1	46.34000000000002	50.805
280	49	1	122.03	85.13999999999999
280	50	1	174.83499999999992	95.91999999999999
280	51	1	129.820895522388	1.895522388059701
280	52	1	115.20999999999995	111.75999999999996
280	53	1	159.69154228855726	41.78606965174132
280	54	1	30.46268656716417	168.1442786069653
280	55	1	119.68159203980102	129.87064676616913
280	56	1	21.190000000000012	150.96500000000003
280	57	1	112.14500000000004	183.85
280	58	1	40.055276381909515	160.88944723618098
280	59	1	54.16500000000002	163.72
280	60	1	11.592039800995025	40.895522388059696
280	61	1	108.09452736318411	65.73134328358208
280	62	1	116.0100502512563	96.64321608040201
280	63	1	82.23	98.38499999999996
280	64	1	114.62686567164177	136.8507462686567
280	65	1	1.555	94.88499999999993
280	66	1	198.76884422110552	38.44723618090454
280	67	1	70.99000000000002	4.66
280	68	1	78.34500000000004	26.505000000000006
280	69	1	196.87	77.08000000000004
280	70	1	167.7049999999999	77.94499999999995
280	71	1	79.985	16.860000000000017
280	72	1	123.82000000000001	185.75999999999988
280	73	1	142.5100000000001	121.14999999999999
280	74	1	46.23	33.16999999999999
280	75	1	125.37313432835823	165.88557213930343
290	1	2	10.32	9.919999999999991
290	2	2	9.91	54.940000000000026
290	3	2	10.271739130434783	100
290	4	2	10.000000000000004	145
290	5	2	9.78	189.93
290	6	2	54.97999999999999	9.810000000000004
290	7	2	55.02000000000001	55.22999999999999
290	8	2	54.95	99.83999999999995
290	9	2	54.87999999999998	144.88
290	10	2	55.00000000000001	190.10999999999996
290	11	2	100.26	9.899999999999997
290	12	2	100.09	54.980000000000004
290	13	2	100.12	100.12000000000003
290	14	2	100.12	145.11999999999992
290	15	2	99.93	190.07999999999996
290	16	2	145.14141414141412	10.383838383838384
290	17	2	144.97999999999993	54.95000000000002
290	18	2	145.0900000000001	100.42000000000002
290	19	2	145.1599999999999	144.95
290	20	2	145.27083333333331	190.27083333333331
290	21	2	190.14	9.740000000000002
290	22	2	190.1199999999999	54.88
290	23	2	190.19148936170217	100.09574468085106
290	24	2	189.72916666666669	144.97916666666666
290	25	2	190.21999999999994	190.27999999999994
290	26	1	3.155	66.225
290	27	1	164.03517587939683	5.060301507537691
290	28	1	175.22500000000008	67.91999999999997
290	29	1	165.99999999999986	94.81500000000003
290	30	1	63.00999999999999	61.02500000000002
290	31	1	109.64321608040198	83.0150753768844
290	32	1	174.49500000000015	152.41000000000014
290	33	1	152.04999999999993	199.76
290	34	1	131.85499999999996	177.4750000000002
290	35	1	130.90500000000003	127.24500000000002
290	36	1	122.89054726368161	70.99502487562187
290	37	1	32.065	148.88500000000005
290	38	1	154.83084577114434	20.64676616915422
290	39	1	187.75000000000006	31.82999999999999
290	40	1	156.3399999999999	152.135
290	41	1	59.88000000000001	32.05999999999999
290	42	1	54.940000000000005	78.54499999999994
290	43	1	167.59	113.67999999999992
290	44	1	103.09500000000001	119.96500000000005
290	45	1	99.82999999999996	78.19999999999999
290	46	1	133.51758793969842	88.1256281407035
290	47	1	170.51741293532336	48.84577114427861
290	48	1	45.96500000000001	50.99999999999999
290	49	1	122.12000000000002	85.11000000000003
290	50	1	174.90954773869345	95.36683417085426
290	51	1	129.98009950248755	0.5771144278606964
290	52	1	115.32499999999995	111.66000000000001
290	53	1	157.9949748743719	41.72361809045229
290	54	1	30.675000000000004	168.6550000000001
290	55	1	119.69000000000005	129.95999999999992
290	56	1	21.065	151.55500000000006
290	57	1	112.03500000000001	184.52999999999983
290	58	1	41.23000000000001	160.60500000000005
290	59	1	55.31840796019901	164.79104477611943
290	60	1	10.165	41.40000000000002
290	61	1	107.11940298507464	66.01492537313432
290	62	1	116.23	96.47
290	63	1	82.73500000000001	98.35999999999997
290	64	1	114.52999999999997	136.86499999999992
290	65	1	1.594999999999998	94.505
290	66	1	197.73	38.46999999999999
290	67	1	70.85000000000004	6.244999999999999
290	68	1	77.21500000000005	27.13999999999999
290	69	1	196.53	76.93000000000002
290	70	1	168.30348258706465	77.547263681592
290	71	1	80.9849246231156	17.758793969849236
290	72	1	123.97	185.41999999999996
290	73	1	142.5099999999999	121.28999999999999
290	74	1	45.99499999999999	32.915
290	75	1	125.20895522388065	165.63184079601987
300	1	2	10.32	9.919999999999991
300	2	2	9.91	54.940000000000026
300	3	2	10.271739130434783	100
300	4	2	10.000000000000004	145
300	5	2	9.78	189.93
300	6	2	54.97999999999999	9.810000000000004
300	7	2	55.02000000000001	55.22999999999999
300	8	2	54.95	99.83999999999995
300	9	2	54.87999999999998	144.88
300	10	2	55.00000000000001	190.10999999999996
300	11	2	100.26	9.899999999999997
300	12	2	100.09	54.980000000000004
300	13	2	100.12	100.12000000000003
300	14	2	100.12	145.11999999999992
300	15	2	99.93	190.07999999999996
300	16	2	145.14141414141412	10.383838383838384
300	17	2	144.97999999999993	54.95000000000002
300	18	2	145.0900000000001	100.42000000000002
300	19	2	145.1599999999999	144.95
300	20	2	145.27083333333331	190.27083333333331
300	21	2	190.14	9.740000000000002
300	22	2	190.1199999999999	54.88
300	23	2	190.19148936170217	100.09574468085106
300	24	2	189.72916666666669	144.97916666666666
300	25	2	190.21999999999994	190.27999999999994
300	26	1	4.27860696517413	66.89552238805976
300	27	1	164.88000000000008	4.550000000000001
300	28	1	174.95000000000002	66.82000000000002
300	29	1	165.69499999999994	94.40000000000002
300	30	1	62.85499999999999	61.34499999999998
300	31	1	109.99999999999999	82.46500000000002
300	32	1	173.46000000000004	152.3049999999999
300	33	1	152.375	0.10500000000000018
300	34	1	131.095	177.52499999999995
300	35	1	130.71000000000004	126.94500000000005
300	36	1	122.91499999999999	70.53999999999996
300	37	1	32.15500000000001	150.12499999999991
300	38	1	155.78109452736322	20.477611940298505
300	39	1	186.17000000000002	32.279999999999994
300	40	1	157.36000000000004	152.45000000000007
300	41	1	59.505	32.69999999999999
300	42	1	55.05527638190955	78.75879396984921
300	43	1	166.66666666666666	112.9601990049751
300	44	1	103.36499999999998	119.22000000000003
300	45	1	100.54773869346737	79.56783919597991
300	46	1	133.72139303482584	87.35820895522383
300	47	1	169.3880597014925	48.034825870646735
300	48	1	45.56281407035177	51.582914572864325
300	49	1	122.24999999999996	85.17999999999994
300	50	1	175.02000000000007	94.55
300	51	1	130.72999999999988	199.55499999999992
300	52	1	115.37499999999999	111.34
300	53	1	156.68999999999994	41.03999999999999
300	54	1	30.904522613065343	168.96482412060303
300	55	1	119.68000000000002	129.86999999999998
300	56	1	20.865000000000013	152.23499999999993
300	57	1	112.07462686567169	185.02985074626844
300	58	1	42.31343283582089	160.28855721393037
300	59	1	56.33499999999997	165.14499999999995
300	60	1	8.180000000000001	41.08000000000001
300	61	1	106.38805970149261	66.38308457711437
300	62	1	116.09	96.41
300	63	1	83.52499999999998	98.06499999999998
300	64	1	114.46500000000002	136.7349999999999
300	65	1	1.4649999999999994	94.46499999999997
300	66	1	196.35643564356437	38.306930693069305
300	67	1	70.88000000000002	7.640000000000001
300	68	1	75.5125628140703	27.603015075376895
300	69	1	196.33	76.88500000000003
300	70	1	168.77499999999995	77.15499999999999
300	71	1	82.11500000000002	18.835000000000004
300	72	1	124.70499999999998	185.71999999999989
300	73	1	142.2399999999999	121.38999999999997
300	74	1	45.749999999999986	32.62500000000002
300	75	1	125.31500000000001	165.36
310	1	2	10.32	9.919999999999991
310	2	2	9.91	54.940000000000026
310	3	2	10.271739130434783	100
310	4	2	10.000000000000004	145
310	5	2	9.78	189.93
310	6	2	54.97999999999999	9.810000000000004
310	7	2	55.02000000000001	55.22999999999999
310	8	2	54.95	99.83999999999995
310	9	2	54.87999999999998	144.88
310	10	2	55.00000000000001	190.10999999999996
310	11	2	100.26	9.899999999999997
310	12	2	100.09	54.980000000000004
310	13	2	100.12	100.12000000000003
310	14	2	100.12	145.11999999999992
310	15	2	99.93	190.07999999999996
310	16	2	145.14141414141412	10.383838383838384
310	17	2	144.97999999999993	54.95000000000002
310	18	2	145.0900000000001	100.42000000000002
310	19	2	145.1599999999999	144.95
310	20	2	145.27083333333331	190.27083333333331
310	21	2	190.14	9.740000000000002
310	22	2	190.1199999999999	54.88
310	23	2	190.19148936170217	100.09574468085106
310	24	2	189.72916666666669	144.97916666666666
310	25	2	190.21999999999994	190.27999999999994
310	26	1	5.485000000000003	67.14000000000003
310	27	1	165.76499999999987	3.4799999999999964
310	28	1	174.52	65.68999999999998
310	29	1	165.09000000000006	93.84499999999998
310	30	1	62.815	61.535
310	31	1	110.46499999999999	81.94000000000007
310	32	1	172.62499999999997	152.19
310	33	1	153.0000000000001	0.965174129353234
310	34	1	130.62	177.13499999999996
310	35	1	130.70351758793973	127.08542713567839
310	36	1	122.22388059701495	69.38805970149258
310	37	1	32.010050251256274	151.5276381909548
310	38	1	157.51999999999987	19.63
310	39	1	184.84577114427861	31.8955223880597
310	40	1	158.18500000000003	153.4900000000001
310	41	1	58.85	33.63999999999999
310	42	1	55.42499999999999	79.17000000000007
310	43	1	165.94499999999994	111.77499999999999
310	44	1	103.37499999999996	118.76500000000003
310	45	1	101.11557788944725	80.70351758793973
310	46	1	133.23999999999998	86.94500000000004
310	47	1	167.60199004975118	47.741293532338325
310	48	1	45.31000000000001	52.089999999999975
310	49	1	122.52999999999999	84.66499999999994
310	50	1	174.94974874371863	93.80402010050258
310	51	1	131.54000000000002	198.62499999999994
310	52	1	115.46766169154225	111.47263681592042
310	53	1	155.48999999999998	40
310	54	1	31.29500000000001	169.28999999999994
310	55	1	119.47999999999998	129.82000000000002
310	56	1	20.500000000000004	153.01000000000002
310	57	1	112.39999999999996	186.03000000000006
310	58	1	44.1542288557214	159.25373134328345
310	59	1	57.55500000000002	165.90499999999994
310	60	1	6.390000000000001	41.035
310	61	1	105.09500000000001	66.99000000000001
310	62	1	116.52238805970153	96.52238805970151
310	63	1	84.18499999999996	97.60499999999999
310	64	1	114.391959798995	136.5678391959799
310	65	1	1.4349999999999998	93.93499999999999
310	66	1	195.37	37.98500000000001
310	67	1	71.1243781094527	9.417910447761194
310	68	1	74.36318407960194	28.388059701492544
310	69	1	196.565	77.06000000000004
310	70	1	169.20999999999992	76.90999999999995
310	71	1	82.78000000000003	19.989999999999995
310	72	1	125.25870646766168	185.75124378109447
310	73	1	141.95477386934664	121.49748743718592
310	74	1	45.210000000000036	32.24
310	75	1	125.00999999999998	165.51000000000002
320	1	2	10.32	9.919999999999991
320	2	2	9.91	54.940000000000026
320	3	2	10.271739130434783	100
320	4	2	10.000000000000004	145
320	5	2	9.78	189.93
320	6	2	54.97999999999999	9.810000000000004
320	7	2	55.02000000000001	55.22999999999999
320	8	2	54.95	99.83999999999995
320	9	2	54.87999999999998	144.88
320	10	2	55.00000000000001	190.10999999999996
320	11	2	100.26	9.899999999999997
320	12	2	100.09	54.980000000000004
320	13	2	100.12	100.12000000000003
320	14	2	100.12	145.11999999999992
320	15	2	99.93	190.07999999999996
320	16	2	145.14141414141412	10.383838383838384
320	17	2	144.97999999999993	54.95000000000002
320	18	2	145.0900000000001	100.42000000000002
320	19	2	145.1599999999999	144.95
320	20	2	145.27083333333331	190.27083333333331
320	21	2	190.14	9.740000000000002
320	22	2	190.1199999999999	54.88
320	23	2	190.19148936170217	100.09574468085106
320	24	2	189.72916666666669	144.97916666666666
320	25	2	190.21999999999994	190.27999999999994
320	26	1	6.4650000000000025	67.47999999999999
320	27	1	166.21499999999992	2.7799999999999985
320	28	1	173.8109452736318	64.23880597014927
320	29	1	164.42999999999998	93.15499999999999
320	30	1	62.694999999999986	61.80499999999999
320	31	1	110.92000000000004	81.23000000000003
320	32	1	171.615	152.2199999999999
320	33	1	153.12000000000003	1.574999999999999
320	34	1	129.65499999999994	176.755
320	35	1	130.76999999999998	127.00999999999998
320	36	1	121.74371859296485	68.95477386934677
320	37	1	31.990049751243774	152.39800995024876
320	38	1	159.24875621890547	18.970149253731343
320	39	1	182.78606965174123	32.73631840796022
320	40	1	158.87499999999997	155.75499999999994
320	41	1	58.2814070351759	34.60301507537688
320	42	1	55.675	79.47000000000001
320	43	1	165.035	110.32500000000002
320	44	1	103.33165829145725	118.53768844221109
320	45	1	101.34	81.22999999999999
320	46	1	133.4170854271357	85.64824120603019
320	47	1	166.36000000000004	46.964999999999975
320	48	1	45.205	52.44499999999999
320	49	1	122.23999999999998	84.49000000000002
320	50	1	174.73366834170852	93.47738693467336
320	51	1	132.2763819095477	197.62311557788934
320	52	1	115.57500000000003	111.58000000000001
320	53	1	154.55721393034827	39.00497512437813
320	54	1	31.995000000000005	169.74000000000007
320	55	1	119.27638190954768	129.55276381909553
320	56	1	20.254999999999995	153.66499999999994
320	57	1	112.34000000000003	186.38999999999996
320	58	1	45.32338308457715	158.57711442786075
320	59	1	57.70000000000001	166.92999999999998
320	60	1	5.325000000000001	40.645
320	61	1	104.20499999999998	67.21000000000002
320	62	1	117.46766169154235	96.64676616915422
320	63	1	84.98009950248756	97.01990049751247
320	64	1	114.18000000000002	136.38000000000002
320	65	1	1.63316582914573	93.42713567839199
320	66	1	194.2189054726368	36.880597014925385
320	67	1	71.31840796019902	10.726368159203977
320	68	1	73.05500000000002	28.755000000000003
320	69	1	196.895	77.06999999999998
320	70	1	169.94499999999996	76.57999999999997
320	71	1	82.70000000000012	21.18
320	72	1	125.77999999999999	185.74000000000012
320	73	1	141.41	121.17499999999998
320	74	1	44.16999999999999	32.155
320	75	1	124.4626865671642	165.8258706467661
330	1	2	10.32	9.919999999999991
330	2	2	9.91	54.940000000000026
330	3	2	10.271739130434783	100
330	4	2	10.000000000000004	145
330	5	2	9.78	189.93
330	6	2	54.97999999999999	9.810000000000004
330	7	2	55.02000000000001	55.22999999999999
330	8	2	54.95	99.83999999999995
330	9	2	54.87999999999998	144.88
330	10	2	55.00000000000001	190.10999999999996
330	11	2	100.26	9.899999999999997
330	12	2	100.09	54.980000000000004
330	13	2	100.12	100.12000000000003
330	14	2	100.12	145.11999999999992
330	15	2	99.93	190.07999999999996
330	16	2	145.14141414141412	10.383838383838384
330	17	2	144.97999999999993	54.95000000000002
330	18	2	145.0900000000001	100.42000000000002
330	19	2	145.1599999999999	144.95
330	20	2	145.27083333333331	190.27083333333331
330	21	2	190.14	9.740000000000002
330	22	2	190.1199999999999	54.88
330	23	2	190.19148936170217	100.09574468085106
330	24	2	189.72916666666669	144.97916666666666
330	25	2	190.21999999999994	190.27999999999994
330	26	1	6.705000000000004	68.05499999999998
330	27	1	167.4199999999999	1.6799999999999988
330	28	1	173.28499999999988	63.20999999999998
330	29	1	163.66499999999994	91.88500000000005
330	30	1	62.355000000000004	62.30000000000001
330	31	1	111.27000000000001	80.28999999999998
330	32	1	170.6485148514852	152.5792079207921
330	33	1	153.42000000000007	2.574999999999999
330	34	1	128.273631840796	176.8109452736319
330	35	1	130.63184079601987	126.90547263681592
330	36	1	120.50499999999998	68.09000000000003
330	37	1	31.39303482587064	153.92537313432834
330	38	1	160.50248756218892	18.48756218905473
330	39	1	181.01999999999998	33.705
330	40	1	159.71500000000015	157.985
330	41	1	57.53499999999997	35.58499999999999
330	42	1	56.079999999999984	80.05999999999997
330	43	1	164.62189054726363	109.13432835820896
330	44	1	103.45500000000004	118.31000000000002
330	45	1	101.25628140703517	82.7989949748743
330	46	1	133.59	84.06999999999998
330	47	1	164.58999999999992	46.1
330	48	1	44.979899497487445	52.44221105527637
330	49	1	121.87437185929652	84.61306532663319
330	50	1	174.32663316582918	92.94974874371866
330	51	1	132.57999999999998	196.93499999999997
330	52	1	115.43999999999996	111.54999999999993
330	53	1	154.5899999999999	37.620000000000026
330	54	1	32.9497487437186	170.5678391959799
330	55	1	119.19999999999997	129.325
330	56	1	19.689999999999998	154.1749999999999
330	57	1	112.21500000000002	187.315
330	58	1	46.29999999999998	157.4299999999999
330	59	1	57.965	168.05000000000004
330	60	1	3.715	40.76500000000001
330	61	1	103.0199004975125	67.89552238805972
330	62	1	118.3383084577114	96.27363184079601
330	63	1	85.44776119402985	96.30348258706466
330	64	1	113.99999999999994	136.02999999999997
330	65	1	1.4500000000000006	93.41000000000004
330	66	1	193.28	35.16
330	67	1	71.91000000000001	12.204999999999998
330	68	1	71.97999999999998	29.469999999999995
330	69	1	196.91959798994975	76.89949748743717
330	70	1	170.665	76.47500000000005
330	71	1	82.50500000000005	22.179999999999996
330	72	1	125.87437185929649	185.99999999999997
330	73	1	140.62686567164167	120.5870646766169
330	74	1	43.07000000000001	31.48000000000001
330	75	1	124.18499999999999	166.00999999999988
340	1	2	10.32	9.919999999999991
340	2	2	9.91	54.940000000000026
340	3	2	10.271739130434783	100
340	4	2	10.000000000000004	145
340	5	2	9.78	189.93
340	6	2	54.97999999999999	9.810000000000004
340	7	2	55.02000000000001	55.22999999999999
340	8	2	54.95	99.83999999999995
340	9	2	54.87999999999998	144.88
340	10	2	55.00000000000001	190.10999999999996
340	11	2	100.26	9.899999999999997
340	12	2	100.09	54.980000000000004
340	13	2	100.12	100.12000000000003
340	14	2	100.12	145.11999999999992
340	15	2	99.93	190.07999999999996
340	16	2	145.14141414141412	10.383838383838384
340	17	2	144.97999999999993	54.95000000000002
340	18	2	145.0900000000001	100.42000000000002
340	19	2	145.1599999999999	144.95
340	20	2	145.27083333333331	190.27083333333331
340	21	2	190.14	9.740000000000002
340	22	2	190.1199999999999	54.88
340	23	2	190.19148936170217	100.09574468085106
340	24	2	189.72916666666669	144.97916666666666
340	25	2	190.21999999999994	190.27999999999994
340	26	1	7.44278606965174	68.72636815920396
340	27	1	168.58500000000004	0.3100000000000007
340	28	1	172.42500000000013	61.96500000000002
340	29	1	163.06467661691542	91.36318407960205
340	30	1	62.330000000000005	62.54499999999997
340	31	1	111.71356783919597	79.97989949748745
340	32	1	170.32999999999996	152.80499999999998
340	33	1	154.20000000000002	3.435
340	34	1	128.07000000000008	176.66500000000002
340	35	1	131.10945273631833	127.04975124378113
340	36	1	119.33500000000006	67.61500000000004
340	37	1	31.090000000000003	155.36000000000007
340	38	1	161.13499999999993	18.13000000000001
340	39	1	179.63000000000005	35.05499999999998
340	40	1	160.27135678391952	159.20100502512565
340	41	1	57.09999999999998	35.78000000000002
340	42	1	56.74999999999998	81.10500000000002
340	43	1	164.49500000000006	108.12999999999997
340	44	1	103.74500000000003	118.33999999999999
340	45	1	101.06000000000002	83.82000000000006
340	46	1	133.72499999999997	82.32999999999998
340	47	1	163.19999999999996	44.73999999999998
340	48	1	44.995000000000005	52.37
340	49	1	121.64000000000006	85.12999999999997
340	50	1	174.01005025125627	92.36180904522614
340	51	1	133.29145728643215	196.7587939698493
340	52	1	115.23500000000003	112.20999999999995
340	53	1	154.58499999999998	36.96500000000004
340	54	1	33.65499999999999	171.13000000000005
340	55	1	119.16499999999998	129.38000000000008
340	56	1	19.512562814070346	154.070351758794
340	57	1	112.52999999999996	188.40500000000011
340	58	1	46.839999999999996	156.695
340	59	1	58.49000000000003	168.82500000000005
340	60	1	2.265000000000001	40.31000000000001
340	61	1	102.10552763819096	68.43216080402016
340	62	1	119.38805970149258	96.04477611940302
340	63	1	86.09999999999997	95.20999999999998
340	64	1	113.94499999999996	136.14000000000013
340	65	1	1.4850000000000017	93.11499999999997
340	66	1	192.41999999999996	33.87500000000003
340	67	1	71.95477386934674	13.497487437185931
340	68	1	70.86934673366832	29.969849246231156
340	69	1	197.285	76.55000000000003
340	70	1	171.37810945273645	76.39800995024872
340	71	1	82.77611940298512	23.43781094527363
340	72	1	125.85500000000003	185.88000000000008
340	73	1	139.04975124378112	118.99502487562188
340	74	1	42.17000000000001	30.74999999999999
340	75	1	123.94000000000005	166.37500000000003
350	1	2	10.32	9.919999999999991
350	2	2	9.91	54.940000000000026
350	3	2	10.271739130434783	100
350	4	2	10.000000000000004	145
350	5	2	9.78	189.93
350	6	2	54.97999999999999	9.810000000000004
350	7	2	55.02000000000001	55.22999999999999
350	8	2	54.95	99.83999999999995
350	9	2	54.87999999999998	144.88
350	10	2	55.00000000000001	190.10999999999996
350	11	2	100.26	9.899999999999997
350	12	2	100.09	54.980000000000004
350	13	2	100.12	100.12000000000003
350	14	2	100.12	145.11999999999992
350	15	2	99.93	190.07999999999996
350	16	2	145.14141414141412	10.383838383838384
350	17	2	144.97999999999993	54.95000000000002
350	18	2	145.0900000000001	100.42000000000002
350	19	2	145.1599999999999	144.95
350	20	2	145.27083333333331	190.27083333333331
350	21	2	190.14	9.740000000000002
350	22	2	190.1199999999999	54.88
350	23	2	190.19148936170217	100.09574468085106
350	24	2	189.72916666666669	144.97916666666666
350	25	2	190.21999999999994	190.27999999999994
350	26	1	8.215	69.46
350	27	1	168.9651741293533	199.5870646766169
350	28	1	171.72499999999994	60.25
350	29	1	162.08955223880596	90.09950248756215
350	30	1	62.18000000000002	62.88499999999999
350	31	1	112.24747474747474	79.63636363636363
350	32	1	169.59999999999985	153.07000000000005
350	33	1	154.77500000000003	4.624999999999997
350	34	1	128.06532663316588	176.5175879396985
350	35	1	131.98500000000007	126.765
350	36	1	118.24499999999999	67.35
350	37	1	31.079999999999995	155.965
350	38	1	162.02999999999994	18.035
350	39	1	178.50499999999997	35.68000000000004
350	40	1	161.08999999999995	160.6999999999999
350	41	1	56.499999999999986	36.25500000000001
350	42	1	56.99	81.60500000000002
350	43	1	164.68341708542718	106.19597989949746
350	44	1	104.06030150753769	118.46231155778895
350	45	1	100.95500000000001	84.32499999999996
350	46	1	133.85074626865674	80.58208955223878
350	47	1	162.13500000000005	43.77000000000001
350	48	1	44.88000000000002	52.02
350	49	1	121.07000000000002	85.85499999999996
350	50	1	173.55778894472368	90.90954773869342
350	51	1	134.2985074626866	196.7810945273632
350	52	1	115.15999999999998	112.13499999999995
350	53	1	155.22499999999994	35.36500000000001
350	54	1	34.20398009950249	171.08457711442782
350	55	1	119.41708542713575	129.39195979899498
350	56	1	19.880597014925367	153.99502487562188
350	57	1	112.64500000000004	188.50000000000006
350	58	1	47.315000000000026	156.18
350	59	1	58.35500000000001	169.27500000000003
350	60	1	0.7711442786069659	39.144278606965166
350	61	1	101.16000000000003	68.78499999999997
350	62	1	120.64999999999999	95.48999999999998
350	63	1	86.66331658291455	94.36180904522611
350	64	1	113.80999999999993	136.07
350	65	1	1.8000000000000012	93.14499999999997
350	66	1	191.08040201005028	32.582914572864325
350	67	1	72.37810945273627	14.915422885572134
350	68	1	69.75000000000004	30.26500000000001
350	69	1	197.37	76.205
350	70	1	172.46499999999986	76.18500000000003
350	71	1	82.53999999999996	24.499999999999993
350	72	1	125.75999999999999	185.78500000000008
350	73	1	137.66666666666652	117.07960199004977
350	74	1	41.160000000000004	30.184999999999995
350	75	1	123.46499999999997	166.92000000000016
360	1	2	10.32	9.919999999999991
360	2	2	9.91	54.940000000000026
360	3	2	10.271739130434783	100
360	4	2	10.000000000000004	145
360	5	2	9.78	189.93
360	6	2	54.97999999999999	9.810000000000004
360	7	2	55.02000000000001	55.22999999999999
360	8	2	54.95	99.83999999999995
360	9	2	54.87999999999998	144.88
360	10	2	55.00000000000001	190.10999999999996
360	11	2	100.26	9.899999999999997
360	12	2	100.09	54.980000000000004
360	13	2	100.12	100.12000000000003
360	14	2	100.12	145.11999999999992
360	15	2	99.93	190.07999999999996
360	16	2	145.14141414141412	10.383838383838384
360	17	2	144.97999999999993	54.95000000000002
360	18	2	145.0900000000001	100.42000000000002
360	19	2	145.1599999999999	144.95
360	20	2	145.27083333333331	190.27083333333331
360	21	2	190.14	9.740000000000002
360	22	2	190.1199999999999	54.88
360	23	2	190.19148936170217	100.09574468085106
360	24	2	189.72916666666669	144.97916666666666
360	25	2	190.21999999999994	190.27999999999994
360	26	1	8.820895522388065	70.60199004975131
360	27	1	169.83084577114434	198.0497512437811
360	28	1	171.4825870646765	58.64179104477611
360	29	1	161.5125628140704	88.24120603015074
360	30	1	61.874371859296495	63.54773869346739
360	31	1	112.975	78.88000000000002
360	32	1	168.69000000000003	153.21500000000003
360	33	1	155.19999999999996	5.290000000000001
360	34	1	127.70500000000001	176.57999999999998
360	35	1	132.91959798994975	126.16582914572862
360	36	1	117.10999999999997	66.88499999999999
360	37	1	30.96	156.37000000000003
360	38	1	162.37688442211058	18.025125628140707
360	39	1	177.55	36.62
360	40	1	161.47999999999996	161.83499999999992
360	41	1	55.524999999999984	36.715
360	42	1	57.5223880597015	82.99502487562185
360	43	1	164.5572139303482	104.05472636815918
360	44	1	104.19999999999997	118.13499999999999
360	45	1	100.81407035175879	84.7939698492462
360	46	1	133.49000000000004	78.91499999999999
360	47	1	161.67999999999992	42.78999999999999
360	48	1	44.68341708542712	52.25628140703516
360	49	1	120.58999999999999	86.39999999999998
360	50	1	172.87499999999997	90.52499999999999
360	51	1	134.70999999999995	196.75
360	52	1	115.21890547263678	112.3283582089552
360	53	1	155.64499999999995	34.12000000000001
360	54	1	34.356783919598016	171.49748743718604
360	55	1	119.71859296482408	129.43216080402013
360	56	1	19.855721393034838	154.50746268656715
360	57	1	112.73000000000002	188.79499999999993
360	58	1	47.365000000000016	155.89000000000004
360	59	1	58.92499999999997	170.02499999999995
360	60	1	198.81	37.83500000000001
360	61	1	100.14000000000003	69.105
360	62	1	121.77000000000001	95.21999999999996
360	63	1	86.59999999999995	93.50999999999995
360	64	1	113.60999999999997	135.77499999999986
360	65	1	1.8600000000000003	93.42500000000001
360	66	1	189.9900497512439	31.61194029850748
360	67	1	73.07000000000001	16.079999999999995
360	68	1	69.13999999999997	31.22500000000001
360	69	1	197.4825870646766	75.4577114427861
360	70	1	174.33499999999998	75.87500000000004
360	71	1	82.04500000000003	25.95500000000001
360	72	1	125.43999999999997	185.84999999999994
360	73	1	136.33830845771152	115.49751243781094
360	74	1	40.49246231155777	29.351758793969847
360	75	1	123.54000000000003	166.92500000000007
370	1	2	10.32	9.919999999999991
370	2	2	9.91	54.940000000000026
370	3	2	10.271739130434783	100
370	4	2	10.000000000000004	145
370	5	2	9.78	189.93
370	6	2	54.97999999999999	9.810000000000004
370	7	2	55.02000000000001	55.22999999999999
370	8	2	54.95	99.83999999999995
370	9	2	54.87999999999998	144.88
370	10	2	55.00000000000001	190.10999999999996
370	11	2	100.26	9.899999999999997
370	12	2	100.09	54.980000000000004
370	13	2	100.12	100.12000000000003
370	14	2	100.12	145.11999999999992
370	15	2	99.93	190.07999999999996
370	16	2	145.14141414141412	10.383838383838384
370	17	2	144.97999999999993	54.95000000000002
370	18	2	145.0900000000001	100.42000000000002
370	19	2	145.1599999999999	144.95
370	20	2	145.27083333333331	190.27083333333331
370	21	2	190.14	9.740000000000002
370	22	2	190.1199999999999	54.88
370	23	2	190.19148936170217	100.09574468085106
370	24	2	189.72916666666669	144.97916666666666
370	25	2	190.21999999999994	190.27999999999994
370	26	1	9.316582914572866	71.93969849246236
370	27	1	170.20603015075378	197.0753768844221
370	28	1	171.24	57.36500000000001
370	29	1	160.99004975124384	86.7064676616916
370	30	1	61.65500000000001	64.36500000000001
370	31	1	113.71499999999999	78.77500000000003
370	32	1	167.59999999999985	153.56999999999994
370	33	1	155.47500000000014	6.080000000000001
370	34	1	127.28500000000001	176.62500000000003
370	35	1	133.96500000000006	125.72999999999999
370	36	1	115.64000000000009	66.51500000000001
370	37	1	31.080402010050253	156.80904522613056
370	38	1	162.6716417910447	17.81094527363183
370	39	1	176.7661691542288	37.06965174129351
370	40	1	161.66499999999996	163.20499999999998
370	41	1	54.455	36.48999999999999
370	42	1	59.265	84.10000000000004
370	43	1	165.30999999999997	102.26500000000001
370	44	1	104.82	117.845
370	45	1	100.48499999999994	85.71999999999994
370	46	1	132.84577114427853	77.84079601990045
370	47	1	161.71144278606963	42.14427860696517
370	48	1	44.84499999999999	51.965000000000025
370	49	1	120.03482587064676	87.14427860696523
370	50	1	171.72999999999993	89.40500000000002
370	51	1	135.05025125628143	196.76381909547737
370	52	1	115.13065326633165	112.09045226130651
370	53	1	156.58000000000004	33.13499999999999
370	54	1	34.83499999999999	171.87499999999991
370	55	1	120.20100502512572	129.63316582914584
370	56	1	20.18592964824121	154.4522613065327
370	57	1	113.55999999999992	189.33500000000004
370	58	1	46.83582089552242	155.63184079601976
370	59	1	59.713567839195996	169.98994974874387
370	60	1	197.58	36.785
370	61	1	99.63681592039809	69.91044776119408
370	62	1	123.32828282828282	94.83838383838388
370	63	1	86.645	92.09499999999994
370	64	1	113.3969849246231	135.60804020100508
370	65	1	1.9353233830845762	93.66169154228855
370	66	1	189.09999999999988	31.054999999999982
370	67	1	73.91457286432161	17.140703517587934
370	68	1	68.38000000000001	32.050000000000004
370	69	1	197.92	74.50999999999996
370	70	1	175.9899497487436	75.44221105527642
370	71	1	81.48756218905469	27.55721393034826
370	72	1	125.73000000000002	186.39500000000007
370	73	1	134.38999999999996	114.98
370	74	1	39.649999999999984	28.294999999999987
370	75	1	123.48000000000003	167.08500000000004
380	1	2	10.32	9.919999999999991
380	2	2	9.91	54.940000000000026
380	3	2	10.271739130434783	100
380	4	2	10.000000000000004	145
380	5	2	9.78	189.93
380	6	2	54.97999999999999	9.810000000000004
380	7	2	55.02000000000001	55.22999999999999
380	8	2	54.95	99.83999999999995
380	9	2	54.87999999999998	144.88
380	10	2	55.00000000000001	190.10999999999996
380	11	2	100.26	9.899999999999997
380	12	2	100.09	54.980000000000004
380	13	2	100.12	100.12000000000003
380	14	2	100.12	145.11999999999992
380	15	2	99.93	190.07999999999996
380	16	2	145.14141414141412	10.383838383838384
380	17	2	144.97999999999993	54.95000000000002
380	18	2	145.0900000000001	100.42000000000002
380	19	2	145.1599999999999	144.95
380	20	2	145.27083333333331	190.27083333333331
380	21	2	190.14	9.740000000000002
380	22	2	190.1199999999999	54.88
380	23	2	190.19148936170217	100.09574468085106
380	24	2	189.72916666666669	144.97916666666666
380	25	2	190.21999999999994	190.27999999999994
380	26	1	9.36	74.18999999999998
380	27	1	170.69499999999996	196.345
380	28	1	170.49999999999994	55.499999999999986
380	29	1	160.32999999999984	85.715
380	30	1	61.385	65.35499999999996
380	31	1	114.35499999999995	78.80000000000001
380	32	1	166.17910447761182	154.09452736318406
380	33	1	155.67500000000004	6.3850000000000025
380	34	1	127.23000000000003	176.58499999999992
380	35	1	135.51758793969833	124.78391959798995
380	36	1	114.48000000000002	66.21999999999998
380	37	1	31.164999999999992	156.8449999999998
380	38	1	163.08500000000006	17.33
380	39	1	175.99499999999995	36.98999999999998
380	40	1	161.83499999999995	164.56499999999988
380	41	1	52.58499999999998	36.25000000000001
380	42	1	60.67661691542286	85.19402985074626
380	43	1	166.16417910447768	101.02487562189053
380	44	1	105.46500000000003	117.24000000000001
380	45	1	100.34170854271359	86.1005025125628
380	46	1	131.31499999999997	76.20000000000003
380	47	1	161.115	41.77999999999999
380	48	1	44.874999999999986	51.42500000000001
380	49	1	119.38190954773867	87.51256281407032
380	50	1	170.35999999999999	89.03500000000004
380	51	1	135.17500000000004	197.09999999999997
380	52	1	115.39195979899502	112.20603015075378
380	53	1	157.32338308457713	32.16915422885571
380	54	1	35.27000000000002	172.15000000000006
380	55	1	120.47500000000002	129.39499999999995
380	56	1	20.333333333333336	154.60696517412936
380	57	1	113.87562189054727	189.35820895522394
380	58	1	46.485	155.665
380	59	1	60.814070351758765	170.69849246231155
380	60	1	196.69	36.510000000000005
380	61	1	99.40500000000004	70.76999999999997
380	62	1	124.7	94.24000000000004
380	63	1	86.76	90.88500000000003
380	64	1	113.28999999999996	135.50000000000006
380	65	1	1.7499999999999996	93.975
380	66	1	188.37999999999997	30.52500000000001
380	67	1	74.14000000000001	18.404999999999994
380	68	1	67.43283582089552	33.06965174129355
380	69	1	197.79	72.71500000000002
380	70	1	177.5249999999999	74.53499999999998
380	71	1	81.15999999999997	28.535
380	72	1	125.61500000000002	186.64999999999998
380	73	1	132.65671641791036	114.57213930348256
380	74	1	39.24	27.065000000000005
380	75	1	123.44500000000004	167.20000000000002
390	1	2	10.32	9.919999999999991
390	2	2	9.91	54.940000000000026
390	3	2	10.271739130434783	100
390	4	2	10.000000000000004	145
390	5	2	9.78	189.93
390	6	2	54.97999999999999	9.810000000000004
390	7	2	55.02000000000001	55.22999999999999
390	8	2	54.95	99.83999999999995
390	9	2	54.87999999999998	144.88
390	10	2	55.00000000000001	190.10999999999996
390	11	2	100.26	9.899999999999997
390	12	2	100.09	54.980000000000004
390	13	2	100.12	100.12000000000003
390	14	2	100.12	145.11999999999992
390	15	2	99.93	190.07999999999996
390	16	2	145.14141414141412	10.383838383838384
390	17	2	144.97999999999993	54.95000000000002
390	18	2	145.0900000000001	100.42000000000002
390	19	2	145.1599999999999	144.95
390	20	2	145.27083333333331	190.27083333333331
390	21	2	190.14	9.740000000000002
390	22	2	190.1199999999999	54.88
390	23	2	190.19148936170217	100.09574468085106
390	24	2	189.72916666666669	144.97916666666666
390	25	2	190.21999999999994	190.27999999999994
390	26	1	9.374999999999998	75.63
390	27	1	171.13999999999984	195.645
390	28	1	169.72000000000006	54.13499999999999
390	29	1	160.29500000000002	84.355
390	30	1	61.14500000000002	66.29999999999995
390	31	1	115.3034825870647	78.65174129353234
390	32	1	165.11940298507471	154.68159203980107
390	33	1	155.51999999999995	7.084999999999998
390	34	1	127.23999999999997	176.63
390	35	1	136.9104477611941	123.48756218905473
390	36	1	112.5721393034826	66.13930348258708
390	37	1	31.150753768844247	157.10050251256274
390	38	1	163.28999999999996	16.490000000000006
390	39	1	175.12999999999988	36.84500000000001
390	40	1	161.98499999999993	165.66500000000008
390	41	1	51.47500000000002	35.62500000000001
390	42	1	61.99000000000006	85.705
390	43	1	167.21500000000003	99.80000000000001
390	44	1	105.91542288557213	116.30845771144283
390	45	1	99.83500000000005	86.46000000000004
390	46	1	129.9502487562189	74.75621890547266
390	47	1	160.17999999999998	41.71999999999998
390	48	1	44.97000000000001	51.360000000000014
390	49	1	118.49000000000005	88.18000000000005
390	50	1	169.6934673366835	88.05527638190952
390	51	1	135.45499999999998	197.5000000000001
390	52	1	115.48	112.48999999999994
390	53	1	158.7363184079602	30.72139303482588
390	54	1	35.53768844221104	172.41708542713573
390	55	1	120.77500000000002	129.135
390	56	1	20.529999999999983	154.64500000000007
390	57	1	114.415	189.42999999999998
390	58	1	46.24378109452737	155.4626865671642
390	59	1	61.75500000000001	171.4400000000001
390	60	1	195.44221105527637	36.266331658291456
390	61	1	99.36180904522608	71.85929648241202
390	62	1	125.55000000000005	93.72499999999997
390	63	1	86.87999999999991	89.61500000000007
390	64	1	113.12500000000003	135.19999999999987
390	65	1	1.5678391959799018	93.07035175879393
390	66	1	187.20999999999987	30.230000000000004
390	67	1	74.19499999999998	19.594999999999995
390	68	1	66.47263681592047	34.2238805970149
390	69	1	197.7889447236181	70.69849246231155
390	70	1	178.66500000000005	73.40000000000003
390	71	1	80.03000000000002	29.795
390	72	1	125.88499999999998	186.83999999999995
390	73	1	131.085	114.30499999999999
390	74	1	39.56	26.124999999999993
390	75	1	123.47000000000003	167.27500000000003
400	1	2	10.32	9.919999999999991
400	2	2	9.91	54.940000000000026
400	3	2	10.271739130434783	100
400	4	2	10.000000000000004	145
400	5	2	9.78	189.93
400	6	2	54.97999999999999	9.810000000000004
400	7	2	55.02000000000001	55.22999999999999
400	8	2	54.95	99.83999999999995
400	9	2	54.87999999999998	144.88
400	10	2	55.00000000000001	190.10999999999996
400	11	2	100.26	9.899999999999997
400	12	2	100.09	54.980000000000004
400	13	2	100.12	100.12000000000003
400	14	2	100.12	145.11999999999992
400	15	2	99.93	190.07999999999996
400	16	2	145.14141414141412	10.383838383838384
400	17	2	144.97999999999993	54.95000000000002
400	18	2	145.0900000000001	100.42000000000002
400	19	2	145.1599999999999	144.95
400	20	2	145.27083333333331	190.27083333333331
400	21	2	190.14	9.740000000000002
400	22	2	190.1199999999999	54.88
400	23	2	190.19148936170217	100.09574468085106
400	24	2	189.72916666666669	144.97916666666666
400	25	2	190.21999999999994	190.27999999999994
400	26	1	9.36	77.28499999999998
400	27	1	171.24120603015072	195.29145728643215
400	28	1	169.31155778894473	53.1256281407035
400	29	1	159.995	83.97
400	30	1	60.794999999999995	67.495
400	31	1	116.78391959798999	78.42211055276381
400	32	1	163.76	155.24499999999995
400	33	1	155.47499999999997	7.665000000000003
400	34	1	127.41206030150758	176.53768844221102
400	35	1	138.29499999999985	121.66499999999994
400	36	1	110.37999999999995	66.22499999999995
400	37	1	31.235000000000007	157.44500000000008
400	38	1	163.50999999999988	16.294999999999998
400	39	1	174.1363636363636	36.51010101010106
400	40	1	163.27999999999997	166.84
400	41	1	49.99999999999998	35.701492537313435
400	42	1	63.345000000000006	86.80999999999996
400	43	1	167.1890547263682	99.56218905472636
400	44	1	106.06	116.12500000000003
400	45	1	99.765	86.81000000000002
400	46	1	129.134328358209	73.58706467661695
400	47	1	158.58500000000004	42.00999999999999
400	48	1	44.820000000000036	51.225
400	49	1	117.74874371859302	88.63316582914572
400	50	1	169.25500000000005	87.71499999999997
400	51	1	135.67336683417082	197.8391959798995
400	52	1	115.42500000000001	112.335
400	53	1	159.43999999999994	30.52000000000001
400	54	1	35.705	172.84
400	55	1	120.93034825870647	128.54228855721402
400	56	1	20.77499999999999	154.255
400	57	1	114.98994974874371	189.93467336683395
400	58	1	45.84999999999997	155.12499999999997
400	59	1	62.791044776119406	172.3383084577115
400	60	1	194.005	36.66000000000001
400	61	1	99.69500000000002	73.28
400	62	1	126.25628140703512	93.15577889447236
400	63	1	86.63366336633659	88.64851485148516
400	64	1	113.06000000000004	135.0450000000001
400	65	1	1.4029850746268657	92.16417910447765
400	66	1	186.17500000000007	29.649999999999995
400	67	1	73.8308457711443	21.27860696517412
400	68	1	64.7213930348259	36.512437810945265
400	69	1	198.125	68.86999999999995
400	70	1	178.54000000000008	72.78500000000001
400	71	1	78.41791044776116	31.134328358208958
400	72	1	125.77499999999999	186.82499999999993
400	73	1	129.78500000000003	113.92500000000005
400	74	1	39.745	25.419999999999998
400	75	1	123.45000000000006	167.27000000000007
410	1	2	10.32	9.919999999999991
410	2	2	9.91	54.940000000000026
410	3	2	10.271739130434783	100
410	4	2	10.000000000000004	145
410	5	2	9.78	189.93
410	6	2	54.97999999999999	9.810000000000004
410	7	2	55.02000000000001	55.22999999999999
410	8	2	54.95	99.83999999999995
410	9	2	54.87999999999998	144.88
410	10	2	55.00000000000001	190.10999999999996
410	11	2	100.26	9.899999999999997
410	12	2	100.09	54.980000000000004
410	13	2	100.12	100.12000000000003
410	14	2	100.12	145.11999999999992
410	15	2	99.93	190.07999999999996
410	16	2	145.14141414141412	10.383838383838384
410	17	2	144.97999999999993	54.95000000000002
410	18	2	145.0900000000001	100.42000000000002
410	19	2	145.1599999999999	144.95
410	20	2	145.27083333333331	190.27083333333331
410	21	2	190.14	9.740000000000002
410	22	2	190.1199999999999	54.88
410	23	2	190.19148936170217	100.09574468085106
410	24	2	189.72916666666669	144.97916666666666
410	25	2	190.21999999999994	190.27999999999994
410	26	1	9.020000000000003	78.57500000000002
410	27	1	171.52	194.9
410	28	1	168.955	52.519999999999996
410	29	1	160.24499999999995	82.7650000000001
410	30	1	60.64321608040199	68.30653266331664
410	31	1	118.74499999999999	78.03000000000002
410	32	1	163.08499999999998	156.0049999999999
410	33	1	155.64999999999998	7.9750000000000005
410	34	1	127.36683417085426	176.69346733668337
410	35	1	138.91457286432154	120.07035175879393
410	36	1	108.98507462686567	66.4328358208955
410	37	1	31.429999999999993	157.69500000000002
410	38	1	163.6549999999999	15.795000000000002
410	39	1	173.56999999999985	36.87999999999999
410	40	1	164.44776119402994	168.33333333333343
410	41	1	48.288557213930375	35.30348258706468
410	42	1	64.32500000000002	87.07500000000002
410	43	1	166.77114427860707	98.95024875621885
410	44	1	106.17999999999996	116.06500000000005
410	45	1	99.77114427860693	86.62189054726369
410	46	1	129.10050251256283	72.8241206030151
410	47	1	157.23383084577122	42.23383084577113
410	48	1	44.66000000000002	51.11
410	49	1	116.12500000000003	89.40499999999997
410	50	1	168.83000000000013	86.82499999999995
410	51	1	135.45499999999998	198.25000000000009
410	52	1	115.45500000000004	112.37500000000004
410	53	1	159.89999999999998	30.239999999999995
410	54	1	35.66331658291458	172.79396984924617
410	55	1	122.03500000000004	128.42499999999998
410	56	1	20.919597989949757	154.26633165829136
410	57	1	115.235	190.40000000000012
410	58	1	44.98499999999999	154.87999999999988
410	59	1	64.48500000000003	173.58999999999995
410	60	1	193.05	36.779999999999994
410	61	1	100.38000000000001	74.24499999999999
410	62	1	126.66499999999998	92.78499999999998
410	63	1	86.13930348258707	86.6268656716418
410	64	1	113.23115577889446	134.83417085427138
410	65	1	1.3500000000000008	91.4949999999999
410	66	1	184.99004975124373	29.39303482587065
410	67	1	73.80597014925371	22.522388059701495
410	68	1	62.885000000000026	37.48
410	69	1	198.905	67.765
410	70	1	178.77114427860676	72.07462686567165
410	71	1	76.78894472361803	32.296482412060264
410	72	1	125.93499999999997	186.96000000000012
410	73	1	128.82000000000005	113.68999999999993
410	74	1	40.635	24.245000000000008
410	75	1	123.44500000000001	167.37999999999997
420	1	2	10.32	9.919999999999991
420	2	2	9.91	54.940000000000026
420	3	2	10.271739130434783	100
420	4	2	10.000000000000004	145
420	5	2	9.78	189.93
420	6	2	54.97999999999999	9.810000000000004
420	7	2	55.02000000000001	55.22999999999999
420	8	2	54.95	99.83999999999995
420	9	2	54.87999999999998	144.88
420	10	2	55.00000000000001	190.10999999999996
420	11	2	100.26	9.899999999999997
420	12	2	100.09	54.980000000000004
420	13	2	100.12	100.12000000000003
420	14	2	100.12	145.11999999999992
420	15	2	99.93	190.07999999999996
420	16	2	145.14141414141412	10.383838383838384
420	17	2	144.97999999999993	54.95000000000002
420	18	2	145.0900000000001	100.42000000000002
420	19	2	145.1599999999999	144.95
420	20	2	145.27083333333331	190.27083333333331
420	21	2	190.14	9.740000000000002
420	22	2	190.1199999999999	54.88
420	23	2	190.19148936170217	100.09574468085106
420	24	2	189.72916666666669	144.97916666666666
420	25	2	190.21999999999994	190.27999999999994
420	26	1	8.905	79.38000000000002
420	27	1	171.97999999999996	194.5450000000001
420	28	1	168.17000000000002	51.739999999999974
420	29	1	160.3049999999999	82.38999999999999
420	30	1	60.63999999999997	69.20999999999995
420	31	1	120.33830845771143	78.36815920398006
420	32	1	162.96019900497518	157.04975124378123
420	33	1	155.6300000000001	7.919999999999992
420	34	1	127.43999999999993	176.97
420	35	1	138.53499999999994	118.99500000000002
420	36	1	108.00497512437809	66.85074626865672
420	37	1	31.686868686868678	158.5858585858585
420	38	1	163.6399999999999	15.045000000000005
420	39	1	173.1442786069651	37.49751243781093
420	40	1	165.83999999999995	169.86999999999998
420	41	1	46.6532663316583	34.78391959798998
420	42	1	66.05500000000002	87.51499999999997
420	43	1	166.50248756218895	98.37313432835825
420	44	1	106.43000000000002	116.02999999999996
420	45	1	99.61691542288558	86.44776119402978
420	46	1	128.32999999999998	71.79500000000002
420	47	1	156.70499999999996	42.114999999999974
420	48	1	44.02000000000004	50.64000000000001
420	49	1	114.49999999999997	89.89000000000001
420	50	1	169.16582914572868	86.07035175879395
420	51	1	135.14572864321605	199.27135678391966
420	52	1	115.45499999999998	111.98500000000003
420	53	1	160.6517412935322	29.4726368159204
420	54	1	35.77499999999998	173.48
420	55	1	122.77000000000002	128.19999999999987
420	56	1	21.49500000000001	153.87499999999997
420	57	1	115.66169154228851	191.01990049751248
420	58	1	44.265	154.5950000000001
420	59	1	65.7114427860696	174.35820895522374
420	60	1	191.655	36.88499999999998
420	61	1	101.32500000000002	75.14999999999998
420	62	1	126.48500000000003	92.51499999999997
420	63	1	85.84577114427854	85.31840796019901
420	64	1	113.45728643216081	134.3969849246232
420	65	1	1.0150000000000001	90.65999999999998
420	66	1	183.62000000000003	28.839999999999996
420	67	1	73.80402010050256	23.56281407035175
420	68	1	61.529999999999994	38.010000000000026
420	69	1	199.7	67.48500000000001
420	70	1	178.68999999999997	71.35499999999999
420	71	1	75.77000000000005	33.81
420	72	1	125.94974874371857	187.31658291457282
420	73	1	127.53499999999997	113.75
420	74	1	42.30303030303033	23.02020202020202
420	75	1	123.18999999999998	167.6550000000001
430	1	2	10.32	9.919999999999991
430	2	2	9.91	54.940000000000026
430	3	2	10.271739130434783	100
430	4	2	10.000000000000004	145
430	5	2	9.78	189.93
430	6	2	54.97999999999999	9.810000000000004
430	7	2	55.02000000000001	55.22999999999999
430	8	2	54.95	99.83999999999995
430	9	2	54.87999999999998	144.88
430	10	2	55.00000000000001	190.10999999999996
430	11	2	100.26	9.899999999999997
430	12	2	100.09	54.980000000000004
430	13	2	100.12	100.12000000000003
430	14	2	100.12	145.11999999999992
430	15	2	99.93	190.07999999999996
430	16	2	145.14141414141412	10.383838383838384
430	17	2	144.97999999999993	54.95000000000002
430	18	2	145.0900000000001	100.42000000000002
430	19	2	145.1599999999999	144.95
430	20	2	145.27083333333331	190.27083333333331
430	21	2	190.14	9.740000000000002
430	22	2	190.1199999999999	54.88
430	23	2	190.19148936170217	100.09574468085106
430	24	2	189.72916666666669	144.97916666666666
430	25	2	190.21999999999994	190.27999999999994
430	26	1	9.311881188118807	80.34653465346535
430	27	1	172.1049999999999	194.60999999999996
430	28	1	167.7386934673367	51.22613065326633
430	29	1	160.82587064676605	81.70646766169149
430	30	1	60.61000000000003	70.62499999999999
430	31	1	121.02000000000002	78.44499999999996
430	32	1	162.70646766169156	158.3333333333333
430	33	1	155.6850000000001	7.974999999999995
430	34	1	127.5	177.26999999999998
430	35	1	138.30999999999992	118.03000000000004
430	36	1	107.19402985074618	67.15422885572141
430	37	1	31.895000000000014	159.2899999999999
430	38	1	163.93969849246227	14.653266331658289
430	39	1	172.95000000000007	38.35000000000001
430	40	1	166.98009950248743	171.65174129353227
430	41	1	45.72636815920397	34.711442786069654
430	42	1	67.7164179104478	87.69154228855717
430	43	1	166.34673366834164	97.91959798994979
430	44	1	106.39195979899499	116.13567839195973
430	45	1	99.64500000000001	86.26000000000002
430	46	1	127.34500000000003	70.37500000000001
430	47	1	155.91959798994978	41.98492462311557
430	48	1	43.53999999999998	50.479999999999976
430	49	1	113.79499999999997	90.01000000000005
430	50	1	169.66000000000005	85.24499999999999
430	51	1	134.84422110552765	0.8492462311558029
430	52	1	115.19	111.97500000000001
430	53	1	162.01999999999998	28.315000000000012
430	54	1	36.402985074626834	173.7213930348259
430	55	1	124.6180904522613	127.9949748743719
430	56	1	21.795	153.83499999999998
430	57	1	116.35499999999998	191.6
430	58	1	43.286432160804	154.11055276381913
430	59	1	66.74999999999994	175.15499999999994
430	60	1	190.35999999999999	36.635
430	61	1	101.90954773869346	75.6934673366834
430	62	1	125.95477386934674	92.55778894472363
430	63	1	85.46500000000005	84.17499999999998
430	64	1	114.05970149253733	133.54726368159206
430	65	1	1.0949999999999998	89.37999999999998
430	66	1	182.65999999999997	28.134999999999994
430	67	1	74.58706467661696	24.378109452736318
430	68	1	59.97014925373133	38.592039800995
430	69	1	1.019999999999999	66.69499999999996
430	70	1	178.24500000000003	70.21000000000001
430	71	1	74.26000000000002	35.01499999999999
430	72	1	125.93999999999998	187.87999999999994
430	73	1	126.76119402985073	113.24875621890551
430	74	1	44.00999999999999	21.690000000000005
430	75	1	123.23499999999997	167.6899999999999
440	1	2	10.32	9.919999999999991
440	2	2	9.91	54.940000000000026
440	3	2	10.271739130434783	100
440	4	2	10.000000000000004	145
440	5	2	9.78	189.93
440	6	2	54.97999999999999	9.810000000000004
440	7	2	55.02000000000001	55.22999999999999
440	8	2	54.95	99.83999999999995
440	9	2	54.87999999999998	144.88
440	10	2	55.00000000000001	190.10999999999996
440	11	2	100.26	9.899999999999997
440	12	2	100.09	54.980000000000004
440	13	2	100.12	100.12000000000003
440	14	2	100.12	145.11999999999992
440	15	2	99.93	190.07999999999996
440	16	2	145.14141414141412	10.383838383838384
440	17	2	144.97999999999993	54.95000000000002
440	18	2	145.0900000000001	100.42000000000002
440	19	2	145.1599999999999	144.95
440	20	2	145.27083333333331	190.27083333333331
440	21	2	190.14	9.740000000000002
440	22	2	190.1199999999999	54.88
440	23	2	190.19148936170217	100.09574468085106
440	24	2	189.72916666666669	144.97916666666666
440	25	2	190.21999999999994	190.27999999999994
440	26	1	9.378787878787874	80.88383838383837
440	27	1	172.51999999999995	194.37
440	28	1	167.395	50.93500000000002
440	29	1	161.46766169154225	80.88059701492536
440	30	1	60.674999999999976	72.07499999999997
440	31	1	122.08000000000001	78.68000000000004
440	32	1	162.6500000000001	159.9850000000001
440	33	1	155.75000000000006	8.040000000000004
440	34	1	127.1959798994975	177.6281407035175
440	35	1	138.11999999999992	116.85
440	36	1	106.24875621890546	67.09950248756216
440	37	1	32.14000000000001	160.465
440	38	1	164.36999999999995	14.615000000000009
440	39	1	172.48999999999992	38.815
440	40	1	168.5550000000001	172.89500000000012
440	41	1	44.84422110552763	35.190954773869336
440	42	1	69.18905472636817	87.3781094527363
440	43	1	165.71859296482427	97.00502512562811
440	44	1	106.16999999999994	115.75999999999999
440	45	1	99.91999999999997	85.79499999999996
440	46	1	126.28999999999999	69.16499999999998
440	47	1	155.67336683417096	41.58291457286432
440	48	1	43.19900497512438	49.88059701492538
440	49	1	113.035175879397	90.29145728643215
440	50	1	170.37688442211055	84.31658291457285
440	51	1	134.26368159203986	2.4626865671642975
440	52	1	115.185	110.86000000000001
440	53	1	163.25500000000002	27.065000000000005
440	54	1	37.155000000000015	173.4849999999999
440	55	1	126.39303482587071	127.88059701492544
440	56	1	22.484999999999996	153.395
440	57	1	117.16000000000003	192.4150000000001
440	58	1	42.215000000000025	153.385
440	59	1	67.43	175.72000000000003
440	60	1	188.3482587064677	36.87562189054727
440	61	1	102.96499999999997	76.11
440	62	1	125.87500000000003	92.64499999999997
440	63	1	85.285	83.42500000000003
440	64	1	114.33500000000002	131.74999999999997
440	65	1	1.3084577114427864	88.5621890547264
440	66	1	181.29292929292924	27.469696969696976
440	67	1	74.84500000000001	24.884999999999994
440	68	1	58.791044776119406	39.243781094527364
440	69	1	2.8805970149253737	66.21393034825869
440	70	1	178.25999999999993	69.38999999999996
440	71	1	72.225	35.885
440	72	1	126.11499999999998	188.45499999999998
440	73	1	126.185	113.63
440	74	1	45.26500000000001	21.07500000000001
440	75	1	123.21000000000004	167.945
450	1	2	10.32	9.919999999999991
450	2	2	9.91	54.940000000000026
450	3	2	10.271739130434783	100
450	4	2	10.000000000000004	145
450	5	2	9.78	189.93
450	6	2	54.97999999999999	9.810000000000004
450	7	2	55.02000000000001	55.22999999999999
450	8	2	54.95	99.83999999999995
450	9	2	54.87999999999998	144.88
450	10	2	55.00000000000001	190.10999999999996
450	11	2	100.26	9.899999999999997
450	12	2	100.09	54.980000000000004
450	13	2	100.12	100.12000000000003
450	14	2	100.12	145.11999999999992
450	15	2	99.93	190.07999999999996
450	16	2	145.14141414141412	10.383838383838384
450	17	2	144.97999999999993	54.95000000000002
450	18	2	145.0900000000001	100.42000000000002
450	19	2	145.1599999999999	144.95
450	20	2	145.27083333333331	190.27083333333331
450	21	2	190.14	9.740000000000002
450	22	2	190.1199999999999	54.88
450	23	2	190.19148936170217	100.09574468085106
450	24	2	189.72916666666669	144.97916666666666
450	25	2	190.21999999999994	190.27999999999994
450	26	1	9.32	80.98999999999998
450	27	1	172.85	193.985
450	28	1	167.29999999999998	50.61500000000002
450	29	1	162.52	79.74500000000005
450	30	1	61.16500000000001	73.54000000000003
450	31	1	123.08999999999996	78.96000000000001
450	32	1	162.8168316831683	162.0940594059406
450	33	1	156.2650000000001	7.229999999999999
450	34	1	127.16999999999989	178.06000000000003
450	35	1	137.64000000000019	115.11500000000002
450	36	1	106.14999999999993	67.295
450	37	1	32.19000000000001	162.30500000000018
450	38	1	164.83999999999995	14.31
450	39	1	172.04522613065328	39.668341708542734
450	40	1	169.60500000000005	174.29499999999996
450	41	1	44.14999999999999	35.30999999999999
450	42	1	70.65499999999997	86.92500000000004
450	43	1	164.85	95.93000000000002
450	44	1	106.06499999999997	115.55999999999993
450	45	1	100.00497512437813	85.63184079601994
450	46	1	125.19000000000004	67.96500000000002
450	47	1	155.86000000000004	40.69999999999998
450	48	1	42.01500000000002	49.86
450	49	1	112.46231155778896	90.25628140703517
450	50	1	171.32999999999996	83.91000000000004
450	51	1	134.04999999999984	3.23
450	52	1	115.01499999999997	109.94000000000001
450	53	1	164.54499999999993	25.914999999999992
450	54	1	38.095000000000006	173.25500000000002
450	55	1	128.2935323383084	127.93034825870633
450	56	1	23.22388059701494	153.76119402985083
450	57	1	117.90452261306538	193.07035175879395
450	58	1	41.07462686567165	152.6467661691542
450	59	1	67.86999999999998	176.06499999999997
450	60	1	186.72999999999996	36.85000000000001
450	61	1	103.4925373134328	76.44278606965173
450	62	1	125.93000000000002	92.75999999999999
450	63	1	85.10050251256281	82.55778894472361
450	64	1	114.865	130.08999999999995
450	65	1	1.273631840796021	87.77114427860698
450	66	1	180.63681592039808	27.1592039800995
450	67	1	75.3532338308458	26.079601990049763
450	68	1	57.405000000000015	39.864999999999995
450	69	1	3.894999999999997	65.89999999999999
450	70	1	178.02999999999994	67.96999999999993
450	71	1	69.5929648241206	36.492462311557794
450	72	1	126.3532338308457	188.86567164179095
450	73	1	125.77999999999993	113.46999999999996
450	74	1	46.50251256281409	20.618090452261313
450	75	1	123.18090452261303	168.26633165829136
460	1	2	10.32	9.919999999999991
460	2	2	9.91	54.940000000000026
460	3	2	10.271739130434783	100
460	4	2	10.000000000000004	145
460	5	2	9.78	189.93
460	6	2	54.97999999999999	9.810000000000004
460	7	2	55.02000000000001	55.22999999999999
460	8	2	54.95	99.83999999999995
460	9	2	54.87999999999998	144.88
460	10	2	55.00000000000001	190.10999999999996
460	11	2	100.26	9.899999999999997
460	12	2	100.09	54.980000000000004
460	13	2	100.12	100.12000000000003
460	14	2	100.12	145.11999999999992
460	15	2	99.93	190.07999999999996
460	16	2	145.14141414141412	10.383838383838384
460	17	2	144.97999999999993	54.95000000000002
460	18	2	145.0900000000001	100.42000000000002
460	19	2	145.1599999999999	144.95
460	20	2	145.27083333333331	190.27083333333331
460	21	2	190.14	9.740000000000002
460	22	2	190.1199999999999	54.88
460	23	2	190.19148936170217	100.09574468085106
460	24	2	189.72916666666669	144.97916666666666
460	25	2	190.21999999999994	190.27999999999994
460	26	1	9.504999999999997	81.07500000000003
460	27	1	173.13000000000008	193.97
460	28	1	166.6899999999999	49.83499999999999
460	29	1	163.41999999999996	78.63000000000001
460	30	1	61.87939698492462	74.3768844221105
460	31	1	124.24875621890543	79.53233830845774
460	32	1	162.80499999999995	164.2150000000001
460	33	1	156.68	6.744999999999998
460	34	1	127.23115577889453	178.24623115577896
460	35	1	137.54000000000005	113.80000000000001
460	36	1	105.5	67.62000000000002
460	37	1	31.490000000000006	163.85999999999999
460	38	1	165.38500000000002	13.675000000000004
460	39	1	172.0402010050252	40.96984924623114
460	40	1	170.35499999999996	175.185
460	41	1	43.577889447236174	35.39195979899497
460	42	1	71.55999999999996	87.33999999999997
460	43	1	164.00000000000003	94.964824120603
460	44	1	105.88999999999999	115.74999999999999
460	45	1	99.79000000000002	85.52500000000005
460	46	1	124.10499999999998	67.15499999999999
460	47	1	155.10999999999999	39.80000000000001
460	48	1	40.73134328358208	50.1442786069652
460	49	1	112.59000000000003	90.15999999999998
460	50	1	171.99999999999991	83.32000000000002
460	51	1	133.6666666666667	4.218905472636815
460	52	1	114.80904522613064	109.53266331658288
460	53	1	165.05500000000004	25.12500000000001
460	54	1	39.385000000000005	172.65
460	55	1	129.78000000000003	127.62000000000013
460	56	1	24.20603015075377	154.4472361809044
460	57	1	118.885	194.1249999999999
460	58	1	40.01999999999999	152.02000000000007
460	59	1	69.07999999999994	177.60999999999993
460	60	1	185.5223880597015	36.20895522388058
460	61	1	104.45499999999998	76.85500000000002
460	62	1	125.80000000000004	93.49999999999996
460	63	1	84.82412060301515	82.42211055276381
460	64	1	115.735	128.95000000000002
460	65	1	1.4700000000000013	87.18500000000006
460	66	1	179.1306532663317	26.738693467336674
460	67	1	75.86069651741296	27.65671641791044
460	68	1	55.92000000000003	40.06500000000001
460	69	1	5.314999999999997	66.01000000000003
460	70	1	177.83168316831683	66.31683168316829
460	71	1	67.54228855721392	36.79601990049753
460	72	1	126.8492462311558	189.25125628140702
460	73	1	125.20500000000003	113.23499999999999
460	74	1	48.41708542713566	20.572864321608044
460	75	1	123.10500000000002	168.325
470	1	2	10.32	9.919999999999991
470	2	2	9.91	54.940000000000026
470	3	2	10.271739130434783	100
470	4	2	10.000000000000004	145
470	5	2	9.78	189.93
470	6	2	54.97999999999999	9.810000000000004
470	7	2	55.02000000000001	55.22999999999999
470	8	2	54.95	99.83999999999995
470	9	2	54.87999999999998	144.88
470	10	2	55.00000000000001	190.10999999999996
470	11	2	100.26	9.899999999999997
470	12	2	100.09	54.980000000000004
470	13	2	100.12	100.12000000000003
470	14	2	100.12	145.11999999999992
470	15	2	99.93	190.07999999999996
470	16	2	145.14141414141412	10.383838383838384
470	17	2	144.97999999999993	54.95000000000002
470	18	2	145.0900000000001	100.42000000000002
470	19	2	145.1599999999999	144.95
470	20	2	145.27083333333331	190.27083333333331
470	21	2	190.14	9.740000000000002
470	22	2	190.1199999999999	54.88
470	23	2	190.19148936170217	100.09574468085106
470	24	2	189.72916666666669	144.97916666666666
470	25	2	190.21999999999994	190.27999999999994
470	26	1	9.635000000000002	81.33500000000002
470	27	1	173.0849999999999	193.99
470	28	1	166.1336633663366	48.7227722772277
470	29	1	164.42211055276385	77.75376884422113
470	30	1	62.60199004975124	76.25870646766171
470	31	1	125.08499999999998	79.77999999999999
470	32	1	162.64499999999998	165.69000000000005
470	33	1	157.06499999999997	5.985000000000001
470	34	1	127.48999999999995	178.41500000000005
470	35	1	137.7549999999999	112.88500000000003
470	36	1	104.08499999999998	67.845
470	37	1	31.28500000000002	165.00500000000002
470	38	1	165.98499999999996	13.215000000000002
470	39	1	172.38499999999985	41.865
470	40	1	170.75621890547262	175.54726368159197
470	41	1	42.955000000000005	35.705
470	42	1	72.65326633165834	88.17587939698491
470	43	1	163.5920398009949	93.92039800995023
470	44	1	105.73366834170855	115.38190954773872
470	45	1	99.67000000000002	85.53000000000003
470	46	1	122.49999999999996	66.68
470	47	1	154.27363184079599	37.86069651741293
470	48	1	39.89999999999997	50.41000000000001
470	49	1	112.69499999999998	89.95500000000001
470	50	1	173.15	82.89
470	51	1	132.67999999999998	5.099999999999999
470	52	1	114.547263681592	109.22388059701493
470	53	1	165.17999999999998	24.55
470	54	1	40.67999999999998	172.14999999999992
470	55	1	131.42499999999993	127.19999999999999
470	56	1	24.889999999999997	155.7149999999999
470	57	1	119.47500000000005	194.705
470	58	1	38.64999999999999	151.62500000000006
470	59	1	70.04477611940295	179.67164179104483
470	60	1	184.60499999999993	35.69999999999999
470	61	1	105.76119402985071	77.01492537313433
470	62	1	125.59999999999995	93.89
470	63	1	84.82	82.00500000000002
470	64	1	116.91499999999994	127.50000000000001
470	65	1	1.4599999999999984	87.225
470	66	1	177.94999999999982	26.394999999999996
470	67	1	75.79207920792075	29.21782178217821
470	68	1	55.24623115577889	40.57788944723621
470	69	1	7.323383084577113	66.77611940298507
470	70	1	177.5249999999999	64.30000000000004
470	71	1	66.22	36.35500000000002
470	72	1	127.47499999999997	189.8299999999999
470	73	1	125.09499999999997	112.50999999999999
470	74	1	50.30845771144276	21.383084577114428
470	75	1	123.25000000000001	168.36499999999995
480	1	2	10.32	9.919999999999991
480	2	2	9.91	54.940000000000026
480	3	2	10.271739130434783	100
480	4	2	10.000000000000004	145
480	5	2	9.78	189.93
480	6	2	54.97999999999999	9.810000000000004
480	7	2	55.02000000000001	55.22999999999999
480	8	2	54.95	99.83999999999995
480	9	2	54.87999999999998	144.88
480	10	2	55.00000000000001	190.10999999999996
480	11	2	100.26	9.899999999999997
480	12	2	100.09	54.980000000000004
480	13	2	100.12	100.12000000000003
480	14	2	100.12	145.11999999999992
480	15	2	99.93	190.07999999999996
480	16	2	145.14141414141412	10.383838383838384
480	17	2	144.97999999999993	54.95000000000002
480	18	2	145.0900000000001	100.42000000000002
480	19	2	145.1599999999999	144.95
480	20	2	145.27083333333331	190.27083333333331
480	21	2	190.14	9.740000000000002
480	22	2	190.1199999999999	54.88
480	23	2	190.19148936170217	100.09574468085106
480	24	2	189.72916666666669	144.97916666666666
480	25	2	190.21999999999994	190.27999999999994
480	26	1	9.734999999999996	81.30000000000005
480	27	1	173.19000000000008	194.125
480	28	1	165.6400000000001	47.704999999999984
480	29	1	165.1094527363184	77.03482587064674
480	30	1	63.475	78.00500000000002
480	31	1	126.19402985074625	80.03482587064673
480	32	1	162.78712871287127	166.87623762376248
480	33	1	157.37313432835816	5.069651741293529
480	34	1	127.60199004975115	178.6666666666667
480	35	1	137.85500000000002	111.94499999999995
480	36	1	102.72500000000001	68.49000000000005
480	37	1	30.915422885572138	166.40796019900495
480	38	1	166.18499999999992	12.889999999999999
480	39	1	172.49748743718584	42.28140703517585
480	40	1	171.09999999999994	176.19000000000005
480	41	1	42.61000000000001	35.65999999999998
480	42	1	73.19	88.74999999999996
480	43	1	163.10500000000002	92.88000000000002
480	44	1	105.64999999999996	115.555
480	45	1	99.67000000000002	85.59499999999998
480	46	1	120.94000000000003	66.58500000000004
480	47	1	153.31343283582095	36.78109452736318
480	48	1	38.592039800995046	50.338308457711435
480	49	1	113.17500000000004	90.13499999999998
480	50	1	174.0349999999999	82.17000000000002
480	51	1	131.4950000000001	6.16
480	52	1	114.21393034825861	108.48258706467662
480	53	1	165.71499999999992	23.98999999999999
480	54	1	41.899999999999956	171.45999999999998
480	55	1	132.57711442786058	126.57213930348253
480	56	1	26.353233830845767	156.7164179104478
480	57	1	119.78391959798998	195.2864321608041
480	58	1	38.27499999999999	151.43000000000004
480	59	1	71.820895522388	180.9950248756219
480	60	1	183.9145728643216	35.38693467336683
480	61	1	107.40703517587941	77.20603015075375
480	62	1	125.56716417910447	95.15422885572143
480	63	1	85.05999999999999	81.59000000000006
480	64	1	118.34499999999997	126.25500000000004
480	65	1	1.4750000000000014	86.95499999999997
480	66	1	177.41499999999996	25.92499999999999
480	67	1	75.50500000000001	31.399999999999988
480	68	1	54.205000000000005	40.55499999999998
480	69	1	9.16	67.6049999999999
480	70	1	177.50746268656712	62.37810945273631
480	71	1	65.03500000000001	35.85000000000001
480	72	1	127.90954773869346	190.41708542713565
480	73	1	125.10999999999996	111.58499999999998
480	74	1	51.160000000000004	22.475000000000012
480	75	1	122.91000000000001	168.7700000000001
490	1	2	10.32	9.919999999999991
490	2	2	9.91	54.940000000000026
490	3	2	10.271739130434783	100
490	4	2	10.000000000000004	145
490	5	2	9.78	189.93
490	6	2	54.97999999999999	9.810000000000004
490	7	2	55.02000000000001	55.22999999999999
490	8	2	54.95	99.83999999999995
490	9	2	54.87999999999998	144.88
490	10	2	55.00000000000001	190.10999999999996
490	11	2	100.26	9.899999999999997
490	12	2	100.09	54.980000000000004
490	13	2	100.12	100.12000000000003
490	14	2	100.12	145.11999999999992
490	15	2	99.93	190.07999999999996
490	16	2	145.14141414141412	10.383838383838384
490	17	2	144.97999999999993	54.95000000000002
490	18	2	145.0900000000001	100.42000000000002
490	19	2	145.1599999999999	144.95
490	20	2	145.27083333333331	190.27083333333331
490	21	2	190.14	9.740000000000002
490	22	2	190.1199999999999	54.88
490	23	2	190.19148936170217	100.09574468085106
490	24	2	189.72916666666669	144.97916666666666
490	25	2	190.21999999999994	190.27999999999994
490	26	1	9.40298507462687	80.62189054726367
490	27	1	172.7450000000001	194.495
490	28	1	165.00500000000014	46.79999999999998
490	29	1	165.8549999999999	76.04000000000003
490	30	1	63.97999999999998	79.16999999999997
490	31	1	126.85499999999998	79.80999999999999
490	32	1	163.40000000000003	168.55500000000012
490	33	1	157.71000000000004	3.985000000000003
490	34	1	127.65499999999999	178.79499999999993
490	35	1	137.71356783919592	111.59296482412059
490	36	1	101.2587064676617	69.0199004975124
490	37	1	29.76500000000002	167.83999999999997
490	38	1	165.9651741293533	12.860696517412938
490	39	1	172.7350000000001	42.84999999999999
490	40	1	170.4900000000001	177.33000000000013
490	41	1	42.34500000000002	35.64999999999999
490	42	1	73.48000000000002	89.35999999999993
490	43	1	162.7611940298509	91.30348258706472
490	44	1	105.89000000000003	115.53499999999995
490	45	1	99.77114427860701	85.45273631840794
490	46	1	119.66500000000003	66.52500000000002
490	47	1	152.55499999999992	36.12500000000002
490	48	1	37.13567839195982	50.35175879396982
490	49	1	113.63000000000001	90.32499999999999
490	50	1	174.90500000000003	81.20999999999995
490	51	1	130.14000000000001	7.310000000000001
490	52	1	113.99499999999996	108.35999999999994
490	53	1	166.2	23.589999999999996
490	54	1	42.92999999999998	169.875
490	55	1	133.14499999999998	126.18999999999998
490	56	1	28.195000000000004	157.12000000000012
490	57	1	119.97499999999992	195.94500000000005
490	58	1	38.025000000000006	151.52500000000003
490	59	1	73.56716417910447	183.0845771144279
490	60	1	183.42000000000007	35.06
490	61	1	108.96499999999999	77.14499999999992
490	62	1	125.65499999999999	96.32
490	63	1	84.88000000000001	80.91999999999999
490	64	1	119.29353233830847	126.31343283582092
490	65	1	1.475	86.87999999999997
490	66	1	177.05	25.829999999999995
490	67	1	75.53500000000001	32.81500000000005
490	68	1	53.5175879396985	41.135678391959786
490	69	1	11.398009950248753	68.3681592039801
490	70	1	177.37499999999997	61.180000000000014
490	71	1	64.51758793969847	35.91959798994975
490	72	1	127.77499999999999	190.67000000000002
490	73	1	124.79	111.18499999999993
490	74	1	52.09452736318408	24.199004975124378
490	75	1	122.54271356783919	169.23115577889448
500	1	2	10.32	9.919999999999991
500	2	2	9.91	54.940000000000026
500	3	2	10.271739130434783	100
500	4	2	10.000000000000004	145
500	5	2	9.78	189.93
500	6	2	54.97999999999999	9.810000000000004
500	7	2	55.02000000000001	55.22999999999999
500	8	2	54.95	99.83999999999995
500	9	2	54.87999999999998	144.88
500	10	2	55.00000000000001	190.10999999999996
500	11	2	100.26	9.899999999999997
500	12	2	100.09	54.980000000000004
500	13	2	100.12	100.12000000000003
500	14	2	100.12	145.11999999999992
500	15	2	99.93	190.07999999999996
500	16	2	145.14141414141412	10.383838383838384
500	17	2	144.97999999999993	54.95000000000002
500	18	2	145.0900000000001	100.42000000000002
500	19	2	145.1599999999999	144.95
500	20	2	145.27083333333331	190.27083333333331
500	21	2	190.14	9.740000000000002
500	22	2	190.1199999999999	54.88
500	23	2	190.19148936170217	100.09574468085106
500	24	2	189.72916666666669	144.97916666666666
500	25	2	190.21999999999994	190.27999999999994
500	26	1	9.064999999999998	79.945
500	27	1	172.27135678391957	195.10552763819095
500	28	1	164.17000000000004	45.710000000000015
500	29	1	166.21890547263672	75.55721393034824
500	30	1	64.33500000000001	80.53499999999997
500	31	1	127.42499999999998	80.02999999999997
500	32	1	163.38	170.23
500	33	1	157.9699999999999	3.5450000000000026
500	34	1	127.35500000000003	178.825
500	35	1	138.095	111.36000000000003
500	36	1	100.43781094527357	69.54726368159204
500	37	1	28.724999999999987	169.64999999999998
500	38	1	165.64824120603015	12.939698492462307
500	39	1	172.82000000000005	43.07999999999997
500	40	1	170.32000000000005	178.29000000000005
500	41	1	42.358208955223866	35.363184079602
500	42	1	73.77	89.74999999999999
500	43	1	162.60499999999993	90.65500000000003
500	44	1	106.35499999999993	116.30000000000005
500	45	1	100.06000000000002	85.62499999999994
500	46	1	118.64999999999998	66.41999999999997
500	47	1	151.53000000000003	35.100000000000044
500	48	1	36.35323383084578	50.313432835820905
500	49	1	114.48499999999999	90.14000000000003
500	50	1	175.05527638190947	80.86432160804019
500	51	1	128.69000000000005	8.38000000000001
500	52	1	113.65000000000006	108.18500000000003
500	53	1	166.31155778894464	23.562814070351752
500	54	1	43.13999999999999	167.7200000000001
500	55	1	134.25628140703515	125.4974874371859
500	56	1	29.23383084577114	158.09950248756218
500	57	1	119.85499999999998	196.05999999999995
500	58	1	37.81000000000003	151.35500000000005
500	59	1	74.82	183.69500000000005
500	60	1	183.09499999999997	34.92499999999998
500	61	1	110.205	77.14999999999998
500	62	1	126.20603015075379	96.98492462311555
500	63	1	84.75999999999999	80.84000000000002
500	64	1	120.6865671641791	126.31343283582089
500	65	1	1.5599999999999998	86.72499999999998
500	66	1	176.97500000000005	25.640000000000015
500	67	1	75.78499999999993	34.189999999999976
500	68	1	53.05999999999998	41.87000000000001
500	69	1	12.909547738693464	68.86934673366835
500	70	1	176.94999999999993	60.195
500	71	1	64.145	35.58999999999998
500	72	1	128.24000000000004	191.45999999999995
500	73	1	124.56783919597994	111.07035175879398
500	74	1	53.19000000000002	25.734999999999996
500	75	1	122.42000000000003	169.9
510	1	2	10.32	9.919999999999991
510	2	2	9.91	54.940000000000026
510	3	2	10.271739130434783	100
510	4	2	10.000000000000004	145
510	5	2	9.78	189.93
510	6	2	54.97999999999999	9.810000000000004
510	7	2	55.02000000000001	55.22999999999999
510	8	2	54.95	99.83999999999995
510	9	2	54.87999999999998	144.88
510	10	2	55.00000000000001	190.10999999999996
510	11	2	100.26	9.899999999999997
510	12	2	100.09	54.980000000000004
510	13	2	100.12	100.12000000000003
510	14	2	100.12	145.11999999999992
510	15	2	99.93	190.07999999999996
510	16	2	145.14141414141412	10.383838383838384
510	17	2	144.97999999999993	54.95000000000002
510	18	2	145.0900000000001	100.42000000000002
510	19	2	145.1599999999999	144.95
510	20	2	145.27083333333331	190.27083333333331
510	21	2	190.14	9.740000000000002
510	22	2	190.1199999999999	54.88
510	23	2	190.19148936170217	100.09574468085106
510	24	2	189.72916666666669	144.97916666666666
510	25	2	190.21999999999994	190.27999999999994
510	26	1	8.839999999999996	79.17999999999999
510	27	1	172.21500000000006	195.37
510	28	1	163.2437810945275	44.960199004975145
510	29	1	166.6300000000001	75.19999999999996
510	30	1	64.67000000000002	82.18999999999993
510	31	1	127.60696517412939	79.98009950248752
510	32	1	162.58499999999992	172.27500000000006
510	33	1	158.12499999999997	3.624999999999997
510	34	1	126.63681592039802	179.42288557213945
510	35	1	138.93969849246233	111.56783919597994
510	36	1	99.355	70.435
510	37	1	28.629999999999985	170.5800000000001
510	38	1	165.32999999999996	13.099999999999996
510	39	1	172.58999999999995	42.79500000000002
510	40	1	170.39800995024896	178.8557213930348
510	41	1	42.261306532663326	35.24120603015078
510	42	1	74.5223880597015	89.97512437810941
510	43	1	162.9850746268656	90.16417910447761
510	44	1	106.88999999999997	117.22499999999995
510	45	1	100.33999999999997	85.92000000000004
510	46	1	117.06930693069312	66.02475247524752
510	47	1	150.61500000000004	34.459999999999994
510	48	1	35.43500000000002	49.855
510	49	1	114.85500000000005	89.95500000000001
510	50	1	175.39393939393932	80.26262626262627
510	51	1	127.86500000000001	9.200000000000003
510	52	1	113.30845771144283	107.79104477611934
510	53	1	166.33000000000004	23.729999999999997
510	54	1	43.51499999999998	166.85999999999999
510	55	1	134.94499999999988	125.125
510	56	1	30.02487562189055	158.8308457711443
510	57	1	119.57788944723623	196.50251256281408
510	58	1	37.37000000000001	151.14999999999986
510	59	1	76.10000000000002	185
510	60	1	182.94999999999993	34.7
510	61	1	111.18905472636823	77.01990049751242
510	62	1	126.7587939698492	97.35678391959792
510	63	1	84.10500000000006	80.38500000000003
510	64	1	121.71356783919595	125.9698492462312
510	65	1	1.685	86.71499999999996
510	66	1	176.84999999999994	25.344999999999995
510	67	1	75.9452736318408	35.70149253731344
510	68	1	52.4120603015075	42.653266331658266
510	69	1	14.555000000000001	69.845
510	70	1	176.44278606965167	59.05472636815919
510	71	1	63.76499999999998	35.014999999999986
510	72	1	128.85499999999996	192.5350000000001
510	73	1	124.56716417910445	110.67661691542285
510	74	1	53.569999999999986	26.375000000000014
510	75	1	122.31500000000005	170.25500000000005
520	1	2	10.32	9.919999999999991
520	2	2	9.91	54.940000000000026
520	3	2	10.271739130434783	100
520	4	2	10.000000000000004	145
520	5	2	9.78	189.93
520	6	2	54.97999999999999	9.810000000000004
520	7	2	55.02000000000001	55.22999999999999
520	8	2	54.95	99.83999999999995
520	9	2	54.87999999999998	144.88
520	10	2	55.00000000000001	190.10999999999996
520	11	2	100.26	9.899999999999997
520	12	2	100.09	54.980000000000004
520	13	2	100.12	100.12000000000003
520	14	2	100.12	145.11999999999992
520	15	2	99.93	190.07999999999996
520	16	2	145.14141414141412	10.383838383838384
520	17	2	144.97999999999993	54.95000000000002
520	18	2	145.0900000000001	100.42000000000002
520	19	2	145.1599999999999	144.95
520	20	2	145.27083333333331	190.27083333333331
520	21	2	190.14	9.740000000000002
520	22	2	190.1199999999999	54.88
520	23	2	190.19148936170217	100.09574468085106
520	24	2	189.72916666666669	144.97916666666666
520	25	2	190.21999999999994	190.27999999999994
520	26	1	8.764999999999999	78.77500000000003
520	27	1	172.035	195.695
520	28	1	162.30150753768837	43.92462311557787
520	29	1	166.8849999999999	74.67499999999995
520	30	1	64.94000000000003	83.31
520	31	1	128.08	80.39499999999995
520	32	1	162.00995024875613	172.88557213930346
520	33	1	158.19000000000005	3.549999999999999
520	34	1	126.06000000000003	179.74999999999994
520	35	1	139.82000000000002	111.61999999999999
520	36	1	98.58793969849245	71.23115577889443
520	37	1	28.93034825870647	171.5771144278607
520	38	1	165.20499999999996	13.285000000000004
520	39	1	172.39698492462315	42.462311557788915
520	40	1	170.21890547263692	179.23880597014917
520	41	1	42.21999999999999	35.280000000000015
520	42	1	76.05025125628141	90.17587939698493
520	43	1	163.13499999999993	89.75000000000003
520	44	1	107.90547263681592	118.13432835820896
520	45	1	100.41708542713569	86.16582914572864
520	46	1	115.42	66.04500000000007
520	47	1	150.1608040201006	34.13065326633165
520	48	1	33.86500000000001	49.80500000000002
520	49	1	115.01999999999998	89.55999999999999
520	50	1	175.7386934673368	79.64824120603015
520	51	1	126.20895522388058	10.328358208955223
520	52	1	113.18090452261303	107.04020100502515
520	53	1	166.46	23.694999999999993
520	54	1	44.51499999999999	165.72500000000002
520	55	1	136.82000000000005	124.07500000000005
520	56	1	30.930348258706466	159.98507462686572
520	57	1	119.34673366834173	196.51758793969842
520	58	1	36.86500000000002	151.065
520	59	1	77.08499999999997	186.23499999999996
520	60	1	183.17412935323372	33.70149253731343
520	61	1	112.2089552238806	76.99999999999994
520	62	1	126.92039800995025	97.45771144278608
520	63	1	83.22388059701494	79.75124378109456
520	64	1	123.52499999999995	125.56500000000001
520	65	1	1.7849999999999988	86.30000000000001
520	66	1	176.59000000000006	24.974999999999994
520	67	1	76.12437810945275	37.64179104477614
520	68	1	51.84	43.380000000000024
520	69	1	15.696517412935327	70.37810945273628
520	70	1	176.07960199004984	58.039800995024905
520	71	1	63.89447236180905	34.814070351758794
520	72	1	129.46	194.01000000000005
520	73	1	124.50000000000006	110.64500000000002
520	74	1	54.045000000000016	26.834999999999994
520	75	1	121.74874371859296	170.93969849246233
530	1	2	10.32	9.919999999999991
530	2	2	9.91	54.940000000000026
530	3	2	10.271739130434783	100
530	4	2	10.000000000000004	145
530	5	2	9.78	189.93
530	6	2	54.97999999999999	9.810000000000004
530	7	2	55.02000000000001	55.22999999999999
530	8	2	54.95	99.83999999999995
530	9	2	54.87999999999998	144.88
530	10	2	55.00000000000001	190.10999999999996
530	11	2	100.26	9.899999999999997
530	12	2	100.09	54.980000000000004
530	13	2	100.12	100.12000000000003
530	14	2	100.12	145.11999999999992
530	15	2	99.93	190.07999999999996
530	16	2	145.14141414141412	10.383838383838384
530	17	2	144.97999999999993	54.95000000000002
530	18	2	145.0900000000001	100.42000000000002
530	19	2	145.1599999999999	144.95
530	20	2	145.27083333333331	190.27083333333331
530	21	2	190.14	9.740000000000002
530	22	2	190.1199999999999	54.88
530	23	2	190.19148936170217	100.09574468085106
530	24	2	189.72916666666669	144.97916666666666
530	25	2	190.21999999999994	190.27999999999994
530	26	1	8.517587939698492	77.964824120603
530	27	1	172.09045226130652	196.56281407035175
530	28	1	161.28855721393037	43.20895522388059
530	29	1	167.04000000000013	74.32000000000004
530	30	1	65.57213930348257	84.84577114427857
530	31	1	128.31499999999997	81.25
530	32	1	161.93467336683415	173.10050251256268
530	33	1	158.31	3.365000000000001
530	34	1	125.25500000000001	180.69000000000005
530	35	1	140.565	111.49500000000008
530	36	1	98.79499999999999	72.945
530	37	1	28.620000000000015	171.905
530	38	1	163.81999999999994	14.054999999999996
530	39	1	172.375	42.22000000000004
530	40	1	169.83	179.50500000000005
530	41	1	42.25000000000001	35.204999999999984
530	42	1	78.01492537313435	90.3681592039801
530	43	1	163.95999999999998	89.19999999999997
530	44	1	109.47524752475246	119.13861386138615
530	45	1	101.15999999999998	86.74000000000002
530	46	1	114.05500000000002	65.19499999999995
530	47	1	149.5899999999998	33.914999999999964
530	48	1	32.350000000000016	49.66
530	49	1	115.42000000000002	89.025
530	50	1	176.06500000000005	78.51500000000001
530	51	1	124.54228855721388	11.72636815920398
530	52	1	112.83084577114431	106.65671641791046
530	53	1	166.43216080402004	23.934673366834172
530	54	1	45.1044776119403	164.95522388059692
530	55	1	137.88999999999996	122.96500000000002
530	56	1	31.844999999999995	160.82499999999996
530	57	1	119.25373134328363	197.15920398009953
530	58	1	35.92500000000002	150.98500000000007
530	59	1	77.62189054726367	187.75124378109456
530	60	1	183.44999999999987	32.29999999999998
530	61	1	114.02500000000003	75.91999999999999
530	62	1	127.19500000000002	97.90499999999997
530	63	1	82.67661691542285	79.40796019900495
530	64	1	125.44221105527637	126.16080402010054
530	65	1	1.8549999999999986	86.365
530	66	1	176.575	24.550000000000004
530	67	1	75.56716417910447	39.791044776119385
530	68	1	50.76	44.40999999999999
530	69	1	17.340000000000003	71.46999999999996
530	70	1	175.70351758793973	57.31155778894471
530	71	1	64.205	35.03999999999997
530	72	1	129.505	195.21999999999994
530	73	1	124.48500000000003	110.65500000000002
530	74	1	54.65326633165829	27.49246231155781
530	75	1	121.69346733668343	171.39698492462304
540	1	2	10.32	9.919999999999991
540	2	2	9.91	54.940000000000026
540	3	2	10.271739130434783	100
540	4	2	10.000000000000004	145
540	5	2	9.78	189.93
540	6	2	54.97999999999999	9.810000000000004
540	7	2	55.02000000000001	55.22999999999999
540	8	2	54.95	99.83999999999995
540	9	2	54.87999999999998	144.88
540	10	2	55.00000000000001	190.10999999999996
540	11	2	100.26	9.899999999999997
540	12	2	100.09	54.980000000000004
540	13	2	100.12	100.12000000000003
540	14	2	100.12	145.11999999999992
540	15	2	99.93	190.07999999999996
540	16	2	145.14141414141412	10.383838383838384
540	17	2	144.97999999999993	54.95000000000002
540	18	2	145.0900000000001	100.42000000000002
540	19	2	145.1599999999999	144.95
540	20	2	145.27083333333331	190.27083333333331
540	21	2	190.14	9.740000000000002
540	22	2	190.1199999999999	54.88
540	23	2	190.19148936170217	100.09574468085106
540	24	2	189.72916666666669	144.97916666666666
540	25	2	190.21999999999994	190.27999999999994
540	26	1	8.59	76.81500000000003
540	27	1	171.99999999999994	197.505
540	28	1	159.765	42.725
540	29	1	167.3283582089552	73.78606965174129
540	30	1	66.85074626865672	86.57213930348266
540	31	1	128.47236180904525	82.48241206030143
540	32	1	161.34499999999989	173.60499999999996
540	33	1	158.62500000000006	2.934999999999999
540	34	1	124.565	181.45999999999992
540	35	1	141.65000000000012	111.26000000000005
540	36	1	99.56218905472645	74.24875621890547
540	37	1	28.487437185929643	172.32160804020089
540	38	1	163.05472636815918	14.572139303482592
540	39	1	171.59499999999994	41.68000000000001
540	40	1	169.32500000000007	179.74499999999992
540	41	1	42.26000000000003	35.649999999999984
540	42	1	80.51000000000003	90.10000000000002
540	43	1	164.37000000000006	89.31999999999998
540	44	1	111.74129353233832	119.89552238805975
540	45	1	101.1105527638191	87.08542713567842
540	46	1	113.34500000000001	64.46499999999996
540	47	1	148.66999999999996	33.839999999999996
540	48	1	31.62814070351759	49.68341708542714
540	49	1	115.38693467336685	88.79899497487438
540	50	1	175.94499999999988	77.98
540	51	1	124.00000000000003	13.295
540	52	1	112.26999999999995	106.10999999999997
540	53	1	166.3631840796019	24.203980099502477
540	54	1	45.190954773869365	163.93467336683418
540	55	1	138.72499999999988	122.19000000000003
540	56	1	32.293532338308445	162.07462686567172
540	57	1	119.6218905472637	198.09950248756218
540	58	1	34.85074626865674	151.15920398009945
540	59	1	77.25500000000007	189.77
540	60	1	183.62500000000006	31.545000000000005
540	61	1	114.95522388059703	75.35820895522393
540	62	1	127.415	98.05000000000001
540	63	1	81.91999999999999	78.58999999999995
540	64	1	127.2089552238806	126.51741293532339
540	65	1	2.6733668341708534	86.22613065326634
540	66	1	176.48999999999995	24.490000000000002
540	67	1	75.11	41.43999999999999
540	68	1	49.78500000000002	45.135
540	69	1	18.97500000000001	72.80000000000007
540	70	1	175.1099999999999	56.33999999999998
540	71	1	64.28500000000001	35.52499999999998
540	72	1	129.94999999999996	196.52999999999994
540	73	1	124.43499999999999	110.46000000000004
540	74	1	55.219999999999985	27.544999999999987
540	75	1	121.84079601990045	171.66666666666666
550	1	2	10.32	9.919999999999991
550	2	2	9.91	54.940000000000026
550	3	2	10.271739130434783	100
550	4	2	10.000000000000004	145
550	5	2	9.78	189.93
550	6	2	54.97999999999999	9.810000000000004
550	7	2	55.02000000000001	55.22999999999999
550	8	2	54.95	99.83999999999995
550	9	2	54.87999999999998	144.88
550	10	2	55.00000000000001	190.10999999999996
550	11	2	100.26	9.899999999999997
550	12	2	100.09	54.980000000000004
550	13	2	100.12	100.12000000000003
550	14	2	100.12	145.11999999999992
550	15	2	99.93	190.07999999999996
550	16	2	145.14141414141412	10.383838383838384
550	17	2	144.97999999999993	54.95000000000002
550	18	2	145.0900000000001	100.42000000000002
550	19	2	145.1599999999999	144.95
550	20	2	145.27083333333331	190.27083333333331
550	21	2	190.14	9.740000000000002
550	22	2	190.1199999999999	54.88
550	23	2	190.19148936170217	100.09574468085106
550	24	2	189.72916666666669	144.97916666666666
550	25	2	190.21999999999994	190.27999999999994
550	26	1	9.318407960199	76.06467661691539
550	27	1	172.17412935323378	198.3084577114428
550	28	1	158.49253731343285	42.05970149253733
550	29	1	167.61111111111103	73.32828282828284
550	30	1	67.88500000000002	88.19500000000004
550	31	1	128.59798994974875	83.5678391959799
550	32	1	160.39999999999998	174.60000000000014
550	33	1	159.08999999999992	3.3000000000000034
550	34	1	123.53233830845768	182.8955223880597
550	35	1	142.28855721393023	111.04477611940301
550	36	1	100.39999999999999	75.59500000000001
550	37	1	28.760000000000005	172.67000000000002
550	38	1	161.8994974874372	15.54773869346734
550	39	1	171.044776119403	40.89054726368161
550	40	1	168.78999999999994	179.86000000000004
550	41	1	42.32	35.83000000000003
550	42	1	81.89552238805965	90.35323383084582
550	43	1	165.15999999999997	89.33499999999997
550	44	1	113.77499999999995	120.72999999999998
550	45	1	100.99000000000004	87.41999999999997
550	46	1	111.81909547738691	64.0301507537689
550	47	1	147.776119402985	33.86567164179105
550	48	1	30.704999999999995	49.64500000000002
550	49	1	115.99500000000003	88.43500000000002
550	50	1	175.945	77.32
550	51	1	123.27860696517405	14.527363184079606
550	52	1	111.55499999999999	106.60500000000008
550	53	1	166.57999999999998	24.21
550	54	1	45.54	162.98499999999996
550	55	1	139.8855721393034	121.19900497512432
550	56	1	32.62999999999999	163.16999999999996
550	57	1	119.94999999999995	199.82499999999996
550	58	1	33.904999999999994	151.90500000000003
550	59	1	77.01492537313433	191.14925373134326
550	60	1	184.07000000000002	30.65500000000001
550	61	1	115.495	74.64000000000006
550	62	1	128.36815920398013	98.24875621890548
550	63	1	80.79000000000002	78.52499999999999
550	64	1	128.96517412935322	126.08955223880596
550	65	1	3.2899999999999974	86.26500000000001
550	66	1	176.72361809045228	24.72361809045226
550	67	1	74.59	42.04499999999999
550	68	1	48.743718592964846	45.91457286432162
550	69	1	20.285	74.29000000000003
550	70	1	174.19000000000005	55.199999999999996
550	71	1	64.70149253731344	35.93034825870647
550	72	1	130.35499999999996	197.92499999999998
550	73	1	124.29850746268653	109.99004975124377
550	74	1	55.79396984924624	27.969849246231156
550	75	1	122.03980099502496	172.1940298507463
560	1	2	10.32	9.919999999999991
560	2	2	9.91	54.940000000000026
560	3	2	10.271739130434783	100
560	4	2	10.000000000000004	145
560	5	2	9.78	189.93
560	6	2	54.97999999999999	9.810000000000004
560	7	2	55.02000000000001	55.22999999999999
560	8	2	54.95	99.83999999999995
560	9	2	54.87999999999998	144.88
560	10	2	55.00000000000001	190.10999999999996
560	11	2	100.26	9.899999999999997
560	12	2	100.09	54.980000000000004
560	13	2	100.12	100.12000000000003
560	14	2	100.12	145.11999999999992
560	15	2	99.93	190.07999999999996
560	16	2	145.14141414141412	10.383838383838384
560	17	2	144.97999999999993	54.95000000000002
560	18	2	145.0900000000001	100.42000000000002
560	19	2	145.1599999999999	144.95
560	20	2	145.27083333333331	190.27083333333331
560	21	2	190.14	9.740000000000002
560	22	2	190.1199999999999	54.88
560	23	2	190.19148936170217	100.09574468085106
560	24	2	189.72916666666669	144.97916666666666
560	25	2	190.21999999999994	190.27999999999994
560	26	1	9.939999999999996	75.39000000000001
560	27	1	172.245	198.99
560	28	1	157.44278606965182	42.16915422885571
560	29	1	167.84500000000003	73.07500000000003
560	30	1	69.73500000000003	89.58500000000004
560	31	1	128.59296482412068	84.2713567839196
560	32	1	160.16582914572865	174.93467336683418
560	33	1	159.69154228855712	3.4129353233830853
560	34	1	122.60696517412934	184.67661691542287
560	35	1	143.3417085427137	110.87939698492461
560	36	1	101.20792079207921	76.82673267326736
560	37	1	28.575	172.82999999999993
560	38	1	161.01000000000002	16.485000000000017
560	39	1	170.70646766169165	40.51741293532335
560	40	1	168.39698492462315	179.88442211055275
560	41	1	42.9502487562189	35.432835820895534
560	42	1	83.77611940298507	90.14925373134332
560	43	1	166.2249999999999	89.14500000000001
560	44	1	116.15920398009955	121.17910447761193
560	45	1	100.96482412060307	87.76381909547739
560	46	1	110.74	64.05999999999999
560	47	1	146.88059701492543	34.03482587064679
560	48	1	29.522388059701502	49.567164179104466
560	49	1	116.40298507462683	88.43781094527361
560	50	1	176.005	76.89499999999997
560	51	1	122.12999999999998	15.439999999999998
560	52	1	110.70000000000005	107.30499999999995
560	53	1	166.56218905472636	24.328358208955233
560	54	1	45.69154228855723	162.29353233830855
560	55	1	140.30845771144283	119.99502487562188
560	56	1	32.779999999999994	163.7299999999999
560	57	1	119.96999999999997	1.1199999999999761
560	58	1	33.33499999999999	152.41999999999996
560	59	1	76.48000000000002	192.67
560	60	1	184.64824120603018	29.296482412060318
560	61	1	116.12000000000006	73.93500000000002
560	62	1	129.2799999999999	98.285
560	63	1	79.68844221105526	78.26633165829146
560	64	1	130.585	125.92999999999999
560	65	1	4.368159203980098	86.04975124378109
560	66	1	176.55999999999997	25.159999999999993
560	67	1	73.98000000000006	43.33
560	68	1	47.38000000000001	46.480000000000004
560	69	1	21.520000000000003	74.985
560	70	1	173.7699999999999	53.515000000000015
560	71	1	64.57000000000002	36.51000000000002
560	72	1	130.98492462311555	199.683417085427
560	73	1	124.15346534653465	109.47029702970296
560	74	1	56.93000000000001	28.120000000000008
560	75	1	122.30999999999999	172.635
570	1	2	10.32	9.919999999999991
570	2	2	9.91	54.940000000000026
570	3	2	10.271739130434783	100
570	4	2	10.000000000000004	145
570	5	2	9.78	189.93
570	6	2	54.97999999999999	9.810000000000004
570	7	2	55.02000000000001	55.22999999999999
570	8	2	54.95	99.83999999999995
570	9	2	54.87999999999998	144.88
570	10	2	55.00000000000001	190.10999999999996
570	11	2	100.26	9.899999999999997
570	12	2	100.09	54.980000000000004
570	13	2	100.12	100.12000000000003
570	14	2	100.12	145.11999999999992
570	15	2	99.93	190.07999999999996
570	16	2	145.14141414141412	10.383838383838384
570	17	2	144.97999999999993	54.95000000000002
570	18	2	145.0900000000001	100.42000000000002
570	19	2	145.1599999999999	144.95
570	20	2	145.27083333333331	190.27083333333331
570	21	2	190.14	9.740000000000002
570	22	2	190.1199999999999	54.88
570	23	2	190.19148936170217	100.09574468085106
570	24	2	189.72916666666669	144.97916666666666
570	25	2	190.21999999999994	190.27999999999994
570	26	1	11.309999999999993	75.17999999999999
570	27	1	172.26500000000001	0.35499999999999987
570	28	1	156.33668341708542	42.05527638190954
570	29	1	168.12060301507537	72.70854271356784
570	30	1	70.9402985074627	90.39800995024873
570	31	1	128.815	85.015
570	32	1	159.69000000000003	175.50499999999997
570	33	1	160.06500000000005	3.744999999999999
570	34	1	122.31658291457289	186.30653266331655
570	35	1	144.2835820895523	110.97512437810946
570	36	1	102.62189054726363	77.96517412935324
570	37	1	29.255000000000003	173.48500000000007
570	38	1	160.02985074626855	17.55223880597014
570	39	1	170.24000000000004	40.53
570	40	1	167.63681592039802	180.4477611940298
570	41	1	43.60199004975124	35.482587064676636
570	42	1	85.09000000000002	89.47499999999997
570	43	1	166.8	89.145
570	44	1	117.89552238805972	121.37810945273635
570	45	1	100.78500000000001	87.985
570	46	1	109.42499999999997	64.23999999999998
570	47	1	145.94000000000003	34.38999999999999
570	48	1	28.49253731343283	49.25870646766167
570	49	1	117.06965174129354	87.98009950248755
570	50	1	175.84000000000006	76.97000000000001
570	51	1	121.12999999999998	16.205000000000002
570	52	1	110.18090452261305	108.60804020100502
570	53	1	166.65499999999992	24.354999999999993
570	54	1	45.743718592964825	161.60301507537687
570	55	1	140.625	118.94999999999996
570	56	1	32.995	164.11000000000004
570	57	1	120.18500000000002	1.924999999999983
570	58	1	32.705	153.0599999999999
570	59	1	76.76000000000006	193.44
570	60	1	185.28855721393037	28.36815920398011
570	61	1	116.89500000000004	72.99499999999996
570	62	1	129.5778894472362	98.35678391959802
570	63	1	78.60000000000007	77.80000000000001
570	64	1	131.70500000000004	125.67499999999997
570	65	1	5.696517412935321	85.95522388059703
570	66	1	176.0646766169154	26.06467661691541
570	67	1	73.29353233830842	44.243781094527385
570	68	1	45.87064676616915	47.17910447761196
570	69	1	22.935323383084583	75.57213930348261
570	70	1	173.06499999999988	52.57999999999999
570	71	1	64.28643216080403	37.85929648241204
570	72	1	131.28855721393035	0.7810945273631376
570	73	1	123.66500000000002	108.90000000000003
570	74	1	58.22499999999999	29.245000000000005
570	75	1	122.81094527363177	173.4626865671642
580	1	2	10.32	9.919999999999991
580	2	2	9.91	54.940000000000026
580	3	2	10.271739130434783	100
580	4	2	10.000000000000004	145
580	5	2	9.78	189.93
580	6	2	54.97999999999999	9.810000000000004
580	7	2	55.02000000000001	55.22999999999999
580	8	2	54.95	99.83999999999995
580	9	2	54.87999999999998	144.88
580	10	2	55.00000000000001	190.10999999999996
580	11	2	100.26	9.899999999999997
580	12	2	100.09	54.980000000000004
580	13	2	100.12	100.12000000000003
580	14	2	100.12	145.11999999999992
580	15	2	99.93	190.07999999999996
580	16	2	145.14141414141412	10.383838383838384
580	17	2	144.97999999999993	54.95000000000002
580	18	2	145.0900000000001	100.42000000000002
580	19	2	145.1599999999999	144.95
580	20	2	145.27083333333331	190.27083333333331
580	21	2	190.14	9.740000000000002
580	22	2	190.1199999999999	54.88
580	23	2	190.19148936170217	100.09574468085106
580	24	2	189.72916666666669	144.97916666666666
580	25	2	190.21999999999994	190.27999999999994
580	26	1	12.323383084577115	74.63681592039796
580	27	1	172.80499999999998	1.0400000000000018
580	28	1	155.42999999999995	42.77000000000001
580	29	1	168.0149253731343	72.62189054726362
580	30	1	72.87064676616913	91.44278606965172
580	31	1	128.8291457286432	85.35678391959796
580	32	1	159.26368159203983	176.06965174129357
580	33	1	160.9549999999999	4.085
580	34	1	121.93499999999997	187.82500000000007
580	35	1	145.18999999999997	110.97499999999998
580	36	1	103.90999999999995	78.86999999999998
580	37	1	30.384999999999998	174.565
580	38	1	159.46500000000017	18.57499999999999
580	39	1	169.5074626865671	40.40796019900498
580	40	1	166.6499999999999	181.33000000000004
580	41	1	44.30999999999999	35.62000000000001
580	42	1	86.59000000000003	89.28499999999997
580	43	1	168.16000000000003	89.145
580	44	1	119.17500000000003	121.50499999999998
580	45	1	100.94999999999997	88.17999999999998
580	46	1	108.175	64.97499999999998
580	47	1	145.20000000000002	34.84
580	48	1	27.89	48.95999999999999
580	49	1	117.52999999999999	87.945
580	50	1	175.67839195979886	76.83919597989949
580	51	1	120.39500000000005	16.88500000000001
580	52	1	109.77114427860697	109.62189054726366
580	53	1	166.8	24.079999999999995
580	54	1	45.864999999999995	161.125
580	55	1	140.81499999999997	118.22500000000007
580	56	1	33.13000000000002	164.56499999999997
580	57	1	119.675	2.5900000000000603
580	58	1	32.289999999999985	153.55000000000007
580	59	1	76.82499999999999	194.01000000000016
580	60	1	185.8199999999999	27.2
580	61	1	117.45771144278608	72.33830845771145
580	62	1	130.05025125628137	98.39698492462311
580	63	1	77.69500000000004	77.895
580	64	1	132.70000000000005	125.53
580	65	1	7.064999999999999	85.95
580	66	1	175.44999999999993	27.029999999999987
580	67	1	72.16417910447755	45.60696517412932
580	68	1	44.62814070351759	47.98492462311557
580	69	1	24.34	75.40500000000002
580	70	1	172.7910447761194	52.0497512437811
580	71	1	63.70000000000003	38.57000000000002
580	72	1	131.53500000000014	1.6599999999998545
580	73	1	123.7	108.96500000000002
580	74	1	59.785	29.70999999999999
580	75	1	123.28358208955225	174.4228855721393
590	1	2	10.32	9.919999999999991
590	2	2	9.91	54.940000000000026
590	3	2	10.271739130434783	100
590	4	2	10.000000000000004	145
590	5	2	9.78	189.93
590	6	2	54.97999999999999	9.810000000000004
590	7	2	55.02000000000001	55.22999999999999
590	8	2	54.95	99.83999999999995
590	9	2	54.87999999999998	144.88
590	10	2	55.00000000000001	190.10999999999996
590	11	2	100.26	9.899999999999997
590	12	2	100.09	54.980000000000004
590	13	2	100.12	100.12000000000003
590	14	2	100.12	145.11999999999992
590	15	2	99.93	190.07999999999996
590	16	2	145.14141414141412	10.383838383838384
590	17	2	144.97999999999993	54.95000000000002
590	18	2	145.0900000000001	100.42000000000002
590	19	2	145.1599999999999	144.95
590	20	2	145.27083333333331	190.27083333333331
590	21	2	190.14	9.740000000000002
590	22	2	190.1199999999999	54.88
590	23	2	190.19148936170217	100.09574468085106
590	24	2	189.72916666666669	144.97916666666666
590	25	2	190.21999999999994	190.27999999999994
590	26	1	14.065000000000003	74.05999999999997
590	27	1	173.42786069651734	1.49751243781094
590	28	1	154.78109452736322	42.99004975124379
590	29	1	168.29999999999976	72.495
590	30	1	74.39	91.97999999999999
590	31	1	128.92000000000004	85.62500000000001
590	32	1	158.31500000000005	176.82000000000005
590	33	1	161.9306930693068	4.549504950495054
590	34	1	121.58706467661689	189.09452736318417
590	35	1	145.59000000000006	111.16000000000003
590	36	1	105.01500000000004	79.39000000000004
590	37	1	31.100000000000012	174.93499999999992
590	38	1	158.39499999999998	19.900000000000002
590	39	1	169.12499999999997	40.385
590	40	1	165.9750000000001	181.99999999999997
590	41	1	44.79500000000002	35.85499999999999
590	42	1	87.85000000000007	89.395
590	43	1	168.82587064676613	89.20398009950253
590	44	1	119.63184079601989	121.50746268656718
590	45	1	100.96482412060308	88.28643216080407
590	46	1	107.115	65.78500000000001
590	47	1	144.28358208955214	35.48756218905473
590	48	1	26.492462311557794	48.66331658291456
590	49	1	118.05970149253734	87.76119402985074
590	50	1	175.86868686868686	76.77777777777777
590	51	1	120.01492537313435	18.522388059701484
590	52	1	109.625	110.18500000000006
590	53	1	166.6080402010049	23.899497487437188
590	54	1	45.899999999999984	160.82500000000005
590	55	1	141.10552763819103	118.0603015075377
590	56	1	32.900497512437816	164.65174129353247
590	57	1	119.885	2.9949999999998624
590	58	1	31.685000000000016	153.91
590	59	1	76.93500000000004	194.34
590	60	1	186.34000000000006	27.019999999999992
590	61	1	117.83582089552237	71.80597014925374
590	62	1	130.4300000000001	98.69499999999998
590	63	1	76.94500000000001	78.44000000000003
590	64	1	132.67000000000002	125.10499999999999
590	65	1	8.959999999999997	85.64500000000002
590	66	1	175.16500000000002	27.444999999999983
590	67	1	71.47500000000005	46.749999999999986
590	68	1	42.94500000000003	48.739999999999995
590	69	1	25.914572864321606	74.96482412060298
590	70	1	172.51999999999995	51.86500000000001
590	71	1	63.28500000000003	38.96999999999999
590	72	1	131.48000000000005	2.8800000000000523
590	73	1	123.32	108.84000000000005
590	74	1	60.785000000000004	29.764999999999997
590	75	1	123.43500000000003	175.73500000000004
600	1	2	10.32	9.919999999999991
600	2	2	9.91	54.940000000000026
600	3	2	10.271739130434783	100
600	4	2	10.000000000000004	145
600	5	2	9.78	189.93
600	6	2	54.97999999999999	9.810000000000004
600	7	2	55.02000000000001	55.22999999999999
600	8	2	54.95	99.83999999999995
600	9	2	54.87999999999998	144.88
600	10	2	55.00000000000001	190.10999999999996
600	11	2	100.26	9.899999999999997
600	12	2	100.09	54.980000000000004
600	13	2	100.12	100.12000000000003
600	14	2	100.12	145.11999999999992
600	15	2	99.93	190.07999999999996
600	16	2	145.14141414141412	10.383838383838384
600	17	2	144.97999999999993	54.95000000000002
600	18	2	145.0900000000001	100.42000000000002
600	19	2	145.1599999999999	144.95
600	20	2	145.27083333333331	190.27083333333331
600	21	2	190.14	9.740000000000002
600	22	2	190.1199999999999	54.88
600	23	2	190.19148936170217	100.09574468085106
600	24	2	189.72916666666669	144.97916666666666
600	25	2	190.21999999999994	190.27999999999994
600	26	1	15.504999999999997	73.89500000000005
600	27	1	174.14499999999998	2.5400000000000773
600	28	1	154.1950000000001	43.50999999999999
600	29	1	168.30653266331652	72.37688442211054
600	30	1	75.54726368159206	93.11940298507461
600	31	1	128.905	85.72
600	32	1	157.67661691542284	177.35820895522377
600	33	1	162.74874371859306	5.386934673366835
600	34	1	122.05999999999999	190.53499999999997
600	35	1	146.05025125628137	111.29145728643222
600	36	1	105.91542288557214	79.47761194029853
600	37	1	31.709999999999997	175.64499999999998
600	38	1	157.58706467661688	21.26368159203981
600	39	1	168.65500000000006	40.39500000000001
600	40	1	165.4825870646767	182.58706467661685
600	41	1	45.36	35.65500000000001
600	42	1	88.38693467336681	87.89949748743713
600	43	1	169.225	89.02999999999999
600	44	1	120.02985074626861	121.4825870646766
600	45	1	101.38	88.55
600	46	1	106.32499999999996	66.24999999999999
600	47	1	144.19999999999982	35.80499999999999
600	48	1	25.795000000000016	48.30499999999999
600	49	1	118.36999999999998	87.82500000000005
600	50	1	175.9800000000001	76.65499999999999
600	51	1	119.84500000000001	20.27
600	52	1	109.60500000000003	110.50500000000004
600	53	1	166.66500000000008	23.63500000000001
600	54	1	45.639999999999965	160.45000000000002
600	55	1	141.24500000000003	118.045
600	56	1	32.50999999999999	164.85999999999987
600	57	1	119.92500000000003	3.644999999999925
600	58	1	31.303482587064682	154.2189054726368
600	59	1	77.02	195.045
600	60	1	186.93467336683415	27.065326633165828
600	61	1	118.18905472636816	71.31343283582095
600	62	1	130.78391959799	98.80402010050248
600	63	1	75.65841584158413	79.08910891089107
600	64	1	133.1407035175879	125.19597989949747
600	65	1	10.87064676616915	85.49253731343283
600	66	1	175.15000000000006	27.880000000000013
600	67	1	71.20895522388064	47.338308457711456
600	68	1	41.60999999999999	48.57500000000001
600	69	1	27.295000000000005	74.72500000000001
600	70	1	172.33668341708545	51.65326633165829
600	71	1	62.24999999999999	39.72499999999999
600	72	1	131.56281407035183	3.6582914572863956
600	73	1	123.30499999999998	108.83499999999998
600	74	1	62.467661691542304	29.43283582089553
600	75	1	123.47761194029846	177.67164179104478
610	1	2	10.32	9.919999999999991
610	2	2	9.91	54.940000000000026
610	3	2	10.271739130434783	100
610	4	2	10.000000000000004	145
610	5	2	9.78	189.93
610	6	2	54.97999999999999	9.810000000000004
610	7	2	55.02000000000001	55.22999999999999
610	8	2	54.95	99.83999999999995
610	9	2	54.87999999999998	144.88
610	10	2	55.00000000000001	190.10999999999996
610	11	2	100.26	9.899999999999997
610	12	2	100.09	54.980000000000004
610	13	2	100.12	100.12000000000003
610	14	2	100.12	145.11999999999992
610	15	2	99.93	190.07999999999996
610	16	2	145.14141414141412	10.383838383838384
610	17	2	144.97999999999993	54.95000000000002
610	18	2	145.0900000000001	100.42000000000002
610	19	2	145.1599999999999	144.95
610	20	2	145.27083333333331	190.27083333333331
610	21	2	190.14	9.740000000000002
610	22	2	190.1199999999999	54.88
610	23	2	190.19148936170217	100.09574468085106
610	24	2	189.72916666666669	144.97916666666666
610	25	2	190.21999999999994	190.27999999999994
610	26	1	16.685	73.77500000000002
610	27	1	175.03482587064687	3.850746268656792
610	28	1	153.96499999999997	43.49
610	29	1	168.2899999999999	72.46500000000003
610	30	1	76.18499999999999	93.80000000000001
610	31	1	128.87499999999997	85.98499999999999
610	32	1	157.32499999999987	177.83500000000006
610	33	1	163.4129353233831	6.223880597014926
610	34	1	122.49748743718594	191.8592964824122
610	35	1	146.71000000000012	111.54000000000006
610	36	1	107.08000000000006	79.50999999999996
610	37	1	32.665	176.22500000000002
610	38	1	156.39195979899492	23.793969849246242
610	39	1	168.55000000000004	40.359999999999985
610	40	1	164.26999999999995	183.34999999999997
610	41	1	46.00000000000001	36.03499999999999
610	42	1	88.54	86.605
610	43	1	169.5649999999999	89.16000000000001
610	44	1	120.35	121.53499999999997
610	45	1	101.40500000000004	88.48
610	46	1	105.65499999999999	67.195
610	47	1	142.9246231155779	36.67839195979898
610	48	1	25.696517412935318	47.39800995024879
610	49	1	118.38499999999999	88.11999999999999
610	50	1	176.02999999999992	76.86999999999999
610	51	1	119.98499999999996	22.21
610	52	1	109.55000000000004	111.24499999999999
610	53	1	166.7	22.79500000000001
610	54	1	45.050000000000004	160.10999999999993
610	55	1	141.44499999999985	118.26499999999994
610	56	1	31.492537313432837	165.0298507462686
610	57	1	119.71499999999996	4.325000000000017
610	58	1	30.73869346733668	154.59798994974875
610	59	1	77.835	195.64500000000004
610	60	1	187.34328358208953	26.33830845771144
610	61	1	118.96019900497517	70.71144278606964
610	62	1	131.17910447761184	99.21393034825869
610	63	1	74.23880597014923	79.94527363184078
610	64	1	133.37999999999994	125.08
610	65	1	12.233830845771138	85.28358208955224
610	66	1	175.03500000000005	28.129999999999992
610	67	1	70.86499999999997	47.445000000000014
610	68	1	40.50000000000001	48.69999999999999
610	69	1	28.457711442786067	74.08955223880596
610	70	1	172.02999999999994	51.61499999999998
610	71	1	61.48	40.375
610	72	1	131.59999999999997	4.210000000000065
610	73	1	122.87562189054725	108.33830845771142
610	74	1	63.45	28.980000000000004
610	75	1	123.48258706467661	179.33333333333334
620	1	2	10.32	9.919999999999991
620	2	2	9.91	54.940000000000026
620	3	2	10.271739130434783	100
620	4	2	10.000000000000004	145
620	5	2	9.78	189.93
620	6	2	54.97999999999999	9.810000000000004
620	7	2	55.02000000000001	55.22999999999999
620	8	2	54.95	99.83999999999995
620	9	2	54.87999999999998	144.88
620	10	2	55.00000000000001	190.10999999999996
620	11	2	100.26	9.899999999999997
620	12	2	100.09	54.980000000000004
620	13	2	100.12	100.12000000000003
620	14	2	100.12	145.11999999999992
620	15	2	99.93	190.07999999999996
620	16	2	145.14141414141412	10.383838383838384
620	17	2	144.97999999999993	54.95000000000002
620	18	2	145.0900000000001	100.42000000000002
620	19	2	145.1599999999999	144.95
620	20	2	145.27083333333331	190.27083333333331
620	21	2	190.14	9.740000000000002
620	22	2	190.1199999999999	54.88
620	23	2	190.19148936170217	100.09574468085106
620	24	2	189.72916666666669	144.97916666666666
620	25	2	190.21999999999994	190.27999999999994
620	26	1	17.859999999999992	73.53999999999998
620	27	1	175.32835820895522	5.019900497512481
620	28	1	153.60499999999996	43.374999999999986
620	29	1	168.46733668341705	72.16080402010057
620	30	1	77.19000000000001	94.06499999999998
620	31	1	128.61306532663312	85.97487437185929
620	32	1	157.19597989949742	178.0804020100504
620	33	1	163.57500000000002	7.035
620	34	1	123.10000000000004	192.99000000000007
620	35	1	147.32500000000005	111.64000000000001
620	36	1	107.625	79.39000000000006
620	37	1	33.62999999999999	176.26000000000002
620	38	1	155.24000000000004	25.53
620	39	1	168.58499999999998	40.28000000000002
620	40	1	163.53000000000006	184.055
620	41	1	47.02500000000001	36.06000000000003
620	42	1	88.53999999999999	85.49000000000001
620	43	1	170.15500000000014	89.275
620	44	1	120.91999999999999	122.04999999999995
620	45	1	101.04000000000003	88.27999999999999
620	46	1	105.24500000000005	67.85500000000005
620	47	1	141.94000000000003	37.98
620	48	1	25.969999999999995	46.835000000000015
620	49	1	118.21	88.10000000000002
620	50	1	175.91457286432157	77.03517587939697
620	51	1	119.83499999999994	23.875
620	52	1	109.84422110552764	111.63819095477389
620	53	1	166.245	22.354999999999997
620	54	1	44.585	159.76499999999987
620	55	1	141.67336683417088	118.22110552763819
620	56	1	30.665000000000013	165.1449999999998
620	57	1	120.25125628140707	5.396984924623114
620	58	1	30.233830845771152	155.0547263681592
620	59	1	77.88500000000002	196.4550000000001
620	60	1	187.22	26.070000000000007
620	61	1	119.70999999999995	70.14000000000003
620	62	1	130.76500000000001	99.54499999999999
620	63	1	73.06499999999996	80.72000000000001
620	64	1	133.8349999999999	124.68
620	65	1	13.678391959798988	84.8492462311558
620	66	1	174.61809045226138	28.532663316582926
620	67	1	70.01999999999997	47.74000000000001
620	68	1	39.69000000000002	48.94000000000001
620	69	1	29.231155778894475	73.42713567839196
620	70	1	172.0299999999999	51.30500000000001
620	71	1	60.90954773869349	40.467336683417095
620	72	1	131.94000000000005	5.799999999999998
620	73	1	122.66000000000003	108.39500000000002
620	74	1	64.64179104477611	28.597014925373124
620	75	1	123.68656716417905	180.78606965174131
630	1	2	10.32	9.919999999999991
630	2	2	9.91	54.940000000000026
630	3	2	10.271739130434783	100
630	4	2	10.000000000000004	145
630	5	2	9.78	189.93
630	6	2	54.97999999999999	9.810000000000004
630	7	2	55.02000000000001	55.22999999999999
630	8	2	54.95	99.83999999999995
630	9	2	54.87999999999998	144.88
630	10	2	55.00000000000001	190.10999999999996
630	11	2	100.26	9.899999999999997
630	12	2	100.09	54.980000000000004
630	13	2	100.12	100.12000000000003
630	14	2	100.12	145.11999999999992
630	15	2	99.93	190.07999999999996
630	16	2	145.14141414141412	10.383838383838384
630	17	2	144.97999999999993	54.95000000000002
630	18	2	145.0900000000001	100.42000000000002
630	19	2	145.1599999999999	144.95
630	20	2	145.27083333333331	190.27083333333331
630	21	2	190.14	9.740000000000002
630	22	2	190.1199999999999	54.88
630	23	2	190.19148936170217	100.09574468085106
630	24	2	189.72916666666669	144.97916666666666
630	25	2	190.21999999999994	190.27999999999994
630	26	1	18.925000000000004	73.63
630	27	1	175.43500000000012	5.844999999999999
630	28	1	153.16999999999987	43.11000000000002
630	29	1	168.33	72.32000000000001
630	30	1	78.17999999999998	94.61500000000001
630	31	1	128.23115577889448	86.46231155778891
630	32	1	157.02499999999995	177.97000000000006
630	33	1	163.64500000000012	8.100000000000003
630	34	1	123.1859296482412	194.27135678391966
630	35	1	148.48241206030144	111.99497487437186
630	36	1	108.22999999999999	79.13999999999999
630	37	1	34.36499999999999	175.69500000000008
630	38	1	154.14925373134326	26.965174129353244
630	39	1	168.64	40.239999999999974
630	40	1	162.90499999999997	184.27499999999995
630	41	1	48.25499999999998	35.54500000000001
630	42	1	88.53999999999996	84.71000000000002
630	43	1	170.51758793969856	89.20603015075378
630	44	1	121.11557788944722	122.50251256281406
630	45	1	100.72864321608044	87.90954773869343
630	46	1	104.97014925373135	68.25870646766165
630	47	1	141.01492537313433	39.90547263681595
630	48	1	26.34000000000001	46.45999999999997
630	49	1	118.04500000000003	88.27500000000002
630	50	1	175.86499999999987	77.73
630	51	1	119.86567164179104	25.497512437810943
630	52	1	109.88442211055278	112.04020100502514
630	53	1	165.89999999999992	21.94999999999999
630	54	1	43.849999999999994	158.65499999999992
630	55	1	141.80904522613065	118.29145728643206
630	56	1	29.825	165.30000000000007
630	57	1	120.8557213930349	6.975124378109449
630	58	1	29.100502512562816	155.2110552763819
630	59	1	77.95000000000002	196.92500000000007
630	60	1	186.93499999999997	25.659999999999997
630	61	1	120.44	69.42
630	62	1	130.76	100.13000000000004
630	63	1	72.13567839195976	81.34170854271356
630	64	1	133.95024875621874	124.6467661691542
630	65	1	13.796019900497518	84.0099502487562
630	66	1	174.56281407035175	29.18090452261305
630	67	1	69.3417085427135	48.13567839195982
630	68	1	38.364999999999995	49.39999999999999
630	69	1	29.915	73.035
630	70	1	172.14499999999992	51.26999999999998
630	71	1	59.42211055276383	41.13567839195979
630	72	1	132.20999999999995	6.885000000000004
630	73	1	122.42499999999998	108.65500000000002
630	74	1	65.95000000000002	28.759999999999998
630	75	1	123.30653266331656	182.99999999999991
640	1	2	10.32	9.919999999999991
640	2	2	9.91	54.940000000000026
640	3	2	10.271739130434783	100
640	4	2	10.000000000000004	145
640	5	2	9.78	189.93
640	6	2	54.97999999999999	9.810000000000004
640	7	2	55.02000000000001	55.22999999999999
640	8	2	54.95	99.83999999999995
640	9	2	54.87999999999998	144.88
640	10	2	55.00000000000001	190.10999999999996
640	11	2	100.26	9.899999999999997
640	12	2	100.09	54.980000000000004
640	13	2	100.12	100.12000000000003
640	14	2	100.12	145.11999999999992
640	15	2	99.93	190.07999999999996
640	16	2	145.14141414141412	10.383838383838384
640	17	2	144.97999999999993	54.95000000000002
640	18	2	145.0900000000001	100.42000000000002
640	19	2	145.1599999999999	144.95
640	20	2	145.27083333333331	190.27083333333331
640	21	2	190.14	9.740000000000002
640	22	2	190.1199999999999	54.88
640	23	2	190.19148936170217	100.09574468085106
640	24	2	189.72916666666669	144.97916666666666
640	25	2	190.21999999999994	190.27999999999994
640	26	1	19.88499999999999	74.06000000000006
640	27	1	175.66499999999994	6.97999999999999
640	28	1	153.01005025125613	43.27638190954774
640	29	1	168.41708542713567	72.26633165829149
640	30	1	78.715	95.13
640	31	1	128.08040201005028	86.88442211055282
640	32	1	156.86432160804006	177.9698492462311
640	33	1	163.41500000000002	9.120000000000006
640	34	1	122.81999999999998	195.61
640	35	1	148.74000000000007	112.075
640	36	1	108.91044776119404	78.54228855721395
640	37	1	35.87999999999998	174.955
640	38	1	152.97999999999993	28.165
640	39	1	168.31658291457288	39.98994974874374
640	40	1	162.08040201005016	184.88442211055278
640	41	1	49.53731343283583	35.05472636815921
640	42	1	88.28000000000002	83.625
640	43	1	170.51	89.17499999999998
640	44	1	121.55276381909552	123.39698492462308
640	45	1	100.64824120603014	87.30653266331659
640	46	1	104.96999999999996	68.28000000000002
640	47	1	139.92999999999986	41.40999999999998
640	48	1	27.204999999999995	46.02999999999998
640	49	1	118.03000000000002	88.27999999999996
640	50	1	175.92000000000002	78.16000000000001
640	51	1	120.3034825870647	27.069651741293534
640	52	1	110.16080402010051	112.20100502512564
640	53	1	165.255	21.71999999999999
640	54	1	42.79396984924626	157.0854271356783
640	55	1	141.75999999999996	118.37999999999998
640	56	1	29.145728643216085	165.95979899497482
640	57	1	121.22000000000003	8.245000000000001
640	58	1	28.190000000000005	155.66000000000005
640	59	1	77.57499999999999	197.59500000000008
640	60	1	185.97500000000002	25.160000000000007
640	61	1	121.30348258706469	68.77114427860697
640	62	1	130.57500000000007	101.30999999999996
640	63	1	71.67499999999998	82.26499999999997
640	64	1	134.57500000000002	124.85500000000002
640	65	1	13.577114427860696	82.94527363184079
640	66	1	174.49748743718592	29.79899497487437
640	67	1	68.74874371859293	49.36683417085427
640	68	1	37.31500000000002	49.99000000000003
640	69	1	30.765	72.575
640	70	1	171.99502487562194	51.24378109452736
640	71	1	58.28855721393033	41.587064676616926
640	72	1	132.90954773869342	7.9346733668341685
640	73	1	121.87499999999994	109.17500000000004
640	74	1	67.68000000000002	28.87
640	75	1	123.6915422885572	184.51243781094527
650	1	2	10.32	9.919999999999991
650	2	2	9.91	54.940000000000026
650	3	2	10.271739130434783	100
650	4	2	10.000000000000004	145
650	5	2	9.78	189.93
650	6	2	54.97999999999999	9.810000000000004
650	7	2	55.02000000000001	55.22999999999999
650	8	2	54.95	99.83999999999995
650	9	2	54.87999999999998	144.88
650	10	2	55.00000000000001	190.10999999999996
650	11	2	100.26	9.899999999999997
650	12	2	100.09	54.980000000000004
650	13	2	100.12	100.12000000000003
650	14	2	100.12	145.11999999999992
650	15	2	99.93	190.07999999999996
650	16	2	145.14141414141412	10.383838383838384
650	17	2	144.97999999999993	54.95000000000002
650	18	2	145.0900000000001	100.42000000000002
650	19	2	145.1599999999999	144.95
650	20	2	145.27083333333331	190.27083333333331
650	21	2	190.14	9.740000000000002
650	22	2	190.1199999999999	54.88
650	23	2	190.19148936170217	100.09574468085106
650	24	2	189.72916666666669	144.97916666666666
650	25	2	190.21999999999994	190.27999999999994
650	26	1	20.614999999999988	74.27
650	27	1	175.765	8.56
650	28	1	152.99999999999986	42.944999999999986
650	29	1	168.71999999999997	72.21
650	30	1	78.95499999999996	95.83999999999999
650	31	1	128.04999999999993	87.08000000000003
650	32	1	157.07960199004972	177.95522388059698
650	33	1	163.4849999999999	9.554999999999998
650	34	1	122.70499999999998	196.775
650	35	1	148.94472361809036	112.14070351758798
650	36	1	109.61194029850749	78.09452736318403
650	37	1	37.619999999999976	173.6
650	38	1	151.9246231155778	28.834170854271367
650	39	1	168.17000000000004	39.72999999999997
650	40	1	161.685	185.35999999999993
650	41	1	50.535000000000004	34.855000000000004
650	42	1	87.75499999999998	82.93999999999998
650	43	1	170.45999999999998	89.05500000000004
650	44	1	121.77611940298509	124.30348258706468
650	45	1	100.63999999999999	87.10000000000001
650	46	1	104.675	68.76000000000005
650	47	1	138.57425742574256	42.6881188118812
650	48	1	28.095000000000006	45.610000000000014
650	49	1	117.96999999999997	88.24999999999997
650	50	1	177.08040201005025	78.87939698492463
650	51	1	120.28500000000004	28.30500000000001
650	52	1	110.25500000000002	112.155
650	53	1	164.5621890547264	21.512437810945265
650	54	1	41.320000000000014	155.655
650	55	1	141.9296482412061	118.45226130653269
650	56	1	27.77386934673367	167.08542713567826
650	57	1	121.08000000000003	9.270000000000003
650	58	1	27.400000000000006	156.315
650	59	1	76.75124378109457	198.98009950248758
650	60	1	185.2376237623762	25.06930693069307
650	61	1	122.04020100502514	67.51758793969847
650	62	1	130.51000000000016	101.675
650	63	1	71.45499999999998	83.25499999999995
650	64	1	134.475	124.52000000000002
650	65	1	12.306532663316581	81.25628140703517
650	66	1	175.19499999999994	30.684999999999988
650	67	1	68.15422885572143	50.73134328358208
650	68	1	35.789999999999985	51.16999999999997
650	69	1	31.56716417910447	72.5223880597014
650	70	1	171.92039800995022	51.14925373134326
650	71	1	56.43000000000001	42.23999999999998
650	72	1	132.86499999999992	9.56
650	73	1	121.55223880597009	109.31343283582089
650	74	1	69.2799999999999	29.720000000000006
650	75	1	123.64179104477617	186.10447761194044
660	1	2	10.32	9.919999999999991
660	2	2	9.91	54.940000000000026
660	3	2	10.271739130434783	100
660	4	2	10.000000000000004	145
660	5	2	9.78	189.93
660	6	2	54.97999999999999	9.810000000000004
660	7	2	55.02000000000001	55.22999999999999
660	8	2	54.95	99.83999999999995
660	9	2	54.87999999999998	144.88
660	10	2	55.00000000000001	190.10999999999996
660	11	2	100.26	9.899999999999997
660	12	2	100.09	54.980000000000004
660	13	2	100.12	100.12000000000003
660	14	2	100.12	145.11999999999992
660	15	2	99.93	190.07999999999996
660	16	2	145.14141414141412	10.383838383838384
660	17	2	144.97999999999993	54.95000000000002
660	18	2	145.0900000000001	100.42000000000002
660	19	2	145.1599999999999	144.95
660	20	2	145.27083333333331	190.27083333333331
660	21	2	190.14	9.740000000000002
660	22	2	190.1199999999999	54.88
660	23	2	190.19148936170217	100.09574468085106
660	24	2	189.72916666666669	144.97916666666666
660	25	2	190.21999999999994	190.27999999999994
660	26	1	21.105000000000008	75.08000000000001
660	27	1	175.83500000000004	8.814999999999998
660	28	1	152.6399999999999	42.74499999999998
660	29	1	168.95499999999993	72.43500000000002
660	30	1	79.49500000000006	96.27000000000001
660	31	1	128.04999999999998	87.69000000000004
660	32	1	157.31155778894473	177.748743718593
660	33	1	163.59499999999989	10.005000000000003
660	34	1	123.35678391959804	197.40201005025125
660	35	1	148.91499999999996	112.05000000000007
660	36	1	110.19597989949749	77.98492462311552
660	37	1	39.054726368159244	172.32338308457705
660	38	1	150.64999999999995	29.389999999999993
660	39	1	167.75500000000002	39.049999999999955
660	40	1	160.94000000000005	186.275
660	41	1	50.78000000000001	34.93000000000001
660	42	1	87.655	82.37
660	43	1	170.39499999999995	89.03000000000003
660	44	1	122.1641791044776	125.2039800995025
660	45	1	100.51000000000005	86.75999999999995
660	46	1	104.815	69.07499999999999
660	47	1	137.095	43.34
660	48	1	28.755000000000013	44.974999999999966
660	49	1	118.06000000000003	88.25499999999998
660	50	1	177.95000000000005	79.945
660	51	1	119.73500000000001	29.675
660	52	1	110.39500000000002	111.96500000000007
660	53	1	163.94	21.505000000000006
660	54	1	39.73499999999998	154.11999999999992
660	55	1	141.965	118.42000000000002
660	56	1	27.200000000000006	168.04999999999998
660	57	1	120.82000000000002	9.91
660	58	1	27.22277227722772	156.7326732673267
660	59	1	75.92999999999995	0.5549999999999998
660	60	1	184.4549999999999	24.994999999999997
660	61	1	122.4875621890547	67.30348258706469
660	62	1	130.37	102.45
660	63	1	71.67000000000004	84.07499999999996
660	64	1	134.86999999999992	124.85999999999999
660	65	1	11.935000000000004	79.91499999999999
660	66	1	175.74500000000006	31.30500000000001
660	67	1	68.44499999999995	52.11499999999998
660	68	1	34.79104477611938	52.50746268656719
660	69	1	32.24875621890548	71.86069651741293
660	70	1	171.46999999999989	50.795000000000016
660	71	1	55.18	42.69
660	72	1	132.81000000000003	10.815
660	73	1	121.37999999999998	109.75999999999999
660	74	1	70.55223880597018	31.08955223880597
660	75	1	123.97000000000001	187.45000000000002
670	1	2	10.32	9.919999999999991
670	2	2	9.91	54.940000000000026
670	3	2	10.271739130434783	100
670	4	2	10.000000000000004	145
670	5	2	9.78	189.93
670	6	2	54.97999999999999	9.810000000000004
670	7	2	55.02000000000001	55.22999999999999
670	8	2	54.95	99.83999999999995
670	9	2	54.87999999999998	144.88
670	10	2	55.00000000000001	190.10999999999996
670	11	2	100.26	9.899999999999997
670	12	2	100.09	54.980000000000004
670	13	2	100.12	100.12000000000003
670	14	2	100.12	145.11999999999992
670	15	2	99.93	190.07999999999996
670	16	2	145.14141414141412	10.383838383838384
670	17	2	144.97999999999993	54.95000000000002
670	18	2	145.0900000000001	100.42000000000002
670	19	2	145.1599999999999	144.95
670	20	2	145.27083333333331	190.27083333333331
670	21	2	190.14	9.740000000000002
670	22	2	190.1199999999999	54.88
670	23	2	190.19148936170217	100.09574468085106
670	24	2	189.72916666666669	144.97916666666666
670	25	2	190.21999999999994	190.27999999999994
670	26	1	21.68341708542713	76.61306532663313
670	27	1	175.73	9.149999999999999
670	28	1	152.9396984924623	42.14572864321608
670	29	1	169.0800000000001	72.70500000000007
670	30	1	79.83	96.54500000000007
670	31	1	127.985	87.93500000000003
670	32	1	157.32499999999996	177.57999999999998
670	33	1	163.64824120603012	10.18592964824121
670	34	1	124.08999999999995	198.19000000000014
670	35	1	148.76381909547734	112.05025125628144
670	36	1	110.88999999999997	77.91499999999998
670	37	1	40.375	170.91500000000008
670	38	1	149.06500000000003	29.644999999999992
670	39	1	167.335	38.17999999999997
670	40	1	160.9798994974876	186.42211055276366
670	41	1	51.29000000000002	34.99500000000002
670	42	1	87.33333333333334	82.27860696517422
670	43	1	170.81	88.86499999999997
670	44	1	122.79999999999997	126.205
670	45	1	100.73869346733669	86.51256281407042
670	46	1	104.7412935323383	69.54726368159203
670	47	1	135.94000000000003	44.395
670	48	1	28.959999999999997	44.92999999999999
670	49	1	117.90500000000002	88.55500000000002
670	50	1	179.08999999999997	80.65000000000006
670	51	1	118.215	30.855000000000008
670	52	1	110.40500000000003	111.95999999999997
670	53	1	162.83499999999992	21.34500000000001
670	54	1	38.427860696517406	152.7562189054726
670	55	1	141.80999999999992	118.28500000000001
670	56	1	27.08457711442787	168.75124378109442
670	57	1	120.25373134328359	11.104477611940295
670	58	1	27.16417910447761	156.70646766169162
670	59	1	74.70000000000002	2.44
670	60	1	183.76500000000001	24.92000000000001
670	61	1	122.97989949748745	66.21105527638194
670	62	1	130.20603015075372	102.78391959798995
670	63	1	71.74129353233837	84.90049751243781
670	64	1	134.87999999999982	124.90499999999999
670	65	1	11.325000000000003	77.665
670	66	1	176.23880597014923	31.965174129353233
670	67	1	68.14427860696514	53.482587064676615
670	68	1	33.89500000000001	53.33999999999998
670	69	1	32.89000000000001	71.07000000000001
670	70	1	171.2199999999998	50.47499999999998
670	71	1	54.39499999999998	43.03999999999998
670	72	1	132.12499999999997	11.870000000000001
670	73	1	121.06000000000002	109.82999999999996
670	74	1	71.79601990049746	32.47761194029847
670	75	1	125.13930348258704	188.54726368159203
680	1	2	10.32	9.919999999999991
680	2	2	9.91	54.940000000000026
680	3	2	10.271739130434783	100
680	4	2	10.000000000000004	145
680	5	2	9.78	189.93
680	6	2	54.97999999999999	9.810000000000004
680	7	2	55.02000000000001	55.22999999999999
680	8	2	54.95	99.83999999999995
680	9	2	54.87999999999998	144.88
680	10	2	55.00000000000001	190.10999999999996
680	11	2	100.26	9.899999999999997
680	12	2	100.09	54.980000000000004
680	13	2	100.12	100.12000000000003
680	14	2	100.12	145.11999999999992
680	15	2	99.93	190.07999999999996
680	16	2	145.14141414141412	10.383838383838384
680	17	2	144.97999999999993	54.95000000000002
680	18	2	145.0900000000001	100.42000000000002
680	19	2	145.1599999999999	144.95
680	20	2	145.27083333333331	190.27083333333331
680	21	2	190.14	9.740000000000002
680	22	2	190.1199999999999	54.88
680	23	2	190.19148936170217	100.09574468085106
680	24	2	189.72916666666669	144.97916666666666
680	25	2	190.21999999999994	190.27999999999994
680	26	1	22.150000000000002	77.97499999999997
680	27	1	175.72999999999993	9.049999999999994
680	28	1	152.66666666666669	41.8507462686567
680	29	1	169.57999999999993	73.01999999999998
680	30	1	80.13	96.70000000000003
680	31	1	127.87500000000001	87.54499999999999
680	32	1	157.39000000000007	177.5799999999999
680	33	1	163.97999999999996	10.355000000000008
680	34	1	124.64	198.72500000000002
680	35	1	148.75000000000003	112.08999999999997
680	36	1	112.36683417085422	77.2412060301508
680	37	1	41.67000000000001	169.17500000000004
680	38	1	148.12500000000006	30.295
680	39	1	167.37313432835825	37.17910447761194
680	40	1	161.08999999999995	186.5049999999999
680	41	1	51.734999999999985	35.220000000000006
680	42	1	86.87499999999996	81.84000000000005
680	43	1	171.50999999999996	88.21000000000002
680	44	1	123.39303482587064	127.20398009950247
680	45	1	100.85	86.09500000000001
680	46	1	104.41000000000005	70.51000000000003
680	47	1	134.88000000000005	45.30000000000002
680	48	1	29.190000000000005	45.05999999999999
680	49	1	117.87500000000007	88.83500000000004
680	50	1	181.06500000000005	81.18500000000002
680	51	1	116.77611940298509	32.159203980099505
680	52	1	110.60999999999997	112.02499999999999
680	53	1	161.3930348258707	21.611940298507452
680	54	1	36.67999999999997	151.45000000000002
680	55	1	141.91500000000002	118.44
680	56	1	27.572864321608034	169.56281407035175
680	57	1	119.35999999999999	12.144999999999998
680	58	1	26.80402010050251	156.83919597989956
680	59	1	73.89	3.7500000000000027
680	60	1	183.07499999999987	24.689999999999998
680	61	1	123.64179104477611	64.61194029850746
680	62	1	130.11500000000004	103.165
680	63	1	71.96999999999996	85.87500000000001
680	64	1	134.90499999999994	124.94500000000005
680	65	1	11.985074626865671	76.27363184079597
680	66	1	176.93034825870646	32.3731343283582
680	67	1	68.10999999999999	54.124999999999986
680	68	1	33.395	54.07999999999999
680	69	1	33.85999999999997	70.42499999999998
680	70	1	169.945	49.365
680	71	1	53.09045226130653	43.81909547738694
680	72	1	131.33499999999992	12.290000000000003
680	73	1	120.87437185929646	109.82412060301516
680	74	1	71.855	33.81999999999999
680	75	1	126.21608040201002	189.4371859296483
690	1	2	10.32	9.919999999999991
690	2	2	9.91	54.940000000000026
690	3	2	10.271739130434783	100
690	4	2	10.000000000000004	145
690	5	2	9.78	189.93
690	6	2	54.97999999999999	9.810000000000004
690	7	2	55.02000000000001	55.22999999999999
690	8	2	54.95	99.83999999999995
690	9	2	54.87999999999998	144.88
690	10	2	55.00000000000001	190.10999999999996
690	11	2	100.26	9.899999999999997
690	12	2	100.09	54.980000000000004
690	13	2	100.12	100.12000000000003
690	14	2	100.12	145.11999999999992
690	15	2	99.93	190.07999999999996
690	16	2	145.14141414141412	10.383838383838384
690	17	2	144.97999999999993	54.95000000000002
690	18	2	145.0900000000001	100.42000000000002
690	19	2	145.1599999999999	144.95
690	20	2	145.27083333333331	190.27083333333331
690	21	2	190.14	9.740000000000002
690	22	2	190.1199999999999	54.88
690	23	2	190.19148936170217	100.09574468085106
690	24	2	189.72916666666669	144.97916666666666
690	25	2	190.21999999999994	190.27999999999994
690	26	1	22.268656716417908	78.56716417910444
690	27	1	176.11999999999992	9.085
690	28	1	152.77999999999997	41.495000000000005
690	29	1	169.97500000000002	73.88
690	30	1	80.84000000000007	97.26499999999999
690	31	1	127.895	87.48499999999994
690	32	1	157.4600000000001	177.49
690	33	1	164.625	10.799999999999999
690	34	1	125.27500000000005	199.45
690	35	1	148.5778894472362	112.18592964824127
690	36	1	113.40499999999992	76.56499999999998
690	37	1	42.768844221105525	167.22613065326627
690	38	1	146.77386934673376	31.04522613065327
690	39	1	166.98999999999998	35.955000000000005
690	40	1	161.1306532663316	186.56783919597984
690	41	1	52.060000000000024	35.23000000000002
690	42	1	86.31500000000003	81.59500000000004
690	43	1	172.22499999999997	88.205
690	44	1	124.20895522388065	128.26368159203983
690	45	1	101.03500000000001	86.01500000000001
690	46	1	104.12000000000002	71.48500000000001
690	47	1	134.21105527638193	46.49246231155779
690	48	1	29.429999999999996	45.255
690	49	1	117.78109452736322	89.01990049751237
690	50	1	182.46499999999995	81.47
690	51	1	116.13999999999996	33.035
690	52	1	110.61000000000004	111.87500000000006
690	53	1	159.6161616161617	22.14141414141414
690	54	1	35.31	150.3050000000001
690	55	1	141.87499999999994	118.58999999999997
690	56	1	27.60199004975124	170.3930348258707
690	57	1	118.26	13.415000000000001
690	58	1	26.769999999999992	156.98499999999999
690	59	1	73.55999999999999	4.485
690	60	1	181.82000000000005	24.509999999999987
690	61	1	123.84577114427859	63.68159203980101
690	62	1	130.12499999999997	103.27000000000001
690	63	1	72.56	87.125
690	64	1	134.12499999999994	124.92999999999999
690	65	1	12.55778894472362	74.48743718592968
690	66	1	177.58208955223876	33.134328358208954
690	67	1	68.07537688442213	55.25628140703517
690	68	1	32.669999999999995	54.82
690	69	1	34.77611940298506	69.48756218905477
690	70	1	169.38500000000002	48.76000000000002
690	71	1	51.99999999999998	44.67000000000001
690	72	1	130.17499999999993	12.65
690	73	1	120.70646766169152	109.94527363184079
690	74	1	71.27000000000004	35.265000000000015
690	75	1	127.55999999999999	189.86499999999998
700	1	2	10.32	9.919999999999991
700	2	2	9.91	54.940000000000026
700	3	2	10.271739130434783	100
700	4	2	10.000000000000004	145
700	5	2	9.78	189.93
700	6	2	54.97999999999999	9.810000000000004
700	7	2	55.02000000000001	55.22999999999999
700	8	2	54.95	99.83999999999995
700	9	2	54.87999999999998	144.88
700	10	2	55.00000000000001	190.10999999999996
700	11	2	100.26	9.899999999999997
700	12	2	100.09	54.980000000000004
700	13	2	100.12	100.12000000000003
700	14	2	100.12	145.11999999999992
700	15	2	99.93	190.07999999999996
700	16	2	145.14141414141412	10.383838383838384
700	17	2	144.97999999999993	54.95000000000002
700	18	2	145.0900000000001	100.42000000000002
700	19	2	145.1599999999999	144.95
700	20	2	145.27083333333331	190.27083333333331
700	21	2	190.14	9.740000000000002
700	22	2	190.1199999999999	54.88
700	23	2	190.19148936170217	100.09574468085106
700	24	2	189.72916666666669	144.97916666666666
700	25	2	190.21999999999994	190.27999999999994
700	26	1	22.020100502512566	78.82412060301509
700	27	1	176.23999999999992	8.315000000000001
700	28	1	152.75999999999996	41.50999999999996
700	29	1	170.4278606965174	74.65174129353231
700	30	1	81.18905472636816	97.7611940298507
700	31	1	127.69000000000003	87.35
700	32	1	157.50000000000006	177.3350000000001
700	33	1	165.05499999999992	11.605000000000004
700	34	1	125.82999999999997	0.45500000000006935
700	35	1	148.78499999999994	112.33500000000001
700	36	1	114.31499999999997	76.01500000000001
700	37	1	43.750000000000014	165.39499999999992
700	38	1	145.50746268656715	31.900497512437827
700	39	1	166.44499999999994	33.955
700	40	1	161.21999999999994	186.42499999999998
700	41	1	52.353233830845745	35.34825870646763
700	42	1	85.95500000000001	81.425
700	43	1	172.59203980099505	88.32835820895515
700	44	1	124.69500000000005	129.095
700	45	1	100.84500000000004	85.88000000000002
700	46	1	104.12999999999997	72.20000000000002
700	47	1	133.30348258706465	47.75621890547262
700	48	1	29.655	45.280000000000015
700	49	1	117.58999999999999	89.28999999999999
700	50	1	183.6400000000001	82.91999999999999
700	51	1	115.15499999999999	34.26
700	52	1	110.69346733668343	112.11055276381906
700	53	1	157.92000000000002	22.224999999999994
700	54	1	34.53000000000002	149.63499999999993
700	55	1	141.65500000000003	118.51499999999996
700	56	1	28.497487437185928	170.95477386934667
700	57	1	116.83084577114431	14.606965174129352
700	58	1	26.574999999999996	157.57000000000008
700	59	1	72.35999999999993	5.705000000000003
700	60	1	181.33830845771146	24.328358208955226
700	61	1	124.30845771144283	62.761194029850735
700	62	1	130.0201005025125	103.59296482412054
700	63	1	72.66499999999992	87.86500000000001
700	64	1	133.84999999999997	125.11499999999998
700	65	1	12.57	72.885
700	66	1	178.37313432835828	34.23383084577114
700	67	1	67.82499999999999	56.19500000000001
700	68	1	32.209999999999994	55.39499999999998
700	69	1	34.82500000000002	69.07999999999998
700	70	1	168.76999999999987	47.565000000000005
700	71	1	50.649999999999984	45.45000000000003
700	72	1	128.97014925373136	13.338308457711445
700	73	1	120.58999999999995	110.10499999999996
700	74	1	70.1641791044776	36.68159203980101
700	75	1	128.70499999999998	190.83
710	1	2	10.32	9.919999999999991
710	2	2	9.91	54.940000000000026
710	3	2	10.271739130434783	100
710	4	2	10.000000000000004	145
710	5	2	9.78	189.93
710	6	2	54.97999999999999	9.810000000000004
710	7	2	55.02000000000001	55.22999999999999
710	8	2	54.95	99.83999999999995
710	9	2	54.87999999999998	144.88
710	10	2	55.00000000000001	190.10999999999996
710	11	2	100.26	9.899999999999997
710	12	2	100.09	54.980000000000004
710	13	2	100.12	100.12000000000003
710	14	2	100.12	145.11999999999992
710	15	2	99.93	190.07999999999996
710	16	2	145.14141414141412	10.383838383838384
710	17	2	144.97999999999993	54.95000000000002
710	18	2	145.0900000000001	100.42000000000002
710	19	2	145.1599999999999	144.95
710	20	2	145.27083333333331	190.27083333333331
710	21	2	190.14	9.740000000000002
710	22	2	190.1199999999999	54.88
710	23	2	190.19148936170217	100.09574468085106
710	24	2	189.72916666666669	144.97916666666666
710	25	2	190.21999999999994	190.27999999999994
710	26	1	21.417085427135678	79.1005025125628
710	27	1	176.80000000000007	7.880000000000002
710	28	1	153.04499999999982	40.87499999999999
710	29	1	171.8159203980101	74.96019900497515
710	30	1	81.66499999999996	98.73500000000001
710	31	1	127.77500000000002	87.37000000000003
710	32	1	157.5075376884422	177.3718592964824
710	33	1	165.66666666666669	12.552238805970147
710	34	1	126.06999999999998	0.9799999999999998
710	35	1	148.78500000000008	112.4149999999999
710	36	1	114.95999999999998	75.71999999999991
710	37	1	44.06467661691541	163.63681592039796
710	38	1	143.84924623115575	33.07537688442212
710	39	1	166.45771144278598	31.960199004975134
710	40	1	161.2699999999999	186.38500000000002
710	41	1	52.579999999999984	35.42500000000002
710	42	1	85.36000000000001	81.65500000000003
710	43	1	172.85499999999996	88.29999999999998
710	44	1	125.39499999999998	130.18499999999995
710	45	1	100.92000000000002	85.88499999999998
710	46	1	104.04500000000002	72.86000000000008
710	47	1	132.65500000000003	48.70999999999998
710	48	1	29.894999999999996	45.289999999999985
710	49	1	117.37499999999996	89.82000000000001
710	50	1	184.71144278606957	83.65671641791047
710	51	1	114.46500000000002	36.029999999999994
710	52	1	110.85572139303488	111.90049751243778
710	53	1	155.72277227722756	22.519801980198014
710	54	1	34.02500000000001	148.39999999999992
710	55	1	141.31999999999994	118.39499999999995
710	56	1	29.233830845771134	171.15920398009948
710	57	1	116.20999999999995	16.025000000000002
710	58	1	26.63316582914573	158.12060301507543
710	59	1	70.91457286432158	6.557788944723616
710	60	1	180.91499999999996	24.390000000000008
710	61	1	124.44999999999993	62.270000000000024
710	62	1	129.74499999999998	103.90500000000004
710	63	1	73.14427860696519	89.07960199004981
710	64	1	133.86499999999998	126.08500000000002
710	65	1	12.194029850746265	71.55223880597016
710	66	1	179.18181818181804	35.72222222222224
710	67	1	67.36180904522617	57.185929648241235
710	68	1	31.58291457286433	55.92964824120602
710	69	1	35.11999999999999	68.50000000000003
710	70	1	168.25500000000002	46.74000000000002
710	71	1	49.71641791044777	46.00995024875621
710	72	1	127.1492537313433	13.592039800995023
710	73	1	120.61691542288563	110.90049751243785
710	74	1	69.52763819095483	37.557788944723626
710	75	1	129.63999999999987	191.7650000000001
720	1	2	10.32	9.919999999999991
720	2	2	9.91	54.940000000000026
720	3	2	10.271739130434783	100
720	4	2	10.000000000000004	145
720	5	2	9.78	189.93
720	6	2	54.97999999999999	9.810000000000004
720	7	2	55.02000000000001	55.22999999999999
720	8	2	54.95	99.83999999999995
720	9	2	54.87999999999998	144.88
720	10	2	55.00000000000001	190.10999999999996
720	11	2	100.26	9.899999999999997
720	12	2	100.09	54.980000000000004
720	13	2	100.12	100.12000000000003
720	14	2	100.12	145.11999999999992
720	15	2	99.93	190.07999999999996
720	16	2	145.14141414141412	10.383838383838384
720	17	2	144.97999999999993	54.95000000000002
720	18	2	145.0900000000001	100.42000000000002
720	19	2	145.1599999999999	144.95
720	20	2	145.27083333333331	190.27083333333331
720	21	2	190.14	9.740000000000002
720	22	2	190.1199999999999	54.88
720	23	2	190.19148936170217	100.09574468085106
720	24	2	189.72916666666669	144.97916666666666
720	25	2	190.21999999999994	190.27999999999994
720	26	1	20.633663366336634	79.18316831683173
720	27	1	177.195	7.59
720	28	1	153.5175879396985	40.12562814070353
720	29	1	173.42	75.17000000000006
720	30	1	82.19	99.67999999999995
720	31	1	127.65999999999998	87.73500000000006
720	32	1	157.50999999999996	177.25000000000006
720	33	1	166.105	14.219999999999999
720	34	1	126.19597989949749	1.854271356783869
720	35	1	148.66500000000005	112.37499999999996
720	36	1	115.73500000000001	75.40999999999998
720	37	1	43.30348258706464	162.13432835820893
720	38	1	142.55	33.375000000000014
720	39	1	166.4	30.649999999999995
720	40	1	161.2261306532662	186.427135678392
720	41	1	52.39000000000002	35.76500000000002
720	42	1	84.63500000000002	81.72000000000006
720	43	1	172.68159203980105	88.67164179104478
720	44	1	125.78000000000003	130.97499999999994
720	45	1	101.095	85.85500000000003
720	46	1	103.95999999999997	73.58000000000001
720	47	1	132.38805970149238	49.228855721393025
720	48	1	30.035000000000007	45.390000000000015
720	49	1	116.99500000000006	90.47499999999998
720	50	1	184.90452261306513	84.17587939698491
720	51	1	114.63999999999999	38.05500000000001
720	52	1	110.82412060301513	111.32160804020099
720	53	1	154.405	22.445000000000014
720	54	1	33.970149253731336	147.24875621890547
720	55	1	140.860696517413	118.28855721393032
720	56	1	30.369999999999997	171.70500000000004
720	57	1	115.36318407960201	17.850746268656724
720	58	1	26.412935323383078	158.61194029850762
720	59	1	68.90954773869343	7.05025125628141
720	60	1	180.82999999999996	24.324999999999996
720	61	1	124.73999999999998	62.14499999999999
720	62	1	129.4149999999999	104.41000000000004
720	63	1	73.3	89.63
720	64	1	133.86432160804011	126.8140703517588
720	65	1	12.275	69.90499999999997
720	66	1	179.15	37.165
720	67	1	67.14572864321607	58.07537688442213
720	68	1	31.50000000000001	56.025000000000006
720	69	1	35.68500000000002	67.54999999999997
720	70	1	168.37999999999997	46.225
720	71	1	48.90000000000001	46.88500000000003
720	72	1	125.48743718592966	13.58291457286433
720	73	1	120.54228855721398	111.67661691542291
720	74	1	68.93499999999995	39.489999999999995
720	75	1	130.7650000000001	193.3950000000001
730	1	2	10.32	9.919999999999991
730	2	2	9.91	54.940000000000026
730	3	2	10.271739130434783	100
730	4	2	10.000000000000004	145
730	5	2	9.78	189.93
730	6	2	54.97999999999999	9.810000000000004
730	7	2	55.02000000000001	55.22999999999999
730	8	2	54.95	99.83999999999995
730	9	2	54.87999999999998	144.88
730	10	2	55.00000000000001	190.10999999999996
730	11	2	100.26	9.899999999999997
730	12	2	100.09	54.980000000000004
730	13	2	100.12	100.12000000000003
730	14	2	100.12	145.11999999999992
730	15	2	99.93	190.07999999999996
730	16	2	145.14141414141412	10.383838383838384
730	17	2	144.97999999999993	54.95000000000002
730	18	2	145.0900000000001	100.42000000000002
730	19	2	145.1599999999999	144.95
730	20	2	145.27083333333331	190.27083333333331
730	21	2	190.14	9.740000000000002
730	22	2	190.1199999999999	54.88
730	23	2	190.19148936170217	100.09574468085106
730	24	2	189.72916666666669	144.97916666666666
730	25	2	190.21999999999994	190.27999999999994
730	26	1	19.980000000000008	78.82000000000002
730	27	1	176.4179104477611	6.875621890547264
730	28	1	154.18	39.42000000000001
730	29	1	175.16417910447774	75.51741293532338
730	30	1	82.99999999999999	99.65000000000002
730	31	1	127.60499999999998	88.38000000000002
730	32	1	157.155	177.37000000000015
730	33	1	166.13567839195974	15.281407035175882
730	34	1	126.38190954773873	2.457286432160771
730	35	1	148.67839195979906	112.46231155778894
730	36	1	116.53500000000001	75.395
730	37	1	42.15422885572141	160.53731343283582
730	38	1	141.26500000000001	33.885000000000026
730	39	1	166.825	29.145
730	40	1	161.34499999999986	186.21000000000004
730	41	1	52.865000000000016	36.195000000000014
730	42	1	83.60696517412929	82.18905472636813
730	43	1	171.95999999999995	88.96000000000008
730	44	1	126.17000000000004	131.34499999999997
730	45	1	101.04500000000004	85.97499999999998
730	46	1	103.96019900497515	74.16915422885576
730	47	1	132.40999999999994	49.44999999999999
730	48	1	29.85572139303483	45.28358208955225
730	49	1	116.45999999999998	90.98499999999994
730	50	1	185.20000000000002	84.27999999999994
730	51	1	114.20500000000003	39.66000000000001
730	52	1	110.68500000000003	110.92999999999996
730	53	1	153.565	22.809999999999995
730	54	1	33.699999999999996	146.29
730	55	1	140.47	118.19000000000007
730	56	1	32.336683417085425	171.94974874371852
730	57	1	114.87499999999996	19.424999999999997
730	58	1	26.495000000000005	159.27499999999998
730	59	1	67.60199004975115	7.2537313432835795
730	60	1	181.28499999999994	24.28
730	61	1	125.085	61.794999999999995
730	62	1	128.775	104.28000000000004
730	63	1	73.04	91.09000000000002
730	64	1	134.04	127.13500000000003
730	65	1	12.935323383084578	68.71641791044773
730	66	1	179.1550000000001	38.91500000000001
730	67	1	66.90500000000002	58.47499999999997
730	68	1	31.43500000000001	56.03000000000002
730	69	1	36.34999999999999	66.28000000000004
730	70	1	168.39	45.394999999999996
730	71	1	48.07960199004976	47.761194029850735
730	72	1	124.06930693069303	13.336633663366335
730	73	1	120.53	112.35500000000002
730	74	1	68.58000000000003	40.93500000000002
730	75	1	131.93499999999997	194.89000000000007
740	1	2	10.32	9.919999999999991
740	2	2	9.91	54.940000000000026
740	3	2	10.271739130434783	100
740	4	2	10.000000000000004	145
740	5	2	9.78	189.93
740	6	2	54.97999999999999	9.810000000000004
740	7	2	55.02000000000001	55.22999999999999
740	8	2	54.95	99.83999999999995
740	9	2	54.87999999999998	144.88
740	10	2	55.00000000000001	190.10999999999996
740	11	2	100.26	9.899999999999997
740	12	2	100.09	54.980000000000004
740	13	2	100.12	100.12000000000003
740	14	2	100.12	145.11999999999992
740	15	2	99.93	190.07999999999996
740	16	2	145.14141414141412	10.383838383838384
740	17	2	144.97999999999993	54.95000000000002
740	18	2	145.0900000000001	100.42000000000002
740	19	2	145.1599999999999	144.95
740	20	2	145.27083333333331	190.27083333333331
740	21	2	190.14	9.740000000000002
740	22	2	190.1199999999999	54.88
740	23	2	190.19148936170217	100.09574468085106
740	24	2	189.72916666666669	144.97916666666666
740	25	2	190.21999999999994	190.27999999999994
740	26	1	19.507462686567163	78.43781094527357
740	27	1	175.86499999999984	6.574999999999998
740	28	1	153.98499999999993	38.94000000000002
740	29	1	176.48499999999999	75.83000000000001
740	30	1	84.45273631840796	99.89552238805973
740	31	1	127.67661691542288	88.8805970149254
740	32	1	157.13500000000005	177.20499999999998
740	33	1	166.04975124378115	15.631840796019896
740	34	1	126.72000000000001	3.625
740	35	1	148.31999999999994	112.37999999999998
740	36	1	117.28	75.20000000000006
740	37	1	40.99004975124375	159.9004975124377
740	38	1	139.681592039801	33.805970149253724
740	39	1	167.29353233830847	28.472636815920403
740	40	1	161.3	186.22000000000008
740	41	1	53.13930348258709	36.26368159203979
740	42	1	82.46000000000002	82.75
740	43	1	171.27500000000003	88.46000000000005
740	44	1	126.13500000000006	131.31500000000005
740	45	1	101.07000000000001	86.17999999999999
740	46	1	104.2935323383085	75.02487562189057
740	47	1	132.48499999999996	49.424999999999976
740	48	1	29.678391959798994	45.577889447236146
740	49	1	116.24499999999995	91.27499999999999
740	50	1	185.4600000000001	84.45500000000003
740	51	1	114.10000000000001	40.50000000000001
740	52	1	110.70000000000002	110.22000000000003
740	53	1	153.53500000000003	23.485000000000003
740	54	1	33.26633165829146	145.28643216080397
740	55	1	140.13000000000008	118.31999999999996
740	56	1	33.695	172.88499999999996
740	57	1	114.84500000000007	20.715000000000007
740	58	1	26.651741293532343	160.44776119402988
740	59	1	66.05527638190958	7.502512562814072
740	60	1	180.86934673366832	24.47738693467337
740	61	1	125.10000000000002	61.72500000000002
740	62	1	128.33000000000004	104.26499999999994
740	63	1	73.38693467336688	92.62311557788944
740	64	1	134.21890547263672	127.54228855721391
740	65	1	13.169999999999996	68.025
740	66	1	179.51000000000005	40.01500000000002
740	67	1	66.30000000000003	59.694999999999986
740	68	1	31.497487437185914	55.889447236180914
740	69	1	36.40000000000002	65.70499999999998
740	70	1	168.4249999999999	44.330000000000005
740	71	1	47.663316582914554	48.29648241206031
740	72	1	122.44776119402982	13.069651741293534
740	73	1	120.35000000000001	113.22499999999995
740	74	1	67.58910891089114	43.00990099009901
740	75	1	132.82914572864325	196.44723618090447
750	1	2	10.32	9.919999999999991
750	2	2	9.91	54.940000000000026
750	3	2	10.271739130434783	100
750	4	2	10.000000000000004	145
750	5	2	9.78	189.93
750	6	2	54.97999999999999	9.810000000000004
750	7	2	55.02000000000001	55.22999999999999
750	8	2	54.95	99.83999999999995
750	9	2	54.87999999999998	144.88
750	10	2	55.00000000000001	190.10999999999996
750	11	2	100.26	9.899999999999997
750	12	2	100.09	54.980000000000004
750	13	2	100.12	100.12000000000003
750	14	2	100.12	145.11999999999992
750	15	2	99.93	190.07999999999996
750	16	2	145.14141414141412	10.383838383838384
750	17	2	144.97999999999993	54.95000000000002
750	18	2	145.0900000000001	100.42000000000002
750	19	2	145.1599999999999	144.95
750	20	2	145.27083333333331	190.27083333333331
750	21	2	190.14	9.740000000000002
750	22	2	190.1199999999999	54.88
750	23	2	190.19148936170217	100.09574468085106
750	24	2	189.72916666666669	144.97916666666666
750	25	2	190.21999999999994	190.27999999999994
750	26	1	19.211055276381913	78.39698492462304
750	27	1	174.37313432835825	6.761194029850746
750	28	1	153.40999999999994	38.85000000000001
750	29	1	177.40499999999983	76.56500000000001
750	30	1	85.48000000000002	99.51500000000001
750	31	1	127.82914572864321	89.63819095477392
750	32	1	157.13999999999993	177.235
750	33	1	165.85572139303486	16.547263681592042
750	34	1	127.12000000000002	4.97999999999999
750	35	1	148.21500000000012	112.15999999999995
750	36	1	118.28140703517592	74.89949748743726
750	37	1	39.735000000000035	159.40999999999997
750	38	1	138.99999999999986	34.02499999999998
750	39	1	168.42499999999993	28.540000000000003
750	40	1	161.44999999999993	186.33499999999995
750	41	1	53.18000000000002	36.25999999999999
750	42	1	81.10000000000001	83.31
750	43	1	170.865	87.72000000000001
750	44	1	126.48999999999995	131.765
750	45	1	100.96500000000003	86.03500000000007
750	46	1	104.53000000000003	75.66499999999999
750	47	1	132.58291457286427	49.29648241206032
750	48	1	29.345	46.16500000000002
750	49	1	115.86999999999998	91.39500000000001
750	50	1	185.70500000000004	84.74999999999993
750	51	1	114.01	40.989999999999995
750	52	1	110.95500000000004	109.49
750	53	1	153.55999999999997	24.549999999999986
750	54	1	32.78	144.6249999999999
750	55	1	139.4427860696517	118.10447761194024
750	56	1	34.85499999999999	173.11999999999995
750	57	1	114.26368159203983	22.666666666666664
750	58	1	26.68844221105529	161.43216080402004
750	59	1	65.47500000000001	7.185
750	60	1	180.67999999999998	25.08
750	61	1	125.37000000000003	61.60500000000001
750	62	1	127.81	104.03000000000003
750	63	1	73.81592039801002	94.1990049751244
750	64	1	134.3850000000001	127.97999999999998
750	65	1	13.378109452736316	67.73631840796024
750	66	1	180.2849999999999	41.595
750	67	1	65.58500000000001	60.22500000000002
750	68	1	31.540000000000003	55.77500000000002
750	69	1	36.41293532338309	64.93034825870647
750	70	1	168.41708542713565	43.336683417085446
750	71	1	47.62500000000001	48.74999999999999
750	72	1	121.26865671641792	13.626865671641793
750	73	1	120.11055276381911	113.95477386934674
750	74	1	67.27860696517415	44.547263681592035
750	75	1	133.80904522613068	197.61809045226136
760	1	2	10.32	9.919999999999991
760	2	2	9.91	54.940000000000026
760	3	2	10.271739130434783	100
760	4	2	10.000000000000004	145
760	5	2	9.78	189.93
760	6	2	54.97999999999999	9.810000000000004
760	7	2	55.02000000000001	55.22999999999999
760	8	2	54.95	99.83999999999995
760	9	2	54.87999999999998	144.88
760	10	2	55.00000000000001	190.10999999999996
760	11	2	100.26	9.899999999999997
760	12	2	100.09	54.980000000000004
760	13	2	100.12	100.12000000000003
760	14	2	100.12	145.11999999999992
760	15	2	99.93	190.07999999999996
760	16	2	145.14141414141412	10.383838383838384
760	17	2	144.97999999999993	54.95000000000002
760	18	2	145.0900000000001	100.42000000000002
760	19	2	145.1599999999999	144.95
760	20	2	145.27083333333331	190.27083333333331
760	21	2	190.14	9.740000000000002
760	22	2	190.1199999999999	54.88
760	23	2	190.19148936170217	100.09574468085106
760	24	2	189.72916666666669	144.97916666666666
760	25	2	190.21999999999994	190.27999999999994
760	26	1	18.974874371859304	78.26633165829145
760	27	1	173.08999999999997	6.665000000000003
760	28	1	153.22499999999994	38.550000000000026
760	29	1	178.17999999999986	76.68500000000002
760	30	1	87.05000000000004	98.99999999999996
760	31	1	128.46268656716413	90.38308457711447
760	32	1	157.17999999999995	177.14500000000007
760	33	1	165.86069651741286	16.930348258706474
760	34	1	126.92964824120604	5.809045226130654
760	35	1	147.8643216080402	112.23115577889445
760	36	1	118.91500000000002	74.78999999999999
760	37	1	38.42500000000004	158.34500000000006
760	38	1	138.8249999999999	33.94000000000001
760	39	1	169.20895522388054	28.338308457711424
760	40	1	161.6400000000001	186.23999999999995
760	41	1	52.99499999999999	36.57499999999999
760	42	1	79.91044776119409	83.91044776119396
760	43	1	170.54500000000013	86.47999999999989
760	44	1	126.75999999999996	132.055
760	45	1	100.66000000000003	85.97000000000003
760	46	1	104.70500000000001	76.385
760	47	1	132.95979899497476	49.07537688442211
760	48	1	28.875	46.739999999999995
760	49	1	115.57999999999996	91.52499999999999
760	50	1	185.56281407035158	84.97487437185936
760	51	1	113.7213930348259	41.542288557213936
760	52	1	111.18500000000003	108.84499999999994
760	53	1	153.49999999999991	24.940000000000005
760	54	1	32.45273631840796	143.3781094527364
760	55	1	138.94974874371852	118.04522613065326
760	56	1	36.179104477611936	172.9850746268657
760	57	1	113.61691542288567	24.522388059701488
760	58	1	27.104999999999997	162.15999999999997
760	59	1	64.84500000000004	6.950000000000006
760	60	1	180.73000000000008	25.140000000000004
760	61	1	125.35000000000001	61.705000000000005
760	62	1	127.03980099502475	103.69651741293531
760	63	1	74.94999999999997	96.185
760	64	1	134.78500000000005	128.16500000000002
760	65	1	14.299999999999999	68.07499999999996
760	66	1	180.53233830845755	43.23383084577113
760	67	1	64.3819095477387	61.45728643216079
760	68	1	31.494999999999997	55.595000000000006
760	69	1	36.51	64.40000000000003
760	70	1	168.30499999999992	41.835000000000036
760	71	1	47.49000000000002	49.260000000000005
760	72	1	120.55	14.420000000000003
760	73	1	119.76119402985077	115.23383084577115
760	74	1	67.2	46.18000000000003
760	75	1	134.57499999999985	199.06
770	1	2	10.32	9.919999999999991
770	2	2	9.91	54.940000000000026
770	3	2	10.271739130434783	100
770	4	2	10.000000000000004	145
770	5	2	9.78	189.93
770	6	2	54.97999999999999	9.810000000000004
770	7	2	55.02000000000001	55.22999999999999
770	8	2	54.95	99.83999999999995
770	9	2	54.87999999999998	144.88
770	10	2	55.00000000000001	190.10999999999996
770	11	2	100.26	9.899999999999997
770	12	2	100.09	54.980000000000004
770	13	2	100.12	100.12000000000003
770	14	2	100.12	145.11999999999992
770	15	2	99.93	190.07999999999996
770	16	2	145.14141414141412	10.383838383838384
770	17	2	144.97999999999993	54.95000000000002
770	18	2	145.0900000000001	100.42000000000002
770	19	2	145.1599999999999	144.95
770	20	2	145.27083333333331	190.27083333333331
770	21	2	190.14	9.740000000000002
770	22	2	190.1199999999999	54.88
770	23	2	190.19148936170217	100.09574468085106
770	24	2	189.72916666666669	144.97916666666666
770	25	2	190.21999999999994	190.27999999999994
770	26	1	18.6865671641791	77.9402985074627
770	27	1	172.17999999999986	6.849999999999997
770	28	1	152.94	38.124999999999986
770	29	1	178.47738693467326	77.42211055276384
770	30	1	87.82089552238804	98.1094527363184
770	31	1	128.90500000000006	91.93000000000005
770	32	1	157.66	176.77
770	33	1	165.745	17.530000000000012
770	34	1	126.76000000000005	7.270000000000001
770	35	1	147.60000000000008	112.30999999999996
770	36	1	119.36499999999998	75.28000000000002
770	37	1	37.789999999999985	157.57500000000005
770	38	1	138.64000000000001	33.504999999999995
770	39	1	170.24999999999997	27.995000000000005
770	40	1	161.69499999999994	186.75500000000005
770	41	1	53.04000000000001	36.79999999999998
770	42	1	78.9303482587065	84.7761194029851
770	43	1	170.22885572139305	85.54726368159201
770	44	1	126.59500000000001	131.56499999999997
770	45	1	100.13065326633165	86.03015075376885
770	46	1	105.03	76.85500000000003
770	47	1	132.65829145728634	48.93467336683418
770	48	1	28.628140703517595	47.04522613065326
770	49	1	115.08457711442792	91.9303482587065
770	50	1	185.91499999999994	84.86499999999997
770	51	1	113.51741293532339	41.93532338308457
770	52	1	111.64499999999995	108.56
770	53	1	153.55721393034833	25.07960199004977
770	54	1	32.199999999999996	142.76500000000013
770	55	1	138.35000000000008	118.105
770	56	1	37.49999999999999	172.27999999999994
770	57	1	113.28787878787882	26.26767676767675
770	58	1	27.261306532663305	162.87437185929653
770	59	1	64.67500000000007	6.590000000000002
770	60	1	181.36499999999998	25.195000000000014
770	61	1	125.44500000000002	62.065000000000005
770	62	1	126.275	103.85999999999999
770	63	1	76.15422885572137	98.58706467661689
770	64	1	135.45500000000004	128.92000000000004
770	65	1	15.020000000000003	68.345
770	66	1	180.34673366834176	44.19597989949748
770	67	1	63.63316582914575	62.422110552763776
770	68	1	31.62814070351759	55.53768844221103
770	69	1	36.40499999999998	64.49499999999995
770	70	1	168.54500000000002	40.845000000000006
770	71	1	47.22500000000003	49.495000000000005
770	72	1	119.27499999999999	15.02
770	73	1	119.2663316582915	116.7185929648241
770	74	1	67.10447761194028	47.885572139303456
770	75	1	134.34170854271355	0.2814070351757323
780	1	2	10.32	9.919999999999991
780	2	2	9.91	54.940000000000026
780	3	2	10.271739130434783	100
780	4	2	10.000000000000004	145
780	5	2	9.78	189.93
780	6	2	54.97999999999999	9.810000000000004
780	7	2	55.02000000000001	55.22999999999999
780	8	2	54.95	99.83999999999995
780	9	2	54.87999999999998	144.88
780	10	2	55.00000000000001	190.10999999999996
780	11	2	100.26	9.899999999999997
780	12	2	100.09	54.980000000000004
780	13	2	100.12	100.12000000000003
780	14	2	100.12	145.11999999999992
780	15	2	99.93	190.07999999999996
780	16	2	145.14141414141412	10.383838383838384
780	17	2	144.97999999999993	54.95000000000002
780	18	2	145.0900000000001	100.42000000000002
780	19	2	145.1599999999999	144.95
780	20	2	145.27083333333331	190.27083333333331
780	21	2	190.14	9.740000000000002
780	22	2	190.1199999999999	54.88
780	23	2	190.19148936170217	100.09574468085106
780	24	2	189.72916666666669	144.97916666666666
780	25	2	190.21999999999994	190.27999999999994
780	26	1	18.205	77.76999999999995
780	27	1	171.1700000000001	7.22
780	28	1	152.82499999999993	38.00500000000001
780	29	1	178.655	78.33999999999999
780	30	1	88.21105527638187	97.10050251256283
780	31	1	129.085	92.24000000000002
780	32	1	157.86499999999998	176.46999999999997
780	33	1	165.43216080402007	18.1608040201005
780	34	1	126.57500000000002	8.745
780	35	1	147.37500000000009	112.58999999999999
780	36	1	119.97000000000003	75.5
780	37	1	36.964824120603	156.10050251256283
780	38	1	138.76616915422883	33.263681592039795
780	39	1	171.1557788944722	28.035175879396988
780	40	1	161.6750000000001	187.40000000000003
780	41	1	52.99	36.81
780	42	1	77.59296482412061	85.46733668341709
780	43	1	169.905	84.83499999999998
780	44	1	126.91	131.50499999999994
780	45	1	99.71000000000002	85.935
780	46	1	105.47761194029854	77.07960199004978
780	47	1	132.95499999999998	48.535
780	48	1	28.211055276381913	47.14070351758795
780	49	1	114.32500000000006	92.14499999999998
780	50	1	186.45999999999998	84.51500000000001
780	51	1	113.29000000000003	42.19000000000002
780	52	1	112.39500000000004	107.93499999999993
780	53	1	153.26500000000001	25.16
780	54	1	32.66169154228856	141.79601990049753
780	55	1	137.37688442211066	117.69346733668343
780	56	1	38.879999999999995	171.15
780	57	1	112.93500000000002	27.564999999999994
780	58	1	27.420000000000012	163.54499999999996
780	59	1	64.54271356783919	6.336683417085427
780	60	1	181.49499999999995	25.409999999999993
780	61	1	125.49499999999999	62.05999999999999
780	62	1	126.10500000000003	103.33999999999995
780	63	1	77.01999999999998	99.89499999999998
780	64	1	135.92000000000004	129.18500000000006
780	65	1	15.09	68.42500000000001
780	66	1	180.00995024875607	45.50248756218905
780	67	1	62.90452261306533	63.562814070351784
780	68	1	31.884422110552784	55.15075376884422
780	69	1	36.235	64.83000000000003
780	70	1	168.6633165829145	39.77386934673366
780	71	1	47.15500000000001	49.479999999999976
780	72	1	118.1940298507462	15.48756218905472
780	73	1	118.74499999999999	117.86499999999998
780	74	1	67.92000000000003	49.67
780	75	1	134.30000000000004	1.8900000000000432
790	1	2	10.32	9.919999999999991
790	2	2	9.91	54.940000000000026
790	3	2	10.271739130434783	100
790	4	2	10.000000000000004	145
790	5	2	9.78	189.93
790	6	2	54.97999999999999	9.810000000000004
790	7	2	55.02000000000001	55.22999999999999
790	8	2	54.95	99.83999999999995
790	9	2	54.87999999999998	144.88
790	10	2	55.00000000000001	190.10999999999996
790	11	2	100.26	9.899999999999997
790	12	2	100.09	54.980000000000004
790	13	2	100.12	100.12000000000003
790	14	2	100.12	145.11999999999992
790	15	2	99.93	190.07999999999996
790	16	2	145.14141414141412	10.383838383838384
790	17	2	144.97999999999993	54.95000000000002
790	18	2	145.0900000000001	100.42000000000002
790	19	2	145.1599999999999	144.95
790	20	2	145.27083333333331	190.27083333333331
790	21	2	190.14	9.740000000000002
790	22	2	190.1199999999999	54.88
790	23	2	190.19148936170217	100.09574468085106
790	24	2	189.72916666666669	144.97916666666666
790	25	2	190.21999999999994	190.27999999999994
790	26	1	17.844999999999995	77.75000000000004
790	27	1	169.83499999999995	7.459999999999999
790	28	1	152.9798994974874	37.904522613065375
790	29	1	178.64000000000001	78.63500000000002
790	30	1	88.26499999999997	95.60999999999999
790	31	1	129.02	92.33000000000003
790	32	1	158.34000000000003	176.425
790	33	1	165.43781094527358	18.378109452736325
790	34	1	125.38499999999998	10.229999999999995
790	35	1	147.16000000000003	112.87999999999994
790	36	1	120.54228855721388	75.38308457711445
790	37	1	36.364999999999995	155.02499999999998
790	38	1	138.99000000000007	32.665000000000006
790	39	1	171.85929648241193	27.964824120603026
790	40	1	162.08955223880588	188.19900497512444
790	41	1	53.14070351758792	36.78894472361809
790	42	1	76.45499999999997	86.54500000000004
790	43	1	169.77000000000004	84.72000000000003
790	44	1	127.26	131.50000000000003
790	45	1	99.50753768844221	85.86934673366838
790	46	1	105.60500000000003	77.49499999999998
790	47	1	132.85000000000002	48.47499999999999
790	48	1	28.274999999999995	47.03499999999999
790	49	1	114.00499999999998	92.26999999999998
790	50	1	186.75000000000003	84.16499999999994
790	51	1	113.52000000000004	42.35999999999998
790	52	1	113.39698492462311	107.2663316582914
790	53	1	153.22499999999994	25.125000000000007
790	54	1	33.164999999999964	140.6749999999999
790	55	1	136.10999999999993	117.42999999999998
790	56	1	39.84	169.77999999999997
790	57	1	111.80000000000004	28.995
790	58	1	27.55276381909549	164.2814070351758
790	59	1	64.67500000000001	6.43
790	60	1	181.6532663316583	25.69346733668342
790	61	1	125.63184079601982	62.184079601990064
790	62	1	126	103.29500000000003
790	63	1	77.2189054726368	100.97014925373134
790	64	1	136.70499999999996	129.4700000000001
790	65	1	15.455	68.69999999999995
790	66	1	178.8507462686566	46.721393034825866
790	67	1	62.035175879397016	64.73869346733663
790	68	1	31.920000000000016	55.17500000000001
790	69	1	36.271356783919614	64.86432160804016
790	70	1	168.95979899497473	39.21608040201002
790	71	1	47.27638190954778	49.45226130653267
790	72	1	116.29353233830847	15.905472636815922
790	73	1	117.5572139303482	119.82089552238801
790	74	1	68.17500000000004	50.929999999999986
790	75	1	133.28500000000003	3.254999999999999
800	1	2	10.32	9.919999999999991
800	2	2	9.91	54.940000000000026
800	3	2	10.271739130434783	100
800	4	2	10.000000000000004	145
800	5	2	9.78	189.93
800	6	2	54.97999999999999	9.810000000000004
800	7	2	55.02000000000001	55.22999999999999
800	8	2	54.95	99.83999999999995
800	9	2	54.87999999999998	144.88
800	10	2	55.00000000000001	190.10999999999996
800	11	2	100.26	9.899999999999997
800	12	2	100.09	54.980000000000004
800	13	2	100.12	100.12000000000003
800	14	2	100.12	145.11999999999992
800	15	2	99.93	190.07999999999996
800	16	2	145.14141414141412	10.383838383838384
800	17	2	144.97999999999993	54.95000000000002
800	18	2	145.0900000000001	100.42000000000002
800	19	2	145.1599999999999	144.95
800	20	2	145.27083333333331	190.27083333333331
800	21	2	190.14	9.740000000000002
800	22	2	190.1199999999999	54.88
800	23	2	190.19148936170217	100.09574468085106
800	24	2	189.72916666666669	144.97916666666666
800	25	2	190.21999999999994	190.27999999999994
800	26	1	17.22500000000001	77.76500000000009
800	27	1	169.04020100502518	7.829145728643221
800	28	1	152.75376884422116	38
800	29	1	178.7386934673367	78.65829145728644
800	30	1	88.3	94.58999999999997
800	31	1	129.24623115577896	92.79396984924625
800	32	1	159.02512562814061	176.82412060301507
800	33	1	165.049751243781	18.96517412935324
800	34	1	124.62189054726365	10.905472636815917
800	35	1	147.04999999999998	113.17499999999998
800	36	1	121.62999999999998	75.45500000000004
800	37	1	35.781094527363194	154.44776119402994
800	38	1	139.17587939698507	32.31658291457288
800	39	1	172.48000000000002	27.645
800	40	1	162.457711442786	188.73631840796025
800	41	1	52.785	36.815000000000005
800	42	1	75.66499999999996	87.21499999999999
800	43	1	169.76999999999995	84.43000000000005
800	44	1	127.35499999999998	131.17000000000004
800	45	1	99.48241206030146	85.8844221105527
800	46	1	106.44499999999998	77.37999999999998
800	47	1	132.96999999999997	47.995
800	48	1	28.249999999999986	47.070000000000036
800	49	1	113.70500000000001	92.375
800	50	1	187.07999999999996	83.72499999999998
800	51	1	113.78894472361806	42.74874371859297
800	52	1	114.31000000000003	107.485
800	53	1	153.10999999999993	25.27500000000001
800	54	1	33.815	139.4449999999999
800	55	1	135.05999999999997	117.005
800	56	1	40.572864321608	168.69346733668343
800	57	1	110.52736318407959	29.935323383084583
800	58	1	27.84	165.20499999999998
800	59	1	64.49000000000001	6.230000000000001
800	60	1	181.88999999999996	26.06500000000001
800	61	1	125.60804020100505	62.20100502512562
800	62	1	126.04000000000003	103.21500000000002
800	63	1	77.30845771144274	101.19402985074613
800	64	1	137.37000000000006	129.67999999999992
800	65	1	15.66331658291457	68.71356783919595
800	66	1	177.42786069651748	47.9203980099503
800	67	1	61.51758793969852	65.95477386934667
800	68	1	32.114999999999995	55.02500000000001
800	69	1	35.90954773869346	65.3115577889447
800	70	1	169.84	38.61999999999999
800	71	1	47.20000000000002	49.395
800	72	1	115.2079207920792	16.722772277227715
800	73	1	116.64999999999998	121.02999999999997
800	74	1	68.15422885572139	51.60199004975125
800	75	1	132.99502487562197	5.044776119403053
810	1	2	10.32	9.919999999999991
810	2	2	9.91	54.940000000000026
810	3	2	10.271739130434783	100
810	4	2	10.000000000000004	145
810	5	2	9.78	189.93
810	6	2	54.97999999999999	9.810000000000004
810	7	2	55.02000000000001	55.22999999999999
810	8	2	54.95	99.83999999999995
810	9	2	54.87999999999998	144.88
810	10	2	55.00000000000001	190.10999999999996
810	11	2	100.26	9.899999999999997
810	12	2	100.09	54.980000000000004
810	13	2	100.12	100.12000000000003
810	14	2	100.12	145.11999999999992
810	15	2	99.93	190.07999999999996
810	16	2	145.14141414141412	10.383838383838384
810	17	2	144.97999999999993	54.95000000000002
810	18	2	145.0900000000001	100.42000000000002
810	19	2	145.1599999999999	144.95
810	20	2	145.27083333333331	190.27083333333331
810	21	2	190.14	9.740000000000002
810	22	2	190.1199999999999	54.88
810	23	2	190.19148936170217	100.09574468085106
810	24	2	189.72916666666669	144.97916666666666
810	25	2	190.21999999999994	190.27999999999994
810	26	1	17.175000000000008	77.63499999999998
810	27	1	168.56281407035172	8.065326633165832
810	28	1	152.5778894472364	38.05527638190957
810	29	1	178.69999999999993	78.68999999999998
810	30	1	88.0954773869347	93.54773869346731
810	31	1	129.285	92.84500000000003
810	32	1	159.81094527363177	177.5373134328358
810	33	1	165.17499999999987	19.425000000000008
810	34	1	123.56500000000001	11.550000000000008
810	35	1	146.76999999999992	113.72500000000002
810	36	1	121.97000000000004	75.24500000000003
810	37	1	35.66	153.66500000000002
810	38	1	139.20500000000013	31.494999999999997
810	39	1	172.91457286432157	27.66331658291456
810	40	1	162.80499999999998	189.36999999999998
810	41	1	53.37688442211055	36.77889447236182
810	42	1	74.36999999999993	87.96999999999996
810	43	1	169.83000000000007	84.22499999999992
810	44	1	127.39303482587067	130.2537313432835
810	45	1	99.70999999999998	85.87500000000007
810	46	1	106.935	77.435
810	47	1	132.85074626865668	47.537313432835816
810	48	1	28.205000000000005	47.039999999999985
810	49	1	113.545	92.57999999999997
810	50	1	187.21999999999994	83.30000000000003
810	51	1	114.30653266331659	43.22110552763821
810	52	1	115.53000000000002	107.67500000000001
810	53	1	153.50248756218906	25.213930348258714
810	54	1	34.299999999999955	138.66000000000003
810	55	1	134.47500000000002	116.70499999999998
810	56	1	40.90999999999999	167.19499999999996
810	57	1	108.67661691542291	30.900497512437816
810	58	1	28.295000000000016	165.9
810	59	1	64.47236180904521	5.969849246231153
810	60	1	182.0854271356785	26.48743718592965
810	61	1	125.39000000000004	62.159999999999975
810	62	1	126.0150753768844	103.05527638190958
810	63	1	77.79999999999994	101.26500000000003
810	64	1	138.16999999999996	129.895
810	65	1	15.224999999999998	68.63499999999995
810	66	1	175.91000000000003	48.834999999999994
810	67	1	60.66666666666666	67.8457711442786
810	68	1	32.21999999999999	54.87499999999999
810	69	1	35.77889447236181	65.24120603015075
810	70	1	170.33499999999987	38.69499999999998
810	71	1	47.33165829145729	49.29145728643216
810	72	1	113.89898989898988	18.04545454545455
810	73	1	115.46999999999997	122.38999999999999
810	74	1	67.90999999999998	52.745
810	75	1	131.8557213930348	5.6069651741293525
820	1	2	10.32	9.919999999999991
820	2	2	9.91	54.940000000000026
820	3	2	10.271739130434783	100
820	4	2	10.000000000000004	145
820	5	2	9.78	189.93
820	6	2	54.97999999999999	9.810000000000004
820	7	2	55.02000000000001	55.22999999999999
820	8	2	54.95	99.83999999999995
820	9	2	54.87999999999998	144.88
820	10	2	55.00000000000001	190.10999999999996
820	11	2	100.26	9.899999999999997
820	12	2	100.09	54.980000000000004
820	13	2	100.12	100.12000000000003
820	14	2	100.12	145.11999999999992
820	15	2	99.93	190.07999999999996
820	16	2	145.14141414141412	10.383838383838384
820	17	2	144.97999999999993	54.95000000000002
820	18	2	145.0900000000001	100.42000000000002
820	19	2	145.1599999999999	144.95
820	20	2	145.27083333333331	190.27083333333331
820	21	2	190.14	9.740000000000002
820	22	2	190.1199999999999	54.88
820	23	2	190.19148936170217	100.09574468085106
820	24	2	189.72916666666669	144.97916666666666
820	25	2	190.21999999999994	190.27999999999994
820	26	1	17.075	77.65499999999997
820	27	1	168.38000000000017	8.139999999999997
820	28	1	152.67661691542287	38.10945273631844
820	29	1	178.9396984924622	78.55778894472365
820	30	1	87.625	92.73499999999997
820	31	1	129.34499999999997	93.00000000000003
820	32	1	160.64499999999998	178.58499999999998
820	33	1	165.32338308457713	19.78606965174129
820	34	1	122.18500000000003	12.025000000000002
820	35	1	146.72999999999993	114.63999999999999
820	36	1	122.36499999999994	74.89000000000001
820	37	1	35.4776119402985	153.0398009950249
820	38	1	139.50499999999997	30.045
820	39	1	173.15075376884437	27.95477386934674
820	40	1	163.35499999999996	189.82999999999998
820	41	1	53.214999999999975	36.865000000000016
820	42	1	73.57499999999996	89.135
820	43	1	169.97500000000002	84.50499999999997
820	44	1	127.33	129.10999999999993
820	45	1	99.66999999999997	85.97999999999996
820	46	1	107.55000000000004	77.475
820	47	1	132.79500000000004	46.355000000000004
820	48	1	27.810000000000016	47.16000000000003
820	49	1	113.405	92.78499999999994
820	50	1	187.35499999999988	83.22
820	51	1	114.98500000000003	43.884999999999984
820	52	1	116.03999999999999	108.10000000000007
820	53	1	153.54499999999993	25.19
820	54	1	35.57499999999996	137.3100000000001
820	55	1	134.27999999999994	116.17999999999998
820	56	1	41.15422885572138	165.60199004975115
820	57	1	107.23000000000002	31.63
820	58	1	29.125000000000004	166.695
820	59	1	64.35499999999999	5.784999999999997
820	60	1	182.08040201005034	26.482412060301503
820	61	1	125.05499999999996	61.88499999999999
820	62	1	125.80999999999995	102.92500000000001
820	63	1	77.91000000000003	101.45
820	64	1	138.9145728643215	130.21105527638187
820	65	1	15.545	68.71999999999996
820	66	1	174.90452261306532	49.45226130653266
820	67	1	60.31999999999998	68.61000000000004
820	68	1	31.879999999999992	54.74500000000002
820	69	1	35.305	65.13500000000002
820	70	1	170.98000000000016	39.124999999999986
820	71	1	47.1507537688442	49.16080402010051
820	72	1	112.57711442786066	19.27363184079603
820	73	1	114.80499999999995	122.44999999999999
820	74	1	67.82499999999997	53.374999999999986
820	75	1	131.12935323383067	6.422885572139305
830	1	2	10.32	9.919999999999991
830	2	2	9.91	54.940000000000026
830	3	2	10.271739130434783	100
830	4	2	10.000000000000004	145
830	5	2	9.78	189.93
830	6	2	54.97999999999999	9.810000000000004
830	7	2	55.02000000000001	55.22999999999999
830	8	2	54.95	99.83999999999995
830	9	2	54.87999999999998	144.88
830	10	2	55.00000000000001	190.10999999999996
830	11	2	100.26	9.899999999999997
830	12	2	100.09	54.980000000000004
830	13	2	100.12	100.12000000000003
830	14	2	100.12	145.11999999999992
830	15	2	99.93	190.07999999999996
830	16	2	145.14141414141412	10.383838383838384
830	17	2	144.97999999999993	54.95000000000002
830	18	2	145.0900000000001	100.42000000000002
830	19	2	145.1599999999999	144.95
830	20	2	145.27083333333331	190.27083333333331
830	21	2	190.14	9.740000000000002
830	22	2	190.1199999999999	54.88
830	23	2	190.19148936170217	100.09574468085106
830	24	2	189.72916666666669	144.97916666666666
830	25	2	190.21999999999994	190.27999999999994
830	26	1	17.430000000000007	77.59000000000005
830	27	1	168.03482587064678	8.323383084577111
830	28	1	152.34170854271363	37.84422110552764
830	29	1	179.23115577889456	77.60301507537687
830	30	1	86.63000000000005	91.38000000000002
830	31	1	129.4099999999999	92.97999999999993
830	32	1	162.44000000000003	179.53000000000006
830	33	1	165.39499999999992	20.110000000000007
830	34	1	120.63999999999996	13
830	35	1	146.39000000000004	115.24000000000004
830	36	1	122.87939698492458	74.53768844221108
830	37	1	34.95999999999998	152.35000000000005
830	38	1	139.86999999999998	28.925000000000004
830	39	1	173.11999999999992	28.114999999999995
830	40	1	163.30499999999995	189.99499999999998
830	41	1	53.53999999999998	37.12500000000001
830	42	1	72.30499999999999	90.43
830	43	1	170.19095477386946	84.65829145728645
830	44	1	127.4070351758794	128.45728643216086
830	45	1	99.73869346733673	85.84924623115576
830	46	1	107.96499999999999	77.17000000000002
830	47	1	132.66999999999993	45.47000000000005
830	48	1	28.01000000000001	46.90500000000001
830	49	1	113.34000000000002	92.54500000000003
830	50	1	187.48000000000002	82.99999999999997
830	51	1	115.205	44.239999999999995
830	52	1	116.62686567164178	108.29850746268654
830	53	1	153.50499999999997	25.140000000000015
830	54	1	36.82999999999998	136.04000000000008
830	55	1	134.04020100502518	115.61809045226127
830	56	1	41.584999999999994	163.91999999999996
830	57	1	106.05970149253727	32.59203980099502
830	58	1	29.94029850746269	167.58706467661696
830	59	1	64.52763819095478	5.512562814070351
830	60	1	182.08499999999998	26.32000000000001
830	61	1	125.23	61.14999999999997
830	62	1	125.45226130653265	102.6231155778894
830	63	1	78.53768844221105	101.8341708542713
830	64	1	139.59	130.045
830	65	1	15.614999999999993	68.63500000000005
830	66	1	173.7412935323383	50.174129353233816
830	67	1	60.16500000000001	69.32999999999998
830	68	1	31.955000000000002	54.715
830	69	1	34.77	65.325
830	70	1	171.26499999999996	39.495
830	71	1	46.76381909547736	49.432160804020086
830	72	1	110.83999999999996	21.045000000000005
830	73	1	114.715	123.31500000000004
830	74	1	67.38693467336678	54.02512562814071
830	75	1	130.17499999999998	7.424999999999998
840	1	2	10.32	9.919999999999991
840	2	2	9.91	54.940000000000026
840	3	2	10.271739130434783	100
840	4	2	10.000000000000004	145
840	5	2	9.78	189.93
840	6	2	54.97999999999999	9.810000000000004
840	7	2	55.02000000000001	55.22999999999999
840	8	2	54.95	99.83999999999995
840	9	2	54.87999999999998	144.88
840	10	2	55.00000000000001	190.10999999999996
840	11	2	100.26	9.899999999999997
840	12	2	100.09	54.980000000000004
840	13	2	100.12	100.12000000000003
840	14	2	100.12	145.11999999999992
840	15	2	99.93	190.07999999999996
840	16	2	145.14141414141412	10.383838383838384
840	17	2	144.97999999999993	54.95000000000002
840	18	2	145.0900000000001	100.42000000000002
840	19	2	145.1599999999999	144.95
840	20	2	145.27083333333331	190.27083333333331
840	21	2	190.14	9.740000000000002
840	22	2	190.1199999999999	54.88
840	23	2	190.19148936170217	100.09574468085106
840	24	2	189.72916666666669	144.97916666666666
840	25	2	190.21999999999994	190.27999999999994
840	26	1	17.50251256281407	77.61306532663312
840	27	1	167.93500000000006	8.485000000000001
840	28	1	151.31000000000003	37.91499999999997
840	29	1	179.70999999999987	76.35500000000003
840	30	1	85.89552238805962	90.55721393034825
840	31	1	129.5125628140703	93.26130653266334
840	32	1	163.66999999999993	180.69500000000002
840	33	1	165.5148514851485	20.80198019801981
840	34	1	119.27363184079604	13.960199004975125
840	35	1	146.43718592964825	115.68341708542714
840	36	1	122.95024875621898	74.0049751243781
840	37	1	34.89499999999999	151.42999999999998
840	38	1	140.05999999999992	27.539999999999992
840	39	1	173.37000000000003	28.400000000000006
840	40	1	163.73999999999998	189.93499999999992
840	41	1	53.74500000000001	37.459999999999994
840	42	1	70.81094527363186	91.45771144278606
840	43	1	170.74500000000003	84.98500000000004
840	44	1	127.6180904522613	127.62311557788952
840	45	1	99.5721393034826	85.68656716417908
840	46	1	108.56281407035179	77.1356783919598
840	47	1	132.33499999999998	44.77499999999999
840	48	1	28.08	46.59500000000003
840	49	1	113.41500000000003	92.13499999999993
840	50	1	187.16500000000008	83.18499999999996
840	51	1	115.33	44.565
840	52	1	116.89500000000002	108.93999999999997
840	53	1	153.65999999999997	25.304999999999996
840	54	1	37.82587064676616	135.06467661691534
840	55	1	134.2139303482587	114.25870646766168
840	56	1	41.48258706467663	162.66666666666666
840	57	1	104.96517412935323	33.72139303482586
840	58	1	30.58	168.11
840	59	1	64.57500000000002	5.304999999999999
840	60	1	182.06000000000003	26.349999999999994
840	61	1	125.1105527638191	60.39195979899498
840	62	1	125.03015075376887	102.29145728643218
840	63	1	79.20398009950252	102.03482587064678
840	64	1	140.5299999999998	129.41999999999996
840	65	1	15.679999999999989	68.60000000000002
840	66	1	172.71641791044777	51.139303482587074
840	67	1	60.65829145728644	69.59798994974881
840	68	1	32.095	54.600000000000016
840	69	1	34.22613065326633	65.62311557788946
840	70	1	171.2750000000001	39.940000000000005
840	71	1	46.60499999999998	49.31499999999998
840	72	1	109.94000000000003	22.369999999999997
840	73	1	115.02512562814066	123.79396984924622
840	74	1	66.83582089552237	55.079601990049774
840	75	1	129.68000000000004	8.074999999999998
850	1	2	10.32	9.919999999999991
850	2	2	9.91	54.940000000000026
850	3	2	10.271739130434783	100
850	4	2	10.000000000000004	145
850	5	2	9.78	189.93
850	6	2	54.97999999999999	9.810000000000004
850	7	2	55.02000000000001	55.22999999999999
850	8	2	54.95	99.83999999999995
850	9	2	54.87999999999998	144.88
850	10	2	55.00000000000001	190.10999999999996
850	11	2	100.26	9.899999999999997
850	12	2	100.09	54.980000000000004
850	13	2	100.12	100.12000000000003
850	14	2	100.12	145.11999999999992
850	15	2	99.93	190.07999999999996
850	16	2	145.14141414141412	10.383838383838384
850	17	2	144.97999999999993	54.95000000000002
850	18	2	145.0900000000001	100.42000000000002
850	19	2	145.1599999999999	144.95
850	20	2	145.27083333333331	190.27083333333331
850	21	2	190.14	9.740000000000002
850	22	2	190.1199999999999	54.88
850	23	2	190.19148936170217	100.09574468085106
850	24	2	189.72916666666669	144.97916666666666
850	25	2	190.21999999999994	190.27999999999994
850	26	1	17.286432160804026	77.7286432160804
850	27	1	167.42211055276374	8.773869346733669
850	28	1	150.24875621890538	37.995024875621866
850	29	1	180.24378109452746	75.05472636815917
850	30	1	84.45273631840791	90.02487562189052
850	31	1	129.435	92.83
850	32	1	164.9400000000001	181.53499999999994
850	33	1	165.89	21.110000000000003
850	34	1	117.76000000000002	14.75
850	35	1	145.54271356783917	116.37185929648244
850	36	1	123.12500000000004	73.71999999999996
850	37	1	34.50746268656718	150.41293532338312
850	38	1	140.955	26.379999999999995
850	39	1	173.38999999999993	28.939999999999998
850	40	1	163.89447236180916	189.94472361809053
850	41	1	54.255	38.01000000000003
850	42	1	70.035	92.10499999999996
850	43	1	171.19402985074623	85.03980099502493
850	44	1	127.88500000000005	126.92500000000003
850	45	1	99.13499999999998	85.70499999999998
850	46	1	109.07999999999994	77.41999999999997
850	47	1	132.07462686567166	43.46268656716417
850	48	1	27.88	46.65499999999999
850	49	1	113.47738693467335	91.80402010050253
850	50	1	187.04	83.35
850	51	1	115.47500000000005	45.014999999999965
850	52	1	117.09999999999995	109.78000000000006
850	53	1	154.17500000000007	25.72999999999999
850	54	1	39.31	133.87499999999994
850	55	1	134.13000000000008	112.96000000000001
850	56	1	41.323383084577124	161.22885572139316
850	57	1	103.93034825870645	34.75621890547262
850	58	1	31.58208955223881	168.8009950248757
850	59	1	64.7	5.065
850	60	1	182.07500000000002	26.269999999999996
850	61	1	125.16499999999999	59.40000000000001
850	62	1	124.43718592964824	101.79899497487436
850	63	1	80.20603015075388	102.31155778894467
850	64	1	142.21999999999989	129.21499999999997
850	65	1	15.614999999999988	68.415
850	66	1	172.2089552238805	52.33830845771143
850	67	1	61.87000000000003	69.76500000000006
850	68	1	32.375000000000014	54.430000000000014
850	69	1	33.64000000000001	66.07500000000007
850	70	1	171.31840796019895	40.6268656716418
850	71	1	46.190000000000005	49.685
850	72	1	108.99999999999999	23.744999999999997
850	73	1	115.3731343283582	124.37810945273628
850	74	1	66.70499999999997	55.81000000000002
850	75	1	128.34500000000003	8.4
860	1	2	10.32	9.919999999999991
860	2	2	9.91	54.940000000000026
860	3	2	10.271739130434783	100
860	4	2	10.000000000000004	145
860	5	2	9.78	189.93
860	6	2	54.97999999999999	9.810000000000004
860	7	2	55.02000000000001	55.22999999999999
860	8	2	54.95	99.83999999999995
860	9	2	54.87999999999998	144.88
860	10	2	55.00000000000001	190.10999999999996
860	11	2	100.26	9.899999999999997
860	12	2	100.09	54.980000000000004
860	13	2	100.12	100.12000000000003
860	14	2	100.12	145.11999999999992
860	15	2	99.93	190.07999999999996
860	16	2	145.14141414141412	10.383838383838384
860	17	2	144.97999999999993	54.95000000000002
860	18	2	145.0900000000001	100.42000000000002
860	19	2	145.1599999999999	144.95
860	20	2	145.27083333333331	190.27083333333331
860	21	2	190.14	9.740000000000002
860	22	2	190.1199999999999	54.88
860	23	2	190.19148936170217	100.09574468085106
860	24	2	189.72916666666669	144.97916666666666
860	25	2	190.21999999999994	190.27999999999994
860	26	1	17.734999999999996	77.80000000000003
860	27	1	167.59499999999997	9.034999999999997
860	28	1	149.13567839195989	38.15577889447236
860	29	1	180.95000000000002	73.13500000000003
860	30	1	83.07000000000005	89.71499999999999
860	31	1	129.5500000000001	92.86999999999999
860	32	1	166.11999999999995	182.03999999999996
860	33	1	166.11000000000004	21.389999999999993
860	34	1	115.75124378109449	15.631840796019896
860	35	1	145.4149999999999	116.88
860	36	1	123.53499999999997	73.03999999999998
860	37	1	34.42786069651742	149.5074626865671
860	38	1	142.1542288557214	24.626865671641774
860	39	1	173.5999999999999	29.23999999999999
860	40	1	163.71500000000003	189.9299999999999
860	41	1	55.02000000000004	38.675000000000004
860	42	1	69.00999999999998	92.92000000000002
860	43	1	171.88500000000002	84.50500000000004
860	44	1	128.335	126.07999999999998
860	45	1	98.90000000000008	85.74999999999996
860	46	1	110.74626865671644	77.6417910447761
860	47	1	131.75247524752476	42.128712871287135
860	48	1	28.130653266331674	46.21105527638193
860	49	1	113.275	91.57499999999999
860	50	1	186.74874371859292	83.36683417085425
860	51	1	115.27860696517413	46.452736318407965
860	52	1	117.55499999999996	110.515
860	53	1	154.41999999999996	26.400000000000002
860	54	1	39.84499999999999	133.3300000000001
860	55	1	134.53731343283593	112.2487562189055
860	56	1	40.95499999999999	160.38999999999993
860	57	1	102.69651741293534	36.0049751243781
860	58	1	32.535000000000004	169.4600000000001
860	59	1	64.81500000000001	4.9849999999999985
860	60	1	182.25000000000003	26.275000000000023
860	61	1	125.50000000000001	57.341584158415834
860	62	1	123.75376884422109	101.46733668341712
860	63	1	80.82000000000004	102.69999999999996
860	64	1	143.84924623115572	129.50753768844217
860	65	1	15.860696517412935	68.12437810945272
860	66	1	172.10050251256268	53.28140703517588
860	67	1	62.74499999999999	69.29000000000003
860	68	1	32.40703517587941	54.35175879396985
860	69	1	33.374999999999986	66.07
860	70	1	170.93034825870654	41.01990049751242
860	71	1	46.08542713567841	49.53266331658289
860	72	1	107.885	25.545
860	73	1	115.93969849246231	125.18090452261305
860	74	1	66.50499999999997	56.114999999999995
860	75	1	127.84000000000005	8.855000000000008
870	1	2	10.32	9.919999999999991
870	2	2	9.91	54.940000000000026
870	3	2	10.271739130434783	100
870	4	2	10.000000000000004	145
870	5	2	9.78	189.93
870	6	2	54.97999999999999	9.810000000000004
870	7	2	55.02000000000001	55.22999999999999
870	8	2	54.95	99.83999999999995
870	9	2	54.87999999999998	144.88
870	10	2	55.00000000000001	190.10999999999996
870	11	2	100.26	9.899999999999997
870	12	2	100.09	54.980000000000004
870	13	2	100.12	100.12000000000003
870	14	2	100.12	145.11999999999992
870	15	2	99.93	190.07999999999996
870	16	2	145.14141414141412	10.383838383838384
870	17	2	144.97999999999993	54.95000000000002
870	18	2	145.0900000000001	100.42000000000002
870	19	2	145.1599999999999	144.95
870	20	2	145.27083333333331	190.27083333333331
870	21	2	190.14	9.740000000000002
870	22	2	190.1199999999999	54.88
870	23	2	190.19148936170217	100.09574468085106
870	24	2	189.72916666666669	144.97916666666666
870	25	2	190.21999999999994	190.27999999999994
870	26	1	17.597989949748747	77.64824120603016
870	27	1	167.7850000000001	9.094999999999995
870	28	1	148.01492537313422	38.1542288557214
870	29	1	181.48999999999992	70.72499999999998
870	30	1	82.0945273631841	90.02487562189059
870	31	1	129.44000000000003	92.53
870	32	1	166.83	182.31999999999996
870	33	1	166.41	21.14
870	34	1	113.90049751243785	17.194029850746272
870	35	1	144.7064676616915	117.7114427860697
870	36	1	123.99000000000002	73.09500000000001
870	37	1	34.11557788944722	149.46231155778895
870	38	1	142.93	23.304999999999996
870	39	1	173.38693467336682	29.517587939698487
870	40	1	163.50000000000006	189.83499999999998
870	41	1	55.800000000000004	39.32
870	42	1	68.47263681592038	94.19900497512437
870	43	1	172.99502487562205	84.37810945273631
870	44	1	129.1442786069652	125.56218905472639
870	45	1	98.77000000000004	85.6
870	46	1	112.215	77.35000000000001
870	47	1	131.14999999999992	40.964999999999996
870	48	1	28.35	45.785000000000004
870	49	1	112.83999999999999	91.13
870	50	1	186.61000000000007	82.69500000000001
870	51	1	115.05970149253733	47.373134328358205
870	52	1	118.325	111.53500000000004
870	53	1	154.51741293532336	27.03482587064676
870	54	1	40.345000000000006	133.60000000000005
870	55	1	135.00499999999997	110.81500000000001
870	56	1	40.94999999999999	159.64000000000004
870	57	1	101.96500000000002	37.164999999999985
870	58	1	33.38	169.86500000000004
870	59	1	64.86500000000004	5.014999999999998
870	60	1	182.321608040201	26.788944723618087
870	61	1	125.30348258706458	55.77611940298511
870	62	1	122.87500000000001	101.07499999999996
870	63	1	81.69500000000001	102.91500000000002
870	64	1	145.84	129.505
870	65	1	16.582914572864325	67.70854271356784
870	66	1	171.49500000000003	54.39000000000002
870	67	1	63.925000000000026	69.43500000000004
870	68	1	32.719999999999985	54.165
870	69	1	32.959999999999994	66.18000000000004
870	70	1	170.9400000000001	41.435000000000024
870	71	1	46.065000000000005	49.750000000000014
870	72	1	107.31840796019902	27.24875621890546
870	73	1	116.60999999999997	126.00000000000006
870	74	1	66.26999999999997	57.03499999999999
870	75	1	126.78999999999996	9.504999999999997
880	1	2	10.32	9.919999999999991
880	2	2	9.91	54.940000000000026
880	3	2	10.271739130434783	100
880	4	2	10.000000000000004	145
880	5	2	9.78	189.93
880	6	2	54.97999999999999	9.810000000000004
880	7	2	55.02000000000001	55.22999999999999
880	8	2	54.95	99.83999999999995
880	9	2	54.87999999999998	144.88
880	10	2	55.00000000000001	190.10999999999996
880	11	2	100.26	9.899999999999997
880	12	2	100.09	54.980000000000004
880	13	2	100.12	100.12000000000003
880	14	2	100.12	145.11999999999992
880	15	2	99.93	190.07999999999996
880	16	2	145.14141414141412	10.383838383838384
880	17	2	144.97999999999993	54.95000000000002
880	18	2	145.0900000000001	100.42000000000002
880	19	2	145.1599999999999	144.95
880	20	2	145.27083333333331	190.27083333333331
880	21	2	190.14	9.740000000000002
880	22	2	190.1199999999999	54.88
880	23	2	190.19148936170217	100.09574468085106
880	24	2	189.72916666666669	144.97916666666666
880	25	2	190.21999999999994	190.27999999999994
880	26	1	17.555000000000014	77.83
880	27	1	167.45000000000005	9.33
880	28	1	147.34999999999994	38.089999999999996
880	29	1	182.8099999999999	68.99499999999996
880	30	1	81.04999999999998	90.21999999999996
880	31	1	129.01999999999995	92.19999999999993
880	32	1	167.5124378109452	182.61194029850742
880	33	1	166.72500000000008	21.224999999999998
880	34	1	112.62	18.76499999999999
880	35	1	144.2835820895522	118.61194029850749
880	36	1	124.53233830845771	72.85572139303483
880	37	1	33.70500000000002	148.31500000000017
880	38	1	143.57999999999993	22.345000000000013
880	39	1	173.51758793969844	30.10050251256282
880	40	1	163.33999999999992	189.76500000000007
880	41	1	57.01990049751245	39.935323383084565
880	42	1	68.74874371859303	95.66331658291455
880	43	1	174.38308457711443	84.40796019900498
880	44	1	129.805	125.27499999999998
880	45	1	98.85500000000005	85.62000000000006
880	46	1	113.96000000000001	77.12
880	47	1	130.9800995024876	39.69154228855721
880	48	1	28.447761194029855	45.21890547263683
880	49	1	112.49000000000004	90.54499999999999
880	50	1	186.7638190954773	82.52763819095476
880	51	1	114.7	48.83499999999998
880	52	1	119.02999999999997	112.62000000000002
880	53	1	154.55499999999986	27.310000000000006
880	54	1	41.20603015075373	133.7537688442211
880	55	1	135.54726368159203	109.94029850746267
880	56	1	40.37500000000001	158.9300000000001
880	57	1	101.43781094527363	37.502487562189074
880	58	1	34.81407035175879	170.07035175879392
880	59	1	64.8743718592965	4.763819095477387
880	60	1	182.15	26.254999999999995
880	61	1	124.94499999999996	54.440000000000005
880	62	1	121.90547263681587	101.04477611940297
880	63	1	82.91044776119399	102.77114427860697
880	64	1	147.6149999999999	129.76999999999987
880	65	1	17.135000000000012	67.07500000000002
880	66	1	170.45000000000002	55.29500000000001
880	67	1	64.97512437810947	69.92039800995029
880	68	1	32.69849246231157	53.81407035175877
880	69	1	33.040000000000006	66.37499999999997
880	70	1	170.78499999999994	41.624999999999964
880	71	1	45.78	49.87499999999998
880	72	1	106.12000000000003	28.590000000000003
880	73	1	117.46766169154225	127.50746268656715
880	74	1	66.215	57.41000000000001
880	75	1	125.52000000000005	10.580000000000002
890	1	2	10.32	9.919999999999991
890	2	2	9.91	54.940000000000026
890	3	2	10.271739130434783	100
890	4	2	10.000000000000004	145
890	5	2	9.78	189.93
890	6	2	54.97999999999999	9.810000000000004
890	7	2	55.02000000000001	55.22999999999999
890	8	2	54.95	99.83999999999995
890	9	2	54.87999999999998	144.88
890	10	2	55.00000000000001	190.10999999999996
890	11	2	100.26	9.899999999999997
890	12	2	100.09	54.980000000000004
890	13	2	100.12	100.12000000000003
890	14	2	100.12	145.11999999999992
890	15	2	99.93	190.07999999999996
890	16	2	145.14141414141412	10.383838383838384
890	17	2	144.97999999999993	54.95000000000002
890	18	2	145.0900000000001	100.42000000000002
890	19	2	145.1599999999999	144.95
890	20	2	145.27083333333331	190.27083333333331
890	21	2	190.14	9.740000000000002
890	22	2	190.1199999999999	54.88
890	23	2	190.19148936170217	100.09574468085106
890	24	2	189.72916666666669	144.97916666666666
890	25	2	190.21999999999994	190.27999999999994
890	26	1	17.597014925373138	78.07462686567166
890	27	1	167.49500000000006	9.384999999999994
890	28	1	146.355	38.02500000000001
890	29	1	184.0447761194029	68.05970149253734
890	30	1	79.77114427860698	90.13432835820895
890	31	1	128.8149999999999	92.08500000000005
890	32	1	168.255	182.7749999999999
890	33	1	167.0300000000001	21.195000000000004
890	34	1	111.55223880597016	20.139303482587067
890	35	1	143.69154228855723	119.12437810945279
890	36	1	124.67500000000007	72.18999999999998
890	37	1	33.365000000000016	146.845
890	38	1	143.78	21.670000000000005
890	39	1	173.6650000000001	30.6
890	40	1	163.17587939698493	189.7286432160804
890	41	1	57.85499999999998	40.51000000000001
890	42	1	68.57500000000006	96.83999999999997
890	43	1	175.10945273631836	83.76616915422883
890	44	1	130.3980099502487	124.97512437810938
890	45	1	99.01000000000003	85.59
890	46	1	115.33999999999993	76.71500000000005
890	47	1	131.05	39.04499999999997
890	48	1	28.567839195979904	44.798994974874375
890	49	1	112.37000000000002	89.40500000000002
890	50	1	186.4300000000001	81.96000000000001
890	51	1	114.74000000000005	50.595
890	52	1	119.91959798994976	113.60804020100497
890	53	1	154.68159203980096	27.4726368159204
890	54	1	41.69999999999999	134.34500000000003
890	55	1	136.24999999999997	109.24500000000002
890	56	1	39.56	158.44500000000016
890	57	1	101.73134328358209	38.26865671641792
890	58	1	36.26865671641791	170.1592039800995
890	59	1	65.00502512562812	4.814070351758792
890	60	1	182.22110552763806	25.854271356783922
890	61	1	124.9950248756219	53.587064676616905
890	62	1	120.83999999999996	100.64500000000001
890	63	1	83.91000000000001	101.77000000000001
890	64	1	148.67661691542287	129.88059701492546
890	65	1	17.616915422885562	66.13432835820895
890	66	1	169.20895522388062	56.263681592039795
890	67	1	65.62814070351756	70.22613065326628
890	68	1	32.874999999999986	53.610000000000014
890	69	1	33.06499999999999	66.53
890	70	1	170.88499999999996	41.750000000000014
890	71	1	45.70500000000001	49.865000000000016
890	72	1	105.92000000000006	29.705000000000005
890	73	1	118.52999999999997	128.49500000000003
890	74	1	65.675	57.79500000000002
890	75	1	124.45771144278604	11.19402985074627
900	1	2	10.32	9.919999999999991
900	2	2	9.91	54.940000000000026
900	3	2	10.271739130434783	100
900	4	2	10.000000000000004	145
900	5	2	9.78	189.93
900	6	2	54.97999999999999	9.810000000000004
900	7	2	55.02000000000001	55.22999999999999
900	8	2	54.95	99.83999999999995
900	9	2	54.87999999999998	144.88
900	10	2	55.00000000000001	190.10999999999996
900	11	2	100.26	9.899999999999997
900	12	2	100.09	54.980000000000004
900	13	2	100.12	100.12000000000003
900	14	2	100.12	145.11999999999992
900	15	2	99.93	190.07999999999996
900	16	2	145.14141414141412	10.383838383838384
900	17	2	144.97999999999993	54.95000000000002
900	18	2	145.0900000000001	100.42000000000002
900	19	2	145.1599999999999	144.95
900	20	2	145.27083333333331	190.27083333333331
900	21	2	190.14	9.740000000000002
900	22	2	190.1199999999999	54.88
900	23	2	190.19148936170217	100.09574468085106
900	24	2	189.72916666666669	144.97916666666666
900	25	2	190.21999999999994	190.27999999999994
900	26	1	17.995024875621887	77.98507462686572
900	27	1	167.27999999999986	9.374999999999991
900	28	1	146.01000000000002	37.94500000000001
900	29	1	185.29145728643218	67.58291457286431
900	30	1	78.64500000000005	90.82000000000001
900	31	1	128.30499999999998	92.03999999999996
900	32	1	168.95	183.365
900	33	1	166.9597989949749	21.08040201005024
900	34	1	110.34170854271353	21.552763819095468
900	35	1	143.65500000000006	118.95
900	36	1	123.86500000000002	71.00999999999999
900	37	1	33.12000000000001	144.84499999999994
900	38	1	144.25000000000006	21.440000000000015
900	39	1	173.50251256281422	30.67336683417084
900	40	1	162.80904522613062	190.02010050251263
900	41	1	58.95	40.91999999999999
900	42	1	68.87939698492461	98.5829145728643
900	43	1	175.49504950495046	82.49009900990102
900	44	1	131.485	125.06999999999996
900	45	1	99.22613065326631	85.03015075376882
900	46	1	116.51741293532338	76.78606965174133
900	47	1	131.105	39.02000000000001
900	48	1	28.485000000000003	44.57000000000001
900	49	1	111.30348258706465	88.69651741293534
900	50	1	186.28643216080397	81.33668341708545
900	51	1	114.46766169154229	51.61194029850747
900	52	1	120.45500000000003	114.08999999999997
900	53	1	154.67499999999995	27.544999999999984
900	54	1	42.25500000000002	135.82999999999998
900	55	1	135.7910447761194	108.82587064676618
900	56	1	38.675	158.10499999999993
900	57	1	102.03000000000003	38.71
900	58	1	37.33830845771143	169.65671641791042
900	59	1	65.09499999999998	4.45
900	60	1	182.20999999999987	25.795
900	61	1	124.95000000000003	52.920000000000016
900	62	1	119.74499999999999	100.34999999999997
900	63	1	84.88944723618094	100.86934673366835
900	64	1	149.71144278606957	129.79104477611943
900	65	1	18.534999999999997	64.81999999999996
900	66	1	168.755	57.42000000000004
900	67	1	66.21000000000006	70.92499999999994
900	68	1	33.562189054726375	52.825870646766134
900	69	1	32.74999999999999	66.89999999999998
900	70	1	170.93969849246224	41.909547738693476
900	71	1	45.915422885572134	49.48258706467665
900	72	1	105.71000000000005	30.374999999999993
900	73	1	119.49	129.10499999999996
900	74	1	65.5678391959799	58.115577889447245
900	75	1	123.83500000000006	12.679999999999994
910	1	2	10.32	9.919999999999991
910	2	2	9.91	54.940000000000026
910	3	2	10.271739130434783	100
910	4	2	10.000000000000004	145
910	5	2	9.78	189.93
910	6	2	54.97999999999999	9.810000000000004
910	7	2	55.02000000000001	55.22999999999999
910	8	2	54.95	99.83999999999995
910	9	2	54.87999999999998	144.88
910	10	2	55.00000000000001	190.10999999999996
910	11	2	100.26	9.899999999999997
910	12	2	100.09	54.980000000000004
910	13	2	100.12	100.12000000000003
910	14	2	100.12	145.11999999999992
910	15	2	99.93	190.07999999999996
910	16	2	145.14141414141412	10.383838383838384
910	17	2	144.97999999999993	54.95000000000002
910	18	2	145.0900000000001	100.42000000000002
910	19	2	145.1599999999999	144.95
910	20	2	145.27083333333331	190.27083333333331
910	21	2	190.14	9.740000000000002
910	22	2	190.1199999999999	54.88
910	23	2	190.19148936170217	100.09574468085106
910	24	2	189.72916666666669	144.97916666666666
910	25	2	190.21999999999994	190.27999999999994
910	26	1	18.14427860696518	77.4676616915423
910	27	1	167.06000000000003	9.399999999999995
910	28	1	145.72636815920393	38.069651741293505
910	29	1	186.3482587064677	67.1890547263682
910	30	1	78.01492537313435	92.14925373134331
910	31	1	127.91	91.95999999999997
910	32	1	169.28500000000003	183.68000000000006
910	33	1	166.96	21.09999999999999
910	34	1	109.1741293532339	22.00497512437811
910	35	1	143.75500000000008	118.78999999999998
910	36	1	123.605	70.09500000000004
910	37	1	32.675000000000004	143.19499999999988
910	38	1	144.1899999999999	21.19
910	39	1	173.52499999999992	30.794999999999998
910	40	1	162.81094527363192	190.4477611940299
910	41	1	60.490000000000016	41.59
910	42	1	68.96499999999999	99.73999999999997
910	43	1	175.43999999999988	81.215
910	44	1	132.46268656716424	124.91044776119402
910	45	1	98.83999999999996	84.90500000000006
910	46	1	117.0854271356784	76.93467336683422
910	47	1	131.2999999999999	38.665000000000006
910	48	1	28.485000000000003	44.544999999999995
910	49	1	111.05499999999996	87.88
910	50	1	186.055	80.47499999999995
910	51	1	113.93467336683419	52.40703517587941
910	52	1	121.065	115.1
910	53	1	154.6517412935324	27.631840796019908
910	54	1	42.570000000000014	137.26999999999987
910	55	1	135.03500000000008	108.47
910	56	1	37.603015075376916	157.58291457286424
910	57	1	102.19095477386934	39.145728643216074
910	58	1	38.58	169.35000000000005
910	59	1	65.92000000000002	3.9749999999999983
910	60	1	182.38	25.58499999999999
910	61	1	124.86069651741295	52.17412935323383
910	62	1	118.40499999999997	99.91
910	63	1	86.15075376884423	99.72864321608044
910	64	1	150.46766169154233	129.7810945273632
910	65	1	19.505000000000006	63.504999999999974
910	66	1	168.73134328358205	58.32338308457714
910	67	1	67.02000000000007	71.67500000000003
910	68	1	34.256281407035196	52.26633165829148
910	69	1	32.519999999999996	67.36499999999997
910	70	1	170.88500000000002	41.914999999999985
910	71	1	46.120000000000005	49.204999999999984
910	72	1	105.85000000000002	31.10500000000001
910	73	1	120.29	129.92999999999992
910	74	1	65.48000000000002	58.229999999999976
910	75	1	122.62499999999997	13.955000000000004
920	1	2	10.32	9.919999999999991
920	2	2	9.91	54.940000000000026
920	3	2	10.271739130434783	100
920	4	2	10.000000000000004	145
920	5	2	9.78	189.93
920	6	2	54.97999999999999	9.810000000000004
920	7	2	55.02000000000001	55.22999999999999
920	8	2	54.95	99.83999999999995
920	9	2	54.87999999999998	144.88
920	10	2	55.00000000000001	190.10999999999996
920	11	2	100.26	9.899999999999997
920	12	2	100.09	54.980000000000004
920	13	2	100.12	100.12000000000003
920	14	2	100.12	145.11999999999992
920	15	2	99.93	190.07999999999996
920	16	2	145.14141414141412	10.383838383838384
920	17	2	144.97999999999993	54.95000000000002
920	18	2	145.0900000000001	100.42000000000002
920	19	2	145.1599999999999	144.95
920	20	2	145.27083333333331	190.27083333333331
920	21	2	190.14	9.740000000000002
920	22	2	190.1199999999999	54.88
920	23	2	190.19148936170217	100.09574468085106
920	24	2	189.72916666666669	144.97916666666666
920	25	2	190.21999999999994	190.27999999999994
920	26	1	17.744999999999994	77.01000000000008
920	27	1	167.24000000000004	9.569999999999993
920	28	1	145.50500000000005	38.039999999999985
920	29	1	187.09452736318394	67.5273631840796
920	30	1	77.21105527638193	93.13567839195977
920	31	1	127.76119402985076	92.07462686567169
920	32	1	169.79899497487432	184.13065326633165
920	33	1	166.9400000000001	21.345000000000002
920	34	1	108.745	22.690000000000005
920	35	1	144.0750000000001	118.75999999999999
920	36	1	123.30150753768845	69.17085427135679
920	37	1	32.09950248756218	141.01990049751254
920	38	1	144.20499999999998	21.229999999999997
920	39	1	173.63000000000002	31.035000000000004
920	40	1	162.66500000000005	190.62500000000006
920	41	1	61.925	42.35
920	42	1	69.30845771144276	101.82587064676618
920	43	1	175.445	80.26499999999997
920	44	1	133.255	124.70000000000002
920	45	1	98.99497487437188	84.44723618090447
920	46	1	117.47236180904524	77.38190954773869
920	47	1	131.595	38.38999999999996
920	48	1	28.321608040201014	44.633165829145746
920	49	1	110.83000000000001	87.71
920	50	1	185.75500000000008	79.58000000000001
920	51	1	113.87939698492464	53.000000000000014
920	52	1	121.61999999999996	115.33999999999997
920	53	1	154.64000000000001	27.565000000000015
920	54	1	42.69651741293537	138.71144278606954
920	55	1	134.27363184079596	108.06467661691546
920	56	1	36.00497512437812	156.96019900497515
920	57	1	102.34	39.79500000000001
920	58	1	39.68656716417913	168.46766169154233
920	59	1	67.3830845771144	3.7860696517412937
920	60	1	182.43	25.380000000000006
920	61	1	124.91500000000003	51.375000000000014
920	62	1	116.96019900497514	99.65671641791053
920	63	1	86.64500000000002	98.75000000000004
920	64	1	150.89	129.95500000000007
920	65	1	20.542713567839186	62.43718592964823
920	66	1	168.46733668341707	59.15075376884419
920	67	1	67.62500000000009	72.05000000000003
920	68	1	34.80000000000002	51.56500000000001
920	69	1	31.665	68.30500000000002
920	70	1	170.74000000000007	41.89499999999999
920	71	1	46.160000000000004	48.919999999999995
920	72	1	106.13000000000001	31.700000000000003
920	73	1	121.16000000000001	130.6749999999999
920	74	1	65.54271356783917	58.24120603015075
920	75	1	121.3830845771144	15.706467661691542
930	1	2	10.32	9.919999999999991
930	2	2	9.91	54.940000000000026
930	3	2	10.271739130434783	100
930	4	2	10.000000000000004	145
930	5	2	9.78	189.93
930	6	2	54.97999999999999	9.810000000000004
930	7	2	55.02000000000001	55.22999999999999
930	8	2	54.95	99.83999999999995
930	9	2	54.87999999999998	144.88
930	10	2	55.00000000000001	190.10999999999996
930	11	2	100.26	9.899999999999997
930	12	2	100.09	54.980000000000004
930	13	2	100.12	100.12000000000003
930	14	2	100.12	145.11999999999992
930	15	2	99.93	190.07999999999996
930	16	2	145.14141414141412	10.383838383838384
930	17	2	144.97999999999993	54.95000000000002
930	18	2	145.0900000000001	100.42000000000002
930	19	2	145.1599999999999	144.95
930	20	2	145.27083333333331	190.27083333333331
930	21	2	190.14	9.740000000000002
930	22	2	190.1199999999999	54.88
930	23	2	190.19148936170217	100.09574468085106
930	24	2	189.72916666666669	144.97916666666666
930	25	2	190.21999999999994	190.27999999999994
930	26	1	18.064676616915417	76.47263681592042
930	27	1	167.13500000000002	9.789999999999997
930	28	1	145.37499999999994	38.085000000000015
930	29	1	187.605	67.70500000000004
930	30	1	76.85572139303481	93.66666666666667
930	31	1	127.45500000000004	91.89999999999999
930	32	1	169.62500000000009	184.23
930	33	1	167.04999999999995	21.45999999999999
930	34	1	108.06500000000004	22.92499999999999
930	35	1	144.71500000000012	118.59999999999998
930	36	1	123.38000000000002	68.29499999999999
930	37	1	31.522388059701495	139.56716417910454
930	38	1	144.20999999999992	21.26
930	39	1	173.78000000000003	31.320000000000004
930	40	1	162.27499999999998	191.04500000000007
930	41	1	63.16000000000001	42.90500000000001
930	42	1	69.65829145728647	102.98492462311556
930	43	1	175.05970149253727	79.17910447761193
930	44	1	134.13930348258702	124.66169154228848
930	45	1	99.42	83.965
930	46	1	117.58500000000001	77.47000000000001
930	47	1	131.8299999999999	38.255
930	48	1	28.254999999999992	44.66999999999997
930	49	1	110.99499999999999	87.72999999999998
930	50	1	185.18500000000003	79.21500000000002
930	51	1	113.45000000000006	54.00499999999999
930	52	1	122.30845771144271	116.2039800995025
930	53	1	154.62999999999994	27.500000000000007
930	54	1	42.03482587064672	140.70646766169148
930	55	1	133.37500000000006	107.55499999999998
930	56	1	34.38500000000001	156.485
930	57	1	102.44500000000005	39.984999999999985
930	58	1	40.275000000000006	167.12499999999994
930	59	1	68.795	2.7249999999999996
930	60	1	182.47500000000008	25.335000000000015
930	61	1	124.90954773869349	50.87939698492462
930	62	1	115.91542288557218	99.99502487562184
930	63	1	87.18500000000002	98.21000000000002
930	64	1	150.96019900497498	130.01492537313436
930	65	1	21.93532338308457	61.51243781094526
930	66	1	168.0999999999999	59.39
930	67	1	68.09452736318411	72.78109452736315
930	68	1	35.613065326633155	50.713567839195974
930	69	1	31.34	69.22499999999995
930	70	1	170.30653266331643	41.89447236180903
930	71	1	46.231155778894475	48.52261306532664
930	72	1	106.54499999999997	32.25499999999999
930	73	1	121.55000000000004	130.895
930	74	1	65.66000000000003	58.27499999999999
930	75	1	120.69500000000005	17.380000000000003
940	1	2	10.32	9.919999999999991
940	2	2	9.91	54.940000000000026
940	3	2	10.271739130434783	100
940	4	2	10.000000000000004	145
940	5	2	9.78	189.93
940	6	2	54.97999999999999	9.810000000000004
940	7	2	55.02000000000001	55.22999999999999
940	8	2	54.95	99.83999999999995
940	9	2	54.87999999999998	144.88
940	10	2	55.00000000000001	190.10999999999996
940	11	2	100.26	9.899999999999997
940	12	2	100.09	54.980000000000004
940	13	2	100.12	100.12000000000003
940	14	2	100.12	145.11999999999992
940	15	2	99.93	190.07999999999996
940	16	2	145.14141414141412	10.383838383838384
940	17	2	144.97999999999993	54.95000000000002
940	18	2	145.0900000000001	100.42000000000002
940	19	2	145.1599999999999	144.95
940	20	2	145.27083333333331	190.27083333333331
940	21	2	190.14	9.740000000000002
940	22	2	190.1199999999999	54.88
940	23	2	190.19148936170217	100.09574468085106
940	24	2	189.72916666666669	144.97916666666666
940	25	2	190.21999999999994	190.27999999999994
940	26	1	17.84999999999999	75.865
940	27	1	166.80904522613062	10.05527638190955
940	28	1	145.39999999999992	37.855
940	29	1	188.3880597014925	67.83084577114424
940	30	1	75.93069306930695	94.42574257425744
940	31	1	127.06000000000002	91.46000000000001
940	32	1	170.08499999999998	185.09499999999997
940	33	1	166.96999999999997	21.685
940	34	1	106.93969849246233	23.140703517587948
940	35	1	145.49999999999997	118.40000000000002
940	36	1	123.8811881188119	67.54950495049509
940	37	1	31.585000000000008	138.20499999999996
940	38	1	143.87000000000015	21.440000000000012
940	39	1	173.80999999999995	31.41000000000001
940	40	1	160.98	191.6200000000001
940	41	1	64.18500000000003	43.31000000000001
940	42	1	70.84999999999998	105.63000000000002
940	43	1	174.285	78.125
940	44	1	135.08542713567843	125.17587939698494
940	45	1	100.01500000000001	83.515
940	46	1	117.88944723618093	77.50251256281408
940	47	1	131.72864321608037	38.336683417085446
940	48	1	28.555000000000017	44.38499999999999
940	49	1	111.08040201005024	87.83919597989956
940	50	1	184.542288557214	78.16417910447761
940	51	1	113.245	55.46499999999998
940	52	1	123.02985074626862	116.81592039800996
940	53	1	154.57788944723623	27.316582914572873
940	54	1	41.094527363184085	142.63184079601987
940	55	1	132.45771144278606	107.363184079602
940	56	1	33.16500000000001	156.5299999999998
940	57	1	102.69154228855714	40.238805970149244
940	58	1	40.855000000000004	165.36000000000004
940	59	1	70.99500000000003	2.479999999999998
940	60	1	182.43999999999997	25.015
940	61	1	124.54773869346734	50.19597989949748
940	62	1	115.18905472636817	100.70646766169153
940	63	1	87.385	97.64499999999998
940	64	1	150.78500000000008	130.1550000000001
940	65	1	23.249999999999996	60.84000000000001
940	66	1	167.32999999999993	59.655
940	67	1	69.18500000000006	73.72500000000004
940	68	1	35.950000000000024	50.41499999999999
940	69	1	30.1044776119403	70.6716417910447
940	70	1	170.2749999999999	41.760000000000005
940	71	1	46.45226130653266	48.20100502512562
940	72	1	106.99497487437188	32.92462311557788
940	73	1	121.80999999999997	131.32999999999998
940	74	1	65.89447236180904	58.773869346733626
940	75	1	119.78999999999996	18.554999999999996
950	1	2	10.32	9.919999999999991
950	2	2	9.91	54.940000000000026
950	3	2	10.271739130434783	100
950	4	2	10.000000000000004	145
950	5	2	9.78	189.93
950	6	2	54.97999999999999	9.810000000000004
950	7	2	55.02000000000001	55.22999999999999
950	8	2	54.95	99.83999999999995
950	9	2	54.87999999999998	144.88
950	10	2	55.00000000000001	190.10999999999996
950	11	2	100.26	9.899999999999997
950	12	2	100.09	54.980000000000004
950	13	2	100.12	100.12000000000003
950	14	2	100.12	145.11999999999992
950	15	2	99.93	190.07999999999996
950	16	2	145.14141414141412	10.383838383838384
950	17	2	144.97999999999993	54.95000000000002
950	18	2	145.0900000000001	100.42000000000002
950	19	2	145.1599999999999	144.95
950	20	2	145.27083333333331	190.27083333333331
950	21	2	190.14	9.740000000000002
950	22	2	190.1199999999999	54.88
950	23	2	190.19148936170217	100.09574468085106
950	24	2	189.72916666666669	144.97916666666666
950	25	2	190.21999999999994	190.27999999999994
950	26	1	17.57500000000001	74.72999999999996
950	27	1	167.06	10.225000000000001
950	28	1	145.595	37.810000000000024
950	29	1	188.42000000000007	67.98500000000001
950	30	1	74.74129353233823	95.68656716417904
950	31	1	126.95999999999997	91.20500000000007
950	32	1	170.1149999999999	185.65499999999992
950	33	1	166.80499999999995	22.015000000000004
950	34	1	106.785	23.41000000000001
950	35	1	146.1356783919598	118.1005025125628
950	36	1	124.07000000000002	66.63999999999999
950	37	1	32.159203980099505	137.1840796019899
950	38	1	143.38308457711446	21.796019900497505
950	39	1	173.91457286432163	31.25125628140704
950	40	1	159.1950000000001	191.505
950	41	1	65.49748743718594	43.91959798994975
950	42	1	71.13065326633165	107.28140703517582
950	43	1	173.74500000000003	77.01500000000001
950	44	1	135.92499999999998	125.27499999999995
950	45	1	100.32999999999996	83.17500000000001
950	46	1	117.94999999999999	77.25000000000001
950	47	1	131.76	38.345
950	48	1	29.165000000000003	44.03500000000001
950	49	1	111.24623115577893	87.73366834170858
950	50	1	183.895	78.18999999999998
950	51	1	112.95979899497489	56.216080402010064
950	52	1	123.905	117.25499999999997
950	53	1	154.3650000000001	27.18
950	54	1	40.529702970297016	144.3366336633662
950	55	1	131.29500000000013	106.92999999999998
950	56	1	31.855721393034834	156.51741293532336
950	57	1	102.92499999999995	40.415000000000006
950	58	1	41.87064676616915	164.19402985074635
950	59	1	72.93034825870649	2.388059701492537
950	60	1	182.51256281407044	24.35175879396986
950	61	1	124.29000000000002	50.05000000000001
950	62	1	115.2139303482587	102.0547263681592
950	63	1	87.43718592964825	96.74874371859295
950	64	1	150.81000000000003	130.31499999999997
950	65	1	24.429999999999982	60.435
950	66	1	166.01000000000008	59.760000000000005
950	67	1	70.2550000000001	74.87500000000003
950	68	1	36.41708542713569	50.241206030150764
950	69	1	29.36180904522613	71.85427135678388
950	70	1	170.22499999999997	41.86000000000003
950	71	1	46.964824120603	47.653266331658294
950	72	1	107.87500000000004	33.365000000000016
950	73	1	121.70149253731343	131.28855721393037
950	74	1	66.06500000000001	59.38499999999997
950	75	1	119.28855721393036	19.621890547263664
960	1	2	10.32	9.919999999999991
960	2	2	9.91	54.940000000000026
960	3	2	10.271739130434783	100
960	4	2	10.000000000000004	145
960	5	2	9.78	189.93
960	6	2	54.97999999999999	9.810000000000004
960	7	2	55.02000000000001	55.22999999999999
960	8	2	54.95	99.83999999999995
960	9	2	54.87999999999998	144.88
960	10	2	55.00000000000001	190.10999999999996
960	11	2	100.26	9.899999999999997
960	12	2	100.09	54.980000000000004
960	13	2	100.12	100.12000000000003
960	14	2	100.12	145.11999999999992
960	15	2	99.93	190.07999999999996
960	16	2	145.14141414141412	10.383838383838384
960	17	2	144.97999999999993	54.95000000000002
960	18	2	145.0900000000001	100.42000000000002
960	19	2	145.1599999999999	144.95
960	20	2	145.27083333333331	190.27083333333331
960	21	2	190.14	9.740000000000002
960	22	2	190.1199999999999	54.88
960	23	2	190.19148936170217	100.09574468085106
960	24	2	189.72916666666669	144.97916666666666
960	25	2	190.21999999999994	190.27999999999994
960	26	1	17.13000000000001	73.87499999999999
960	27	1	166.82914572864325	10.487437185929648
960	28	1	145.615	37.805
960	29	1	188.70000000000005	68.11999999999999
960	30	1	73.82000000000002	97.18500000000003
960	31	1	126.63681592039799	90.45273631840794
960	32	1	169.92462311557782	186.12060301507535
960	33	1	166.50000000000003	22.204999999999984
960	34	1	106.07500000000003	23.340000000000007
960	35	1	146.72361809045225	117.59296482412057
960	36	1	124.81500000000001	65.60999999999997
960	37	1	33.27499999999999	136.55499999999986
960	38	1	141.83000000000007	22.569999999999997
960	39	1	174.085	31.14499999999999
960	40	1	158.3149999999999	192.33000000000013
960	41	1	67.13499999999999	44.830000000000005
960	42	1	71.35500000000003	108.83499999999995
960	43	1	173.55500000000006	76.01999999999998
960	44	1	136.96517412935313	125.27363184079601
960	45	1	100.75999999999996	82.97999999999993
960	46	1	118.34328358208957	76.80597014925371
960	47	1	131.7499999999999	38.300000000000004
960	48	1	29.06	44.075
960	49	1	111.06467661691542	87.64676616915423
960	50	1	183.54999999999995	78.24000000000002
960	51	1	112.94500000000005	57.58000000000002
960	52	1	125.01507537688441	117.53266331658286
960	53	1	154.16000000000003	27.080000000000005
960	54	1	39.860696517412954	146.2089552238805
960	55	1	129.96000000000004	106.29500000000004
960	56	1	30.46999999999999	156.87499999999997
960	57	1	103.42499999999998	40.78000000000003
960	58	1	42.45000000000001	162.78500000000005
960	59	1	74.79500000000002	1.9750000000000003
960	60	1	182.79000000000008	23.70499999999999
960	61	1	123.53266331658286	49.748743718592955
960	62	1	115.14500000000002	103.05999999999995
960	63	1	87.09500000000001	96.41999999999999
960	64	1	150.40000000000003	130.29500000000002
960	65	1	26.33830845771144	60.601990049751244
960	66	1	164.39000000000004	59.55500000000003
960	67	1	71.21890547263679	76.30845771144271
960	68	1	36.86069651741292	50.33333333333334
960	69	1	28.497487437185924	73.44221105527637
960	70	1	170.255	41.96499999999999
960	71	1	47.42000000000003	46.914999999999964
960	72	1	108.92500000000001	34.05500000000002
960	73	1	121.965	130.87499999999994
960	74	1	66.70149253731348	60.28358208955224
960	75	1	118.86499999999998	20.779999999999998
970	1	2	10.32	9.919999999999991
970	2	2	9.91	54.940000000000026
970	3	2	10.271739130434783	100
970	4	2	10.000000000000004	145
970	5	2	9.78	189.93
970	6	2	54.97999999999999	9.810000000000004
970	7	2	55.02000000000001	55.22999999999999
970	8	2	54.95	99.83999999999995
970	9	2	54.87999999999998	144.88
970	10	2	55.00000000000001	190.10999999999996
970	11	2	100.26	9.899999999999997
970	12	2	100.09	54.980000000000004
970	13	2	100.12	100.12000000000003
970	14	2	100.12	145.11999999999992
970	15	2	99.93	190.07999999999996
970	16	2	145.14141414141412	10.383838383838384
970	17	2	144.97999999999993	54.95000000000002
970	18	2	145.0900000000001	100.42000000000002
970	19	2	145.1599999999999	144.95
970	20	2	145.27083333333331	190.27083333333331
970	21	2	190.14	9.740000000000002
970	22	2	190.1199999999999	54.88
970	23	2	190.19148936170217	100.09574468085106
970	24	2	189.72916666666669	144.97916666666666
970	25	2	190.21999999999994	190.27999999999994
970	26	1	17.00500000000001	72.465
970	27	1	166.95024875621874	10.681592039800995
970	28	1	145.34499999999997	37.73500000000001
970	29	1	188.69	68.15500000000003
970	30	1	72.99999999999999	98.40796019900498
970	31	1	126.33500000000001	90.05000000000003
970	32	1	169.7250000000001	187.37499999999997
970	33	1	166.16000000000003	22.83999999999999
970	34	1	105.51758793969847	23.381909547738687
970	35	1	146.85500000000002	117.175
970	36	1	125.29499999999999	64.9549999999999
970	37	1	34.56999999999999	135.97000000000006
970	38	1	140.33500000000004	23.15
970	39	1	174.08499999999995	30.86499999999998
970	40	1	157.26130653266333	193.58291457286433
970	41	1	67.90999999999998	45.10499999999999
970	42	1	71.08	110.04499999999999
970	43	1	173.43000000000012	74.925
970	44	1	138.1343283582089	125.23383084577124
970	45	1	101.19402985074628	82.82089552238811
970	46	1	118.58000000000001	76.66000000000003
970	47	1	131.66834170854267	38.5427135678392
970	48	1	28.980000000000008	44.105
970	49	1	111.52475247524752	87.74752475247526
970	50	1	182.95024875621888	78.94029850746274
970	51	1	112.96000000000001	59.16499999999999
970	52	1	125.84000000000002	117.82000000000002
970	53	1	153.88442211055275	26.62814070351757
970	54	1	40.03999999999999	147.35500000000005
970	55	1	128.98999999999995	105.86500000000002
970	56	1	29.840796019900502	156.53233830845772
970	57	1	104.27	41.27
970	58	1	43.64500000000003	161.4200000000001
970	59	1	75.98999999999998	2.334999999999999
970	60	1	183	23.185000000000006
970	61	1	123.03500000000004	49.77000000000001
970	62	1	114.97000000000001	104.30999999999999
970	63	1	86.89999999999999	95.93999999999997
970	64	1	150.07000000000002	130.50499999999997
970	65	1	27.1	60.75000000000001
970	66	1	163.14999999999995	59.485
970	67	1	71.89999999999993	76.93000000000005
970	68	1	37.129999999999995	50.70999999999999
970	69	1	27.855000000000008	74.55499999999999
970	70	1	170.2663316582914	41.88442211055278
970	71	1	47.88000000000001	46.08
970	72	1	109.91000000000001	34.404999999999994
970	73	1	122.28500000000001	130.79999999999998
970	74	1	67.86069651741292	60.935323383084565
970	75	1	119.32338308457715	22.18407960199006
980	1	2	10.32	9.919999999999991
980	2	2	9.91	54.940000000000026
980	3	2	10.271739130434783	100
980	4	2	10.000000000000004	145
980	5	2	9.78	189.93
980	6	2	54.97999999999999	9.810000000000004
980	7	2	55.02000000000001	55.22999999999999
980	8	2	54.95	99.83999999999995
980	9	2	54.87999999999998	144.88
980	10	2	55.00000000000001	190.10999999999996
980	11	2	100.26	9.899999999999997
980	12	2	100.09	54.980000000000004
980	13	2	100.12	100.12000000000003
980	14	2	100.12	145.11999999999992
980	15	2	99.93	190.07999999999996
980	16	2	145.14141414141412	10.383838383838384
980	17	2	144.97999999999993	54.95000000000002
980	18	2	145.0900000000001	100.42000000000002
980	19	2	145.1599999999999	144.95
980	20	2	145.27083333333331	190.27083333333331
980	21	2	190.14	9.740000000000002
980	22	2	190.1199999999999	54.88
980	23	2	190.19148936170217	100.09574468085106
980	24	2	189.72916666666669	144.97916666666666
980	25	2	190.21999999999994	190.27999999999994
980	26	1	17.100000000000012	70.76999999999998
980	27	1	166.52736318407975	11.179104477611943
980	28	1	145.90499999999992	37.66
980	29	1	188.76	68.575
980	30	1	72.62500000000003	99.37000000000002
980	31	1	126.22613065326632	90.22110552763823
980	32	1	169.7650000000001	188.56499999999994
980	33	1	165.955	23.14000000000001
980	34	1	105.04500000000003	23.794999999999987
980	35	1	146.9150000000001	116.64999999999999
980	36	1	126.21393034825869	63.18407960199005
980	37	1	35.527363184079626	136.044776119403
980	38	1	138.0547263681592	24.029850746268657
980	39	1	174.13000000000002	30.92500000000001
980	40	1	156.41206030150764	195.23618090452266
980	41	1	68.6381909547739	45.76381909547738
980	42	1	70.47000000000006	111.31999999999995
980	43	1	173.365	72.97499999999995
980	44	1	138.82000000000002	125.295
980	45	1	101.87500000000001	82.90500000000004
980	46	1	119.10945273631842	76.13930348258704
980	47	1	131.95500000000004	38.50999999999998
980	48	1	29.06532663316584	44.251256281407045
980	49	1	112.595	87.855
980	50	1	182.3899999999999	79.86000000000001
980	51	1	112.905	60.599999999999994
980	52	1	126.58208955223878	117.60199004975121
980	53	1	153.41499999999994	26.325
980	54	1	40.4029850746269	148.33830845771152
980	55	1	127.87500000000003	105.60499999999999
980	56	1	29.435000000000002	156.18500000000012
980	57	1	104.62000000000002	41.49499999999999
980	58	1	44.6766169154229	160.64179104477614
980	59	1	77.71999999999994	3.4749999999999988
980	60	1	183.17500000000007	22.96000000000002
980	61	1	122.35500000000003	49.71500000000002
980	62	1	114.61306532663315	105.48743718592965
980	63	1	87.13930348258705	95.37313432835826
980	64	1	149.60499999999996	130.605
980	65	1	28.11500000000001	61.050000000000026
980	66	1	161.26500000000019	58.535
980	67	1	72.45771144278609	77.73631840796021
980	68	1	37.40796019900497	51.25373134328354
980	69	1	27.74000000000001	75.28000000000002
980	70	1	170.02000000000004	41.730000000000004
980	71	1	48.66169154228858	45.13930348258705
980	72	1	111.49999999999994	35.16500000000002
980	73	1	122.60500000000005	130.4200000000001
980	74	1	69.13499999999999	62.05500000000002
980	75	1	119.7512437810945	23.631840796019908
990	1	2	10.32	9.919999999999991
990	2	2	9.91	54.940000000000026
990	3	2	10.271739130434783	100
990	4	2	10.000000000000004	145
990	5	2	9.78	189.93
990	6	2	54.97999999999999	9.810000000000004
990	7	2	55.02000000000001	55.22999999999999
990	8	2	54.95	99.83999999999995
990	9	2	54.87999999999998	144.88
990	10	2	55.00000000000001	190.10999999999996
990	11	2	100.26	9.899999999999997
990	12	2	100.09	54.980000000000004
990	13	2	100.12	100.12000000000003
990	14	2	100.12	145.11999999999992
990	15	2	99.93	190.07999999999996
990	16	2	145.14141414141412	10.383838383838384
990	17	2	144.97999999999993	54.95000000000002
990	18	2	145.0900000000001	100.42000000000002
990	19	2	145.1599999999999	144.95
990	20	2	145.27083333333331	190.27083333333331
990	21	2	190.14	9.740000000000002
990	22	2	190.1199999999999	54.88
990	23	2	190.19148936170217	100.09574468085106
990	24	2	189.72916666666669	144.97916666666666
990	25	2	190.21999999999994	190.27999999999994
990	26	1	17.165000000000003	70.11999999999999
990	27	1	166.20398009950245	11.860696517412933
990	28	1	146.17499999999995	36.870000000000026
990	29	1	188.22000000000003	68.66000000000004
990	30	1	72.2139303482587	100.35820895522389
990	31	1	126.20499999999998	90.31999999999994
990	32	1	169.64	190.09999999999997
990	33	1	165.67499999999998	23.455000000000002
990	34	1	104.18592964824123	24.341708542713565
990	35	1	146.37185929648226	116.11557788944718
990	36	1	127.70500000000001	61.959999999999994
990	37	1	36.78	136.19500000000002
990	38	1	135.99004975124373	24.233830845771145
990	39	1	174.29	30.804999999999993
990	40	1	155.83500000000004	196.335
990	41	1	69.61500000000002	46.24999999999999
990	42	1	69.55276381909545	112.12562814070353
990	43	1	173.46039603960395	71.72772277227725
990	44	1	139.12499999999997	125.40999999999997
990	45	1	102.60000000000005	83.03499999999998
990	46	1	119.80000000000001	75.25999999999998
990	47	1	132.19000000000008	38.570000000000014
990	48	1	28.68000000000001	45.05500000000002
990	49	1	113.63500000000002	88.01499999999999
990	50	1	181.8994974874371	80.80402010050258
990	51	1	113.01999999999997	62.70500000000001
990	52	1	127.5175879396985	117.49748743718595
990	53	1	152.84422110552765	25.527638190954754
990	54	1	40.86432160804021	149.01005025125625
990	55	1	127.05000000000004	105.32500000000005
990	56	1	29.395000000000003	155.40499999999994
990	57	1	105.14499999999994	41.89999999999998
990	58	1	45.28855721393037	160.3582089552238
990	59	1	78.49000000000001	3.355
990	60	1	183.38500000000002	22.694999999999993
990	61	1	121.76500000000003	50.14000000000002
990	62	1	114.42	106.65500000000003
990	63	1	87.20499999999997	94.94999999999997
990	64	1	149.92462311557796	130.65326633165833
990	65	1	28.84577114427861	61.39800995024873
990	66	1	160.60696517412939	57.98009950248757
990	67	1	73.08999999999997	78.89500000000002
990	68	1	37.88557213930346	51.88557213930352
990	69	1	27.400000000000002	75.80999999999999
990	70	1	169.70500000000013	41.334999999999994
990	71	1	49.43499999999999	44.93000000000001
990	72	1	112.41999999999997	35.730000000000004
990	73	1	122.51499999999997	129.54000000000005
990	74	1	69.88059701492536	63.27363184079602
990	75	1	119.592039800995	25.029850746268654
1000	1	2	10.32	9.919999999999991
1000	2	2	9.91	54.940000000000026
1000	3	2	10.271739130434783	100
1000	4	2	10.000000000000004	145
1000	5	2	9.78	189.93
1000	6	2	54.97999999999999	9.810000000000004
1000	7	2	55.02000000000001	55.22999999999999
1000	8	2	54.95	99.83999999999995
1000	9	2	54.87999999999998	144.88
1000	10	2	55.00000000000001	190.10999999999996
1000	11	2	100.26	9.899999999999997
1000	12	2	100.09	54.980000000000004
1000	13	2	100.12	100.12000000000003
1000	14	2	100.12	145.11999999999992
1000	15	2	99.93	190.07999999999996
1000	16	2	145.14141414141412	10.383838383838384
1000	17	2	144.97999999999993	54.95000000000002
1000	18	2	145.0900000000001	100.42000000000002
1000	19	2	145.1599999999999	144.95
1000	20	2	145.27083333333331	190.27083333333331
1000	21	2	190.14	9.740000000000002
1000	22	2	190.1199999999999	54.88
1000	23	2	190.19148936170217	100.09574468085106
1000	24	2	189.72916666666669	144.97916666666666
1000	25	2	190.21999999999994	190.27999999999994
1000	26	1	17.34825870646767	68.92537313432832
1000	27	1	166.14427860696517	12.597014925373134
1000	28	1	146.55721393034818	36.06965174129355
1000	29	1	187.31500000000003	68.90000000000006
1000	30	1	72.32499999999993	101.885
1000	31	1	125.90500000000006	90.11999999999993
1000	32	1	168.8955223880596	191.1691542288557
1000	33	1	164.7412935323383	23.761194029850742
1000	34	1	103.35499999999998	24.984999999999992
1000	35	1	146.06532663316585	115.49246231155779
1000	36	1	129.15	61.31500000000002
1000	37	1	37.965174129353265	136.44776119402994
1000	38	1	133.71000000000004	24.185000000000002
1000	39	1	174.02	30.804999999999996
1000	40	1	155.14427860696506	197.99502487562188
1000	41	1	70.35175879396989	46.85929648241206
1000	42	1	68.41206030150762	113.86934673366835
1000	43	1	173.14500000000004	69.57499999999995
1000	44	1	139.43499999999992	125.72500000000001
1000	45	1	103.08999999999997	83.05999999999996
1000	46	1	121.035	74.16999999999999
1000	47	1	132.64000000000007	38.57499999999998
1000	48	1	28.69849246231156	45.73366834170852
1000	49	1	114.22885572139303	88.13432835820898
1000	50	1	180.8442211055277	81.52261306532664
1000	51	1	113.53999999999999	64.415
1000	52	1	129.2537313432835	117.21890547263682
1000	53	1	151.73631840796023	24.855721393034823
1000	54	1	40.905	149.31999999999994
1000	55	1	126.21	105.22999999999998
1000	56	1	29.472361809045243	155.19095477386935
1000	57	1	105.90049751243784	42.78606965174131
1000	58	1	45.88442211055275	160.08542713567837
1000	59	1	79.74626865671648	3.169154228855723
1000	60	1	183.15999999999997	22.414999999999992
1000	61	1	120.64999999999996	50.870000000000005
1000	62	1	114.02512562814074	107.36180904522617
1000	63	1	87.64499999999997	94.33000000000006
1000	64	1	149.93999999999997	130.6450000000001
1000	65	1	29.721393034825876	61.71641791044775
1000	66	1	159.4350000000001	57.20999999999999
1000	67	1	73.72499999999995	80.03500000000001
1000	68	1	38.33830845771145	52.417910447761166
1000	69	1	26.824999999999996	76.62500000000001
1000	70	1	169.4100000000001	41.04000000000001
1000	71	1	50.60199004975126	44.213930348258714
1000	72	1	112.64500000000001	35.99500000000001
1000	73	1	121.78894472361807	127.643216080402
1000	74	1	70.61999999999995	64.48499999999997
1000	75	1	119.30000000000003	26.059999999999995
1010	1	2	10.32	9.919999999999991
1010	2	2	9.91	54.940000000000026
1010	3	2	10.271739130434783	100
1010	4	2	10.000000000000004	145
1010	5	2	9.78	189.93
1010	6	2	54.97999999999999	9.810000000000004
1010	7	2	55.02000000000001	55.22999999999999
1010	8	2	54.95	99.83999999999995
1010	9	2	54.87999999999998	144.88
1010	10	2	55.00000000000001	190.10999999999996
1010	11	2	100.26	9.899999999999997
1010	12	2	100.09	54.980000000000004
1010	13	2	100.12	100.12000000000003
1010	14	2	100.12	145.11999999999992
1010	15	2	99.93	190.07999999999996
1010	16	2	145.14141414141412	10.383838383838384
1010	17	2	144.97999999999993	54.95000000000002
1010	18	2	145.0900000000001	100.42000000000002
1010	19	2	145.1599999999999	144.95
1010	20	2	145.27083333333331	190.27083333333331
1010	21	2	190.14	9.740000000000002
1010	22	2	190.1199999999999	54.88
1010	23	2	190.19148936170217	100.09574468085106
1010	24	2	189.72916666666669	144.97916666666666
1010	25	2	190.21999999999994	190.27999999999994
1010	26	1	17.815000000000005	67.76999999999995
1010	27	1	165.9899999999999	12.695000000000004
1010	28	1	146.3582089552238	35.19402985074628
1010	29	1	186.62	69.18999999999996
1010	30	1	72.19402985074629	103.38805970149254
1010	31	1	125.6683417085427	90.37185929648244
1010	32	1	168.33499999999995	192.56999999999996
1010	33	1	164.4149999999999	23.630000000000003
1010	34	1	102.37499999999996	26.019999999999996
1010	35	1	146.22885572139307	114.93034825870649
1010	36	1	130.29353233830838	61.11940298507462
1010	37	1	39.110552763819115	137.46231155778895
1010	38	1	131.45000000000013	24.580000000000002
1010	39	1	173.7849999999999	30.604999999999983
1010	40	1	155.25000000000003	199.135
1010	41	1	70.18499999999997	47.46500000000001
1010	42	1	67.08500000000001	114.775
1010	43	1	172.86999999999998	68.30499999999996
1010	44	1	139.1650000000001	126.015
1010	45	1	103.97499999999998	83.49499999999998
1010	46	1	122.10447761194027	73.88059701492537
1010	47	1	132.97014925373128	38.771144278606975
1010	48	1	28.69500000000001	46.19
1010	49	1	115.05970149253726	88.34328358208957
1010	50	1	179.74000000000004	81.87000000000006
1010	51	1	113.91500000000008	65.93499999999999
1010	52	1	130.77611940298505	117.15422885572144
1010	53	1	151.1055276381909	24.42211055276381
1010	54	1	40.869999999999976	149.91999999999996
1010	55	1	125.02499999999996	105.73000000000003
1010	56	1	29.545000000000005	154.59999999999997
1010	57	1	106.59999999999998	43.32999999999999
1010	58	1	47.5323383084577	159.79601990049744
1010	59	1	80.38500000000003	3.040000000000001
1010	60	1	183.20000000000007	22.310000000000013
1010	61	1	119.7363184079602	52.11442786069652
1010	62	1	112.81499999999998	108.75000000000003
1010	63	1	87.86567164179107	94.0099502487562
1010	64	1	150.22500000000002	130.86999999999986
1010	65	1	30.791044776119406	62.16915422885572
1010	66	1	159.455	56.21500000000001
1010	67	1	74.34999999999997	80.89500000000002
1010	68	1	38.850000000000016	53.079999999999984
1010	69	1	26.600000000000005	76.95000000000002
1010	70	1	169.60000000000002	40.714999999999996
1010	71	1	51.70499999999999	43.745
1010	72	1	113.77999999999999	36.825
1010	73	1	121.819095477387	126.8693467336684
1010	74	1	71.12500000000006	65.70000000000002
1010	75	1	118.75999999999998	26.93
1020	1	2	10.32	9.919999999999991
1020	2	2	9.91	54.940000000000026
1020	3	2	10.271739130434783	100
1020	4	2	10.000000000000004	145
1020	5	2	9.78	189.93
1020	6	2	54.97999999999999	9.810000000000004
1020	7	2	55.02000000000001	55.22999999999999
1020	8	2	54.95	99.83999999999995
1020	9	2	54.87999999999998	144.88
1020	10	2	55.00000000000001	190.10999999999996
1020	11	2	100.26	9.899999999999997
1020	12	2	100.09	54.980000000000004
1020	13	2	100.12	100.12000000000003
1020	14	2	100.12	145.11999999999992
1020	15	2	99.93	190.07999999999996
1020	16	2	145.14141414141412	10.383838383838384
1020	17	2	144.97999999999993	54.95000000000002
1020	18	2	145.0900000000001	100.42000000000002
1020	19	2	145.1599999999999	144.95
1020	20	2	145.27083333333331	190.27083333333331
1020	21	2	190.14	9.740000000000002
1020	22	2	190.1199999999999	54.88
1020	23	2	190.19148936170217	100.09574468085106
1020	24	2	189.72916666666669	144.97916666666666
1020	25	2	190.21999999999994	190.27999999999994
1020	26	1	18.66000000000001	66.63999999999992
1020	27	1	165.97487437185924	12.728643216080402
1020	28	1	145.99999999999997	34.27499999999997
1020	29	1	185.31500000000003	69.92999999999998
1020	30	1	71.52499999999996	104.85500000000003
1020	31	1	125.73000000000003	90.45499999999997
1020	32	1	167.547263681592	193.7363184079602
1020	33	1	164.04499999999993	23.415000000000013
1020	34	1	101.18000000000004	27.215
1020	35	1	146.08542713567826	114.7688442211055
1020	36	1	130.73134328358202	61.04477611940297
1020	37	1	40.51741293532339	138.0348258706469
1020	38	1	129.9751243781095	24.60199004975125
1020	39	1	173.385	30.53500000000001
1020	40	1	155.14999999999998	0.7899999999999998
1020	41	1	69.9800995024876	48.66666666666666
1020	42	1	65.27499999999999	116.33000000000007
1020	43	1	172.80000000000007	66.50999999999999
1020	44	1	139.005	126.34000000000003
1020	45	1	104.71859296482413	84.17587939698497
1020	46	1	123.34653465346535	73.73267326732672
1020	47	1	133.45000000000005	38.91500000000001
1020	48	1	28.895	46.665000000000006
1020	49	1	115.45	89.01500000000006
1020	50	1	178.24752475247524	82.49009900990099
1020	51	1	113.80499999999998	67.68500000000003
1020	52	1	131.9597989949749	116.71859296482415
1020	53	1	150.18999999999986	24.159999999999997
1020	54	1	40.93000000000001	150.14999999999998
1020	55	1	123.96999999999993	106.26999999999997
1020	56	1	29.815920398009954	154.28358208955217
1020	57	1	107.39000000000001	44.250000000000014
1020	58	1	48.54773869346735	159.3718592964823
1020	59	1	80.61999999999996	2.834999999999999
1020	60	1	182.9749999999999	22.640000000000008
1020	61	1	119.12499999999997	53.490000000000016
1020	62	1	112.13500000000002	109.71499999999999
1020	63	1	87.95500000000004	93.99500000000003
1020	64	1	150.25373134328362	131.09950248756218
1020	65	1	31.970000000000006	62.86999999999998
1020	66	1	159.74999999999983	54.695
1020	67	1	75.26000000000005	81.80999999999997
1020	68	1	39.16000000000001	53.25999999999999
1020	69	1	26.399999999999988	77.85499999999993
1020	70	1	169.37688442211072	40.55778894472362
1020	71	1	52.70999999999999	43.699999999999996
1020	72	1	114.8955223880597	37.57213930348259
1020	73	1	121.70999999999998	125.78499999999998
1020	74	1	71.82412060301507	66.44221105527642
1020	75	1	118.11999999999999	27.534999999999997
1030	1	2	10.32	9.919999999999991
1030	2	2	9.91	54.940000000000026
1030	3	2	10.271739130434783	100
1030	4	2	10.000000000000004	145
1030	5	2	9.78	189.93
1030	6	2	54.97999999999999	9.810000000000004
1030	7	2	55.02000000000001	55.22999999999999
1030	8	2	54.95	99.83999999999995
1030	9	2	54.87999999999998	144.88
1030	10	2	55.00000000000001	190.10999999999996
1030	11	2	100.26	9.899999999999997
1030	12	2	100.09	54.980000000000004
1030	13	2	100.12	100.12000000000003
1030	14	2	100.12	145.11999999999992
1030	15	2	99.93	190.07999999999996
1030	16	2	145.14141414141412	10.383838383838384
1030	17	2	144.97999999999993	54.95000000000002
1030	18	2	145.0900000000001	100.42000000000002
1030	19	2	145.1599999999999	144.95
1030	20	2	145.27083333333331	190.27083333333331
1030	21	2	190.14	9.740000000000002
1030	22	2	190.1199999999999	54.88
1030	23	2	190.19148936170217	100.09574468085106
1030	24	2	189.72916666666669	144.97916666666666
1030	25	2	190.21999999999994	190.27999999999994
1030	26	1	19.315	64.94499999999998
1030	27	1	165.42	13.030000000000001
1030	28	1	145.24378109452738	33.24875621890546
1030	29	1	184.46499999999997	70.74499999999998
1030	30	1	71.04455445544556	106.47524752475248
1030	31	1	125.56783919597991	91.12562814070351
1030	32	1	166.595	194.22000000000008
1030	33	1	163.6080402010051	23.351758793969857
1030	34	1	100.59499999999997	28.27500000000001
1030	35	1	146.12500000000006	115.00499999999994
1030	36	1	131.00500000000002	60.540000000000006
1030	37	1	41.39000000000001	138.63499999999996
1030	38	1	128.92039800995022	24.60199004975124
1030	39	1	173.1542288557215	30.40796019900497
1030	40	1	155.67000000000002	2.47
1030	41	1	68.75621890547269	49.905472636815944
1030	42	1	64.48500000000001	117.29000000000002
1030	43	1	172.21999999999989	64.95500000000003
1030	44	1	138.1249999999999	126.82000000000004
1030	45	1	105.40298507462687	85.28855721393028
1030	46	1	124.2636815920398	73.5273631840796
1030	47	1	133.90049751243782	39.33333333333331
1030	48	1	29.185000000000006	46.919999999999995
1030	49	1	115.72139303482587	89.13432835820899
1030	50	1	176.10999999999996	83.16000000000003
1030	51	1	113.69	69.02999999999999
1030	52	1	132.39195979899498	116.07035175879389
1030	53	1	149.7699999999999	24.25
1030	54	1	41.065000000000005	150.59000000000003
1030	55	1	123.18500000000002	106.49999999999999
1030	56	1	29.72000000000001	154.13000000000002
1030	57	1	107.97000000000003	44.86500000000001
1030	58	1	49.17499999999998	159.17000000000002
1030	59	1	81.06500000000003	2.58
1030	60	1	182.91959798994972	22.407035175879393
1030	61	1	118.64676616915428	54.716417910447774
1030	62	1	110.77500000000003	110.815
1030	63	1	88.20499999999998	93.59499999999998
1030	64	1	150.0400000000001	131.255
1030	65	1	32.75124378109452	63.87562189054728
1030	66	1	160.12999999999994	52.34000000000001
1030	67	1	76.45000000000003	83.535
1030	68	1	39.661691542288544	53.71144278606962
1030	69	1	25.869999999999997	78.47
1030	70	1	169.29499999999996	40.33999999999999
1030	71	1	52.58793969849246	43.869346733668344
1030	72	1	115.84000000000005	38.275000000000034
1030	73	1	121.3	124.43500000000002
1030	74	1	72.31343283582086	67.6069651741294
1030	75	1	117.46766169154226	28.154228855721396
1040	1	2	10.32	9.919999999999991
1040	2	2	9.91	54.940000000000026
1040	3	2	10.271739130434783	100
1040	4	2	10.000000000000004	145
1040	5	2	9.78	189.93
1040	6	2	54.97999999999999	9.810000000000004
1040	7	2	55.02000000000001	55.22999999999999
1040	8	2	54.95	99.83999999999995
1040	9	2	54.87999999999998	144.88
1040	10	2	55.00000000000001	190.10999999999996
1040	11	2	100.26	9.899999999999997
1040	12	2	100.09	54.980000000000004
1040	13	2	100.12	100.12000000000003
1040	14	2	100.12	145.11999999999992
1040	15	2	99.93	190.07999999999996
1040	16	2	145.14141414141412	10.383838383838384
1040	17	2	144.97999999999993	54.95000000000002
1040	18	2	145.0900000000001	100.42000000000002
1040	19	2	145.1599999999999	144.95
1040	20	2	145.27083333333331	190.27083333333331
1040	21	2	190.14	9.740000000000002
1040	22	2	190.1199999999999	54.88
1040	23	2	190.19148936170217	100.09574468085106
1040	24	2	189.72916666666669	144.97916666666666
1040	25	2	190.21999999999994	190.27999999999994
1040	26	1	20.81	64.10000000000001
1040	27	1	165.14499999999998	13.175000000000004
1040	28	1	144.6300000000001	32.745000000000005
1040	29	1	183.40999999999988	72.02000000000002
1040	30	1	70.51741293532339	107.9402985074627
1040	31	1	125.99499999999999	91.34500000000004
1040	32	1	165.48	194.86999999999995
1040	33	1	163.55778894472363	23.221105527638194
1040	34	1	100.38999999999997	29.585000000000008
1040	35	1	146.1099999999999	115.30499999999994
1040	36	1	130.815	59.79000000000001
1040	37	1	42.28643216080399	138.93467336683426
1040	38	1	127.98507462686571	24.32338308457711
1040	39	1	173.34	30.329999999999995
1040	40	1	156.14500000000004	2.9800000000000004
1040	41	1	67.72864321608037	50.889447236180885
1040	42	1	63.75000000000001	117.73999999999994
1040	43	1	171.48999999999995	63.51999999999998
1040	44	1	137.02985074626866	127.3781094527363
1040	45	1	106.28140703517585	86.23618090452256
1040	46	1	124.91	73.34499999999996
1040	47	1	134.66000000000003	39.78499999999999
1040	48	1	29.425	47.51
1040	49	1	115.965	90.05999999999996
1040	50	1	174.69000000000005	82.86999999999999
1040	51	1	113.6318407960199	70.33830845771145
1040	52	1	132.70000000000005	114.94999999999999
1040	53	1	149.71356783919595	24.37185929648242
1040	54	1	40.335	151.01500000000007
1040	55	1	122.11442786069651	107.08955223880592
1040	56	1	29.490000000000013	153.93000000000004
1040	57	1	109.04500000000002	45.625
1040	58	1	49.769999999999996	159.10000000000002
1040	59	1	81.57499999999997	1.9150000000000007
1040	60	1	183.42000000000002	22.520000000000003
1040	61	1	117.49000000000002	56.20999999999997
1040	62	1	109.13000000000005	112.41500000000002
1040	63	1	88.68844221105523	93.14572864321609
1040	64	1	150.12500000000006	131.29499999999996
1040	65	1	34.73869346733665	64.96482412060303
1040	66	1	160.31499999999994	50.56000000000004
1040	67	1	77.58500000000001	84.42
1040	68	1	39.80808080808079	53.914141414141405
1040	69	1	25.26	79.36499999999995
1040	70	1	168.98999999999995	40.12499999999998
1040	71	1	52.67661691542289	43.88059701492536
1040	72	1	116.87562189054722	38.791044776119406
1040	73	1	121.44278606965173	123.81592039801001
1040	74	1	72.59999999999997	68.6
1040	75	1	117.14500000000001	28.504999999999995
1050	1	2	10.32	9.919999999999991
1050	2	2	9.91	54.940000000000026
1050	3	2	10.271739130434783	100
1050	4	2	10.000000000000004	145
1050	5	2	9.78	189.93
1050	6	2	54.97999999999999	9.810000000000004
1050	7	2	55.02000000000001	55.22999999999999
1050	8	2	54.95	99.83999999999995
1050	9	2	54.87999999999998	144.88
1050	10	2	55.00000000000001	190.10999999999996
1050	11	2	100.26	9.899999999999997
1050	12	2	100.09	54.980000000000004
1050	13	2	100.12	100.12000000000003
1050	14	2	100.12	145.11999999999992
1050	15	2	99.93	190.07999999999996
1050	16	2	145.14141414141412	10.383838383838384
1050	17	2	144.97999999999993	54.95000000000002
1050	18	2	145.0900000000001	100.42000000000002
1050	19	2	145.1599999999999	144.95
1050	20	2	145.27083333333331	190.27083333333331
1050	21	2	190.14	9.740000000000002
1050	22	2	190.1199999999999	54.88
1050	23	2	190.19148936170217	100.09574468085106
1050	24	2	189.72916666666669	144.97916666666666
1050	25	2	190.21999999999994	190.27999999999994
1050	26	1	21.844999999999985	63.77000000000001
1050	27	1	164.64000000000004	13.17
1050	28	1	143.85499999999996	32.240000000000016
1050	29	1	182.48999999999992	73.04999999999998
1050	30	1	69.41500000000003	108.84499999999997
1050	31	1	126.41206030150755	91.96984924623115
1050	32	1	164.49253731343288	195.10447761194024
1050	33	1	163.615	23.119999999999994
1050	34	1	100.06000000000006	31.789999999999978
1050	35	1	146.09452736318397	115.67164179104483
1050	36	1	130.25500000000005	59.36500000000001
1050	37	1	42.361809045226146	139.26130653266324
1050	38	1	126.94527363184076	23.84577114427859
1050	39	1	173.35000000000014	30.17500000000001
1050	40	1	156.49748743718587	2.93969849246231
1050	41	1	67.43500000000003	51.92
1050	42	1	63.44723618090448	119.07035175879395
1050	43	1	170.3482587064678	62.134328358208954
1050	44	1	136.0500000000001	127.46500000000003
1050	45	1	107.065	87.19
1050	46	1	125.67499999999998	73.43499999999999
1050	47	1	135.20895522388062	39.741293532338304
1050	48	1	29.990000000000016	47.63499999999999
1050	49	1	116.50499999999998	90.26
1050	50	1	173.34000000000006	82.90999999999994
1050	51	1	113.47263681592035	71.53731343283586
1050	52	1	132.61999999999992	114.04499999999999
1050	53	1	149.57999999999998	24.464999999999996
1050	54	1	39.9	151.41499999999996
1050	55	1	121.49748743718591	107.81909547738694
1050	56	1	29.355000000000008	153.4399999999999
1050	57	1	109.83084577114428	46.218905472636784
1050	58	1	50.29999999999998	158.95000000000013
1050	59	1	81.95000000000002	1.0300000000000002
1050	60	1	183.56783919597984	22.482412060301495
1050	61	1	116.47263681592042	57.45771144278607
1050	62	1	107.895	113.23500000000001
1050	63	1	89.08500000000004	92.86499999999998
1050	64	1	150.03499999999985	131.33000000000007
1050	65	1	36.04975124378109	66.07462686567166
1050	66	1	160.73500000000007	48.815000000000005
1050	67	1	78.68000000000002	85.805
1050	68	1	39.37499999999998	54.44000000000001
1050	69	1	24.634999999999998	79.69499999999996
1050	70	1	169.13999999999993	39.92000000000001
1050	71	1	53.01	43.864999999999995
1050	72	1	117.87939698492461	39.31658291457288
1050	73	1	121.13500000000006	123.23999999999998
1050	74	1	72.77114427860697	69.66169154228852
1050	75	1	116.64999999999999	28.624999999999996
1060	1	2	10.32	9.919999999999991
1060	2	2	9.91	54.940000000000026
1060	3	2	10.271739130434783	100
1060	4	2	10.000000000000004	145
1060	5	2	9.78	189.93
1060	6	2	54.97999999999999	9.810000000000004
1060	7	2	55.02000000000001	55.22999999999999
1060	8	2	54.95	99.83999999999995
1060	9	2	54.87999999999998	144.88
1060	10	2	55.00000000000001	190.10999999999996
1060	11	2	100.26	9.899999999999997
1060	12	2	100.09	54.980000000000004
1060	13	2	100.12	100.12000000000003
1060	14	2	100.12	145.11999999999992
1060	15	2	99.93	190.07999999999996
1060	16	2	145.14141414141412	10.383838383838384
1060	17	2	144.97999999999993	54.95000000000002
1060	18	2	145.0900000000001	100.42000000000002
1060	19	2	145.1599999999999	144.95
1060	20	2	145.27083333333331	190.27083333333331
1060	21	2	190.14	9.740000000000002
1060	22	2	190.1199999999999	54.88
1060	23	2	190.19148936170217	100.09574468085106
1060	24	2	189.72916666666669	144.97916666666666
1060	25	2	190.21999999999994	190.27999999999994
1060	26	1	22.701492537313435	63.82587064676617
1060	27	1	164.26865671641792	13.278606965174124
1060	28	1	143.23499999999993	31.994999999999994
1060	29	1	181.42288557213928	73.681592039801
1060	30	1	68.36999999999998	110.39000000000003
1060	31	1	127.50000000000004	92.535
1060	32	1	163.15422885572147	194.85572139303486
1060	33	1	163.79999999999998	22.964999999999993
1060	34	1	100.7213930348259	33.04975124378107
1060	35	1	146.44499999999988	116.85500000000005
1060	36	1	129.40999999999994	58.45500000000001
1060	37	1	42.32999999999999	139.56499999999994
1060	38	1	126.19402985074628	23.49253731343282
1060	39	1	173.47999999999993	30.134999999999998
1060	40	1	156.5349999999999	3.159999999999999
1060	41	1	67.37185929648234	52.86934673366834
1060	42	1	62.84499999999998	120.50499999999995
1060	43	1	168.70854271356777	60.90452261306532
1060	44	1	134.80000000000004	127.73000000000009
1060	45	1	107.57213930348261	87.82089552238803
1060	46	1	125.63999999999999	74.28999999999994
1060	47	1	135.85499999999996	39.919999999999995
1060	48	1	30.195979899497473	48.110552763819115
1060	49	1	116.91959798994978	90.59798994974874
1060	50	1	171.7788944723617	82.3015075376885
1060	51	1	113.84924623115576	72.01507537688445
1060	52	1	132.4626865671642	113.62686567164177
1060	53	1	149.68499999999992	24.679999999999982
1060	54	1	39.63681592039799	151.8955223880597
1060	55	1	120.62000000000002	107.985
1060	56	1	28.960199004975117	152.4328358208955
1060	57	1	110.51999999999998	46.89500000000001
1060	58	1	50.502512562814076	159.0201005025126
1060	59	1	82.24500000000002	0.24999999999999983
1060	60	1	184.02500000000003	22.6
1060	61	1	115.10999999999997	59.19500000000001
1060	62	1	106.7213930348259	114.06965174129355
1060	63	1	90.03499999999997	92.58500000000001
1060	64	1	149.8743718592964	131.66834170854264
1060	65	1	36.693467336683426	67.00502512562817
1060	66	1	160.11442786069642	46.90547263681593
1060	67	1	79.16000000000001	87.29000000000002
1060	68	1	39.225	54.885
1060	69	1	24.130000000000003	79.89999999999998
1060	70	1	169.2050000000001	39.875
1060	71	1	53.165	43.98500000000001
1060	72	1	118.55276381909546	39.844221105527645
1060	73	1	120.57999999999997	122.14999999999998
1060	74	1	72.745	71.62500000000004
1060	75	1	116.71	28.920000000000005
1070	1	2	10.32	9.919999999999991
1070	2	2	9.91	54.940000000000026
1070	3	2	10.271739130434783	100
1070	4	2	10.000000000000004	145
1070	5	2	9.78	189.93
1070	6	2	54.97999999999999	9.810000000000004
1070	7	2	55.02000000000001	55.22999999999999
1070	8	2	54.95	99.83999999999995
1070	9	2	54.87999999999998	144.88
1070	10	2	55.00000000000001	190.10999999999996
1070	11	2	100.26	9.899999999999997
1070	12	2	100.09	54.980000000000004
1070	13	2	100.12	100.12000000000003
1070	14	2	100.12	145.11999999999992
1070	15	2	99.93	190.07999999999996
1070	16	2	145.14141414141412	10.383838383838384
1070	17	2	144.97999999999993	54.95000000000002
1070	18	2	145.0900000000001	100.42000000000002
1070	19	2	145.1599999999999	144.95
1070	20	2	145.27083333333331	190.27083333333331
1070	21	2	190.14	9.740000000000002
1070	22	2	190.1199999999999	54.88
1070	23	2	190.19148936170217	100.09574468085106
1070	24	2	189.72916666666669	144.97916666666666
1070	25	2	190.21999999999994	190.27999999999994
1070	26	1	23.472361809045225	63.944723618090485
1070	27	1	163.7049999999999	13.415000000000003
1070	28	1	142.49499999999998	32.305
1070	29	1	180.58706467661682	74.23880597014926
1070	30	1	67.34328358208954	111.18407960199004
1070	31	1	127.96500000000005	93.39999999999998
1070	32	1	161.6350000000001	193.92999999999995
1070	33	1	164.31840796019898	22.92039800995025
1070	34	1	102.17500000000004	34.31500000000001
1070	35	1	146.10945273631833	117.33830845771143
1070	36	1	128.75500000000002	57.845
1070	37	1	42.079601990049746	139.79601990049755
1070	38	1	125.11499999999997	22.404999999999994
1070	39	1	173.96517412935313	30.358208955223876
1070	40	1	157.16999999999996	3.2749999999999204
1070	41	1	67.55999999999999	53.75500000000001
1070	42	1	62.447761194029866	121.87562189054725
1070	43	1	167.61999999999998	59.585000000000015
1070	44	1	134.06965174129354	128.0099502487562
1070	45	1	108.32999999999997	88.47999999999993
1070	46	1	125.81000000000002	74.86999999999996
1070	47	1	136.90547263681594	40.34825870646767
1070	48	1	30.475000000000005	48.160000000000004
1070	49	1	117.63499999999993	91.02000000000004
1070	50	1	170.2338308457712	81.59701492537312
1070	51	1	114.00500000000001	72.58499999999997
1070	52	1	132.30499999999998	113.12500000000001
1070	53	1	149.74626865671647	25.01990049751244
1070	54	1	39.155000000000015	152.51000000000008
1070	55	1	119.54000000000003	108.50000000000001
1070	56	1	28.33000000000002	151.61999999999998
1070	57	1	111.15577889447238	47.623115577889436
1070	58	1	50.38000000000002	158.47000000000003
1070	59	1	82.23000000000002	199.26
1070	60	1	184.51000000000013	22.420000000000005
1070	61	1	114.00500000000001	60.65499999999999
1070	62	1	105.9207920792079	115.16336633663371
1070	63	1	91.20895522388064	92.04477611940297
1070	64	1	149.76500000000004	131.86
1070	65	1	37.350000000000016	67.655
1070	66	1	159.82587064676622	45.333333333333364
1070	67	1	79.38500000000002	89.63499999999998
1070	68	1	38.597989949748765	55.40703517587941
1070	69	1	23.86069651741293	79.64179104477614
1070	70	1	169.19499999999994	39.79499999999999
1070	71	1	53.251256281407024	44.035175879396974
1070	72	1	119.53768844221105	40.40703517587943
1070	73	1	120.495	121.255
1070	74	1	73.11940298507464	74.17910447761196
1070	75	1	116.97999999999998	29.034999999999993
1080	1	2	10.32	9.919999999999991
1080	2	2	9.91	54.940000000000026
1080	3	2	10.271739130434783	100
1080	4	2	10.000000000000004	145
1080	5	2	9.78	189.93
1080	6	2	54.97999999999999	9.810000000000004
1080	7	2	55.02000000000001	55.22999999999999
1080	8	2	54.95	99.83999999999995
1080	9	2	54.87999999999998	144.88
1080	10	2	55.00000000000001	190.10999999999996
1080	11	2	100.26	9.899999999999997
1080	12	2	100.09	54.980000000000004
1080	13	2	100.12	100.12000000000003
1080	14	2	100.12	145.11999999999992
1080	15	2	99.93	190.07999999999996
1080	16	2	145.14141414141412	10.383838383838384
1080	17	2	144.97999999999993	54.95000000000002
1080	18	2	145.0900000000001	100.42000000000002
1080	19	2	145.1599999999999	144.95
1080	20	2	145.27083333333331	190.27083333333331
1080	21	2	190.14	9.740000000000002
1080	22	2	190.1199999999999	54.88
1080	23	2	190.19148936170217	100.09574468085106
1080	24	2	189.72916666666669	144.97916666666666
1080	25	2	190.21999999999994	190.27999999999994
1080	26	1	24.054999999999996	63.745000000000005
1080	27	1	162.8542713567839	13.768844221105526
1080	28	1	141.31658291457282	32.20603015075377
1080	29	1	179.55721393034818	74.3980099502487
1080	30	1	66.38805970149251	112.2985074626866
1080	31	1	128.15422885572136	94.23383084577112
1080	32	1	160.32999999999998	193.32500000000022
1080	33	1	164.415	22.820000000000004
1080	34	1	103.11442786069657	35.48756218905472
1080	35	1	146.14500000000004	118.24500000000005
1080	36	1	128.26633165829148	57.9597989949749
1080	37	1	41.930000000000014	140.1700000000001
1080	38	1	124.71144278606968	22.04975124378109
1080	39	1	174.6049999999998	30.499999999999993
1080	40	1	158.59	3.83
1080	41	1	67.77114427860704	54.462686567164184
1080	42	1	61.22499999999999	123.09499999999996
1080	43	1	166.28000000000011	58.46000000000002
1080	44	1	133.6884422110554	128.03015075376888
1080	45	1	108.80099502487565	89.00995024875621
1080	46	1	126.40796019900496	75.66666666666669
1080	47	1	138.03517587939686	41.08040201005025
1080	48	1	31.305000000000007	48.22500000000003
1080	49	1	118.20100502512568	90.88944723618094
1080	50	1	168.01499999999996	81.26500000000001
1080	51	1	114.44999999999996	72.885
1080	52	1	131.80499999999992	112.805
1080	53	1	149.65500000000006	25.469999999999995
1080	54	1	38.68000000000002	153.56500000000005
1080	55	1	118.27135678391961	108.44221105527637
1080	56	1	27.560000000000002	150.83999999999997
1080	57	1	112.20500000000001	48.39499999999999
1080	58	1	49.90000000000002	158.28000000000003
1080	59	1	82.52999999999999	198.865
1080	60	1	184.87437185929662	22.376884422110546
1080	61	1	112.55778894472357	62.180904522613076
1080	62	1	105.88557213930353	115.93034825870646
1080	63	1	92.34999999999997	91.55499999999999
1080	64	1	150.03015075376882	131.89447236180908
1080	65	1	37.70499999999998	68.00000000000004
1080	66	1	159.22999999999996	43.824999999999996
1080	67	1	79.79999999999998	91.19500000000005
1080	68	1	38.497487437185946	55.457286432160814
1080	69	1	23.159203980099495	78.80099502487562
1080	70	1	168.69	39.38500000000001
1080	71	1	53.92500000000001	43.88999999999998
1080	72	1	120.63681592039802	41.04975124378112
1080	73	1	120.39499999999998	120.80499999999998
1080	74	1	73.76119402985076	76.05970149253734
1080	75	1	117.115	29.2
1090	1	2	10.32	9.919999999999991
1090	2	2	9.91	54.940000000000026
1090	3	2	10.271739130434783	100
1090	4	2	10.000000000000004	145
1090	5	2	9.78	189.93
1090	6	2	54.97999999999999	9.810000000000004
1090	7	2	55.02000000000001	55.22999999999999
1090	8	2	54.95	99.83999999999995
1090	9	2	54.87999999999998	144.88
1090	10	2	55.00000000000001	190.10999999999996
1090	11	2	100.26	9.899999999999997
1090	12	2	100.09	54.980000000000004
1090	13	2	100.12	100.12000000000003
1090	14	2	100.12	145.11999999999992
1090	15	2	99.93	190.07999999999996
1090	16	2	145.14141414141412	10.383838383838384
1090	17	2	144.97999999999993	54.95000000000002
1090	18	2	145.0900000000001	100.42000000000002
1090	19	2	145.1599999999999	144.95
1090	20	2	145.27083333333331	190.27083333333331
1090	21	2	190.14	9.740000000000002
1090	22	2	190.1199999999999	54.88
1090	23	2	190.19148936170217	100.09574468085106
1090	24	2	189.72916666666669	144.97916666666666
1090	25	2	190.21999999999994	190.27999999999994
1090	26	1	24.395000000000003	63.48000000000002
1090	27	1	162.60500000000002	13.940000000000001
1090	28	1	140.33668341708545	32.11557788944725
1090	29	1	178.535	74.54499999999999
1090	30	1	65.94527363184082	113.86567164179111
1090	31	1	127.87562189054728	94.94527363184082
1090	32	1	159.04522613065322	192.92964824120602
1090	33	1	164.65500000000011	23.035
1090	34	1	103.6119402985074	36.9601990049751
1090	35	1	145.91499999999994	118.67500000000003
1090	36	1	127.63499999999999	58.29000000000001
1090	37	1	41.435000000000024	140.74
1090	38	1	124.34500000000006	22.065
1090	39	1	176.0547263681592	31.014925373134336
1090	40	1	159.71859296482407	4.105527638190954
1090	41	1	67.98	55.559999999999995
1090	42	1	60.29850746268658	124.46268656716414
1090	43	1	165.13930348258705	57.87562189054727
1090	44	1	133.37500000000003	127.84999999999988
1090	45	1	108.81407035175884	88.82914572864324
1090	46	1	126.97500000000005	76.73
1090	47	1	138.75124378109453	41.4626865671642
1090	48	1	32.25125628140704	48.20100502512563
1090	49	1	118.17587939698495	90.89447236180908
1090	50	1	166.36815920398004	80.61194029850745
1090	51	1	115.02500000000003	73.085
1090	52	1	131.28358208955223	112.60696517412934
1090	53	1	149.63999999999996	25.665000000000003
1090	54	1	37.76000000000002	155.21999999999997
1090	55	1	116.62	108.305
1090	56	1	26.099999999999998	150.29499999999996
1090	57	1	113.30500000000002	49.41999999999999
1090	58	1	49.29	157.82999999999998
1090	59	1	83.36000000000003	198.26
1090	60	1	184.9	22.284999999999993
1090	61	1	111.20398009950256	63.636815920398
1090	62	1	105.95500000000001	117.45500000000003
1090	63	1	92.71356783919603	91.286432160804
1090	64	1	150.10999999999996	132.08999999999997
1090	65	1	37.910000000000004	68.36000000000003
1090	66	1	158.86500000000007	43
1090	67	1	80.02487562189057	92.4328358208955
1090	68	1	38.030000000000015	55.93500000000002
1090	69	1	22.432835820895523	78.03482587064676
1090	70	1	168.5299999999999	39.02
1090	71	1	54.90000000000001	44.149999999999984
1090	72	1	121.19900497512444	41.16417910447764
1090	73	1	120.26633165829146	120.29145728643218
1090	74	1	73.93969849246226	77.4723618090452
1090	75	1	116.68000000000004	29.380000000000003
1100	1	2	10.32	9.919999999999991
1100	2	2	9.91	54.940000000000026
1100	3	2	10.271739130434783	100
1100	4	2	10.000000000000004	145
1100	5	2	9.78	189.93
1100	6	2	54.97999999999999	9.810000000000004
1100	7	2	55.02000000000001	55.22999999999999
1100	8	2	54.95	99.83999999999995
1100	9	2	54.87999999999998	144.88
1100	10	2	55.00000000000001	190.10999999999996
1100	11	2	100.26	9.899999999999997
1100	12	2	100.09	54.980000000000004
1100	13	2	100.12	100.12000000000003
1100	14	2	100.12	145.11999999999992
1100	15	2	99.93	190.07999999999996
1100	16	2	145.14141414141412	10.383838383838384
1100	17	2	144.97999999999993	54.95000000000002
1100	18	2	145.0900000000001	100.42000000000002
1100	19	2	145.1599999999999	144.95
1100	20	2	145.27083333333331	190.27083333333331
1100	21	2	190.14	9.740000000000002
1100	22	2	190.1199999999999	54.88
1100	23	2	190.19148936170217	100.09574468085106
1100	24	2	189.72916666666669	144.97916666666666
1100	25	2	190.21999999999994	190.27999999999994
1100	26	1	24.748743718592962	63.09045226130654
1100	27	1	162.51000000000005	14.105000000000006
1100	28	1	139.74	32.114999999999995
1100	29	1	177.43283582089546	75.60199004975122
1100	30	1	65.41500000000003	115.66000000000003
1100	31	1	127.86069651741293	95.74626865671651
1100	32	1	157.77114427860684	193.3781094527363
1100	33	1	164.92500000000004	23.14000000000001
1100	34	1	104.625	37.95499999999999
1100	35	1	145.86	119.44500000000002
1100	36	1	126.89499999999995	58.315000000000005
1100	37	1	40.32000000000004	141.51499999999996
1100	38	1	123.97000000000001	21.72499999999999
1100	39	1	178.11940298507452	31.721393034825862
1100	40	1	161.77611940298505	4.268656716417909
1100	41	1	68.1	56.675000000000004
1100	42	1	59.33333333333334	125.497512437811
1100	43	1	164.24499999999998	56.82999999999997
1100	44	1	132.63499999999996	127.94500000000002
1100	45	1	108.76000000000005	89.08000000000003
1100	46	1	127.37499999999999	77.46000000000002
1100	47	1	139.04500000000002	41.64499999999998
1100	48	1	33.25500000000001	47.86000000000001
1100	49	1	118.45226130653273	90.80904522613072
1100	50	1	165.25125628140697	79.88944723618093
1100	51	1	115.24500000000005	73.42000000000002
1100	52	1	131.11557788944717	112.93467336683423
1100	53	1	149.5326633165828	25.753768844221092
1100	54	1	36.56218905472635	156.85572139303486
1100	55	1	115.16915422885573	107.96019900497514
1100	56	1	24.4	149.96999999999997
1100	57	1	113.425	50.57999999999999
1100	58	1	48.31000000000001	156.80999999999997
1100	59	1	83.75999999999995	197.615
1100	60	1	184.21393034825866	21.77611940298507
1100	61	1	110.17499999999997	64.90499999999999
1100	62	1	106.11500000000002	118.35499999999995
1100	63	1	93.45499999999998	90.70500000000001
1100	64	1	149.79396984924622	132.52763819095472
1100	65	1	37.819999999999986	68.78500000000001
1100	66	1	158.10000000000002	42.169999999999995
1100	67	1	79.96999999999993	93.70499999999997
1100	68	1	37.75879396984926	56.18592964824121
1100	69	1	21.229999999999993	76.69000000000001
1100	70	1	168.055	37.94
1100	71	1	55.57999999999997	44.289999999999985
1100	72	1	122.17241379310346	41.76847290640393
1100	73	1	120.31343283582092	119.84079601990057
1100	74	1	74.608040201005	78.2060301507538
1100	75	1	116.30348258706469	29.54228855721393
1110	1	2	10.32	9.919999999999991
1110	2	2	9.91	54.940000000000026
1110	3	2	10.271739130434783	100
1110	4	2	10.000000000000004	145
1110	5	2	9.78	189.93
1110	6	2	54.97999999999999	9.810000000000004
1110	7	2	55.02000000000001	55.22999999999999
1110	8	2	54.95	99.83999999999995
1110	9	2	54.87999999999998	144.88
1110	10	2	55.00000000000001	190.10999999999996
1110	11	2	100.26	9.899999999999997
1110	12	2	100.09	54.980000000000004
1110	13	2	100.12	100.12000000000003
1110	14	2	100.12	145.11999999999992
1110	15	2	99.93	190.07999999999996
1110	16	2	145.14141414141412	10.383838383838384
1110	17	2	144.97999999999993	54.95000000000002
1110	18	2	145.0900000000001	100.42000000000002
1110	19	2	145.1599999999999	144.95
1110	20	2	145.27083333333331	190.27083333333331
1110	21	2	190.14	9.740000000000002
1110	22	2	190.1199999999999	54.88
1110	23	2	190.19148936170217	100.09574468085106
1110	24	2	189.72916666666669	144.97916666666666
1110	25	2	190.21999999999994	190.27999999999994
1110	26	1	24.95	63.02
1110	27	1	162.24	13.849999999999998
1110	28	1	139.36500000000004	32.289999999999985
1110	29	1	176.70499999999996	76.015
1110	30	1	65.38805970149251	116.91542288557214
1110	31	1	127.48999999999998	96.76000000000005
1110	32	1	156.62686567164178	194.5572139303481
1110	33	1	165.38	23.064999999999994
1110	34	1	105.82500000000002	38.71999999999999
1110	35	1	145.8199999999999	119.93
1110	36	1	125.64500000000002	58.77999999999999
1110	37	1	39.34170854271358	142.1005025125629
1110	38	1	123.455	21.19999999999999
1110	39	1	179.59203980099505	32.08955223880596
1110	40	1	164.5999999999999	3.8249999999999984
1110	41	1	68.14070351758787	57.683417085427145
1110	42	1	58.880597014925364	126.29353233830845
1110	43	1	163.8059701492536	55.52736318407959
1110	44	1	132.73000000000008	128.01500000000013
1110	45	1	108.76381909547736	88.83417085427128
1110	46	1	128.77114427860704	78.80597014925372
1110	47	1	139.27500000000006	41.889999999999986
1110	48	1	34.76884422110554	47.63316582914576
1110	49	1	118.75124378109449	90.79601990049753
1110	50	1	164.72636815920401	78.7761194029851
1110	51	1	116.175	73.78500000000004
1110	52	1	130.77114427860698	113.56716417910448
1110	53	1	149.26368159203986	25.810945273631834
1110	54	1	35.35148514851486	157.65841584158412
1110	55	1	113.83000000000003	107.315
1110	56	1	23.206030150753765	149.91457286432149
1110	57	1	113.66500000000002	51.755000000000024
1110	58	1	47.03499999999997	155.95
1110	59	1	84.49500000000006	196.98
1110	60	1	183.31999999999996	21.235
1110	61	1	108.76500000000004	66.28499999999997
1110	62	1	106.19999999999997	119.15000000000006
1110	63	1	94.10499999999998	90.25999999999998
1110	64	1	150.7499999999999	132.47999999999982
1110	65	1	37.305000000000014	69.34500000000004
1110	66	1	157.7437185929647	41.05527638190954
1110	67	1	80.37185929648247	95.11557788944721
1110	68	1	37.71500000000002	56.260000000000005
1110	69	1	19.924999999999994	75.38000000000002
1110	70	1	168.19402985074632	37.29353233830848
1110	71	1	55.929999999999986	44.525
1110	72	1	123.11500000000005	42.30000000000001
1110	73	1	120.04499999999992	119.69999999999999
1110	74	1	75.71999999999998	79.64000000000001
1110	75	1	116.37500000000004	29.669999999999998
1120	1	2	10.32	9.919999999999991
1120	2	2	9.91	54.940000000000026
1120	3	2	10.271739130434783	100
1120	4	2	10.000000000000004	145
1120	5	2	9.78	189.93
1120	6	2	54.97999999999999	9.810000000000004
1120	7	2	55.02000000000001	55.22999999999999
1120	8	2	54.95	99.83999999999995
1120	9	2	54.87999999999998	144.88
1120	10	2	55.00000000000001	190.10999999999996
1120	11	2	100.26	9.899999999999997
1120	12	2	100.09	54.980000000000004
1120	13	2	100.12	100.12000000000003
1120	14	2	100.12	145.11999999999992
1120	15	2	99.93	190.07999999999996
1120	16	2	145.14141414141412	10.383838383838384
1120	17	2	144.97999999999993	54.95000000000002
1120	18	2	145.0900000000001	100.42000000000002
1120	19	2	145.1599999999999	144.95
1120	20	2	145.27083333333331	190.27083333333331
1120	21	2	190.14	9.740000000000002
1120	22	2	190.1199999999999	54.88
1120	23	2	190.19148936170217	100.09574468085106
1120	24	2	189.72916666666669	144.97916666666666
1120	25	2	190.21999999999994	190.27999999999994
1120	26	1	24.97000000000001	62.45500000000003
1120	27	1	161.82089552238804	13.567164179104479
1120	28	1	138.7800000000002	32.09
1120	29	1	175.9303482587065	77.2885572139304
1120	30	1	65.1557788944723	118.09045226130651
1120	31	1	127.4925373134328	97.20895522388065
1120	32	1	155.55499999999998	196.375
1120	33	1	165.92499999999987	22.979999999999997
1120	34	1	107.3482587064677	39.139303482587046
1120	35	1	145.52499999999998	120.46500000000003
1120	36	1	124.6281407035176	58.72864321608042
1120	37	1	37.26499999999999	142.9699999999999
1120	38	1	122.89499999999992	20.74000000000001
1120	39	1	181.23880597014926	32.796019900497534
1120	40	1	165.8542713567839	3.1909547738693473
1120	41	1	68.03499999999997	59.455000000000005
1120	42	1	58.22110552763818	127.05025125628144
1120	43	1	164.01999999999992	53.795
1120	44	1	132.58500000000004	127.82000000000006
1120	45	1	108.85000000000001	88.46499999999996
1120	46	1	129.81	79.44
1120	47	1	139.445	41.95499999999999
1120	48	1	36.60999999999998	46.684999999999995
1120	49	1	118.98499999999997	90.98000000000002
1120	50	1	164.36999999999992	78.05000000000003
1120	51	1	117.40500000000002	73.90499999999997
1120	52	1	130.07	113.435
1120	53	1	149.05472636815918	26.313432835820905
1120	54	1	34.53266331658292	159.00502512562807
1120	55	1	112.51499999999999	106.90499999999996
1120	56	1	22.15920398009949	149.85074626865665
1120	57	1	113.44278606965172	53.10945273631841
1120	58	1	45.64179104477612	154.56218905472633
1120	59	1	85.77499999999998	196.41
1120	60	1	182.3980099502488	20.835820895522374
1120	61	1	107.47500000000002	67.60999999999997
1120	62	1	106.37499999999997	119.87500000000001
1120	63	1	94.455	89.62500000000003
1120	64	1	151.56500000000003	132.44499999999994
1120	65	1	37.134999999999984	69.41999999999999
1120	66	1	157.44278606965185	40.0547263681592
1120	67	1	80.955	96.97999999999995
1120	68	1	37.4328358208955	56.273631840796035
1120	69	1	19.169999999999987	74.09499999999998
1120	70	1	168.39800995024862	36.56218905472637
1120	71	1	56.55223880597015	44.82089552238808
1120	72	1	124.27500000000005	43.03000000000001
1120	73	1	119.94000000000003	119.62499999999994
1120	74	1	76.96500000000002	81.46
1120	75	1	116.58000000000001	29.544999999999998
1130	1	2	10.32	9.919999999999991
1130	2	2	9.91	54.940000000000026
1130	3	2	10.271739130434783	100
1130	4	2	10.000000000000004	145
1130	5	2	9.78	189.93
1130	6	2	54.97999999999999	9.810000000000004
1130	7	2	55.02000000000001	55.22999999999999
1130	8	2	54.95	99.83999999999995
1130	9	2	54.87999999999998	144.88
1130	10	2	55.00000000000001	190.10999999999996
1130	11	2	100.26	9.899999999999997
1130	12	2	100.09	54.980000000000004
1130	13	2	100.12	100.12000000000003
1130	14	2	100.12	145.11999999999992
1130	15	2	99.93	190.07999999999996
1130	16	2	145.14141414141412	10.383838383838384
1130	17	2	144.97999999999993	54.95000000000002
1130	18	2	145.0900000000001	100.42000000000002
1130	19	2	145.1599999999999	144.95
1130	20	2	145.27083333333331	190.27083333333331
1130	21	2	190.14	9.740000000000002
1130	22	2	190.1199999999999	54.88
1130	23	2	190.19148936170217	100.09574468085106
1130	24	2	189.72916666666669	144.97916666666666
1130	25	2	190.21999999999994	190.27999999999994
1130	26	1	24.995000000000015	62.30999999999998
1130	27	1	161.4773869346734	13.386934673366843
1130	28	1	138.15500000000006	31.729999999999993
1130	29	1	175.2885572139304	78.88059701492537
1130	30	1	64.80500000000005	119.29000000000002
1130	31	1	127.77000000000001	97.53000000000004
1130	32	1	154.70000000000005	198.01
1130	33	1	166.225	23.00000000000001
1130	34	1	108.32500000000005	39.90999999999998
1130	35	1	144.91457286432157	120.83417085427138
1130	36	1	124.10999999999996	59
1130	37	1	36.07000000000001	144.08500000000004
1130	38	1	122.00497512437816	20.14427860696517
1130	39	1	181.96517412935316	33.21890547263682
1130	40	1	166.97014925373128	3.189054726368159
1130	41	1	68.0149253731343	61.189054726368155
1130	42	1	57.495000000000005	128.22999999999996
1130	43	1	164.04477611940294	52.02985074626866
1130	44	1	132.29999999999995	127.40000000000006
1130	45	1	109.00000000000001	87.76616915422888
1130	46	1	131.09999999999994	80.27000000000001
1130	47	1	139.44499999999996	41.740000000000016
1130	48	1	37.589999999999975	46.12
1130	49	1	119.24120603015078	91.16582914572867
1130	50	1	164.79601990049753	76.36815920398016
1130	51	1	119.07537688442214	74.03015075376882
1130	52	1	128.89447236180902	113.08040201005024
1130	53	1	148.55499999999995	26.274999999999995
1130	54	1	33.595	159.57999999999996
1130	55	1	111.305	106.47
1130	56	1	21.54499999999999	149.855
1130	57	1	113.21000000000005	54.16999999999998
1130	58	1	44.59798994974876	153.82914572864323
1130	59	1	86.72500000000001	195.645
1130	60	1	181.44723618090453	19.90954773869348
1130	61	1	106.845	68.74000000000002
1130	62	1	106.385	120.585
1130	63	1	94.7313432835821	89.45273631840797
1130	64	1	152.145	132.325
1130	65	1	37.02500000000003	69.35000000000002
1130	66	1	157.27500000000015	38.86999999999999
1130	67	1	81.55721393034825	98.79104477611936
1130	68	1	36.97999999999997	56.075
1130	69	1	18.649999999999995	73.36999999999999
1130	70	1	168.9399999999999	35.950000000000024
1130	71	1	57.52000000000001	44.99000000000001
1130	72	1	125.08542713567836	43.64321608040201
1130	73	1	119.69696969696973	119.6717171717172
1130	74	1	78.18000000000004	83.35500000000002
1130	75	1	117.00000000000003	30.010000000000012
1140	1	2	10.32	9.919999999999991
1140	2	2	9.91	54.940000000000026
1140	3	2	10.271739130434783	100
1140	4	2	10.000000000000004	145
1140	5	2	9.78	189.93
1140	6	2	54.97999999999999	9.810000000000004
1140	7	2	55.02000000000001	55.22999999999999
1140	8	2	54.95	99.83999999999995
1140	9	2	54.87999999999998	144.88
1140	10	2	55.00000000000001	190.10999999999996
1140	11	2	100.26	9.899999999999997
1140	12	2	100.09	54.980000000000004
1140	13	2	100.12	100.12000000000003
1140	14	2	100.12	145.11999999999992
1140	15	2	99.93	190.07999999999996
1140	16	2	145.14141414141412	10.383838383838384
1140	17	2	144.97999999999993	54.95000000000002
1140	18	2	145.0900000000001	100.42000000000002
1140	19	2	145.1599999999999	144.95
1140	20	2	145.27083333333331	190.27083333333331
1140	21	2	190.14	9.740000000000002
1140	22	2	190.1199999999999	54.88
1140	23	2	190.19148936170217	100.09574468085106
1140	24	2	189.72916666666669	144.97916666666666
1140	25	2	190.21999999999994	190.27999999999994
1140	26	1	25.10000000000001	62.31500000000001
1140	27	1	161.1999999999999	13.244999999999997
1140	28	1	137.5299999999998	31.209999999999994
1140	29	1	174.35820895522394	80.87064676616913
1140	30	1	63.85499999999999	120.66000000000001
1140	31	1	127.90999999999998	98.38500000000003
1140	32	1	154.12500000000009	199.145
1140	33	1	166.42999999999995	23.270000000000003
1140	34	1	109.43999999999998	40.08499999999997
1140	35	1	144.4249999999999	121.82500000000009
1140	36	1	123.46766169154232	59.73134328358211
1140	37	1	34.82	145.02500000000006
1140	38	1	120.92999999999995	19.350000000000026
1140	39	1	182.425	33.94999999999999
1140	40	1	167.70999999999987	3.069999999999999
1140	41	1	68.14999999999993	61.74999999999998
1140	42	1	56.88000000000002	129.43499999999997
1140	43	1	164.04975124378106	50.52736318407959
1140	44	1	132.21999999999989	127.33500000000004
1140	45	1	109.06000000000006	86.98000000000002
1140	46	1	132.55721393034824	81.43781094527363
1140	47	1	139.07	41.53499999999999
1140	48	1	38.43500000000002	45.66
1140	49	1	119.35678391959797	91.25125628140711
1140	50	1	165.20398009950247	74.90547263681587
1140	51	1	120.92537313432838	74.59701492537314
1140	52	1	128.29850746268653	112.89552238805973
1140	53	1	147.86432160804017	26.437185929648237
1140	54	1	33.39499999999999	159.72000000000003
1140	55	1	110.86500000000002	106.25000000000001
1140	56	1	20.603015075376888	150.2010050251256
1140	57	1	113.31499999999997	54.76000000000002
1140	58	1	44.129999999999995	153.15999999999997
1140	59	1	87.04000000000002	194.03999999999996
1140	60	1	180.44999999999993	19.070000000000007
1140	61	1	106.48258706467657	70.1890547263682
1140	62	1	106.61809045226137	121.4572864321608
1140	63	1	95.25000000000003	89.01
1140	64	1	152.79	132.52999999999997
1140	65	1	36.68500000000003	69.38999999999997
1140	66	1	156.91499999999994	38.30500000000001
1140	67	1	82.27363184079603	99.6915422885572
1140	68	1	36.43499999999998	55.945000000000014
1140	69	1	17.909547738693465	72.5175879396985
1140	70	1	169.11940298507457	35.378109452736325
1140	71	1	58.214999999999996	45.035
1140	72	1	125.65000000000006	44.289999999999964
1140	73	1	119.58291457286441	119.76381909547743
1140	74	1	78.48756218905473	85.04477611940293
1140	75	1	117.18	29.97499999999999
1150	1	2	10.32	9.919999999999991
1150	2	2	9.91	54.940000000000026
1150	3	2	10.271739130434783	100
1150	4	2	10.000000000000004	145
1150	5	2	9.78	189.93
1150	6	2	54.97999999999999	9.810000000000004
1150	7	2	55.02000000000001	55.22999999999999
1150	8	2	54.95	99.83999999999995
1150	9	2	54.87999999999998	144.88
1150	10	2	55.00000000000001	190.10999999999996
1150	11	2	100.26	9.899999999999997
1150	12	2	100.09	54.980000000000004
1150	13	2	100.12	100.12000000000003
1150	14	2	100.12	145.11999999999992
1150	15	2	99.93	190.07999999999996
1150	16	2	145.14141414141412	10.383838383838384
1150	17	2	144.97999999999993	54.95000000000002
1150	18	2	145.0900000000001	100.42000000000002
1150	19	2	145.1599999999999	144.95
1150	20	2	145.27083333333331	190.27083333333331
1150	21	2	190.14	9.740000000000002
1150	22	2	190.1199999999999	54.88
1150	23	2	190.19148936170217	100.09574468085106
1150	24	2	189.72916666666669	144.97916666666666
1150	25	2	190.21999999999994	190.27999999999994
1150	26	1	25.15500000000001	62.199999999999996
1150	27	1	161.05000000000004	13.110000000000003
1150	28	1	137.11557788944728	30.66331658291456
1150	29	1	173.63999999999996	81.89
1150	30	1	62.9900497512438	121.24875621890553
1150	31	1	128.35	99.26499999999993
1150	32	1	153.53000000000003	199.765
1150	33	1	166.76616915422883	23.482587064676615
1150	34	1	110.83	40.32499999999998
1150	35	1	144.22500000000002	122.71999999999997
1150	36	1	122.78109452736315	60.955223880597
1150	37	1	34.095	145.75000000000006
1150	38	1	120.285	19.069999999999997
1150	39	1	182.81592039800984	34.40796019900498
1150	40	1	167.67499999999995	2.7499999999999716
1150	41	1	67.83	62.17000000000001
1150	42	1	56.445	130.62999999999994
1150	43	1	164.0749999999999	48.79499999999998
1150	44	1	132.36999999999995	127.10500000000005
1150	45	1	109.03000000000006	86.39499999999998
1150	46	1	133.4776119402987	82.77611940298509
1150	47	1	138.7135678391959	41.160804020100535
1150	48	1	39.45500000000002	45.005
1150	49	1	119.59701492537314	91.48756218905476
1150	50	1	165.72	73.89000000000001
1150	51	1	122.31840796019902	75.46766169154232
1150	52	1	127.80500000000006	112.90999999999997
1150	53	1	147.1000000000001	25.849999999999994
1150	54	1	32.894999999999996	159.69999999999993
1150	55	1	110.63499999999999	105.96
1150	56	1	20.185	150.25999999999993
1150	57	1	113.085	55.635000000000005
1150	58	1	44.085	152.40000000000006
1150	59	1	87.19500000000002	193.21499999999997
1150	60	1	180.15999999999988	18.489999999999988
1150	61	1	106.16417910447758	71.30845771144277
1150	62	1	106.60804020100505	122.84422110552765
1150	63	1	95.42500000000004	88.915
1150	64	1	154.52736318407958	132.57711442786075
1150	65	1	36.16080402010051	69.45226130653263
1150	66	1	156.47236180904517	37.10050251256281
1150	67	1	82.52500000000005	100.74499999999995
1150	68	1	36.20499999999999	55.61000000000001
1150	69	1	17.666666666666675	72.08457711442789
1150	70	1	169.84924623115572	35.18592964824117
1150	71	1	58.71356783919597	45.005025125628116
1150	72	1	126.06532663316587	45.42211055276381
1150	73	1	119.17000000000002	119.42999999999994
1150	74	1	79.11000000000001	86.22500000000004
1150	75	1	117.53000000000003	30
1160	1	2	10.32	9.919999999999991
1160	2	2	9.91	54.940000000000026
1160	3	2	10.271739130434783	100
1160	4	2	10.000000000000004	145
1160	5	2	9.78	189.93
1160	6	2	54.97999999999999	9.810000000000004
1160	7	2	55.02000000000001	55.22999999999999
1160	8	2	54.95	99.83999999999995
1160	9	2	54.87999999999998	144.88
1160	10	2	55.00000000000001	190.10999999999996
1160	11	2	100.26	9.899999999999997
1160	12	2	100.09	54.980000000000004
1160	13	2	100.12	100.12000000000003
1160	14	2	100.12	145.11999999999992
1160	15	2	99.93	190.07999999999996
1160	16	2	145.14141414141412	10.383838383838384
1160	17	2	144.97999999999993	54.95000000000002
1160	18	2	145.0900000000001	100.42000000000002
1160	19	2	145.1599999999999	144.95
1160	20	2	145.27083333333331	190.27083333333331
1160	21	2	190.14	9.740000000000002
1160	22	2	190.1199999999999	54.88
1160	23	2	190.19148936170217	100.09574468085106
1160	24	2	189.72916666666669	144.97916666666666
1160	25	2	190.21999999999994	190.27999999999994
1160	26	1	25.319999999999986	61.775
1160	27	1	161.0452261306532	12.894472361809047
1160	28	1	136.9350000000001	30.465000000000007
1160	29	1	172.85500000000005	82.735
1160	30	1	61.68159203980098	122.09452736318411
1160	31	1	128.8507462686567	99.89552238805963
1160	32	1	153.08542713567837	0.4924623115577888
1160	33	1	167.00497512437806	23.447761194029855
1160	34	1	112.61500000000004	40.21499999999998
1160	35	1	143.90000000000003	123.35
1160	36	1	122.61500000000004	62.18499999999999
1160	37	1	33.793969849246245	146.79396984924617
1160	38	1	119.74000000000004	18.965000000000007
1160	39	1	183.07000000000002	34.87499999999998
1160	40	1	167.51999999999995	2.0299999999999727
1160	41	1	67.77889447236183	63.09045226130651
1160	42	1	56.094999999999985	131.92000000000007
1160	43	1	163.82499999999993	47.499999999999986
1160	44	1	132.3165829145729	126.35678391959802
1160	45	1	109.08000000000006	86.06999999999998
1160	46	1	134.06499999999997	83.63000000000001
1160	47	1	138.52999999999997	41.10500000000002
1160	48	1	40.90000000000002	44.26999999999999
1160	49	1	119.84999999999997	91.35999999999999
1160	50	1	166.8400000000001	73.03500000000004
1160	51	1	123.67000000000003	76.1999999999999
1160	52	1	126.40999999999997	112.065
1160	53	1	146.31000000000006	25.15000000000001
1160	54	1	32.75499999999997	159.85000000000002
1160	55	1	109.94500000000001	106.08499999999998
1160	56	1	20.185	150.0999999999999
1160	57	1	113.22499999999997	56.239999999999995
1160	58	1	44.48500000000003	151.98
1160	59	1	87.32999999999996	192.88500000000005
1160	60	1	179.81592039801	17.87064676616916
1160	61	1	106.27000000000001	71.75
1160	62	1	106.70646766169155	124.75124378109463
1160	63	1	95.67999999999998	88.89000000000001
1160	64	1	155.49999999999991	132.55500000000004
1160	65	1	35.959798994974875	69.49246231155782
1160	66	1	155.91542288557213	35.89054726368158
1160	67	1	83.3118811881188	102.19306930693068
1160	68	1	35.95544554455443	55.277227722772295
1160	69	1	17.16	71.44
1160	70	1	170.295	35.1
1160	71	1	59.504999999999974	45.345000000000006
1160	72	1	126.55000000000004	46.87000000000001
1160	73	1	118.895	119.38500000000003
1160	74	1	80.55223880597016	87.10945273631842
1160	75	1	117.77114427860694	29.94029850746269
1170	1	2	10.32	9.919999999999991
1170	2	2	9.91	54.940000000000026
1170	3	2	10.271739130434783	100
1170	4	2	10.000000000000004	145
1170	5	2	9.78	189.93
1170	6	2	54.97999999999999	9.810000000000004
1170	7	2	55.02000000000001	55.22999999999999
1170	8	2	54.95	99.83999999999995
1170	9	2	54.87999999999998	144.88
1170	10	2	55.00000000000001	190.10999999999996
1170	11	2	100.26	9.899999999999997
1170	12	2	100.09	54.980000000000004
1170	13	2	100.12	100.12000000000003
1170	14	2	100.12	145.11999999999992
1170	15	2	99.93	190.07999999999996
1170	16	2	145.14141414141412	10.383838383838384
1170	17	2	144.97999999999993	54.95000000000002
1170	18	2	145.0900000000001	100.42000000000002
1170	19	2	145.1599999999999	144.95
1170	20	2	145.27083333333331	190.27083333333331
1170	21	2	190.14	9.740000000000002
1170	22	2	190.1199999999999	54.88
1170	23	2	190.19148936170217	100.09574468085106
1170	24	2	189.72916666666669	144.97916666666666
1170	25	2	190.21999999999994	190.27999999999994
1170	26	1	25.522613065326635	61.34170854271359
1170	27	1	161.08040201005042	12.226130653266331
1170	28	1	136.95979899497496	30.623115577889454
1170	29	1	172.08955223880585	83.52736318407959
1170	30	1	60.32835820895523	122.97014925373138
1170	31	1	129.76499999999996	100.47499999999998
1170	32	1	152.46499999999997	1.2549999999999992
1170	33	1	167.4120603015075	23.211055276381924
1170	34	1	113.73869346733667	40.24120603015077
1170	35	1	143.81999999999996	123.95000000000003
1170	36	1	122.59203980099501	63.552238805970156
1170	37	1	33.67164179104478	147.18905472636817
1170	38	1	119.21393034825871	19.293532338308456
1170	39	1	183.30000000000007	35.11000000000001
1170	40	1	167.15075376884406	0.9798994974874802
1170	41	1	67.245	63.13499999999999
1170	42	1	55.8059701492537	133.39800995024873
1170	43	1	163.55499999999998	45.96999999999997
1170	44	1	132.1850000000001	126.05500000000002
1170	45	1	108.97512437810943	85.90547263681589
1170	46	1	134.075	85.29499999999997
1170	47	1	138.00502512562815	41.31155778894474
1170	48	1	41.735	43.779999999999994
1170	49	1	119.78000000000003	91.65000000000006
1170	50	1	167.89949748743717	72.05527638190954
1170	51	1	124.69849246231163	77.0904522613065
1170	52	1	125.695	111.62500000000004
1170	53	1	145.43499999999995	24.5
1170	54	1	32.70854271356782	160.01005025125625
1170	55	1	109.55499999999996	106.46000000000002
1170	56	1	20.13999999999998	150.05999999999997
1170	57	1	113.29499999999997	56.749999999999986
1170	58	1	44.72499999999997	151.58000000000004
1170	59	1	87.58000000000004	192.31500000000005
1170	60	1	179.43283582089543	17.273631840796018
1170	61	1	106.39800995024873	72.18407960198998
1170	62	1	106.67499999999997	126.18
1170	63	1	95.82000000000001	88.83000000000004
1170	64	1	155.92462311557782	132.6030150753769
1170	65	1	35.84499999999999	69.47999999999999
1170	66	1	155.0499999999999	34.78000000000002
1170	67	1	84.50000000000001	103.77999999999999
1170	68	1	35.80904522613065	54.7889447236181
1170	69	1	17.185000000000013	70.615
1170	70	1	170.910447761194	34.656716417910474
1170	71	1	59.7	45.41
1170	72	1	126.44000000000001	48.16499999999996
1170	73	1	118.49751243781095	119.48756218905478
1170	74	1	81.80597014925371	88.08457711442786
1170	75	1	117.92000000000007	30.220000000000002
1180	1	2	10.32	9.919999999999991
1180	2	2	9.91	54.940000000000026
1180	3	2	10.271739130434783	100
1180	4	2	10.000000000000004	145
1180	5	2	9.78	189.93
1180	6	2	54.97999999999999	9.810000000000004
1180	7	2	55.02000000000001	55.22999999999999
1180	8	2	54.95	99.83999999999995
1180	9	2	54.87999999999998	144.88
1180	10	2	55.00000000000001	190.10999999999996
1180	11	2	100.26	9.899999999999997
1180	12	2	100.09	54.980000000000004
1180	13	2	100.12	100.12000000000003
1180	14	2	100.12	145.11999999999992
1180	15	2	99.93	190.07999999999996
1180	16	2	145.14141414141412	10.383838383838384
1180	17	2	144.97999999999993	54.95000000000002
1180	18	2	145.0900000000001	100.42000000000002
1180	19	2	145.1599999999999	144.95
1180	20	2	145.27083333333331	190.27083333333331
1180	21	2	190.14	9.740000000000002
1180	22	2	190.1199999999999	54.88
1180	23	2	190.19148936170217	100.09574468085106
1180	24	2	189.72916666666669	144.97916666666666
1180	25	2	190.21999999999994	190.27999999999994
1180	26	1	25.864999999999995	61.16999999999999
1180	27	1	160.5879396984926	11.959798994974875
1180	28	1	137.5728643216081	31.050251256281406
1180	29	1	171.11499999999992	84.16000000000005
1180	30	1	60.010000000000005	123.97999999999996
1180	31	1	130.69499999999996	101.48499999999999
1180	32	1	152.19095477386927	1.402010050251257
1180	33	1	167.7236180904523	22.638190954773858
1180	34	1	115.46268656716413	41.074626865671654
1180	35	1	143.35499999999996	124.20499999999998
1180	36	1	122.76500000000007	65.00999999999996
1180	37	1	33.730000000000004	147.17999999999998
1180	38	1	118.455	19.47
1180	39	1	183.47263681592045	35.771144278606954
1180	40	1	166.66	199.97000000000008
1180	41	1	67.10500000000008	63.550000000000004
1180	42	1	55.53266331658291	134.03015075376877
1180	43	1	163.4875621890548	44.328358208955244
1180	44	1	131.56218905472645	125.62189054726363
1180	45	1	108.96019900497515	85.75621890547268
1180	46	1	134.37000000000003	86.83
1180	47	1	137.32000000000008	41.29500000000001
1180	48	1	43.00499999999997	43.650000000000006
1180	49	1	120.10000000000004	91.75000000000007
1180	50	1	169.12999999999988	71.78500000000004
1180	51	1	125.52499999999999	77.73999999999998
1180	52	1	124.97014925373139	111.0149253731343
1180	53	1	144.1890547263681	23.611940298507456
1180	54	1	32.309999999999995	159.91500000000002
1180	55	1	109.30999999999999	106.61000000000001
1180	56	1	20.16	150.6149999999999
1180	57	1	113.43000000000004	57.43499999999999
1180	58	1	44.590000000000025	150.77499999999998
1180	59	1	87.54499999999996	191.64999999999998
1180	60	1	178.82000000000002	16.615
1180	61	1	106.73631840796021	72.35323383084578
1180	62	1	106.39800995024878	127.54228855721402
1180	63	1	95.84	88.74000000000005
1180	64	1	156.3800000000001	132.61000000000013
1180	65	1	35.375000000000014	69.365
1180	66	1	154.5200000000001	33.86000000000001
1180	67	1	85.15499999999999	105.29499999999999
1180	68	1	35.76999999999998	53.61999999999998
1180	69	1	16.83000000000001	70.08999999999999
1180	70	1	171.15500000000006	34.10999999999999
1180	71	1	60.08000000000001	45.51499999999999
1180	72	1	127.26500000000004	49.965
1180	73	1	117.54500000000003	119.61
1180	74	1	82.20000000000003	89.12999999999994
1180	75	1	118.53731343283583	30.66666666666667
1190	1	2	10.32	9.919999999999991
1190	2	2	9.91	54.940000000000026
1190	3	2	10.271739130434783	100
1190	4	2	10.000000000000004	145
1190	5	2	9.78	189.93
1190	6	2	54.97999999999999	9.810000000000004
1190	7	2	55.02000000000001	55.22999999999999
1190	8	2	54.95	99.83999999999995
1190	9	2	54.87999999999998	144.88
1190	10	2	55.00000000000001	190.10999999999996
1190	11	2	100.26	9.899999999999997
1190	12	2	100.09	54.980000000000004
1190	13	2	100.12	100.12000000000003
1190	14	2	100.12	145.11999999999992
1190	15	2	99.93	190.07999999999996
1190	16	2	145.14141414141412	10.383838383838384
1190	17	2	144.97999999999993	54.95000000000002
1190	18	2	145.0900000000001	100.42000000000002
1190	19	2	145.1599999999999	144.95
1190	20	2	145.27083333333331	190.27083333333331
1190	21	2	190.14	9.740000000000002
1190	22	2	190.1199999999999	54.88
1190	23	2	190.19148936170217	100.09574468085106
1190	24	2	189.72916666666669	144.97916666666666
1190	25	2	190.21999999999994	190.27999999999994
1190	26	1	26.547738693467345	60.3618090452261
1190	27	1	160.695	11.82
1190	28	1	137.99499999999992	30.940000000000023
1190	29	1	170.42713567839203	84.92964824120601
1190	30	1	59.30000000000001	124.69
1190	31	1	131.6	103.26500000000006
1190	32	1	152.14000000000001	1.5649999999999997
1190	33	1	167.385	22.43499999999999
1190	34	1	116.93500000000004	41.48000000000002
1190	35	1	142.91500000000002	124.36000000000004
1190	36	1	122.80499999999992	65.71499999999999
1190	37	1	33.64179104477614	147.27363184079607
1190	38	1	118.03000000000004	20.11499999999999
1190	39	1	183.7035175879396	36.94472361809046
1190	40	1	166.0800000000001	198.90000000000006
1190	41	1	66.85500000000003	63.98
1190	42	1	55.87000000000002	134.57499999999993
1190	43	1	163.98507462686572	43.333333333333336
1190	44	1	130.42999999999998	124.77
1190	45	1	108.99000000000001	86.03000000000004
1190	46	1	133.96999999999997	88.13
1190	47	1	136.73000000000016	41.41500000000001
1190	48	1	44.28500000000002	43.52000000000001
1190	49	1	120.32499999999999	91.84500000000004
1190	50	1	170.1699999999999	72.51500000000001
1190	51	1	126.11940298507461	78.44776119402987
1190	52	1	124.61194029850745	110.85572139303486
1190	53	1	143.3467336683417	22.798994974874365
1190	54	1	31.54	159.69499999999985
1190	55	1	109.29353233830841	107.30348258706462
1190	56	1	20.432835820895523	150.10447761194047
1190	57	1	113.475	57.84999999999999
1190	58	1	44.63499999999997	149.88000000000005
1190	59	1	87.73000000000006	190.9300000000001
1190	60	1	178.36318407960192	16.23383084577115
1190	61	1	106.91542288557211	72.81592039801
1190	62	1	105.99500000000005	129.02000000000012
1190	63	1	95.81094527363186	88.93532338308457
1190	64	1	156.44000000000008	132.5850000000001
1190	65	1	35.15499999999998	69.07999999999997
1190	66	1	154.15422885572139	33.572139303482594
1190	67	1	85.91044776119402	106.53731343283584
1190	68	1	35.61999999999999	52.35000000000001
1190	69	1	17.195000000000007	69.96999999999996
1190	70	1	171.75000000000003	33.19500000000001
1190	71	1	60.235000000000014	45.915
1190	72	1	127.77000000000002	51.42499999999998
1190	73	1	116.5870646766169	120.6268656716418
1190	74	1	82.85572139303483	89.81592039800994
1190	75	1	119.08499999999998	30.98
1200	1	2	10.32	9.919999999999991
1200	2	2	9.91	54.940000000000026
1200	3	2	10.271739130434783	100
1200	4	2	10.000000000000004	145
1200	5	2	9.78	189.93
1200	6	2	54.97999999999999	9.810000000000004
1200	7	2	55.02000000000001	55.22999999999999
1200	8	2	54.95	99.83999999999995
1200	9	2	54.87999999999998	144.88
1200	10	2	55.00000000000001	190.10999999999996
1200	11	2	100.26	9.899999999999997
1200	12	2	100.09	54.980000000000004
1200	13	2	100.12	100.12000000000003
1200	14	2	100.12	145.11999999999992
1200	15	2	99.93	190.07999999999996
1200	16	2	145.14141414141412	10.383838383838384
1200	17	2	144.97999999999993	54.95000000000002
1200	18	2	145.0900000000001	100.42000000000002
1200	19	2	145.1599999999999	144.95
1200	20	2	145.27083333333331	190.27083333333331
1200	21	2	190.14	9.740000000000002
1200	22	2	190.1199999999999	54.88
1200	23	2	190.19148936170217	100.09574468085106
1200	24	2	189.72916666666669	144.97916666666666
1200	25	2	190.21999999999994	190.27999999999994
1200	26	1	26.775000000000006	59.949999999999996
1200	27	1	160.87562189054725	11.552238805970166
1200	28	1	137.80499999999998	30.574999999999996
1200	29	1	168.93500000000003	85.35000000000001
1200	30	1	58.165000000000006	124.84499999999997
1200	31	1	132.43283582089543	104.96517412935322
1200	32	1	152.13999999999996	1.8000000000000005
1200	33	1	167.2249999999999	22.275000000000006
1200	34	1	118.19900497512442	42.09950248756217
1200	35	1	142.47000000000006	124.65499999999997
1200	36	1	122.81909547738694	66.91959798994978
1200	37	1	34.145	147.42499999999998
1200	38	1	116.97000000000001	20.669999999999995
1200	39	1	183.92999999999998	37.08000000000001
1200	40	1	165.04020100502504	197.56281407035164
1200	41	1	66.205	64.18499999999999
1200	42	1	56.625000000000014	135.25499999999994
1200	43	1	164.3681592039801	42.532338308457746
1200	44	1	129.40796019900498	124.26368159203979
1200	45	1	109.02000000000001	85.95500000000001
1200	46	1	133.44500000000002	90.20000000000005
1200	47	1	136.31999999999982	41.350000000000016
1200	48	1	45.364999999999974	43.285000000000004
1200	49	1	120.43781094527364	92.07462686567168
1200	50	1	171.3700000000001	73.28500000000003
1200	51	1	127.03980099502492	79.01990049751241
1200	52	1	124.175	110.88499999999996
1200	53	1	142.98009950248766	22.02487562189054
1200	54	1	31.278606965174127	159.74129353233843
1200	55	1	109.52500000000002	107.84499999999998
1200	56	1	21.170854271356802	149.5929648241206
1200	57	1	113.72500000000002	57.90999999999998
1200	58	1	44.61809045226129	149.27135678391974
1200	59	1	87.81000000000003	190.38
1200	60	1	177.84577114427867	15.55721393034826
1200	61	1	107.05970149253737	73.04975124378116
1200	62	1	105.83000000000003	130.6749999999999
1200	63	1	95.78	88.91499999999998
1200	64	1	156.43500000000003	132.44500000000005
1200	65	1	34.75999999999999	68.70000000000005
1200	66	1	153.6850000000001	33.28000000000001
1200	67	1	86.29353233830844	107.40298507462687
1200	68	1	35.60999999999999	50.82999999999999
1200	69	1	17.565	69.77000000000001
1200	70	1	171.92999999999992	32.665
1200	71	1	60.69500000000002	46.61500000000002
1200	72	1	128.69000000000003	52.885000000000026
1200	73	1	115.49499999999998	121.74500000000003
1200	74	1	83.07999999999994	90.44
1200	75	1	119.95024875621891	31.263681592039816
1210	1	2	10.32	9.919999999999991
1210	2	2	9.91	54.940000000000026
1210	3	2	10.271739130434783	100
1210	4	2	10.000000000000004	145
1210	5	2	9.78	189.93
1210	6	2	54.97999999999999	9.810000000000004
1210	7	2	55.02000000000001	55.22999999999999
1210	8	2	54.95	99.83999999999995
1210	9	2	54.87999999999998	144.88
1210	10	2	55.00000000000001	190.10999999999996
1210	11	2	100.26	9.899999999999997
1210	12	2	100.09	54.980000000000004
1210	13	2	100.12	100.12000000000003
1210	14	2	100.12	145.11999999999992
1210	15	2	99.93	190.07999999999996
1210	16	2	145.14141414141412	10.383838383838384
1210	17	2	144.97999999999993	54.95000000000002
1210	18	2	145.0900000000001	100.42000000000002
1210	19	2	145.1599999999999	144.95
1210	20	2	145.27083333333331	190.27083333333331
1210	21	2	190.14	9.740000000000002
1210	22	2	190.1199999999999	54.88
1210	23	2	190.19148936170217	100.09574468085106
1210	24	2	189.72916666666669	144.97916666666666
1210	25	2	190.21999999999994	190.27999999999994
1210	26	1	27.199004975124378	59.24875621890544
1210	27	1	160.79000000000002	11.545000000000003
1210	28	1	138.1658291457286	30.386934673366834
1210	29	1	167.16999999999996	85.04499999999997
1210	30	1	56.52736318407959	125.30845771144277
1210	31	1	133.94029850746267	106.58706467661692
1210	32	1	152.26500000000001	1.5999999999999988
1210	33	1	167.48499999999996	21.88
1210	34	1	119.45	42.53
1210	35	1	141.51741293532325	125.14925373134326
1210	36	1	122.86000000000001	68.34999999999998
1210	37	1	34.221105527638215	147.0753768844221
1210	38	1	116.29850746268662	21.432835820895516
1210	39	1	184.11499999999998	37.59999999999998
1210	40	1	164.60500000000002	197.07500000000002
1210	41	1	65.03500000000001	64.40499999999997
1210	42	1	57.475	135.48500000000007
1210	43	1	164.7399999999999	41.945000000000036
1210	44	1	128.02985074626872	123.91044776119399
1210	45	1	109.35820895522386	86.0149253731344
1210	46	1	133.32338308457705	91.89054726368161
1210	47	1	135.97500000000008	41.75999999999999
1210	48	1	46.125000000000014	42.844999999999985
1210	49	1	120.63184079601986	92.4328358208955
1210	50	1	173.06467661691542	74.19900497512438
1210	51	1	127.79500000000004	79.56000000000003
1210	52	1	124.15000000000002	110.69500000000001
1210	53	1	142.98999999999984	21.46500000000001
1210	54	1	30.520000000000003	159.83000000000007
1210	55	1	110.01492537313432	108.42786069651744
1210	56	1	21.804020100502505	149.19095477386932
1210	57	1	113.87500000000001	57.81999999999999
1210	58	1	44.51499999999998	148.90499999999994
1210	59	1	87.93467336683415	189.47738693467335
1210	60	1	177.76500000000001	15.525000000000002
1210	61	1	106.905	73.11
1210	62	1	105.92999999999998	131.65999999999994
1210	63	1	95.495	89.13000000000002
1210	64	1	156.43216080402019	132.45728643216083
1210	65	1	34.61500000000001	67.96000000000004
1210	66	1	153.23	33.13
1210	67	1	86.91499999999995	108.72000000000006
1210	68	1	35.38000000000001	49.15999999999998
1210	69	1	17.864999999999984	68.95500000000001
1210	70	1	171.45000000000002	32.08
1210	71	1	61.57286432160805	47.36180904522613
1210	72	1	129.10000000000005	53.739999999999974
1210	73	1	115.13999999999999	123.17000000000003
1210	74	1	83.38190954773873	91.3316582914573
1210	75	1	120.78000000000003	31.434999999999988
1220	1	2	10.32	9.919999999999991
1220	2	2	9.91	54.940000000000026
1220	3	2	10.271739130434783	100
1220	4	2	10.000000000000004	145
1220	5	2	9.78	189.93
1220	6	2	54.97999999999999	9.810000000000004
1220	7	2	55.02000000000001	55.22999999999999
1220	8	2	54.95	99.83999999999995
1220	9	2	54.87999999999998	144.88
1220	10	2	55.00000000000001	190.10999999999996
1220	11	2	100.26	9.899999999999997
1220	12	2	100.09	54.980000000000004
1220	13	2	100.12	100.12000000000003
1220	14	2	100.12	145.11999999999992
1220	15	2	99.93	190.07999999999996
1220	16	2	145.14141414141412	10.383838383838384
1220	17	2	144.97999999999993	54.95000000000002
1220	18	2	145.0900000000001	100.42000000000002
1220	19	2	145.1599999999999	144.95
1220	20	2	145.27083333333331	190.27083333333331
1220	21	2	190.14	9.740000000000002
1220	22	2	190.1199999999999	54.88
1220	23	2	190.19148936170217	100.09574468085106
1220	24	2	189.72916666666669	144.97916666666666
1220	25	2	190.21999999999994	190.27999999999994
1220	26	1	27.94472361809044	58.49748743718593
1220	27	1	160.975	11.560000000000002
1220	28	1	138.72499999999997	30.255000000000003
1220	29	1	165.89500000000004	85.02999999999993
1220	30	1	54.95499999999999	125.14
1220	31	1	135.28999999999996	108.42499999999994
1220	32	1	152.675	1.335000000000001
1220	33	1	167.35499999999996	22.06
1220	34	1	120.11557788944725	42.55276381909549
1220	35	1	140.44776119402985	125.21890547263682
1220	36	1	122.51741293532332	69.61194029850746
1220	37	1	34.31500000000003	146.93000000000015
1220	38	1	115.34500000000001	22.910000000000007
1220	39	1	184.545	38.200000000000024
1220	40	1	164.6800000000001	196.81499999999997
1220	41	1	64.33499999999997	64.91
1220	42	1	57.62500000000001	135.275
1220	43	1	165.2100000000001	41.324999999999974
1220	44	1	126.41999999999997	123.50000000000003
1220	45	1	109.66499999999999	86.45999999999995
1220	46	1	132.99999999999986	93.73366834170857
1220	47	1	135.20895522388054	42.363184079601965
1220	48	1	47.65671641791047	42.58706467661692
1220	49	1	121.08500000000004	92.64000000000003
1220	50	1	175.09499999999994	75.49000000000001
1220	51	1	128.69	80.24500000000002
1220	52	1	123.89500000000002	110.68000000000004
1220	53	1	142.7363184079602	20.7412935323383
1220	54	1	29.824999999999992	159.75499999999994
1220	55	1	110.17999999999999	108.99500000000006
1220	56	1	22.175879396984925	148.96984924623118
1220	57	1	114.2487562189054	57.75621890547262
1220	58	1	44.35500000000002	148.60000000000005
1220	59	1	87.98000000000003	189.33000000000004
1220	60	1	177.455	15.380000000000004
1220	61	1	106.91542288557216	73.49751243781095
1220	62	1	106.06999999999998	132.35500000000008
1220	63	1	95.36999999999999	89.01499999999999
1220	64	1	156.3350000000001	132.4
1220	65	1	34.29500000000001	67.68499999999999
1220	66	1	152.51500000000007	33.074999999999996
1220	67	1	87.13500000000005	109.67999999999996
1220	68	1	35.225	47.754999999999995
1220	69	1	18.100000000000005	67.49999999999996
1220	70	1	171.10552763819106	31.43718592964825
1220	71	1	62.55778894472361	48.28140703517589
1220	72	1	129.7350000000001	54.589999999999996
1220	73	1	114.75000000000003	124.85000000000001
1220	74	1	82.93034825870646	92.4378109452737
1220	75	1	121.74500000000002	31.15999999999998
1230	1	2	10.32	9.919999999999991
1230	2	2	9.91	54.940000000000026
1230	3	2	10.271739130434783	100
1230	4	2	10.000000000000004	145
1230	5	2	9.78	189.93
1230	6	2	54.97999999999999	9.810000000000004
1230	7	2	55.02000000000001	55.22999999999999
1230	8	2	54.95	99.83999999999995
1230	9	2	54.87999999999998	144.88
1230	10	2	55.00000000000001	190.10999999999996
1230	11	2	100.26	9.899999999999997
1230	12	2	100.09	54.980000000000004
1230	13	2	100.12	100.12000000000003
1230	14	2	100.12	145.11999999999992
1230	15	2	99.93	190.07999999999996
1230	16	2	145.14141414141412	10.383838383838384
1230	17	2	144.97999999999993	54.95000000000002
1230	18	2	145.0900000000001	100.42000000000002
1230	19	2	145.1599999999999	144.95
1230	20	2	145.27083333333331	190.27083333333331
1230	21	2	190.14	9.740000000000002
1230	22	2	190.1199999999999	54.88
1230	23	2	190.19148936170217	100.09574468085106
1230	24	2	189.72916666666669	144.97916666666666
1230	25	2	190.21999999999994	190.27999999999994
1230	26	1	28.58208955223881	58.25373134328356
1230	27	1	161.08040201005034	11.50753768844221
1230	28	1	139.3869346733668	30.301507537688448
1230	29	1	165.3184079601991	84.84079601990044
1230	30	1	53.49500000000002	125.44000000000003
1230	31	1	136.79500000000004	110.08000000000003
1230	32	1	152.9399999999999	0.9899999999999998
1230	33	1	167.02500000000003	22.075000000000003
1230	34	1	120.66999999999999	42.120000000000026
1230	35	1	139.66499999999996	125.445
1230	36	1	122.49000000000002	70.68499999999996
1230	37	1	34.54500000000001	146.65999999999994
1230	38	1	114.43500000000002	24.230000000000018
1230	39	1	184.58999999999997	38.54999999999999
1230	40	1	165.08499999999992	196.8100000000001
1230	41	1	63.40499999999999	65.51000000000009
1230	42	1	58.229999999999976	135.34000000000006
1230	43	1	165.65174129353244	41.08457711442786
1230	44	1	125.44999999999995	123.25499999999995
1230	45	1	109.88557213930346	86.97512437810946
1230	46	1	133.27500000000003	95.57499999999999
1230	47	1	134.72499999999997	42.535
1230	48	1	48.72361809045226	42.49748743718595
1230	49	1	121.32500000000002	93.02999999999996
1230	50	1	175.66999999999996	76.69500000000004
1230	51	1	128.97000000000003	80.94500000000008
1230	52	1	123.52	110.07000000000001
1230	53	1	142.75000000000006	20.459999999999987
1230	54	1	29.39698492462314	159.82412060301516
1230	55	1	110.00000000000004	109.84
1230	56	1	22.718592964824122	148.95477386934655
1230	57	1	114.94	58.05500000000001
1230	58	1	44.13000000000004	147.99499999999995
1230	59	1	88.13500000000005	188.72500000000005
1230	60	1	177.44499999999996	15.625000000000007
1230	61	1	106.96499999999995	73.95500000000003
1230	62	1	106.38499999999996	132.84999999999994
1230	63	1	94.82500000000003	89.64000000000001
1230	64	1	156.30150753768854	132.21105527638198
1230	65	1	34.18000000000003	67.25500000000002
1230	66	1	152.2150000000002	33.41499999999999
1230	67	1	87.70999999999995	111.51000000000005
1230	68	1	34.90000000000002	46.35999999999995
1230	69	1	18.314999999999994	65.41499999999999
1230	70	1	171.0854271356784	31.150753768844226
1230	71	1	63.44499999999999	49.32500000000001
1230	72	1	129.54999999999995	55.27
1230	73	1	114.77000000000001	125.975
1230	74	1	82.84577114427861	93.43781094527361
1230	75	1	122.36180904522614	30.36683417085427
1240	1	2	10.32	9.919999999999991
1240	2	2	9.91	54.940000000000026
1240	3	2	10.271739130434783	100
1240	4	2	10.000000000000004	145
1240	5	2	9.78	189.93
1240	6	2	54.97999999999999	9.810000000000004
1240	7	2	55.02000000000001	55.22999999999999
1240	8	2	54.95	99.83999999999995
1240	9	2	54.87999999999998	144.88
1240	10	2	55.00000000000001	190.10999999999996
1240	11	2	100.26	9.899999999999997
1240	12	2	100.09	54.980000000000004
1240	13	2	100.12	100.12000000000003
1240	14	2	100.12	145.11999999999992
1240	15	2	99.93	190.07999999999996
1240	16	2	145.14141414141412	10.383838383838384
1240	17	2	144.97999999999993	54.95000000000002
1240	18	2	145.0900000000001	100.42000000000002
1240	19	2	145.1599999999999	144.95
1240	20	2	145.27083333333331	190.27083333333331
1240	21	2	190.14	9.740000000000002
1240	22	2	190.1199999999999	54.88
1240	23	2	190.19148936170217	100.09574468085106
1240	24	2	189.72916666666669	144.97916666666666
1240	25	2	190.21999999999994	190.27999999999994
1240	26	1	29.164999999999992	57.760000000000026
1240	27	1	161.29500000000002	11.440000000000001
1240	28	1	140.3949999999999	30.249999999999993
1240	29	1	165.06030150753767	84.27135678391956
1240	30	1	52.03980099502489	126.0248756218906
1240	31	1	138.00999999999993	110.86999999999996
1240	32	1	153.01500000000001	1.0499999999999992
1240	33	1	166.76884422110558	22.060301507537687
1240	34	1	120.93000000000005	42.105000000000025
1240	35	1	138.68000000000006	125.24500000000002
1240	36	1	121.9751243781094	71.71144278606958
1240	37	1	34.422885572139265	146.30348258706462
1240	38	1	113.44000000000001	25.670000000000005
1240	39	1	184.78500000000003	39.18499999999998
1240	40	1	164.9149999999999	196.49499999999986
1240	41	1	62.41293532338308	66.46268656716418
1240	42	1	58.650000000000006	135.24500000000003
1240	43	1	165.78109452736314	40.796019900497484
1240	44	1	123.86499999999998	122.30000000000001
1240	45	1	110.23499999999999	87.35000000000001
1240	46	1	133.20000000000007	96.31500000000004
1240	47	1	134.49	42.64500000000001
1240	48	1	49.91542288557211	42.11940298507462
1240	49	1	121.57788944723615	93.1457286432161
1240	50	1	175.91044776119386	78.17910447761192
1240	51	1	130.37128712871285	81.46534653465346
1240	52	1	123.6281407035176	109.7587939698493
1240	53	1	142.25628140703515	20.206030150753772
1240	54	1	29.59	159.91000000000005
1240	55	1	110.11500000000001	110.48499999999994
1240	56	1	22.94999999999999	148.96999999999997
1240	57	1	115.095	58.325
1240	58	1	43.91999999999998	147.60500000000002
1240	59	1	88.23618090452256	188.24623115577904
1240	60	1	177.70000000000002	16.000000000000004
1240	61	1	106.94527363184083	74.51741293532338
1240	62	1	106.66834170854274	133.94974874371863
1240	63	1	94.50251256281403	90.04522613065329
1240	64	1	156.08500000000012	132.11499999999995
1240	65	1	34.56783919597988	66.84924623115579
1240	66	1	152.14070351758792	33.88442211055278
1240	67	1	89.0199004975125	112.50248756218906
1240	68	1	34.615000000000016	45.18500000000001
1240	69	1	19.045	63.900000000000006
1240	70	1	171.17000000000002	30.899999999999988
1240	71	1	64.34500000000001	50.779999999999994
1240	72	1	129.4477611940298	55.5572139303483
1240	73	1	114.86500000000008	127.94999999999997
1240	74	1	82.76999999999997	94.72499999999992
1240	75	1	123.63819095477385	29.718592964824122
1250	1	2	10.32	9.919999999999991
1250	2	2	9.91	54.940000000000026
1250	3	2	10.271739130434783	100
1250	4	2	10.000000000000004	145
1250	5	2	9.78	189.93
1250	6	2	54.97999999999999	9.810000000000004
1250	7	2	55.02000000000001	55.22999999999999
1250	8	2	54.95	99.83999999999995
1250	9	2	54.87999999999998	144.88
1250	10	2	55.00000000000001	190.10999999999996
1250	11	2	100.26	9.899999999999997
1250	12	2	100.09	54.980000000000004
1250	13	2	100.12	100.12000000000003
1250	14	2	100.12	145.11999999999992
1250	15	2	99.93	190.07999999999996
1250	16	2	145.14141414141412	10.383838383838384
1250	17	2	144.97999999999993	54.95000000000002
1250	18	2	145.0900000000001	100.42000000000002
1250	19	2	145.1599999999999	144.95
1250	20	2	145.27083333333331	190.27083333333331
1250	21	2	190.14	9.740000000000002
1250	22	2	190.1199999999999	54.88
1250	23	2	190.19148936170217	100.09574468085106
1250	24	2	189.72916666666669	144.97916666666666
1250	25	2	190.21999999999994	190.27999999999994
1250	26	1	29.565	57.460000000000015
1250	27	1	161.06499999999994	11.550000000000004
1250	28	1	141.19095477386935	30.246231155778883
1250	29	1	165.318407960199	83.66666666666669
1250	30	1	51.174999999999976	126.12999999999997
1250	31	1	139.9253731343284	112.44278606965175
1250	32	1	153.08000000000015	0.9700000000000003
1250	33	1	166.3899999999999	21.909999999999997
1250	34	1	121.38000000000001	41.969999999999985
1250	35	1	137.0149999999999	125.13000000000008
1250	36	1	121.37810945273631	72.50746268656714
1250	37	1	34.36180904522612	145.51256281407032
1250	38	1	112.89552238805966	26.716417910447753
1250	39	1	185.1557788944723	39.34673366834171
1250	40	1	164.98999999999998	196.5400000000001
1250	41	1	61.139303482587074	67.08955223880598
1250	42	1	58.92999999999994	135.22999999999996
1250	43	1	165.9100000000001	40.66
1250	44	1	122.20895522388061	121.41293532338311
1250	45	1	110.52	88.03000000000002
1250	46	1	132.75499999999985	97.93
1250	47	1	134.49499999999995	42.714999999999996
1250	48	1	51.31000000000001	41.48000000000002
1250	49	1	121.96499999999999	92.76499999999996
1250	50	1	176.57000000000008	79.31500000000004
1250	51	1	130.73366834170855	82.06030150753767
1250	52	1	123.62311557788942	109.17085427135672
1250	53	1	141.46231155778898	20.22613065326634
1250	54	1	29.969849246231174	160.07537688442218
1250	55	1	110.19095477386927	110.90954773869345
1250	56	1	23.482412060301513	149.45728643216077
1250	57	1	115.41500000000003	58.220000000000006
1250	58	1	43.715	147.2799999999999
1250	59	1	88.33499999999998	187.9750000000001
1250	60	1	177.8955223880596	16.29353233830845
1250	61	1	106.75879396984922	74.89949748743722
1250	62	1	106.90500000000002	134.62999999999997
1250	63	1	94.48743718592964	89.91959798994972
1250	64	1	155.71859296482404	131.91959798994975
1250	65	1	34.685000000000024	66.45499999999998
1250	66	1	151.9447236180904	34.35678391959801
1250	67	1	89.83582089552239	113.63184079601987
1250	68	1	34.73500000000002	44.56
1250	69	1	19.704999999999977	62.71999999999996
1250	70	1	171.16417910447765	30.65671641791046
1250	71	1	65.48999999999998	51.47999999999998
1250	72	1	129.20398009950247	55.93532338308459
1250	73	1	115.38805970149251	130.07462686567175
1250	74	1	82.80099502487566	95.24378109452735
1250	75	1	124.25500000000002	28.964999999999993
1260	1	2	10.32	9.919999999999991
1260	2	2	9.91	54.940000000000026
1260	3	2	10.271739130434783	100
1260	4	2	10.000000000000004	145
1260	5	2	9.78	189.93
1260	6	2	54.97999999999999	9.810000000000004
1260	7	2	55.02000000000001	55.22999999999999
1260	8	2	54.95	99.83999999999995
1260	9	2	54.87999999999998	144.88
1260	10	2	55.00000000000001	190.10999999999996
1260	11	2	100.26	9.899999999999997
1260	12	2	100.09	54.980000000000004
1260	13	2	100.12	100.12000000000003
1260	14	2	100.12	145.11999999999992
1260	15	2	99.93	190.07999999999996
1260	16	2	145.14141414141412	10.383838383838384
1260	17	2	144.97999999999993	54.95000000000002
1260	18	2	145.0900000000001	100.42000000000002
1260	19	2	145.1599999999999	144.95
1260	20	2	145.27083333333331	190.27083333333331
1260	21	2	190.14	9.740000000000002
1260	22	2	190.1199999999999	54.88
1260	23	2	190.19148936170217	100.09574468085106
1260	24	2	189.72916666666669	144.97916666666666
1260	25	2	190.21999999999994	190.27999999999994
1260	26	1	29.56499999999999	57.78999999999999
1260	27	1	160.905	11.739999999999998
1260	28	1	141.54271356783917	30.15577889447237
1260	29	1	165.81592039801012	82.97014925373136
1260	30	1	49.67839195979899	126.56783919597991
1260	31	1	141.3084577114427	114.05970149253726
1260	32	1	153.29648241206024	1.0954773869346737
1260	33	1	166.26	21.98
1260	34	1	121.84422110552764	41.94472361809044
1260	35	1	136.10000000000014	125.06499999999996
1260	36	1	120.92537313432841	73.12935323383081
1260	37	1	34.383084577114424	144.8756218905471
1260	38	1	112.76499999999994	27.990000000000002
1260	39	1	185.5099999999999	39.41999999999999
1260	40	1	164.99499999999992	196.70999999999992
1260	41	1	59.88999999999999	68.1
1260	42	1	58.96019900497512	134.92537313432845
1260	43	1	165.96500000000006	40.58999999999999
1260	44	1	121.60804020100501	121.38693467336684
1260	45	1	111.31499999999996	88.98500000000003
1260	46	1	132.84422110552768	99.22110552763819
1260	47	1	134.38500000000005	42.77499999999998
1260	48	1	52.625000000000036	41.55500000000001
1260	49	1	122.70646766169156	93.41293532338311
1260	50	1	177.44000000000003	80.24999999999997
1260	51	1	130.726368159204	82.32338308457707
1260	52	1	123.59500000000001	108.89499999999998
1260	53	1	141.3517587939698	20.17085427135678
1260	54	1	30	159.9900000000001
1260	55	1	109.97512437810941	112.23383084577115
1260	56	1	23.560000000000002	149.59
1260	57	1	115.61500000000001	58.49000000000001
1260	58	1	43.735	147.31999999999994
1260	59	1	88.56500000000001	187.40499999999997
1260	60	1	177.96	16.474999999999994
1260	61	1	106.60500000000008	75.36499999999998
1260	62	1	107.45499999999998	135.2949999999999
1260	63	1	94.63	89.75499999999998
1260	64	1	155.005	131.42499999999998
1260	65	1	35.144999999999975	65.83999999999996
1260	66	1	151.73	34.81499999999998
1260	67	1	91.31999999999996	115.235
1260	68	1	35.59798994974874	44.40201005025128
1260	69	1	19.849999999999987	61.91500000000001
1260	70	1	171.13567839195971	30.608040201005014
1260	71	1	66.24999999999997	51.989999999999974
1260	72	1	128.84500000000003	56.320000000000014
1260	73	1	116.11500000000002	131.57000000000005
1260	74	1	82.595	96.07
1260	75	1	124.635	28.320000000000007
1270	1	2	10.32	9.919999999999991
1270	2	2	9.91	54.940000000000026
1270	3	2	10.271739130434783	100
1270	4	2	10.000000000000004	145
1270	5	2	9.78	189.93
1270	6	2	54.97999999999999	9.810000000000004
1270	7	2	55.02000000000001	55.22999999999999
1270	8	2	54.95	99.83999999999995
1270	9	2	54.87999999999998	144.88
1270	10	2	55.00000000000001	190.10999999999996
1270	11	2	100.26	9.899999999999997
1270	12	2	100.09	54.980000000000004
1270	13	2	100.12	100.12000000000003
1270	14	2	100.12	145.11999999999992
1270	15	2	99.93	190.07999999999996
1270	16	2	145.14141414141412	10.383838383838384
1270	17	2	144.97999999999993	54.95000000000002
1270	18	2	145.0900000000001	100.42000000000002
1270	19	2	145.1599999999999	144.95
1270	20	2	145.27083333333331	190.27083333333331
1270	21	2	190.14	9.740000000000002
1270	22	2	190.1199999999999	54.88
1270	23	2	190.19148936170217	100.09574468085106
1270	24	2	189.72916666666669	144.97916666666666
1270	25	2	190.21999999999994	190.27999999999994
1270	26	1	29.819999999999997	57.884999999999984
1270	27	1	161.1399999999999	11.780000000000001
1270	28	1	141.82999999999998	30.145000000000003
1270	29	1	166.62814070351754	82.51758793969843
1270	30	1	48.159999999999975	127.56499999999986
1270	31	1	143.14572864321605	115.23618090452268
1270	32	1	153.38693467336694	1.7688442211055266
1270	33	1	165.64000000000001	22.174999999999997
1270	34	1	121.71000000000006	41.88000000000003
1270	35	1	135.62500000000009	124.67500000000001
1270	36	1	120.08499999999997	73.51000000000009
1270	37	1	34.264999999999986	144.1
1270	38	1	112.28855721393036	29.611940298507463
1270	39	1	185.84499999999997	39.739999999999974
1270	40	1	164.91499999999985	196.67000000000002
1270	41	1	58.03980099502488	69.07462686567158
1270	42	1	58.934673366834176	134.175879396985
1270	43	1	165.85500000000013	40.519999999999975
1270	44	1	121.26500000000003	121.21500000000003
1270	45	1	111.89	89.71000000000001
1270	46	1	133.08040201005025	100.46733668341712
1270	47	1	134.30500000000006	42.830000000000005
1270	48	1	53.85499999999999	41.56500000000001
1270	49	1	123.36683417085429	93.80904522613066
1270	50	1	177.95522388059692	81.02985074626866
1270	51	1	130.66834170854273	82.572864321608
1270	52	1	123.60499999999995	108.78499999999998
1270	53	1	141.1549999999999	20.174999999999997
1270	54	1	30.089999999999996	160.05500000000015
1270	55	1	109.80500000000004	113.00499999999998
1270	56	1	23.750000000000007	149.535
1270	57	1	115.50999999999989	58.62000000000001
1270	58	1	43.63	147.28999999999996
1270	59	1	88.73499999999993	187.31499999999994
1270	60	1	177.92499999999987	16.500000000000004
1270	61	1	106.6783919597989	75.88442211055278
1270	62	1	107.92039800995026	135.79104477611946
1270	63	1	94.82500000000002	89.48999999999998
1270	64	1	154.355	130.65999999999997
1270	65	1	35.775	65.05999999999999
1270	66	1	151.21608040201	35.91457286432164
1270	67	1	92.14427860696519	116.49253731343285
1270	68	1	36.30348258706467	43.71641791044773
1270	69	1	20.060301507537698	61.356783919597966
1270	70	1	171.26130653266338	30.39698492462312
1270	71	1	66.99502487562192	53.49751243781095
1270	72	1	128.445	56.309999999999974
1270	73	1	116.58499999999998	132.615
1270	74	1	82.39000000000003	97.28500000000003
1270	75	1	124.76119402985081	27.940298507462686
1280	1	2	10.32	9.919999999999991
1280	2	2	9.91	54.940000000000026
1280	3	2	10.271739130434783	100
1280	4	2	10.000000000000004	145
1280	5	2	9.78	189.93
1280	6	2	54.97999999999999	9.810000000000004
1280	7	2	55.02000000000001	55.22999999999999
1280	8	2	54.95	99.83999999999995
1280	9	2	54.87999999999998	144.88
1280	10	2	55.00000000000001	190.10999999999996
1280	11	2	100.26	9.899999999999997
1280	12	2	100.09	54.980000000000004
1280	13	2	100.12	100.12000000000003
1280	14	2	100.12	145.11999999999992
1280	15	2	99.93	190.07999999999996
1280	16	2	145.14141414141412	10.383838383838384
1280	17	2	144.97999999999993	54.95000000000002
1280	18	2	145.0900000000001	100.42000000000002
1280	19	2	145.1599999999999	144.95
1280	20	2	145.27083333333331	190.27083333333331
1280	21	2	190.14	9.740000000000002
1280	22	2	190.1199999999999	54.88
1280	23	2	190.19148936170217	100.09574468085106
1280	24	2	189.72916666666669	144.97916666666666
1280	25	2	190.21999999999994	190.27999999999994
1280	26	1	30.29500000000001	57.515
1280	27	1	161.2361809045226	12.065326633165828
1280	28	1	141.9149999999999	30.099999999999987
1280	29	1	167.975	81.36999999999999
1280	30	1	46.49999999999999	128.79207920792078
1280	31	1	143.87562189054722	115.77611940298505
1280	32	1	153.52500000000003	2.2849999999999993
1280	33	1	165.28643216080408	22.140703517587937
1280	34	1	121.72361809045232	41.979899497487445
1280	35	1	135.14000000000004	124.355
1280	36	1	119.78391959798991	74.15075376884423
1280	37	1	34.32160804020101	143.44221105527632
1280	38	1	112.01980198019797	31.985148514851478
1280	39	1	186.11999999999986	40.405000000000015
1280	40	1	165.20100502512554	197.00502512562807
1280	41	1	56.95522388059702	69.97512437810946
1280	42	1	59.095000000000006	133.4600000000001
1280	43	1	165.83999999999992	40.44000000000001
1280	44	1	120.94	121.38
1280	45	1	111.835	90.73000000000003
1280	46	1	133.21499999999995	100.85499999999996
1280	47	1	134.31999999999996	42.73000000000001
1280	48	1	55.57711442786071	41.681592039801
1280	49	1	123.5671641791045	93.85074626865665
1280	50	1	179.01999999999998	82.11500000000002
1280	51	1	130.83499999999998	82.63500000000003
1280	52	1	123.78000000000004	108.87999999999992
1280	53	1	140.85000000000008	20.320000000000007
1280	54	1	29.26	160.16000000000008
1280	55	1	109.805	114.33500000000001
1280	56	1	24.24378109452738	149.49253731343285
1280	57	1	115.53500000000003	58.96999999999998
1280	58	1	43.515	147.12
1280	59	1	89.30500000000004	186.33999999999986
1280	60	1	177.7889447236181	16.40703517587939
1280	61	1	106.74999999999997	76.40499999999997
1280	62	1	108.12562814070348	136.6381909547739
1280	63	1	94.80402010050251	89.4572864321608
1280	64	1	154.05499999999992	130.50500000000014
1280	65	1	36.389999999999986	64.22999999999998
1280	66	1	150.90547263681594	36.6965174129353
1280	67	1	92.27135678391961	118.35175879396984
1280	68	1	37.269999999999975	42.819999999999986
1280	69	1	20.258706467661714	60.70149253731345
1280	70	1	171.21499999999986	30.33999999999999
1280	71	1	68.21608040201006	54.71356783919595
1280	72	1	128.03482587064676	56.71144278606965
1280	73	1	116.9353233830846	133.99502487562188
1280	74	1	82.64999999999993	97.90000000000005
1280	75	1	124.47524752475245	27.321782178217845
1290	1	2	10.32	9.919999999999991
1290	2	2	9.91	54.940000000000026
1290	3	2	10.271739130434783	100
1290	4	2	10.000000000000004	145
1290	5	2	9.78	189.93
1290	6	2	54.97999999999999	9.810000000000004
1290	7	2	55.02000000000001	55.22999999999999
1290	8	2	54.95	99.83999999999995
1290	9	2	54.87999999999998	144.88
1290	10	2	55.00000000000001	190.10999999999996
1290	11	2	100.26	9.899999999999997
1290	12	2	100.09	54.980000000000004
1290	13	2	100.12	100.12000000000003
1290	14	2	100.12	145.11999999999992
1290	15	2	99.93	190.07999999999996
1290	16	2	145.14141414141412	10.383838383838384
1290	17	2	144.97999999999993	54.95000000000002
1290	18	2	145.0900000000001	100.42000000000002
1290	19	2	145.1599999999999	144.95
1290	20	2	145.27083333333331	190.27083333333331
1290	21	2	190.14	9.740000000000002
1290	22	2	190.1199999999999	54.88
1290	23	2	190.19148936170217	100.09574468085106
1290	24	2	189.72916666666669	144.97916666666666
1290	25	2	190.21999999999994	190.27999999999994
1290	26	1	30.730000000000004	56.839999999999996
1290	27	1	161.37	11.999999999999996
1290	28	1	141.80999999999997	30.155
1290	29	1	168.93500000000006	80.235
1290	30	1	45.07999999999997	129.52499999999998
1290	31	1	145.48756218905467	116.01990049751248
1290	32	1	153.75500000000014	2.1849999999999987
1290	33	1	164.59499999999997	22.200000000000006
1290	34	1	121.95500000000003	41.779999999999994
1290	35	1	134.82412060301516	124.13567839195979
1290	36	1	119.72500000000001	75.00999999999998
1290	37	1	34.30500000000001	143.27999999999997
1290	38	1	111.77611940298509	33.60199004975125
1290	39	1	186.15999999999983	40.66000000000003
1290	40	1	165.89500000000015	197.59999999999988
1290	41	1	55.47999999999999	71.10999999999997
1290	42	1	59.295000000000016	132.72500000000005
1290	43	1	165.39500000000015	40.31
1290	44	1	120.735	121.23000000000003
1290	45	1	112.00497512437812	91.97512437810946
1290	46	1	133.30499999999992	101.31999999999991
1290	47	1	134.23383084577125	42.84079601990047
1290	48	1	56.557213930348276	42.4626865671642
1290	49	1	123.87499999999993	93.85999999999997
1290	50	1	179.21999999999997	83.03999999999999
1290	51	1	131.36180904522607	82.91457286432158
1290	52	1	124.23115577889452	109.1909547738694
1290	53	1	140.81499999999986	20.685000000000006
1290	54	1	29.290000000000003	160.27499999999992
1290	55	1	109.89000000000001	115.28000000000002
1290	56	1	24.14500000000001	149.77999999999997
1290	57	1	115.73000000000006	59.785000000000025
1290	58	1	43.788944723618094	146.80402010050253
1290	59	1	89.59000000000007	185.8
1290	60	1	177.79396984924617	16.618090452261313
1290	61	1	106.725	76.96500000000006
1290	62	1	108.69999999999999	137.02000000000007
1290	63	1	94.66500000000003	89.17000000000006
1290	64	1	153.46	129.98500000000018
1290	65	1	36.915000000000006	63.59000000000002
1290	66	1	150.4874371859297	37.39698492462313
1290	67	1	92.93500000000002	119.47999999999996
1290	68	1	38.47500000000002	42.29499999999999
1290	69	1	20.81499999999999	59.43499999999998
1290	70	1	171.47000000000017	30.210000000000004
1290	71	1	69.23999999999997	56.135000000000005
1290	72	1	127.82500000000002	56.745000000000005
1290	73	1	117.80500000000004	135.25999999999985
1290	74	1	83.21500000000002	98.07999999999998
1290	75	1	123.63000000000002	26.79500000000001
1300	1	2	10.32	9.919999999999991
1300	2	2	9.91	54.940000000000026
1300	3	2	10.271739130434783	100
1300	4	2	10.000000000000004	145
1300	5	2	9.78	189.93
1300	6	2	54.97999999999999	9.810000000000004
1300	7	2	55.02000000000001	55.22999999999999
1300	8	2	54.95	99.83999999999995
1300	9	2	54.87999999999998	144.88
1300	10	2	55.00000000000001	190.10999999999996
1300	11	2	100.26	9.899999999999997
1300	12	2	100.09	54.980000000000004
1300	13	2	100.12	100.12000000000003
1300	14	2	100.12	145.11999999999992
1300	15	2	99.93	190.07999999999996
1300	16	2	145.14141414141412	10.383838383838384
1300	17	2	144.97999999999993	54.95000000000002
1300	18	2	145.0900000000001	100.42000000000002
1300	19	2	145.1599999999999	144.95
1300	20	2	145.27083333333331	190.27083333333331
1300	21	2	190.14	9.740000000000002
1300	22	2	190.1199999999999	54.88
1300	23	2	190.19148936170217	100.09574468085106
1300	24	2	189.72916666666669	144.97916666666666
1300	25	2	190.21999999999994	190.27999999999994
1300	26	1	30.82000000000001	56.29500000000001
1300	27	1	161.4773869346733	12.095477386934679
1300	28	1	141.80499999999998	30.159999999999986
1300	29	1	170.3762376237623	78.92574257425741
1300	30	1	43.895522388059696	130.07462686567155
1300	31	1	147.15000000000006	115.805
1300	32	1	153.9099999999999	2.224999999999999
1300	33	1	163.2211055276382	22.49748743718593
1300	34	1	122.49499999999998	41.605000000000004
1300	35	1	134.69999999999996	123.815
1300	36	1	119.58208955223883	76.17412935323388
1300	37	1	34.24120603015076	143.39698492462304
1300	38	1	112.1094527363184	35.63184079601993
1300	39	1	186.15075376884425	40.7386934673367
1300	40	1	166.525	198.33499999999992
1300	41	1	53.99004975124375	71.83084577114431
1300	42	1	59.02487562189054	131.8706467661691
1300	43	1	165.31658291457288	40.14070351758793
1300	44	1	120.58000000000001	121.66999999999997
1300	45	1	112.14925373134331	92.93532338308458
1300	46	1	133.11442786069645	101.7014925373134
1300	47	1	134.48743718592956	43.33668341708544
1300	48	1	58.97512437810947	43.13432835820894
1300	49	1	124.18905472636817	93.76119402985073
1300	50	1	180.22999999999993	83.415
1300	51	1	131.91999999999993	82.855
1300	52	1	124.427135678392	109.72361809045229
1300	53	1	139.9800000000001	20.700000000000003
1300	54	1	29.109999999999992	160.57499999999987
1300	55	1	109.86999999999999	116.455
1300	56	1	23.994999999999976	149.78999999999996
1300	57	1	115.6865671641791	60.44776119402985
1300	58	1	44.010050251256295	146.91457286432166
1300	59	1	89.58208955223876	185.30348258706462
1300	60	1	177.35000000000008	16.595
1300	61	1	106.45771144278606	77.28855721393037
1300	62	1	109.02000000000004	137.515
1300	63	1	93.87064676616916	88.9800995024876
1300	64	1	153.05499999999992	128.94999999999993
1300	65	1	37.094999999999985	63.04000000000002
1300	66	1	149.7860696517413	38.19900497512435
1300	67	1	94.2835820895523	120.94029850746273
1300	68	1	39.940000000000026	41.25999999999997
1300	69	1	21.009999999999998	58.675
1300	70	1	171.66499999999994	30.03499999999999
1300	71	1	69.72000000000003	57.40000000000003
1300	72	1	127.375	57.084999999999994
1300	73	1	118.69500000000001	135.95499999999996
1300	74	1	83.66666666666669	98.61691542288554
1300	75	1	122.88000000000004	26.43999999999999
1310	1	2	10.32	9.919999999999991
1310	2	2	9.91	54.940000000000026
1310	3	2	10.271739130434783	100
1310	4	2	10.000000000000004	145
1310	5	2	9.78	189.93
1310	6	2	54.97999999999999	9.810000000000004
1310	7	2	55.02000000000001	55.22999999999999
1310	8	2	54.95	99.83999999999995
1310	9	2	54.87999999999998	144.88
1310	10	2	55.00000000000001	190.10999999999996
1310	11	2	100.26	9.899999999999997
1310	12	2	100.09	54.980000000000004
1310	13	2	100.12	100.12000000000003
1310	14	2	100.12	145.11999999999992
1310	15	2	99.93	190.07999999999996
1310	16	2	145.14141414141412	10.383838383838384
1310	17	2	144.97999999999993	54.95000000000002
1310	18	2	145.0900000000001	100.42000000000002
1310	19	2	145.1599999999999	144.95
1310	20	2	145.27083333333331	190.27083333333331
1310	21	2	190.14	9.740000000000002
1310	22	2	190.1199999999999	54.88
1310	23	2	190.19148936170217	100.09574468085106
1310	24	2	189.72916666666669	144.97916666666666
1310	25	2	190.21999999999994	190.27999999999994
1310	26	1	30.975000000000005	55.86499999999998
1310	27	1	162.17499999999998	11.91
1310	28	1	141.435	30.375000000000018
1310	29	1	171.94	77.94000000000003
1310	30	1	42.984999999999985	130.64000000000001
1310	31	1	147.82000000000002	115.93499999999999
1310	32	1	154.18499999999992	2.33
1310	33	1	161.4649999999999	23.24500000000001
1310	34	1	122.76381909547734	41.71356783919598
1310	35	1	134.1859296482411	123.65326633165829
1310	36	1	119.295	77.72000000000003
1310	37	1	34.155	143.01000000000005
1310	38	1	112.67164179104476	36.955223880597025
1310	39	1	186.335	40.73999999999998
1310	40	1	167.345	199.01500000000004
1310	41	1	53.326633165829115	73.21105527638187
1310	42	1	59	131.16000000000003
1310	43	1	165.52000000000004	40.13000000000003
1310	44	1	120.04499999999997	122.01999999999997
1310	45	1	112.385	93.93500000000002
1310	46	1	132.96500000000012	101.96500000000005
1310	47	1	134.29999999999984	43.84999999999996
1310	48	1	61.00000000000001	44.184079601990064
1310	49	1	124.1708542713568	93.78391959798995
1310	50	1	181.12500000000003	83.96500000000005
1310	51	1	132.6400000000001	83.38
1310	52	1	124.71	110.06999999999996
1310	53	1	139.54000000000002	21.180000000000003
1310	54	1	28.964999999999993	160.81500000000005
1310	55	1	109.69849246231156	117.42211055276378
1310	56	1	24.055000000000003	149.935
1310	57	1	115.94527363184078	61.422885572139315
1310	58	1	44.25000000000001	146.96999999999997
1310	59	1	89.7860696517413	184.74626865671652
1310	60	1	177.09500000000003	17.16
1310	61	1	106.1809045226131	77.59296482412057
1310	62	1	109.21608040201004	137.88944723618087
1310	63	1	93.31500000000007	88.67499999999998
1310	64	1	152.67999999999986	127.97499999999995
1310	65	1	37.582914572864325	62.1155778894472
1310	66	1	149.3299999999999	38.749999999999986
1310	67	1	95.37	121.61000000000004
1310	68	1	41.089999999999975	40.790000000000006
1310	69	1	21.265000000000008	58.06000000000001
1310	70	1	171.7587939698491	30.035175879396977
1310	71	1	71.60999999999996	58.97999999999999
1310	72	1	126.78999999999999	58.075
1310	73	1	119.67500000000001	136.76499999999996
1310	74	1	84.21393034825867	98.83084577114424
1310	75	1	121.1155778894472	26.025125628140714
1320	1	2	10.32	9.919999999999991
1320	2	2	9.91	54.940000000000026
1320	3	2	10.271739130434783	100
1320	4	2	10.000000000000004	145
1320	5	2	9.78	189.93
1320	6	2	54.97999999999999	9.810000000000004
1320	7	2	55.02000000000001	55.22999999999999
1320	8	2	54.95	99.83999999999995
1320	9	2	54.87999999999998	144.88
1320	10	2	55.00000000000001	190.10999999999996
1320	11	2	100.26	9.899999999999997
1320	12	2	100.09	54.980000000000004
1320	13	2	100.12	100.12000000000003
1320	14	2	100.12	145.11999999999992
1320	15	2	99.93	190.07999999999996
1320	16	2	145.14141414141412	10.383838383838384
1320	17	2	144.97999999999993	54.95000000000002
1320	18	2	145.0900000000001	100.42000000000002
1320	19	2	145.1599999999999	144.95
1320	20	2	145.27083333333331	190.27083333333331
1320	21	2	190.14	9.740000000000002
1320	22	2	190.1199999999999	54.88
1320	23	2	190.19148936170217	100.09574468085106
1320	24	2	189.72916666666669	144.97916666666666
1320	25	2	190.21999999999994	190.27999999999994
1320	26	1	31.455	54.76000000000003
1320	27	1	162.65499999999994	11.985000000000003
1320	28	1	140.47999999999996	30.650000000000006
1320	29	1	173.7164179104478	77.58706467661692
1320	30	1	42.20398009950252	131.228855721393
1320	31	1	148.485	116.00500000000001
1320	32	1	154.34000000000003	2.925
1320	33	1	159.625	24.015000000000004
1320	34	1	122.56499999999996	41.90499999999999
1320	35	1	134.04	123.31499999999998
1320	36	1	119.185	78.79000000000002
1320	37	1	34.375000000000014	143.21499999999995
1320	38	1	113.07462686567173	38.48756218905473
1320	39	1	185.84	40.42999999999998
1320	40	1	167.86000000000004	199.535
1320	41	1	52.585000000000015	74.20999999999998
1320	42	1	57.96000000000001	129.90000000000003
1320	43	1	165.5376884422111	40.05025125628139
1320	44	1	119.365	122.69
1320	45	1	112.38190954773872	95.10552763819095
1320	46	1	132.74626865671638	102.08955223880598
1320	47	1	133.88059701492534	44.38805970149252
1320	48	1	62.25373134328358	44.89552238805971
1320	49	1	124.445	93.47000000000007
1320	50	1	181.95999999999987	85.34000000000003
1320	51	1	133.09045226130655	83.33165829145727
1320	52	1	124.80999999999999	110.47000000000001
1320	53	1	139.02487562189054	21.447761194029855
1320	54	1	28.519999999999985	161.21499999999997
1320	55	1	109.68500000000006	117.89500000000001
1320	56	1	24.17	149.94500000000002
1320	57	1	115.81499999999996	62.60499999999998
1320	58	1	44.58500000000001	147.38000000000008
1320	59	1	90.15577889447236	184.07035175879406
1320	60	1	176.80500000000006	17.825000000000003
1320	61	1	105.83	79.115
1320	62	1	109.27638190954778	137.88944723618096
1320	63	1	92.47499999999998	88.31000000000007
1320	64	1	153.09950248756206	126.90049751243787
1320	65	1	37.714999999999996	61.435000000000024
1320	66	1	148.68844221105525	39.29648241206029
1320	67	1	96.005	122.48499999999999
1320	68	1	42.45771144278605	40.00497512437812
1320	69	1	21.775000000000002	57.12500000000002
1320	70	1	171.57999999999993	29.664999999999996
1320	71	1	72.36815920398008	59.771144278606975
1320	72	1	126.29999999999998	58.65000000000001
1320	73	1	120.78	137.39000000000001
1320	74	1	84.81500000000003	99.01
1320	75	1	119.16417910447761	25.76119402985074
1330	1	2	10.32	9.919999999999991
1330	2	2	9.91	54.940000000000026
1330	3	2	10.271739130434783	100
1330	4	2	10.000000000000004	145
1330	5	2	9.78	189.93
1330	6	2	54.97999999999999	9.810000000000004
1330	7	2	55.02000000000001	55.22999999999999
1330	8	2	54.95	99.83999999999995
1330	9	2	54.87999999999998	144.88
1330	10	2	55.00000000000001	190.10999999999996
1330	11	2	100.26	9.899999999999997
1330	12	2	100.09	54.980000000000004
1330	13	2	100.12	100.12000000000003
1330	14	2	100.12	145.11999999999992
1330	15	2	99.93	190.07999999999996
1330	16	2	145.14141414141412	10.383838383838384
1330	17	2	144.97999999999993	54.95000000000002
1330	18	2	145.0900000000001	100.42000000000002
1330	19	2	145.1599999999999	144.95
1330	20	2	145.27083333333331	190.27083333333331
1330	21	2	190.14	9.740000000000002
1330	22	2	190.1199999999999	54.88
1330	23	2	190.19148936170217	100.09574468085106
1330	24	2	189.72916666666669	144.97916666666666
1330	25	2	190.21999999999994	190.27999999999994
1330	26	1	31.781094527363184	53.766169154228834
1330	27	1	162.90999999999997	12.31500000000001
1330	28	1	139.08542713567826	30.80904522613065
1330	29	1	175.46499999999995	77.52500000000002
1330	30	1	41.745000000000005	131.61
1330	31	1	149.045	116.17999999999998
1330	32	1	154.76	3.3000000000000003
1330	33	1	158.00999999999985	24.644999999999996
1330	34	1	122.7772277227723	41.806930693069326
1330	35	1	133.50248756218895	123.41791044776123
1330	36	1	118.68656716417907	79.88059701492541
1330	37	1	34.155000000000015	142.93
1330	38	1	113.20398009950249	39.37810945273631
1330	39	1	184.79499999999996	39.59499999999999
1330	40	1	168.16915422885572	199.92039800995022
1330	41	1	51.575	75.15499999999999
1330	42	1	57	128.38805970149255
1330	43	1	165.08999999999997	39.929999999999986
1330	44	1	118.66000000000001	123.56000000000006
1330	45	1	112.53000000000006	96.83499999999995
1330	46	1	132.425	102.16499999999999
1330	47	1	133.515	45.17499999999998
1330	48	1	63.69999999999999	45.44500000000002
1330	49	1	124.52499999999998	93.215
1330	50	1	183.33333333333337	86.27860696517412
1330	51	1	133.32499999999996	83.24499999999999
1330	52	1	124.95500000000001	110.81000000000004
1330	53	1	138.74874371859295	21.703517587939693
1330	54	1	28.870000000000008	161.65500000000003
1330	55	1	109.47000000000001	118.65999999999997
1330	56	1	24.419999999999995	150.48
1330	57	1	115.68499999999997	64
1330	58	1	44.562189054726375	147.7114427860696
1330	59	1	90.2964824120603	183.42211055276394
1330	60	1	176.6849999999999	18.065
1330	61	1	105.32999999999996	80.23499999999996
1330	62	1	109.75500000000001	138.06000000000012
1330	63	1	91.20499999999997	88.3
1330	64	1	153.9050000000001	125.77999999999997
1330	65	1	38.00999999999998	60.460000000000015
1330	66	1	147.55500000000004	39.81
1330	67	1	96.22	123.12499999999993
1330	68	1	43.480000000000004	39.720000000000006
1330	69	1	21.935000000000002	56.48999999999999
1330	70	1	171.27500000000003	29.235000000000007
1330	71	1	73.19402985074625	60.875621890547286
1330	72	1	125.6089108910891	59.70792079207919
1330	73	1	122.75500000000004	138.39
1330	74	1	85.91000000000004	99.81000000000003
1330	75	1	116.5891089108911	25.87623762376238
1340	1	2	10.32	9.919999999999991
1340	2	2	9.91	54.940000000000026
1340	3	2	10.271739130434783	100
1340	4	2	10.000000000000004	145
1340	5	2	9.78	189.93
1340	6	2	54.97999999999999	9.810000000000004
1340	7	2	55.02000000000001	55.22999999999999
1340	8	2	54.95	99.83999999999995
1340	9	2	54.87999999999998	144.88
1340	10	2	55.00000000000001	190.10999999999996
1340	11	2	100.26	9.899999999999997
1340	12	2	100.09	54.980000000000004
1340	13	2	100.12	100.12000000000003
1340	14	2	100.12	145.11999999999992
1340	15	2	99.93	190.07999999999996
1340	16	2	145.14141414141412	10.383838383838384
1340	17	2	144.97999999999993	54.95000000000002
1340	18	2	145.0900000000001	100.42000000000002
1340	19	2	145.1599999999999	144.95
1340	20	2	145.27083333333331	190.27083333333331
1340	21	2	190.14	9.740000000000002
1340	22	2	190.1199999999999	54.88
1340	23	2	190.19148936170217	100.09574468085106
1340	24	2	189.72916666666669	144.97916666666666
1340	25	2	190.21999999999994	190.27999999999994
1340	26	1	32.175000000000004	53.190000000000005
1340	27	1	163.0150753768844	12.527638190954782
1340	28	1	138.13500000000002	30.729999999999993
1340	29	1	177.3	77.36
1340	30	1	40.532663316582926	131.8542713567839
1340	31	1	149.30845771144277	116.30348258706474
1340	32	1	155.13000000000002	3.1399999999999997
1340	33	1	156.0800000000001	25.425
1340	34	1	122.49000000000001	42.72000000000001
1340	35	1	133.1306532663317	123.56281407035179
1340	36	1	117.93034825870645	80.82587064676616
1340	37	1	34.492462311557794	142.67336683417085
1340	38	1	113.08499999999998	40.379999999999995
1340	39	1	183.5500000000002	38.724999999999994
1340	40	1	168.30499999999995	0.0800000000000125
1340	41	1	50.412935323383074	76.21393034825867
1340	42	1	55.00499999999999	127.30500000000004
1340	43	1	164.64000000000001	39.675000000000004
1340	44	1	118.26499999999996	124.15500000000009
1340	45	1	112.53000000000004	97.85500000000002
1340	46	1	132.1550000000001	102.265
1340	47	1	133.25499999999994	46.139999999999986
1340	48	1	64.84	46.02999999999997
1340	49	1	124.4321608040201	93.15577889447235
1340	50	1	184.745	87.00000000000004
1340	51	1	133.37313432835813	83.19900497512441
1340	52	1	125.13	111.04999999999998
1340	53	1	137.7263681592041	21.66169154228855
1340	54	1	29.08000000000001	162.21499999999992
1340	55	1	109.47	118.95500000000006
1340	56	1	24.52000000000001	150.81000000000006
1340	57	1	115.5323383084577	65.54726368159199
1340	58	1	44.376884422110535	148.3065326633165
1340	59	1	90.42713567839199	183.2311557788944
1340	60	1	176.26	18.165
1340	61	1	104.41791044776122	81.60199004975122
1340	62	1	110.75124378109453	138.10945273631845
1340	63	1	89.57711442786069	88.20398009950253
1340	64	1	154.726368159204	125.3930348258706
1340	65	1	37.95499999999999	60.06500000000001
1340	66	1	145.95544554455435	40.28712871287128
1340	67	1	96.41293532338305	123.58208955223883
1340	68	1	44.97499999999997	40.120000000000005
1340	69	1	22.17500000000001	56.219999999999985
1340	70	1	170.52999999999992	28.660000000000004
1340	71	1	73.40201005025123	62.73366834170855
1340	72	1	125.36500000000001	60.75000000000002
1340	73	1	124.08999999999999	138.925
1340	74	1	86.88000000000005	100.45499999999998
1340	75	1	115.26368159203977	26.860696517412958
1350	1	2	10.32	9.919999999999991
1350	2	2	9.91	54.940000000000026
1350	3	2	10.271739130434783	100
1350	4	2	10.000000000000004	145
1350	5	2	9.78	189.93
1350	6	2	54.97999999999999	9.810000000000004
1350	7	2	55.02000000000001	55.22999999999999
1350	8	2	54.95	99.83999999999995
1350	9	2	54.87999999999998	144.88
1350	10	2	55.00000000000001	190.10999999999996
1350	11	2	100.26	9.899999999999997
1350	12	2	100.09	54.980000000000004
1350	13	2	100.12	100.12000000000003
1350	14	2	100.12	145.11999999999992
1350	15	2	99.93	190.07999999999996
1350	16	2	145.14141414141412	10.383838383838384
1350	17	2	144.97999999999993	54.95000000000002
1350	18	2	145.0900000000001	100.42000000000002
1350	19	2	145.1599999999999	144.95
1350	20	2	145.27083333333331	190.27083333333331
1350	21	2	190.14	9.740000000000002
1350	22	2	190.1199999999999	54.88
1350	23	2	190.19148936170217	100.09574468085106
1350	24	2	189.72916666666669	144.97916666666666
1350	25	2	190.21999999999994	190.27999999999994
1350	26	1	32.275000000000006	52.90999999999998
1350	27	1	162.96499999999992	12.729999999999999
1350	28	1	136.91000000000005	30.78000000000001
1350	29	1	178.87499999999994	77.705
1350	30	1	39.41499999999998	132.17500000000007
1350	31	1	149.49499999999992	116.45
1350	32	1	155.39698492462315	3.3366834170854274
1350	33	1	154.83084577114434	25.83084577114429
1350	34	1	122.23115577889443	43.35175879396983
1350	35	1	132.51499999999987	123.49000000000004
1350	36	1	117.04477611940298	81.45273631840797
1350	37	1	34.40703517587939	142.6834170854273
1350	38	1	113.26633165829145	41.0251256281407
1350	39	1	182.79999999999995	38.224999999999994
1350	40	1	168.34499999999997	0.0949999999999136
1350	41	1	49.855721393034834	77.44776119402987
1350	42	1	52.850746268656714	126.25373134328355
1350	43	1	163.76999999999992	39.255
1350	44	1	117.64499999999998	124.92000000000002
1350	45	1	112.62000000000006	98.98500000000001
1350	46	1	132.03999999999994	102.365
1350	47	1	132.96500000000003	47.214999999999996
1350	48	1	66.23000000000002	47.085000000000015
1350	49	1	124.44776119402981	92.74129353233828
1350	50	1	185.23383084577117	87.98507462686565
1350	51	1	133.53000000000003	83.365
1350	52	1	125.075	111.19
1350	53	1	136.65499999999997	21.750000000000014
1350	54	1	28.874371859296502	162.91959798994978
1350	55	1	109.25628140703515	119.41206030150754
1350	56	1	24.694999999999993	151.33499999999995
1350	57	1	114.81909547738698	66.77889447236177
1350	58	1	43.80000000000002	149.09
1350	59	1	90.35175879396981	182.97989949748742
1350	60	1	175.98999999999998	17.835
1350	61	1	103.32835820895518	82.6268656716418
1350	62	1	111.99502487562192	138.34328358208967
1350	63	1	87.62189054726375	87.86567164179098
1350	64	1	155.6567164179104	124.91044776119408
1350	65	1	38.075	59.40999999999999
1350	66	1	144.78000000000003	40.23999999999996
1350	67	1	96.91959798994975	123.85929648241213
1350	68	1	45.76000000000002	40.63999999999998
1350	69	1	22.753768844221092	55.20100502512562
1350	70	1	170.19999999999993	28.265000000000008
1350	71	1	73.27363184079603	64.27363184079601
1350	72	1	125.11881188118812	62.24752475247526
1350	73	1	125.42999999999999	139.6799999999999
1350	74	1	87.9195979899497	100.28643216080403
1350	75	1	113.92999999999999	27.769999999999996
1360	1	2	10.32	9.919999999999991
1360	2	2	9.91	54.940000000000026
1360	3	2	10.271739130434783	100
1360	4	2	10.000000000000004	145
1360	5	2	9.78	189.93
1360	6	2	54.97999999999999	9.810000000000004
1360	7	2	55.02000000000001	55.22999999999999
1360	8	2	54.95	99.83999999999995
1360	9	2	54.87999999999998	144.88
1360	10	2	55.00000000000001	190.10999999999996
1360	11	2	100.26	9.899999999999997
1360	12	2	100.09	54.980000000000004
1360	13	2	100.12	100.12000000000003
1360	14	2	100.12	145.11999999999992
1360	15	2	99.93	190.07999999999996
1360	16	2	145.14141414141412	10.383838383838384
1360	17	2	144.97999999999993	54.95000000000002
1360	18	2	145.0900000000001	100.42000000000002
1360	19	2	145.1599999999999	144.95
1360	20	2	145.27083333333331	190.27083333333331
1360	21	2	190.14	9.740000000000002
1360	22	2	190.1199999999999	54.88
1360	23	2	190.19148936170217	100.09574468085106
1360	24	2	189.72916666666669	144.97916666666666
1360	25	2	190.21999999999994	190.27999999999994
1360	26	1	32.38	52.6
1360	27	1	163.09000000000003	13.090000000000005
1360	28	1	135.81999999999996	31.19499999999999
1360	29	1	180.4350000000001	77.83000000000001
1360	30	1	39.13567839195982	132.41206030150752
1360	31	1	149.3084577114428	116.4626865671642
1360	32	1	155.64000000000004	3.175
1360	33	1	153.4179104477612	26.104477611940304
1360	34	1	122.32663316582908	43.331658291457295
1360	35	1	132.16417910447757	123.26865671641796
1360	36	1	116.1909547738694	81.643216080402
1360	37	1	34.535	142.59999999999994
1360	38	1	113.15422885572134	41.1691542288557
1360	39	1	181.89999999999995	37.76000000000002
1360	40	1	168.42211055276377	0.2914572864321485
1360	41	1	48.298507462686565	78.88059701492539
1360	42	1	50.959999999999965	125.61999999999995
1360	43	1	162.97500000000002	38.73000000000001
1360	44	1	116.96984924623112	126.29145728643213
1360	45	1	112.85572139303483	99.75621890547262
1360	46	1	131.735	102.22999999999999
1360	47	1	132.51999999999995	49.38999999999999
1360	48	1	67.505	47.85999999999999
1360	49	1	124.42288557213926	91.96019900497508
1360	50	1	185.92537313432825	88.56716417910442
1360	51	1	133.65999999999994	83.57499999999999
1360	52	1	125.0746268656716	111.4278606965174
1360	53	1	135.6100000000001	21.89
1360	54	1	29.404999999999987	163.7700000000001
1360	55	1	109.48	119.63499999999999
1360	56	1	24.819999999999986	152.16500000000002
1360	57	1	114.1044776119403	67.55223880597009
1360	58	1	43.208955223880615	149.82587064676605
1360	59	1	90.625	182.67500000000004
1360	60	1	176.23	17.240000000000002
1360	61	1	101.94500000000002	83.65000000000005
1360	62	1	113.125	138.95
1360	63	1	85.535	87.62000000000002
1360	64	1	156.75000000000009	124.34500000000004
1360	65	1	38.015000000000015	59.14
1360	66	1	143.67839195979894	40.23618090452263
1360	67	1	97.0050251256282	123.91959798994971
1360	68	1	46.870000000000005	41.220000000000006
1360	69	1	22.940298507462703	54.36815920398012
1360	70	1	169.46733668341713	27.638190954773886
1360	71	1	73.4179104477612	65.78606965174123
1360	72	1	124.75999999999995	63.394999999999996
1360	73	1	126.57999999999996	139.86500000000007
1360	74	1	87.99000000000002	99.88500000000005
1360	75	1	113.06499999999997	28.535000000000004
1370	1	2	10.32	9.919999999999991
1370	2	2	9.91	54.940000000000026
1370	3	2	10.271739130434783	100
1370	4	2	10.000000000000004	145
1370	5	2	9.78	189.93
1370	6	2	54.97999999999999	9.810000000000004
1370	7	2	55.02000000000001	55.22999999999999
1370	8	2	54.95	99.83999999999995
1370	9	2	54.87999999999998	144.88
1370	10	2	55.00000000000001	190.10999999999996
1370	11	2	100.26	9.899999999999997
1370	12	2	100.09	54.980000000000004
1370	13	2	100.12	100.12000000000003
1370	14	2	100.12	145.11999999999992
1370	15	2	99.93	190.07999999999996
1370	16	2	145.14141414141412	10.383838383838384
1370	17	2	144.97999999999993	54.95000000000002
1370	18	2	145.0900000000001	100.42000000000002
1370	19	2	145.1599999999999	144.95
1370	20	2	145.27083333333331	190.27083333333331
1370	21	2	190.14	9.740000000000002
1370	22	2	190.1199999999999	54.88
1370	23	2	190.19148936170217	100.09574468085106
1370	24	2	189.72916666666669	144.97916666666666
1370	25	2	190.21999999999994	190.27999999999994
1370	26	1	32.618090452261306	52.14572864321608
1370	27	1	163.04522613065325	13.668341708542718
1370	28	1	135.0050251256281	31.809045226130664
1370	29	1	181.65671641791047	78.18407960199005
1370	30	1	39.100000000000016	132.73000000000008
1370	31	1	149.1909547738695	116.62814070351757
1370	32	1	156.25	3.22
1370	33	1	151.90499999999997	26.445
1370	34	1	122.32338308457709	43.45771144278605
1370	35	1	131.48743718592976	123.07537688442213
1370	36	1	114.92537313432837	82.12935323383077
1370	37	1	34.1	142.56500000000003
1370	38	1	113.11500000000001	41.52999999999997
1370	39	1	180.97512437810943	37.53233830845772
1370	40	1	168.51999999999998	0.49500000000000455
1370	41	1	47.597014925373145	79.98507462686571
1370	42	1	49.686567164179124	125.15422885572134
1370	43	1	162.17999999999995	38.105000000000004
1370	44	1	116.72	127.83500000000004
1370	45	1	113.12499999999999	100.16499999999998
1370	46	1	131.73999999999992	102.84500000000006
1370	47	1	132.28855721393032	51.179104477611965
1370	48	1	68.74626865671641	49.01492537313436
1370	49	1	124.61194029850746	91.76119402985076
1370	50	1	186.6965174129353	88.9353233830846
1370	51	1	133.4600000000001	84.00499999999998
1370	52	1	124.82999999999998	111.67499999999995
1370	53	1	134.71499999999997	22.23
1370	54	1	30.20000000000001	164.78999999999996
1370	55	1	110.06467661691548	119.49751243781093
1370	56	1	24.547263681592035	153.51741293532342
1370	57	1	113.455	68.27999999999997
1370	58	1	42.550000000000004	149.86500000000012
1370	59	1	90.19000000000004	182.57499999999996
1370	60	1	176.67499999999998	16.759999999999998
1370	61	1	100.89999999999999	84.34499999999998
1370	62	1	114.27000000000005	139.205
1370	63	1	84.34000000000003	87.26500000000001
1370	64	1	157.89447236180902	123.72864321608043
1370	65	1	38.42000000000002	58.38
1370	66	1	142.6716417910447	40.69651741293533
1370	67	1	97.18000000000004	123.91499999999999
1370	68	1	48.15500000000002	41.95500000000002
1370	69	1	23.235000000000007	53.92499999999999
1370	70	1	168.87562189054725	27.019900497512438
1370	71	1	73.96	67.13999999999994
1370	72	1	124.27499999999996	64.76499999999997
1370	73	1	128.14000000000001	139.89000000000007
1370	74	1	88.51243781094533	98.79104477611938
1370	75	1	111.955	29.58
1380	1	2	10.32	9.919999999999991
1380	2	2	9.91	54.940000000000026
1380	3	2	10.271739130434783	100
1380	4	2	10.000000000000004	145
1380	5	2	9.78	189.93
1380	6	2	54.97999999999999	9.810000000000004
1380	7	2	55.02000000000001	55.22999999999999
1380	8	2	54.95	99.83999999999995
1380	9	2	54.87999999999998	144.88
1380	10	2	55.00000000000001	190.10999999999996
1380	11	2	100.26	9.899999999999997
1380	12	2	100.09	54.980000000000004
1380	13	2	100.12	100.12000000000003
1380	14	2	100.12	145.11999999999992
1380	15	2	99.93	190.07999999999996
1380	16	2	145.14141414141412	10.383838383838384
1380	17	2	144.97999999999993	54.95000000000002
1380	18	2	145.0900000000001	100.42000000000002
1380	19	2	145.1599999999999	144.95
1380	20	2	145.27083333333331	190.27083333333331
1380	21	2	190.14	9.740000000000002
1380	22	2	190.1199999999999	54.88
1380	23	2	190.19148936170217	100.09574468085106
1380	24	2	189.72916666666669	144.97916666666666
1380	25	2	190.21999999999994	190.27999999999994
1380	26	1	32.92537313432835	51.35323383084574
1380	27	1	162.52261306532662	14.487437185929648
1380	28	1	134.145728643216	32.68341708542713
1380	29	1	182.66666666666669	78.1194029850746
1380	30	1	39.02499999999999	132.9600000000001
1380	31	1	148.82089552238799	116.57711442786064
1380	32	1	156.79000000000016	3.4950000000000006
1380	33	1	150.14356435643555	26.202970297029687
1380	34	1	122.26499999999997	43.519999999999996
1380	35	1	131.20499999999993	122.91499999999998
1380	36	1	113.80500000000006	82.36500000000002
1380	37	1	33.778894472361806	142.74371859296477
1380	38	1	113.2914572864321	41.663316582914575
1380	39	1	179.90452261306535	37.19095477386936
1380	40	1	168.63184079601987	0.776119402985131
1380	41	1	46.199004975124396	80.8557213930349
1380	42	1	48.16915422885572	124.35820895522387
1380	43	1	161.1	37.19500000000001
1380	44	1	116.28500000000001	128.70000000000007
1380	45	1	113.21499999999996	100.35999999999991
1380	46	1	131.46500000000006	102.75999999999998
1380	47	1	131.9547738693468	52.9246231155779
1380	48	1	69.83582089552235	49.58706467661693
1380	49	1	124.52999999999999	91.29500000000003
1380	50	1	187.22500000000002	89.39999999999999
1380	51	1	133.10999999999999	83.81999999999994
1380	52	1	124.35500000000002	111.90500000000003
1380	53	1	133.68499999999997	22.504999999999995
1380	54	1	31.119999999999994	165.60999999999996
1380	55	1	110.29499999999997	119.44000000000001
1380	56	1	24.226130653266342	155.24623115577882
1380	57	1	112.755	68.95499999999997
1380	58	1	41.54	150.43999999999994
1380	59	1	89.71500000000002	181.77999999999997
1380	60	1	176.845	15.860000000000005
1380	61	1	100.37	85.53
1380	62	1	115.62814070351759	139.6834170854272
1380	63	1	82.74000000000002	87.58500000000004
1380	64	1	159.32499999999985	122.78500000000008
1380	65	1	38.95500000000003	57.24999999999998
1380	66	1	141.89447236180905	41.21105527638187
1380	67	1	96.77500000000002	124.37999999999998
1380	68	1	49.849246231155774	42.256281407035154
1380	69	1	23.47	53.40000000000002
1380	70	1	168.24999999999997	26.819999999999993
1380	71	1	74.085	68.28000000000011
1380	72	1	123.79899497487436	65.56783919597989
1380	73	1	129.26368159203983	139.62686567164178
1380	74	1	89.09000000000003	97.52000000000004
1380	75	1	110.86069651741292	30.064676616915413
1390	1	2	10.32	9.919999999999991
1390	2	2	9.91	54.940000000000026
1390	3	2	10.271739130434783	100
1390	4	2	10.000000000000004	145
1390	5	2	9.78	189.93
1390	6	2	54.97999999999999	9.810000000000004
1390	7	2	55.02000000000001	55.22999999999999
1390	8	2	54.95	99.83999999999995
1390	9	2	54.87999999999998	144.88
1390	10	2	55.00000000000001	190.10999999999996
1390	11	2	100.26	9.899999999999997
1390	12	2	100.09	54.980000000000004
1390	13	2	100.12	100.12000000000003
1390	14	2	100.12	145.11999999999992
1390	15	2	99.93	190.07999999999996
1390	16	2	145.14141414141412	10.383838383838384
1390	17	2	144.97999999999993	54.95000000000002
1390	18	2	145.0900000000001	100.42000000000002
1390	19	2	145.1599999999999	144.95
1390	20	2	145.27083333333331	190.27083333333331
1390	21	2	190.14	9.740000000000002
1390	22	2	190.1199999999999	54.88
1390	23	2	190.19148936170217	100.09574468085106
1390	24	2	189.72916666666669	144.97916666666666
1390	25	2	190.21999999999994	190.27999999999994
1390	26	1	33.024999999999984	51.224999999999994
1390	27	1	161.685	15.494999999999996
1390	28	1	133.35820895522392	33.4626865671642
1390	29	1	183.43781094527358	78.07462686567168
1390	30	1	39.43999999999997	133.04500000000016
1390	31	1	148.7199999999999	116.44999999999997
1390	32	1	157.3599999999999	3.3749999999999996
1390	33	1	148.7336683417085	26.36683417085427
1390	34	1	122.26130653266333	43.783919597989936
1390	35	1	131.23267326732665	122.81683168316832
1390	36	1	113.28000000000004	82.29
1390	37	1	32.537313432835795	143.1691542288556
1390	38	1	113.27000000000004	41.585
1390	39	1	179.495	36.989999999999995
1390	40	1	168.70499999999998	1.395000000000124
1390	41	1	45.17910447761195	81.70149253731347
1390	42	1	47.41999999999999	123.67500000000003
1390	43	1	160.30999999999997	36.58000000000002
1390	44	1	116.55721393034824	129.29353233830844
1390	45	1	113.31499999999998	100.83500000000004
1390	46	1	131.30999999999995	102.80000000000003
1390	47	1	131.93532338308452	54.80597014925375
1390	48	1	70.7860696517413	50.945273631840806
1390	49	1	124.18	90.67500000000004
1390	50	1	187.3115577889448	89.59296482412063
1390	51	1	133.15499999999994	84.09000000000005
1390	52	1	124.095	112.22500000000001
1390	53	1	132.72	22.855
1390	54	1	31.631840796019908	167.41293532338298
1390	55	1	110.45226130653265	119.46733668341712
1390	56	1	24.060000000000002	157.29500000000002
1390	57	1	111.9849246231156	69.20603015075378
1390	58	1	40.341708542713576	150.49748743718595
1390	59	1	89.04999999999998	180.935
1390	60	1	177.30499999999992	14.950000000000001
1390	61	1	100.30499999999998	86.31499999999996
1390	62	1	116.69849246231156	140.11557788944728
1390	63	1	81.61499999999995	87.71000000000001
1390	64	1	160.39500000000004	121.95999999999997
1390	65	1	39.22499999999999	56.44500000000002
1390	66	1	141.2749999999999	41.995000000000005
1390	67	1	96.55500000000002	124.59000000000003
1390	68	1	50.94500000000001	42.69
1390	69	1	23.68341708542715	53.02010050251259
1390	70	1	167.33	26.560000000000002
1390	71	1	74.68844221105526	70.17587939698494
1390	72	1	123.50000000000007	66.325
1390	73	1	130.20603015075372	139.44723618090455
1390	74	1	89.15500000000003	96.49999999999999
1390	75	1	109.72139303482581	30.681592039800982
1400	1	2	10.32	9.919999999999991
1400	2	2	9.91	54.940000000000026
1400	3	2	10.271739130434783	100
1400	4	2	10.000000000000004	145
1400	5	2	9.78	189.93
1400	6	2	54.97999999999999	9.810000000000004
1400	7	2	55.02000000000001	55.22999999999999
1400	8	2	54.95	99.83999999999995
1400	9	2	54.87999999999998	144.88
1400	10	2	55.00000000000001	190.10999999999996
1400	11	2	100.26	9.899999999999997
1400	12	2	100.09	54.980000000000004
1400	13	2	100.12	100.12000000000003
1400	14	2	100.12	145.11999999999992
1400	15	2	99.93	190.07999999999996
1400	16	2	145.14141414141412	10.383838383838384
1400	17	2	144.97999999999993	54.95000000000002
1400	18	2	145.0900000000001	100.42000000000002
1400	19	2	145.1599999999999	144.95
1400	20	2	145.27083333333331	190.27083333333331
1400	21	2	190.14	9.740000000000002
1400	22	2	190.1199999999999	54.88
1400	23	2	190.19148936170217	100.09574468085106
1400	24	2	189.72916666666669	144.97916666666666
1400	25	2	190.21999999999994	190.27999999999994
1400	26	1	33.23999999999999	51.00499999999999
1400	27	1	160.99499999999998	16.374999999999996
1400	28	1	132.89499999999984	34.42999999999999
1400	29	1	184.1749999999999	77.735
1400	30	1	39.90999999999998	133.435
1400	31	1	148.356783919598	116.57788944723617
1400	32	1	157.7	3.7549999999999994
1400	33	1	147.72	26.09000000000001
1400	34	1	122.065	44.31499999999999
1400	35	1	131.18000000000004	122.73500000000004
1400	36	1	112.21105527638194	82.19095477386936
1400	37	1	31.359999999999996	143.53
1400	38	1	113.24499999999998	41.974999999999994
1400	39	1	178.6	36.81500000000001
1400	40	1	168.79499999999993	1.9800000000000182
1400	41	1	43.910000000000004	82.25500000000002
1400	42	1	46.66666666666669	123.25373134328365
1400	43	1	159.24000000000007	35.775
1400	44	1	116.395	129.70999999999998
1400	45	1	113.64676616915422	100.6417910447762
1400	46	1	131.34328358208958	103.14925373134325
1400	47	1	131.95000000000007	56.295
1400	48	1	71.66169154228851	52.42786069651741
1400	49	1	123.92964824120607	89.92964824120602
1400	50	1	187.43499999999992	89.845
1400	51	1	133.03499999999997	84.60000000000002
1400	52	1	123.65499999999997	112.55500000000004
1400	53	1	131.47236180904522	23.557788944723622
1400	54	1	32.5870646766169	168.33333333333326
1400	55	1	110.62814070351756	119.37185929648236
1400	56	1	23.494999999999987	158.83500000000004
1400	57	1	111.40703517587943	69.33165829145726
1400	58	1	38.67500000000001	151.27500000000006
1400	59	1	88.15499999999996	180.07499999999993
1400	60	1	177.345	14.265000000000004
1400	61	1	100.25999999999996	86.98500000000004
1400	62	1	117.705	140.69
1400	63	1	80.90452261306537	88.12562814070348
1400	64	1	161.62189054726372	121.34825870646769
1400	65	1	39.485	56.065000000000005
1400	66	1	140.43283582089552	42.4179104477612
1400	67	1	96.64000000000001	124.52000000000011
1400	68	1	52.29999999999997	43.05000000000002
1400	69	1	24.14070351758794	52.3718592964824
1400	70	1	167.7386934673366	26.55276381909547
1400	71	1	75.15000000000003	72.07999999999997
1400	72	1	123.26000000000002	67
1400	73	1	131.46500000000003	138.26999999999984
1400	74	1	89.00502512562812	96.08542713567842
1400	75	1	108.6965174129353	31.199004975124375
1410	1	2	10.32	9.919999999999991
1410	2	2	9.91	54.940000000000026
1410	3	2	10.271739130434783	100
1410	4	2	10.000000000000004	145
1410	5	2	9.78	189.93
1410	6	2	54.97999999999999	9.810000000000004
1410	7	2	55.02000000000001	55.22999999999999
1410	8	2	54.95	99.83999999999995
1410	9	2	54.87999999999998	144.88
1410	10	2	55.00000000000001	190.10999999999996
1410	11	2	100.26	9.899999999999997
1410	12	2	100.09	54.980000000000004
1410	13	2	100.12	100.12000000000003
1410	14	2	100.12	145.11999999999992
1410	15	2	99.93	190.07999999999996
1410	16	2	145.14141414141412	10.383838383838384
1410	17	2	144.97999999999993	54.95000000000002
1410	18	2	145.0900000000001	100.42000000000002
1410	19	2	145.1599999999999	144.95
1410	20	2	145.27083333333331	190.27083333333331
1410	21	2	190.14	9.740000000000002
1410	22	2	190.1199999999999	54.88
1410	23	2	190.19148936170217	100.09574468085106
1410	24	2	189.72916666666669	144.97916666666666
1410	25	2	190.21999999999994	190.27999999999994
1410	26	1	33.41999999999999	50.91
1410	27	1	160.90049751243768	17.16417910447761
1410	28	1	132.49748743718598	35.24120603015075
1410	29	1	184.94527363184073	77.19900497512438
1410	30	1	39.925373134328346	134.20895522388048
1410	31	1	148.2311557788946	116.73869346733663
1410	32	1	158.45000000000002	4.469999999999999
1410	33	1	146.79999999999987	26.279999999999998
1410	34	1	122.24623115577884	45.40201005025127
1410	35	1	130.78	122.93000000000002
1410	36	1	111.60696517412943	82.16417910447763
1410	37	1	29.765000000000008	143.97499999999997
1410	38	1	113.69	41.38000000000001
1410	39	1	177.74499999999986	37.02499999999996
1410	40	1	168.92999999999995	2.1699999999999307
1410	41	1	42.9145728643216	82.58291457286435
1410	42	1	46.46499999999997	123.33500000000002
1410	43	1	158.31500000000005	35.47499999999998
1410	44	1	116.09950248756216	130.3830845771145
1410	45	1	113.87437185929646	100.62311557788946
1410	46	1	131.39000000000001	103.19499999999998
1410	47	1	132.08	58.114999999999995
1410	48	1	71.89500000000007	54.36500000000003
1410	49	1	123.65000000000005	89.56500000000007
1410	50	1	187.57788944723606	89.91457286432154
1410	51	1	132.99000000000007	85.16499999999998
1410	52	1	123.38499999999999	113.32500000000003
1410	53	1	131.13567839195983	24.040201005025118
1410	54	1	33.55721393034825	169.53233830845772
1410	55	1	110.89500000000002	119.17500000000001
1410	56	1	22.756218905472636	160.41293532338304
1410	57	1	110.6965174129353	69.69154228855722
1410	58	1	36.37185929648241	152.0804020100503
1410	59	1	86.39	179.02
1410	60	1	177.60500000000008	13.844999999999997
1410	61	1	100.67839195979896	87.35175879396985
1410	62	1	118.71	141.25
1410	63	1	80.37313432835816	88.6517412935324
1410	64	1	162.16	120.95500000000003
1410	65	1	39.975000000000016	55.384999999999984
1410	66	1	139.87939698492457	42.98994974874374
1410	67	1	96.89000000000003	124.54500000000006
1410	68	1	53.48241206030149	43.05025125628139
1410	69	1	24.36499999999998	52.084999999999994
1410	70	1	167.68499999999997	26.880000000000003
1410	71	1	74.97500000000001	73.67500000000001
1410	72	1	122.96482412060303	67.64321608040201
1410	73	1	132.83500000000004	137.51500000000001
1410	74	1	89.1	95.93499999999997
1410	75	1	107.30653266331657	31.66834170854271
1420	1	2	10.32	9.919999999999991
1420	2	2	9.91	54.940000000000026
1420	3	2	10.271739130434783	100
1420	4	2	10.000000000000004	145
1420	5	2	9.78	189.93
1420	6	2	54.97999999999999	9.810000000000004
1420	7	2	55.02000000000001	55.22999999999999
1420	8	2	54.95	99.83999999999995
1420	9	2	54.87999999999998	144.88
1420	10	2	55.00000000000001	190.10999999999996
1420	11	2	100.26	9.899999999999997
1420	12	2	100.09	54.980000000000004
1420	13	2	100.12	100.12000000000003
1420	14	2	100.12	145.11999999999992
1420	15	2	99.93	190.07999999999996
1420	16	2	145.14141414141412	10.383838383838384
1420	17	2	144.97999999999993	54.95000000000002
1420	18	2	145.0900000000001	100.42000000000002
1420	19	2	145.1599999999999	144.95
1420	20	2	145.27083333333331	190.27083333333331
1420	21	2	190.14	9.740000000000002
1420	22	2	190.1199999999999	54.88
1420	23	2	190.19148936170217	100.09574468085106
1420	24	2	189.72916666666669	144.97916666666666
1420	25	2	190.21999999999994	190.27999999999994
1420	26	1	33.635000000000005	50.76499999999999
1420	27	1	160.55500000000004	17.810000000000013
1420	28	1	132.34500000000006	35.989999999999995
1420	29	1	185.61306532663312	76.88944723618087
1420	30	1	39.57788944723618	135.00502512562807
1420	31	1	148.0149999999999	117.08499999999995
1420	32	1	158.85074626865682	4.9154228855721405
1420	33	1	145.84079601990044	25.975124378109435
1420	34	1	122.61809045226131	46.5226130653266
1420	35	1	130.68500000000003	123.015
1420	36	1	111.03500000000003	82.26000000000002
1420	37	1	28.725	144.41500000000008
1420	38	1	113.62814070351757	41.49748743718596
1420	39	1	176.84499999999997	37.21
1420	40	1	169.2	2.4899999999999523
1420	41	1	42.305000000000014	82.725
1420	42	1	46.370000000000026	123.05000000000001
1420	43	1	157.43000000000006	35.10500000000002
1420	44	1	116.07537688442214	130.65326633165836
1420	45	1	114.34999999999998	100.66499999999999
1420	46	1	131.29000000000002	103.47000000000003
1420	47	1	132.0895522388059	59.751243781094516
1420	48	1	72.07462686567163	56.33333333333334
1420	49	1	123.18905472636813	88.95522388059705
1420	50	1	187.98492462311557	89.80402010050248
1420	51	1	132.57711442786072	85.41791044776119
1420	52	1	122.93434343434346	114.39898989898991
1420	53	1	130.10000000000002	24.96999999999999
1420	54	1	33.85	170.67999999999992
1420	55	1	110.83999999999997	118.61500000000004
1420	56	1	22.439999999999994	161.435
1420	57	1	109.75879396984925	70.24623115577887
1420	58	1	34.97014925373134	152.9800995024875
1420	59	1	84.78606965174131	177.93532338308466
1420	60	1	177.8059701492538	13.383084577114428
1420	61	1	100.565	87.54500000000002
1420	62	1	119.55721393034828	141.56218905472636
1420	63	1	79.84000000000002	88.60999999999999
1420	64	1	163.66	120.33499999999997
1420	65	1	40.29499999999999	55.129999999999995
1420	66	1	139.66000000000003	43.79000000000002
1420	67	1	96.68500000000002	124.69000000000005
1420	68	1	53.625	43.08
1420	69	1	24.359999999999996	51.945000000000014
1420	70	1	167.66000000000003	26.974999999999987
1420	71	1	74.68159203980095	75.00995024875621
1420	72	1	122.48484848484834	67.83838383838383
1420	73	1	133.9200000000001	136.6349999999999
1420	74	1	88.98499999999997	95.72999999999995
1420	75	1	106.60000000000005	31.795
1430	1	2	10.32	9.919999999999991
1430	2	2	9.91	54.940000000000026
1430	3	2	10.271739130434783	100
1430	4	2	10.000000000000004	145
1430	5	2	9.78	189.93
1430	6	2	54.97999999999999	9.810000000000004
1430	7	2	55.02000000000001	55.22999999999999
1430	8	2	54.95	99.83999999999995
1430	9	2	54.87999999999998	144.88
1430	10	2	55.00000000000001	190.10999999999996
1430	11	2	100.26	9.899999999999997
1430	12	2	100.09	54.980000000000004
1430	13	2	100.12	100.12000000000003
1430	14	2	100.12	145.11999999999992
1430	15	2	99.93	190.07999999999996
1430	16	2	145.14141414141412	10.383838383838384
1430	17	2	144.97999999999993	54.95000000000002
1430	18	2	145.0900000000001	100.42000000000002
1430	19	2	145.1599999999999	144.95
1430	20	2	145.27083333333331	190.27083333333331
1430	21	2	190.14	9.740000000000002
1430	22	2	190.1199999999999	54.88
1430	23	2	190.19148936170217	100.09574468085106
1430	24	2	189.72916666666669	144.97916666666666
1430	25	2	190.21999999999994	190.27999999999994
1430	26	1	33.83919597989952	50.45226130653264
1430	27	1	160.1608040201006	18.38693467336685
1430	28	1	132.3134328358209	36.77114427860696
1430	29	1	186.625	76.36500000000001
1430	30	1	39.889999999999986	136.38999999999993
1430	31	1	147.98999999999998	117.46500000000006
1430	32	1	159.29500000000007	5.76
1430	33	1	144.899497487437	25.969849246231142
1430	34	1	122.94000000000003	46.85499999999998
1430	35	1	130.57999999999996	123.15499999999996
1430	36	1	110.51010101010102	82.33333333333333
1430	37	1	27.700000000000006	144.66499999999996
1430	38	1	113.3115577889447	41.70854271356784
1430	39	1	175.215	37.415
1430	40	1	168.96999999999994	2.784999999999999
1430	41	1	41.890547263681604	83.7910447761194
1430	42	1	45.804999999999986	122.73500000000003
1430	43	1	156.8606965174129	35.07462686567165
1430	44	1	115.84499999999997	130.87499999999997
1430	45	1	114.9502487562189	100.33333333333331
1430	46	1	131.46499999999986	103.77999999999999
1430	47	1	131.77499999999986	61.03999999999996
1430	48	1	72.30000000000004	58.30999999999995
1430	49	1	122.93034825870656	88.2636815920398
1430	50	1	187.72139303482598	89.89552238805972
1430	51	1	132.31658291457293	85.90954773869338
1430	52	1	122.69999999999997	115.16000000000008
1430	53	1	129.40999999999997	25.640000000000008
1430	54	1	34.42288557213929	171.92537313432825
1430	55	1	110.71641791044777	118.19402985074626
1430	56	1	22.608040201005032	162.80402010050253
1430	57	1	108.54000000000002	70.885
1430	58	1	33.37500000000001	154.14500000000004
1430	59	1	83.33	177.62500000000017
1430	60	1	177.915	13.149999999999993
1430	61	1	100.26500000000004	87.65500000000002
1430	62	1	120.82500000000005	142.28999999999996
1430	63	1	79.37500000000003	89.07000000000001
1430	64	1	164.50999999999996	120.01999999999998
1430	65	1	40.41000000000002	54.88000000000001
1430	66	1	139.46	44.475
1430	67	1	96.52000000000001	124.83000000000004
1430	68	1	53.76499999999998	42.98500000000001
1430	69	1	24.449999999999985	51.745
1430	70	1	167.19191919191923	27.07575757575758
1430	71	1	74.11940298507463	76.5373134328358
1430	72	1	122.13567839195979	68.21608040201006
1430	73	1	134.44500000000002	135.99499999999992
1430	74	1	88.88500000000002	95.6
1430	75	1	106.00499999999998	31.899999999999995
1440	1	2	10.32	9.919999999999991
1440	2	2	9.91	54.940000000000026
1440	3	2	10.271739130434783	100
1440	4	2	10.000000000000004	145
1440	5	2	9.78	189.93
1440	6	2	54.97999999999999	9.810000000000004
1440	7	2	55.02000000000001	55.22999999999999
1440	8	2	54.95	99.83999999999995
1440	9	2	54.87999999999998	144.88
1440	10	2	55.00000000000001	190.10999999999996
1440	11	2	100.26	9.899999999999997
1440	12	2	100.09	54.980000000000004
1440	13	2	100.12	100.12000000000003
1440	14	2	100.12	145.11999999999992
1440	15	2	99.93	190.07999999999996
1440	16	2	145.14141414141412	10.383838383838384
1440	17	2	144.97999999999993	54.95000000000002
1440	18	2	145.0900000000001	100.42000000000002
1440	19	2	145.1599999999999	144.95
1440	20	2	145.27083333333331	190.27083333333331
1440	21	2	190.14	9.740000000000002
1440	22	2	190.1199999999999	54.88
1440	23	2	190.19148936170217	100.09574468085106
1440	24	2	189.72916666666669	144.97916666666666
1440	25	2	190.21999999999994	190.27999999999994
1440	26	1	34.08040201005025	50.165829145728644
1440	27	1	159.22999999999996	19.185000000000002
1440	28	1	132.43718592964825	37.14572864321608
1440	29	1	187.7437185929647	75.54773869346732
1440	30	1	39.87	137.745
1440	31	1	148.04999999999998	117.79499999999999
1440	32	1	159.99000000000004	6.670000000000003
1440	33	1	143.41999999999993	26.060000000000002
1440	34	1	123.36999999999993	47.48999999999999
1440	35	1	130.4399999999999	123.24999999999999
1440	36	1	110.04477611940302	82.44278606965175
1440	37	1	26.5678391959799	145.23115577889453
1440	38	1	113.11500000000005	41.964999999999975
1440	39	1	174.05970149253733	37.840796019900495
1440	40	1	168.96019900497507	3.174129353233831
1440	41	1	40.66000000000002	84.49999999999997
1440	42	1	45.66500000000002	123.29499999999994
1440	43	1	156.25500000000002	35.029999999999994
1440	44	1	115.37499999999994	131.1199999999999
1440	45	1	115.62999999999998	100.57499999999999
1440	46	1	131.85929648241202	104.12060301507533
1440	47	1	131.31188118811872	61.98019801980199
1440	48	1	72.44000000000001	60.164999999999985
1440	49	1	122.36999999999999	87.705
1440	50	1	187.13432835820888	89.32338308457715
1440	51	1	131.86567164179107	86.30348258706464
1440	52	1	122.29500000000007	116.12000000000006
1440	53	1	127.81000000000003	26.545
1440	54	1	35.29999999999999	172.90000000000018
1440	55	1	110.76000000000003	116.97500000000001
1440	56	1	23.32338308457711	164.21393034825874
1440	57	1	107.785	71.02000000000005
1440	58	1	32.86	155.05999999999995
1440	59	1	81.79601990049751	177.53731343283582
1440	60	1	178.08500000000012	12.649999999999999
1440	61	1	100.39999999999999	87.97500000000007
1440	62	1	121.92499999999998	142.51000000000008
1440	63	1	78.75499999999997	90.10499999999999
1440	64	1	165.15499999999983	120.01500000000001
1440	65	1	40.744999999999976	54.694999999999986
1440	66	1	138.98484848484847	45.43939393939395
1440	67	1	96.92462311557784	124.40201005025126
1440	68	1	53.50000000000004	42.725
1440	69	1	24.482412060301506	52.01005025125627
1440	70	1	167.04999999999995	27.210000000000008
1440	71	1	74.13000000000001	78.08499999999995
1440	72	1	121.89000000000003	68.87500000000004
1440	73	1	134.86	135.15500000000003
1440	74	1	88.63499999999996	95.60499999999998
1440	75	1	104.92000000000004	32.085
1450	1	2	10.32	9.919999999999991
1450	2	2	9.91	54.940000000000026
1450	3	2	10.271739130434783	100
1450	4	2	10.000000000000004	145
1450	5	2	9.78	189.93
1450	6	2	54.97999999999999	9.810000000000004
1450	7	2	55.02000000000001	55.22999999999999
1450	8	2	54.95	99.83999999999995
1450	9	2	54.87999999999998	144.88
1450	10	2	55.00000000000001	190.10999999999996
1450	11	2	100.26	9.899999999999997
1450	12	2	100.09	54.980000000000004
1450	13	2	100.12	100.12000000000003
1450	14	2	100.12	145.11999999999992
1450	15	2	99.93	190.07999999999996
1450	16	2	145.14141414141412	10.383838383838384
1450	17	2	144.97999999999993	54.95000000000002
1450	18	2	145.0900000000001	100.42000000000002
1450	19	2	145.1599999999999	144.95
1450	20	2	145.27083333333331	190.27083333333331
1450	21	2	190.14	9.740000000000002
1450	22	2	190.1199999999999	54.88
1450	23	2	190.19148936170217	100.09574468085106
1450	24	2	189.72916666666669	144.97916666666666
1450	25	2	190.21999999999994	190.27999999999994
1450	26	1	34.16080402010049	50.21105527638188
1450	27	1	158.01	19.670000000000005
1450	28	1	132.28643216080386	37.50251256281405
1450	29	1	188.47999999999996	75.07499999999999
1450	30	1	39.75500000000001	139.21
1450	31	1	148.8849999999999	118.91499999999996
1450	32	1	160.42000000000002	7.25
1450	33	1	142.40796019900503	25.98507462686567
1450	34	1	123.48499999999996	47.999999999999986
1450	35	1	130.36000000000007	123.03999999999998
1450	36	1	109.64500000000002	82.40499999999989
1450	37	1	25.619999999999994	145.81500000000008
1450	38	1	112.82000000000004	41.74500000000001
1450	39	1	172.77114427860698	38.646766169154226
1450	40	1	168.885	3.8500000000000005
1450	41	1	39.71499999999998	85.19999999999999
1450	42	1	45.17412935323382	123.97512437810941
1450	43	1	156.13000000000002	34.840000000000025
1450	44	1	115.40298507462691	131.42288557213928
1450	45	1	116.03000000000003	100.77999999999993
1450	46	1	132.1	105.32499999999999
1450	47	1	130.49000000000007	62.22499999999999
1450	48	1	72.30999999999997	61.645000000000024
1450	49	1	121.96517412935326	87.58208955223887
1450	50	1	186.35999999999996	88.53499999999997
1450	51	1	131.42713567839203	87.22110552763822
1450	52	1	121.59296482412057	117.01005025125629
1450	53	1	126.63819095477386	27.5678391959799
1450	54	1	35.696517412935336	174.70149253731338
1450	55	1	110.395	116.13499999999998
1450	56	1	24.22000000000001	165.04999999999995
1450	57	1	106.945	71.43
1450	58	1	32.43283582089552	155.64676616915412
1450	59	1	79.37999999999995	177.1799999999999
1450	60	1	178.19500000000005	12.425
1450	61	1	100.53500000000003	88.27
1450	62	1	123.42999999999998	143.565
1450	63	1	78.68999999999994	90.42500000000004
1450	64	1	166.23880597014917	119.85074626865664
1450	65	1	40.81000000000001	54.769999999999996
1450	66	1	138.73869346733665	46.145728643216096
1450	67	1	96.69500000000005	124.00499999999997
1450	68	1	53.49000000000003	42.584999999999994
1450	69	1	24.485	51.795
1450	70	1	167.06000000000006	27.149999999999995
1450	71	1	73.62189054726365	79.77114427860698
1450	72	1	121.92039800995023	69.52736318407962
1450	73	1	135.2985074626867	133.53233830845775
1450	74	1	88.08999999999996	95.62500000000006
1450	75	1	103.79499999999997	32.06000000000002
1460	1	2	10.32	9.919999999999991
1460	2	2	9.91	54.940000000000026
1460	3	2	10.271739130434783	100
1460	4	2	10.000000000000004	145
1460	5	2	9.78	189.93
1460	6	2	54.97999999999999	9.810000000000004
1460	7	2	55.02000000000001	55.22999999999999
1460	8	2	54.95	99.83999999999995
1460	9	2	54.87999999999998	144.88
1460	10	2	55.00000000000001	190.10999999999996
1460	11	2	100.26	9.899999999999997
1460	12	2	100.09	54.980000000000004
1460	13	2	100.12	100.12000000000003
1460	14	2	100.12	145.11999999999992
1460	15	2	99.93	190.07999999999996
1460	16	2	145.14141414141412	10.383838383838384
1460	17	2	144.97999999999993	54.95000000000002
1460	18	2	145.0900000000001	100.42000000000002
1460	19	2	145.1599999999999	144.95
1460	20	2	145.27083333333331	190.27083333333331
1460	21	2	190.14	9.740000000000002
1460	22	2	190.1199999999999	54.88
1460	23	2	190.19148936170217	100.09574468085106
1460	24	2	189.72916666666669	144.97916666666666
1460	25	2	190.21999999999994	190.27999999999994
1460	26	1	34.244999999999976	49.96000000000002
1460	27	1	157.0995024875622	20.05472636815919
1460	28	1	132.56999999999994	37.96000000000001
1460	29	1	189.60804020100502	74.52763819095473
1460	30	1	38.634999999999955	141.02999999999992
1460	31	1	149.51499999999996	119.44500000000001
1460	32	1	160.65499999999997	7.485000000000001
1460	33	1	141.6449999999999	25.530000000000005
1460	34	1	123.61809045226127	48.281407035175874
1460	35	1	130.35	123.045
1460	36	1	109.33000000000003	82.02999999999996
1460	37	1	24.86000000000001	146.49000000000004
1460	38	1	112.34999999999998	41.36
1460	39	1	171.32000000000002	39.72499999999998
1460	40	1	169.03	4.299999999999983
1460	41	1	37.95477386934675	85.74874371859298
1460	42	1	44.675000000000004	124.79999999999995
1460	43	1	155.99999999999994	34.855000000000004
1460	44	1	115.25247524752476	131.68811881188134
1460	45	1	116.80500000000002	101.175
1460	46	1	132.3316582914572	105.76381909547739
1460	47	1	130.25500000000005	62.84499999999996
1460	48	1	72.42000000000002	63.164999999999985
1460	49	1	121.59999999999997	87.09000000000003
1460	50	1	184.935	88.15000000000002
1460	51	1	131.12000000000006	88.215
1460	52	1	121.16499999999999	118.04000000000003
1460	53	1	126.23000000000005	28.584999999999997
1460	54	1	36.065000000000005	176.60000000000005
1460	55	1	110.35000000000001	114.98500000000003
1460	56	1	25.104999999999997	166.25
1460	57	1	106.36683417085426	71.65829145728645
1460	58	1	32.412935323383095	156.92537313432837
1460	59	1	77.48	177.18499999999997
1460	60	1	178.23499999999996	12.274999999999993
1460	61	1	100.69	88.45500000000001
1460	62	1	124.78499999999997	143.73499999999999
1460	63	1	78.28499999999991	90.755
1460	64	1	166.75500000000005	119.89500000000007
1460	65	1	40.79999999999998	54.80499999999998
1460	66	1	138.57788944723623	46.6683417085427
1460	67	1	96.54773869346738	123.56281407035168
1460	68	1	53.48	42.504999999999974
1460	69	1	24.269999999999985	51.605000000000004
1460	70	1	166.84999999999994	27.13
1460	71	1	73.2338308457711	81.33830845771139
1460	72	1	121.771144278607	69.53233830845775
1460	73	1	136.275	132.115
1460	74	1	87.28499999999994	95.66999999999996
1460	75	1	102.22000000000003	32.144999999999996
1470	1	2	10.32	9.919999999999991
1470	2	2	9.91	54.940000000000026
1470	3	2	10.271739130434783	100
1470	4	2	10.000000000000004	145
1470	5	2	9.78	189.93
1470	6	2	54.97999999999999	9.810000000000004
1470	7	2	55.02000000000001	55.22999999999999
1470	8	2	54.95	99.83999999999995
1470	9	2	54.87999999999998	144.88
1470	10	2	55.00000000000001	190.10999999999996
1470	11	2	100.26	9.899999999999997
1470	12	2	100.09	54.980000000000004
1470	13	2	100.12	100.12000000000003
1470	14	2	100.12	145.11999999999992
1470	15	2	99.93	190.07999999999996
1470	16	2	145.14141414141412	10.383838383838384
1470	17	2	144.97999999999993	54.95000000000002
1470	18	2	145.0900000000001	100.42000000000002
1470	19	2	145.1599999999999	144.95
1470	20	2	145.27083333333331	190.27083333333331
1470	21	2	190.14	9.740000000000002
1470	22	2	190.1199999999999	54.88
1470	23	2	190.19148936170217	100.09574468085106
1470	24	2	189.72916666666669	144.97916666666666
1470	25	2	190.21999999999994	190.27999999999994
1470	26	1	34.249999999999986	49.98000000000002
1470	27	1	156.16915422885586	20.557213930348265
1470	28	1	132.82500000000007	38.04500000000001
1470	29	1	190.755	74.175
1470	30	1	37.54000000000002	142.05999999999995
1470	31	1	150.00000000000006	119.845
1470	32	1	160.79396984924622	7.849246231155779
1470	33	1	140.20499999999998	24.749999999999996
1470	34	1	123.86499999999995	48.935
1470	35	1	130.07999999999998	123.06499999999996
1470	36	1	109.47236180904521	81.95979899497488
1470	37	1	24.490000000000002	147.02499999999998
1470	38	1	112.335	40.120000000000005
1470	39	1	170.45999999999995	40.074999999999996
1470	40	1	169.10000000000002	4.629999999999967
1470	41	1	36.83500000000001	86.23000000000005
1470	42	1	44.250000000000014	125.51999999999998
1470	43	1	155.79000000000002	34.65499999999999
1470	44	1	115.68159203980102	132.5223880597014
1470	45	1	117.28999999999995	101.87000000000002
1470	46	1	132.58208955223867	106.38805970149255
1470	47	1	129.910447761194	63.45273631840797
1470	48	1	73.58706467661688	65.45771144278608
1470	49	1	121.28643216080397	87.17587939698487
1470	50	1	182.94974874371857	87.54271356783914
1470	51	1	130.73500000000007	88.96499999999999
1470	52	1	120.54000000000002	118.86500000000001
1470	53	1	125.7788944723618	29.38693467336683
1470	54	1	36.68844221105528	178.49246231155786
1470	55	1	110.09950248756216	114.28358208955224
1470	56	1	26.300000000000008	167.49500000000003
1470	57	1	105.80904522613062	71.96482412060305
1470	58	1	32.69000000000001	157.95500000000004
1470	59	1	75.7711442786069	177.0248756218906
1470	60	1	178.24500000000006	12.524999999999999
1470	61	1	100.31999999999996	88.415
1470	62	1	126.45499999999997	144.14999999999998
1470	63	1	78.21499999999996	90.52999999999996
1470	64	1	167.22499999999994	120.43500000000002
1470	65	1	40.974999999999994	54.720000000000006
1470	66	1	138.36683417085422	46.9597989949749
1470	67	1	96.17499999999995	123.585
1470	68	1	53.577889447236174	42.27638190954773
1470	69	1	23.595000000000006	51.625
1470	70	1	166.8750000000001	27.110000000000007
1470	71	1	72.11940298507464	83.30348258706468
1470	72	1	121.70500000000006	70.005
1470	73	1	137.15500000000011	130.88
1470	74	1	85.88442211055276	96.93467336683416
1470	75	1	100.81094527363179	32.29353233830847
1480	1	2	10.32	9.919999999999991
1480	2	2	9.91	54.940000000000026
1480	3	2	10.271739130434783	100
1480	4	2	10.000000000000004	145
1480	5	2	9.78	189.93
1480	6	2	54.97999999999999	9.810000000000004
1480	7	2	55.02000000000001	55.22999999999999
1480	8	2	54.95	99.83999999999995
1480	9	2	54.87999999999998	144.88
1480	10	2	55.00000000000001	190.10999999999996
1480	11	2	100.26	9.899999999999997
1480	12	2	100.09	54.980000000000004
1480	13	2	100.12	100.12000000000003
1480	14	2	100.12	145.11999999999992
1480	15	2	99.93	190.07999999999996
1480	16	2	145.14141414141412	10.383838383838384
1480	17	2	144.97999999999993	54.95000000000002
1480	18	2	145.0900000000001	100.42000000000002
1480	19	2	145.1599999999999	144.95
1480	20	2	145.27083333333331	190.27083333333331
1480	21	2	190.14	9.740000000000002
1480	22	2	190.1199999999999	54.88
1480	23	2	190.19148936170217	100.09574468085106
1480	24	2	189.72916666666669	144.97916666666666
1480	25	2	190.21999999999994	190.27999999999994
1480	26	1	34.129999999999995	50.03499999999999
1480	27	1	155.68499999999997	20.805000000000007
1480	28	1	133.1044776119402	38.06467661691544
1480	29	1	191.675	74.01000000000003
1480	30	1	36.98994974874373	143.5778894472362
1480	31	1	150.34500000000003	120.07500000000002
1480	32	1	160.98492462311557	8.291457286432163
1480	33	1	139.24499999999995	24.534999999999993
1480	34	1	123.85500000000003	49.30500000000002
1480	35	1	129.93999999999997	123.38000000000002
1480	36	1	109.22000000000003	81.56499999999998
1480	37	1	24.219999999999995	147.41999999999993
1480	38	1	112.18499999999997	39.050000000000004
1480	39	1	169.20297029702968	40.40099009900993
1480	40	1	169.02010050251258	4.422110552763817
1480	41	1	34.96517412935324	87.50746268656717
1480	42	1	43.79499999999996	127.17
1480	43	1	155.44000000000008	34.604999999999976
1480	44	1	115.73366834170852	133.1457286432162
1480	45	1	117.82	102.83499999999998
1480	46	1	132.51758793969844	106.95979899497493
1480	47	1	129.50248756218915	63.64676616915421
1480	48	1	74.665	67.01000000000003
1480	49	1	120.61999999999998	87.12499999999997
1480	50	1	181.15000000000006	86.86500000000004
1480	51	1	129.98507462686567	89.92537313432834
1480	52	1	119.98000000000002	119.51
1480	53	1	125.34170854271352	29.964824120603016
1480	54	1	37.11500000000001	180.32999999999996
1480	55	1	109.685	113.86500000000004
1480	56	1	27.375	168.89000000000001
1480	57	1	105.58793969849248	71.98994974874364
1480	58	1	32.70999999999999	159.26000000000008
1480	59	1	73.96500000000002	176.8600000000001
1480	60	1	178.16999999999996	12.69
1480	61	1	99.95999999999994	88.86499999999998
1480	62	1	127.965	143.58500000000004
1480	63	1	77.98999999999998	90.015
1480	64	1	167.82	120.78000000000002
1480	65	1	40.95500000000002	54.749999999999986
1480	66	1	138.0350000000001	47.52499999999998
1480	67	1	95.84999999999998	123.40500000000004
1480	68	1	53.139999999999986	41.77000000000001
1480	69	1	23.12500000000001	51.49999999999998
1480	70	1	166.71859296482407	27.165829145728654
1480	71	1	70.57499999999997	84.29499999999999
1480	72	1	121.55778894472365	69.91457286432163
1480	73	1	137.95000000000005	130.4400000000001
1480	74	1	84.79601990049748	97.38308457711445
1480	75	1	99.21999999999998	32.52499999999996
1490	1	2	10.32	9.919999999999991
1490	2	2	9.91	54.940000000000026
1490	3	2	10.271739130434783	100
1490	4	2	10.000000000000004	145
1490	5	2	9.78	189.93
1490	6	2	54.97999999999999	9.810000000000004
1490	7	2	55.02000000000001	55.22999999999999
1490	8	2	54.95	99.83999999999995
1490	9	2	54.87999999999998	144.88
1490	10	2	55.00000000000001	190.10999999999996
1490	11	2	100.26	9.899999999999997
1490	12	2	100.09	54.980000000000004
1490	13	2	100.12	100.12000000000003
1490	14	2	100.12	145.11999999999992
1490	15	2	99.93	190.07999999999996
1490	16	2	145.14141414141412	10.383838383838384
1490	17	2	144.97999999999993	54.95000000000002
1490	18	2	145.0900000000001	100.42000000000002
1490	19	2	145.1599999999999	144.95
1490	20	2	145.27083333333331	190.27083333333331
1490	21	2	190.14	9.740000000000002
1490	22	2	190.1199999999999	54.88
1490	23	2	190.19148936170217	100.09574468085106
1490	24	2	189.72916666666669	144.97916666666666
1490	25	2	190.21999999999994	190.27999999999994
1490	26	1	33.979999999999976	50.280000000000015
1490	27	1	155.41500000000005	20.960000000000004
1490	28	1	133.72636815920407	37.9054726368159
1490	29	1	192.9	73.91999999999994
1490	30	1	36.64999999999999	145.1699999999999
1490	31	1	150.73631840796023	120.45273631840797
1490	32	1	160.99999999999991	8.229999999999999
1490	33	1	138.22500000000005	24.069999999999997
1490	34	1	123.73500000000001	49.60500000000001
1490	35	1	129.91	123.63500000000003
1490	36	1	109.27999999999999	81.605
1490	37	1	23.960000000000008	148.06500000000003
1490	38	1	111.66499999999998	37.88000000000002
1490	39	1	168.85500000000002	40.49999999999999
1490	40	1	169.15500000000006	4.499999999999998
1490	41	1	33.045	88.27499999999999
1490	42	1	43.30150753768842	128.4422110552764
1490	43	1	155.51999999999995	34.51500000000001
1490	44	1	116.04000000000002	134.325
1490	45	1	117.97999999999999	103.78499999999997
1490	46	1	132.31840796019895	107.25870646766165
1490	47	1	129.25628140703515	64.07537688442211
1490	48	1	75.53731343283582	68.86567164179102
1490	49	1	120.12562814070347	87.6582914572865
1490	50	1	179.63681592039794	85.93034825870643
1490	51	1	129.53	90.73499999999999
1490	52	1	119.40796019900499	120.51243781094533
1490	53	1	124.76000000000005	31.064999999999987
1490	54	1	37.407960199004975	181.6119402985074
1490	55	1	109.44000000000001	113.52499999999999
1490	56	1	28.580000000000002	170.09499999999997
1490	57	1	105.49500000000002	72.08500000000004
1490	58	1	32.99004975124378	160.16915422885583
1490	59	1	71.8358208955224	177.4477611940297
1490	60	1	178.18499999999992	12.910000000000005
1490	61	1	99.36000000000003	88.91499999999999
1490	62	1	129.7178217821782	143.02970297029702
1490	63	1	78.62000000000003	89.655
1490	64	1	168.2663316582915	121.89447236180901
1490	65	1	40.93034825870646	54.92039800995025
1490	66	1	137.76000000000008	47.57499999999999
1490	67	1	95.54773869346734	123.41206030150758
1490	68	1	53.01499999999999	40.825
1490	69	1	22.360000000000014	51.14500000000002
1490	70	1	166.76000000000008	27.130000000000003
1490	71	1	69.75124378109456	84.9452736318408
1490	72	1	121.49500000000003	70.46000000000005
1490	73	1	139.15920398009965	128.90049751243782
1490	74	1	83.63861386138609	98.89108910891089
1490	75	1	98.11442786069645	32.58706467661689
1500	1	2	10.32	9.919999999999991
1500	2	2	9.91	54.940000000000026
1500	3	2	10.271739130434783	100
1500	4	2	10.000000000000004	145
1500	5	2	9.78	189.93
1500	6	2	54.97999999999999	9.810000000000004
1500	7	2	55.02000000000001	55.22999999999999
1500	8	2	54.95	99.83999999999995
1500	9	2	54.87999999999998	144.88
1500	10	2	55.00000000000001	190.10999999999996
1500	11	2	100.26	9.899999999999997
1500	12	2	100.09	54.980000000000004
1500	13	2	100.12	100.12000000000003
1500	14	2	100.12	145.11999999999992
1500	15	2	99.93	190.07999999999996
1500	16	2	145.14141414141412	10.383838383838384
1500	17	2	144.97999999999993	54.95000000000002
1500	18	2	145.0900000000001	100.42000000000002
1500	19	2	145.1599999999999	144.95
1500	20	2	145.27083333333331	190.27083333333331
1500	21	2	190.14	9.740000000000002
1500	22	2	190.1199999999999	54.88
1500	23	2	190.19148936170217	100.09574468085106
1500	24	2	189.72916666666669	144.97916666666666
1500	25	2	190.21999999999994	190.27999999999994
1500	26	1	33.78391959798994	50.45728643216082
1500	27	1	155.2650000000001	21.00999999999999
1500	28	1	134.12500000000006	37.94000000000003
1500	29	1	193.5175879396985	74.02010050251256
1500	30	1	36.25870646766173	146.39800995024873
1500	31	1	151.37000000000003	121.14999999999998
1500	32	1	161.11055276381916	8.31658291457286
1500	33	1	137.9095477386935	24.452261306532673
1500	34	1	123.03980099502486	49.63681592039799
1500	35	1	130.2835820895522	123.32835820895522
1500	36	1	109.09499999999998	81.50500000000001
1500	37	1	23.46	148.7650000000001
1500	38	1	110.96500000000002	35.71
1500	39	1	167.84500000000006	40.61999999999996
1500	40	1	169.08999999999983	4.3100000000000875
1500	41	1	30.99004975124377	89.18905472636814
1500	42	1	42.90999999999999	129.93000000000006
1500	43	1	155.2899999999999	34.35000000000002
1500	44	1	116.31999999999996	135.54000000000013
1500	45	1	118.07499999999999	104.37
1500	46	1	131.7336683417084	107.9296482412059
1500	47	1	129.3681592039801	64.34328358208954
1500	48	1	75.74499999999995	70.96499999999999
1500	49	1	119.5075376884422	88.02010050251255
1500	50	1	178.15422885572139	84.98009950248758
1500	51	1	129.0400000000001	91.52499999999996
1500	52	1	118.62189054726372	121.86567164179104
1500	53	1	124.24875621890551	31.88557213930349
1500	54	1	37.650000000000006	182.42500000000004
1500	55	1	109.19499999999996	113.11500000000001
1500	56	1	29.462686567164184	170.98507462686558
1500	57	1	105.72499999999994	72.24499999999999
1500	58	1	33.10552763819095	160.58793969849236
1500	59	1	70.0199004975124	176.83084577114428
1500	60	1	178.22	12.899999999999999
1500	61	1	98.43999999999996	89.12999999999991
1500	62	1	130.45771144278606	142.3333333333335
1500	63	1	79.185	89.50999999999998
1500	64	1	168.665	122.79000000000005
1500	65	1	41.14999999999998	54.665000000000006
1500	66	1	137.38499999999988	47.835
1500	67	1	94.9597989949749	123.47738693467333
1500	68	1	53.27000000000003	39.88000000000003
1500	69	1	21.195979899497488	50.28140703517588
1500	70	1	166.99497487437188	27.14572864321609
1500	71	1	68.64999999999998	85.665
1500	72	1	121.77499999999996	71.02999999999994
1500	73	1	139.94999999999996	128.2950000000001
1500	74	1	82.65	100.07999999999996
1500	75	1	96.51243781094524	32.56716417910449
1510	1	2	10.32	9.919999999999991
1510	2	2	9.91	54.940000000000026
1510	3	2	10.271739130434783	100
1510	4	2	10.000000000000004	145
1510	5	2	9.78	189.93
1510	6	2	54.97999999999999	9.810000000000004
1510	7	2	55.02000000000001	55.22999999999999
1510	8	2	54.95	99.83999999999995
1510	9	2	54.87999999999998	144.88
1510	10	2	55.00000000000001	190.10999999999996
1510	11	2	100.26	9.899999999999997
1510	12	2	100.09	54.980000000000004
1510	13	2	100.12	100.12000000000003
1510	14	2	100.12	145.11999999999992
1510	15	2	99.93	190.07999999999996
1510	16	2	145.14141414141412	10.383838383838384
1510	17	2	144.97999999999993	54.95000000000002
1510	18	2	145.0900000000001	100.42000000000002
1510	19	2	145.1599999999999	144.95
1510	20	2	145.27083333333331	190.27083333333331
1510	21	2	190.14	9.740000000000002
1510	22	2	190.1199999999999	54.88
1510	23	2	190.19148936170217	100.09574468085106
1510	24	2	189.72916666666669	144.97916666666666
1510	25	2	190.21999999999994	190.27999999999994
1510	26	1	33.42713567839198	50.21608040201006
1510	27	1	155.2100000000001	21.085
1510	28	1	134.39499999999992	37.93
1510	29	1	193.955	74.03500000000005
1510	30	1	36.21999999999998	147.39500000000004
1510	31	1	152.68499999999992	121.98
1510	32	1	161.17000000000002	8.419999999999995
1510	33	1	137.50499999999997	25.125000000000014
1510	34	1	122.44000000000003	49.52999999999997
1510	35	1	130.45000000000005	123.7
1510	36	1	108.77500000000003	81.21499999999999
1510	37	1	23.439999999999994	149.44500000000008
1510	38	1	110.29	34.280000000000044
1510	39	1	166.905	41.050000000000004
1510	40	1	169.13500000000002	4.3650000000000375
1510	41	1	29.65000000000001	89.96499999999997
1510	42	1	42.41500000000002	131.27500000000003
1510	43	1	155.25373134328362	34.37313432835819
1510	44	1	116.9154228855722	136.25870646766168
1510	45	1	118.17910447761197	105.08955223880601
1510	46	1	131.33333333333334	108.39800995024876
1510	47	1	129.31000000000006	64.53000000000002
1510	48	1	76.726368159204	72.31840796019902
1510	49	1	118.63184079601989	88.25870646766171
1510	50	1	176.23500000000007	83.47999999999999
1510	51	1	128.28500000000003	92.14999999999999
1510	52	1	118.11500000000004	122.45999999999997
1510	53	1	123.41000000000004	33.22499999999999
1510	54	1	37.82500000000003	182.59499999999997
1510	55	1	108.925	113.20000000000002
1510	56	1	29.959798994974864	171.8492462311559
1510	57	1	105.75499999999998	72.055
1510	58	1	33.331658291457316	161.05025125628134
1510	59	1	68.57286432160805	176.16080402010047
1510	60	1	178.2699999999999	12.954999999999998
1510	61	1	97.83499999999995	89.29499999999999
1510	62	1	130.95000000000002	141.33
1510	63	1	79.92500000000001	88.95500000000003
1510	64	1	169.53499999999977	124.08999999999999
1510	65	1	41.24499999999998	54.290000000000006
1510	66	1	137.36499999999992	48.03499999999998
1510	67	1	94.67499999999995	123.56000000000004
1510	68	1	52.70149253731342	38.27363184079604
1510	69	1	20.185000000000002	48.83000000000001
1510	70	1	167.09499999999989	27.295000000000016
1510	71	1	67.68656716417907	86.00000000000004
1510	72	1	122.3065326633166	71.81407035175877
1510	73	1	141.04975124378106	127.16417910447764
1510	74	1	81.02487562189053	101.1890547263681
1510	75	1	95.81000000000002	33.33499999999997
1520	1	2	10.32	9.919999999999991
1520	2	2	9.91	54.940000000000026
1520	3	2	10.271739130434783	100
1520	4	2	10.000000000000004	145
1520	5	2	9.78	189.93
1520	6	2	54.97999999999999	9.810000000000004
1520	7	2	55.02000000000001	55.22999999999999
1520	8	2	54.95	99.83999999999995
1520	9	2	54.87999999999998	144.88
1520	10	2	55.00000000000001	190.10999999999996
1520	11	2	100.26	9.899999999999997
1520	12	2	100.09	54.980000000000004
1520	13	2	100.12	100.12000000000003
1520	14	2	100.12	145.11999999999992
1520	15	2	99.93	190.07999999999996
1520	16	2	145.14141414141412	10.383838383838384
1520	17	2	144.97999999999993	54.95000000000002
1520	18	2	145.0900000000001	100.42000000000002
1520	19	2	145.1599999999999	144.95
1520	20	2	145.27083333333331	190.27083333333331
1520	21	2	190.14	9.740000000000002
1520	22	2	190.1199999999999	54.88
1520	23	2	190.19148936170217	100.09574468085106
1520	24	2	189.72916666666669	144.97916666666666
1520	25	2	190.21999999999994	190.27999999999994
1520	26	1	32.781094527363194	50.28855721393031
1520	27	1	154.985	20.925000000000004
1520	28	1	134.93000000000006	37.935
1520	29	1	193.9	74.11999999999993
1520	30	1	36.68999999999999	148.67500000000013
1520	31	1	153.98499999999993	123.07499999999993
1520	32	1	161.48743718592954	8.683417085427138
1520	33	1	137.20603015075378	25.849246231155785
1520	34	1	121.68159203980102	49.48756218905473
1520	35	1	130.8040201005025	123.66331658291462
1520	36	1	108.35	81.00000000000004
1520	37	1	23.349999999999994	149.54000000000005
1520	38	1	109.45999999999998	33.385000000000005
1520	39	1	165.46766169154236	41.353233830845795
1520	40	1	168.8550000000001	3.8399999999999466
1520	41	1	27.73500000000002	90.58000000000007
1520	42	1	41.53000000000002	133.34500000000008
1520	43	1	155.2349999999999	34.20000000000001
1520	44	1	117.95499999999998	137.105
1520	45	1	118.35999999999999	106.33499999999994
1520	46	1	130.88944723618093	108.94974874371856
1520	47	1	128.94472361809045	64.7035175879397
1520	48	1	77.17910447761197	74.08955223880598
1520	49	1	117.30000000000003	88.68500000000004
1520	50	1	175.05940594059408	82.86138613861388
1520	51	1	126.99	93.19500000000001
1520	52	1	117.1542288557214	123.3283582089552
1520	53	1	122.68499999999997	34.200000000000024
1520	54	1	38.515	182.3550000000001
1520	55	1	108.2786069651741	112.95024875621891
1520	56	1	29.98	172.1800000000001
1520	57	1	106.115	71.82999999999998
1520	58	1	33.27999999999998	161.05999999999997
1520	59	1	66.89054726368158	175.8955223880598
1520	60	1	178.25000000000014	13.204999999999998
1520	61	1	96.715	89.80499999999995
1520	62	1	131.8905472636816	140.12437810945275
1520	63	1	80.33500000000004	88.71500000000003
1520	64	1	170.0399999999999	124.875
1520	65	1	41.50000000000003	53.870000000000005
1520	66	1	137.08000000000004	48.250000000000014
1520	67	1	94.79000000000005	123.58000000000001
1520	68	1	52.09499999999997	37.19500000000002
1520	69	1	19.434999999999988	46.77000000000001
1520	70	1	167.245	27.209999999999994
1520	71	1	66.9597989949748	86.83417085427136
1520	72	1	122.66999999999994	72.92000000000003
1520	73	1	141.76381909547743	126.19095477386936
1520	74	1	79.57788944723617	101.72864321608046
1520	75	1	94.69499999999996	33.455
1530	1	2	10.32	9.919999999999991
1530	2	2	9.91	54.940000000000026
1530	3	2	10.271739130434783	100
1530	4	2	10.000000000000004	145
1530	5	2	9.78	189.93
1530	6	2	54.97999999999999	9.810000000000004
1530	7	2	55.02000000000001	55.22999999999999
1530	8	2	54.95	99.83999999999995
1530	9	2	54.87999999999998	144.88
1530	10	2	55.00000000000001	190.10999999999996
1530	11	2	100.26	9.899999999999997
1530	12	2	100.09	54.980000000000004
1530	13	2	100.12	100.12000000000003
1530	14	2	100.12	145.11999999999992
1530	15	2	99.93	190.07999999999996
1530	16	2	145.14141414141412	10.383838383838384
1530	17	2	144.97999999999993	54.95000000000002
1530	18	2	145.0900000000001	100.42000000000002
1530	19	2	145.1599999999999	144.95
1530	20	2	145.27083333333331	190.27083333333331
1530	21	2	190.14	9.740000000000002
1530	22	2	190.1199999999999	54.88
1530	23	2	190.19148936170217	100.09574468085106
1530	24	2	189.72916666666669	144.97916666666666
1530	25	2	190.21999999999994	190.27999999999994
1530	26	1	31.765000000000004	50.080000000000005
1530	27	1	154.59499999999994	21.020000000000007
1530	28	1	135.33999999999997	38.03499999999998
1530	29	1	193.68341708542715	74.73869346733657
1530	30	1	37.285	149.905
1530	31	1	155.18905472636814	124.04477611940295
1530	32	1	161.92500000000004	9.545000000000007
1530	33	1	136.70499999999996	26.64
1530	34	1	121.50999999999996	49.68999999999999
1530	35	1	131.2189054726368	123.62189054726365
1530	36	1	108.53000000000004	81.05499999999999
1530	37	1	23.216080402010046	149.66834170854287
1530	38	1	109.22000000000006	32.78499999999998
1530	39	1	164.87500000000003	41.800000000000026
1530	40	1	168.605	3.4500000000000455
1530	41	1	26.251256281407038	91.84924623115579
1530	42	1	40.67661691542288	135.78606965174126
1530	43	1	155.25000000000009	34.32500000000002
1530	44	1	119.09999999999997	137.66000000000003
1530	45	1	118.38999999999999	106.90999999999995
1530	46	1	130.42499999999993	109.55499999999999
1530	47	1	128.87499999999997	65.06999999999996
1530	48	1	77.51999999999994	75.415
1530	49	1	116.26999999999997	89.03999999999996
1530	50	1	174.57499999999996	82.10500000000003
1530	51	1	126.04500000000003	94.04
1530	52	1	116.26865671641795	124.02487562189059
1530	53	1	121.9800995024876	34.96517412935322
1530	54	1	38.90999999999999	182.35500000000008
1530	55	1	107.64676616915435	113.15422885572141
1530	56	1	29.9497487437186	172.49246231155792
1530	57	1	106.18000000000002	71.92999999999998
1530	58	1	33.12060301507538	161.14070351758792
1530	59	1	66.14999999999999	175.77499999999984
1530	60	1	178.17499999999998	13.324999999999992
1530	61	1	95.94974874371862	90.24120603015075
1530	62	1	132.66500000000002	139.07999999999996
1530	63	1	81.14925373134331	88.70149253731347
1530	64	1	170.66499999999996	125.83499999999997
1530	65	1	41.77114427860696	52.95522388059702
1530	66	1	137.0248756218905	48.53233830845769
1530	67	1	95.20499999999998	123.61499999999995
1530	68	1	51.21105527638193	35.46733668341707
1530	69	1	19.045000000000012	45.72999999999999
1530	70	1	167.2499999999999	27.235000000000007
1530	71	1	66.55500000000005	88.07
1530	72	1	123.19900497512438	74.03482587064678
1530	73	1	142.45771144278606	125.21393034825873
1530	74	1	77.66	101.92000000000002
1530	75	1	93.83582089552239	33.30348258706468
1540	1	2	10.32	9.919999999999991
1540	2	2	9.91	54.940000000000026
1540	3	2	10.271739130434783	100
1540	4	2	10.000000000000004	145
1540	5	2	9.78	189.93
1540	6	2	54.97999999999999	9.810000000000004
1540	7	2	55.02000000000001	55.22999999999999
1540	8	2	54.95	99.83999999999995
1540	9	2	54.87999999999998	144.88
1540	10	2	55.00000000000001	190.10999999999996
1540	11	2	100.26	9.899999999999997
1540	12	2	100.09	54.980000000000004
1540	13	2	100.12	100.12000000000003
1540	14	2	100.12	145.11999999999992
1540	15	2	99.93	190.07999999999996
1540	16	2	145.14141414141412	10.383838383838384
1540	17	2	144.97999999999993	54.95000000000002
1540	18	2	145.0900000000001	100.42000000000002
1540	19	2	145.1599999999999	144.95
1540	20	2	145.27083333333331	190.27083333333331
1540	21	2	190.14	9.740000000000002
1540	22	2	190.1199999999999	54.88
1540	23	2	190.19148936170217	100.09574468085106
1540	24	2	189.72916666666669	144.97916666666666
1540	25	2	190.21999999999994	190.27999999999994
1540	26	1	30.955000000000002	49.50499999999998
1540	27	1	154.36	21.045
1540	28	1	135.74874371859286	38.055276381909536
1540	29	1	193.35	74.69500000000001
1540	30	1	37.96000000000001	150.47500000000005
1540	31	1	156.5990099009901	125.15346534653463
1540	32	1	161.965	9.839999999999998
1540	33	1	136.05	27.205
1540	34	1	121.21000000000001	49.835000000000015
1540	35	1	130.48499999999984	123.74500000000002
1540	36	1	108.72361809045225	80.93969849246227
1540	37	1	23.300000000000008	149.58500000000012
1540	38	1	109.37000000000005	32.38999999999997
1540	39	1	164.03000000000006	41.99999999999998
1540	40	1	168.44499999999996	3.379999999999967
1540	41	1	25.164999999999992	92.88000000000005
1540	42	1	40.09000000000002	137.11999999999998
1540	43	1	155.525	34.37500000000002
1540	44	1	120.95000000000002	138.6549999999999
1540	45	1	118.48756218905477	108.13930348258711
1540	46	1	130.46	110.17499999999994
1540	47	1	128.83999999999992	66.175
1540	48	1	78.32999999999997	77.345
1540	49	1	114.90000000000002	89.905
1540	50	1	174.57213930348254	80.40796019900493
1540	51	1	125.22000000000001	94.43
1540	52	1	114.75500000000002	125.04000000000003
1540	53	1	121.29499999999996	36.29999999999999
1540	54	1	38.94500000000001	182.23999999999995
1540	55	1	106.83084577114431	113.54726368159207
1540	56	1	29.794999999999995	172.38
1540	57	1	106.04999999999998	72.01500000000006
1540	58	1	33.33500000000001	161.55500000000004
1540	59	1	65.50499999999998	175.49499999999995
1540	60	1	178.045	13.349999999999998
1540	61	1	95.41000000000005	90.87999999999998
1540	62	1	133.62686567164172	137.56716417910448
1540	63	1	81.87500000000006	88.78499999999998
1540	64	1	170.92537313432842	126.67164179104473
1540	65	1	42.15577889447234	52.170854271356774
1540	66	1	136.88557213930358	48.82587064676617
1540	67	1	95.72361809045223	124.0150753768844
1540	68	1	49.64999999999999	34.85499999999994
1540	69	1	18.638190954773876	44.88944723618092
1540	70	1	167.33	27.22
1540	71	1	66.285	89.56500000000003
1540	72	1	123.23500000000003	75.09499999999997
1540	73	1	143.14999999999998	124.02500000000003
1540	74	1	76.27999999999994	101.81500000000001
1540	75	1	93.50500000000004	33.23999999999999
1550	1	2	10.32	9.919999999999991
1550	2	2	9.91	54.940000000000026
1550	3	2	10.271739130434783	100
1550	4	2	10.000000000000004	145
1550	5	2	9.78	189.93
1550	6	2	54.97999999999999	9.810000000000004
1550	7	2	55.02000000000001	55.22999999999999
1550	8	2	54.95	99.83999999999995
1550	9	2	54.87999999999998	144.88
1550	10	2	55.00000000000001	190.10999999999996
1550	11	2	100.26	9.899999999999997
1550	12	2	100.09	54.980000000000004
1550	13	2	100.12	100.12000000000003
1550	14	2	100.12	145.11999999999992
1550	15	2	99.93	190.07999999999996
1550	16	2	145.14141414141412	10.383838383838384
1550	17	2	144.97999999999993	54.95000000000002
1550	18	2	145.0900000000001	100.42000000000002
1550	19	2	145.1599999999999	144.95
1550	20	2	145.27083333333331	190.27083333333331
1550	21	2	190.14	9.740000000000002
1550	22	2	190.1199999999999	54.88
1550	23	2	190.19148936170217	100.09574468085106
1550	24	2	189.72916666666669	144.97916666666666
1550	25	2	190.21999999999994	190.27999999999994
1550	26	1	30.114427860696523	48.56716417910449
1550	27	1	154.5175879396985	21.135678391959786
1550	28	1	136.20000000000007	37.89999999999998
1550	29	1	192.4726368159204	75.68159203980095
1550	30	1	38.91	151.19500000000008
1550	31	1	157.53999999999996	125.97
1550	32	1	162.1206030150752	10.221105527638194
1550	33	1	135.12935323383087	27.542288557213936
1550	34	1	121.22500000000002	50.08
1550	35	1	130.10500000000002	123.935
1550	36	1	108.71	80.59
1550	37	1	23.351758793969847	149.58291457286433
1550	38	1	109.4129353233831	32.363184079602014
1550	39	1	163.29145728643226	42.432160804020114
1550	40	1	168.11500000000007	3.050000000000068
1550	41	1	23.795	93.33500000000002
1550	42	1	39.32000000000002	138.28500000000003
1550	43	1	155.56000000000006	34.404999999999994
1550	44	1	122.275	139.16999999999996
1550	45	1	117.86567164179105	108.96019900497511
1550	46	1	130.1442786069652	110.93034825870643
1550	47	1	128.72139303482584	67.27860696517415
1550	48	1	79.08500000000001	78.65500000000002
1550	49	1	113.81000000000002	90.52999999999999
1550	50	1	174.56499999999997	78.99999999999999
1550	51	1	124.21500000000003	95.26500000000003
1550	52	1	113.94499999999998	126.01500000000004
1550	53	1	120.98499999999999	37.13999999999998
1550	54	1	38.550000000000004	182.445
1550	55	1	105.55276381909546	114.32160804020101
1550	56	1	29.68500000000001	172.37999999999997
1550	57	1	106.49999999999997	71.66500000000005
1550	58	1	33.235	161.31499999999994
1550	59	1	64.60804020100502	175.34673366834164
1550	60	1	177.92000000000002	13.280000000000006
1550	61	1	94.65174129353227	91.4776119402985
1550	62	1	134.42999999999995	136.20499999999996
1550	63	1	82.12562814070354	88.88442211055279
1550	64	1	170.82000000000005	127.33999999999997
1550	65	1	42.492537313432855	51.59203980099501
1550	66	1	136.6	49.45999999999997
1550	67	1	95.70000000000003	124.27500000000002
1550	68	1	48.28500000000002	33.78000000000003
1550	69	1	18.286432160804022	43.84422110552764
1550	70	1	167.5799999999998	27.424999999999994
1550	71	1	65.82000000000004	90.66000000000005
1550	72	1	123.48743718592961	76.40703517587941
1550	73	1	143.63500000000002	122.88500000000002
1550	74	1	75.27363184079601	101.99502487562187
1550	75	1	93.055	32.89
1560	1	2	10.32	9.919999999999991
1560	2	2	9.91	54.940000000000026
1560	3	2	10.271739130434783	100
1560	4	2	10.000000000000004	145
1560	5	2	9.78	189.93
1560	6	2	54.97999999999999	9.810000000000004
1560	7	2	55.02000000000001	55.22999999999999
1560	8	2	54.95	99.83999999999995
1560	9	2	54.87999999999998	144.88
1560	10	2	55.00000000000001	190.10999999999996
1560	11	2	100.26	9.899999999999997
1560	12	2	100.09	54.980000000000004
1560	13	2	100.12	100.12000000000003
1560	14	2	100.12	145.11999999999992
1560	15	2	99.93	190.07999999999996
1560	16	2	145.14141414141412	10.383838383838384
1560	17	2	144.97999999999993	54.95000000000002
1560	18	2	145.0900000000001	100.42000000000002
1560	19	2	145.1599999999999	144.95
1560	20	2	145.27083333333331	190.27083333333331
1560	21	2	190.14	9.740000000000002
1560	22	2	190.1199999999999	54.88
1560	23	2	190.19148936170217	100.09574468085106
1560	24	2	189.72916666666669	144.97916666666666
1560	25	2	190.21999999999994	190.27999999999994
1560	26	1	29.325	47.965
1560	27	1	154.3432835820894	21.30348258706467
1560	28	1	136.48743718592968	37.65326633165827
1560	29	1	192.20398009950247	76.9601990049751
1560	30	1	40.150753768844204	151.36683417085425
1560	31	1	158.24	127.10000000000001
1560	32	1	162.15075376884403	10.492462311557789
1560	33	1	134.14999999999998	27.599999999999987
1560	34	1	121.26865671641791	50.169154228855724
1560	35	1	129.265	124.13500000000003
1560	36	1	108.14000000000001	80.43499999999999
1560	37	1	23.361809045226124	149.79396984924625
1560	38	1	109.41791044776119	32.293532338308445
1560	39	1	162.51500000000001	42.40000000000002
1560	40	1	167.695	2.834999999999951
1560	41	1	22.37810945273633	94.1144278606966
1560	42	1	38.402985074626855	139.3781094527363
1560	43	1	155.1949999999999	34.25999999999999
1560	44	1	123.90049751243778	139.73134328358213
1560	45	1	117.06965174129351	109.37810945273634
1560	46	1	129.78500000000003	111.63000000000001
1560	47	1	129.08499999999995	67.96999999999993
1560	48	1	79.425	79.44999999999999
1560	49	1	113.13999999999997	90.64000000000003
1560	50	1	175.41708542713562	77.44723618090454
1560	51	1	123.525	96.4
1560	52	1	112.99999999999997	127.30845771144276
1560	53	1	120.79601990049754	37.33830845771143
1560	54	1	38.769999999999975	181.825
1560	55	1	104.78000000000002	114.67000000000007
1560	56	1	29.72139303482588	172.39303482587073
1560	57	1	108.065	70.94999999999997
1560	58	1	33.07999999999999	160.9900000000001
1560	59	1	63.32000000000001	175.39500000000012
1560	60	1	177.68500000000012	13.440000000000012
1560	61	1	93.93969849246234	92.30150753768841
1560	62	1	135.39500000000007	134.95999999999998
1560	63	1	82.41000000000001	89.08
1560	64	1	170.74500000000015	128.19499999999996
1560	65	1	42.14925373134326	50.771144278606975
1560	66	1	136.4070351758794	49.66331658291457
1560	67	1	95.97500000000004	125.08999999999999
1560	68	1	47.62	32.395
1560	69	1	18.005000000000017	43.035000000000004
1560	70	1	168.0049999999999	27.665000000000003
1560	71	1	65.925	92.05000000000005
1560	72	1	123.91999999999994	78.06000000000004
1560	73	1	143.91500000000005	121.49499999999999
1560	74	1	74.76999999999997	102.8699999999999
1560	75	1	92.81500000000001	32.41500000000002
1570	1	2	10.32	9.919999999999991
1570	2	2	9.91	54.940000000000026
1570	3	2	10.271739130434783	100
1570	4	2	10.000000000000004	145
1570	5	2	9.78	189.93
1570	6	2	54.97999999999999	9.810000000000004
1570	7	2	55.02000000000001	55.22999999999999
1570	8	2	54.95	99.83999999999995
1570	9	2	54.87999999999998	144.88
1570	10	2	55.00000000000001	190.10999999999996
1570	11	2	100.26	9.899999999999997
1570	12	2	100.09	54.980000000000004
1570	13	2	100.12	100.12000000000003
1570	14	2	100.12	145.11999999999992
1570	15	2	99.93	190.07999999999996
1570	16	2	145.14141414141412	10.383838383838384
1570	17	2	144.97999999999993	54.95000000000002
1570	18	2	145.0900000000001	100.42000000000002
1570	19	2	145.1599999999999	144.95
1570	20	2	145.27083333333331	190.27083333333331
1570	21	2	190.14	9.740000000000002
1570	22	2	190.1199999999999	54.88
1570	23	2	190.19148936170217	100.09574468085106
1570	24	2	189.72916666666669	144.97916666666666
1570	25	2	190.21999999999994	190.27999999999994
1570	26	1	28.645000000000003	47.69500000000003
1570	27	1	154.55499999999995	21.899999999999995
1570	28	1	136.56783919598	37.502512562814076
1570	29	1	190.95000000000005	77.86999999999998
1570	30	1	40.97500000000003	152.16999999999993
1570	31	1	158.3	127.74000000000001
1570	32	1	162.295	10.99
1570	33	1	133.51000000000002	27.465000000000003
1570	34	1	121.18905472636818	50.00995024875622
1570	35	1	128.3731343283582	124.44278606965182
1570	36	1	108.2487562189055	80.23880597014926
1570	37	1	23.859999999999996	149.70000000000002
1570	38	1	109.80000000000004	32.285
1570	39	1	162.00500000000005	42.38
1570	40	1	167.33333333333334	2.5771144278606983
1570	41	1	20.97512437810946	94.78109452736315
1570	42	1	37.58999999999999	139.8
1570	43	1	155.0650000000001	34.12000000000001
1570	44	1	124.73499999999997	140.10000000000005
1570	45	1	116.2039800995025	110.4378109452737
1570	46	1	129.65499999999992	112.13999999999993
1570	47	1	129.51000000000008	68.45000000000005
1570	48	1	80.04499999999997	79.81999999999992
1570	49	1	112.79999999999998	90.80499999999999
1570	50	1	176.15422885572133	75.8457711442786
1570	51	1	122.59499999999996	97.55499999999995
1570	52	1	112.12500000000001	128.01000000000005
1570	53	1	120.75499999999998	37.684999999999995
1570	54	1	39.109452736318396	181.00995024875624
1570	55	1	103.36318407960204	115.26368159203976
1570	56	1	29.714999999999996	172.70999999999998
1570	57	1	108.41500000000002	70.765
1570	58	1	32.964824120603	160.7537688442211
1570	59	1	62.37313432835818	175.50248756218915
1570	60	1	177.50251256281405	13.512562814070353
1570	61	1	93.39195979899493	93.05025125628144
1570	62	1	135.91000000000003	134.11000000000004
1570	63	1	82.625	89.05500000000004
1570	64	1	170.27363184079607	128.8457711442787
1570	65	1	41.56	49.95000000000001
1570	66	1	136.395	49.75999999999999
1570	67	1	96.37313432835822	126.21393034825874
1570	68	1	46.592964824120614	30.914572864321613
1570	69	1	17.03000000000001	41.54999999999999
1570	70	1	169.16000000000008	28.285000000000018
1570	71	1	66.48258706467661	93.12437810945272
1570	72	1	123.97512437810944	78.68159203980102
1570	73	1	143.89499999999998	120.68500000000002
1570	74	1	74.65829145728645	103.83417085427138
1570	75	1	92.66999999999997	32.239999999999995
1580	1	2	10.32	9.919999999999991
1580	2	2	9.91	54.940000000000026
1580	3	2	10.271739130434783	100
1580	4	2	10.000000000000004	145
1580	5	2	9.78	189.93
1580	6	2	54.97999999999999	9.810000000000004
1580	7	2	55.02000000000001	55.22999999999999
1580	8	2	54.95	99.83999999999995
1580	9	2	54.87999999999998	144.88
1580	10	2	55.00000000000001	190.10999999999996
1580	11	2	100.26	9.899999999999997
1580	12	2	100.09	54.980000000000004
1580	13	2	100.12	100.12000000000003
1580	14	2	100.12	145.11999999999992
1580	15	2	99.93	190.07999999999996
1580	16	2	145.14141414141412	10.383838383838384
1580	17	2	144.97999999999993	54.95000000000002
1580	18	2	145.0900000000001	100.42000000000002
1580	19	2	145.1599999999999	144.95
1580	20	2	145.27083333333331	190.27083333333331
1580	21	2	190.14	9.740000000000002
1580	22	2	190.1199999999999	54.88
1580	23	2	190.19148936170217	100.09574468085106
1580	24	2	189.72916666666669	144.97916666666666
1580	25	2	190.21999999999994	190.27999999999994
1580	26	1	27.83000000000001	47.41499999999999
1580	27	1	155.105	22.390000000000004
1580	28	1	137.05527638190958	37.125628140703505
1580	29	1	189.93	78.49000000000005
1580	30	1	41.502512562814054	152.43718592964834
1580	31	1	158.25500000000008	128.485
1580	32	1	162.51000000000002	11.58499999999999
1580	33	1	132.52238805970157	27.238805970149258
1580	34	1	121.41499999999999	49.88500000000002
1580	35	1	126.47236180904528	124.78391959798999
1580	36	1	108.13065326633166	80.16582914572864
1580	37	1	24.450000000000006	149.40999999999994
1580	38	1	109.713567839196	32.3819095477387
1580	39	1	161.01	42.620000000000005
1580	40	1	166.78999999999994	2.400000000000001
1580	41	1	20.520000000000003	95.14500000000001
1580	42	1	35.979999999999976	139.34500000000006
1580	43	1	155.0949999999999	34.11499999999998
1580	44	1	126.18499999999996	140.29500000000004
1580	45	1	114.83417085427135	111.2663316582914
1580	46	1	129.05999999999986	112.65999999999995
1580	47	1	130.01980198019803	69.32178217821782
1580	48	1	80.185	79.96499999999997
1580	49	1	112.285	90.83499999999998
1580	50	1	176.80597014925377	74.33830845771142
1580	51	1	121.66169154228858	98.71641791044773
1580	52	1	111.470297029703	129.22772277227727
1580	53	1	120.97499999999997	37.759999999999984
1580	54	1	39.389999999999986	180.47499999999994
1580	55	1	102.10000000000002	115.74999999999994
1580	56	1	29.681592039801	172.62189054726375
1580	57	1	110.03500000000001	70.28999999999998
1580	58	1	33.01500000000001	160.7749999999998
1580	59	1	60.86499999999998	175.19000000000005
1580	60	1	177.4221105527638	13.814070351758797
1580	61	1	92.885	93.44999999999999
1580	62	1	136.32500000000002	132.91500000000002
1580	63	1	82.58500000000001	88.92500000000004
1580	64	1	169.84577114427867	129.51741293532336
1580	65	1	40.78606965174127	48.950248756218905
1580	66	1	136.48241206030139	49.46231155778896
1580	67	1	97.10945273631845	127.39800995024873
1580	68	1	46.06499999999996	29.560000000000006
1580	69	1	16.865	40.425000000000026
1580	70	1	170.09452736318406	29.303482587064693
1580	71	1	67.14427860696517	94.07960199004974
1580	72	1	124.19000000000001	79.85999999999999
1580	73	1	143.63681592039796	119.82587064676615
1580	74	1	74.51243781094527	104.92537313432832
1580	75	1	92.10050251256284	31.31155778894473
1590	1	2	10.32	9.919999999999991
1590	2	2	9.91	54.940000000000026
1590	3	2	10.271739130434783	100
1590	4	2	10.000000000000004	145
1590	5	2	9.78	189.93
1590	6	2	54.97999999999999	9.810000000000004
1590	7	2	55.02000000000001	55.22999999999999
1590	8	2	54.95	99.83999999999995
1590	9	2	54.87999999999998	144.88
1590	10	2	55.00000000000001	190.10999999999996
1590	11	2	100.26	9.899999999999997
1590	12	2	100.09	54.980000000000004
1590	13	2	100.12	100.12000000000003
1590	14	2	100.12	145.11999999999992
1590	15	2	99.93	190.07999999999996
1590	16	2	145.14141414141412	10.383838383838384
1590	17	2	144.97999999999993	54.95000000000002
1590	18	2	145.0900000000001	100.42000000000002
1590	19	2	145.1599999999999	144.95
1590	20	2	145.27083333333331	190.27083333333331
1590	21	2	190.14	9.740000000000002
1590	22	2	190.1199999999999	54.88
1590	23	2	190.19148936170217	100.09574468085106
1590	24	2	189.72916666666669	144.97916666666666
1590	25	2	190.21999999999994	190.27999999999994
1590	26	1	27.47499999999999	47.29499999999999
1590	27	1	155.59296482412066	23.020100502512566
1590	28	1	137.3249999999999	36.74500000000004
1590	29	1	189.15000000000006	78.72000000000004
1590	30	1	41.69651741293533	152.61194029850742
1590	31	1	158.35000000000008	129.58000000000004
1590	32	1	162.37499999999991	11.959999999999996
1590	33	1	131.3050000000001	27.064999999999998
1590	34	1	121.56	49.989999999999995
1590	35	1	125.07035175879402	125.1658291457286
1590	36	1	108.12	80.035
1590	37	1	25.24120603015075	149.42713567839203
1590	38	1	109.67661691542291	32.20398009950249
1590	39	1	159.775	42.88000000000001
1590	40	1	166.57500000000005	2.580000000000001
1590	41	1	20.25499999999999	95.74999999999996
1590	42	1	34.2128712871287	138.46039603960392
1590	43	1	155.18500000000003	34.474999999999994
1590	44	1	127.90547263681589	140.59203980099502
1590	45	1	113.85572139303484	112.15422885572139
1590	46	1	128.72636815920401	113.27860696517409
1590	47	1	130.50999999999996	70.39499999999997
1590	48	1	80.26130653266331	80.19095477386936
1590	49	1	111.85999999999993	91.23000000000003
1590	50	1	177.19999999999993	72.67500000000001
1590	51	1	121.41499999999998	99.93000000000004
1590	52	1	112.12935323383086	131.32835820895522
1590	53	1	121.21999999999996	37.824999999999996
1590	54	1	39.415000000000006	180.26000000000002
1590	55	1	100.31000000000002	116.85000000000001
1590	56	1	29.719999999999988	172.56000000000003
1590	57	1	110.86934673366831	69.96984924623118
1590	58	1	32.91959798994973	160.5477386934673
1590	59	1	59.46268656716418	175.2189054726368
1590	60	1	176.94500000000002	14.765000000000008
1590	61	1	92.47999999999999	93.71000000000006
1590	62	1	137.1094527363183	131.90547263681594
1590	63	1	82.56783919597994	88.89447236180906
1590	64	1	169.355	130.2899999999999
1590	65	1	39.779999999999994	48.695000000000014
1590	66	1	136.29500000000007	49.59999999999998
1590	67	1	98.70499999999996	128.665
1590	68	1	45.383084577114424	28.079601990049746
1590	69	1	16.434999999999995	39.24
1590	70	1	170.82999999999993	30.56500000000001
1590	71	1	68.08500000000001	94.91500000000008
1590	72	1	123.80999999999995	80.71000000000001
1590	73	1	143.94029850746267	119.38308457711446
1590	74	1	74.53499999999998	105.81499999999997
1590	75	1	92.23500000000003	30.849999999999994
1600	1	2	10.32	9.919999999999991
1600	2	2	9.91	54.940000000000026
1600	3	2	10.271739130434783	100
1600	4	2	10.000000000000004	145
1600	5	2	9.78	189.93
1600	6	2	54.97999999999999	9.810000000000004
1600	7	2	55.02000000000001	55.22999999999999
1600	8	2	54.95	99.83999999999995
1600	9	2	54.87999999999998	144.88
1600	10	2	55.00000000000001	190.10999999999996
1600	11	2	100.26	9.899999999999997
1600	12	2	100.09	54.980000000000004
1600	13	2	100.12	100.12000000000003
1600	14	2	100.12	145.11999999999992
1600	15	2	99.93	190.07999999999996
1600	16	2	145.14141414141412	10.383838383838384
1600	17	2	144.97999999999993	54.95000000000002
1600	18	2	145.0900000000001	100.42000000000002
1600	19	2	145.1599999999999	144.95
1600	20	2	145.27083333333331	190.27083333333331
1600	21	2	190.14	9.740000000000002
1600	22	2	190.1199999999999	54.88
1600	23	2	190.19148936170217	100.09574468085106
1600	24	2	189.72916666666669	144.97916666666666
1600	25	2	190.21999999999994	190.27999999999994
1600	26	1	26.69696969696971	47.17676767676768
1600	27	1	155.99999999999997	23.54773869346733
1600	28	1	137.66499999999996	36.39000000000003
1600	29	1	188.7850000000001	78.68500000000002
1600	30	1	41.59999999999998	152.75499999999994
1600	31	1	158.1900000000001	130.08500000000004
1600	32	1	162.01499999999984	12.099999999999996
1600	33	1	129.771144278607	27.019900497512438
1600	34	1	121.6467661691542	50.03482587064677
1600	35	1	123.32499999999999	125.83000000000001
1600	36	1	108.045	79.99000000000005
1600	37	1	25.634999999999994	149.45499999999998
1600	38	1	109.41500000000002	32.04000000000002
1600	39	1	158.7939698492463	42.924623115577916
1600	40	1	166.51758793969853	2.8090452261306535
1600	41	1	20.334999999999997	96.57500000000002
1600	42	1	33.124999999999986	137.94499999999996
1600	43	1	155.3300000000001	34.56499999999999
1600	44	1	129.575	140.59499999999994
1600	45	1	112.90999999999997	112.79
1600	46	1	128.06499999999997	113.47500000000004
1600	47	1	130.50753768844217	70.43718592964824
1600	48	1	80.20000000000003	80.09
1600	49	1	111.33999999999999	91.57
1600	50	1	177.76499999999993	71.61499999999998
1600	51	1	121.035	100.45999999999997
1600	52	1	112.52970297029704	132.72772277227713
1600	53	1	121.86499999999997	37.79499999999998
1600	54	1	39.08500000000003	180.155
1600	55	1	99.00499999999998	117.96999999999998
1600	56	1	29.819999999999986	172.70999999999998
1600	57	1	111.10499999999995	69.81000000000002
1600	58	1	33.725	160.70999999999995
1600	59	1	58.5	174.86
1600	60	1	176.39500000000007	15.615
1600	61	1	92.08500000000002	94.13499999999999
1600	62	1	137.57999999999996	130.77000000000004
1600	63	1	82.94000000000008	88.66499999999996
1600	64	1	168.95500000000007	131.74
1600	65	1	38.96500000000002	48.479999999999976
1600	66	1	136.18500000000003	49.625
1600	67	1	99.24499999999996	129.8199999999999
1600	68	1	44.49500000000003	27.254999999999995
1600	69	1	15.815920398009943	38.34825870646766
1600	70	1	171.56000000000006	31.09500000000002
1600	71	1	68.82	95.95499999999996
1600	72	1	123.35999999999996	80.87500000000001
1600	73	1	143.72500000000005	119.83499999999998
1600	74	1	74.33499999999997	106.26499999999999
1600	75	1	92.88999999999997	31.26
1610	1	2	10.32	9.919999999999991
1610	2	2	9.91	54.940000000000026
1610	3	2	10.271739130434783	100
1610	4	2	10.000000000000004	145
1610	5	2	9.78	189.93
1610	6	2	54.97999999999999	9.810000000000004
1610	7	2	55.02000000000001	55.22999999999999
1610	8	2	54.95	99.83999999999995
1610	9	2	54.87999999999998	144.88
1610	10	2	55.00000000000001	190.10999999999996
1610	11	2	100.26	9.899999999999997
1610	12	2	100.09	54.980000000000004
1610	13	2	100.12	100.12000000000003
1610	14	2	100.12	145.11999999999992
1610	15	2	99.93	190.07999999999996
1610	16	2	145.14141414141412	10.383838383838384
1610	17	2	144.97999999999993	54.95000000000002
1610	18	2	145.0900000000001	100.42000000000002
1610	19	2	145.1599999999999	144.95
1610	20	2	145.27083333333331	190.27083333333331
1610	21	2	190.14	9.740000000000002
1610	22	2	190.1199999999999	54.88
1610	23	2	190.19148936170217	100.09574468085106
1610	24	2	189.72916666666669	144.97916666666666
1610	25	2	190.21999999999994	190.27999999999994
1610	26	1	25.768844221105535	47.51256281407036
1610	27	1	156.6249999999999	23.915000000000003
1610	28	1	138.0399999999999	36.029999999999994
1610	29	1	188.33999999999997	78.70499999999994
1610	30	1	41.53233830845772	152.72139303482592
1610	31	1	157.83919597989942	130.2110552763819
1610	32	1	162.23880597014937	12.820895522388055
1610	33	1	128.48500000000004	26.924999999999994
1610	34	1	121.925	49.88999999999999
1610	35	1	122.22999999999996	126.47
1610	36	1	108.15499999999997	79.99499999999996
1610	37	1	26.33499999999999	149.07500000000007
1610	38	1	109.66999999999999	31.6
1610	39	1	158.0599999999999	43.39500000000001
1610	40	1	166.465	2.8499999999999996
1610	41	1	20.422885572139304	97.03482587064674
1610	42	1	32.29850746268658	137.3781094527364
1610	43	1	155.255	34.65000000000001
1610	44	1	130.64999999999998	139.9300000000001
1610	45	1	111.78999999999996	113.54499999999994
1610	46	1	127.17499999999991	114.23999999999998
1610	47	1	130.48000000000002	70.65499999999999
1610	48	1	80.03500000000003	80.13
1610	49	1	110.96999999999996	91.64999999999999
1610	50	1	177.83999999999995	70.81000000000003
1610	51	1	120.775	101.19500000000001
1610	52	1	113.00995024875621	134.06965174129343
1610	53	1	122.72139303482588	37.547263681592014
1610	54	1	39.08542713567838	179.78391959799004
1610	55	1	97.85572139303483	118.62686567164178
1610	56	1	29.417910447761187	172.29353233830832
1610	57	1	111.13000000000002	69.69499999999995
1610	58	1	33.87999999999998	161.04500000000002
1610	59	1	57.53233830845773	174.47263681592048
1610	60	1	175.29000000000002	16.459999999999994
1610	61	1	91.50499999999997	94.65999999999998
1610	62	1	138.795	129.94500000000008
1610	63	1	82.94000000000005	88.58999999999999
1610	64	1	168.14999999999992	133.30000000000013
1610	65	1	38.11500000000001	47.59500000000001
1610	66	1	136.33165829145733	49.46733668341708
1610	67	1	99.91999999999999	130.895
1610	68	1	43.631840796019915	25.825870646766163
1610	69	1	15.427135678391965	37.86934673366832
1610	70	1	172.88383838383828	32.338383838383834
1610	71	1	69.14999999999995	96.93000000000009
1610	72	1	122.99000000000001	81.21499999999996
1610	73	1	143.26130653266318	119.87437185929647
1610	74	1	74.52	106.66999999999999
1610	75	1	94.14427860696523	31.164179104477597
1620	1	2	10.32	9.919999999999991
1620	2	2	9.91	54.940000000000026
1620	3	2	10.271739130434783	100
1620	4	2	10.000000000000004	145
1620	5	2	9.78	189.93
1620	6	2	54.97999999999999	9.810000000000004
1620	7	2	55.02000000000001	55.22999999999999
1620	8	2	54.95	99.83999999999995
1620	9	2	54.87999999999998	144.88
1620	10	2	55.00000000000001	190.10999999999996
1620	11	2	100.26	9.899999999999997
1620	12	2	100.09	54.980000000000004
1620	13	2	100.12	100.12000000000003
1620	14	2	100.12	145.11999999999992
1620	15	2	99.93	190.07999999999996
1620	16	2	145.14141414141412	10.383838383838384
1620	17	2	144.97999999999993	54.95000000000002
1620	18	2	145.0900000000001	100.42000000000002
1620	19	2	145.1599999999999	144.95
1620	20	2	145.27083333333331	190.27083333333331
1620	21	2	190.14	9.740000000000002
1620	22	2	190.1199999999999	54.88
1620	23	2	190.19148936170217	100.09574468085106
1620	24	2	189.72916666666669	144.97916666666666
1620	25	2	190.21999999999994	190.27999999999994
1620	26	1	25.514999999999983	47.65000000000004
1620	27	1	157.5400000000001	24.525
1620	28	1	138.77386934673365	34.98492462311559
1620	29	1	187.6019900497513	78.81094527363182
1620	30	1	41.73366834170855	152.86934673366835
1620	31	1	157.365	130.86499999999992
1620	32	1	162.31343283582086	13.243781094527366
1620	33	1	127.33499999999997	26.985000000000007
1620	34	1	122.39	49.56500000000001
1620	35	1	121.56716417910444	126.68159203980099
1620	36	1	108.40999999999993	79.90500000000003
1620	37	1	27.19900497512438	148.6069651741294
1620	38	1	109.51243781094527	30.89054726368159
1620	39	1	157.31658291457288	43.85427135678394
1620	40	1	165.9296482412061	2.763819095477387
1620	41	1	20.71641791044775	98.07960199004981
1620	42	1	31.634999999999998	136.97500000000014
1620	43	1	155.125	34.60999999999999
1620	44	1	131.73134328358202	139.33830845771146
1620	45	1	110.51000000000005	114.32500000000002
1620	46	1	126.78894472361806	115.16080402010053
1620	47	1	130.24500000000006	70.77499999999999
1620	48	1	79.92500000000001	80.47000000000008
1620	49	1	110.81909547738692	91.34673366834167
1620	50	1	178.03000000000011	70.065
1620	51	1	120.3015075376885	102.25628140703512
1620	52	1	113.3283582089552	135.36815920398004
1620	53	1	123.38000000000001	37.12000000000003
1620	54	1	39.155778894472384	179.1306532663316
1620	55	1	96.83500000000004	120.03000000000002
1620	56	1	29.17412935323385	171.7960199004975
1620	57	1	111.005	69.74
1620	58	1	34.13999999999999	161.02499999999998
1620	59	1	55.944723618090435	174.3819095477387
1620	60	1	174.67500000000004	16.515
1620	61	1	91.37499999999989	94.75000000000001
1620	62	1	139.0248756218906	129.2338308457712
1620	63	1	82.80999999999999	88.81999999999998
1620	64	1	167.23999999999998	134.58499999999995
1620	65	1	37.49500000000002	46.435
1620	66	1	136.23618090452257	49.19095477386936
1620	67	1	100.38308457711445	132.0746268656716
1620	68	1	42.46000000000002	24.744999999999994
1620	69	1	14.995	37.59000000000002
1620	70	1	173.89000000000007	32.94499999999998
1620	71	1	69.12000000000006	97.95499999999994
1620	72	1	122.89000000000001	81.86999999999998
1620	73	1	143.68000000000006	119.73500000000004
1620	74	1	74.55778894472364	106.89949748743723
1620	75	1	95.70351758793973	31.120603015075375
1630	1	2	10.32	9.919999999999991
1630	2	2	9.91	54.940000000000026
1630	3	2	10.271739130434783	100
1630	4	2	10.000000000000004	145
1630	5	2	9.78	189.93
1630	6	2	54.97999999999999	9.810000000000004
1630	7	2	55.02000000000001	55.22999999999999
1630	8	2	54.95	99.83999999999995
1630	9	2	54.87999999999998	144.88
1630	10	2	55.00000000000001	190.10999999999996
1630	11	2	100.26	9.899999999999997
1630	12	2	100.09	54.980000000000004
1630	13	2	100.12	100.12000000000003
1630	14	2	100.12	145.11999999999992
1630	15	2	99.93	190.07999999999996
1630	16	2	145.14141414141412	10.383838383838384
1630	17	2	144.97999999999993	54.95000000000002
1630	18	2	145.0900000000001	100.42000000000002
1630	19	2	145.1599999999999	144.95
1630	20	2	145.27083333333331	190.27083333333331
1630	21	2	190.14	9.740000000000002
1630	22	2	190.1199999999999	54.88
1630	23	2	190.19148936170217	100.09574468085106
1630	24	2	189.72916666666669	144.97916666666666
1630	25	2	190.21999999999994	190.27999999999994
1630	26	1	25.39999999999998	47.970000000000006
1630	27	1	157.94000000000005	25.185000000000013
1630	28	1	139.15000000000012	34.459999999999994
1630	29	1	186.9	78.95999999999997
1630	30	1	41.714999999999996	152.21500000000006
1630	31	1	156.97500000000008	131.15499999999994
1630	32	1	162.2537313432835	14.169154228855724
1630	33	1	126.71999999999997	27.054999999999996
1630	34	1	122.99000000000004	49.28499999999999
1630	35	1	121.09000000000005	126.70000000000002
1630	36	1	108.51999999999998	79.86999999999995
1630	37	1	28.226130653266328	148.7889447236182
1630	38	1	109.35820895522387	30.378109452736314
1630	39	1	156.94472361809036	44.39195979899498
1630	40	1	165.80999999999995	2.864999999999999
1630	41	1	20.765000000000015	98.57000000000002
1630	42	1	30.248756218905484	137.19900497512444
1630	43	1	154.9547738693469	34.678391959799015
1630	44	1	131.99999999999991	138.84499999999997
1630	45	1	109.63500000000002	114.41
1630	46	1	126.795	115.575
1630	47	1	129.60301507537676	70.42211055276378
1630	48	1	80.25499999999995	80.37
1630	49	1	110.7185929648241	91.12562814070354
1630	50	1	178.26633165829142	69.63316582914577
1630	51	1	119.65000000000002	103.05999999999997
1630	52	1	113.24499999999999	136.16499999999996
1630	53	1	123.46999999999996	36.85000000000001
1630	54	1	38.985	178.9849999999999
1630	55	1	96.01	121.42999999999995
1630	56	1	28.77	171.0149999999999
1630	57	1	111.35500000000002	69.33499999999998
1630	58	1	34.69346733668341	161.38190954773862
1630	59	1	54.46499999999999	174.35999999999981
1630	60	1	174.06500000000003	16.915000000000003
1630	61	1	91.30653266331657	94.83919597989949
1630	62	1	139.01999999999998	128.48499999999996
1630	63	1	82.76499999999999	88.97000000000001
1630	64	1	166.45999999999998	136.115
1630	65	1	36.99500000000001	44.40499999999999
1630	66	1	136.44500000000002	49.000000000000014
1630	67	1	101.075	132.315
1630	68	1	42.159999999999975	24.089999999999996
1630	69	1	14.649999999999997	37.195000000000014
1630	70	1	174.91584158415833	32.767326732673254
1630	71	1	69.00497512437806	99.00497512437803
1630	72	1	122.72999999999996	82.74000000000002
1630	73	1	144.30150753768848	119.62814070351753
1630	74	1	75.04522613065328	106.86432160804019
1630	75	1	96.875	31.039999999999996
1640	1	2	10.32	9.919999999999991
1640	2	2	9.91	54.940000000000026
1640	3	2	10.271739130434783	100
1640	4	2	10.000000000000004	145
1640	5	2	9.78	189.93
1640	6	2	54.97999999999999	9.810000000000004
1640	7	2	55.02000000000001	55.22999999999999
1640	8	2	54.95	99.83999999999995
1640	9	2	54.87999999999998	144.88
1640	10	2	55.00000000000001	190.10999999999996
1640	11	2	100.26	9.899999999999997
1640	12	2	100.09	54.980000000000004
1640	13	2	100.12	100.12000000000003
1640	14	2	100.12	145.11999999999992
1640	15	2	99.93	190.07999999999996
1640	16	2	145.14141414141412	10.383838383838384
1640	17	2	144.97999999999993	54.95000000000002
1640	18	2	145.0900000000001	100.42000000000002
1640	19	2	145.1599999999999	144.95
1640	20	2	145.27083333333331	190.27083333333331
1640	21	2	190.14	9.740000000000002
1640	22	2	190.1199999999999	54.88
1640	23	2	190.19148936170217	100.09574468085106
1640	24	2	189.72916666666669	144.97916666666666
1640	25	2	190.21999999999994	190.27999999999994
1640	26	1	25.733668341708533	48.065326633165824
1640	27	1	158.07000000000002	25.564999999999994
1640	28	1	139.56500000000005	33.81999999999999
1640	29	1	185.90547263681586	79.39800995024875
1640	30	1	41.69651741293533	151.4427860696517
1640	31	1	155.99999999999994	131.8040201005025
1640	32	1	162.05499999999998	14.804999999999996
1640	33	1	125.53233830845774	27.427860696517406
1640	34	1	123.36999999999998	48.77000000000001
1640	35	1	120.55499999999998	126.08999999999999
1640	36	1	108.72500000000001	79.94
1640	37	1	28.899497487437184	149.1306532663317
1640	38	1	109.17587939698495	29.49246231155778
1640	39	1	156.43216080402001	44.87437185929647
1640	40	1	165.085	2.82
1640	41	1	20.783919597989943	98.84924623115575
1640	42	1	28.457711442786064	138.089552238806
1640	43	1	154.98000000000005	34.77499999999999
1640	44	1	132.55499999999995	138.03000000000003
1640	45	1	107.70000000000005	115.02499999999998
1640	46	1	126.39999999999995	115.805
1640	47	1	129.26499999999993	70.46500000000002
1640	48	1	80.31840796019894	80.35323383084575
1640	49	1	110.58000000000003	90.99
1640	50	1	178.21105527638187	69.23618090452267
1640	51	1	118.46766169154238	104.15422885572139
1640	52	1	113.54499999999996	137.1550000000001
1640	53	1	123.42713567839193	36.77386934673367
1640	54	1	39.27135678391962	178.52763819095472
1640	55	1	95.14000000000004	122.52000000000004
1640	56	1	28.714999999999993	170.87500000000003
1640	57	1	111.38999999999999	69.36999999999998
1640	58	1	35.74499999999998	162.04500000000004
1640	59	1	53.590000000000025	174.52500000000003
1640	60	1	173.34825870646756	17.422885572139297
1640	61	1	91.045	94.935
1640	62	1	138.75124378109453	127.84079601990045
1640	63	1	82.86499999999995	89.00000000000003
1640	64	1	165.7900000000001	137.28500000000003
1640	65	1	36.059701492537314	42.771144278606975
1640	66	1	136.39698492462315	48.85929648241205
1640	67	1	101.83000000000006	132.33500000000004
1640	68	1	42.48500000000002	22.74499999999999
1640	69	1	14.38	37.01999999999998
1640	70	1	175.8208955223881	32.40298507462684
1640	71	1	68.98500000000001	99.20999999999992
1640	72	1	122.6467661691542	83.68159203980096
1640	73	1	145.19597989949747	119.55276381909547
1640	74	1	74.93467336683422	107.0603015075377
1640	75	1	97.675	30.965
1650	1	2	10.32	9.919999999999991
1650	2	2	9.91	54.940000000000026
1650	3	2	10.271739130434783	100
1650	4	2	10.000000000000004	145
1650	5	2	9.78	189.93
1650	6	2	54.97999999999999	9.810000000000004
1650	7	2	55.02000000000001	55.22999999999999
1650	8	2	54.95	99.83999999999995
1650	9	2	54.87999999999998	144.88
1650	10	2	55.00000000000001	190.10999999999996
1650	11	2	100.26	9.899999999999997
1650	12	2	100.09	54.980000000000004
1650	13	2	100.12	100.12000000000003
1650	14	2	100.12	145.11999999999992
1650	15	2	99.93	190.07999999999996
1650	16	2	145.14141414141412	10.383838383838384
1650	17	2	144.97999999999993	54.95000000000002
1650	18	2	145.0900000000001	100.42000000000002
1650	19	2	145.1599999999999	144.95
1650	20	2	145.27083333333331	190.27083333333331
1650	21	2	190.14	9.740000000000002
1650	22	2	190.1199999999999	54.88
1650	23	2	190.19148936170217	100.09574468085106
1650	24	2	189.72916666666669	144.97916666666666
1650	25	2	190.21999999999994	190.27999999999994
1650	26	1	26.462311557788954	47.80904522613066
1650	27	1	158.0452261306532	25.844221105527637
1650	28	1	139.85427135678393	33.216080402010036
1650	29	1	185.52736318407958	79.93532338308457
1650	30	1	41.422110552763826	150.46733668341713
1650	31	1	155.37313432835808	132.0746268656715
1650	32	1	162.0949999999999	15.474999999999996
1650	33	1	125.18	27.470000000000006
1650	34	1	124.22000000000013	48.394999999999996
1650	35	1	119.955	125.61000000000006
1650	36	1	108.84000000000003	79.93000000000008
1650	37	1	28.90452261306533	149.69849246231158
1650	38	1	109.07035175879399	28.768844221105528
1650	39	1	156.27	45.47
1650	40	1	164.44000000000003	3.2499999999999987
1650	41	1	20.77000000000001	99.24999999999999
1650	42	1	27.32500000000001	138.95500000000004
1650	43	1	155.10945273631833	35.03980099502486
1650	44	1	132.76119402985074	137.11442786069642
1650	45	1	106.76500000000001	115.82500000000003
1650	46	1	126.47999999999998	115.45500000000004
1650	47	1	128.91	70.47500000000001
1650	48	1	80.30000000000001	80.30000000000004
1650	49	1	110.77386934673366	90.84422110552764
1650	50	1	178.27638190954772	68.42713567839199
1650	51	1	116.83919597989944	104.88442211055278
1650	52	1	113.57999999999996	138.07999999999987
1650	53	1	123.18499999999999	36.769999999999996
1650	54	1	39.17000000000001	177.95000000000002
1650	55	1	94.47029702970293	123.29207920792089
1650	56	1	28.375	170.44500000000002
1650	57	1	111.56999999999998	69.49000000000001
1650	58	1	36.32500000000002	162.32999999999987
1650	59	1	52.455000000000005	173.83000000000004
1650	60	1	173.035	17.765000000000004
1650	61	1	91.09999999999998	94.82499999999993
1650	62	1	138.3900000000001	127.30000000000003
1650	63	1	82.94999999999996	89.06
1650	64	1	164.98000000000008	138.29000000000005
1650	65	1	35.39303482587064	41.263681592039795
1650	66	1	136.4595959595959	48.77777777777781
1650	67	1	102.50999999999998	132.30000000000007
1650	68	1	42.365000000000016	21.580000000000002
1650	69	1	13.964999999999991	36.46999999999996
1650	70	1	176.22000000000003	32.14499999999998
1650	71	1	69.08500000000004	99.16000000000007
1650	72	1	122.805	84.73999999999998
1650	73	1	145.90999999999997	119.68499999999996
1650	74	1	75.48756218905476	107.02487562189056
1650	75	1	98.74	30.400000000000013
1660	1	2	10.32	9.919999999999991
1660	2	2	9.91	54.940000000000026
1660	3	2	10.271739130434783	100
1660	4	2	10.000000000000004	145
1660	5	2	9.78	189.93
1660	6	2	54.97999999999999	9.810000000000004
1660	7	2	55.02000000000001	55.22999999999999
1660	8	2	54.95	99.83999999999995
1660	9	2	54.87999999999998	144.88
1660	10	2	55.00000000000001	190.10999999999996
1660	11	2	100.26	9.899999999999997
1660	12	2	100.09	54.980000000000004
1660	13	2	100.12	100.12000000000003
1660	14	2	100.12	145.11999999999992
1660	15	2	99.93	190.07999999999996
1660	16	2	145.14141414141412	10.383838383838384
1660	17	2	144.97999999999993	54.95000000000002
1660	18	2	145.0900000000001	100.42000000000002
1660	19	2	145.1599999999999	144.95
1660	20	2	145.27083333333331	190.27083333333331
1660	21	2	190.14	9.740000000000002
1660	22	2	190.1199999999999	54.88
1660	23	2	190.19148936170217	100.09574468085106
1660	24	2	189.72916666666669	144.97916666666666
1660	25	2	190.21999999999994	190.27999999999994
1660	26	1	27.11442786069653	48.19900497512439
1660	27	1	158.35500000000002	26.355000000000008
1660	28	1	140.40499999999997	32.70499999999999
1660	29	1	184.8	80.445
1660	30	1	41.28500000000001	149.45000000000002
1660	31	1	154.59798994974867	132.92462311557804
1660	32	1	162.37000000000003	16.210000000000004
1660	33	1	124.54773869346738	27.819095477386934
1660	34	1	124.54999999999998	47.37999999999999
1660	35	1	119.31000000000006	124.97999999999996
1660	36	1	109.06532663316587	79.88944723618091
1660	37	1	29.380000000000003	150.065
1660	38	1	108.80099502487565	27.82089552238808
1660	39	1	156.0450000000001	45.965
1660	40	1	163.66500000000002	3.885000000000003
1660	41	1	20.735000000000003	99.68999999999996
1660	42	1	26.10000000000001	139.605
1660	43	1	155.36180904522615	35.44221105527639
1660	44	1	132.6019900497513	136.40298507462677
1660	45	1	105.47000000000004	115.84999999999997
1660	46	1	126.58500000000005	115.19499999999996
1660	47	1	128.51	70.57500000000007
1660	48	1	80.37499999999999	80.04499999999999
1660	49	1	111.02500000000003	90.97999999999998
1660	50	1	178.84577114427853	67.14427860696517
1660	51	1	115.5	105.22499999999995
1660	52	1	113.84499999999997	138.43500000000014
1660	53	1	122.82412060301506	36.834170854271356
1660	54	1	39.205	178.00999999999993
1660	55	1	93.71000000000002	124.535
1660	56	1	28.414999999999985	170.52499999999995
1660	57	1	111.54999999999994	69.32499999999996
1660	58	1	36.92000000000002	162.3349999999999
1660	59	1	51.85	173.025
1660	60	1	172.7638190954774	18.321608040201006
1660	61	1	91.03000000000006	94.74000000000001
1660	62	1	138.1691542288557	126.8159203980099
1660	63	1	82.86999999999995	89.11999999999998
1660	64	1	164.48241206030136	138.82412060301507
1660	65	1	34.08955223880596	40.38805970149256
1660	66	1	136.3100000000001	48.72499999999999
1660	67	1	103.39698492462315	131.89949748743717
1660	68	1	42.07500000000002	20.215000000000003
1660	69	1	13.935000000000004	36.104999999999976
1660	70	1	177.30499999999995	31.695000000000007
1660	71	1	69.42500000000004	99.28
1660	72	1	122.65500000000002	85.63
1660	73	1	146.6984924623116	119.84924623115573
1660	74	1	76.43000000000002	107.36000000000004
1660	75	1	99.28358208955225	30.149253731343276
1670	1	2	10.32	9.919999999999991
1670	2	2	9.91	54.940000000000026
1670	3	2	10.271739130434783	100
1670	4	2	10.000000000000004	145
1670	5	2	9.78	189.93
1670	6	2	54.97999999999999	9.810000000000004
1670	7	2	55.02000000000001	55.22999999999999
1670	8	2	54.95	99.83999999999995
1670	9	2	54.87999999999998	144.88
1670	10	2	55.00000000000001	190.10999999999996
1670	11	2	100.26	9.899999999999997
1670	12	2	100.09	54.980000000000004
1670	13	2	100.12	100.12000000000003
1670	14	2	100.12	145.11999999999992
1670	15	2	99.93	190.07999999999996
1670	16	2	145.14141414141412	10.383838383838384
1670	17	2	144.97999999999993	54.95000000000002
1670	18	2	145.0900000000001	100.42000000000002
1670	19	2	145.1599999999999	144.95
1670	20	2	145.27083333333331	190.27083333333331
1670	21	2	190.14	9.740000000000002
1670	22	2	190.1199999999999	54.88
1670	23	2	190.19148936170217	100.09574468085106
1670	24	2	189.72916666666669	144.97916666666666
1670	25	2	190.21999999999994	190.27999999999994
1670	26	1	27.265000000000008	48.095000000000006
1670	27	1	158.65671641791042	26.552238805970152
1670	28	1	141.02999999999994	32.22500000000002
1670	29	1	183.96019900497518	81.07960199004977
1670	30	1	40.96000000000001	148.2999999999999
1670	31	1	154.13567839195977	133.1407035175879
1670	32	1	162.42999999999995	16.624999999999996
1670	33	1	124.00497512437809	27.965174129353226
1670	34	1	125.31499999999997	46.954999999999984
1670	35	1	118.44500000000006	123.88499999999995
1670	36	1	109.10050251256274	79.95477386934675
1670	37	1	29.570000000000004	150.56
1670	38	1	108.85000000000001	26.879999999999995
1670	39	1	156.47263681592042	46.31343283582088
1670	40	1	163.03000000000003	4.359999999999997
1670	41	1	20.530000000000005	100.16000000000005
1670	42	1	25.304999999999996	139.84499999999997
1670	43	1	155.19597989949753	35.7587939698492
1670	44	1	132.85499999999996	135.435
1670	45	1	103.52238805970147	116.34328358208955
1670	46	1	126.36999999999999	114.55499999999995
1670	47	1	127.68656716417917	70.35820895522392
1670	48	1	80.72999999999999	79.59000000000002
1670	49	1	111.3819095477387	91.16080402010047
1670	50	1	179.13000000000002	66.11999999999998
1670	51	1	113.636815920398	105.69154228855724
1670	52	1	114.43499999999992	138.57500000000005
1670	53	1	122.91000000000004	36.885000000000005
1670	54	1	39.03999999999998	178.05499999999992
1670	55	1	92.58291457286431	125.4422110552764
1670	56	1	28.165829145728654	170.06030150753776
1670	57	1	111.38693467336687	69.251256281407
1670	58	1	38.170854271356816	162.56281407035172
1670	59	1	51.17000000000002	172.38000000000005
1670	60	1	172.58999999999986	18.25999999999999
1670	61	1	90.94499999999996	94.89499999999997
1670	62	1	137.35499999999993	126.19000000000001
1670	63	1	83.42500000000004	88.965
1670	64	1	164.1641791044775	139.2587064676618
1670	65	1	33.35500000000001	39.46000000000001
1670	66	1	136.6550000000001	48.75499999999999
1670	67	1	104.62999999999997	131.29499999999996
1670	68	1	41.255000000000045	19.009999999999987
1670	69	1	13.746268656716419	35.52238805970151
1670	70	1	177.655	31.385000000000005
1670	71	1	69.643216080402	99.25628140703522
1670	72	1	122.90000000000006	86.41
1670	73	1	147.24875621890544	120.09950248756215
1670	74	1	77.05500000000002	107.46499999999999
1670	75	1	99.57499999999997	30.094999999999985
1680	1	2	10.32	9.919999999999991
1680	2	2	9.91	54.940000000000026
1680	3	2	10.271739130434783	100
1680	4	2	10.000000000000004	145
1680	5	2	9.78	189.93
1680	6	2	54.97999999999999	9.810000000000004
1680	7	2	55.02000000000001	55.22999999999999
1680	8	2	54.95	99.83999999999995
1680	9	2	54.87999999999998	144.88
1680	10	2	55.00000000000001	190.10999999999996
1680	11	2	100.26	9.899999999999997
1680	12	2	100.09	54.980000000000004
1680	13	2	100.12	100.12000000000003
1680	14	2	100.12	145.11999999999992
1680	15	2	99.93	190.07999999999996
1680	16	2	145.14141414141412	10.383838383838384
1680	17	2	144.97999999999993	54.95000000000002
1680	18	2	145.0900000000001	100.42000000000002
1680	19	2	145.1599999999999	144.95
1680	20	2	145.27083333333331	190.27083333333331
1680	21	2	190.14	9.740000000000002
1680	22	2	190.1199999999999	54.88
1680	23	2	190.19148936170217	100.09574468085106
1680	24	2	189.72916666666669	144.97916666666666
1680	25	2	190.21999999999994	190.27999999999994
1680	26	1	27.314999999999987	48.13499999999999
1680	27	1	158.74000000000004	26.834999999999994
1680	28	1	141.36500000000004	31.79499999999998
1680	29	1	183.04975124378112	81.70646766169156
1680	30	1	40.47500000000001	147.345
1680	31	1	153.80000000000015	133.13500000000005
1680	32	1	162.59499999999994	17.37
1680	33	1	123.8542713567839	27.989949748743715
1680	34	1	125.77114427860694	46.398009950248756
1680	35	1	117.97999999999996	123.38
1680	36	1	108.28358208955223	80.04975124378105
1680	37	1	29.28140703517588	151.26633165829156
1680	38	1	108.96019900497517	26.537313432835813
1680	39	1	156.66169154228848	46.626865671641816
1680	40	1	162.26499999999993	4.909999999999998
1680	41	1	20.134999999999984	100.96499999999995
1680	42	1	24.59203980099502	140.0995024875622
1680	43	1	155.26000000000002	36.105000000000004
1680	44	1	132.7738693467336	134.87437185929645
1680	45	1	101.55223880597019	117.13930348258705
1680	46	1	125.57500000000002	113.47999999999996
1680	47	1	126.88000000000001	70.73
1680	48	1	80.25000000000001	79.455
1680	49	1	111.96000000000001	91.44499999999996
1680	50	1	179.60199004975118	64.81592039800992
1680	51	1	112.25628140703515	106.43216080402011
1680	52	1	114.95024875621888	138.94527363184076
1680	53	1	122.62626262626264	36.96464646464649
1680	54	1	39.16499999999999	178.375
1680	55	1	91.75000000000001	126.44500000000005
1680	56	1	28.04000000000001	170.1399999999999
1680	57	1	111.75999999999999	68.74000000000002
1680	58	1	39.010000000000005	162.33499999999992
1680	59	1	50.402010050251285	171.6633165829145
1680	60	1	172.7349999999999	18.095
1680	61	1	90.93034825870652	94.7462686567164
1680	62	1	136.1641791044777	125.64179104477611
1680	63	1	83.39800995024876	89.02487562189054
1680	64	1	164.01499999999993	139.935
1680	65	1	32.980099502487555	38.582089552238806
1680	66	1	136.6281407035176	48.80904522613065
1680	67	1	105.57286432160805	131.01507537688445
1680	68	1	40.6318407960199	17.880597014925385
1680	69	1	13.353233830845772	34.60199004975125
1680	70	1	178.03500000000003	31.214999999999996
1680	71	1	69.485	99.67999999999998
1680	72	1	122.82000000000002	86.79499999999999
1680	73	1	147.65000000000003	120.30499999999999
1680	74	1	77.91500000000003	107.68999999999997
1680	75	1	99.98009950248752	30.512437810945276
1690	1	2	10.32	9.919999999999991
1690	2	2	9.91	54.940000000000026
1690	3	2	10.271739130434783	100
1690	4	2	10.000000000000004	145
1690	5	2	9.78	189.93
1690	6	2	54.97999999999999	9.810000000000004
1690	7	2	55.02000000000001	55.22999999999999
1690	8	2	54.95	99.83999999999995
1690	9	2	54.87999999999998	144.88
1690	10	2	55.00000000000001	190.10999999999996
1690	11	2	100.26	9.899999999999997
1690	12	2	100.09	54.980000000000004
1690	13	2	100.12	100.12000000000003
1690	14	2	100.12	145.11999999999992
1690	15	2	99.93	190.07999999999996
1690	16	2	145.14141414141412	10.383838383838384
1690	17	2	144.97999999999993	54.95000000000002
1690	18	2	145.0900000000001	100.42000000000002
1690	19	2	145.1599999999999	144.95
1690	20	2	145.27083333333331	190.27083333333331
1690	21	2	190.14	9.740000000000002
1690	22	2	190.1199999999999	54.88
1690	23	2	190.19148936170217	100.09574468085106
1690	24	2	189.72916666666669	144.97916666666666
1690	25	2	190.21999999999994	190.27999999999994
1690	26	1	27.509999999999994	47.77999999999998
1690	27	1	158.82914572864317	26.979899497487445
1690	28	1	142.0299999999999	31.190000000000005
1690	29	1	182.62189054726372	82.06467661691536
1690	30	1	39.92039800995027	146.62686567164187
1690	31	1	153.39195979899486	132.81909547738712
1690	32	1	162.80999999999997	17.655000000000005
1690	33	1	123.55500000000002	28.095
1690	34	1	126.84500000000004	45.70999999999999
1690	35	1	117.18000000000002	122.635
1690	36	1	107.78500000000003	80.01499999999993
1690	37	1	29.265000000000004	151.79500000000007
1690	38	1	109.15499999999994	25.964999999999996
1690	39	1	156.6599999999999	47.12499999999999
1690	40	1	161.875	5.235000000000001
1690	41	1	19.87064676616915	101.92039800995026
1690	42	1	23.859999999999996	140.065
1690	43	1	155.615	36.544999999999995
1690	44	1	132.5849999999999	134.30499999999998
1690	45	1	100.0497512437811	117.79601990049753
1690	46	1	124.78500000000001	112.48000000000002
1690	47	1	125.92999999999995	71.07999999999998
1690	48	1	80.11500000000004	79.12500000000001
1690	49	1	112.12437810945273	91.45273631840796
1690	50	1	179.58500000000004	63.895
1690	51	1	111.45999999999998	106.935
1690	52	1	116.225	138.84500000000006
1690	53	1	122.21500000000002	37.2
1690	54	1	39.60500000000003	178.35000000000002
1690	55	1	91.09499999999998	127.44500000000004
1690	56	1	27.930000000000017	169.855
1690	57	1	111.875	68.09499999999998
1690	58	1	40.25870646766166	162.0447761194029
1690	59	1	50.05500000000003	170.9
1690	60	1	172.91959798994978	17.884422110552766
1690	61	1	90.885	94.80000000000008
1690	62	1	135.56500000000003	125.02000000000005
1690	63	1	83.8507462686567	88.7761194029851
1690	64	1	163.7537688442211	140.27638190954772
1690	65	1	32.869346733668344	37.6281407035176
1690	66	1	136.405	49.124999999999986
1690	67	1	106.20398009950246	131.1044776119403
1690	68	1	39.87000000000001	16.505
1690	69	1	13.21	34.19499999999999
1690	70	1	178.37688442211052	31.14572864321607
1690	71	1	69.85499999999996	99.42999999999998
1690	72	1	122.87000000000002	87.22000000000001
1690	73	1	147.58499999999992	120.32999999999997
1690	74	1	78.61999999999993	107.76499999999999
1690	75	1	100.20999999999994	30.744999999999997
1700	1	2	10.32	9.919999999999991
1700	2	2	9.91	54.940000000000026
1700	3	2	10.271739130434783	100
1700	4	2	10.000000000000004	145
1700	5	2	9.78	189.93
1700	6	2	54.97999999999999	9.810000000000004
1700	7	2	55.02000000000001	55.22999999999999
1700	8	2	54.95	99.83999999999995
1700	9	2	54.87999999999998	144.88
1700	10	2	55.00000000000001	190.10999999999996
1700	11	2	100.26	9.899999999999997
1700	12	2	100.09	54.980000000000004
1700	13	2	100.12	100.12000000000003
1700	14	2	100.12	145.11999999999992
1700	15	2	99.93	190.07999999999996
1700	16	2	145.14141414141412	10.383838383838384
1700	17	2	144.97999999999993	54.95000000000002
1700	18	2	145.0900000000001	100.42000000000002
1700	19	2	145.1599999999999	144.95
1700	20	2	145.27083333333331	190.27083333333331
1700	21	2	190.14	9.740000000000002
1700	22	2	190.1199999999999	54.88
1700	23	2	190.19148936170217	100.09574468085106
1700	24	2	189.72916666666669	144.97916666666666
1700	25	2	190.21999999999994	190.27999999999994
1700	26	1	27.33830845771144	47.179104477611936
1700	27	1	158.7989949748744	27.050251256281395
1700	28	1	142.74129353233823	30.825870646766177
1700	29	1	182.53000000000006	82.18000000000002
1700	30	1	39.386934673366845	145.6482412060302
1700	31	1	153.35323383084577	132.42786069651746
1700	32	1	162.95979899497493	18.41708542713567
1700	33	1	123.32999999999997	28.159999999999997
1700	34	1	128.07	44.810000000000045
1700	35	1	116.19900497512434	121.97512437810947
1700	36	1	106.54999999999995	80.115
1700	37	1	29.835000000000026	152.29000000000005
1700	38	1	109.30000000000004	24.96499999999999
1700	39	1	157.11500000000015	47.309999999999995
1700	40	1	161.75000000000003	5.7700000000000005
1700	41	1	19.768844221105542	102.2462311557789
1700	42	1	23.465	140.19000000000008
1700	43	1	156.07035175879386	37.115577889447195
1700	44	1	132.11499999999998	133.51999999999998
1700	45	1	97.96517412935323	118.38805970149254
1700	46	1	123.61499999999998	111.26
1700	47	1	124.37000000000005	71.72000000000006
1700	48	1	80.205	78.50999999999999
1700	49	1	112.33999999999997	91.91999999999997
1700	50	1	179.32	63.12500000000003
1700	51	1	110.01000000000005	107.88000000000002
1700	52	1	118.02487562189054	139.30845771144277
1700	53	1	121.86999999999999	37.524999999999956
1700	54	1	39.819095477386945	178.73869346733676
1700	55	1	90.89499999999997	129.015
1700	56	1	28.240000000000002	169.78000000000003
1700	57	1	112.18592964824126	67.31658291457286
1700	58	1	41.31999999999999	161.68499999999995
1700	59	1	49.405	170.33500000000004
1700	60	1	173.11557788944722	17.61306532663315
1700	61	1	90.80904522613064	94.63819095477389
1700	62	1	134.58793969849245	124.251256281407
1700	63	1	83.63000000000001	88.80000000000003
1700	64	1	163.6550000000001	140.69999999999996
1700	65	1	32.135	36.25499999999998
1700	66	1	136.16582914572865	49.33668341708544
1700	67	1	107.03482587064681	130.9601990049752
1700	68	1	40.184079601990035	14.845771144278608
1700	69	1	12.869999999999997	33.45
1700	70	1	179.24499999999998	30.685000000000006
1700	71	1	70.14000000000006	99.67500000000001
1700	72	1	122.65326633165834	87.57788944723616
1700	73	1	147.48241206030153	120.52261306532667
1700	74	1	79.70149253731343	108.06965174129357
1700	75	1	100.54773869346734	31.09045226130654
1710	1	2	10.32	9.919999999999991
1710	2	2	9.91	54.940000000000026
1710	3	2	10.271739130434783	100
1710	4	2	10.000000000000004	145
1710	5	2	9.78	189.93
1710	6	2	54.97999999999999	9.810000000000004
1710	7	2	55.02000000000001	55.22999999999999
1710	8	2	54.95	99.83999999999995
1710	9	2	54.87999999999998	144.88
1710	10	2	55.00000000000001	190.10999999999996
1710	11	2	100.26	9.899999999999997
1710	12	2	100.09	54.980000000000004
1710	13	2	100.12	100.12000000000003
1710	14	2	100.12	145.11999999999992
1710	15	2	99.93	190.07999999999996
1710	16	2	145.14141414141412	10.383838383838384
1710	17	2	144.97999999999993	54.95000000000002
1710	18	2	145.0900000000001	100.42000000000002
1710	19	2	145.1599999999999	144.95
1710	20	2	145.27083333333331	190.27083333333331
1710	21	2	190.14	9.740000000000002
1710	22	2	190.1199999999999	54.88
1710	23	2	190.19148936170217	100.09574468085106
1710	24	2	189.72916666666669	144.97916666666666
1710	25	2	190.21999999999994	190.27999999999994
1710	26	1	27.40999999999999	46.82
1710	27	1	159.00999999999988	27.28500000000001
1710	28	1	142.79999999999998	30.815
1710	29	1	182.33830845771143	81.96019900497512
1710	30	1	38.52238805970149	144.5323383084577
1710	31	1	152.41206030150752	132.53266331658287
1710	32	1	162.98492462311546	18.658291457286424
1710	33	1	123.43216080402013	28.025125628140707
1710	34	1	128.54499999999996	44.50499999999998
1710	35	1	115.27000000000001	121.69000000000001
1710	36	1	106.02499999999996	80.34500000000007
1710	37	1	29.631840796019905	152.62189054726375
1710	38	1	109.49246231155776	23.99497487437187
1710	39	1	157.58999999999992	47.30499999999997
1710	40	1	162.03980099502476	5.935323383084571
1710	41	1	19.45226130653265	103.11557788944727
1710	42	1	22.86499999999999	140.16000000000003
1710	43	1	156.17499999999995	37.32499999999999
1710	44	1	131.09499999999994	133.07999999999998
1710	45	1	96.75621890547261	119.02487562189054
1710	46	1	123.24500000000005	110.43499999999999
1710	47	1	123.175	72.14000000000003
1710	48	1	79.5075376884422	77.8793969849246
1710	49	1	112.99999999999996	92.63681592039806
1710	50	1	178.61691542288565	62.32835820895521
1710	51	1	109.18090452261306	108.8693467336684
1710	52	1	119.26499999999999	140.29500000000004
1710	53	1	121.60301507537689	37.71356783919596
1710	54	1	39.96500000000001	178.72500000000002
1710	55	1	90.46766169154229	130.13930348258708
1710	56	1	28.225000000000012	169.3300000000001
1710	57	1	112.29145728643209	66.7035175879397
1710	58	1	42.11442786069651	161.40298507462677
1710	59	1	48.995000000000005	169.71499999999986
1710	60	1	173.2400000000001	17.400000000000006
1710	61	1	90.98994974874375	94.36180904522611
1710	62	1	133.4350000000001	123.50499999999998
1710	63	1	83.295	89.02999999999999
1710	64	1	163.3517587939698	141.21105527638187
1710	65	1	30.61194029850744	35.10447761194029
1710	66	1	135.95959595959584	49.383838383838366
1710	67	1	108.10552763819096	131.11557788944722
1710	68	1	40.395	13.47499999999999
1710	69	1	13.124999999999991	32.52
1710	70	1	179.81909547738698	30.52763819095477
1710	71	1	70.23499999999997	99.39500000000007
1710	72	1	122.82000000000002	87.77499999999999
1710	73	1	147.62000000000003	120.885
1710	74	1	80.405	108.24499999999999
1710	75	1	101.19500000000004	31.6
1720	1	2	10.32	9.919999999999991
1720	2	2	9.91	54.940000000000026
1720	3	2	10.271739130434783	100
1720	4	2	10.000000000000004	145
1720	5	2	9.78	189.93
1720	6	2	54.97999999999999	9.810000000000004
1720	7	2	55.02000000000001	55.22999999999999
1720	8	2	54.95	99.83999999999995
1720	9	2	54.87999999999998	144.88
1720	10	2	55.00000000000001	190.10999999999996
1720	11	2	100.26	9.899999999999997
1720	12	2	100.09	54.980000000000004
1720	13	2	100.12	100.12000000000003
1720	14	2	100.12	145.11999999999992
1720	15	2	99.93	190.07999999999996
1720	16	2	145.14141414141412	10.383838383838384
1720	17	2	144.97999999999993	54.95000000000002
1720	18	2	145.0900000000001	100.42000000000002
1720	19	2	145.1599999999999	144.95
1720	20	2	145.27083333333331	190.27083333333331
1720	21	2	190.14	9.740000000000002
1720	22	2	190.1199999999999	54.88
1720	23	2	190.19148936170217	100.09574468085106
1720	24	2	189.72916666666669	144.97916666666666
1720	25	2	190.21999999999994	190.27999999999994
1720	26	1	27.649999999999984	46.240000000000016
1720	27	1	158.86500000000004	27.459999999999994
1720	28	1	143.00000000000009	30.51000000000001
1720	29	1	182.2700000000001	81.49
1720	30	1	37.68159203980099	143.7114427860696
1720	31	1	152.0200000000001	132.6299999999999
1720	32	1	163.1206030150754	19.2110552763819
1720	33	1	123.27000000000004	28.09499999999999
1720	34	1	128.85500000000002	44.379999999999995
1720	35	1	114.33165829145726	121.54773869346732
1720	36	1	105.53499999999997	80.47999999999999
1720	37	1	30.634999999999994	153.69499999999996
1720	38	1	109.63000000000001	23.150000000000002
1720	39	1	158.07999999999996	47.39500000000003
1720	40	1	162.13432835820885	6.3283582089552235
1720	41	1	19.17500000000001	104.84999999999997
1720	42	1	22.604999999999993	140.10999999999996
1720	43	1	156.49000000000004	37.724999999999994
1720	44	1	130.07999999999996	132.89500000000012
1720	45	1	95.56000000000002	119.61999999999996
1720	46	1	122.69154228855716	109.98009950248758
1720	47	1	121.60999999999997	72.29999999999997
1720	48	1	78.59701492537306	77.02985074626865
1720	49	1	113.06000000000003	93.37000000000002
1720	50	1	177.641791044776	61.39303482587066
1720	51	1	107.74000000000005	110.565
1720	52	1	120.50000000000006	141.04499999999996
1720	53	1	121.76999999999997	37.81499999999999
1720	54	1	39.965	178.6800000000001
1720	55	1	90.29850746268657	131.56716417910454
1720	56	1	28.256281407035175	168.7185929648241
1720	57	1	111.76119402985074	65.68656716417912
1720	58	1	43.59	160.79999999999993
1720	59	1	48.96	169.48499999999996
1720	60	1	173.38500000000002	17.08
1720	61	1	91.05527638190958	93.98492462311563
1720	62	1	132.75000000000006	122.825
1720	63	1	83.28	88.91500000000002
1720	64	1	163.1959798994975	141.6984924623116
1720	65	1	28.49253731343284	34.9601990049751
1720	66	1	136.00999999999993	49.080000000000005
1720	67	1	108.87562189054731	131.457711442786
1720	68	1	40.91044776119402	12.283582089552244
1720	69	1	12.654999999999998	31.235000000000003
1720	70	1	179.93499999999997	30.449999999999996
1720	71	1	70.65500000000006	98.39999999999998
1720	72	1	122.48258706467665	88.134328358209
1720	73	1	148.01000000000002	121.87499999999996
1720	74	1	80.98492462311559	108.2562814070352
1720	75	1	102.04522613065328	32.03015075376885
1730	1	2	10.32	9.919999999999991
1730	2	2	9.91	54.940000000000026
1730	3	2	10.271739130434783	100
1730	4	2	10.000000000000004	145
1730	5	2	9.78	189.93
1730	6	2	54.97999999999999	9.810000000000004
1730	7	2	55.02000000000001	55.22999999999999
1730	8	2	54.95	99.83999999999995
1730	9	2	54.87999999999998	144.88
1730	10	2	55.00000000000001	190.10999999999996
1730	11	2	100.26	9.899999999999997
1730	12	2	100.09	54.980000000000004
1730	13	2	100.12	100.12000000000003
1730	14	2	100.12	145.11999999999992
1730	15	2	99.93	190.07999999999996
1730	16	2	145.14141414141412	10.383838383838384
1730	17	2	144.97999999999993	54.95000000000002
1730	18	2	145.0900000000001	100.42000000000002
1730	19	2	145.1599999999999	144.95
1730	20	2	145.27083333333331	190.27083333333331
1730	21	2	190.14	9.740000000000002
1730	22	2	190.1199999999999	54.88
1730	23	2	190.19148936170217	100.09574468085106
1730	24	2	189.72916666666669	144.97916666666666
1730	25	2	190.21999999999994	190.27999999999994
1730	26	1	27.635000000000016	45.63500000000001
1730	27	1	158.88500000000002	27.58
1730	28	1	143.15499999999994	30.14
1730	29	1	182.21393034825869	81.07960199004972
1730	30	1	36.88000000000002	143.20499999999993
1730	31	1	151.255	132.54000000000005
1730	32	1	163.25373134328353	19.83582089552238
1730	33	1	122.93969849246231	28.23618090452262
1730	34	1	129.95499999999998	43.45499999999999
1730	35	1	113.625	121.42499999999994
1730	36	1	104.95500000000003	80.93999999999998
1730	37	1	31.060301507537684	154.1407035175879
1730	38	1	110.07500000000007	22.31499999999999
1730	39	1	158.3750000000001	47.54499999999997
1730	40	1	162.46231155778884	6.713567839195977
1730	41	1	18.631840796019915	106.12935323383083
1730	42	1	22.434999999999995	139.98999999999992
1730	43	1	156.47000000000003	37.98
1730	44	1	128.93969849246238	132.7437185929648
1730	45	1	94.74000000000001	120.11500000000004
1730	46	1	121.99499999999999	109.48500000000004
1730	47	1	120.18905472636816	72.07960199004978
1730	48	1	77.36500000000001	76.11500000000001
1730	49	1	112.985	93.955
1730	50	1	176.93034825870637	60.07462686567165
1730	51	1	106.46999999999998	111.38500000000005
1730	52	1	122.13500000000005	141.67999999999998
1730	53	1	121.67500000000005	38.645
1730	54	1	40.09000000000004	178.59999999999994
1730	55	1	90.61999999999998	132.99999999999994
1730	56	1	28.522388059701495	168.50746268656704
1730	57	1	111.53233830845768	64.88059701492541
1730	58	1	44.628140703517595	160.35175879396982
1730	59	1	49.05000000000001	169.16
1730	60	1	173.6400000000001	16.600000000000012
1730	61	1	91.02999999999996	93.56
1730	62	1	131.91	122.20499999999996
1730	63	1	83.44500000000004	87.96000000000001
1730	64	1	163.21999999999997	141.87
1730	65	1	25.900497512437813	34.49751243781095
1730	66	1	135.86	49.13499999999998
1730	67	1	109.135	131.6299999999999
1730	68	1	41.3	10.444999999999995
1730	69	1	11.894999999999996	29.569999999999993
1730	70	1	180.28500000000008	30.26
1730	71	1	71.12500000000001	97.88499999999998
1730	72	1	122.16915422885573	88.17412935323384
1730	73	1	147.59203980099508	122.49253731343286
1730	74	1	81.48500000000007	107.89999999999996
1730	75	1	102.89000000000001	32.53000000000001
1740	1	2	10.32	9.919999999999991
1740	2	2	9.91	54.940000000000026
1740	3	2	10.271739130434783	100
1740	4	2	10.000000000000004	145
1740	5	2	9.78	189.93
1740	6	2	54.97999999999999	9.810000000000004
1740	7	2	55.02000000000001	55.22999999999999
1740	8	2	54.95	99.83999999999995
1740	9	2	54.87999999999998	144.88
1740	10	2	55.00000000000001	190.10999999999996
1740	11	2	100.26	9.899999999999997
1740	12	2	100.09	54.980000000000004
1740	13	2	100.12	100.12000000000003
1740	14	2	100.12	145.11999999999992
1740	15	2	99.93	190.07999999999996
1740	16	2	145.14141414141412	10.383838383838384
1740	17	2	144.97999999999993	54.95000000000002
1740	18	2	145.0900000000001	100.42000000000002
1740	19	2	145.1599999999999	144.95
1740	20	2	145.27083333333331	190.27083333333331
1740	21	2	190.14	9.740000000000002
1740	22	2	190.1199999999999	54.88
1740	23	2	190.19148936170217	100.09574468085106
1740	24	2	189.72916666666669	144.97916666666666
1740	25	2	190.21999999999994	190.27999999999994
1740	26	1	26.974999999999987	44.93
1740	27	1	159.06532663316577	27.834170854271353
1740	28	1	142.99499999999992	30.06
1740	29	1	182.02499999999992	81.37
1740	30	1	36.51	143.16499999999996
1740	31	1	151.09500000000003	132.60999999999984
1740	32	1	163.427135678392	20.306532663316585
1740	33	1	122.7286432160804	28.23115577889447
1740	34	1	130.40499999999997	42.97500000000001
1740	35	1	113.11999999999999	121.38000000000008
1740	36	1	104.52000000000001	81.82499999999997
1740	37	1	31.060000000000002	154.3849999999999
1740	38	1	110.52499999999996	21.869999999999994
1740	39	1	158.52	47.925000000000004
1740	40	1	162.86999999999998	6.839999999999997
1740	41	1	17.825000000000006	106.99500000000002
1740	42	1	22.25	139.7
1740	43	1	156.10999999999993	38.06500000000002
1740	44	1	128.1356783919598	132.1708542713568
1740	45	1	93.75999999999995	121.065
1740	46	1	121.33499999999994	109.69500000000006
1740	47	1	119.37000000000003	72.52000000000002
1740	48	1	76.5721393034826	75.23383084577117
1740	49	1	113.01492537313432	94.85572139303483
1740	50	1	176.4278606965174	59.547263681592035
1740	51	1	104.47	112.515
1740	52	1	124.30845771144283	142.38308457711443
1740	53	1	121.55721393034825	39.41293532338306
1740	54	1	39.415	178.39000000000001
1740	55	1	91.14000000000001	133.95499999999993
1740	56	1	28.614999999999988	167.97999999999996
1740	57	1	111.44000000000003	64.61000000000003
1740	58	1	45.92500000000001	159.36000000000007
1740	59	1	48.56000000000001	169.12
1740	60	1	173.95000000000013	15.844999999999995
1740	61	1	90.84	93.51499999999997
1740	62	1	131.53	121.42
1740	63	1	83.48999999999997	87.19500000000001
1740	64	1	163.2850000000001	141.82999999999993
1740	65	1	23.87437185929648	33.99497487437185
1740	66	1	135.76884422110547	49.29145728643217
1740	67	1	109.93999999999994	132.35000000000008
1740	68	1	41.42	8.375000000000005
1740	69	1	11.57286432160804	28.15577889447236
1740	70	1	180.42000000000004	30.074999999999992
1740	71	1	71.83417085427136	97.1658291457287
1740	72	1	121.89	88.08000000000001
1740	73	1	146.74	123.06000000000003
1740	74	1	81.79104477611942	107.82089552238808
1740	75	1	103.67500000000004	32.91499999999999
1750	1	2	10.32	9.919999999999991
1750	2	2	9.91	54.940000000000026
1750	3	2	10.271739130434783	100
1750	4	2	10.000000000000004	145
1750	5	2	9.78	189.93
1750	6	2	54.97999999999999	9.810000000000004
1750	7	2	55.02000000000001	55.22999999999999
1750	8	2	54.95	99.83999999999995
1750	9	2	54.87999999999998	144.88
1750	10	2	55.00000000000001	190.10999999999996
1750	11	2	100.26	9.899999999999997
1750	12	2	100.09	54.980000000000004
1750	13	2	100.12	100.12000000000003
1750	14	2	100.12	145.11999999999992
1750	15	2	99.93	190.07999999999996
1750	16	2	145.14141414141412	10.383838383838384
1750	17	2	144.97999999999993	54.95000000000002
1750	18	2	145.0900000000001	100.42000000000002
1750	19	2	145.1599999999999	144.95
1750	20	2	145.27083333333331	190.27083333333331
1750	21	2	190.14	9.740000000000002
1750	22	2	190.1199999999999	54.88
1750	23	2	190.19148936170217	100.09574468085106
1750	24	2	189.72916666666669	144.97916666666666
1750	25	2	190.21999999999994	190.27999999999994
1750	26	1	26.854999999999997	44.485000000000014
1750	27	1	159.26999999999995	28.039999999999992
1750	28	1	143.065	30.054999999999993
1750	29	1	181.98500000000013	81.15000000000002
1750	30	1	36.35	143.18999999999997
1750	31	1	150.72500000000014	132.64500000000007
1750	32	1	163.84999999999988	20.680000000000003
1750	33	1	123.13065326633165	28.266331658291456
1750	34	1	130.40201005025122	42.81909547738692
1750	35	1	111.67	121.25
1750	36	1	104.13000000000004	82.74999999999999
1750	37	1	31.334999999999997	154.58999999999997
1750	38	1	110.71499999999999	21.61
1750	39	1	158.5527638190954	48.39195979899499
1750	40	1	162.86500000000004	6.945000000000001
1750	41	1	17.35820895522388	108.33333333333329
1750	42	1	22.070000000000018	139.1150000000001
1750	43	1	155.89	38.19000000000001
1750	44	1	127.24120603015076	131.48743718592962
1750	45	1	92.56499999999997	121.19000000000005
1750	46	1	120.59999999999997	109.89500000000007
1750	47	1	118.49000000000004	72.99500000000005
1750	48	1	75.81000000000002	75.08000000000003
1750	49	1	112.78500000000001	95.55499999999999
1750	50	1	176.1100000000001	59.06
1750	51	1	103.05025125628141	112.70854271356788
1750	52	1	125.99502487562188	142.5522388059702
1750	53	1	121.10945273631842	40.42288557213929
1750	54	1	38.96000000000001	178.45000000000002
1750	55	1	92.5671641791045	134.33333333333337
1750	56	1	29.189054726368155	167.87562189054734
1750	57	1	111.24000000000007	64.58
1750	58	1	47.16500000000001	158.6250000000001
1750	59	1	48.24	169.0550000000001
1750	60	1	174.28499999999994	15.410000000000002
1750	61	1	90.68500000000003	93.575
1750	62	1	131.18000000000004	120.78500000000001
1750	63	1	83.64321608040201	86.55276381909549
1750	64	1	162.99500000000003	141.7049999999999
1750	65	1	22.262376237623755	33.20792079207923
1750	66	1	135.91000000000003	49.115
1750	67	1	111.43434343434346	132.8636363636365
1750	68	1	41.190000000000005	7.055000000000002
1750	69	1	11.115000000000006	27.294999999999998
1750	70	1	180.25499999999988	30.424999999999997
1750	71	1	72.20999999999997	96.75000000000004
1750	72	1	121.75999999999999	87.88500000000006
1750	73	1	145.7910447761193	123.69154228855719
1750	74	1	82.57000000000001	107.505
1750	75	1	104.615	33.550000000000004
1760	1	2	10.32	9.919999999999991
1760	2	2	9.91	54.940000000000026
1760	3	2	10.271739130434783	100
1760	4	2	10.000000000000004	145
1760	5	2	9.78	189.93
1760	6	2	54.97999999999999	9.810000000000004
1760	7	2	55.02000000000001	55.22999999999999
1760	8	2	54.95	99.83999999999995
1760	9	2	54.87999999999998	144.88
1760	10	2	55.00000000000001	190.10999999999996
1760	11	2	100.26	9.899999999999997
1760	12	2	100.09	54.980000000000004
1760	13	2	100.12	100.12000000000003
1760	14	2	100.12	145.11999999999992
1760	15	2	99.93	190.07999999999996
1760	16	2	145.14141414141412	10.383838383838384
1760	17	2	144.97999999999993	54.95000000000002
1760	18	2	145.0900000000001	100.42000000000002
1760	19	2	145.1599999999999	144.95
1760	20	2	145.27083333333331	190.27083333333331
1760	21	2	190.14	9.740000000000002
1760	22	2	190.1199999999999	54.88
1760	23	2	190.19148936170217	100.09574468085106
1760	24	2	189.72916666666669	144.97916666666666
1760	25	2	190.21999999999994	190.27999999999994
1760	26	1	26.750000000000004	44.035
1760	27	1	159.20499999999996	28.010000000000005
1760	28	1	143.3	30.150000000000002
1760	29	1	181.42211055276383	81.03015075376884
1760	30	1	36.30500000000001	143.05499999999995
1760	31	1	150.57213930348257	132.44278606965165
1760	32	1	164.19999999999993	21.06500000000001
1760	33	1	123.23383084577118	28.766169154228855
1760	34	1	130.42499999999998	42.545
1760	35	1	110.87500000000006	121.75500000000002
1760	36	1	103.50999999999996	83.73499999999991
1760	37	1	31.379999999999992	154.44000000000003
1760	38	1	110.79396984924627	21.0753768844221
1760	39	1	158.9447236180905	48.643216080402006
1760	40	1	163.16582914572862	7.155778894472362
1760	41	1	15.53768844221105	109.7989949748744
1760	42	1	22.39	138.72000000000006
1760	43	1	155.925	38.405
1760	44	1	126.395	131.00499999999997
1760	45	1	91.34499999999997	121.76000000000003
1760	46	1	119.67500000000004	110.33499999999997
1760	47	1	117.62999999999994	73.83500000000004
1760	48	1	74.78	74.42
1760	49	1	112.60696517412939	96.28358208955225
1760	50	1	176.25000000000003	58.27000000000001
1760	51	1	101.75	113.49000000000001
1760	52	1	127.91959798994974	142.72864321608043
1760	53	1	120.20100502512557	41.72361809045227
1760	54	1	38.01500000000001	178.41000000000003
1760	55	1	92.96499999999995	134.61500000000004
1760	56	1	29.994974874371856	167.4170854271357
1760	57	1	111.25499999999998	64.97500000000007
1760	58	1	47.98507462686569	158.09452736318403
1760	59	1	48.115577889447216	169.15577889447235
1760	60	1	174.55499999999995	15.344999999999997
1760	61	1	89.82412060301507	94.05025125628138
1760	62	1	131.06467661691536	119.92537313432834
1760	63	1	83.655	85.65500000000002
1760	64	1	162.35323383084568	141.8258706467661
1760	65	1	21.185929648241206	32.15577889447236
1760	66	1	136.00000000000006	49.02000000000001
1760	67	1	112.17500000000008	134.01999999999992
1760	68	1	41.039800995024876	5.786069651741293
1760	69	1	10.830000000000002	27.004999999999995
1760	70	1	180.15577889447218	30.849246231155785
1760	71	1	72.71000000000002	95.935
1760	72	1	121.69999999999997	87.59000000000002
1760	73	1	144.1749999999999	124.36000000000001
1760	74	1	83.23880597014927	107.60199004975121
1760	75	1	105.69651741293536	34.179104477611936
1770	1	2	10.32	9.919999999999991
1770	2	2	9.91	54.940000000000026
1770	3	2	10.271739130434783	100
1770	4	2	10.000000000000004	145
1770	5	2	9.78	189.93
1770	6	2	54.97999999999999	9.810000000000004
1770	7	2	55.02000000000001	55.22999999999999
1770	8	2	54.95	99.83999999999995
1770	9	2	54.87999999999998	144.88
1770	10	2	55.00000000000001	190.10999999999996
1770	11	2	100.26	9.899999999999997
1770	12	2	100.09	54.980000000000004
1770	13	2	100.12	100.12000000000003
1770	14	2	100.12	145.11999999999992
1770	15	2	99.93	190.07999999999996
1770	16	2	145.14141414141412	10.383838383838384
1770	17	2	144.97999999999993	54.95000000000002
1770	18	2	145.0900000000001	100.42000000000002
1770	19	2	145.1599999999999	144.95
1770	20	2	145.27083333333331	190.27083333333331
1770	21	2	190.14	9.740000000000002
1770	22	2	190.1199999999999	54.88
1770	23	2	190.19148936170217	100.09574468085106
1770	24	2	189.72916666666669	144.97916666666666
1770	25	2	190.21999999999994	190.27999999999994
1770	26	1	26.53000000000001	43.755
1770	27	1	159.49499999999998	28.314999999999994
1770	28	1	143.57	30.43500000000001
1770	29	1	180.03980099502482	80.1641791044776
1770	30	1	36.1809045226131	143.15075376884434
1770	31	1	150.87939698492465	132.28140703517593
1770	32	1	164.36999999999995	21.25000000000001
1770	33	1	123.21500000000002	29.175000000000008
1770	34	1	130.4723618090452	42.251256281407045
1770	35	1	109.76500000000001	122.26
1770	36	1	103.49000000000001	84.8500000000001
1770	37	1	32.115	155.02500000000006
1770	38	1	110.27500000000005	21.085000000000008
1770	39	1	159.49999999999986	48.980000000000025
1770	40	1	163.40999999999988	7.474999999999994
1770	41	1	14.565000000000003	110.67999999999999
1770	42	1	22.154228855721414	138.23383084577114
1770	43	1	156.20500000000007	38.634999999999984
1770	44	1	125.41708542713572	130.5427135678391
1770	45	1	89.50248756218905	122.04477611940298
1770	46	1	118.6865671641791	110.71641791044775
1770	47	1	116.96999999999997	74.41499999999999
1770	48	1	73.28999999999996	73.88999999999996
1770	49	1	112.53500000000004	97.46499999999999
1770	50	1	175.9200000000002	57.44000000000002
1770	51	1	100.36500000000002	114.45499999999994
1770	52	1	128.58499999999998	142.67499999999993
1770	53	1	119.35323383084577	42.666666666666664
1770	54	1	36.437810945273625	178.8805970149254
1770	55	1	93.20603015075372	134.58291457286427
1770	56	1	30.67336683417086	167.06030150753776
1770	57	1	111.12500000000001	65.58999999999996
1770	58	1	49.39499999999999	157.60499999999993
1770	59	1	47.61691542288554	169.3582089552239
1770	60	1	175.11000000000007	14.955
1770	61	1	89.32835820895518	94.3532338308458
1770	62	1	131.21500000000003	119.03499999999995
1770	63	1	83.520202020202	84.73737373737376
1770	64	1	161.6299999999999	142.1450000000001
1770	65	1	20.771144278606965	31.094527363184064
1770	66	1	136.00999999999996	48.97499999999998
1770	67	1	112.59000000000006	134.84000000000003
1770	68	1	40.625	3.9999999999999982
1770	69	1	10.758793969849242	26.8894472361809
1770	70	1	179.73134328358208	31.985074626865654
1770	71	1	73.17499999999997	95.42000000000006
1770	72	1	121.61499999999997	87.27500000000005
1770	73	1	142.10945273631836	125.318407960199
1770	74	1	84	107.52999999999999
1770	75	1	106.20000000000005	34.41499999999999
1780	1	2	10.32	9.919999999999991
1780	2	2	9.91	54.940000000000026
1780	3	2	10.271739130434783	100
1780	4	2	10.000000000000004	145
1780	5	2	9.78	189.93
1780	6	2	54.97999999999999	9.810000000000004
1780	7	2	55.02000000000001	55.22999999999999
1780	8	2	54.95	99.83999999999995
1780	9	2	54.87999999999998	144.88
1780	10	2	55.00000000000001	190.10999999999996
1780	11	2	100.26	9.899999999999997
1780	12	2	100.09	54.980000000000004
1780	13	2	100.12	100.12000000000003
1780	14	2	100.12	145.11999999999992
1780	15	2	99.93	190.07999999999996
1780	16	2	145.14141414141412	10.383838383838384
1780	17	2	144.97999999999993	54.95000000000002
1780	18	2	145.0900000000001	100.42000000000002
1780	19	2	145.1599999999999	144.95
1780	20	2	145.27083333333331	190.27083333333331
1780	21	2	190.14	9.740000000000002
1780	22	2	190.1199999999999	54.88
1780	23	2	190.19148936170217	100.09574468085106
1780	24	2	189.72916666666669	144.97916666666666
1780	25	2	190.21999999999994	190.27999999999994
1780	26	1	26.505	43.66499999999998
1780	27	1	159.80402010050247	28.447236180904525
1780	28	1	143.7738693467337	30.69346733668341
1780	29	1	178.82089552238807	79.1542288557214
1780	30	1	35.85500000000002	143.32499999999996
1780	31	1	150.31658291457293	132.23115577889448
1780	32	1	164.85999999999993	21.640000000000008
1780	33	1	123.42211055276384	29.628140703517573
1780	34	1	130.62500000000003	41.774999999999984
1780	35	1	108.57999999999998	123.355
1780	36	1	103.3	85.36999999999995
1780	37	1	32.62499999999999	155.45500000000007
1780	38	1	110.38000000000001	21.034999999999986
1780	39	1	160.16499999999994	49.07500000000002
1780	40	1	163.57999999999998	8.065
1780	41	1	13.255000000000003	112.13499999999999
1780	42	1	21.91000000000001	137.84
1780	43	1	156.76884422110555	38.91959798994975
1780	44	1	124.50746268656722	130.19402985074632
1780	45	1	87.99004975124375	122.07462686567165
1780	46	1	117.46766169154228	111.27363184079606
1780	47	1	116.46231155778896	74.64824120603015
1780	48	1	72.03482587064681	74.00497512437816
1780	49	1	112.21	98.09000000000003
1780	50	1	176.34825870646767	56.43283582089551
1780	51	1	99.5721393034825	115.06467661691548
1780	52	1	129.255	143.135
1780	53	1	118.55000000000003	43.81500000000002
1780	54	1	35.36999999999997	179.54500000000002
1780	55	1	93.5979899497488	134.51758793969853
1780	56	1	31.329999999999988	167.28499999999988
1780	57	1	111.36500000000001	65.35999999999999
1780	58	1	50.30500000000001	157.43999999999988
1780	59	1	47.03499999999999	169.40500000000003
1780	60	1	175.81	14.320000000000006
1780	61	1	88.7035175879397	94.69849246231155
1780	62	1	130.98999999999995	118.555
1780	63	1	83.38693467336685	84.21105527638194
1780	64	1	159.85500000000002	142.57000000000002
1780	65	1	20.554999999999986	30.25999999999999
1780	66	1	136.17499999999993	48.779999999999994
1780	67	1	113.76499999999999	135.94500000000005
1780	68	1	40.414999999999985	1.8300000000000003
1780	69	1	10.869346733668342	27.120603015075375
1780	70	1	179.30499999999992	33.01999999999999
1780	71	1	73.53000000000004	94.96999999999998
1780	72	1	121.31000000000004	87.34
1780	73	1	140.85500000000005	125.80499999999999
1780	74	1	84.71499999999996	107.73500000000003
1780	75	1	106.66834170854266	34.51256281407036
1790	1	2	10.32	9.919999999999991
1790	2	2	9.91	54.940000000000026
1790	3	2	10.271739130434783	100
1790	4	2	10.000000000000004	145
1790	5	2	9.78	189.93
1790	6	2	54.97999999999999	9.810000000000004
1790	7	2	55.02000000000001	55.22999999999999
1790	8	2	54.95	99.83999999999995
1790	9	2	54.87999999999998	144.88
1790	10	2	55.00000000000001	190.10999999999996
1790	11	2	100.26	9.899999999999997
1790	12	2	100.09	54.980000000000004
1790	13	2	100.12	100.12000000000003
1790	14	2	100.12	145.11999999999992
1790	15	2	99.93	190.07999999999996
1790	16	2	145.14141414141412	10.383838383838384
1790	17	2	144.97999999999993	54.95000000000002
1790	18	2	145.0900000000001	100.42000000000002
1790	19	2	145.1599999999999	144.95
1790	20	2	145.27083333333331	190.27083333333331
1790	21	2	190.14	9.740000000000002
1790	22	2	190.1199999999999	54.88
1790	23	2	190.19148936170217	100.09574468085106
1790	24	2	189.72916666666669	144.97916666666666
1790	25	2	190.21999999999994	190.27999999999994
1790	26	1	26.26	43.309999999999995
1790	27	1	160.01499999999996	28.680000000000007
1790	28	1	143.72999999999993	30.905000000000015
1790	29	1	177.37999999999994	77.975
1790	30	1	35.525	143.17499999999998
1790	31	1	149.82000000000002	132.20999999999998
1790	32	1	165.2211055276381	21.909547738693476
1790	33	1	123.35000000000004	30.139999999999997
1790	34	1	130.42713567839203	41.53768844221105
1790	35	1	107.91000000000003	124.23999999999997
1790	36	1	103.4	85.61500000000001
1790	37	1	32.81094527363185	155.6965174129354
1790	38	1	110.59999999999998	21.440000000000012
1790	39	1	160.75376884422107	49.316582914572855
1790	40	1	164.43718592964825	9.170854271356783
1790	41	1	12.144278606965175	113.10945273631837
1790	42	1	22.09000000000001	137.6599999999999
1790	43	1	156.93034825870652	39.28855721393031
1790	44	1	123.785	129.92000000000004
1790	45	1	86.29850746268659	122.4129353233831
1790	46	1	116.66834170854268	111.52261306532667
1790	47	1	116.04999999999994	75.03
1790	48	1	70.74999999999999	74.03500000000003
1790	49	1	111.87999999999998	99.27500000000005
1790	50	1	176.5799999999999	55.835
1790	51	1	98.59499999999998	116.315
1790	52	1	130.27500000000018	143.19
1790	53	1	117.46766169154226	45.51741293532339
1790	54	1	33.879396984924625	179.6231155778895
1790	55	1	93.94000000000003	134.4050000000001
1790	56	1	32.65671641791045	167.28855721393037
1790	57	1	111.65326633165827	65.28643216080404
1790	58	1	51.34999999999997	157.54000000000002
1790	59	1	46.81999999999998	169.54999999999993
1790	60	1	176.90000000000012	13.875
1790	61	1	87.795	94.89499999999995
1790	62	1	130.67661691542287	118.00995024875624
1790	63	1	83.17499999999997	83.2
1790	64	1	158.61809045226124	142.7587939698493
1790	65	1	20.485000000000007	29.05
1790	66	1	136.19500000000002	48.62999999999998
1790	67	1	114.60000000000002	136.82999999999998
1790	68	1	40.449999999999974	199.77
1790	69	1	10.950248756218903	27.726368159203993
1790	70	1	178.47999999999996	33.80499999999999
1790	71	1	73.84422110552762	94.58793969849243
1790	72	1	121.10000000000002	87.335
1790	73	1	139.65999999999997	126.06999999999995
1790	74	1	85.2985074626866	107.97512437810944
1790	75	1	106.865	34.60499999999999
1800	1	2	10.32	9.919999999999991
1800	2	2	9.91	54.940000000000026
1800	3	2	10.271739130434783	100
1800	4	2	10.000000000000004	145
1800	5	2	9.78	189.93
1800	6	2	54.97999999999999	9.810000000000004
1800	7	2	55.02000000000001	55.22999999999999
1800	8	2	54.95	99.83999999999995
1800	9	2	54.87999999999998	144.88
1800	10	2	55.00000000000001	190.10999999999996
1800	11	2	100.26	9.899999999999997
1800	12	2	100.09	54.980000000000004
1800	13	2	100.12	100.12000000000003
1800	14	2	100.12	145.11999999999992
1800	15	2	99.93	190.07999999999996
1800	16	2	145.14141414141412	10.383838383838384
1800	17	2	144.97999999999993	54.95000000000002
1800	18	2	145.0900000000001	100.42000000000002
1800	19	2	145.1599999999999	144.95
1800	20	2	145.27083333333331	190.27083333333331
1800	21	2	190.14	9.740000000000002
1800	22	2	190.1199999999999	54.88
1800	23	2	190.19148936170217	100.09574468085106
1800	24	2	189.72916666666669	144.97916666666666
1800	25	2	190.21999999999994	190.27999999999994
1800	26	1	25.66500000000001	42.57
1800	27	1	159.7300000000001	28.560000000000006
1800	28	1	143.66999999999993	31.22
1800	29	1	176.2338308457711	76.5671641791045
1800	30	1	35.10999999999997	143.57999999999993
1800	31	1	149.68000000000006	132.20000000000005
1800	32	1	165.44000000000005	21.975000000000005
1800	33	1	123.075	30.315
1800	34	1	130.31499999999994	41.13499999999997
1800	35	1	107.19900497512437	124.86567164179104
1800	36	1	103.50990099009903	86.17821782178218
1800	37	1	33.1	156.16999999999996
1800	38	1	110.66499999999996	21.514999999999997
1800	39	1	161.255	49.499999999999986
1800	40	1	165.41999999999996	9.879999999999999
1800	41	1	11.154228855721396	113.71641791044779
1800	42	1	22.06	137.28000000000006
1800	43	1	157.295	39.48499999999999
1800	44	1	123.32160804020106	129.77386934673368
1800	45	1	84.39000000000004	122.68500000000003
1800	46	1	116.03980099502489	112.14427860696517
1800	47	1	115.77386934673365	75.32160804020101
1800	48	1	69.995	73.91499999999999
1800	49	1	111.71500000000002	100.27499999999999
1800	50	1	176.66499999999996	55.32
1800	51	1	97.98009950248755	117.15422885572139
1800	52	1	131.35999999999999	143.16500000000016
1800	53	1	116.86000000000004	46.77000000000003
1800	54	1	33.14999999999999	179.56499999999983
1800	55	1	94.34673366834168	134.25628140703515
1800	56	1	33.636815920398035	167.27860696517413
1800	57	1	112.1356783919598	65.05025125628144
1800	58	1	53.044776119403	157.5820895522388
1800	59	1	46.4974874371859	169.38693467336685
1800	60	1	177.69	14.009999999999991
1800	61	1	86.43781094527361	95.51741293532336
1800	62	1	130.43499999999995	117.55000000000004
1800	63	1	82.49499999999992	82.33999999999999
1800	64	1	157.71999999999994	143.33499999999992
1800	65	1	20.805000000000007	26.86999999999999
1800	66	1	136.13500000000008	48.440000000000005
1800	67	1	115.10000000000002	137.29499999999976
1800	68	1	40.825870646766134	197.93532338308458
1800	69	1	11.059999999999997	28.099999999999994
1800	70	1	177.57	34.845000000000006
1800	71	1	73.91044776119408	94.79601990049755
1800	72	1	120.92	87.34500000000001
1800	73	1	139.11557788944728	126.1306532663317
1800	74	1	86.58000000000006	108.55500000000002
1800	75	1	107.46000000000001	34.97000000000001
1810	1	2	10.32	9.919999999999991
1810	2	2	9.91	54.940000000000026
1810	3	2	10.271739130434783	100
1810	4	2	10.000000000000004	145
1810	5	2	9.78	189.93
1810	6	2	54.97999999999999	9.810000000000004
1810	7	2	55.02000000000001	55.22999999999999
1810	8	2	54.95	99.83999999999995
1810	9	2	54.87999999999998	144.88
1810	10	2	55.00000000000001	190.10999999999996
1810	11	2	100.26	9.899999999999997
1810	12	2	100.09	54.980000000000004
1810	13	2	100.12	100.12000000000003
1810	14	2	100.12	145.11999999999992
1810	15	2	99.93	190.07999999999996
1810	16	2	145.14141414141412	10.383838383838384
1810	17	2	144.97999999999993	54.95000000000002
1810	18	2	145.0900000000001	100.42000000000002
1810	19	2	145.1599999999999	144.95
1810	20	2	145.27083333333331	190.27083333333331
1810	21	2	190.14	9.740000000000002
1810	22	2	190.1199999999999	54.88
1810	23	2	190.19148936170217	100.09574468085106
1810	24	2	189.72916666666669	144.97916666666666
1810	25	2	190.21999999999994	190.27999999999994
1810	26	1	25.429999999999996	41.645
1810	27	1	159.8950000000001	28.755
1810	28	1	143.6482412060301	31.4321608040201
1810	29	1	174.9253731343285	74.8358208955224
1810	30	1	34.444999999999986	143.92999999999998
1810	31	1	149.20895522388062	132.3731343283582
1810	32	1	165.315	21.849999999999998
1810	33	1	122.77499999999998	30.974999999999994
1810	34	1	129.99999999999997	41.195
1810	35	1	106.8391959798995	125.50753768844221
1810	36	1	103.73134328358206	86.75621890547262
1810	37	1	32.91000000000002	156.15000000000012
1810	38	1	111.15499999999997	21.589999999999993
1810	39	1	162.06500000000003	49.864999999999995
1810	40	1	166.45499999999996	10.609999999999994
1810	41	1	9.819999999999997	115.13500000000003
1810	42	1	22.61386138613862	136.4455445544555
1810	43	1	157.34500000000008	39.69000000000001
1810	44	1	122.63500000000002	129.69500000000002
1810	45	1	82.94500000000002	123.81999999999998
1810	46	1	115.635	112.84
1810	47	1	114.80000000000001	76.01999999999998
1810	48	1	68.87499999999999	74.52500000000002
1810	49	1	111.59000000000002	101.17000000000002
1810	50	1	176.819095477387	53.929648241206024
1810	51	1	97.09499999999997	117.92500000000001
1810	52	1	131.6030150753769	143.41206030150758
1810	53	1	115.6218905472637	48.50746268656716
1810	54	1	32.54499999999999	179.525
1810	55	1	94.6616161616162	133.989898989899
1810	56	1	34.398009950248756	167.19900497512444
1810	57	1	112.726368159204	65.08457711442786
1810	58	1	54.25999999999998	158.24000000000004
1810	59	1	46.14999999999997	169.14
1810	60	1	178.22999999999993	13.869999999999992
1810	61	1	85.895	95.68999999999998
1810	62	1	130.28	117.12999999999998
1810	63	1	81.92999999999996	81.93000000000004
1810	64	1	157.13432835820885	143.77611940298513
1810	65	1	20.78000000000001	25.24
1810	66	1	136.45499999999998	48.10499999999999
1810	67	1	115.40099009900993	138.29702970297026
1810	68	1	40.78499999999999	196.005
1810	69	1	11.220000000000008	28.394999999999996
1810	70	1	176.93999999999997	35.24500000000002
1810	71	1	74.05499999999999	94.96999999999994
1810	72	1	120.89500000000007	87.01
1810	73	1	137.62311557788945	126.39195979899498
1810	74	1	87.05500000000002	109.36999999999996
1810	75	1	108.16499999999999	35.07000000000002
1820	1	2	10.32	9.919999999999991
1820	2	2	9.91	54.940000000000026
1820	3	2	10.271739130434783	100
1820	4	2	10.000000000000004	145
1820	5	2	9.78	189.93
1820	6	2	54.97999999999999	9.810000000000004
1820	7	2	55.02000000000001	55.22999999999999
1820	8	2	54.95	99.83999999999995
1820	9	2	54.87999999999998	144.88
1820	10	2	55.00000000000001	190.10999999999996
1820	11	2	100.26	9.899999999999997
1820	12	2	100.09	54.980000000000004
1820	13	2	100.12	100.12000000000003
1820	14	2	100.12	145.11999999999992
1820	15	2	99.93	190.07999999999996
1820	16	2	145.14141414141412	10.383838383838384
1820	17	2	144.97999999999993	54.95000000000002
1820	18	2	145.0900000000001	100.42000000000002
1820	19	2	145.1599999999999	144.95
1820	20	2	145.27083333333331	190.27083333333331
1820	21	2	190.14	9.740000000000002
1820	22	2	190.1199999999999	54.88
1820	23	2	190.19148936170217	100.09574468085106
1820	24	2	189.72916666666669	144.97916666666666
1820	25	2	190.21999999999994	190.27999999999994
1820	26	1	24.805970149253724	40.199004975124396
1820	27	1	159.59000000000006	28.584999999999994
1820	28	1	143.51	31.835000000000008
1820	29	1	173.89500000000015	72.91
1820	30	1	33.09900990099008	144.05940594059408
1820	31	1	148.79601990049747	132.47761194029854
1820	32	1	166.055	22.245000000000008
1820	33	1	122.26368159203979	31.666666666666664
1820	34	1	129.27500000000003	41.39
1820	35	1	106.92964824120601	126.63316582914567
1820	36	1	103.92039800995029	87.36318407960198
1820	37	1	32.72500000000001	156.26000000000002
1820	38	1	112.11	21.729999999999993
1820	39	1	162.625	50.38000000000002
1820	40	1	167.0049999999999	11.150000000000006
1820	41	1	8.736318407960203	116.0199004975125
1820	42	1	23.1542288557214	134.88557213930343
1820	43	1	157.74874371859295	39.90452261306532
1820	44	1	122.185	129.81500000000003
1820	45	1	82.06500000000004	124.53999999999998
1820	46	1	115.46500000000002	113.79999999999997
1820	47	1	113.50251256281408	76.4422110552764
1820	48	1	67.75500000000005	75.49499999999999
1820	49	1	111.44776119402982	102.27860696517413
1820	50	1	177.055	53.125
1820	51	1	96.50251256281409	118.67336683417088
1820	52	1	132.12562814070344	143.23115577889448
1820	53	1	114.73000000000006	50.394999999999996
1820	54	1	31.545	179.04999999999993
1820	55	1	94.77999999999996	133.74999999999997
1820	56	1	34.75621890547262	167.11442786069654
1820	57	1	114.17500000000001	64.74999999999997
1820	58	1	55.1708542713568	158.67839195979892
1820	59	1	46.16999999999998	168.77499999999986
1820	60	1	178.925	14.045000000000003
1820	61	1	85.37999999999995	95.8
1820	62	1	129.91000000000008	116.39499999999998
1820	63	1	80.81407035175879	80.79899497487438
1820	64	1	156.46733668341707	144.10050251256277
1820	65	1	21.310000000000006	23.469999999999995
1820	66	1	136.34	47.92499999999998
1820	67	1	115.89447236180898	139.94472361809048
1820	68	1	40.22885572139304	194.28358208955223
1820	69	1	11.275000000000004	28.135
1820	70	1	175.93467336683415	36.040201005025125
1820	71	1	74.30000000000001	94.7700000000001
1820	72	1	120.305	87.00999999999999
1820	73	1	136.75000000000003	126.55000000000001
1820	74	1	87.62189054726375	109.98009950248756
1820	75	1	108.47500000000001	35.37
1830	1	2	10.32	9.919999999999991
1830	2	2	9.91	54.940000000000026
1830	3	2	10.271739130434783	100
1830	4	2	10.000000000000004	145
1830	5	2	9.78	189.93
1830	6	2	54.97999999999999	9.810000000000004
1830	7	2	55.02000000000001	55.22999999999999
1830	8	2	54.95	99.83999999999995
1830	9	2	54.87999999999998	144.88
1830	10	2	55.00000000000001	190.10999999999996
1830	11	2	100.26	9.899999999999997
1830	12	2	100.09	54.980000000000004
1830	13	2	100.12	100.12000000000003
1830	14	2	100.12	145.11999999999992
1830	15	2	99.93	190.07999999999996
1830	16	2	145.14141414141412	10.383838383838384
1830	17	2	144.97999999999993	54.95000000000002
1830	18	2	145.0900000000001	100.42000000000002
1830	19	2	145.1599999999999	144.95
1830	20	2	145.27083333333331	190.27083333333331
1830	21	2	190.14	9.740000000000002
1830	22	2	190.1199999999999	54.88
1830	23	2	190.19148936170217	100.09574468085106
1830	24	2	189.72916666666669	144.97916666666666
1830	25	2	190.21999999999994	190.27999999999994
1830	26	1	24.49000000000001	38.279999999999994
1830	27	1	159.4600000000001	28.520000000000007
1830	28	1	142.9154228855721	32.01492537313433
1830	29	1	173.3830845771145	71.12437810945276
1830	30	1	32.10552763819094	144.12562814070347
1830	31	1	148.365	132.24000000000007
1830	32	1	166.33165829145733	22.296482412060303
1830	33	1	121.80499999999994	31.99000000000002
1830	34	1	128.375	41.85499999999999
1830	35	1	106.92999999999996	127.08999999999997
1830	36	1	104.15500000000006	87.93999999999996
1830	37	1	32.53731343283583	156.32835820895525
1830	38	1	113.47236180904525	21.768844221105525
1830	39	1	163.09500000000014	50.72999999999998
1830	40	1	167.61499999999998	11.759999999999998
1830	41	1	8.204999999999998	116.61500000000001
1830	42	1	24.279999999999998	133.635
1830	43	1	157.03	40.13999999999999
1830	44	1	121.56499999999998	130.52999999999997
1830	45	1	81.27363184079604	125.4825870646766
1830	46	1	115.20999999999994	114.66000000000004
1830	47	1	112.14500000000001	76.85
1830	48	1	67.24875621890544	76.4079601990049
1830	49	1	111.19000000000004	103.36499999999997
1830	50	1	177.17499999999995	52.88000000000002
1830	51	1	95.79500000000009	118.79999999999997
1830	52	1	132.21500000000006	142.755
1830	53	1	114.3366834170854	51.74371859296481
1830	54	1	30.65174129353234	178.74129353233843
1830	55	1	94.86500000000004	133.33500000000004
1830	56	1	35.155778894472334	167.07537688442207
1830	57	1	115.51741293532342	65.32835820895518
1830	58	1	55.55223880597015	158.83582089552232
1830	59	1	46.11000000000001	168.835
1830	60	1	179.53499999999994	15.230000000000006
1830	61	1	85.07999999999991	96.10499999999995
1830	62	1	129.04	115.70499999999993
1830	63	1	79.3316582914573	79.82914572864323
1830	64	1	156.2699999999999	144.21500000000003
1830	65	1	22.641791044776113	22.487562189054728
1830	66	1	136.19500000000005	47.80000000000003
1830	67	1	116.37878787878792	141.8383838383839
1830	68	1	39.51000000000001	192.13999999999993
1830	69	1	11.87	27.97
1830	70	1	175.04999999999998	36.290000000000006
1830	71	1	74.41999999999999	94.76499999999997
1830	72	1	120.09499999999998	86.75
1830	73	1	135.65000000000015	126.46999999999996
1830	74	1	88.34170854271359	110.5125628140704
1830	75	1	108.56281407035172	35.23618090452261
1840	1	2	10.32	9.919999999999991
1840	2	2	9.91	54.940000000000026
1840	3	2	10.271739130434783	100
1840	4	2	10.000000000000004	145
1840	5	2	9.78	189.93
1840	6	2	54.97999999999999	9.810000000000004
1840	7	2	55.02000000000001	55.22999999999999
1840	8	2	54.95	99.83999999999995
1840	9	2	54.87999999999998	144.88
1840	10	2	55.00000000000001	190.10999999999996
1840	11	2	100.26	9.899999999999997
1840	12	2	100.09	54.980000000000004
1840	13	2	100.12	100.12000000000003
1840	14	2	100.12	145.11999999999992
1840	15	2	99.93	190.07999999999996
1840	16	2	145.14141414141412	10.383838383838384
1840	17	2	144.97999999999993	54.95000000000002
1840	18	2	145.0900000000001	100.42000000000002
1840	19	2	145.1599999999999	144.95
1840	20	2	145.27083333333331	190.27083333333331
1840	21	2	190.14	9.740000000000002
1840	22	2	190.1199999999999	54.88
1840	23	2	190.19148936170217	100.09574468085106
1840	24	2	189.72916666666669	144.97916666666666
1840	25	2	190.21999999999994	190.27999999999994
1840	26	1	24.149253731343283	36.597014925373124
1840	27	1	159.49499999999986	28.580000000000013
1840	28	1	142.56999999999996	32.21999999999999
1840	29	1	172.92999999999995	69.9
1840	30	1	30.67500000000001	144.33499999999998
1840	31	1	148.45	131.76000000000008
1840	32	1	166.655	22.384999999999987
1840	33	1	121.24000000000002	32.099999999999994
1840	34	1	127.38499999999995	42.279999999999994
1840	35	1	106.88557213930346	128.43781094527355
1840	36	1	104.40999999999998	88.15999999999997
1840	37	1	32.319999999999986	156.3149999999999
1840	38	1	114.52763819095485	21.678391959798994
1840	39	1	164.27135678391966	51.50753768844222
1840	40	1	168.65671641791053	12.024875621890542
1840	41	1	8.125	117.26
1840	42	1	25.919999999999998	132.44000000000008
1840	43	1	155.92964824120605	40.14070351758795
1840	44	1	120.74626865671642	130.79601990049744
1840	45	1	80.665	126.08999999999995
1840	46	1	114.90547263681593	115.7860696517413
1840	47	1	111.01980198019803	76.43564356435643
1840	48	1	66.45273631840804	78.39303482587061
1840	49	1	111.22000000000001	103.97000000000007
1840	50	1	177.23	52.625
1840	51	1	95.255	119.03500000000003
1840	52	1	132.4472361809045	142.43216080402001
1840	53	1	114.37499999999997	53.135
1840	54	1	29.570000000000004	178.11999999999992
1840	55	1	94.92999999999999	132.89000000000004
1840	56	1	35.43499999999999	166.85000000000005
1840	57	1	117.075	65.94
1840	58	1	56.334999999999994	159.23499999999999
1840	59	1	45.800000000000004	168.78499999999988
1840	60	1	179.9497487437185	16.311557788944715
1840	61	1	85.03999999999999	95.91499999999996
1840	62	1	128.2663316582915	114.93467336683415
1840	63	1	77.73000000000002	78.98500000000003
1840	64	1	156.3233830845771	144.22885572139305
1840	65	1	23.815	21.20499999999999
1840	66	1	136.05499999999998	47.48499999999999
1840	67	1	117.35500000000008	143.84500000000008
1840	68	1	38.60999999999998	190.55499999999995
1840	69	1	12.46268656716418	27.5820895522388
1840	70	1	174.07462686567166	37.0995024875622
1840	71	1	74.9246231155779	94.43216080402011
1840	72	1	119.64500000000001	86.35499999999999
1840	73	1	134.8507462686568	126.2686567164179
1840	74	1	89.14999999999998	110.78999999999998
1840	75	1	108.63500000000002	35.08
1850	1	2	10.32	9.919999999999991
1850	2	2	9.91	54.940000000000026
1850	3	2	10.271739130434783	100
1850	4	2	10.000000000000004	145
1850	5	2	9.78	189.93
1850	6	2	54.97999999999999	9.810000000000004
1850	7	2	55.02000000000001	55.22999999999999
1850	8	2	54.95	99.83999999999995
1850	9	2	54.87999999999998	144.88
1850	10	2	55.00000000000001	190.10999999999996
1850	11	2	100.26	9.899999999999997
1850	12	2	100.09	54.980000000000004
1850	13	2	100.12	100.12000000000003
1850	14	2	100.12	145.11999999999992
1850	15	2	99.93	190.07999999999996
1850	16	2	145.14141414141412	10.383838383838384
1850	17	2	144.97999999999993	54.95000000000002
1850	18	2	145.0900000000001	100.42000000000002
1850	19	2	145.1599999999999	144.95
1850	20	2	145.27083333333331	190.27083333333331
1850	21	2	190.14	9.740000000000002
1850	22	2	190.1199999999999	54.88
1850	23	2	190.19148936170217	100.09574468085106
1850	24	2	189.72916666666669	144.97916666666666
1850	25	2	190.21999999999994	190.27999999999994
1850	26	1	24.278606965174134	34.82587064676616
1850	27	1	159.4477611940298	28.761194029850746
1850	28	1	142.3415841584157	32.425742574257434
1850	29	1	172.57999999999996	68.50500000000004
1850	30	1	29.18905472636817	144.1791044776119
1850	31	1	148.0945273631841	131.10447761194027
1850	32	1	166.62999999999994	22.210000000000008
1850	33	1	120.99497487437185	32.43216080402012
1850	34	1	126.66834170854271	42.638190954773876
1850	35	1	107.16999999999999	129.51500000000001
1850	36	1	104.61306532663319	88.572864321608
1850	37	1	32.03999999999999	156.23500000000016
1850	38	1	115.92537313432835	21.51741293532338
1850	39	1	165.19499999999996	52.5
1850	40	1	169.63681592039794	11.975124378109458
1850	41	1	8.050251256281408	119.14070351758788
1850	42	1	27.394999999999996	131.58500000000006
1850	43	1	155.22885572139293	40.820895522388035
1850	44	1	120.53999999999996	131.47000000000003
1850	45	1	80.22388059701495	126.77114427860703
1850	46	1	114.39499999999997	116.95000000000005
1850	47	1	108.56783919597987	76.05025125628143
1850	48	1	66.0895522388059	79.77114427860697
1850	49	1	111.13500000000002	105
1850	50	1	177.5175879396984	52.61306532663317
1850	51	1	94.36180904522612	119.34673366834174
1850	52	1	132.475	142.26000000000008
1850	53	1	114.46000000000001	54.19999999999999
1850	54	1	27.970000000000013	177.4800000000001
1850	55	1	94.55499999999998	132.39499999999992
1850	56	1	35.61194029850745	166.45771144278623
1850	57	1	118.70500000000004	67.30999999999999
1850	58	1	56.66000000000003	159.4750000000001
1850	59	1	45.695000000000014	168.85999999999999
1850	60	1	180.2512562814071	17.326633165829143
1850	61	1	85.07500000000002	95.30500000000005
1850	62	1	127.8140703517588	113.99497487437186
1850	63	1	76.13861386138613	77.79702970297038
1850	64	1	156.2549999999999	143.83500000000006
1850	65	1	25.33668341708542	20.28643216080403
1850	66	1	136.20603015075375	47.10050251256282
1850	67	1	118.65000000000005	145.65499999999997
1850	68	1	37.85074626865674	189.09950248756223
1850	69	1	13.44	26.130000000000006
1850	70	1	172.71641791044775	37.54228855721391
1850	71	1	75.39999999999999	93.57000000000004
1850	72	1	118.63184079601987	85.59203980099502
1850	73	1	133.50000000000006	125.96499999999997
1850	74	1	89.43000000000004	110.595
1850	75	1	109.05500000000004	35.065000000000005
1860	1	2	10.32	9.919999999999991
1860	2	2	9.91	54.940000000000026
1860	3	2	10.271739130434783	100
1860	4	2	10.000000000000004	145
1860	5	2	9.78	189.93
1860	6	2	54.97999999999999	9.810000000000004
1860	7	2	55.02000000000001	55.22999999999999
1860	8	2	54.95	99.83999999999995
1860	9	2	54.87999999999998	144.88
1860	10	2	55.00000000000001	190.10999999999996
1860	11	2	100.26	9.899999999999997
1860	12	2	100.09	54.980000000000004
1860	13	2	100.12	100.12000000000003
1860	14	2	100.12	145.11999999999992
1860	15	2	99.93	190.07999999999996
1860	16	2	145.14141414141412	10.383838383838384
1860	17	2	144.97999999999993	54.95000000000002
1860	18	2	145.0900000000001	100.42000000000002
1860	19	2	145.1599999999999	144.95
1860	20	2	145.27083333333331	190.27083333333331
1860	21	2	190.14	9.740000000000002
1860	22	2	190.1199999999999	54.88
1860	23	2	190.19148936170217	100.09574468085106
1860	24	2	189.72916666666669	144.97916666666666
1860	25	2	190.21999999999994	190.27999999999994
1860	26	1	24.29353233830846	33.59203980099501
1860	27	1	159.74000000000004	29.11
1860	28	1	142.09500000000006	32.49
1860	29	1	172.00000000000003	67.77999999999994
1860	30	1	28.25499999999999	143.84500000000003
1860	31	1	147.87000000000015	130.06000000000003
1860	32	1	166.80999999999997	22.319999999999997
1860	33	1	120.94527363184078	32.40796019900501
1860	34	1	125.18181818181819	43.25757575757575
1860	35	1	107.33999999999997	130.51500000000001
1860	36	1	105.24499999999999	89.05499999999996
1860	37	1	32.21393034825871	156.03482587064678
1860	38	1	118.01492537313428	21.631840796019898
1860	39	1	165.60000000000005	53.00000000000003
1860	40	1	170.09499999999986	11.535000000000005
1860	41	1	7.8599999999999985	120.74499999999998
1860	42	1	28.924623115577894	131.3718592964823
1860	43	1	153.80499999999998	41.40999999999998
1860	44	1	120.59296482412063	131.9698492462312
1860	45	1	79.44	127.21000000000002
1860	46	1	114.06030150753764	117.88944723618098
1860	47	1	107.00995024875625	75.39303482587064
1860	48	1	65.71999999999998	80.805
1860	49	1	110.77499999999998	106.115
1860	50	1	177.32500000000005	52.475
1860	51	1	93.636815920398	119.52736318407963
1860	52	1	132.57500000000005	141.26000000000005
1860	53	1	115.43499999999995	55.77499999999999
1860	54	1	27.286432160804026	176.9798994974874
1860	55	1	93.93000000000002	131.995
1860	56	1	35.74499999999999	166.18000000000006
1860	57	1	119.37313432835819	68.58706467661692
1860	58	1	56.89000000000001	159.65499999999994
1860	59	1	45.663316582914575	169.07537688442204
1860	60	1	180.54726368159209	18.378109452736318
1860	61	1	85.07500000000002	94.73999999999998
1860	62	1	127.10999999999993	112.78499999999997
1860	63	1	75.06467661691538	76.63184079601986
1860	64	1	156.25999999999996	143.2950000000001
1860	65	1	26.645000000000003	19.94500000000001
1860	66	1	136.40999999999994	46.16000000000002
1860	67	1	119.20500000000004	146.67500000000004
1860	68	1	36.44499999999999	188.16500000000013
1860	69	1	14.280000000000006	25.160000000000007
1860	70	1	171.2238805970148	38.19402985074626
1860	71	1	75.94500000000002	92.67499999999995
1860	72	1	117.84577114427856	84.71641791044777
1860	73	1	132.58500000000006	125.41
1860	74	1	90.30845771144283	110.38308457711443
1860	75	1	108.83000000000007	33.97999999999998
1870	1	2	10.32	9.919999999999991
1870	2	2	9.91	54.940000000000026
1870	3	2	10.271739130434783	100
1870	4	2	10.000000000000004	145
1870	5	2	9.78	189.93
1870	6	2	54.97999999999999	9.810000000000004
1870	7	2	55.02000000000001	55.22999999999999
1870	8	2	54.95	99.83999999999995
1870	9	2	54.87999999999998	144.88
1870	10	2	55.00000000000001	190.10999999999996
1870	11	2	100.26	9.899999999999997
1870	12	2	100.09	54.980000000000004
1870	13	2	100.12	100.12000000000003
1870	14	2	100.12	145.11999999999992
1870	15	2	99.93	190.07999999999996
1870	16	2	145.14141414141412	10.383838383838384
1870	17	2	144.97999999999993	54.95000000000002
1870	18	2	145.0900000000001	100.42000000000002
1870	19	2	145.1599999999999	144.95
1870	20	2	145.27083333333331	190.27083333333331
1870	21	2	190.14	9.740000000000002
1870	22	2	190.1199999999999	54.88
1870	23	2	190.19148936170217	100.09574468085106
1870	24	2	189.72916666666669	144.97916666666666
1870	25	2	190.21999999999994	190.27999999999994
1870	26	1	24.354999999999993	32.48500000000001
1870	27	1	159.6999999999999	29.700000000000006
1870	28	1	142.18499999999997	32.645
1870	29	1	171.13500000000002	67.16499999999995
1870	30	1	27.341708542713572	143.40703517587946
1870	31	1	147.54500000000002	128.97500000000008
1870	32	1	167.3999999999999	22.69000000000001
1870	33	1	120.67999999999999	32.595
1870	34	1	123.37810945273628	44.144278606965166
1870	35	1	107.27000000000001	130.99999999999991
1870	36	1	106.25125628140708	89.38693467336682
1870	37	1	31.829145728643223	155.97487437185939
1870	38	1	119.385	21.744999999999997
1870	39	1	165.67000000000004	53.83
1870	40	1	170.9	10.730000000000002
1870	41	1	7.945000000000002	122.35499999999998
1870	42	1	30.794999999999984	131.86999999999986
1870	43	1	152.8899999999999	42.904999999999994
1870	44	1	120.41500000000003	132.67500000000007
1870	45	1	79.09000000000003	127.60000000000001
1870	46	1	114.02	118.57500000000006
1870	47	1	106.35323383084574	74.09452736318411
1870	48	1	65.32500000000005	82.04499999999999
1870	49	1	110.51999999999998	107.11
1870	50	1	177.32500000000002	52.44
1870	51	1	93.39195979899499	119.26130653266335
1870	52	1	132.82	139.58499999999998
1870	53	1	115.66331658291459	57.32160804020102
1870	54	1	26.01005025125629	176.80904522613068
1870	55	1	93.07000000000002	131.28499999999997
1870	56	1	36.03000000000003	165.58500000000004
1870	57	1	120.7761194029851	69.89552238805976
1870	58	1	57.56999999999999	159.97000000000003
1870	59	1	45.575	169.08499999999998
1870	60	1	180.52	19.36999999999998
1870	61	1	84.93999999999997	94.34000000000002
1870	62	1	126.58793969849248	111.78894472361816
1870	63	1	74.10945273631845	76.12935323383087
1870	64	1	156.23618090452268	142.39195979899498
1870	65	1	27.900000000000002	19.13
1870	66	1	136.31500000000008	45.305000000000014
1870	67	1	119.73000000000002	147.42000000000007
1870	68	1	35.48756218905474	186.7711442786068
1870	69	1	15.373134328358214	23.537313432835816
1870	70	1	169.775	38.91499999999999
1870	71	1	76.15499999999997	92.19999999999997
1870	72	1	116.46268656716413	83.69154228855727
1870	73	1	132.02500000000015	124.95500000000001
1870	74	1	90.72499999999998	110.02
1870	75	1	108.74626865671642	33.487562189054735
1880	1	2	10.32	9.919999999999991
1880	2	2	9.91	54.940000000000026
1880	3	2	10.271739130434783	100
1880	4	2	10.000000000000004	145
1880	5	2	9.78	189.93
1880	6	2	54.97999999999999	9.810000000000004
1880	7	2	55.02000000000001	55.22999999999999
1880	8	2	54.95	99.83999999999995
1880	9	2	54.87999999999998	144.88
1880	10	2	55.00000000000001	190.10999999999996
1880	11	2	100.26	9.899999999999997
1880	12	2	100.09	54.980000000000004
1880	13	2	100.12	100.12000000000003
1880	14	2	100.12	145.11999999999992
1880	15	2	99.93	190.07999999999996
1880	16	2	145.14141414141412	10.383838383838384
1880	17	2	144.97999999999993	54.95000000000002
1880	18	2	145.0900000000001	100.42000000000002
1880	19	2	145.1599999999999	144.95
1880	20	2	145.27083333333331	190.27083333333331
1880	21	2	190.14	9.740000000000002
1880	22	2	190.1199999999999	54.88
1880	23	2	190.19148936170217	100.09574468085106
1880	24	2	189.72916666666669	144.97916666666666
1880	25	2	190.21999999999994	190.27999999999994
1880	26	1	24.582089552238802	31.477611940298498
1880	27	1	159.42288557213928	30.019900497512417
1880	28	1	142.0552763819095	33.065326633165824
1880	29	1	169.00499999999988	66.855
1880	30	1	26.845	142.75500000000002
1880	31	1	147.20000000000005	127.245
1880	32	1	167.81407035175877	23.035175879396995
1880	33	1	120.77499999999999	32.505
1880	34	1	121.40201005025129	44.92964824120604
1880	35	1	107.52736318407962	131.61194029850756
1880	36	1	108.00497512437813	89.92039800995023
1880	37	1	31.865000000000006	155.8100000000001
1880	38	1	120.9601990049751	21.915422885572145
1880	39	1	165.375	53.71000000000001
1880	40	1	171.25000000000003	10.075
1880	41	1	7.475000000000001	123.3
1880	42	1	31.60499999999999	132.64499999999998
1880	43	1	152.32835820895517	44.36318407960201
1880	44	1	120.48000000000006	133.24
1880	45	1	78.7164179104478	127.96019900497512
1880	46	1	113.88000000000001	119.175
1880	47	1	105.51485148514847	73.3613861386139
1880	48	1	65.27999999999997	82.92
1880	49	1	110.05527638190951	107.8241206030151
1880	50	1	177.11999999999998	52.58500000000001
1880	51	1	93.17500000000003	119.16999999999997
1880	52	1	132.97499999999985	137.765
1880	53	1	116.44723618090455	58.869346733668344
1880	54	1	24.790000000000006	176.97500000000016
1880	55	1	92.72000000000004	130.95499999999987
1880	56	1	36.40000000000003	165.19000000000005
1880	57	1	121.89552238805966	71.48258706467664
1880	58	1	58.26500000000003	160.37500000000003
1880	59	1	45.651741293532325	169.21393034825866
1880	60	1	180.41999999999996	20.075000000000017
1880	61	1	84.81499999999997	94.45000000000003
1880	62	1	125.82587064676618	110.47761194029853
1880	63	1	73.34653465346533	74.99009900990099
1880	64	1	156.165	140.74
1880	65	1	29.505	18.845
1880	66	1	135.24120603015064	44.618090452261335
1880	67	1	120.125	147.89999999999995
1880	68	1	34.11499999999998	185.53
1880	69	1	16.19900497512438	22.71641791044777
1880	70	1	168.60000000000002	39.07499999999999
1880	71	1	76.17999999999998	91.93500000000004
1880	72	1	114.87000000000005	82.33999999999995
1880	73	1	131.33500000000004	124.18499999999999
1880	74	1	90.94999999999999	109.78500000000003
1880	75	1	108.42786069651741	32.47263681592042
1890	1	2	10.32	9.919999999999991
1890	2	2	9.91	54.940000000000026
1890	3	2	10.271739130434783	100
1890	4	2	10.000000000000004	145
1890	5	2	9.78	189.93
1890	6	2	54.97999999999999	9.810000000000004
1890	7	2	55.02000000000001	55.22999999999999
1890	8	2	54.95	99.83999999999995
1890	9	2	54.87999999999998	144.88
1890	10	2	55.00000000000001	190.10999999999996
1890	11	2	100.26	9.899999999999997
1890	12	2	100.09	54.980000000000004
1890	13	2	100.12	100.12000000000003
1890	14	2	100.12	145.11999999999992
1890	15	2	99.93	190.07999999999996
1890	16	2	145.14141414141412	10.383838383838384
1890	17	2	144.97999999999993	54.95000000000002
1890	18	2	145.0900000000001	100.42000000000002
1890	19	2	145.1599999999999	144.95
1890	20	2	145.27083333333331	190.27083333333331
1890	21	2	190.14	9.740000000000002
1890	22	2	190.1199999999999	54.88
1890	23	2	190.19148936170217	100.09574468085106
1890	24	2	189.72916666666669	144.97916666666666
1890	25	2	190.21999999999994	190.27999999999994
1890	26	1	25.286432160804008	30.090452261306545
1890	27	1	159.32500000000007	30.670000000000005
1890	28	1	142.175	33.745000000000005
1890	29	1	167.51999999999998	66.44000000000003
1890	30	1	26.500000000000007	142.38499999999996
1890	31	1	146.48999999999998	125.70499999999998
1890	32	1	168.74	23.610000000000003
1890	33	1	120.51000000000003	32.69499999999999
1890	34	1	119.56716417910448	45.7860696517413
1890	35	1	107.92500000000001	132.425
1890	36	1	109.3015075376885	90.38693467336682
1890	37	1	31.709999999999997	155.83499999999995
1890	38	1	122.00500000000004	22.320000000000007
1890	39	1	165.03	53.34000000000001
1890	40	1	171.64179104477606	8.92537313432836
1890	41	1	7.355000000000003	124.62
1890	42	1	32.273631840796035	133.14925373134332
1890	43	1	152.0845771144278	46.129353233830834
1890	44	1	120.59999999999998	133.43
1890	45	1	78.05999999999996	127.71500000000002
1890	46	1	113.53499999999998	119.80000000000001
1890	47	1	104.84499999999997	73.29499999999997
1890	48	1	65.66499999999999	83.83999999999997
1890	49	1	109.53500000000001	108.60000000000004
1890	50	1	177.01005025125622	52.44723618090451
1890	51	1	92.53768844221105	119.28643216080394
1890	52	1	133.66500000000008	136.82000000000008
1890	53	1	117.7164179104478	60.676616915422905
1890	54	1	23.875000000000004	177.5949999999999
1890	55	1	92.53499999999991	130.88500000000005
1890	56	1	37.09499999999999	164.53999999999996
1890	57	1	122.90954773869342	73.09045226130661
1890	58	1	58.77999999999995	160.4849999999999
1890	59	1	45.95499999999999	169.315
1890	60	1	180.2849999999999	20.650000000000006
1890	61	1	84.69500000000006	94.39999999999999
1890	62	1	125.04522613065328	109.83417085427139
1890	63	1	72.15	73.62499999999999
1890	64	1	155.96517412935313	138.99502487562194
1890	65	1	30.805970149253742	18.587064676616915
1890	66	1	134.04020100502507	44.08040201005027
1890	67	1	120.96984924623118	148.38693467336668
1890	68	1	33.01990049751243	184.52736318407958
1890	69	1	16.625000000000004	21.84
1890	70	1	167.88999999999996	39.27499999999999
1890	71	1	76.46733668341707	90.93467336683416
1890	72	1	113.48258706467664	81.41791044776116
1890	73	1	130.59798994974875	123.74874371859293
1890	74	1	90.90452261306535	109.71859296482414
1890	75	1	108.37999999999997	31.41499999999999
1900	1	2	10.32	9.919999999999991
1900	2	2	9.91	54.940000000000026
1900	3	2	10.271739130434783	100
1900	4	2	10.000000000000004	145
1900	5	2	9.78	189.93
1900	6	2	54.97999999999999	9.810000000000004
1900	7	2	55.02000000000001	55.22999999999999
1900	8	2	54.95	99.83999999999995
1900	9	2	54.87999999999998	144.88
1900	10	2	55.00000000000001	190.10999999999996
1900	11	2	100.26	9.899999999999997
1900	12	2	100.09	54.980000000000004
1900	13	2	100.12	100.12000000000003
1900	14	2	100.12	145.11999999999992
1900	15	2	99.93	190.07999999999996
1900	16	2	145.14141414141412	10.383838383838384
1900	17	2	144.97999999999993	54.95000000000002
1900	18	2	145.0900000000001	100.42000000000002
1900	19	2	145.1599999999999	144.95
1900	20	2	145.27083333333331	190.27083333333331
1900	21	2	190.14	9.740000000000002
1900	22	2	190.1199999999999	54.88
1900	23	2	190.19148936170217	100.09574468085106
1900	24	2	189.72916666666669	144.97916666666666
1900	25	2	190.21999999999994	190.27999999999994
1900	26	1	25.64500000000001	28.605000000000008
1900	27	1	158.48999999999998	30.954999999999988
1900	28	1	142.04500000000002	34.26
1900	29	1	167.04975124378103	66.0497512437811
1900	30	1	26.304999999999996	141.65000000000006
1900	31	1	145.5970149253733	124.91542288557214
1900	32	1	169.3350000000001	24.120000000000005
1900	33	1	120.39800995024878	33.15422885572138
1900	34	1	117.73134328358209	46.97512437810945
1900	35	1	108.10000000000001	133.31500000000017
1900	36	1	110.20499999999994	90.775
1900	37	1	31.644999999999985	155.98500000000004
1900	38	1	123.56000000000004	23.159999999999986
1900	39	1	164.92999999999998	53.35499999999999
1900	40	1	172.62499999999997	7.865000000000002
1900	41	1	7.089552238805969	125.74129353233836
1900	42	1	32.730000000000004	133.13000000000002
1900	43	1	152.22000000000003	47.114999999999995
1900	44	1	120.7	134.14499999999995
1900	45	1	77.18500000000003	128.39999999999992
1900	46	1	113.59999999999998	120.87499999999999
1900	47	1	104.80500000000002	73.00499999999995
1900	48	1	66.80499999999998	83.75499999999998
1900	49	1	108.94000000000007	109.58999999999999
1900	50	1	177.27500000000003	51.855
1900	51	1	92.30348258706468	119.26368159203984
1900	52	1	133.96499999999997	135.79499999999985
1900	53	1	118.50753768844221	62.11055276381911
1900	54	1	23.01000000000002	177.96999999999989
1900	55	1	91.80500000000002	130.5950000000001
1900	56	1	37.788944723618066	163.9296482412061
1900	57	1	123.87562189054732	74.64676616915422
1900	58	1	59.459999999999994	161.0100000000001
1900	59	1	46.62000000000002	169.205
1900	60	1	179.9154228855722	20.970149253731343
1900	61	1	84.32	94.75999999999996
1900	62	1	124.27135678391959	109.2763819095478
1900	63	1	70.85000000000002	71.65000000000003
1900	64	1	155.84999999999997	137.61499999999998
1900	65	1	32.15499999999998	18.374999999999993
1900	66	1	133.02487562189052	43.77114427860695
1900	67	1	122.31000000000003	149.01
1900	68	1	32.375000000000014	183.0399999999999
1900	69	1	17.080000000000005	21.385000000000016
1900	70	1	167.05499999999995	39.31000000000001
1900	71	1	76.66331658291459	89.89949748743716
1900	72	1	112.83582089552236	80.90547263681592
1900	73	1	130.09045226130652	123.23618090452261
1900	74	1	91.02999999999999	109.55499999999996
1900	75	1	108.24378109452731	30.144278606965187
1910	1	2	10.32	9.919999999999991
1910	2	2	9.91	54.940000000000026
1910	3	2	10.271739130434783	100
1910	4	2	10.000000000000004	145
1910	5	2	9.78	189.93
1910	6	2	54.97999999999999	9.810000000000004
1910	7	2	55.02000000000001	55.22999999999999
1910	8	2	54.95	99.83999999999995
1910	9	2	54.87999999999998	144.88
1910	10	2	55.00000000000001	190.10999999999996
1910	11	2	100.26	9.899999999999997
1910	12	2	100.09	54.980000000000004
1910	13	2	100.12	100.12000000000003
1910	14	2	100.12	145.11999999999992
1910	15	2	99.93	190.07999999999996
1910	16	2	145.14141414141412	10.383838383838384
1910	17	2	144.97999999999993	54.95000000000002
1910	18	2	145.0900000000001	100.42000000000002
1910	19	2	145.1599999999999	144.95
1910	20	2	145.27083333333331	190.27083333333331
1910	21	2	190.14	9.740000000000002
1910	22	2	190.1199999999999	54.88
1910	23	2	190.19148936170217	100.09574468085106
1910	24	2	189.72916666666669	144.97916666666666
1910	25	2	190.21999999999994	190.27999999999994
1910	26	1	25.484999999999992	28.06
1910	27	1	157.815	31.404999999999998
1910	28	1	142.01507537688434	35.15075376884421
1910	29	1	165.68500000000003	66.19
1910	30	1	26.265000000000008	141.40499999999992
1910	31	1	144.52000000000007	123.72500000000001
1910	32	1	169.90547263681592	25.139303482587064
1910	33	1	119.99497487437186	34.005025125628144
1910	34	1	115.94999999999996	48.255
1910	35	1	108.42999999999999	133.72999999999993
1910	36	1	110.75499999999994	91.255
1910	37	1	31.869346733668344	156.16582914572862
1910	38	1	124.74129353233829	24.328358208955226
1910	39	1	164.6281407035177	53.648241206030164
1910	40	1	173.41708542713573	7.457286432160806
1910	41	1	6.768844221105528	126.91959798994976
1910	42	1	33.08499999999999	133.45000000000002
1910	43	1	152.18905472636817	47.74129353233833
1910	44	1	120.96499999999995	134.82999999999998
1910	45	1	76.24120603015079	128.48241206030136
1910	46	1	113.34499999999998	121.60000000000001
1910	47	1	104.45499999999998	73.09499999999998
1910	48	1	67.62499999999997	83.34000000000002
1910	49	1	108.59	110.05499999999998
1910	50	1	177.14000000000001	51.255
1910	51	1	92.02500000000002	119.37499999999996
1910	52	1	134.23880597014917	134.7512437810944
1910	53	1	119.55721393034825	63.61194029850745
1910	54	1	21.824999999999992	179.0350000000001
1910	55	1	91.42786069651744	130.59701492537314
1910	56	1	38.43499999999999	163.7550000000001
1910	57	1	124.44999999999999	76.17499999999991
1910	58	1	60.55000000000002	161.97500000000002
1910	59	1	47.90049751243779	168.93034825870643
1910	60	1	179.1044776119403	20.706467661691534
1910	61	1	84.10500000000009	95.14000000000004
1910	62	1	124.28358208955228	109.14925373134326
1910	63	1	69.45999999999998	70.655
1910	64	1	155.87500000000003	136.07500000000016
1910	65	1	33.06999999999999	18.025000000000013
1910	66	1	131.2663316582914	43.7688442211055
1910	67	1	123.76884422110551	149.35678391959797
1910	68	1	32.53000000000001	181.26500000000007
1910	69	1	17.70000000000001	20.85000000000001
1910	70	1	166.6649999999999	39.199999999999974
1910	71	1	76.845	89.27
1910	72	1	112.10945273631835	80.49253731343286
1910	73	1	129.86069651741292	122.50746268656715
1910	74	1	91.18592964824123	109.4974874371859
1910	75	1	108.38999999999997	28.959999999999994
1920	1	2	10.32	9.919999999999991
1920	2	2	9.91	54.940000000000026
1920	3	2	10.271739130434783	100
1920	4	2	10.000000000000004	145
1920	5	2	9.78	189.93
1920	6	2	54.97999999999999	9.810000000000004
1920	7	2	55.02000000000001	55.22999999999999
1920	8	2	54.95	99.83999999999995
1920	9	2	54.87999999999998	144.88
1920	10	2	55.00000000000001	190.10999999999996
1920	11	2	100.26	9.899999999999997
1920	12	2	100.09	54.980000000000004
1920	13	2	100.12	100.12000000000003
1920	14	2	100.12	145.11999999999992
1920	15	2	99.93	190.07999999999996
1920	16	2	145.14141414141412	10.383838383838384
1920	17	2	144.97999999999993	54.95000000000002
1920	18	2	145.0900000000001	100.42000000000002
1920	19	2	145.1599999999999	144.95
1920	20	2	145.27083333333331	190.27083333333331
1920	21	2	190.14	9.740000000000002
1920	22	2	190.1199999999999	54.88
1920	23	2	190.19148936170217	100.09574468085106
1920	24	2	189.72916666666669	144.97916666666666
1920	25	2	190.21999999999994	190.27999999999994
1920	26	1	25.93000000000001	27.240000000000006
1920	27	1	157.0799999999999	31.489999999999995
1920	28	1	142.2499999999999	35.904999999999994
1920	29	1	164.9700000000001	66.21
1920	30	1	26.710000000000008	142.225
1920	31	1	143.14925373134332	122.59701492537317
1920	32	1	170.32499999999993	26.065000000000005
1920	33	1	119.67500000000001	34.76
1920	34	1	114.86000000000003	49.735000000000014
1920	35	1	108.67164179104483	134.03482587064673
1920	36	1	111.21	91.57999999999997
1920	37	1	32.59999999999999	156.12500000000009
1920	38	1	125.61999999999999	25.379999999999995
1920	39	1	164.82	53.700000000000024
1920	40	1	174.33668341708545	7.381909547738691
1920	41	1	6.689999999999999	127.79000000000002
1920	42	1	33.01	133.42500000000007
1920	43	1	151.81499999999994	47.99499999999999
1920	44	1	121.10500000000002	135.73999999999992
1920	45	1	75.39000000000003	129.67000000000004
1920	46	1	113.22613065326637	122.09045226130647
1920	47	1	104.3	73.30499999999999
1920	48	1	68.84924623115582	82.83919597989951
1920	49	1	108.305	110.65000000000006
1920	50	1	177.095	51.15499999999997
1920	51	1	91.57000000000002	119.50000000000001
1920	52	1	134.20500000000004	133.9699999999999
1920	53	1	120.24999999999997	64.89999999999998
1920	54	1	21.074999999999996	179.47500000000005
1920	55	1	90.73366834170852	130.97487437185939
1920	56	1	38.718592964824104	163.93969849246238
1920	57	1	124.98507462686571	77.52736318407959
1920	58	1	61.27000000000002	162.50499999999997
1920	59	1	49.276381909547744	168.5829145728643
1920	60	1	178.35323383084585	20.492537313432837
1920	61	1	84.1442786069652	95.20895522388061
1920	62	1	124.445	109.45000000000002
1920	63	1	67.99000000000005	69.73999999999997
1920	64	1	155.96517412935336	134.6019900497513
1920	65	1	33.80597014925375	17.303482587064682
1920	66	1	129.965	43.364999999999995
1920	67	1	125.25870646766172	149.70646766169153
1920	68	1	32.788944723618066	180.05527638190952
1920	69	1	18.31658291457286	20.286432160804015
1920	70	1	166.29999999999995	39.059999999999995
1920	71	1	77.14500000000005	88.46999999999997
1920	72	1	112.06499999999998	80.14000000000001
1920	73	1	129.38500000000002	121.80000000000007
1920	74	1	91.37000000000002	109.50999999999993
1920	75	1	108.85929648241203	28.060301507537694
1930	1	2	10.32	9.919999999999991
1930	2	2	9.91	54.940000000000026
1930	3	2	10.271739130434783	100
1930	4	2	10.000000000000004	145
1930	5	2	9.78	189.93
1930	6	2	54.97999999999999	9.810000000000004
1930	7	2	55.02000000000001	55.22999999999999
1930	8	2	54.95	99.83999999999995
1930	9	2	54.87999999999998	144.88
1930	10	2	55.00000000000001	190.10999999999996
1930	11	2	100.26	9.899999999999997
1930	12	2	100.09	54.980000000000004
1930	13	2	100.12	100.12000000000003
1930	14	2	100.12	145.11999999999992
1930	15	2	99.93	190.07999999999996
1930	16	2	145.14141414141412	10.383838383838384
1930	17	2	144.97999999999993	54.95000000000002
1930	18	2	145.0900000000001	100.42000000000002
1930	19	2	145.1599999999999	144.95
1930	20	2	145.27083333333331	190.27083333333331
1930	21	2	190.14	9.740000000000002
1930	22	2	190.1199999999999	54.88
1930	23	2	190.19148936170217	100.09574468085106
1930	24	2	189.72916666666669	144.97916666666666
1930	25	2	190.21999999999994	190.27999999999994
1930	26	1	26.85572139303484	26.5273631840796
1930	27	1	156.11500000000007	31.82000000000001
1930	28	1	142.02499999999984	36.63999999999997
1930	29	1	163.74	65.83999999999996
1930	30	1	26.608040201005032	143.50251256281408
1930	31	1	142.4900000000001	121.55500000000006
1930	32	1	171.02487562189052	27.06467661691543
1930	33	1	119.33999999999999	35.42500000000001
1930	34	1	114.15	50.64500000000002
1930	35	1	108.56783919597991	133.80402010050258
1930	36	1	111.03	91.61499999999995
1930	37	1	32.860000000000014	155.88499999999988
1930	38	1	126.18499999999999	25.879999999999985
1930	39	1	164.6699999999999	53.59
1930	40	1	175.28999999999996	7.584999999999999
1930	41	1	6.909999999999996	128.17999999999995
1930	42	1	32.849999999999994	133.37999999999997
1930	43	1	151.60500000000002	48.204999999999984
1930	44	1	121.24000000000001	136.17500000000004
1930	45	1	74.18499999999999	130.41000000000005
1930	46	1	113.43500000000004	122.43
1930	47	1	104.44221105527633	72.89447236180902
1930	48	1	69.65671641791046	81.69651741293525
1930	49	1	108.19095477386935	111.09547738693466
1930	50	1	176.94500000000008	50.969999999999985
1930	51	1	90.92462311557787	119.69346733668341
1930	52	1	134.28499999999994	133.315
1930	53	1	121.00000000000001	65.81500000000003
1930	54	1	20.584999999999983	180.38500000000002
1930	55	1	89.93999999999998	130.95500000000007
1930	56	1	39.03	163.77500000000006
1930	57	1	125.34999999999998	78.67500000000003
1930	58	1	61.765	163.05499999999998
1930	59	1	50.625000000000014	168.39499999999998
1930	60	1	177.59500000000003	20.424999999999997
1930	61	1	84.03499999999997	95.21499999999997
1930	62	1	124.29500000000003	109.52499999999998
1930	63	1	66.78109452736324	68.86567164179107
1930	64	1	155.75621890547268	133.39800995024873
1930	65	1	34.10447761194032	16.19402985074627
1930	66	1	129.06500000000003	43.00500000000003
1930	67	1	126.74499999999998	149.605
1930	68	1	33.20499999999999	178.81500000000003
1930	69	1	18.810945273631845	19.815920398009943
1930	70	1	166.1400000000001	38.63499999999997
1930	71	1	77.13567839195979	88.15577889447233
1930	72	1	112.41708542713569	79.47738693467336
1930	73	1	129.39800995024882	121.02985074626865
1930	74	1	91.57999999999988	109.59999999999998
1930	75	1	109.48	26.87500000000001
1940	1	2	10.32	9.919999999999991
1940	2	2	9.91	54.940000000000026
1940	3	2	10.271739130434783	100
1940	4	2	10.000000000000004	145
1940	5	2	9.78	189.93
1940	6	2	54.97999999999999	9.810000000000004
1940	7	2	55.02000000000001	55.22999999999999
1940	8	2	54.95	99.83999999999995
1940	9	2	54.87999999999998	144.88
1940	10	2	55.00000000000001	190.10999999999996
1940	11	2	100.26	9.899999999999997
1940	12	2	100.09	54.980000000000004
1940	13	2	100.12	100.12000000000003
1940	14	2	100.12	145.11999999999992
1940	15	2	99.93	190.07999999999996
1940	16	2	145.14141414141412	10.383838383838384
1940	17	2	144.97999999999993	54.95000000000002
1940	18	2	145.0900000000001	100.42000000000002
1940	19	2	145.1599999999999	144.95
1940	20	2	145.27083333333331	190.27083333333331
1940	21	2	190.14	9.740000000000002
1940	22	2	190.1199999999999	54.88
1940	23	2	190.19148936170217	100.09574468085106
1940	24	2	189.72916666666669	144.97916666666666
1940	25	2	190.21999999999994	190.27999999999994
1940	26	1	27.865	25.805
1940	27	1	155.53499999999997	31.774999999999977
1940	28	1	142.09547738693473	37.346733668341706
1940	29	1	162.41000000000003	65.74000000000001
1940	30	1	26.24	145.20500000000004
1940	31	1	141.61499999999995	120.06499999999998
1940	32	1	171.52020202020205	27.883838383838377
1940	33	1	119.135	36.51499999999997
1940	34	1	113.67500000000004	51.23500000000002
1940	35	1	108.32663316582922	133.64321608040194
1940	36	1	111.165	91.735
1940	37	1	33.72999999999999	154.82500000000002
1940	38	1	126.41206030150754	26.316582914572866
1940	39	1	164.8099999999999	53.77999999999998
1940	40	1	175.95477386934675	7.969849246231154
1940	41	1	6.825000000000002	128.26999999999998
1940	42	1	32.559999999999995	133.45500000000007
1940	43	1	151.5149999999999	48.18500000000001
1940	44	1	121.41499999999999	136.92500000000007
1940	45	1	73.59000000000006	131.16000000000008
1940	46	1	113.32500000000003	123.45
1940	47	1	104.82499999999999	72.80999999999996
1940	48	1	70.8507462686567	80.2189054726368
1940	49	1	108.25	111.03500000000005
1940	50	1	176.66834170854273	51.160804020100514
1940	51	1	90.14499999999997	119.97499999999997
1940	52	1	134.16499999999994	133.03000000000011
1940	53	1	121.965	66.59500000000001
1940	54	1	20.78499999999999	180.99
1940	55	1	89.60500000000003	131.07000000000002
1940	56	1	39.52500000000001	163.33499999999998
1940	57	1	125.70351758793966	79.70854271356784
1940	58	1	62.025	163.19
1940	59	1	50.99	168.32
1940	60	1	176.57711442786047	20.15422885572139
1940	61	1	83.82499999999997	95.71499999999997
1940	62	1	123.76499999999994	110.04500000000006
1940	63	1	65.62999999999997	68.48500000000003
1940	64	1	155.11940298507463	131.89552238805953
1940	65	1	34.50000000000002	15.085
1940	66	1	128.63500000000002	42.585000000000015
1940	67	1	127.88059701492533	149.4925373134328
1940	68	1	33.37999999999999	178.14000000000007
1940	69	1	19.400000000000006	19.48000000000001
1940	70	1	165.98507462686555	38.49751243781096
1940	71	1	77.07035175879405	88.10552763819098
1940	72	1	112.83417085427133	79.10050251256285
1940	73	1	129.45999999999995	120.63999999999997
1940	74	1	91.69849246231158	109.91959798994975
1940	75	1	109.99999999999999	26.194029850746276
1950	1	2	10.32	9.919999999999991
1950	2	2	9.91	54.940000000000026
1950	3	2	10.271739130434783	100
1950	4	2	10.000000000000004	145
1950	5	2	9.78	189.93
1950	6	2	54.97999999999999	9.810000000000004
1950	7	2	55.02000000000001	55.22999999999999
1950	8	2	54.95	99.83999999999995
1950	9	2	54.87999999999998	144.88
1950	10	2	55.00000000000001	190.10999999999996
1950	11	2	100.26	9.899999999999997
1950	12	2	100.09	54.980000000000004
1950	13	2	100.12	100.12000000000003
1950	14	2	100.12	145.11999999999992
1950	15	2	99.93	190.07999999999996
1950	16	2	145.14141414141412	10.383838383838384
1950	17	2	144.97999999999993	54.95000000000002
1950	18	2	145.0900000000001	100.42000000000002
1950	19	2	145.1599999999999	144.95
1950	20	2	145.27083333333331	190.27083333333331
1950	21	2	190.14	9.740000000000002
1950	22	2	190.1199999999999	54.88
1950	23	2	190.19148936170217	100.09574468085106
1950	24	2	189.72916666666669	144.97916666666666
1950	25	2	190.21999999999994	190.27999999999994
1950	26	1	29.169154228855735	25.940298507462675
1950	27	1	154.53500000000005	31.800000000000008
1950	28	1	142.04999999999993	37.96499999999998
1950	29	1	161.52999999999997	65.85000000000001
1950	30	1	25.7363184079602	146.7064676616915
1950	31	1	141.45999999999998	118.66000000000003
1950	32	1	172.04040404040418	28.828282828282823
1950	33	1	118.93034825870642	37.33830845771143
1950	34	1	113.35323383084577	51.44776119402989
1950	35	1	108.20499999999994	133.62999999999997
1950	36	1	110.97	92.01500000000007
1950	37	1	34.39000000000001	153.54
1950	38	1	126.56000000000002	26.585
1950	39	1	164.81999999999994	53.53999999999997
1950	40	1	176.5829145728643	9.100502512562814
1950	41	1	7.261306532663316	128.74371859296477
1950	42	1	32.339999999999996	133.45000000000022
1950	43	1	151.425	48.25000000000001
1950	44	1	121.55999999999999	137.375
1950	45	1	72.94974874371857	131.67336683417088
1950	46	1	113.33333333333329	123.97014925373135
1950	47	1	104.78109452736322	73.01990049751241
1950	48	1	71.497512437811	78.4875621890547
1950	49	1	108.06532663316585	111.26130653266333
1950	50	1	176.3015075376885	51.66834170854273
1950	51	1	88.75999999999999	120.35000000000005
1950	52	1	134.29850746268653	132.69651741293532
1950	53	1	122.61999999999996	67.50500000000002
1950	54	1	20.793969849246235	181.59798994974872
1950	55	1	89.32499999999999	131.01500000000007
1950	56	1	39.844999999999985	163.10000000000002
1950	57	1	125.67999999999995	80.76000000000002
1950	58	1	62.344999999999985	163.28000000000003
1950	59	1	51.490000000000016	168.66
1950	60	1	175.1608040201004	19.824120603015057
1950	61	1	83.65326633165829	96.1256281407035
1950	62	1	123.07035175879392	110.4522613065327
1950	63	1	64.72499999999997	68.30999999999995
1950	64	1	154.01499999999996	129.9
1950	65	1	34.665000000000006	13.390000000000002
1950	66	1	128.365	42.59
1950	67	1	128.90000000000003	149.62
1950	68	1	33.65671641791047	177.36318407960198
1950	69	1	20.850000000000012	19.00999999999999
1950	70	1	165.94499999999994	38.32999999999999
1950	71	1	76.75	88.13499999999993
1950	72	1	113.26130653266327	78.80402010050253
1950	73	1	129.32999999999996	120.27499999999996
1950	74	1	91.95024875621885	110.25373134328362
1950	75	1	110.66331658291453	24.964824120603026
1960	1	2	10.32	9.919999999999991
1960	2	2	9.91	54.940000000000026
1960	3	2	10.271739130434783	100
1960	4	2	10.000000000000004	145
1960	5	2	9.78	189.93
1960	6	2	54.97999999999999	9.810000000000004
1960	7	2	55.02000000000001	55.22999999999999
1960	8	2	54.95	99.83999999999995
1960	9	2	54.87999999999998	144.88
1960	10	2	55.00000000000001	190.10999999999996
1960	11	2	100.26	9.899999999999997
1960	12	2	100.09	54.980000000000004
1960	13	2	100.12	100.12000000000003
1960	14	2	100.12	145.11999999999992
1960	15	2	99.93	190.07999999999996
1960	16	2	145.14141414141412	10.383838383838384
1960	17	2	144.97999999999993	54.95000000000002
1960	18	2	145.0900000000001	100.42000000000002
1960	19	2	145.1599999999999	144.95
1960	20	2	145.27083333333331	190.27083333333331
1960	21	2	190.14	9.740000000000002
1960	22	2	190.1199999999999	54.88
1960	23	2	190.19148936170217	100.09574468085106
1960	24	2	189.72916666666669	144.97916666666666
1960	25	2	190.21999999999994	190.27999999999994
1960	26	1	30.359999999999996	25.734999999999996
1960	27	1	153.45499999999993	31.599999999999998
1960	28	1	142.09500000000006	38.34999999999998
1960	29	1	160.82999999999993	65.79500000000006
1960	30	1	25.42211055276381	148.5175879396985
1960	31	1	141.33333333333337	116.4427860696518
1960	32	1	172.285	29.225
1960	33	1	118.59203980099504	38.621890547263675
1960	34	1	113.20603015075376	51.93467336683419
1960	35	1	108.13930348258711	133.30845771144283
1960	36	1	110.89000000000001	92.01999999999995
1960	37	1	35.65499999999999	151.78000000000003
1960	38	1	126.39	26.809999999999995
1960	39	1	164.95477386934675	53.45226130653268
1960	40	1	177.68000000000012	10.665000000000001
1960	41	1	7.384999999999999	128.865
1960	42	1	31.52	134.13999999999993
1960	43	1	151.52261306532648	48.065326633165824
1960	44	1	122.1306532663316	138.17587939698498
1960	45	1	72.54000000000002	131.95999999999998
1960	46	1	113.76	124.68499999999999
1960	47	1	105.02	73.06500000000004
1960	48	1	72.52238805970153	77.05970149253731
1960	49	1	108.08955223880591	111.4726368159204
1960	50	1	176.08040201005028	52.06532663316584
1960	51	1	88.51256281407034	120.48743718592968
1960	52	1	134.5049999999998	132.2550000000001
1960	53	1	123.59500000000003	68.28000000000006
1960	54	1	21.00500000000001	182.27000000000007
1960	55	1	89.22	130.83500000000004
1960	56	1	40.00499999999999	162.64499999999995
1960	57	1	125.37500000000003	81.985
1960	58	1	62.71499999999997	163.02500000000003
1960	59	1	52.72361809045224	168.66331658291466
1960	60	1	174.10050251256274	19.266331658291467
1960	61	1	83.64179104477613	96.40298507462687
1960	62	1	122.34500000000003	110.80000000000005
1960	63	1	64.32499999999997	68.11499999999998
1960	64	1	152.48743718592965	127.60804020100505
1960	65	1	34.51	11.969999999999994
1960	66	1	128.28500000000003	42.145
1960	67	1	130.33830845771138	149.62189054726372
1960	68	1	34.029999999999994	176.19500000000002
1960	69	1	22.084577114427866	18.636815920398
1960	70	1	165.74999999999997	37.98000000000001
1960	71	1	76.38308457711435	87.95522388059706
1960	72	1	113.45	78.36999999999996
1960	73	1	129.57999999999996	120.02499999999999
1960	74	1	91.90999999999998	110.41000000000003
1960	75	1	111.59	24.170000000000005
1970	1	2	10.32	9.919999999999991
1970	2	2	9.91	54.940000000000026
1970	3	2	10.271739130434783	100
1970	4	2	10.000000000000004	145
1970	5	2	9.78	189.93
1970	6	2	54.97999999999999	9.810000000000004
1970	7	2	55.02000000000001	55.22999999999999
1970	8	2	54.95	99.83999999999995
1970	9	2	54.87999999999998	144.88
1970	10	2	55.00000000000001	190.10999999999996
1970	11	2	100.26	9.899999999999997
1970	12	2	100.09	54.980000000000004
1970	13	2	100.12	100.12000000000003
1970	14	2	100.12	145.11999999999992
1970	15	2	99.93	190.07999999999996
1970	16	2	145.14141414141412	10.383838383838384
1970	17	2	144.97999999999993	54.95000000000002
1970	18	2	145.0900000000001	100.42000000000002
1970	19	2	145.1599999999999	144.95
1970	20	2	145.27083333333331	190.27083333333331
1970	21	2	190.14	9.740000000000002
1970	22	2	190.1199999999999	54.88
1970	23	2	190.19148936170217	100.09574468085106
1970	24	2	189.72916666666669	144.97916666666666
1970	25	2	190.21999999999994	190.27999999999994
1970	26	1	31.630000000000003	25.784999999999993
1970	27	1	153.23499999999993	31.69499999999999
1970	28	1	141.96499999999997	38.519999999999996
1970	29	1	160.13500000000002	65.59999999999997
1970	30	1	24.8955223880597	149.7910447761194
1970	31	1	141.27499999999995	114.36999999999998
1970	32	1	172.77999999999997	29.565000000000005
1970	33	1	118.36499999999998	39.109999999999985
1970	34	1	113.31000000000004	52.06000000000004
1970	35	1	108.02487562189056	133.12935323383093
1970	36	1	110.95000000000005	92.10999999999999
1970	37	1	36.085	150.24000000000004
1970	38	1	126.70500000000006	27.085000000000015
1970	39	1	164.825	53.35500000000002
1970	40	1	178.31500000000003	11.790000000000004
1970	41	1	7.547738693467334	129.1909547738693
1970	42	1	30.502487562189035	134.87064676616913
1970	43	1	151.51758793969847	48.02512562814073
1970	44	1	122.91000000000001	138.77999999999997
1970	45	1	72.06499999999997	132.18499999999997
1970	46	1	114.23499999999993	125.53999999999999
1970	47	1	105.36499999999998	73.11000000000001
1970	48	1	73.84499999999997	75.37000000000005
1970	49	1	107.94500000000005	111.81999999999998
1970	50	1	176.01507537688423	52.43216080402012
1970	51	1	88.54726368159209	120.6318407960199
1970	52	1	134.99499999999995	131.73500000000004
1970	53	1	124.76616915422888	68.97512437810943
1970	54	1	21.180000000000007	182.69999999999996
1970	55	1	89.21105527638194	130.753768844221
1970	56	1	40.589108910891106	161.83168316831683
1970	57	1	125.15075376884423	82.47236180904521
1970	58	1	62.70999999999996	162.69999999999993
1970	59	1	53.80999999999997	168.9849999999999
1970	60	1	172.77114427860698	18.875621890547265
1970	61	1	83.28999999999992	96.77999999999997
1970	62	1	121.94	111.37499999999999
1970	63	1	63.733668341708565	68.56783919597984
1970	64	1	151.245	126.42000000000002
1970	65	1	34.164999999999985	11.174999999999999
1970	66	1	128.24	41.90000000000001
1970	67	1	131.90499999999992	150.47999999999996
1970	68	1	34.139303482587046	175.20895522388054
1970	69	1	23.005	18.720000000000006
1970	70	1	165.80500000000004	38.01499999999999
1970	71	1	75.17085427135677	87.49246231155786
1970	72	1	113.66000000000005	78.10999999999999
1970	73	1	129.28140703517587	120.13065326633165
1970	74	1	91.59999999999997	110.52000000000002
1970	75	1	112.24499999999999	23.10499999999999
1980	1	2	10.32	9.919999999999991
1980	2	2	9.91	54.940000000000026
1980	3	2	10.271739130434783	100
1980	4	2	10.000000000000004	145
1980	5	2	9.78	189.93
1980	6	2	54.97999999999999	9.810000000000004
1980	7	2	55.02000000000001	55.22999999999999
1980	8	2	54.95	99.83999999999995
1980	9	2	54.87999999999998	144.88
1980	10	2	55.00000000000001	190.10999999999996
1980	11	2	100.26	9.899999999999997
1980	12	2	100.09	54.980000000000004
1980	13	2	100.12	100.12000000000003
1980	14	2	100.12	145.11999999999992
1980	15	2	99.93	190.07999999999996
1980	16	2	145.14141414141412	10.383838383838384
1980	17	2	144.97999999999993	54.95000000000002
1980	18	2	145.0900000000001	100.42000000000002
1980	19	2	145.1599999999999	144.95
1980	20	2	145.27083333333331	190.27083333333331
1980	21	2	190.14	9.740000000000002
1980	22	2	190.1199999999999	54.88
1980	23	2	190.19148936170217	100.09574468085106
1980	24	2	189.72916666666669	144.97916666666666
1980	25	2	190.21999999999994	190.27999999999994
1980	26	1	33.359999999999985	25.90000000000001
1980	27	1	152.7699999999999	31.85000000000001
1980	28	1	141.45	38.88000000000001
1980	29	1	159.35000000000002	65.39500000000001
1980	30	1	24.654999999999994	151.32000000000008
1980	31	1	141.68159203980093	112.87064676616912
1980	32	1	173.26500000000004	29.709999999999994
1980	33	1	117.89054726368161	39.80099502487559
1980	34	1	113.78000000000002	52.73000000000001
1980	35	1	107.905	133.06500000000005
1980	36	1	110.99499999999995	92.13999999999994
1980	37	1	36.32673267326734	149.0594059405939
1980	38	1	126.50499999999992	27.134999999999994
1980	39	1	164.80000000000004	52.855000000000004
1980	40	1	178.7386934673368	12.482412060301503
1980	41	1	7.6850000000000005	129.425
1980	42	1	28.895000000000007	136.40500000000003
1980	43	1	151.57	48.010000000000026
1980	44	1	123.2311557788944	139.15075376884437
1980	45	1	71.42000000000003	132.13999999999996
1980	46	1	114.2835820895523	126.3034825870647
1980	47	1	105.50499999999994	73.19999999999999
1980	48	1	75.2899999999999	73.92499999999997
1980	49	1	107.97487437185924	111.73869346733672
1980	50	1	175.61999999999995	52.890000000000015
1980	51	1	88.46500000000006	120.68999999999998
1980	52	1	135.4029850746268	130.4925373134328
1980	53	1	126.19900497512438	69.63681592039806
1980	54	1	22.144278606965177	182.8805970149253
1980	55	1	89.08500000000004	130.62499999999986
1980	56	1	40.995000000000005	161.10999999999993
1980	57	1	125.22500000000001	82.90499999999997
1980	58	1	62.78391959798996	162.66331658291472
1980	59	1	54.900497512437795	169.70646766169153
1980	60	1	171.55000000000013	18.305000000000003
1980	61	1	83.23500000000001	96.93499999999997
1980	62	1	121.42713567839192	111.98994974874378
1980	63	1	63.14925373134331	69.26368159203977
1980	64	1	150.36318407960206	125.77611940298512
1980	65	1	34.299999999999976	10.795000000000002
1980	66	1	128.21890547263678	41.22885572139303
1980	67	1	132.7363184079603	150.74129353233818
1980	68	1	34.39999999999999	173.1199999999999
1980	69	1	23.895	19.020000000000003
1980	70	1	165.58499999999992	37.47
1980	71	1	73.56499999999998	86.63999999999996
1980	72	1	114.11442786069652	77.592039800995
1980	73	1	129.19095477386932	120.286432160804
1980	74	1	91.748743718593	110.57286432160808
1980	75	1	113.31188118811882	21.450495049504948
1990	1	2	10.32	9.919999999999991
1990	2	2	9.91	54.940000000000026
1990	3	2	10.271739130434783	100
1990	4	2	10.000000000000004	145
1990	5	2	9.78	189.93
1990	6	2	54.97999999999999	9.810000000000004
1990	7	2	55.02000000000001	55.22999999999999
1990	8	2	54.95	99.83999999999995
1990	9	2	54.87999999999998	144.88
1990	10	2	55.00000000000001	190.10999999999996
1990	11	2	100.26	9.899999999999997
1990	12	2	100.09	54.980000000000004
1990	13	2	100.12	100.12000000000003
1990	14	2	100.12	145.11999999999992
1990	15	2	99.93	190.07999999999996
1990	16	2	145.14141414141412	10.383838383838384
1990	17	2	144.97999999999993	54.95000000000002
1990	18	2	145.0900000000001	100.42000000000002
1990	19	2	145.1599999999999	144.95
1990	20	2	145.27083333333331	190.27083333333331
1990	21	2	190.14	9.740000000000002
1990	22	2	190.1199999999999	54.88
1990	23	2	190.19148936170217	100.09574468085106
1990	24	2	189.72916666666669	144.97916666666666
1990	25	2	190.21999999999994	190.27999999999994
1990	26	1	34.55999999999998	26.39
1990	27	1	152.69999999999985	31.78000000000001
1990	28	1	141.43	38.72000000000001
1990	29	1	158.51500000000004	64.99000000000001
1990	30	1	25.064676616915424	152.8805970149254
1990	31	1	141.74500000000003	111.55999999999997
1990	32	1	173.71500000000003	29.584999999999987
1990	33	1	117.39000000000006	40.45999999999999
1990	34	1	113.80499999999998	53.27999999999997
1990	35	1	107.82000000000004	133.04500000000002
1990	36	1	111.17500000000001	91.96999999999996
1990	37	1	36.91499999999999	147.8799999999999
1990	38	1	126.09500000000001	27.605
1990	39	1	164.71999999999997	52.585000000000015
1990	40	1	179.3482587064677	13.482587064676617
1990	41	1	8.079999999999998	129.70999999999995
1990	42	1	27.540000000000003	138.01500000000007
1990	43	1	151.44723618090455	47.84422110552764
1990	44	1	123.84422110552761	139.87939698492457
1990	45	1	71.13999999999999	132.16000000000003
1990	46	1	114.475	126.69
1990	47	1	105.91999999999994	73.07999999999996
1990	48	1	76.57000000000005	73.22999999999999
1990	49	1	107.915	111.77999999999996
1990	50	1	175.4120603015075	53.11055276381909
1990	51	1	88.51500000000003	120.66499999999996
1990	52	1	135.4824120603015	129.44221105527635
1990	53	1	127.68499999999996	70.11000000000003
1990	54	1	23.819999999999993	182.635
1990	55	1	89.00000000000001	130.5549999999998
1990	56	1	40.9	161.245
1990	57	1	125.25999999999999	83.33999999999997
1990	58	1	62.39999999999999	162.2249999999999
1990	59	1	56.398009950248756	170.57213930348254
1990	60	1	169.99999999999994	17.676616915422883
1990	61	1	82.49751243781097	96.73631840796021
1990	62	1	121.22	112.48999999999997
1990	63	1	63.035	70.04500000000004
1990	64	1	148.97500000000002	125.70500000000006
1990	65	1	33.949999999999974	10.129999999999999
1990	66	1	128.42499999999995	41.20999999999997
1990	67	1	133.49253731343273	151.9651741293531
1990	68	1	34.779999999999994	171.82000000000002
1990	69	1	24.684999999999995	19.525
1990	70	1	165.50500000000005	37.29
1990	71	1	72.17500000000003	85.415
1990	72	1	114.72636815920393	76.77114427860698
1990	73	1	129.23500000000007	120.38500000000003
1990	74	1	91.88000000000002	110.14500000000002
1990	75	1	114.12999999999998	21.029999999999994
