0	1	2	9.981132075471699	9.886792452830187
0	2	2	10.019417475728154	40.058252427184485
0	3	2	9.903846153846159	70.06730769230771
0	4	2	10.284313725490193	100.01960784313728
0	5	2	10.04807692307692	129.98076923076914
0	6	2	10.074766355140191	160.07476635514024
0	7	2	9.896226415094338	189.97169811320748
0	8	2	40.074766355140206	9.925233644859818
0	9	2	40.1320754716981	39.962264150943405
0	10	2	40.02830188679247	69.89622641509436
0	11	2	39.95370370370372	100.02777777777773
0	12	2	40.009523809523806	130.04761904761907
0	13	2	40.068627450980394	160.18627450980398
0	14	2	39.990476190476215	189.93333333333334
0	15	2	70.0576923076923	10.038461538461538
0	16	2	70.06542056074763	39.915887850467264
0	17	2	69.95238095238096	70.09523809523809
0	18	2	70.11538461538463	100.16346153846153
0	19	2	69.78	129.98
0	20	2	70.01869158878506	160.018691588785
0	21	2	70.13861386138613	189.96039603960395
0	22	2	100.21153846153844	9.894230769230774
0	23	2	100	40
0	24	2	100.02777777777777	70.0462962962963
0	25	2	100.00000000000001	100
0	26	2	100.09615384615387	129.84615384615384
0	27	2	99.98130841121495	159.981308411215
0	28	2	100.00952380952376	190.0857142857143
0	29	2	129.88679245283018	10.056603773584909
0	30	2	129.98076923076925	40.019230769230774
0	31	2	129.79611650485435	70.0776699029126
0	32	2	130.06603773584905	99.90566037735849
0	33	2	130.01904761904763	130.01904761904757
0	34	2	130.03960396039605	159.99009900990114
0	35	2	129.92380952380952	190.06666666666663
0	36	2	159.98130841121494	10.018691588785044
0	37	2	159.99029126213586	40.09708737864078
0	38	2	159.97087378640782	69.91262135922331
0	39	2	159.97058823529406	99.81372549019605
0	40	2	159.88461538461536	129.9807692307692
0	41	2	159.90476190476193	159.99999999999991
0	42	2	159.98130841121494	190.07476635514013
0	43	2	189.9532710280374	10.093457943925234
0	44	2	189.91000000000005	39.890000000000015
0	45	2	190.06862745098033	70
0	46	2	190.16504854368924	99.86407766990293
0	47	2	190.06730769230774	130.01923076923072
0	48	2	189.93457943925233	159.91588785046727
0	49	2	190.029411764706	189.86274509803923
0	50	1	27.25	109
0	51	1	81	162
0	52	1	145.5	184.5
0	53	1	67	138
0	54	1	10.2	117.4
0	55	1	69.5	152.5
0	56	1	82	143.66666666666666
0	57	1	136.33333333333334	62.333333333333336
0	58	1	20	107
0	59	1	141.5	43.5
0	60	1	82.5	158
0	61	1	103.5	179.5
0	62	1	73	182
0	63	1	141.5	56.75
0	64	1	137.5	88.5
0	65	1	169	115.66666666666667
0	66	1	185	44
0	67	1	17.5	176.5
0	68	1	108.33333333333333	62.333333333333336
0	69	1	50	165
0	70	1	3.75	18
0	71	1	7	31.5
0	72	1	106.625	26.625
0	73	1	112.5	39.5
0	74	1	138	157
0	75	1	39	55
0	76	1	54	87
0	77	1	133	152
0	78	1	194	166
0	79	1	138	129
0	80	1	25.6	19.8
0	81	1	38.75	169
0	82	1	81	158
0	83	1	37	154.5
0	84	1	118	108
0	85	1	72	145.66666666666666
0	86	1	20.666666666666668	197.33333333333334
0	87	1	127.66666666666667	107
0	88	1	0	136.6
0	89	1	103	55.85714285714286
0	90	1	170	120
0	91	1	193	57
0	92	1	46	4.666666666666667
0	93	1	119.5	148
0	94	1	74	87.5
0	95	1	186	120
0	96	1	9	147
0	97	1	177.5	162.5
0	98	1	107	39.83333333333333
0	99	1	125.83333333333333	56.83333333333333
10	1	2	10.163265306122447	9.581632653061224
10	2	2	10.242105263157894	40.34736842105263
10	3	2	9.81	70.12000000000003
10	4	2	10.070707070707074	100.09090909090912
10	5	2	10.141414141414144	129.85858585858588
10	6	2	10.34343434343434	159.969696969697
10	7	2	9.708333333333332	189.76041666666666
10	8	2	40.05102040816329	10.193877551020407
10	9	2	40.12000000000002	39.88
10	10	2	40.02000000000001	69.71999999999996
10	11	2	39.92999999999998	100.04
10	12	2	40.12000000000002	129.88
10	13	2	39.988888888888894	160.74444444444444
10	14	2	39.92999999999998	189.99999999999991
10	15	2	70.12	10.12
10	16	2	70.19999999999996	39.94999999999999
10	17	2	70.04	69.87999999999995
10	18	2	70.07000000000002	100.18
10	19	2	69.88000000000001	129.88
10	20	2	70.23333333333335	160.5777777777778
10	21	2	70.0408163265306	189.9591836734693
10	22	2	100.3838383838384	9.85858585858586
10	23	2	99.30107526881721	39.763440860215056
10	24	2	99.95789473684209	70.58947368421053
10	25	2	100.06	100.14000000000003
10	26	2	100.11999999999999	129.87000000000003
10	27	2	100.14141414141413	160.0707070707071
10	28	2	99.89583333333334	190.36458333333343
10	29	2	129.87999999999997	10.12
10	30	2	129.87999999999997	40.120000000000005
10	31	2	129.61616161616163	70.14141414141416
10	32	2	130.15306122448976	99.56122448979588
10	33	2	129.40624999999997	129.94791666666657
10	34	2	129.9583333333334	160.23958333333334
10	35	2	130.12	190.11999999999992
10	36	2	159.73000000000005	10.159999999999998
10	37	2	159.92000000000002	40.29
10	38	2	159.99999999999994	69.79
10	39	2	159.90000000000006	99.84
10	40	2	159.73999999999995	129.99999999999997
10	41	2	159.77000000000004	159.85999999999996
10	42	2	159.87999999999997	190.11999999999998
10	43	2	190.19999999999996	10.330000000000005
10	44	2	190.3913043478261	39.40217391304347
10	45	2	190.04999999999993	69.93
10	46	2	190.19	99.83000000000001
10	47	2	190.21000000000004	129.93999999999994
10	48	2	189.69000000000003	159.96
10	49	2	190.03999999999996	189.88000000000008
10	50	1	28.188888888888886	108.45555555555552
10	51	1	81.06756756756756	165.3108108108108
10	52	1	145.45132743362817	184.90265486725656
10	53	1	66.82539682539681	138.4444444444445
10	54	1	10.994652406417108	116.75401069518719
10	55	1	67.79797979797978	151.33333333333337
10	56	1	81.96638655462188	143.781512605042
10	57	1	137.2056074766355	61.98130841121498
10	58	1	19.940298507462686	105.34328358208955
10	59	1	141.71428571428575	44.495798319327726
10	60	1	84.82191780821915	155.3972602739726
10	61	1	104.95683453237413	180.8057553956834
10	62	1	74.83561643835614	182.972602739726
10	63	1	141.42016806722685	54.80672268907563
10	64	1	139.0782608695653	88.39130434782608
10	65	1	167.94782608695655	115.06956521739129
10	66	1	183.30999999999995	40.509999999999984
10	67	1	16.491666666666664	176.31666666666675
10	68	1	108.53571428571429	62.87499999999999
10	69	1	49.51960784313726	165.25490196078425
10	70	1	4.193103448275862	18.75862068965518
10	71	1	6.946153846153845	30.407692307692304
10	72	1	107.17699115044248	26.814159292035402
10	73	1	113.4183673469388	38.41836734693878
10	74	1	139.1794871794871	157.8461538461539
10	75	1	38.8032786885246	55.39344262295081
10	76	1	54.905982905982896	89.25641025641026
10	77	1	133.66666666666666	153.5
10	78	1	194.59649122807016	169.3333333333333
10	79	1	138.84523809523805	129.30952380952377
10	80	1	25.503448275862066	20.841379310344823
10	81	1	39.16379310344827	171.21551724137922
10	82	1	80.14864864864863	155.8378378378378
10	83	1	38.35937500000001	153.35937499999997
10	84	1	118.78350515463919	107.84536082474227
10	85	1	72.33673469387759	146.38775510204084
10	86	1	20.04166666666667	196.09722222222229
10	87	1	129.41999999999996	109.32000000000002
10	88	1	0.08333333333333319	137.37499999999986
10	89	1	101.91346153846153	56.95192307692307
10	90	1	169.47368421052636	120.57894736842103
10	91	1	193.83211678832117	55.1897810218978
10	92	1	50.10389610389611	2.6753246753246778
10	93	1	121.09523809523805	147.65079365079367
10	94	1	75.64963503649638	86.33576642335773
10	95	1	184.6829268292683	120.53658536585368
10	96	1	9.4375	146.96428571428578
10	97	1	175.51456310679606	161.66019417475727
10	98	1	107.52272727272727	40.090909090909115
10	99	1	124.5068493150685	55.5
20	1	2	10.141414141414144	9.616161616161618
20	2	2	10.270833333333334	40.270833333333314
20	3	2	9.81	70.12000000000003
20	4	2	10.000000000000004	100
20	5	2	10.193877551020407	129.8469387755102
20	6	2	10.383838383838384	160.14141414141415
20	7	2	9.775510204081629	189.8469387755102
20	8	2	40.07070707070709	10.141414141414142
20	9	2	40.12000000000002	39.88
20	10	2	40.02000000000001	69.71999999999996
20	11	2	40.14141414141414	99.85858585858581
20	12	2	40.12000000000002	129.88
20	13	2	40.126315789473686	160.6105263157894
20	14	2	39.92999999999998	189.99999999999991
20	15	2	70.12	10.12
20	16	2	70.19999999999996	39.94999999999999
20	17	2	70.04	69.87999999999995
20	18	2	70.07000000000002	100.18
20	19	2	69.84536082474229	129.72164948453607
20	20	2	70.26086956521739	160.50000000000006
20	21	2	69.8494623655914	190.15053763440852
20	22	2	100.3838383838384	9.85858585858586
20	23	2	99.38947368421054	39.87368421052632
20	24	2	99.87368421052632	70.61052631578951
20	25	2	100.06	100.14000000000003
20	26	2	100.11999999999999	129.87000000000003
20	27	2	100.2244897959184	160.0918367346938
20	28	2	99.85858585858585	190.3838383838383
20	29	2	129.87999999999997	10.12
20	30	2	129.8282828282828	40.101010101010104
20	31	2	129.61616161616163	70.14141414141416
20	32	2	130.1414141414141	99.61616161616158
20	33	2	129.49999999999997	129.99999999999991
20	34	2	129.83516483516485	160.26373626373626
20	35	2	130.12	190.11999999999992
20	36	2	159.73000000000005	10.159999999999998
20	37	2	159.92000000000002	40.29
20	38	2	159.99999999999994	69.79
20	39	2	159.90000000000006	99.84
20	40	2	159.67676767676767	130.17171717171723
20	41	2	159.77000000000004	159.85999999999996
20	42	2	159.87999999999997	190.11999999999998
20	43	2	190.19999999999996	10.330000000000005
20	44	2	190.36559139784947	39.430107526881734
20	45	2	190.04999999999993	69.93
20	46	2	190.19	99.83000000000001
20	47	2	190.1199999999999	129.88
20	48	2	189.61616161616163	159.85858585858585
20	49	2	190.03999999999996	189.88000000000008
20	50	1	29.452736318407958	109.41791044776116
20	51	1	81.46073298429316	170.0785340314137
20	52	1	145.62189054726366	184.72139303482587
20	53	1	64.77173913043481	137.79891304347834
20	54	1	10.39108910891089	117.07425742574247
20	55	1	62.22513089005237	152.75392670157063
20	56	1	87.71354166666669	140.1822916666667
20	57	1	138.195	62.87500000000002
20	58	1	19.820895522388067	104.51741293532339
20	59	1	142.470297029703	42.71287128712871
20	60	1	89.03370786516852	155.19101123595493
20	61	1	104.88557213930348	180.04477611940297
20	62	1	76.74000000000001	182.43999999999997
20	63	1	141.82828282828282	54.14646464646465
20	64	1	139.42786069651743	88.01492537313436
20	65	1	167.30150753768845	112.84924623115575
20	66	1	182.83084577114428	40.42786069651743
20	67	1	16.059701492537307	175.44278606965176
20	68	1	110.395	64.36999999999998
20	69	1	50.85074626865674	166.1243781094526
20	70	1	2.840000000000001	18.68499999999999
20	71	1	7.203980099502485	29.766169154228844
20	72	1	106.72636815920397	23.626865671641806
20	73	1	116.1831683168317	38.87128712871287
20	74	1	141.93564356435644	161.89108910891082
20	75	1	39.14427860696517	54.07462686567164
20	76	1	54.94527363184079	89.76616915422885
20	77	1	134.37244897959178	150.07653061224482
20	78	1	195.87064676616916	170.25373134328365
20	79	1	139.95024875621883	129.01492537313433
20	80	1	25.537313432835813	20.49751243781094
20	81	1	39.35499999999998	173.20499999999996
20	82	1	80.6145251396648	157.01117318435757
20	83	1	37.65841584158416	152.05940594059416
20	84	1	116.92039800995025	107.18905472636814
20	85	1	74.51396648044691	145.21229050279334
20	86	1	21.240000000000002	196.295
20	87	1	130.36000000000007	111.48500000000001
20	88	1	199.4228855721393	137.82089552238807
20	89	1	100.97999999999999	56.74
20	90	1	169.08500000000006	121.44999999999995
20	91	1	193.80597014925374	55.39303482587064
20	92	1	51.01990049751245	1.298507462686567
20	93	1	119.82000000000004	147.89000000000004
20	94	1	75.48258706467657	86.58208955223877
20	95	1	184.71641791044775	120.26368159203983
20	96	1	9.074626865671643	146.82587064676613
20	97	1	175.5849999999999	161.89999999999995
20	98	1	107.35960591133005	39.985221674876875
20	99	1	123.43283582089555	54.59701492537312
30	1	2	10.141414141414144	9.616161616161618
30	2	2	10.270833333333334	40.270833333333314
30	3	2	9.81	70.12000000000003
30	4	2	10.000000000000004	100
30	5	2	10.141414141414144	129.85858585858588
30	6	2	10.383838383838384	160.14141414141415
30	7	2	9.828282828282825	189.85858585858585
30	8	2	40.12000000000002	10.12
30	9	2	40.12000000000002	39.88
30	10	2	40.02000000000001	69.71999999999996
30	11	2	40.14141414141414	99.85858585858581
30	12	2	40.12000000000002	129.88
30	13	2	40.126315789473686	160.6105263157894
30	14	2	39.92999999999998	189.99999999999991
30	15	2	70.12	10.12
30	16	2	70.19999999999996	39.94999999999999
30	17	2	70.04	69.87999999999995
30	18	2	70.07000000000002	100.18
30	19	2	69.92929292929287	129.85858585858588
30	20	2	70.26086956521739	160.50000000000006
30	21	2	69.8494623655914	190.15053763440852
30	22	2	100.3838383838384	9.85858585858586
30	23	2	99.38947368421054	39.87368421052632
30	24	2	99.87368421052632	70.61052631578951
30	25	2	100.06	100.14000000000003
30	26	2	100.11999999999999	129.87000000000003
30	27	2	100.1717171717172	160.14141414141412
30	28	2	99.85858585858585	190.3838383838383
30	29	2	129.87999999999997	10.12
30	30	2	129.8282828282828	40.101010101010104
30	31	2	129.60204081632648	70.1938775510204
30	32	2	130.1414141414141	99.61616161616158
30	33	2	129.49999999999997	129.99999999999991
30	34	2	129.84946236559145	160.15053763440852
30	35	2	130.12	190.11999999999992
30	36	2	159.73000000000005	10.159999999999998
30	37	2	159.92000000000002	40.29
30	38	2	159.99999999999994	69.79
30	39	2	159.90000000000006	99.84
30	40	2	159.69999999999996	130.14000000000001
30	41	2	159.77000000000004	159.85999999999996
30	42	2	159.87999999999997	190.11999999999998
30	43	2	190.19999999999996	10.330000000000005
30	44	2	190.30851063829783	39.436170212765965
30	45	2	190.04999999999993	69.93
30	46	2	190.19	99.83000000000001
30	47	2	190.1199999999999	129.88
30	48	2	189.61616161616163	159.85858585858585
30	49	2	190.03999999999996	189.88000000000008
30	50	1	29.482587064676625	109.25870646766167
30	51	1	81.31500000000001	171.17000000000004
30	52	1	145.12499999999991	184.38000000000005
30	53	1	62.49246231155781	138.23618090452263
30	54	1	10.233830845771148	117.21393034825869
30	55	1	61.21890547263682	153.56716417910448
30	56	1	88.11442786069652	139.31343283582086
30	57	1	138.32835820895525	62.85074626865671
30	58	1	19.746268656716413	104.83582089552239
30	59	1	142.8811881188118	42.554455445544555
30	60	1	89.45226130653263	155.3718592964824
30	61	1	104.66169154228857	179.60199004975115
30	62	1	77.46268656716414	182.61194029850742
30	63	1	141.68159203980102	54.164179104477604
30	64	1	139.38	88.035
30	65	1	167.65174129353235	112.15422885572134
30	66	1	182.5628140703517	40.532663316582905
30	67	1	16.35323383084577	175.02985074626858
30	68	1	110.74000000000002	63.985
30	69	1	50.80099502487558	166.51741293532348
30	70	1	2.56	19.285000000000007
30	71	1	7.626865671641791	29.45771144278606
30	72	1	106.72999999999999	23.54
30	73	1	116.57286432160801	39.020100502512555
30	74	1	141.9900497512439	162.07462686567166
30	75	1	38.900497512437795	54.07960199004975
30	76	1	55.208955223880594	90.08457711442784
30	77	1	134.31840796019884	149.771144278607
30	78	1	195.96517412935324	170.44776119402994
30	79	1	140.19000000000014	129.08499999999998
30	80	1	26.049751243781092	20.144278606965184
30	81	1	39.08500000000002	173.73999999999992
30	82	1	80.33165829145737	157.33165829145725
30	83	1	37.512437810945286	151.860696517413
30	84	1	116.98507462686564	107.3681592039801
30	85	1	74.30348258706474	145.10447761194033
30	86	1	21.955223880596996	195.7860696517413
30	87	1	130.42499999999998	111.94499999999996
30	88	1	199.465	137.97500000000002
30	89	1	100.98019801980195	56.544554455445535
30	90	1	168.74129353233823	121.41293532338302
30	91	1	193.76119402985074	55.12935323383084
30	92	1	51.48756218905473	0.9850746268656715
30	93	1	120.00497512437816	148.0149253731343
30	94	1	75.45499999999993	86.54
30	95	1	184.27363184079584	120.2437810945274
30	96	1	8.751243781094525	146.7363184079602
30	97	1	175.49751243781094	162.39800995024876
30	98	1	107.72	40.11
30	99	1	123.50746268656717	54.32338308457711
40	1	2	10.141414141414144	9.616161616161618
40	2	2	10.270833333333334	40.270833333333314
40	3	2	9.81	70.12000000000003
40	4	2	10.000000000000004	100
40	5	2	10.141414141414144	129.85858585858588
40	6	2	10.383838383838384	160.14141414141415
40	7	2	9.828282828282825	189.85858585858585
40	8	2	40.12000000000002	10.12
40	9	2	40.12000000000002	39.88
40	10	2	40.02000000000001	69.71999999999996
40	11	2	40.14141414141414	99.85858585858581
40	12	2	40.12000000000002	129.88
40	13	2	40.126315789473686	160.6105263157894
40	14	2	39.92999999999998	189.99999999999991
40	15	2	70.12	10.12
40	16	2	70.19999999999996	39.94999999999999
40	17	2	70.04	69.87999999999995
40	18	2	70.07000000000002	100.18
40	19	2	69.88000000000001	129.88
40	20	2	70.26086956521739	160.50000000000006
40	21	2	69.8494623655914	190.15053763440852
40	22	2	100.3838383838384	9.85858585858586
40	23	2	99.38947368421054	39.87368421052632
40	24	2	99.87368421052632	70.61052631578951
40	25	2	100.06	100.14000000000003
40	26	2	100.11999999999999	129.87000000000003
40	27	2	100.1717171717172	160.14141414141412
40	28	2	99.85858585858585	190.3838383838383
40	29	2	129.87999999999997	10.12
40	30	2	129.87999999999997	40.120000000000005
40	31	2	129.61616161616163	70.14141414141416
40	32	2	130.1414141414141	99.61616161616158
40	33	2	129.49999999999997	129.99999999999991
40	34	2	129.84946236559145	160.15053763440852
40	35	2	130.12	190.11999999999992
40	36	2	159.73000000000005	10.159999999999998
40	37	2	159.92000000000002	40.29
40	38	2	159.99999999999994	69.79
40	39	2	159.90000000000006	99.84
40	40	2	159.69999999999996	130.14000000000001
40	41	2	159.77000000000004	159.85999999999996
40	42	2	159.87999999999997	190.11999999999998
40	43	2	190.19999999999996	10.330000000000005
40	44	2	190.30851063829783	39.436170212765965
40	45	2	190.04999999999993	69.93
40	46	2	190.19	99.83000000000001
40	47	2	190.1199999999999	129.88
40	48	2	189.61616161616163	159.85858585858585
40	49	2	190.03999999999996	189.88000000000008
40	50	1	29.80597014925374	109.05970149253734
40	51	1	81.32338308457719	171.53233830845775
40	52	1	145.44500000000005	183.755
40	53	1	61.949999999999974	138.285
40	54	1	11.0497512437811	117.1691542288557
40	55	1	61.00000000000001	153.76000000000005
40	56	1	88.08999999999999	139.29999999999984
40	57	1	138.685	63.15999999999996
40	58	1	19.97014925373135	104.77114427860695
40	59	1	143.05527638190966	42.31155778894474
40	60	1	89.62686567164184	155.61194029850748
40	61	1	105.31499999999996	178.9250000000001
40	62	1	77.83500000000002	182.67999999999986
40	63	1	141.69	54.22500000000002
40	64	1	139.3980099502488	88.41293532338312
40	65	1	167.77611940298493	112.00995024875623
40	66	1	181.7871287128713	40.76237623762374
40	67	1	16.005000000000006	174.86499999999992
40	68	1	111.09950248756222	63.5323383084578
40	69	1	50.82999999999999	166.66500000000002
40	70	1	2.4849999999999977	19.460000000000004
40	71	1	7.245	29.25500000000001
40	72	1	106.55499999999998	23.229999999999993
40	73	1	116.86069651741303	39.40298507462687
40	74	1	142.62686567164184	161.96517412935322
40	75	1	39.07000000000001	54.794999999999995
40	76	1	55.457711442786085	90.18905472636824
40	77	1	134.18499999999992	149.82000000000008
40	78	1	196.785	170.7800000000001
40	79	1	140.37499999999997	128.76000000000005
40	80	1	26.425	19.51499999999999
40	81	1	38.78000000000001	174.24000000000004
40	82	1	80.4626865671642	157.1890547263681
40	83	1	37.54999999999998	151.3749999999999
40	84	1	116.98009950248758	107.52736318407962
40	85	1	74.16500000000005	145.14500000000004
40	86	1	22.10000000000001	195.26999999999998
40	87	1	130.35999999999996	112.08500000000004
40	88	1	199.47	138.35
40	89	1	101.63184079601986	55.999999999999986
40	90	1	168.77611940298507	121.4825870646766
40	91	1	192.88	54.73499999999999
40	92	1	52.260000000000005	0.5549999999999994
40	93	1	120.05472636815921	148.41791044776124
40	94	1	75.36318407960196	86.87064676616919
40	95	1	184.45273631840791	119.94029850746269
40	96	1	9.402985074626866	146.66666666666657
40	97	1	175.71144278606954	162.50746268656718
40	98	1	107.92537313432838	39.870646766169145
40	99	1	123.8549999999999	54.084999999999994
50	1	2	10.141414141414144	9.616161616161618
50	2	2	10.270833333333334	40.270833333333314
50	3	2	9.81	70.12000000000003
50	4	2	10.000000000000004	100
50	5	2	10.141414141414144	129.85858585858588
50	6	2	10.383838383838384	160.14141414141415
50	7	2	9.828282828282825	189.85858585858585
50	8	2	40.12000000000002	10.12
50	9	2	40.12000000000002	39.88
50	10	2	40.02000000000001	69.71999999999996
50	11	2	40.14141414141414	99.85858585858581
50	12	2	40.12000000000002	129.88
50	13	2	40.126315789473686	160.6105263157894
50	14	2	39.92999999999998	189.99999999999991
50	15	2	70.12	10.12
50	16	2	70.19999999999996	39.94999999999999
50	17	2	70.04	69.87999999999995
50	18	2	70.07000000000002	100.18
50	19	2	69.88000000000001	129.88
50	20	2	70.26086956521739	160.50000000000006
50	21	2	69.8494623655914	190.15053763440852
50	22	2	100.3838383838384	9.85858585858586
50	23	2	99.38947368421054	39.87368421052632
50	24	2	99.87368421052632	70.61052631578951
50	25	2	100.06	100.14000000000003
50	26	2	100.11999999999999	129.87000000000003
50	27	2	100.12	160.11999999999992
50	28	2	99.85858585858585	190.3838383838383
50	29	2	129.87999999999997	10.12
50	30	2	129.87999999999997	40.120000000000005
50	31	2	129.61616161616163	70.14141414141416
50	32	2	130.1414141414141	99.61616161616158
50	33	2	129.49999999999997	129.99999999999991
50	34	2	129.84946236559145	160.15053763440852
50	35	2	130.12	190.11999999999992
50	36	2	159.73000000000005	10.159999999999998
50	37	2	159.92000000000002	40.29
50	38	2	159.99999999999994	69.79
50	39	2	159.90000000000006	99.84
50	40	2	159.69999999999996	130.14000000000001
50	41	2	159.77000000000004	159.85999999999996
50	42	2	159.87999999999997	190.11999999999998
50	43	2	190.19999999999996	10.330000000000005
50	44	2	190.30851063829783	39.436170212765965
50	45	2	190.04999999999993	69.93
50	46	2	190.19	99.83000000000001
50	47	2	190.1199999999999	129.88
50	48	2	189.61616161616163	159.85858585858585
50	49	2	190.03999999999996	189.88000000000008
50	50	1	30.105000000000008	108.945
50	51	1	80.84577114427866	171.77114427860712
50	52	1	145.6865671641792	183.29353233830844
50	53	1	61.365000000000016	138.59500000000003
50	54	1	11.80597014925374	117.42288557213935
50	55	1	60.46500000000002	153.92500000000013
50	56	1	87.78	139.10999999999996
50	57	1	138.56999999999988	63.57500000000003
50	58	1	19.974999999999987	104.755
50	59	1	143.44500000000008	42.39000000000001
50	60	1	89.76884422110554	155.69849246231144
50	61	1	106.33500000000001	177.99499999999992
50	62	1	78.66000000000001	182.84999999999994
50	63	1	141.6069651741293	54.223880597014926
50	64	1	138.27500000000012	88.36999999999998
50	65	1	167.9698492462312	111.89447236180901
50	66	1	181.72000000000006	40.78500000000001
50	67	1	15.79899497487437	175.01005025125625
50	68	1	111.49751243781085	63.12935323383087
50	69	1	51.20000000000003	167.01000000000002
50	70	1	2.559999999999998	19.484999999999996
50	71	1	6.680000000000001	29.034999999999993
50	72	1	106.37500000000001	23.000000000000007
50	73	1	117.06499999999997	39.599999999999994
50	74	1	143.04477611940294	161.7164179104478
50	75	1	39.05499999999998	55.165000000000006
50	76	1	54.780000000000015	90.26000000000002
50	77	1	133.80999999999997	150.0150000000001
50	78	1	197.715	170.935
50	79	1	140.575	127.98499999999996
50	80	1	26.23000000000001	18.83
50	81	1	38.706467661691555	175.37313432835805
50	82	1	80.14500000000001	157.29500000000007
50	83	1	38.11500000000001	150.7
50	84	1	116.76	106.86000000000007
50	85	1	73.97512437810944	145.11442786069645
50	86	1	22.495	194.72499999999994
50	87	1	130.0301507537688	112.19597989949749
50	88	1	199.52	139.19500000000005
50	89	1	102.22999999999998	55.71500000000002
50	90	1	168.79104477611943	121.52736318407962
50	91	1	192.225	54.425000000000026
50	92	1	53.309999999999995	199.96
50	93	1	119.41499999999998	149.02500000000006
50	94	1	75.27860696517405	87.83084577114428
50	95	1	184.57000000000008	119.71
50	96	1	10.840796019900493	146.323383084577
50	97	1	175.77611940298502	163.61194029850742
50	98	1	108.01005025125629	39.53768844221104
50	99	1	124.17000000000004	53.88499999999999
60	1	2	10.141414141414144	9.616161616161618
60	2	2	10.270833333333334	40.270833333333314
60	3	2	9.81	70.12000000000003
60	4	2	10.000000000000004	100
60	5	2	10.141414141414144	129.85858585858588
60	6	2	10.383838383838384	160.14141414141415
60	7	2	9.879999999999997	189.88
60	8	2	40.12000000000002	10.12
60	9	2	40.12000000000002	39.88
60	10	2	40.02000000000001	69.71999999999996
60	11	2	40.14141414141414	99.85858585858581
60	12	2	40.12000000000002	129.88
60	13	2	40.126315789473686	160.6105263157894
60	14	2	39.92999999999998	189.99999999999991
60	15	2	70.12	10.12
60	16	2	70.19999999999996	39.94999999999999
60	17	2	70.04	69.87999999999995
60	18	2	70.07000000000002	100.18
60	19	2	69.88000000000001	129.88
60	20	2	70.26086956521739	160.50000000000006
60	21	2	69.8494623655914	190.15053763440852
60	22	2	100.3838383838384	9.85858585858586
60	23	2	99.38947368421054	39.87368421052632
60	24	2	99.87368421052632	70.61052631578951
60	25	2	100.06	100.14000000000003
60	26	2	100.11999999999999	129.87000000000003
60	27	2	100.12	160.11999999999992
60	28	2	99.85858585858585	190.3838383838383
60	29	2	129.87999999999997	10.12
60	30	2	129.87999999999997	40.120000000000005
60	31	2	129.61616161616163	70.14141414141416
60	32	2	130.1414141414141	99.61616161616158
60	33	2	129.49999999999997	129.99999999999991
60	34	2	129.84946236559145	160.15053763440852
60	35	2	130.12	190.11999999999992
60	36	2	159.73000000000005	10.159999999999998
60	37	2	159.92000000000002	40.29
60	38	2	159.99999999999994	69.79
60	39	2	159.90000000000006	99.84
60	40	2	159.69999999999996	130.14000000000001
60	41	2	159.77000000000004	159.85999999999996
60	42	2	159.87999999999997	190.11999999999998
60	43	2	190.19999999999996	10.330000000000005
60	44	2	190.30851063829783	39.436170212765965
60	45	2	190.04999999999993	69.93
60	46	2	190.19	99.83000000000001
60	47	2	190.1199999999999	129.88
60	48	2	189.61616161616163	159.85858585858585
60	49	2	190.03999999999996	189.88000000000008
60	50	1	30.000000000000004	109.19499999999998
60	51	1	80.33000000000001	171.89000000000016
60	52	1	145.88999999999996	182.555
60	53	1	60.42786069651742	138.59701492537317
60	54	1	12.455	117.67999999999999
60	55	1	59.584999999999994	153.5799999999999
60	56	1	87.5799999999999	138.76500000000001
60	57	1	138.7100000000001	64.18999999999998
60	58	1	19.830000000000013	104.68
60	59	1	144.355	41.644999999999996
60	60	1	89.39195979899502	155.5527638190954
60	61	1	107.72636815920401	177.26865671641787
60	62	1	79.2814070351759	182.67839195979892
60	63	1	141.56499999999994	54.15499999999998
60	64	1	136.57999999999996	88.46
60	65	1	167.91000000000003	111.935
60	66	1	181.54271356783914	40.38693467336682
60	67	1	15.920000000000007	175.00499999999994
60	68	1	111.91542288557216	63.13432835820897
60	69	1	51.30000000000002	167.54499999999993
60	70	1	2.325	19.69
60	71	1	6.47	29.09
60	72	1	106.34328358208957	22.815920398009954
60	73	1	117.28140703517585	39.66331658291455
60	74	1	143.57500000000005	162.02499999999998
60	75	1	39.195	55.68
60	76	1	54.16499999999999	90.53500000000003
60	77	1	133.47474747474743	150.13636363636357
60	78	1	197.8407960199005	171.1641791044777
60	79	1	140.86567164179112	127.01492537313425
60	80	1	26.150000000000006	18.080000000000005
60	81	1	37.95979899497488	176.19095477386932
60	82	1	79.76999999999998	157.33
60	83	1	38.654999999999994	149.23500000000007
60	84	1	116.58000000000003	105.92999999999998
60	85	1	73.44999999999999	145.28500000000008
60	86	1	22.29	194.60999999999993
60	87	1	129.69651741293532	112.25373134328359
60	88	1	199.76381909547737	140.02010050251255
60	89	1	102.765	55.53000000000002
60	90	1	169.0552763819096	121.68844221105533
60	91	1	191.4179104477612	54.17412935323387
60	92	1	53.830000000000034	199.185
60	93	1	118.64500000000001	148.96000000000006
60	94	1	75.84499999999997	88.33500000000001
60	95	1	184.87500000000003	119.7100000000001
60	96	1	12.279999999999996	145.995
60	97	1	175.50999999999996	164.22499999999994
60	98	1	108.12935323383084	39.45771144278607
60	99	1	124.44499999999998	53.495000000000005
70	1	2	10.141414141414144	9.616161616161618
70	2	2	10.270833333333334	40.270833333333314
70	3	2	9.81	70.12000000000003
70	4	2	10.000000000000004	100
70	5	2	10.141414141414144	129.85858585858588
70	6	2	10.383838383838384	160.14141414141415
70	7	2	9.879999999999997	189.88
70	8	2	40.12000000000002	10.12
70	9	2	40.12000000000002	39.88
70	10	2	40.02000000000001	69.71999999999996
70	11	2	40.14141414141414	99.85858585858581
70	12	2	40.12000000000002	129.88
70	13	2	40.126315789473686	160.6105263157894
70	14	2	39.92999999999998	189.99999999999991
70	15	2	70.12	10.12
70	16	2	70.19999999999996	39.94999999999999
70	17	2	70.04	69.87999999999995
70	18	2	70.07000000000002	100.18
70	19	2	69.88000000000001	129.88
70	20	2	70.26086956521739	160.50000000000006
70	21	2	69.8494623655914	190.15053763440852
70	22	2	100.3838383838384	9.85858585858586
70	23	2	99.38947368421054	39.87368421052632
70	24	2	99.87368421052632	70.61052631578951
70	25	2	100.06	100.14000000000003
70	26	2	100.11999999999999	129.87000000000003
70	27	2	100.12	160.11999999999992
70	28	2	99.85858585858585	190.3838383838383
70	29	2	129.87999999999997	10.12
70	30	2	129.87999999999997	40.120000000000005
70	31	2	129.61616161616163	70.14141414141416
70	32	2	130.1414141414141	99.61616161616158
70	33	2	129.49999999999997	129.99999999999991
70	34	2	129.84946236559145	160.15053763440852
70	35	2	130.12	190.11999999999992
70	36	2	159.73000000000005	10.159999999999998
70	37	2	159.92000000000002	40.29
70	38	2	159.99999999999994	69.79
70	39	2	159.90000000000006	99.84
70	40	2	159.69999999999996	130.14000000000001
70	41	2	159.77000000000004	159.85999999999996
70	42	2	159.87999999999997	190.11999999999998
70	43	2	190.19999999999996	10.330000000000005
70	44	2	190.30851063829783	39.436170212765965
70	45	2	190.04999999999993	69.93
70	46	2	190.19	99.83000000000001
70	47	2	190.1199999999999	129.88
70	48	2	189.61616161616163	159.85858585858585
70	49	2	190.03999999999996	189.88000000000008
70	50	1	30.290000000000006	110.25000000000003
70	51	1	79.38999999999997	172.09500000000003
70	52	1	146.1940298507462	181.85572139303486
70	53	1	59.49000000000002	138.82000000000008
70	54	1	13.374999999999996	117.78
70	55	1	58.35323383084576	153.01492537313433
70	56	1	87.54499999999994	138.6699999999999
70	57	1	139.0502512562814	64.71859296482408
70	58	1	19.675	104.33999999999999
70	59	1	145.66999999999996	41.04999999999999
70	60	1	89.43500000000002	155.67999999999998
70	61	1	109.0796019900498	176.57213930348246
70	62	1	80.45500000000007	182.5899999999998
70	63	1	141.87500000000003	53.85
70	64	1	135.1741293532339	88.33830845771153
70	65	1	167.77386934673368	111.92964824120601
70	66	1	181.40201005025128	40.18090452261305
70	67	1	15.969999999999999	174.89999999999998
70	68	1	112.87000000000005	63.01499999999997
70	69	1	51.100000000000016	167.235
70	70	1	1.9550000000000012	19.814999999999998
70	71	1	6.24	28.815
70	72	1	106.70149253731346	22.537313432835823
70	73	1	117.57499999999996	39.70000000000003
70	74	1	144.44999999999996	162.09500000000006
70	75	1	39.515	56.330000000000005
70	76	1	53.38000000000001	91.26499999999996
70	77	1	132.8499999999999	149.63000000000005
70	78	1	198.075	171.17000000000004
70	79	1	141.19900497512435	125.80099502487566
70	80	1	25.94000000000002	17.30000000000001
70	81	1	36.805	176.75999999999996
70	82	1	79.86500000000001	156.9799999999999
70	83	1	39.97499999999999	149.0300000000001
70	84	1	116.11055276381911	105.21608040201004
70	85	1	73.08040201005025	145.47738693467332
70	86	1	22.349999999999994	194.35500000000002
70	87	1	128.64999999999998	112.28
70	88	1	1.1449999999999991	141.60000000000005
70	89	1	103.39499999999998	55.385
70	90	1	169.21999999999989	121.98999999999998
70	91	1	190.7	54.09499999999997
70	92	1	54.10050251256283	198.31658291457288
70	93	1	118.30499999999996	147.95499999999987
70	94	1	75.965	88.73000000000008
70	95	1	184.83	119.39000000000003
70	96	1	14.649999999999993	146.36499999999995
70	97	1	175.505	164.785
70	98	1	108.15577889447236	39.502512562814054
70	99	1	124.89447236180906	53.60804020100501
80	1	2	10.141414141414144	9.616161616161618
80	2	2	10.270833333333334	40.270833333333314
80	3	2	9.81	70.12000000000003
80	4	2	10.000000000000004	100
80	5	2	10.141414141414144	129.85858585858588
80	6	2	10.383838383838384	160.14141414141415
80	7	2	9.879999999999997	189.88
80	8	2	40.12000000000002	10.12
80	9	2	40.12000000000002	39.88
80	10	2	40.02000000000001	69.71999999999996
80	11	2	40.14141414141414	99.85858585858581
80	12	2	40.12000000000002	129.88
80	13	2	40.126315789473686	160.6105263157894
80	14	2	39.92999999999998	189.99999999999991
80	15	2	70.12	10.12
80	16	2	70.19999999999996	39.94999999999999
80	17	2	70.04	69.87999999999995
80	18	2	70.07000000000002	100.18
80	19	2	69.88000000000001	129.88
80	20	2	70.26086956521739	160.50000000000006
80	21	2	69.8494623655914	190.15053763440852
80	22	2	100.3838383838384	9.85858585858586
80	23	2	99.38947368421054	39.87368421052632
80	24	2	99.87368421052632	70.61052631578951
80	25	2	100.06	100.14000000000003
80	26	2	100.11999999999999	129.87000000000003
80	27	2	100.12	160.11999999999992
80	28	2	99.85858585858585	190.3838383838383
80	29	2	129.87999999999997	10.12
80	30	2	129.87999999999997	40.120000000000005
80	31	2	129.61616161616163	70.14141414141416
80	32	2	130.1414141414141	99.61616161616158
80	33	2	129.49999999999997	129.99999999999991
80	34	2	129.84946236559145	160.15053763440852
80	35	2	130.12	190.11999999999992
80	36	2	159.73000000000005	10.159999999999998
80	37	2	159.92000000000002	40.29
80	38	2	159.99999999999994	69.79
80	39	2	159.90000000000006	99.84
80	40	2	159.69999999999996	130.14000000000001
80	41	2	159.77000000000004	159.85999999999996
80	42	2	159.87999999999997	190.11999999999998
80	43	2	190.19999999999996	10.330000000000005
80	44	2	190.30851063829783	39.436170212765965
80	45	2	190.04999999999993	69.93
80	46	2	190.19	99.83000000000001
80	47	2	190.1199999999999	129.88
80	48	2	189.61616161616163	159.85858585858585
80	49	2	190.03999999999996	189.88000000000008
80	50	1	30.970000000000002	111.39500000000001
80	51	1	78.63681592039799	172.12437810945275
80	52	1	146.515	180.87
80	53	1	58.97014925373133	139.02985074626852
80	54	1	14.670000000000002	117.63500000000002
80	55	1	57.055	152.46999999999997
80	56	1	87.43283582089549	137.63681592039788
80	57	1	139.46	65.74500000000003
80	58	1	19.874999999999993	104.19
80	59	1	146.74000000000004	39.98000000000001
80	60	1	89.30845771144283	155.4776119402985
80	61	1	110.3532338308458	175.24378109452735
80	62	1	81.93000000000002	182.295
80	63	1	142.18090452261305	53.41708542713567
80	64	1	133.23999999999992	88.21499999999999
80	65	1	167.95999999999992	112.06000000000002
80	66	1	181.10500000000002	40.36999999999998
80	67	1	16.321608040201003	174.71859296482418
80	68	1	114.51741293532339	62.88059701492538
80	69	1	51.325	166.96999999999997
80	70	1	1.0449999999999995	20.199999999999996
80	71	1	6.109999999999999	28.775000000000006
80	72	1	107.03517587939699	22.185929648241213
80	73	1	117.66499999999998	39.92500000000001
80	74	1	144.75000000000006	162.53999999999996
80	75	1	39.43283582089551	56.557213930348276
80	76	1	52.73366834170854	91.54271356783919
80	77	1	132.03499999999988	149.255
80	78	1	198.79396984924622	171.05527638190947
80	79	1	141.23500000000004	124.69499999999998
80	80	1	25.44278606965175	15.567164179104477
80	81	1	34.92537313432837	177.11442786069642
80	82	1	80.03980099502483	156.37810945273634
80	83	1	40.545	148.27999999999997
80	84	1	115.60500000000003	104.99999999999997
80	85	1	72.76381909547737	145.92964824120597
80	86	1	22.640000000000015	194.12999999999994
80	87	1	128.055	112.27
80	88	1	2.363184079601989	142.7562189054725
80	89	1	103.6268656716418	55.12935323383084
80	90	1	169.32000000000002	122.20000000000002
80	91	1	189.595	54.325000000000024
80	92	1	54.73869346733669	197.4824120603015
80	93	1	117.76999999999994	146.99999999999991
80	94	1	76.57213930348256	89.35323383084578
80	95	1	184.77999999999994	119.39000000000003
80	96	1	16.82673267326733	146.59900990099018
80	97	1	175.6884422110553	165.2613065326633
80	98	1	108.10000000000007	39.44
80	99	1	125.70499999999998	53.389999999999986
90	1	2	10.141414141414144	9.616161616161618
90	2	2	10.270833333333334	40.270833333333314
90	3	2	9.81	70.12000000000003
90	4	2	10.000000000000004	100
90	5	2	10.141414141414144	129.85858585858588
90	6	2	10.383838383838384	160.14141414141415
90	7	2	9.879999999999997	189.88
90	8	2	40.12000000000002	10.12
90	9	2	40.12000000000002	39.88
90	10	2	40.02000000000001	69.71999999999996
90	11	2	40.14141414141414	99.85858585858581
90	12	2	40.12000000000002	129.88
90	13	2	40.126315789473686	160.6105263157894
90	14	2	39.92999999999998	189.99999999999991
90	15	2	70.12	10.12
90	16	2	70.19999999999996	39.94999999999999
90	17	2	70.04	69.87999999999995
90	18	2	70.07000000000002	100.18
90	19	2	69.88000000000001	129.88
90	20	2	70.26086956521739	160.50000000000006
90	21	2	69.8494623655914	190.15053763440852
90	22	2	100.3838383838384	9.85858585858586
90	23	2	99.38947368421054	39.87368421052632
90	24	2	99.87368421052632	70.61052631578951
90	25	2	100.06	100.14000000000003
90	26	2	100.11999999999999	129.87000000000003
90	27	2	100.12	160.11999999999992
90	28	2	99.85858585858585	190.3838383838383
90	29	2	129.87999999999997	10.12
90	30	2	129.87999999999997	40.120000000000005
90	31	2	129.61616161616163	70.14141414141416
90	32	2	130.1414141414141	99.61616161616158
90	33	2	129.49999999999997	129.99999999999991
90	34	2	129.84946236559145	160.15053763440852
90	35	2	130.12	190.11999999999992
90	36	2	159.73000000000005	10.159999999999998
90	37	2	159.92000000000002	40.29
90	38	2	159.99999999999994	69.79
90	39	2	159.90000000000006	99.84
90	40	2	159.69999999999996	130.14000000000001
90	41	2	159.77000000000004	159.85999999999996
90	42	2	159.87999999999997	190.11999999999998
90	43	2	190.19999999999996	10.330000000000005
90	44	2	190.30851063829783	39.436170212765965
90	45	2	190.04999999999993	69.93
90	46	2	190.19	99.83000000000001
90	47	2	190.1199999999999	129.88
90	48	2	189.61616161616163	159.85858585858585
90	49	2	190.03999999999996	189.88000000000008
90	50	1	31.394999999999982	112.395
90	51	1	77.84999999999998	172.55500000000004
90	52	1	147.12060301507537	179.13065326633162
90	53	1	57.92039800995025	138.63681592039794
90	54	1	15.389999999999992	117.59999999999998
90	55	1	56.01990049751244	152.14427860696523
90	56	1	87.81000000000003	137.02499999999995
90	57	1	139.86000000000004	66.445
90	58	1	20.06532663316583	104.22613065326632
90	59	1	147.96500000000003	38.40499999999999
90	60	1	89.38693467336681	155.6030150753769
90	61	1	111.97000000000003	174.785
90	62	1	83.42999999999999	182.12000000000003
90	63	1	142.4422110552764	52.63819095477385
90	64	1	132.2562814070352	87.8793969849246
90	65	1	168.04000000000005	112.195
90	66	1	181.06030150753784	40.39698492462312
90	67	1	16.345000000000002	174.52000000000015
90	68	1	115.93532338308458	62.65174129353235
90	69	1	51.255000000000024	166.95500000000004
90	70	1	0.5427135678391957	20.3467336683417
90	71	1	5.695000000000002	28.764999999999997
90	72	1	107.88000000000004	21.519999999999985
90	73	1	117.72500000000004	40.10500000000001
90	74	1	145.1840796019901	163.12437810945278
90	75	1	39.43000000000001	56.85499999999999
90	76	1	52.11557788944723	91.88442211055273
90	77	1	131.615	148.93999999999997
90	78	1	199.42	171.48500000000007
90	79	1	140.83999999999986	122.74999999999989
90	80	1	25.12	14.029999999999998
90	81	1	33.435	176.96000000000004
90	82	1	80.14070351758792	156.03015075376882
90	83	1	41.74371859296483	147.14070351758798
90	84	1	115.16417910447758	104.46268656716417
90	85	1	72.75	146.12999999999988
90	86	1	22.65	193.835
90	87	1	126.05472636815924	112.16417910447761
90	88	1	3.950000000000002	144.19
90	89	1	103.97500000000001	55.24000000000002
90	90	1	169.63499999999993	122.51499999999997
90	91	1	188.25500000000008	54.38499999999999
90	92	1	55.640000000000015	196.23
90	93	1	117.46999999999998	145.7300000000001
90	94	1	77.32000000000006	89.71499999999999
90	95	1	184.4449999999999	119.18999999999991
90	96	1	19.165000000000013	146.84500000000006
90	97	1	175.83500000000004	165.65499999999994
90	98	1	108.17000000000004	39.30499999999997
90	99	1	126.58291457286442	53.46733668341705
100	1	2	10.141414141414144	9.616161616161618
100	2	2	10.270833333333334	40.270833333333314
100	3	2	9.81	70.12000000000003
100	4	2	10.000000000000004	100
100	5	2	10.141414141414144	129.85858585858588
100	6	2	10.383838383838384	160.14141414141415
100	7	2	9.879999999999997	189.88
100	8	2	40.12000000000002	10.12
100	9	2	40.12000000000002	39.88
100	10	2	40.02000000000001	69.71999999999996
100	11	2	40.14141414141414	99.85858585858581
100	12	2	40.12000000000002	129.88
100	13	2	40.126315789473686	160.6105263157894
100	14	2	39.92999999999998	189.99999999999991
100	15	2	70.12	10.12
100	16	2	70.19999999999996	39.94999999999999
100	17	2	70.04	69.87999999999995
100	18	2	70.07000000000002	100.18
100	19	2	69.88000000000001	129.88
100	20	2	70.26086956521739	160.50000000000006
100	21	2	69.8494623655914	190.15053763440852
100	22	2	100.3838383838384	9.85858585858586
100	23	2	99.38947368421054	39.87368421052632
100	24	2	99.87368421052632	70.61052631578951
100	25	2	100.06	100.14000000000003
100	26	2	100.11999999999999	129.87000000000003
100	27	2	100.12	160.11999999999992
100	28	2	99.85858585858585	190.3838383838383
100	29	2	129.87999999999997	10.12
100	30	2	129.87999999999997	40.120000000000005
100	31	2	129.61616161616163	70.14141414141416
100	32	2	130.1414141414141	99.61616161616158
100	33	2	129.49999999999997	129.99999999999991
100	34	2	129.84946236559145	160.15053763440852
100	35	2	130.12	190.11999999999992
100	36	2	159.73000000000005	10.159999999999998
100	37	2	159.92000000000002	40.29
100	38	2	159.99999999999994	69.79
100	39	2	159.90000000000006	99.84
100	40	2	159.69999999999996	130.14000000000001
100	41	2	159.77000000000004	159.85999999999996
100	42	2	159.87999999999997	190.11999999999998
100	43	2	190.19999999999996	10.330000000000005
100	44	2	190.30851063829783	39.436170212765965
100	45	2	190.04999999999993	69.93
100	46	2	190.19	99.83000000000001
100	47	2	190.1199999999999	129.88
100	48	2	189.61616161616163	159.85858585858585
100	49	2	190.03999999999996	189.88000000000008
100	50	1	31.88500000000001	113.89999999999995
100	51	1	77.095	173.60499999999993
100	52	1	147.50746268656724	178.04477611940308
100	53	1	57.830000000000005	138.67999999999998
100	54	1	17.050000000000008	117.48999999999995
100	55	1	55.38000000000001	152.0049999999999
100	56	1	87.71	135.35500000000008
100	57	1	140.08999999999997	67.40500000000004
100	58	1	20.567839195979907	104.40201005025128
100	59	1	149.15000000000003	37.075000000000024
100	60	1	89.20500000000003	155.32000000000002
100	61	1	113.38000000000001	174.08
100	62	1	85.21500000000003	181.51500000000007
100	63	1	142.62499999999994	51.44500000000001
100	64	1	130.8457711442787	87.08955223880601
100	65	1	167.8349999999999	112.41999999999996
100	66	1	181.05500000000012	40.515
100	67	1	16.970000000000017	173.865
100	68	1	117.64999999999999	62.790000000000035
100	69	1	51.18499999999999	166.88999999999993
100	70	1	0.030000000000000547	20.329999999999988
100	71	1	5.5	28.395
100	72	1	108.6381909547739	20.628140703517595
100	73	1	117.87499999999997	40.78000000000003
100	74	1	146.00500000000002	163.22500000000014
100	75	1	39.42999999999999	56.86
100	76	1	51.57999999999999	92.41499999999999
100	77	1	130.745	148.3500000000001
100	78	1	0.4149999999999992	171.54999999999995
100	79	1	140.78999999999996	120.39500000000001
100	80	1	24.769999999999996	12.35
100	81	1	32.26	177.19499999999988
100	82	1	80.165	155.91500000000002
100	83	1	43.019999999999996	145.72500000000005
100	84	1	114.66500000000003	104.11000000000001
100	85	1	72.34170854271353	146.31155778894473
100	86	1	22.74371859296483	193.48743718592968
100	87	1	124.57999999999997	112.26
100	88	1	5.6649999999999965	144.8800000000001
100	89	1	104.58291457286438	55.44221105527639
100	90	1	170.26130653266327	122.85427135678393
100	91	1	187.23500000000004	54.26499999999997
100	92	1	56.504999999999974	195.25
100	93	1	117.36815920398004	144.452736318408
100	94	1	78.78606965174126	90.70149253731343
100	95	1	184.26633165829134	118.46733668341709
100	96	1	20.850746268656707	147.11940298507457
100	97	1	175.9200000000001	165.9599999999999
100	98	1	108.30500000000005	39.069999999999986
100	99	1	127.5323383084578	53.36815920398006
110	1	2	10.141414141414144	9.616161616161618
110	2	2	10.270833333333334	40.270833333333314
110	3	2	9.81	70.12000000000003
110	4	2	10.000000000000004	100
110	5	2	10.141414141414144	129.85858585858588
110	6	2	10.383838383838384	160.14141414141415
110	7	2	9.879999999999997	189.88
110	8	2	40.12000000000002	10.12
110	9	2	40.12000000000002	39.88
110	10	2	40.02000000000001	69.71999999999996
110	11	2	40.14141414141414	99.85858585858581
110	12	2	40.12000000000002	129.88
110	13	2	40.126315789473686	160.6105263157894
110	14	2	39.92999999999998	189.99999999999991
110	15	2	70.12	10.12
110	16	2	70.19999999999996	39.94999999999999
110	17	2	70.04	69.87999999999995
110	18	2	70.07000000000002	100.18
110	19	2	69.88000000000001	129.88
110	20	2	70.26086956521739	160.50000000000006
110	21	2	69.8494623655914	190.15053763440852
110	22	2	100.3838383838384	9.85858585858586
110	23	2	99.38947368421054	39.87368421052632
110	24	2	99.87368421052632	70.61052631578951
110	25	2	100.06	100.14000000000003
110	26	2	100.11999999999999	129.87000000000003
110	27	2	100.12	160.11999999999992
110	28	2	99.85858585858585	190.3838383838383
110	29	2	129.87999999999997	10.12
110	30	2	129.87999999999997	40.120000000000005
110	31	2	129.61616161616163	70.14141414141416
110	32	2	130.1414141414141	99.61616161616158
110	33	2	129.49999999999997	129.99999999999991
110	34	2	129.84946236559145	160.15053763440852
110	35	2	130.12	190.11999999999992
110	36	2	159.73000000000005	10.159999999999998
110	37	2	159.92000000000002	40.29
110	38	2	159.99999999999994	69.79
110	39	2	159.90000000000006	99.84
110	40	2	159.69999999999996	130.14000000000001
110	41	2	159.77000000000004	159.85999999999996
110	42	2	159.87999999999997	190.11999999999998
110	43	2	190.19999999999996	10.330000000000005
110	44	2	190.30851063829783	39.436170212765965
110	45	2	190.04999999999993	69.93
110	46	2	190.19	99.83000000000001
110	47	2	190.1199999999999	129.88
110	48	2	189.61616161616163	159.85858585858585
110	49	2	190.03999999999996	189.88000000000008
110	50	1	33.28000000000001	115.58500000000004
110	51	1	76.84999999999995	174.2100000000001
110	52	1	147.1691542288557	176.7810945273633
110	53	1	57.60999999999999	138.76500000000001
110	54	1	18.940000000000015	117.50000000000001
110	55	1	55.11	152.30999999999997
110	56	1	87.53500000000003	133.92500000000007
110	57	1	140.3517587939698	68.28643216080401
110	58	1	21.38805970149253	104.86567164179101
110	59	1	149.55000000000007	35.615
110	60	1	89.15577889447235	154.91959798994972
110	61	1	114.39303482587069	172.95522388059706
110	62	1	86.25870646766175	180.77114427860698
110	63	1	142.4249999999999	49.45000000000002
110	64	1	129.5771144278608	86.23880597014927
110	65	1	168.13	112.35499999999995
110	66	1	180.86500000000012	40.47499999999997
110	67	1	17.48999999999999	173.1649999999999
110	68	1	119.32178217821786	62.732673267326746
110	69	1	50.88999999999999	167.2300000000001
110	70	1	198.88	20.48999999999999
110	71	1	5.035	28.124999999999996
110	72	1	110.01990049751244	19.44776119402984
110	73	1	117.91999999999999	41.02000000000003
110	74	1	146.87437185929647	163.67839195979894
110	75	1	39.78499999999999	57.07500000000003
110	76	1	51.485	93.46999999999998
110	77	1	130.00000000000006	147.68999999999997
110	78	1	2.2099999999999977	171.4350000000001
110	79	1	140.99004975124396	117.75124378109453
110	80	1	24.31999999999999	11.619999999999997
110	81	1	31.354999999999997	177.13000000000008
110	82	1	80.18090452261309	155.64321608040206
110	83	1	43.85499999999998	144.21999999999997
110	84	1	113.91044776119405	103.95522388059707
110	85	1	72.255	146.21500000000006
110	86	1	22.804999999999993	193.57499999999996
110	87	1	122.91044776119402	112.38308457711447
110	88	1	7.6800000000000015	145.47000000000003
110	89	1	105.58499999999998	55.57499999999999
110	90	1	170.69500000000002	123.10000000000002
110	91	1	186.02010050251258	54.216080402010064
110	92	1	56.985074626865654	193.91044776119404
110	93	1	116.83500000000004	143.18500000000003
110	94	1	79.73499999999997	90.76499999999997
110	95	1	183.90452261306535	117.61306532663315
110	96	1	22.203980099502488	147.15422885572144
110	97	1	175.91959798994978	166.60804020100502
110	98	1	108.39000000000001	38.690000000000005
110	99	1	128.6417910447761	53.74626865671643
120	1	2	10.141414141414144	9.616161616161618
120	2	2	10.270833333333334	40.270833333333314
120	3	2	9.81	70.12000000000003
120	4	2	10.000000000000004	100
120	5	2	10.141414141414144	129.85858585858588
120	6	2	10.383838383838384	160.14141414141415
120	7	2	9.879999999999997	189.88
120	8	2	40.12000000000002	10.12
120	9	2	40.12000000000002	39.88
120	10	2	40.02000000000001	69.71999999999996
120	11	2	40.14141414141414	99.85858585858581
120	12	2	40.12000000000002	129.88
120	13	2	40.126315789473686	160.6105263157894
120	14	2	39.92999999999998	189.99999999999991
120	15	2	70.12	10.12
120	16	2	70.19999999999996	39.94999999999999
120	17	2	70.04	69.87999999999995
120	18	2	70.07000000000002	100.18
120	19	2	69.88000000000001	129.88
120	20	2	70.26086956521739	160.50000000000006
120	21	2	69.8494623655914	190.15053763440852
120	22	2	100.3838383838384	9.85858585858586
120	23	2	99.38947368421054	39.87368421052632
120	24	2	99.87368421052632	70.61052631578951
120	25	2	100.06	100.14000000000003
120	26	2	100.11999999999999	129.87000000000003
120	27	2	100.12	160.11999999999992
120	28	2	99.85858585858585	190.3838383838383
120	29	2	129.87999999999997	10.12
120	30	2	129.87999999999997	40.120000000000005
120	31	2	129.61616161616163	70.14141414141416
120	32	2	130.1414141414141	99.61616161616158
120	33	2	129.49999999999997	129.99999999999991
120	34	2	129.84946236559145	160.15053763440852
120	35	2	130.12	190.11999999999992
120	36	2	159.73000000000005	10.159999999999998
120	37	2	159.92000000000002	40.29
120	38	2	159.99999999999994	69.79
120	39	2	159.90000000000006	99.84
120	40	2	159.69999999999996	130.14000000000001
120	41	2	159.77000000000004	159.85999999999996
120	42	2	159.87999999999997	190.11999999999998
120	43	2	190.19999999999996	10.330000000000005
120	44	2	190.30851063829783	39.436170212765965
120	45	2	190.04999999999993	69.93
120	46	2	190.19	99.83000000000001
120	47	2	190.1199999999999	129.88
120	48	2	189.61616161616163	159.85858585858585
120	49	2	190.03999999999996	189.88000000000008
120	50	1	34.21105527638191	116.84924623115579
120	51	1	76.44221105527642	174.77889447236197
120	52	1	146.39000000000019	176.25500000000008
120	53	1	57.57286432160803	138.55276381909553
120	54	1	20.25125628140703	117.42713567839196
120	55	1	54.855000000000025	152.90000000000006
120	56	1	87.2587064676617	132.2835820895523
120	57	1	140.54271356783934	68.99497487437186
120	58	1	22.584999999999997	105.16
120	59	1	150.14427860696512	34.69651741293532
120	60	1	89.06000000000002	154.01000000000002
120	61	1	115.37499999999999	172.145
120	62	1	86.83500000000001	179.99000000000007
120	63	1	142.39	47.52999999999999
120	64	1	127.76500000000001	85.18999999999998
120	65	1	168.60500000000002	112.69499999999995
120	66	1	180.77889447236183	40.38693467336684
120	67	1	17.895522388059707	172.69651741293532
120	68	1	120.30845771144281	62.27363184079604
120	69	1	50.70999999999999	167.31500000000003
120	70	1	198.495	20.43
120	71	1	3.979999999999998	28.05499999999999
120	72	1	111.52999999999999	18.75500000000001
120	73	1	117.92500000000001	41.07999999999998
120	74	1	147.505	164.40999999999988
120	75	1	39.824120603015075	57.14572864321609
120	76	1	51.57788944723618	94.04522613065326
120	77	1	129.305	147.23999999999998
120	78	1	3.945000000000001	171.34999999999994
120	79	1	141.305	116.09500000000004
120	80	1	23.92964824120604	10.788944723618096
120	81	1	30.67000000000001	177.2700000000001
120	82	1	80.38000000000005	155.28000000000003
120	83	1	44.60199004975125	143.17910447761193
120	84	1	113.63500000000009	103.63499999999999
120	85	1	72.22388059701501	145.84577114427864
120	86	1	22.999999999999993	193.46
120	87	1	121.16500000000002	112.61500000000005
120	88	1	9.950248756218906	146.07462686567166
120	89	1	106.22999999999995	56.03500000000001
120	90	1	171.58291457286435	123.36683417085422
120	91	1	184.53731343283587	54.17910447761193
120	92	1	57.90500000000003	192.22500000000016
120	93	1	116.68999999999997	142.505
120	94	1	81.42499999999998	92.04000000000006
120	95	1	183.8	116.42500000000001
120	96	1	23.664999999999996	147.16999999999996
120	97	1	175.88442211055292	166.55276381909553
120	98	1	108.58793969849242	38.090452261306524
120	99	1	129.56218905472636	53.7512437810945
130	1	2	10.141414141414144	9.616161616161618
130	2	2	10.270833333333334	40.270833333333314
130	3	2	9.81	70.12000000000003
130	4	2	10.000000000000004	100
130	5	2	10.141414141414144	129.85858585858588
130	6	2	10.383838383838384	160.14141414141415
130	7	2	9.879999999999997	189.88
130	8	2	40.12000000000002	10.12
130	9	2	40.12000000000002	39.88
130	10	2	40.02000000000001	69.71999999999996
130	11	2	40.14141414141414	99.85858585858581
130	12	2	40.12000000000002	129.88
130	13	2	40.126315789473686	160.6105263157894
130	14	2	39.92999999999998	189.99999999999991
130	15	2	70.12	10.12
130	16	2	70.19999999999996	39.94999999999999
130	17	2	70.04	69.87999999999995
130	18	2	70.07000000000002	100.18
130	19	2	69.88000000000001	129.88
130	20	2	70.26086956521739	160.50000000000006
130	21	2	69.8494623655914	190.15053763440852
130	22	2	100.3838383838384	9.85858585858586
130	23	2	99.38947368421054	39.87368421052632
130	24	2	99.87368421052632	70.61052631578951
130	25	2	100.06	100.14000000000003
130	26	2	100.11999999999999	129.87000000000003
130	27	2	100.12	160.11999999999992
130	28	2	99.85858585858585	190.3838383838383
130	29	2	129.87999999999997	10.12
130	30	2	129.87999999999997	40.120000000000005
130	31	2	129.61616161616163	70.14141414141416
130	32	2	130.1414141414141	99.61616161616158
130	33	2	129.49999999999997	129.99999999999991
130	34	2	129.84946236559145	160.15053763440852
130	35	2	130.12	190.11999999999992
130	36	2	159.73000000000005	10.159999999999998
130	37	2	159.92000000000002	40.29
130	38	2	159.99999999999994	69.79
130	39	2	159.90000000000006	99.84
130	40	2	159.69999999999996	130.14000000000001
130	41	2	159.77000000000004	159.85999999999996
130	42	2	159.87999999999997	190.11999999999998
130	43	2	190.19999999999996	10.330000000000005
130	44	2	190.30851063829783	39.436170212765965
130	45	2	190.04999999999993	69.93
130	46	2	190.19	99.83000000000001
130	47	2	190.1199999999999	129.88
130	48	2	189.61616161616163	159.85858585858585
130	49	2	190.03999999999996	189.88000000000008
130	50	1	34.60000000000002	117.95000000000002
130	51	1	76.11500000000004	175.45500000000007
130	52	1	145.60696517412939	175.3233830845771
130	53	1	57.733668341708544	138.66331658291452
130	54	1	20.954999999999995	117.60999999999999
130	55	1	54.34848484848485	153.58080808080814
130	56	1	86.98500000000001	131.13999999999996
130	57	1	140.38499999999996	68.68500000000004
130	58	1	24.38308457711441	105.45273631840799
130	59	1	150.76999999999992	33.670000000000016
130	60	1	88.92537313432835	153.00995024875627
130	61	1	116.60696517412937	170.98507462686564
130	62	1	87.81683168316833	178.89108910891085
130	63	1	142.71	46.09500000000001
130	64	1	126.5771144278607	84.21393034825873
130	65	1	168.155	112.87499999999994
130	66	1	180.63819095477396	40.58291457286432
130	67	1	18.449999999999992	171.99500000000012
130	68	1	120.8308457711443	61.68656716417911
130	69	1	50.510000000000005	167.31
130	70	1	198.25628140703517	20.26130653266331
130	71	1	3.395000000000003	27.895000000000014
130	72	1	112.61691542288555	18.154228855721403
130	73	1	117.93969849246233	41.497487437185946
130	74	1	148.14999999999998	164.49500000000003
130	75	1	39.50999999999999	57.124999999999986
130	76	1	51.54	94.99499999999996
130	77	1	129.21	147.46499999999997
130	78	1	5.3	171.915
130	79	1	141.65000000000003	114.73999999999998
130	80	1	23.572139303482587	10.024875621890546
130	81	1	30.109999999999992	177.47499999999997
130	82	1	80.54499999999997	155.50499999999994
130	83	1	45.597014925373124	142.29353233830835
130	84	1	113.64500000000002	103.44000000000001
130	85	1	72.23383084577118	145.95024875621888
130	86	1	22.830000000000016	193.34000000000003
130	87	1	119.1641791044776	113.74129353233832
130	88	1	11.681592039801	146.6218905472637
130	89	1	107.05000000000005	56.705000000000005
130	90	1	172.77000000000007	124.05499999999998
130	91	1	183.46	53.995000000000005
130	92	1	58.265000000000015	191.43
130	93	1	116.74129353233833	140.70646766169168
130	94	1	83.35500000000005	92.99500000000002
130	95	1	183.32500000000005	115.4
130	96	1	24.537688442211063	146.89949748743734
130	97	1	175.7611940298508	166.8457711442786
130	98	1	109.07000000000001	37.279999999999994
130	99	1	130.95500000000004	53.85999999999999
140	1	2	10.141414141414144	9.616161616161618
140	2	2	10.270833333333334	40.270833333333314
140	3	2	9.81	70.12000000000003
140	4	2	10.000000000000004	100
140	5	2	10.141414141414144	129.85858585858588
140	6	2	10.383838383838384	160.14141414141415
140	7	2	9.879999999999997	189.88
140	8	2	40.12000000000002	10.12
140	9	2	40.12000000000002	39.88
140	10	2	40.02000000000001	69.71999999999996
140	11	2	40.14141414141414	99.85858585858581
140	12	2	40.12000000000002	129.88
140	13	2	40.126315789473686	160.6105263157894
140	14	2	39.92999999999998	189.99999999999991
140	15	2	70.12	10.12
140	16	2	70.19999999999996	39.94999999999999
140	17	2	70.04	69.87999999999995
140	18	2	70.07000000000002	100.18
140	19	2	69.88000000000001	129.88
140	20	2	70.26086956521739	160.50000000000006
140	21	2	69.8494623655914	190.15053763440852
140	22	2	100.3838383838384	9.85858585858586
140	23	2	99.38947368421054	39.87368421052632
140	24	2	99.87368421052632	70.61052631578951
140	25	2	100.06	100.14000000000003
140	26	2	100.11999999999999	129.87000000000003
140	27	2	100.12	160.11999999999992
140	28	2	99.85858585858585	190.3838383838383
140	29	2	129.87999999999997	10.12
140	30	2	129.87999999999997	40.120000000000005
140	31	2	129.61616161616163	70.14141414141416
140	32	2	130.1414141414141	99.61616161616158
140	33	2	129.49999999999997	129.99999999999991
140	34	2	129.84946236559145	160.15053763440852
140	35	2	130.12	190.11999999999992
140	36	2	159.73000000000005	10.159999999999998
140	37	2	159.92000000000002	40.29
140	38	2	159.99999999999994	69.79
140	39	2	159.90000000000006	99.84
140	40	2	159.69999999999996	130.14000000000001
140	41	2	159.77000000000004	159.85999999999996
140	42	2	159.87999999999997	190.11999999999998
140	43	2	190.19999999999996	10.330000000000005
140	44	2	190.30851063829783	39.436170212765965
140	45	2	190.04999999999993	69.93
140	46	2	190.19	99.83000000000001
140	47	2	190.1199999999999	129.88
140	48	2	189.61616161616163	159.85858585858585
140	49	2	190.03999999999996	189.88000000000008
140	50	1	35.36318407960197	118.47761194029852
140	51	1	76.295	176.12500000000003
140	52	1	143.25373134328362	174.4875621890547
140	53	1	57.97000000000002	138.83499999999987
140	54	1	21.590000000000007	117.29499999999999
140	55	1	52.76500000000001	153.63000000000008
140	56	1	86.48	130.46999999999997
140	57	1	140.54500000000004	68.81499999999998
140	58	1	25.77	105.69
140	59	1	151.34170854271352	32.69849246231155
140	60	1	88.86934673366837	150.78894472361804
140	61	1	117.86069651741293	169.2587064676617
140	62	1	88.705	177.66500000000005
140	63	1	142.6567164179105	44.64676616915423
140	64	1	125.57788944723623	83.49246231155782
140	65	1	168.24120603015075	113.46231155778896
140	66	1	180.38500000000002	40.63499999999999
140	67	1	18.749999999999996	171.53999999999996
140	68	1	120.83499999999998	60.55500000000001
140	69	1	50.12060301507539	167.33668341708545
140	70	1	198.5678391959799	20.25628140703518
140	71	1	3.325000000000001	28.019999999999996
140	72	1	113.72636815920399	18.134328358208954
140	73	1	118.07999999999996	41.89500000000002
140	74	1	149.54726368159203	165.74626865671652
140	75	1	39.100000000000016	57.27000000000002
140	76	1	51.77500000000003	95.47499999999995
140	77	1	128.785	147.235
140	78	1	6.025	172.54000000000005
140	79	1	142.73499999999999	113.22999999999998
140	80	1	22.824999999999992	8.975000000000001
140	81	1	28.955223880597014	178.084577114428
140	82	1	80.83000000000003	155.99499999999995
140	83	1	46.60301507537687	141.58291457286433
140	84	1	113.35000000000001	103.09499999999998
140	85	1	72.25000000000003	146.04999999999993
140	86	1	23.276381909547734	193.5175879396985
140	87	1	117.92500000000005	114.57500000000007
140	88	1	13.274999999999995	146.40999999999997
140	89	1	107.71000000000004	57.735
140	90	1	174.22499999999997	124.67000000000004
140	91	1	182.31499999999997	53.80500000000002
140	92	1	58.315	191.11499999999995
140	93	1	117.02000000000007	138.8499999999999
140	94	1	85.26865671641792	93.9701492537313
140	95	1	183.14999999999992	114.38499999999995
140	96	1	25.220000000000006	146.77999999999997
140	97	1	174.78000000000003	167.1050000000001
140	98	1	109.26999999999997	36.73500000000001
140	99	1	132.07999999999998	54.129999999999995
150	1	2	10.141414141414144	9.616161616161618
150	2	2	10.270833333333334	40.270833333333314
150	3	2	9.81	70.12000000000003
150	4	2	10.000000000000004	100
150	5	2	10.141414141414144	129.85858585858588
150	6	2	10.383838383838384	160.14141414141415
150	7	2	9.879999999999997	189.88
150	8	2	40.12000000000002	10.12
150	9	2	40.12000000000002	39.88
150	10	2	40.02000000000001	69.71999999999996
150	11	2	40.14141414141414	99.85858585858581
150	12	2	40.12000000000002	129.88
150	13	2	40.126315789473686	160.6105263157894
150	14	2	39.92999999999998	189.99999999999991
150	15	2	70.12	10.12
150	16	2	70.19999999999996	39.94999999999999
150	17	2	70.04	69.87999999999995
150	18	2	70.07000000000002	100.18
150	19	2	69.88000000000001	129.88
150	20	2	70.26086956521739	160.50000000000006
150	21	2	69.8494623655914	190.15053763440852
150	22	2	100.3838383838384	9.85858585858586
150	23	2	99.38947368421054	39.87368421052632
150	24	2	99.87368421052632	70.61052631578951
150	25	2	100.06	100.14000000000003
150	26	2	100.11999999999999	129.87000000000003
150	27	2	100.12	160.11999999999992
150	28	2	99.85858585858585	190.3838383838383
150	29	2	129.87999999999997	10.12
150	30	2	129.87999999999997	40.120000000000005
150	31	2	129.61616161616163	70.14141414141416
150	32	2	130.1414141414141	99.61616161616158
150	33	2	129.49999999999997	129.99999999999991
150	34	2	129.84946236559145	160.15053763440852
150	35	2	130.12	190.11999999999992
150	36	2	159.73000000000005	10.159999999999998
150	37	2	159.92000000000002	40.29
150	38	2	159.99999999999994	69.79
150	39	2	159.90000000000006	99.84
150	40	2	159.69999999999996	130.14000000000001
150	41	2	159.77000000000004	159.85999999999996
150	42	2	159.87999999999997	190.11999999999998
150	43	2	190.19999999999996	10.330000000000005
150	44	2	190.30851063829783	39.436170212765965
150	45	2	190.04999999999993	69.93
150	46	2	190.19	99.83000000000001
150	47	2	190.1199999999999	129.88
150	48	2	189.61616161616163	159.85858585858585
150	49	2	190.03999999999996	189.88000000000008
150	50	1	35.175000000000026	119.21999999999994
150	51	1	77.34999999999997	176.95999999999998
150	52	1	141.681592039801	172.9104477611939
150	53	1	58.29145728643217	139.16582914572865
150	54	1	21.68999999999999	116.71499999999999
150	55	1	52.02487562189057	153.00995024875635
150	56	1	85.68499999999997	129.46000000000006
150	57	1	140.76000000000005	68.66499999999996
150	58	1	26.820895522388057	105.2388059701493
150	59	1	151.6984924623116	31.447236180904543
150	60	1	88.80499999999998	148.63
150	61	1	119.24999999999999	168.1549999999999
150	62	1	89.425	175.52999999999997
150	63	1	142.7562189054727	43.67661691542289
150	64	1	124.71499999999999	82.82999999999998
150	65	1	168.16582914572857	113.9497487437186
150	66	1	179.7649999999999	40.819999999999986
150	67	1	18.97000000000001	170.96999999999994
150	68	1	120.63500000000002	59.48499999999998
150	69	1	49.27000000000001	167.635
150	70	1	198.88442211055278	20.155778894472373
150	71	1	3.1950000000000007	28.20500000000001
150	72	1	114.455	18.95499999999999
150	73	1	118.13499999999999	41.89000000000001
150	74	1	150.70500000000004	167.17999999999995
150	75	1	38.269999999999996	57.65499999999997
150	76	1	52.779999999999994	97.66000000000001
150	77	1	127.8241206030151	147.16080402010041
150	78	1	6.849999999999999	173.265
150	79	1	142.57999999999996	111.195
150	80	1	22.38499999999999	7.939999999999997
150	81	1	27.680000000000014	178.65499999999997
150	82	1	80.88	156.01
150	83	1	46.684999999999995	141.13000000000005
150	84	1	113.3165829145728	102.61809045226128
150	85	1	72.23	146.23999999999995
150	86	1	23.370000000000008	193.62999999999997
150	87	1	117.36318407960198	114.98507462686565
150	88	1	14.50000000000001	146.555
150	89	1	108.32999999999997	58.34000000000002
150	90	1	175.18905472636814	124.73134328358213
150	91	1	181.10500000000013	53.55999999999998
150	92	1	58.394999999999975	190.64000000000001
150	93	1	116.90999999999998	136.47499999999985
150	94	1	86.80099502487566	94.59701492537313
150	95	1	183.03	113.19999999999999
150	96	1	25.840000000000003	146.86
150	97	1	173.20499999999998	166.7550000000001
150	98	1	109.36500000000008	36.34000000000001
150	99	1	133.19900497512435	54.87562189054726
160	1	2	10.141414141414144	9.616161616161618
160	2	2	10.270833333333334	40.270833333333314
160	3	2	9.81	70.12000000000003
160	4	2	10.000000000000004	100
160	5	2	10.141414141414144	129.85858585858588
160	6	2	10.383838383838384	160.14141414141415
160	7	2	9.879999999999997	189.88
160	8	2	40.12000000000002	10.12
160	9	2	40.12000000000002	39.88
160	10	2	40.02000000000001	69.71999999999996
160	11	2	40.14141414141414	99.85858585858581
160	12	2	40.12000000000002	129.88
160	13	2	40.126315789473686	160.6105263157894
160	14	2	39.92999999999998	189.99999999999991
160	15	2	70.12	10.12
160	16	2	70.19999999999996	39.94999999999999
160	17	2	70.04	69.87999999999995
160	18	2	70.07000000000002	100.18
160	19	2	69.88000000000001	129.88
160	20	2	70.26086956521739	160.50000000000006
160	21	2	69.8494623655914	190.15053763440852
160	22	2	100.3838383838384	9.85858585858586
160	23	2	99.38947368421054	39.87368421052632
160	24	2	99.87368421052632	70.61052631578951
160	25	2	100.06	100.14000000000003
160	26	2	100.11999999999999	129.87000000000003
160	27	2	100.12	160.11999999999992
160	28	2	99.85858585858585	190.3838383838383
160	29	2	129.87999999999997	10.12
160	30	2	129.87999999999997	40.120000000000005
160	31	2	129.61616161616163	70.14141414141416
160	32	2	130.1414141414141	99.61616161616158
160	33	2	129.49999999999997	129.99999999999991
160	34	2	129.84946236559145	160.15053763440852
160	35	2	130.12	190.11999999999992
160	36	2	159.73000000000005	10.159999999999998
160	37	2	159.92000000000002	40.29
160	38	2	159.99999999999994	69.79
160	39	2	159.90000000000006	99.84
160	40	2	159.69999999999996	130.14000000000001
160	41	2	159.77000000000004	159.85999999999996
160	42	2	159.87999999999997	190.11999999999998
160	43	2	190.19999999999996	10.330000000000005
160	44	2	190.30851063829783	39.436170212765965
160	45	2	190.04999999999993	69.93
160	46	2	190.19	99.83000000000001
160	47	2	190.1199999999999	129.88
160	48	2	189.61616161616163	159.85858585858585
160	49	2	190.03999999999996	189.88000000000008
160	50	1	35.38190954773869	119.37688442211056
160	51	1	78.31499999999998	177.97000000000006
160	52	1	140.5450000000001	171.90499999999994
160	53	1	58.76262626262626	140.13636363636363
160	54	1	21.665	115.34500000000003
160	55	1	51.1144278606965	152.4726368159204
160	56	1	84.89054726368161	128.89552238805967
160	57	1	141.015	68.59500000000003
160	58	1	28.150000000000006	104.84
160	59	1	151.66331658291458	30.502512562814065
160	60	1	88.715	146.57500000000002
160	61	1	120.40000000000003	167.26000000000002
160	62	1	89.13432835820893	173.78606965174117
160	63	1	142.19597989949744	43.42713567839195
160	64	1	122.92999999999995	82.14999999999999
160	65	1	168.10000000000008	114.64499999999995
160	66	1	179.26000000000016	41.07
160	67	1	19.42999999999999	170.28500000000003
160	68	1	120.40703517587937	57.98994974874373
160	69	1	48.095	168.42000000000007
160	70	1	198.81	20.150000000000006
160	71	1	3.0149999999999975	28.330000000000016
160	72	1	115.22999999999996	19.410000000000007
160	73	1	118.175	41.550000000000004
160	74	1	151.43	168.5899999999999
160	75	1	37.63500000000001	58.350000000000016
160	76	1	53.900000000000006	99.74000000000002
160	77	1	126.485	147.01
160	78	1	7.35	174.14
160	79	1	142.67999999999986	109.36500000000001
160	80	1	22.12060301507537	7.311557788944724
160	81	1	27.269999999999985	180.2100000000001
160	82	1	81.21000000000002	156.70499999999998
160	83	1	46.94000000000002	140.69000000000008
160	84	1	113.20999999999998	102.22
160	85	1	73.02512562814066	146.13567839195986
160	86	1	23.467336683417102	193.8793969849247
160	87	1	116.86069651741293	116.28358208955223
160	88	1	15.472636815920403	146.11442786069654
160	89	1	109.41791044776122	60.293532338308445
160	90	1	175.87999999999997	124.82000000000005
160	91	1	180.59	53.62500000000002
160	92	1	58.165	190.28499999999997
160	93	1	116.7	134.63999999999993
160	94	1	87.72636815920397	94.65174129353231
160	95	1	182.20999999999992	111.87499999999997
160	96	1	26.625000000000014	146.54499999999987
160	97	1	171.39999999999998	166.92000000000002
160	98	1	109.59000000000002	36.59
160	99	1	134.14000000000001	55.33999999999998
170	1	2	10.141414141414144	9.616161616161618
170	2	2	10.270833333333334	40.270833333333314
170	3	2	9.81	70.12000000000003
170	4	2	10.000000000000004	100
170	5	2	10.141414141414144	129.85858585858588
170	6	2	10.383838383838384	160.14141414141415
170	7	2	9.879999999999997	189.88
170	8	2	40.12000000000002	10.12
170	9	2	40.12000000000002	39.88
170	10	2	40.02000000000001	69.71999999999996
170	11	2	40.14141414141414	99.85858585858581
170	12	2	40.12000000000002	129.88
170	13	2	40.126315789473686	160.6105263157894
170	14	2	39.92999999999998	189.99999999999991
170	15	2	70.12	10.12
170	16	2	70.19999999999996	39.94999999999999
170	17	2	70.04	69.87999999999995
170	18	2	70.07000000000002	100.18
170	19	2	69.88000000000001	129.88
170	20	2	70.26086956521739	160.50000000000006
170	21	2	69.8494623655914	190.15053763440852
170	22	2	100.3838383838384	9.85858585858586
170	23	2	99.38947368421054	39.87368421052632
170	24	2	99.87368421052632	70.61052631578951
170	25	2	100.06	100.14000000000003
170	26	2	100.11999999999999	129.87000000000003
170	27	2	100.12	160.11999999999992
170	28	2	99.85858585858585	190.3838383838383
170	29	2	129.87999999999997	10.12
170	30	2	129.87999999999997	40.120000000000005
170	31	2	129.61616161616163	70.14141414141416
170	32	2	130.1414141414141	99.61616161616158
170	33	2	129.49999999999997	129.99999999999991
170	34	2	129.84946236559145	160.15053763440852
170	35	2	130.12	190.11999999999992
170	36	2	159.73000000000005	10.159999999999998
170	37	2	159.92000000000002	40.29
170	38	2	159.99999999999994	69.79
170	39	2	159.90000000000006	99.84
170	40	2	159.69999999999996	130.14000000000001
170	41	2	159.77000000000004	159.85999999999996
170	42	2	159.87999999999997	190.11999999999998
170	43	2	190.19999999999996	10.330000000000005
170	44	2	190.30851063829783	39.436170212765965
170	45	2	190.04999999999993	69.93
170	46	2	190.19	99.83000000000001
170	47	2	190.1199999999999	129.88
170	48	2	189.61616161616163	159.85858585858585
170	49	2	190.03999999999996	189.88000000000008
170	50	1	34.69500000000002	119.55499999999999
170	51	1	79.20499999999996	179.41500000000002
170	52	1	140.05	171.065
170	53	1	59.1256281407035	140.56783919597987
170	54	1	19.825870646766152	113.18407960199002
170	55	1	50.33333333333336	152.08457711442796
170	56	1	84.04499999999999	127.265
170	57	1	141.13500000000013	68.63999999999996
170	58	1	28.358208955223883	104.55721393034828
170	59	1	151.6	29.475000000000005
170	60	1	88.335	145.19500000000002
170	61	1	121.07000000000002	167.245
170	62	1	88.82500000000003	172.38000000000002
170	63	1	142.49499999999998	43.5
170	64	1	121.05500000000005	81.145
170	65	1	168.45000000000005	115.19499999999992
170	66	1	178.32000000000002	41.04999999999999
170	67	1	19.815000000000015	169.38499999999993
170	68	1	120.28500000000007	57.00499999999999
170	69	1	47.88500000000002	168.61499999999992
170	70	1	198.875	20.07499999999999
170	71	1	2.9649999999999967	28.27500000000002
170	72	1	116.10500000000008	20.31
170	73	1	118.14500000000002	41.79
170	74	1	152.26767676767693	169.96464646464656
170	75	1	36.91999999999997	59.10500000000002
170	76	1	55.14499999999998	100.78999999999995
170	77	1	125.305	147.065
170	78	1	7.809999999999999	175.06499999999994
170	79	1	142.19402985074626	107.98009950248763
170	80	1	21.895000000000003	6.784999999999968
170	81	1	26.87500000000001	181.34
170	82	1	81.91499999999996	157.12500000000003
170	83	1	47.31999999999999	140.48
170	84	1	113.83084577114427	102.3134328358209
170	85	1	73.49000000000001	146.04500000000002
170	86	1	23.43718592964825	193.7587939698493
170	87	1	116.18	117.25499999999994
170	88	1	16.393034825870647	146.0099502487563
170	89	1	110.20895522388055	61.4726368159204
170	90	1	177.085	125.05
170	91	1	180.13500000000002	53.34000000000002
170	92	1	57.40999999999998	189.48000000000013
170	93	1	116.66169154228858	133.60696517412939
170	94	1	88.57500000000006	93.83500000000002
170	95	1	181.74371859296485	110.68844221105532
170	96	1	27.72361809045225	145.62311557788948
170	97	1	170.14499999999992	167.81500000000005
170	98	1	109.57286432160804	36.0904522613065
170	99	1	134.83499999999995	55.67999999999998
180	1	2	10.141414141414144	9.616161616161618
180	2	2	10.270833333333334	40.270833333333314
180	3	2	9.81	70.12000000000003
180	4	2	10.000000000000004	100
180	5	2	10.141414141414144	129.85858585858588
180	6	2	10.383838383838384	160.14141414141415
180	7	2	9.879999999999997	189.88
180	8	2	40.12000000000002	10.12
180	9	2	40.12000000000002	39.88
180	10	2	40.02000000000001	69.71999999999996
180	11	2	40.14141414141414	99.85858585858581
180	12	2	40.12000000000002	129.88
180	13	2	40.126315789473686	160.6105263157894
180	14	2	39.92999999999998	189.99999999999991
180	15	2	70.12	10.12
180	16	2	70.19999999999996	39.94999999999999
180	17	2	70.04	69.87999999999995
180	18	2	70.07000000000002	100.18
180	19	2	69.88000000000001	129.88
180	20	2	70.26086956521739	160.50000000000006
180	21	2	69.8494623655914	190.15053763440852
180	22	2	100.3838383838384	9.85858585858586
180	23	2	99.38947368421054	39.87368421052632
180	24	2	99.87368421052632	70.61052631578951
180	25	2	100.06	100.14000000000003
180	26	2	100.11999999999999	129.87000000000003
180	27	2	100.12	160.11999999999992
180	28	2	99.85858585858585	190.3838383838383
180	29	2	129.87999999999997	10.12
180	30	2	129.87999999999997	40.120000000000005
180	31	2	129.61616161616163	70.14141414141416
180	32	2	130.1414141414141	99.61616161616158
180	33	2	129.49999999999997	129.99999999999991
180	34	2	129.84946236559145	160.15053763440852
180	35	2	130.12	190.11999999999992
180	36	2	159.73000000000005	10.159999999999998
180	37	2	159.92000000000002	40.29
180	38	2	159.99999999999994	69.79
180	39	2	159.90000000000006	99.84
180	40	2	159.69999999999996	130.14000000000001
180	41	2	159.77000000000004	159.85999999999996
180	42	2	159.87999999999997	190.11999999999998
180	43	2	190.19999999999996	10.330000000000005
180	44	2	190.30851063829783	39.436170212765965
180	45	2	190.04999999999993	69.93
180	46	2	190.19	99.83000000000001
180	47	2	190.1199999999999	129.88
180	48	2	189.61616161616163	159.85858585858585
180	49	2	190.03999999999996	189.88000000000008
180	50	1	34.149253731343286	119.58208955223876
180	51	1	80.78999999999996	180.44499999999994
180	52	1	140.02	169.16500000000016
180	53	1	59.45226130653266	141.3517587939699
180	54	1	19.104477611940307	111.44776119402984
180	55	1	49.50500000000001	151.8450000000001
180	56	1	82.52736318407958	126.80597014925381
180	57	1	141.28499999999983	68.29500000000002
180	58	1	28.341708542713555	103.92964824120601
180	59	1	151.14070351758798	28.959798994974857
180	60	1	87.96482412060298	144.29648241206027
180	61	1	121.78606965174131	167.3432835820896
180	62	1	87.8706467661691	170.73134328358213
180	63	1	142.4149999999999	43.47500000000001
180	64	1	120.53499999999995	79.49999999999997
180	65	1	168.396984924623	116.16080402010046
180	66	1	177.24875621890558	41.29850746268658
180	67	1	20.502512562814065	168.90954773869342
180	68	1	119.33500000000004	55.930000000000014
180	69	1	47.70499999999997	168.62499999999994
180	70	1	198.99	20.104999999999993
180	71	1	2.829145728643214	28.497487437185924
180	72	1	116.89447236180901	21.33165829145729
180	73	1	118.4271356783919	41.8391959798995
180	74	1	152.24499999999998	170.8350000000001
180	75	1	35.87939698492464	59.71356783919598
180	76	1	55.86999999999999	102.06500000000005
180	77	1	123.87562189054728	147.06965174129354
180	78	1	8.236180904522616	176.06030150753764
180	79	1	142.22499999999997	106.59999999999997
180	80	1	21.20895522388059	6.019900497512452
180	81	1	26.765	181.87500000000006
180	82	1	82.78606965174134	157.17910447761196
180	83	1	47.54000000000002	139.94499999999996
180	84	1	114.63681592039802	102.36815920398011
180	85	1	73.915	145.9950000000001
180	86	1	23.29145728643216	193.84924623115575
180	87	1	115.19095477386934	117.70351758793971
180	88	1	17.000000000000007	146.33830845771143
180	89	1	111.08000000000001	62.79
180	90	1	178.52499999999992	124.82999999999996
180	91	1	179.2238805970149	53.19900497512438
180	92	1	56.64500000000003	187.96
180	93	1	116.155	132.53499999999985
180	94	1	89.37499999999994	92.97500000000001
180	95	1	181.36683417085413	109.31155778894471
180	96	1	28.78499999999999	144.93
180	97	1	169.10499999999996	168.18999999999997
180	98	1	109.58291457286428	35.824120603015075
180	99	1	135.45499999999987	55.42000000000001
190	1	2	10.141414141414144	9.616161616161618
190	2	2	10.270833333333334	40.270833333333314
190	3	2	9.81	70.12000000000003
190	4	2	10.000000000000004	100
190	5	2	10.141414141414144	129.85858585858588
190	6	2	10.383838383838384	160.14141414141415
190	7	2	9.879999999999997	189.88
190	8	2	40.12000000000002	10.12
190	9	2	40.12000000000002	39.88
190	10	2	40.02000000000001	69.71999999999996
190	11	2	40.14141414141414	99.85858585858581
190	12	2	40.12000000000002	129.88
190	13	2	40.126315789473686	160.6105263157894
190	14	2	39.92999999999998	189.99999999999991
190	15	2	70.12	10.12
190	16	2	70.19999999999996	39.94999999999999
190	17	2	70.04	69.87999999999995
190	18	2	70.07000000000002	100.18
190	19	2	69.88000000000001	129.88
190	20	2	70.26086956521739	160.50000000000006
190	21	2	69.8494623655914	190.15053763440852
190	22	2	100.3838383838384	9.85858585858586
190	23	2	99.38947368421054	39.87368421052632
190	24	2	99.87368421052632	70.61052631578951
190	25	2	100.06	100.14000000000003
190	26	2	100.11999999999999	129.87000000000003
190	27	2	100.12	160.11999999999992
190	28	2	99.85858585858585	190.3838383838383
190	29	2	129.87999999999997	10.12
190	30	2	129.87999999999997	40.120000000000005
190	31	2	129.61616161616163	70.14141414141416
190	32	2	130.1414141414141	99.61616161616158
190	33	2	129.49999999999997	129.99999999999991
190	34	2	129.84946236559145	160.15053763440852
190	35	2	130.12	190.11999999999992
190	36	2	159.73000000000005	10.159999999999998
190	37	2	159.92000000000002	40.29
190	38	2	159.99999999999994	69.79
190	39	2	159.90000000000006	99.84
190	40	2	159.69999999999996	130.14000000000001
190	41	2	159.77000000000004	159.85999999999996
190	42	2	159.87999999999997	190.11999999999998
190	43	2	190.19999999999996	10.330000000000005
190	44	2	190.30851063829783	39.436170212765965
190	45	2	190.04999999999993	69.93
190	46	2	190.19	99.83000000000001
190	47	2	190.1199999999999	129.88
190	48	2	189.61616161616163	159.85858585858585
190	49	2	190.03999999999996	189.88000000000008
190	50	1	33.474999999999994	119.20999999999997
190	51	1	83.15	180.75500000000008
190	52	1	140.26368159203966	167.52238805970148
190	53	1	59.74000000000002	141.9200000000001
190	54	1	18.40999999999999	110.70500000000003
190	55	1	48.457286432160785	151.18090452261313
190	56	1	81.545	127.29500000000007
190	57	1	141.305	68.17999999999999
190	58	1	28.075376884422106	103.67839195979903
190	59	1	150.67999999999992	28.664999999999992
190	60	1	87.69849246231156	142.71356783919597
190	61	1	122.86499999999998	167.93500000000006
190	62	1	86.51500000000009	169.26999999999984
190	63	1	142.265	43.42999999999999
190	64	1	119.14000000000003	77.81999999999996
190	65	1	168.18999999999994	117.51000000000003
190	66	1	175.98	41.409999999999975
190	67	1	20.93	168.25000000000003
190	68	1	118.81	55.40000000000003
190	69	1	47.67999999999998	168.7150000000001
190	70	1	198.81909547738692	20.15075376884423
190	71	1	2.7399999999999993	28.89999999999999
190	72	1	117.76119402985073	22.358208955223887
190	73	1	118.77999999999996	42.150000000000006
190	74	1	152.03999999999976	171.75500000000002
190	75	1	34.13000000000001	60.70000000000002
190	76	1	56.67000000000002	103.01999999999997
190	77	1	122.27499999999999	146.42500000000004
190	78	1	8.363184079601982	176.72139303482592
190	79	1	143.16500000000002	105.51499999999996
190	80	1	20.860000000000003	5.765
190	81	1	26.919999999999998	182.12
190	82	1	83.72139303482587	156.94527363184082
190	83	1	48.24000000000002	139.0899999999999
190	84	1	114.76119402985069	102.68159203980099
190	85	1	73.88499999999996	146.5049999999999
190	86	1	23.035175879397002	193.53768844221108
190	87	1	114.01500000000007	117.94499999999998
190	88	1	17.845771144278604	146.1094527363184
190	89	1	111.96000000000001	63.73000000000001
190	90	1	180.0597014925372	123.42288557213928
190	91	1	178.6599999999999	53.35999999999998
190	92	1	55.28358208955224	186.21890547263683
190	93	1	115.87	131.88500000000002
190	94	1	90.43500000000004	92.36499999999997
190	95	1	180.32160804020103	108.30150753768844
190	96	1	30.34328358208954	144.502487562189
190	97	1	168.17499999999984	169.1499999999999
190	98	1	109.67500000000001	35.79000000000003
190	99	1	135.51499999999984	55.500000000000014
200	1	2	10.141414141414144	9.616161616161618
200	2	2	10.270833333333334	40.270833333333314
200	3	2	9.81	70.12000000000003
200	4	2	10.000000000000004	100
200	5	2	10.141414141414144	129.85858585858588
200	6	2	10.383838383838384	160.14141414141415
200	7	2	9.879999999999997	189.88
200	8	2	40.12000000000002	10.12
200	9	2	40.12000000000002	39.88
200	10	2	40.02000000000001	69.71999999999996
200	11	2	40.14141414141414	99.85858585858581
200	12	2	40.12000000000002	129.88
200	13	2	40.126315789473686	160.6105263157894
200	14	2	39.92999999999998	189.99999999999991
200	15	2	70.12	10.12
200	16	2	70.19999999999996	39.94999999999999
200	17	2	70.04	69.87999999999995
200	18	2	70.07000000000002	100.18
200	19	2	69.88000000000001	129.88
200	20	2	70.26086956521739	160.50000000000006
200	21	2	69.8494623655914	190.15053763440852
200	22	2	100.3838383838384	9.85858585858586
200	23	2	99.38947368421054	39.87368421052632
200	24	2	99.87368421052632	70.61052631578951
200	25	2	100.06	100.14000000000003
200	26	2	100.11999999999999	129.87000000000003
200	27	2	100.12	160.11999999999992
200	28	2	99.85858585858585	190.3838383838383
200	29	2	129.87999999999997	10.12
200	30	2	129.87999999999997	40.120000000000005
200	31	2	129.61616161616163	70.14141414141416
200	32	2	130.1414141414141	99.61616161616158
200	33	2	129.49999999999997	129.99999999999991
200	34	2	129.84946236559145	160.15053763440852
200	35	2	130.12	190.11999999999992
200	36	2	159.73000000000005	10.159999999999998
200	37	2	159.92000000000002	40.29
200	38	2	159.99999999999994	69.79
200	39	2	159.90000000000006	99.84
200	40	2	159.69999999999996	130.14000000000001
200	41	2	159.77000000000004	159.85999999999996
200	42	2	159.87999999999997	190.11999999999998
200	43	2	190.19999999999996	10.330000000000005
200	44	2	190.30851063829783	39.436170212765965
200	45	2	190.04999999999993	69.93
200	46	2	190.19	99.83000000000001
200	47	2	190.1199999999999	129.88
200	48	2	189.61616161616163	159.85858585858585
200	49	2	190.03999999999996	189.88000000000008
200	50	1	31.69500000000001	118.935
200	51	1	84.98499999999999	180.10499999999988
200	52	1	141.24623115577893	165.33668341708537
200	53	1	59.850000000000016	142.43000000000006
200	54	1	17.636815920398007	109.97512437810948
200	55	1	48.009950248756205	151.06965174129346
200	56	1	80.95000000000002	127.09000000000003
200	57	1	141.36000000000007	68.10500000000002
200	58	1	28.145000000000014	103.25499999999998
200	59	1	149.96517412935327	28.13432835820895
200	60	1	87.36180904522615	141.02010050251266
200	61	1	124.66169154228855	169.3432835820896
200	62	1	85.57711442786069	168.46766169154233
200	63	1	142.13065326633165	43.57788944723619
200	64	1	118.04500000000002	77.145
200	65	1	168.39499999999998	119.16500000000006
200	66	1	174.57499999999985	41.550000000000004
200	67	1	21.225	167.65000000000006
200	68	1	118.08000000000004	54.800000000000004
200	69	1	47.477386934673355	168.8291457286432
200	70	1	199.245	20.209999999999994
200	71	1	2.3333333333333335	29.855721393034834
200	72	1	118.92500000000004	23.785000000000004
200	73	1	118.91457286432161	42.321608040201006
200	74	1	151.69651741293518	172.13432835820888
200	75	1	32.88059701492538	61.417910447761194
200	76	1	57.16000000000001	104.31500000000003
200	77	1	121.51000000000003	145.92500000000007
200	78	1	8.394999999999996	177.07999999999993
200	79	1	144.3049999999999	104.50500000000002
200	80	1	20.515000000000004	5.314999999999998
200	81	1	27.064999999999987	182.455
200	82	1	85.29999999999998	156.97499999999997
200	83	1	49.14572864321608	138.04020100502515
200	84	1	115.42288557213928	104.09452736318411
200	85	1	74.13930348258704	146.98009950248755
200	86	1	23.125000000000007	193.61999999999998
200	87	1	112.79104477611939	118.42288557213934
200	88	1	18.935323383084576	146.65671641791042
200	89	1	112.92499999999991	64.12499999999996
200	90	1	182.36499999999995	121.04
200	91	1	178.49999999999991	53.290000000000006
200	92	1	53.829145728643205	185.0502512562814
200	93	1	115.33668341708545	131.47236180904517
200	94	1	91.99004975124376	90.81592039800996
200	95	1	178.81909547738692	107.83417085427133
200	96	1	32	143.92929292929284
200	97	1	167.68159203980107	170.5671641791044
200	98	1	109.88557213930346	34.985074626865696
200	99	1	135.56500000000003	55.664999999999985
210	1	2	10.141414141414144	9.616161616161618
210	2	2	10.270833333333334	40.270833333333314
210	3	2	9.81	70.12000000000003
210	4	2	10.000000000000004	100
210	5	2	10.141414141414144	129.85858585858588
210	6	2	10.383838383838384	160.14141414141415
210	7	2	9.879999999999997	189.88
210	8	2	40.12000000000002	10.12
210	9	2	40.12000000000002	39.88
210	10	2	40.02000000000001	69.71999999999996
210	11	2	40.14141414141414	99.85858585858581
210	12	2	40.12000000000002	129.88
210	13	2	40.126315789473686	160.6105263157894
210	14	2	39.92999999999998	189.99999999999991
210	15	2	70.12	10.12
210	16	2	70.19999999999996	39.94999999999999
210	17	2	70.04	69.87999999999995
210	18	2	70.07000000000002	100.18
210	19	2	69.88000000000001	129.88
210	20	2	70.26086956521739	160.50000000000006
210	21	2	69.8494623655914	190.15053763440852
210	22	2	100.3838383838384	9.85858585858586
210	23	2	99.38947368421054	39.87368421052632
210	24	2	99.87368421052632	70.61052631578951
210	25	2	100.06	100.14000000000003
210	26	2	100.11999999999999	129.87000000000003
210	27	2	100.12	160.11999999999992
210	28	2	99.85858585858585	190.3838383838383
210	29	2	129.87999999999997	10.12
210	30	2	129.87999999999997	40.120000000000005
210	31	2	129.61616161616163	70.14141414141416
210	32	2	130.1414141414141	99.61616161616158
210	33	2	129.49999999999997	129.99999999999991
210	34	2	129.84946236559145	160.15053763440852
210	35	2	130.12	190.11999999999992
210	36	2	159.73000000000005	10.159999999999998
210	37	2	159.92000000000002	40.29
210	38	2	159.99999999999994	69.79
210	39	2	159.90000000000006	99.84
210	40	2	159.69999999999996	130.14000000000001
210	41	2	159.77000000000004	159.85999999999996
210	42	2	159.87999999999997	190.11999999999998
210	43	2	190.19999999999996	10.330000000000005
210	44	2	190.30851063829783	39.436170212765965
210	45	2	190.04999999999993	69.93
210	46	2	190.19	99.83000000000001
210	47	2	190.1199999999999	129.88
210	48	2	189.61616161616163	159.85858585858585
210	49	2	190.03999999999996	189.88000000000008
210	50	1	29.700000000000006	118.91499999999999
210	51	1	86.78499999999997	179.575
210	52	1	142.36683417085413	163.73366834170864
210	53	1	59.67500000000002	143.185
210	54	1	17.482587064676625	110.03980099502486
210	55	1	47.555	150.73999999999992
210	56	1	80.26000000000006	126.87500000000003
210	57	1	141.4	68.13499999999999
210	58	1	28.075000000000003	102.5299999999999
210	59	1	149.4975124378109	27.283582089552233
210	60	1	86.92500000000001	139.66999999999993
210	61	1	126.275	170.3300000000001
210	62	1	84.33333333333333	167.820895522388
210	63	1	142.0449999999999	43.56499999999998
210	64	1	116.66666666666666	76.6169154228856
210	65	1	170.23383084577114	121.07960199004971
210	66	1	173.14925373134326	42.20398009950247
210	67	1	21.215000000000003	166.69499999999994
210	68	1	116.845	54.059999999999995
210	69	1	47.905000000000015	168.445
210	70	1	199.265	20.340000000000003
210	71	1	1.5849999999999989	30.37
210	72	1	120.20499999999998	25.29000000000001
210	73	1	119.18090452261308	42.5778894472362
210	74	1	150.20895522388062	172.55721393034827
210	75	1	31.169154228855696	62.19900497512438
210	76	1	57.48499999999998	105.39500000000001
210	77	1	120.255	145.385
210	78	1	8.606965174129348	177.25870646766182
210	79	1	144.85	103.86
210	80	1	20.075376884422123	4.763819095477388
210	81	1	27.346733668341695	182.47738693467346
210	82	1	86.36499999999997	156.69500000000002
210	83	1	49.804999999999986	136.58999999999992
210	84	1	116.30499999999999	105.97500000000002
210	85	1	74.28500000000003	147.45999999999995
210	86	1	23.45999999999999	193.57000000000002
210	87	1	111.31155778894468	118.58291457286435
210	88	1	20.29353233830846	146.20398009950245
210	89	1	113.66500000000003	64.05000000000003
210	90	1	184.125	118.74500000000003
210	91	1	178.26499999999993	53.03
210	92	1	52.666666666666686	184.2537313432835
210	93	1	115.31840796019898	131.23880597014923
210	94	1	93.41499999999999	89.52500000000006
210	95	1	177.58499999999998	106.80500000000002
210	96	1	33.15422885572141	144.1542288557215
210	97	1	166.21499999999997	172.17499999999995
210	98	1	110.27500000000002	34.355000000000004
210	99	1	135.67999999999998	55.594999999999985
220	1	2	10.141414141414144	9.616161616161618
220	2	2	10.270833333333334	40.270833333333314
220	3	2	9.81	70.12000000000003
220	4	2	10.000000000000004	100
220	5	2	10.141414141414144	129.85858585858588
220	6	2	10.383838383838384	160.14141414141415
220	7	2	9.879999999999997	189.88
220	8	2	40.12000000000002	10.12
220	9	2	40.12000000000002	39.88
220	10	2	40.02000000000001	69.71999999999996
220	11	2	40.14141414141414	99.85858585858581
220	12	2	40.12000000000002	129.88
220	13	2	40.126315789473686	160.6105263157894
220	14	2	39.92999999999998	189.99999999999991
220	15	2	70.12	10.12
220	16	2	70.19999999999996	39.94999999999999
220	17	2	70.04	69.87999999999995
220	18	2	70.07000000000002	100.18
220	19	2	69.88000000000001	129.88
220	20	2	70.26086956521739	160.50000000000006
220	21	2	69.8494623655914	190.15053763440852
220	22	2	100.3838383838384	9.85858585858586
220	23	2	99.38947368421054	39.87368421052632
220	24	2	99.87368421052632	70.61052631578951
220	25	2	100.06	100.14000000000003
220	26	2	100.11999999999999	129.87000000000003
220	27	2	100.12	160.11999999999992
220	28	2	99.85858585858585	190.3838383838383
220	29	2	129.87999999999997	10.12
220	30	2	129.87999999999997	40.120000000000005
220	31	2	129.61616161616163	70.14141414141416
220	32	2	130.1414141414141	99.61616161616158
220	33	2	129.49999999999997	129.99999999999991
220	34	2	129.84946236559145	160.15053763440852
220	35	2	130.12	190.11999999999992
220	36	2	159.73000000000005	10.159999999999998
220	37	2	159.92000000000002	40.29
220	38	2	159.99999999999994	69.79
220	39	2	159.90000000000006	99.84
220	40	2	159.69999999999996	130.14000000000001
220	41	2	159.77000000000004	159.85999999999996
220	42	2	159.87999999999997	190.11999999999998
220	43	2	190.19999999999996	10.330000000000005
220	44	2	190.30851063829783	39.436170212765965
220	45	2	190.04999999999993	69.93
220	46	2	190.19	99.83000000000001
220	47	2	190.1199999999999	129.88
220	48	2	189.61616161616163	159.85858585858585
220	49	2	190.03999999999996	189.88000000000008
220	50	1	27.694999999999997	118.46
220	51	1	89	179.20895522388065
220	52	1	143.33333333333326	162.82089552238816
220	53	1	59.64	143.665
220	54	1	17.05999999999999	110.49500000000002
220	55	1	47.18905472636815	150.23383084577114
220	56	1	79.96019900497512	126.59701492537319
220	57	1	141.575	67.96999999999998
220	58	1	27.840000000000003	101.605
220	59	1	149.26999999999995	26.514999999999993
220	60	1	86.68844221105535	138.31155778894473
220	61	1	127.86499999999997	171.08499999999998
220	62	1	82.68499999999995	167.50499999999994
220	63	1	142.11499999999998	43.50999999999999
220	64	1	114.415	76.49000000000007
220	65	1	171.42786069651737	122.49751243781097
220	66	1	172.19402985074626	43.33333333333335
220	67	1	21.33165829145727	165.93467336683412
220	68	1	115.87499999999996	53.73
220	69	1	47.855	168.47000000000006
220	70	1	199.825	20.77500000000001
220	71	1	1.2713567839195974	31.412060301507523
220	72	1	121.02000000000001	25.76000000000002
220	73	1	119.14000000000004	42.93999999999997
220	74	1	148.49	173.2449999999999
220	75	1	29.760000000000005	62.83499999999998
220	76	1	57.80099502487563	107.32338308457713
220	77	1	119.03	145.07500000000005
220	78	1	9.045000000000002	176.99999999999983
220	79	1	146.13432835820896	102.52238805970153
220	80	1	20.06532663316583	4.753768844221104
220	81	1	27.314999999999987	182.43500000000003
220	82	1	87.3	156.4450000000001
220	83	1	50.37500000000001	135.615
220	84	1	116.54999999999994	107.53499999999998
220	85	1	74.91044776119402	148.02985074626878
220	86	1	23.464999999999993	193.345
220	87	1	109.77114427860698	118.72636815920396
220	88	1	21.55	146.35
220	89	1	114.71	64.13
220	90	1	185.17500000000004	116.59000000000002
220	91	1	177.89949748743706	52.91959798994974
220	92	1	51.709999999999994	183.12
220	93	1	114.98492462311559	130.87437185929656
220	94	1	94.49500000000002	89.28999999999998
220	95	1	176.69651741293532	107.43781094527365
220	96	1	33.94527363184081	144.26368159203983
220	97	1	165.12999999999988	173.93000000000006
220	98	1	110.65000000000005	33.96499999999999
220	99	1	135.40499999999994	55.64499999999999
230	1	2	10.141414141414144	9.616161616161618
230	2	2	10.270833333333334	40.270833333333314
230	3	2	9.81	70.12000000000003
230	4	2	10.000000000000004	100
230	5	2	10.141414141414144	129.85858585858588
230	6	2	10.383838383838384	160.14141414141415
230	7	2	9.879999999999997	189.88
230	8	2	40.12000000000002	10.12
230	9	2	40.12000000000002	39.88
230	10	2	40.02000000000001	69.71999999999996
230	11	2	40.14141414141414	99.85858585858581
230	12	2	40.12000000000002	129.88
230	13	2	40.126315789473686	160.6105263157894
230	14	2	39.92999999999998	189.99999999999991
230	15	2	70.12	10.12
230	16	2	70.19999999999996	39.94999999999999
230	17	2	70.04	69.87999999999995
230	18	2	70.07000000000002	100.18
230	19	2	69.88000000000001	129.88
230	20	2	70.26086956521739	160.50000000000006
230	21	2	69.8494623655914	190.15053763440852
230	22	2	100.3838383838384	9.85858585858586
230	23	2	99.38947368421054	39.87368421052632
230	24	2	99.87368421052632	70.61052631578951
230	25	2	100.06	100.14000000000003
230	26	2	100.11999999999999	129.87000000000003
230	27	2	100.12	160.11999999999992
230	28	2	99.85858585858585	190.3838383838383
230	29	2	129.87999999999997	10.12
230	30	2	129.87999999999997	40.120000000000005
230	31	2	129.61616161616163	70.14141414141416
230	32	2	130.1414141414141	99.61616161616158
230	33	2	129.49999999999997	129.99999999999991
230	34	2	129.84946236559145	160.15053763440852
230	35	2	130.12	190.11999999999992
230	36	2	159.73000000000005	10.159999999999998
230	37	2	159.92000000000002	40.29
230	38	2	159.99999999999994	69.79
230	39	2	159.90000000000006	99.84
230	40	2	159.69999999999996	130.14000000000001
230	41	2	159.77000000000004	159.85999999999996
230	42	2	159.87999999999997	190.11999999999998
230	43	2	190.19999999999996	10.330000000000005
230	44	2	190.30851063829783	39.436170212765965
230	45	2	190.04999999999993	69.93
230	46	2	190.19	99.83000000000001
230	47	2	190.1199999999999	129.88
230	48	2	189.61616161616163	159.85858585858585
230	49	2	190.03999999999996	189.88000000000008
230	50	1	25.834999999999983	118.33499999999998
230	51	1	90.74752475247521	178.3811881188118
230	52	1	144.51999999999995	161.91
230	53	1	59.22885572139304	144.66169154228857
230	54	1	16.524999999999995	110.97500000000004
230	55	1	46.59000000000003	149.23500000000007
230	56	1	79.79	125.97500000000002
230	57	1	141.725	68.20999999999995
230	58	1	27.615000000000006	101.365
230	59	1	149.075	25.839999999999993
230	60	1	86.45226130653269	136.97487437185922
230	61	1	128.93532338308455	171.51243781094533
230	62	1	81.52736318407963	167.44278606965176
230	63	1	142.21499999999992	43.26500000000002
230	64	1	113.10499999999999	76.67000000000006
230	65	1	173.06499999999988	123.35000000000007
230	66	1	171.58706467661693	44.21890547263679
230	67	1	21.226130653266342	165.1507537688442
230	68	1	115.20500000000003	53.80000000000002
230	69	1	47.69499999999999	168.55000000000004
230	70	1	0.5700000000000011	20.959999999999994
230	71	1	1.1155778894472355	32.33165829145728
230	72	1	121.93499999999995	26.199999999999996
230	73	1	119.13930348258704	43.567164179104466
230	74	1	146.545	173.9199999999999
230	75	1	27.925373134328364	64.01990049751238
230	76	1	58.62500000000001	108.63999999999996
230	77	1	117.48	144.8149999999999
230	78	1	9.204999999999997	176.53999999999988
230	79	1	146.6467661691543	101.38805970149251
230	80	1	19.557213930348258	4.522388059701494
230	81	1	27.295	182.2800000000001
230	82	1	88.28000000000003	156.0550000000001
230	83	1	51.565	134.04000000000005
230	84	1	117.07537688442218	109.95477386934675
230	85	1	75.73999999999998	148.73499999999993
230	86	1	23.389999999999997	193.0599999999999
230	87	1	108.46766169154236	118.94029850746267
230	88	1	23.190954773869354	147.01507537688443
230	89	1	115.27	64.13500000000003
230	90	1	185.96	114.49
230	91	1	177.87562189054728	52.06467661691542
230	92	1	50.71144278606963	181.4825870646765
230	93	1	114.72999999999998	130.67499999999998
230	94	1	95.54228855721398	88.9502487562189
230	95	1	176.0298507462687	107.69651741293538
230	96	1	34.62311557788945	144.0653266331658
230	97	1	164.2338308457711	175.02985074626866
230	98	1	110.85000000000004	33.725
230	99	1	135.1206030150755	55.66834170854274
240	1	2	10.141414141414144	9.616161616161618
240	2	2	10.270833333333334	40.270833333333314
240	3	2	9.81	70.12000000000003
240	4	2	10.000000000000004	100
240	5	2	10.141414141414144	129.85858585858588
240	6	2	10.383838383838384	160.14141414141415
240	7	2	9.879999999999997	189.88
240	8	2	40.12000000000002	10.12
240	9	2	40.12000000000002	39.88
240	10	2	40.02000000000001	69.71999999999996
240	11	2	40.14141414141414	99.85858585858581
240	12	2	40.12000000000002	129.88
240	13	2	40.126315789473686	160.6105263157894
240	14	2	39.92999999999998	189.99999999999991
240	15	2	70.12	10.12
240	16	2	70.19999999999996	39.94999999999999
240	17	2	70.04	69.87999999999995
240	18	2	70.07000000000002	100.18
240	19	2	69.88000000000001	129.88
240	20	2	70.26086956521739	160.50000000000006
240	21	2	69.8494623655914	190.15053763440852
240	22	2	100.3838383838384	9.85858585858586
240	23	2	99.38947368421054	39.87368421052632
240	24	2	99.87368421052632	70.61052631578951
240	25	2	100.06	100.14000000000003
240	26	2	100.11999999999999	129.87000000000003
240	27	2	100.12	160.11999999999992
240	28	2	99.85858585858585	190.3838383838383
240	29	2	129.87999999999997	10.12
240	30	2	129.87999999999997	40.120000000000005
240	31	2	129.61616161616163	70.14141414141416
240	32	2	130.1414141414141	99.61616161616158
240	33	2	129.49999999999997	129.99999999999991
240	34	2	129.84946236559145	160.15053763440852
240	35	2	130.12	190.11999999999992
240	36	2	159.73000000000005	10.159999999999998
240	37	2	159.92000000000002	40.29
240	38	2	159.99999999999994	69.79
240	39	2	159.90000000000006	99.84
240	40	2	159.69999999999996	130.14000000000001
240	41	2	159.77000000000004	159.85999999999996
240	42	2	159.87999999999997	190.11999999999998
240	43	2	190.19999999999996	10.330000000000005
240	44	2	190.30851063829783	39.436170212765965
240	45	2	190.04999999999993	69.93
240	46	2	190.19	99.83000000000001
240	47	2	190.1199999999999	129.88
240	48	2	189.61616161616163	159.85858585858585
240	49	2	190.03999999999996	189.88000000000008
240	50	1	24.190000000000005	118.555
240	51	1	91.83999999999999	177.40999999999997
240	52	1	145.43999999999994	161.17499999999998
240	53	1	58.75499999999997	145.48999999999995
240	54	1	16.360000000000003	111.13499999999999
240	55	1	46.50753768844222	148.0552763819095
240	56	1	79.81499999999997	125.37500000000006
240	57	1	142.1044776119403	68.43781094527358
240	58	1	27.60499999999999	101.505
240	59	1	149.0199004975124	24.945273631840813
240	60	1	86.12499999999999	136.57500000000005
240	61	1	129.88557213930352	172.03980099502488
240	62	1	80.99497487437186	167.70854271356782
240	63	1	142.49499999999998	42.99500000000001
240	64	1	111.87562189054727	76.95024875621895
240	65	1	174.46268656716413	123.82089552238808
240	66	1	171.25999999999993	45.265
240	67	1	21.250000000000025	164.93000000000004
240	68	1	114.45771144278608	53.63681592039802
240	69	1	47.663316582914575	168.24120603015078
240	70	1	1.0547263681592034	20.9452736318408
240	71	1	0.9549999999999988	32.91
240	72	1	122.93999999999997	26.41999999999999
240	73	1	119.14499999999998	44.25499999999998
240	74	1	145.59999999999997	174.11499999999998
240	75	1	26.824999999999996	64.86499999999995
240	76	1	59.20999999999999	110.63499999999999
240	77	1	115.99499999999999	143.94499999999994
240	78	1	9.820000000000004	176.16
240	79	1	146.9601990049751	100.1990049751244
240	80	1	19.194029850746276	4.079601990049753
240	81	1	27.273631840796025	181.66169154228857
240	82	1	88.955	155.575
240	83	1	52.839999999999975	132.40999999999988
240	84	1	117.22	112.03500000000001
240	85	1	76.44221105527633	149.61809045226119
240	86	1	23.929999999999993	193.27000000000007
240	87	1	106.95000000000002	118.81500000000003
240	88	1	23.895000000000003	147.73
240	89	1	116	64.395
240	90	1	186.42999999999995	112.91999999999999
240	91	1	178.3549999999999	51.414999999999985
240	92	1	50.34499999999998	180.08499999999984
240	93	1	114.62686567164177	130.41293532338307
240	94	1	97.40999999999997	88.07500000000002
240	95	1	175.30000000000004	108.16499999999998
240	96	1	34.93000000000001	143.90499999999997
240	97	1	163.6616915422887	175.43781094527364
240	98	1	111.36499999999997	33.285
240	99	1	135.23880597014926	55.55223880597015
250	1	2	10.141414141414144	9.616161616161618
250	2	2	10.270833333333334	40.270833333333314
250	3	2	9.81	70.12000000000003
250	4	2	10.000000000000004	100
250	5	2	10.141414141414144	129.85858585858588
250	6	2	10.383838383838384	160.14141414141415
250	7	2	9.879999999999997	189.88
250	8	2	40.12000000000002	10.12
250	9	2	40.12000000000002	39.88
250	10	2	40.02000000000001	69.71999999999996
250	11	2	40.14141414141414	99.85858585858581
250	12	2	40.12000000000002	129.88
250	13	2	40.126315789473686	160.6105263157894
250	14	2	39.92999999999998	189.99999999999991
250	15	2	70.12	10.12
250	16	2	70.19999999999996	39.94999999999999
250	17	2	70.04	69.87999999999995
250	18	2	70.07000000000002	100.18
250	19	2	69.88000000000001	129.88
250	20	2	70.26086956521739	160.50000000000006
250	21	2	69.8494623655914	190.15053763440852
250	22	2	100.3838383838384	9.85858585858586
250	23	2	99.38947368421054	39.87368421052632
250	24	2	99.87368421052632	70.61052631578951
250	25	2	100.06	100.14000000000003
250	26	2	100.11999999999999	129.87000000000003
250	27	2	100.12	160.11999999999992
250	28	2	99.85858585858585	190.3838383838383
250	29	2	129.87999999999997	10.12
250	30	2	129.87999999999997	40.120000000000005
250	31	2	129.61616161616163	70.14141414141416
250	32	2	130.1414141414141	99.61616161616158
250	33	2	129.49999999999997	129.99999999999991
250	34	2	129.84946236559145	160.15053763440852
250	35	2	130.12	190.11999999999992
250	36	2	159.73000000000005	10.159999999999998
250	37	2	159.92000000000002	40.29
250	38	2	159.99999999999994	69.79
250	39	2	159.90000000000006	99.84
250	40	2	159.69999999999996	130.14000000000001
250	41	2	159.77000000000004	159.85999999999996
250	42	2	159.87999999999997	190.11999999999998
250	43	2	190.19999999999996	10.330000000000005
250	44	2	190.30851063829783	39.436170212765965
250	45	2	190.04999999999993	69.93
250	46	2	190.19	99.83000000000001
250	47	2	190.1199999999999	129.88
250	48	2	189.61616161616163	159.85858585858585
250	49	2	190.03999999999996	189.88000000000008
250	50	1	23.335000000000008	118.09000000000003
250	51	1	92.87562189054732	176.3333333333333
250	52	1	146.03015075376882	160.64824120603018
250	53	1	58.527363184079604	145.9601990049752
250	54	1	15.684999999999995	111.71499999999996
250	55	1	46.435	146.68499999999992
250	56	1	79.81	124.08500000000002
250	57	1	142.94000000000003	67.91500000000002
250	58	1	27.710000000000004	101.84999999999998
250	59	1	148.58000000000004	24.304999999999993
250	60	1	85.64000000000004	136.3500000000001
250	61	1	130.79000000000008	172.4000000000001
250	62	1	80.79104477611943	168.1691542288559
250	63	1	142.5820895522387	42.62189054726369
250	64	1	111.42211055276381	76.81909547738694
250	65	1	176.43500000000006	123.565
250	66	1	170.82412060301505	46.557788944723626
250	67	1	21.34000000000001	164.72999999999993
250	68	1	113.80597014925375	53.621890547263654
250	69	1	47.7537688442211	167.41206030150747
250	70	1	1.2763819095477371	20.879396984924625
250	71	1	0.8899999999999987	32.82000000000003
250	72	1	123.83582089552245	26.537313432835823
250	73	1	119.44500000000002	45.054999999999986
250	74	1	145	174.055
250	75	1	25.525000000000006	65.71500000000002
250	76	1	59.77114427860693	112.56716417910445
250	77	1	114.79601990049755	143.7164179104477
250	78	1	10.339999999999998	175.995
250	79	1	147.64179104477614	98.2139303482587
250	80	1	18.924623115577877	3.9246231155778912
250	81	1	27.246231155778887	181.09547738693476
250	82	1	89.0995024875621	155.37313432835822
250	83	1	54.984999999999985	131.9449999999998
250	84	1	117.21890547263685	113.1840796019901
250	85	1	76.90452261306531	150.15075376884425
250	86	1	24.174999999999997	192.97000000000003
250	87	1	105.415	118.39499999999995
250	88	1	24.579999999999988	148.14999999999992
250	89	1	116.55999999999999	64.88499999999999
250	90	1	186.89108910891088	111.98019801980197
250	91	1	178.6949999999999	51.14
250	92	1	50.00000000000001	178.86500000000007
250	93	1	114	130.63681592039813
250	94	1	98.94500000000001	87.58999999999996
250	95	1	174.2060301507538	109.14070351758798
250	96	1	35.115	144.00999999999996
250	97	1	162.70500000000007	175.51000000000008
250	98	1	112.01999999999994	33.13499999999999
250	99	1	135.32999999999996	55.505
260	1	2	10.141414141414144	9.616161616161618
260	2	2	10.270833333333334	40.270833333333314
260	3	2	9.81	70.12000000000003
260	4	2	10.000000000000004	100
260	5	2	10.141414141414144	129.85858585858588
260	6	2	10.383838383838384	160.14141414141415
260	7	2	9.879999999999997	189.88
260	8	2	40.12000000000002	10.12
260	9	2	40.12000000000002	39.88
260	10	2	40.02000000000001	69.71999999999996
260	11	2	40.14141414141414	99.85858585858581
260	12	2	40.12000000000002	129.88
260	13	2	40.126315789473686	160.6105263157894
260	14	2	39.92999999999998	189.99999999999991
260	15	2	70.12	10.12
260	16	2	70.19999999999996	39.94999999999999
260	17	2	70.04	69.87999999999995
260	18	2	70.07000000000002	100.18
260	19	2	69.88000000000001	129.88
260	20	2	70.26086956521739	160.50000000000006
260	21	2	69.8494623655914	190.15053763440852
260	22	2	100.3838383838384	9.85858585858586
260	23	2	99.38947368421054	39.87368421052632
260	24	2	99.87368421052632	70.61052631578951
260	25	2	100.06	100.14000000000003
260	26	2	100.11999999999999	129.87000000000003
260	27	2	100.12	160.11999999999992
260	28	2	99.85858585858585	190.3838383838383
260	29	2	129.87999999999997	10.12
260	30	2	129.87999999999997	40.120000000000005
260	31	2	129.61616161616163	70.14141414141416
260	32	2	130.1414141414141	99.61616161616158
260	33	2	129.49999999999997	129.99999999999991
260	34	2	129.84946236559145	160.15053763440852
260	35	2	130.12	190.11999999999992
260	36	2	159.73000000000005	10.159999999999998
260	37	2	159.92000000000002	40.29
260	38	2	159.99999999999994	69.79
260	39	2	159.90000000000006	99.84
260	40	2	159.69999999999996	130.14000000000001
260	41	2	159.77000000000004	159.85999999999996
260	42	2	159.87999999999997	190.11999999999998
260	43	2	190.19999999999996	10.330000000000005
260	44	2	190.30851063829783	39.436170212765965
260	45	2	190.04999999999993	69.93
260	46	2	190.19	99.83000000000001
260	47	2	190.1199999999999	129.88
260	48	2	189.61616161616163	159.85858585858585
260	49	2	190.03999999999996	189.88000000000008
260	50	1	22.69849246231156	118.19597989949744
260	51	1	93.90500000000009	175.44499999999996
260	52	1	146.57000000000005	159.99999999999991
260	53	1	58.089999999999975	146.40499999999997
260	54	1	15.4321608040201	112.06532663316584
260	55	1	46.49999999999999	145.28999999999994
260	56	1	79.66000000000005	122.79499999999999
260	57	1	144.0099502487562	67.9651741293532
260	58	1	27.770000000000017	101.93500000000002
260	59	1	147.82000000000005	23.37999999999999
260	60	1	85.16000000000001	136.26500000000007
260	61	1	131.26000000000005	172.33999999999995
260	62	1	81.46000000000002	169.63999999999984
260	63	1	142.49499999999998	42.260000000000005
260	64	1	110.9899497487437	76.38190954773869
260	65	1	177.39603960396036	122.5445544554455
260	66	1	170.03482587064684	48.208955223880594
260	67	1	21.454999999999995	164.2900000000001
260	68	1	113.23500000000001	53.315000000000026
260	69	1	47.72499999999998	167.0899999999999
260	70	1	1.6180904522613069	20.592964824120607
260	71	1	0.8299999999999992	33.235000000000014
260	72	1	124.83499999999997	26.41499999999999
260	73	1	119.80999999999996	45.665
260	74	1	144.0945273631841	174.2039800995025
260	75	1	24.350000000000012	66.905
260	76	1	60.265	114.48999999999994
260	77	1	113.12500000000004	143.82500000000007
260	78	1	10.815000000000005	175.91
260	79	1	148.20398009950245	95.84577114427861
260	80	1	18.955000000000005	3.4549999999999983
260	81	1	27.404999999999987	180.14000000000007
260	82	1	89.23383084577121	155.1890547263681
260	83	1	56.37499999999999	131.50000000000003
260	84	1	116.78000000000002	114.42499999999998
260	85	1	77.715	151.10999999999999
260	86	1	24.444999999999986	192.78500000000014
260	87	1	103.96019900497517	118.03482587064674
260	88	1	25.53266331658291	148.85427135678395
260	89	1	117.30999999999996	65.24999999999991
260	90	1	186.87499999999994	110.82000000000002
260	91	1	178.99494949494937	50.62121212121211
260	92	1	49.73869346733666	178.2010050251257
260	93	1	113.37500000000003	130.98499999999993
260	94	1	100.80500000000002	87.54499999999996
260	95	1	173.01500000000004	109.92999999999999
260	96	1	35.26633165829146	144.05025125628148
260	97	1	161.16	175.47000000000006
260	98	1	112.3165829145729	33.11055276381909
260	99	1	135.72000000000006	55.38999999999999
270	1	2	10.141414141414144	9.616161616161618
270	2	2	10.270833333333334	40.270833333333314
270	3	2	9.81	70.12000000000003
270	4	2	10.000000000000004	100
270	5	2	10.141414141414144	129.85858585858588
270	6	2	10.383838383838384	160.14141414141415
270	7	2	9.879999999999997	189.88
270	8	2	40.12000000000002	10.12
270	9	2	40.12000000000002	39.88
270	10	2	40.02000000000001	69.71999999999996
270	11	2	40.14141414141414	99.85858585858581
270	12	2	40.12000000000002	129.88
270	13	2	40.126315789473686	160.6105263157894
270	14	2	39.92999999999998	189.99999999999991
270	15	2	70.12	10.12
270	16	2	70.19999999999996	39.94999999999999
270	17	2	70.04	69.87999999999995
270	18	2	70.07000000000002	100.18
270	19	2	69.88000000000001	129.88
270	20	2	70.26086956521739	160.50000000000006
270	21	2	69.8494623655914	190.15053763440852
270	22	2	100.3838383838384	9.85858585858586
270	23	2	99.38947368421054	39.87368421052632
270	24	2	99.87368421052632	70.61052631578951
270	25	2	100.06	100.14000000000003
270	26	2	100.11999999999999	129.87000000000003
270	27	2	100.12	160.11999999999992
270	28	2	99.85858585858585	190.3838383838383
270	29	2	129.87999999999997	10.12
270	30	2	129.87999999999997	40.120000000000005
270	31	2	129.61616161616163	70.14141414141416
270	32	2	130.1414141414141	99.61616161616158
270	33	2	129.49999999999997	129.99999999999991
270	34	2	129.84946236559145	160.15053763440852
270	35	2	130.12	190.11999999999992
270	36	2	159.73000000000005	10.159999999999998
270	37	2	159.92000000000002	40.29
270	38	2	159.99999999999994	69.79
270	39	2	159.90000000000006	99.84
270	40	2	159.69999999999996	130.14000000000001
270	41	2	159.77000000000004	159.85999999999996
270	42	2	159.87999999999997	190.11999999999998
270	43	2	190.19999999999996	10.330000000000005
270	44	2	190.30851063829783	39.436170212765965
270	45	2	190.04999999999993	69.93
270	46	2	190.19	99.83000000000001
270	47	2	190.1199999999999	129.88
270	48	2	189.61616161616163	159.85858585858585
270	49	2	190.03999999999996	189.88000000000008
270	50	1	22.328358208955226	118.34328358208957
270	51	1	96.02487562189053	174.05472636815924
270	52	1	147.36999999999998	159.385
270	53	1	58.03015075376886	147.23618090452268
270	54	1	15.110552763819099	112.39195979899502
270	55	1	46.63000000000001	143.98999999999987
270	56	1	79.67839195979907	122.32160804020103
270	57	1	145.36999999999998	67.94000000000001
270	58	1	27.65	101.85500000000002
270	59	1	146.405	22.91999999999999
270	60	1	84.76000000000003	136.55
270	61	1	131.72864321608031	172.28140703517593
270	62	1	82.75621890547256	170.91044776119398
270	63	1	142.60199004975127	41.537313432835816
270	64	1	110.68000000000002	75.91499999999998
270	65	1	178.75	121.38499999999998
270	66	1	169.2650000000001	50.11
270	67	1	21.475000000000016	164.16000000000003
270	68	1	112.89949748743715	53.26130653266331
270	69	1	47.765000000000015	166.56000000000003
270	70	1	1.9750000000000023	20.804999999999996
270	71	1	0.5400000000000006	33.28
270	72	1	125.55223880597012	26.213930348258707
270	73	1	120.16915422885573	46.447761194029844
270	74	1	143.2211055276382	174.17085427135677
270	75	1	23.820000000000014	68.19999999999993
270	76	1	60.039800995024876	115.73134328358213
270	77	1	111.75499999999997	144.06499999999997
270	78	1	11.29	176.01000000000008
270	79	1	148.18999999999997	94.3
270	80	1	19.16500000000001	3.0550000000000352
270	81	1	27.741293532338293	179.47761194029837
270	82	1	89.45499999999996	153.72
270	83	1	57.59000000000001	131.38500000000002
270	84	1	116.13432835820893	114.63184079601994
270	85	1	78.60696517412934	152.04975124378112
270	86	1	24.680000000000014	192.42500000000015
270	87	1	102.88000000000004	117.40500000000002
270	88	1	26.375000000000004	149.96999999999997
270	89	1	117.90999999999998	65.38500000000002
270	90	1	186.66499999999988	109.78499999999995
270	91	1	179.09999999999994	49.805
270	92	1	49.79500000000001	177.67999999999998
270	93	1	113.37000000000003	130.4650000000001
270	94	1	102.76499999999997	87.25500000000002
270	95	1	171.8500000000002	111.33500000000002
270	96	1	35.26368159203982	143.89552238805976
270	97	1	159.90499999999994	175.055
270	98	1	112.93034825870647	32.90547263681588
270	99	1	136.2899999999999	55.64000000000002
280	1	2	10.141414141414144	9.616161616161618
280	2	2	10.270833333333334	40.270833333333314
280	3	2	9.81	70.12000000000003
280	4	2	10.000000000000004	100
280	5	2	10.141414141414144	129.85858585858588
280	6	2	10.383838383838384	160.14141414141415
280	7	2	9.879999999999997	189.88
280	8	2	40.12000000000002	10.12
280	9	2	40.12000000000002	39.88
280	10	2	40.02000000000001	69.71999999999996
280	11	2	40.14141414141414	99.85858585858581
280	12	2	40.12000000000002	129.88
280	13	2	40.126315789473686	160.6105263157894
280	14	2	39.92999999999998	189.99999999999991
280	15	2	70.12	10.12
280	16	2	70.19999999999996	39.94999999999999
280	17	2	70.04	69.87999999999995
280	18	2	70.07000000000002	100.18
280	19	2	69.88000000000001	129.88
280	20	2	70.26086956521739	160.50000000000006
280	21	2	69.8494623655914	190.15053763440852
280	22	2	100.3838383838384	9.85858585858586
280	23	2	99.38947368421054	39.87368421052632
280	24	2	99.87368421052632	70.61052631578951
280	25	2	100.06	100.14000000000003
280	26	2	100.11999999999999	129.87000000000003
280	27	2	100.12	160.11999999999992
280	28	2	99.85858585858585	190.3838383838383
280	29	2	129.87999999999997	10.12
280	30	2	129.87999999999997	40.120000000000005
280	31	2	129.61616161616163	70.14141414141416
280	32	2	130.1414141414141	99.61616161616158
280	33	2	129.49999999999997	129.99999999999991
280	34	2	129.84946236559145	160.15053763440852
280	35	2	130.12	190.11999999999992
280	36	2	159.73000000000005	10.159999999999998
280	37	2	159.92000000000002	40.29
280	38	2	159.99999999999994	69.79
280	39	2	159.90000000000006	99.84
280	40	2	159.69999999999996	130.14000000000001
280	41	2	159.77000000000004	159.85999999999996
280	42	2	159.87999999999997	190.11999999999998
280	43	2	190.19999999999996	10.330000000000005
280	44	2	190.30851063829783	39.436170212765965
280	45	2	190.04999999999993	69.93
280	46	2	190.19	99.83000000000001
280	47	2	190.1199999999999	129.88
280	48	2	189.61616161616163	159.85858585858585
280	49	2	190.03999999999996	189.88000000000008
280	50	1	22.335000000000004	118.48500000000003
280	51	1	97.295	173.555
280	52	1	147.56999999999996	158.57000000000005
280	53	1	58.10050251256284	147.79396984924617
280	54	1	14.799999999999995	112.81500000000001
280	55	1	47.004975124378134	142.64676616915423
280	56	1	79.31999999999991	121.44000000000003
280	57	1	146.72636815920387	67.82089552238804
280	58	1	27.439999999999987	101.97999999999998
280	59	1	145.17910447761201	22.8805970149254
280	60	1	84.80500000000006	136.76000000000002
280	61	1	131.93969849246224	172.21608040201008
280	62	1	84.07960199004977	172.60696517412936
280	63	1	142.8241206030151	40.96482412060302
280	64	1	110.25125628140704	75.51256281407035
280	65	1	179.64179104477606	120.1542288557214
280	66	1	168.94029850746273	51.50746268656716
280	67	1	21.865671641791046	164.42786069651748
280	68	1	112.83000000000003	53.345
280	69	1	47.9497487437186	166.1105527638192
280	70	1	2.4100000000000024	21.649999999999995
280	71	1	0.14999999999999905	33.565000000000026
280	72	1	126.05	26.055000000000007
280	73	1	120.54	47.270000000000024
280	74	1	142.4221105527637	174.8743718592965
280	75	1	23.781094527363187	70.03980099502486
280	76	1	59.884999999999984	116.67500000000007
280	77	1	110.79499999999992	144.46
280	78	1	12.045000000000003	176.19000000000003
280	79	1	148.32999999999996	93.20999999999998
280	80	1	19.215000000000007	2.6799999999999997
280	81	1	28.321782178217816	178.3960396039605
280	82	1	89.57788944723619	153.04522613065333
280	83	1	58.54000000000001	131.30500000000004
280	84	1	115.01999999999998	115.11500000000004
280	85	1	79.58706467661693	153.32835820895525
280	86	1	25.030150753768858	192.05025125628137
280	87	1	101.77499999999999	117.29999999999995
280	88	1	27.090000000000007	151.10500000000005
280	89	1	118.49246231155784	65.51758793969844
280	90	1	186.485	108.95
280	91	1	179.16500000000005	48.455000000000005
280	92	1	49.56783919597991	177.51758793969844
280	93	1	113.935	129.98999999999995
280	94	1	104.615	87.49000000000002
280	95	1	170.86499999999998	112.63499999999996
280	96	1	34.82999999999999	144.06500000000003
280	97	1	158.22388059701493	174.85572139303483
280	98	1	113.7839195979899	33.22613065326633
280	99	1	136.98999999999998	56.28
290	1	2	10.141414141414144	9.616161616161618
290	2	2	10.270833333333334	40.270833333333314
290	3	2	9.81	70.12000000000003
290	4	2	10.000000000000004	100
290	5	2	10.141414141414144	129.85858585858588
290	6	2	10.383838383838384	160.14141414141415
290	7	2	9.879999999999997	189.88
290	8	2	40.12000000000002	10.12
290	9	2	40.12000000000002	39.88
290	10	2	40.02000000000001	69.71999999999996
290	11	2	40.14141414141414	99.85858585858581
290	12	2	40.12000000000002	129.88
290	13	2	40.126315789473686	160.6105263157894
290	14	2	39.92999999999998	189.99999999999991
290	15	2	70.12	10.12
290	16	2	70.19999999999996	39.94999999999999
290	17	2	70.04	69.87999999999995
290	18	2	70.07000000000002	100.18
290	19	2	69.88000000000001	129.88
290	20	2	70.26086956521739	160.50000000000006
290	21	2	69.8494623655914	190.15053763440852
290	22	2	100.3838383838384	9.85858585858586
290	23	2	99.38947368421054	39.87368421052632
290	24	2	99.87368421052632	70.61052631578951
290	25	2	100.06	100.14000000000003
290	26	2	100.11999999999999	129.87000000000003
290	27	2	100.12	160.11999999999992
290	28	2	99.85858585858585	190.3838383838383
290	29	2	129.87999999999997	10.12
290	30	2	129.87999999999997	40.120000000000005
290	31	2	129.61616161616163	70.14141414141416
290	32	2	130.1414141414141	99.61616161616158
290	33	2	129.49999999999997	129.99999999999991
290	34	2	129.84946236559145	160.15053763440852
290	35	2	130.12	190.11999999999992
290	36	2	159.73000000000005	10.159999999999998
290	37	2	159.92000000000002	40.29
290	38	2	159.99999999999994	69.79
290	39	2	159.90000000000006	99.84
290	40	2	159.69999999999996	130.14000000000001
290	41	2	159.77000000000004	159.85999999999996
290	42	2	159.87999999999997	190.11999999999998
290	43	2	190.19999999999996	10.330000000000005
290	44	2	190.30851063829783	39.436170212765965
290	45	2	190.04999999999993	69.93
290	46	2	190.19	99.83000000000001
290	47	2	190.1199999999999	129.88
290	48	2	189.61616161616163	159.85858585858585
290	49	2	190.03999999999996	189.88000000000008
290	50	1	22.03000000000001	118.94500000000004
290	51	1	97.82000000000004	172.95999999999995
290	52	1	148.10500000000013	157.49499999999983
290	53	1	58.455	148.26500000000001
290	54	1	14.814070351758795	112.87939698492465
290	55	1	47.606965174129364	141.66169154228857
290	56	1	78.82089552238808	120.4278606965174
290	57	1	147.61809045226127	68.21608040201008
290	58	1	27.64999999999999	102.55999999999995
290	59	1	143.73869346733667	22.195979899497498
290	60	1	84.01	137.19499999999996
290	61	1	132.5749999999999	171.78499999999994
290	62	1	85.32499999999999	173.58999999999992
290	63	1	142.8291457286431	39.899497487437166
290	64	1	110.07500000000002	75.08000000000007
290	65	1	180.84079601990064	118.42288557213931
290	66	1	169.06999999999994	52.73499999999999
290	67	1	22.1356783919598	164.3768844221104
290	68	1	112.75500000000001	53.40499999999998
290	69	1	48.150753768844254	165.78391959798998
290	70	1	3.2200000000000015	22.215000000000003
290	71	1	199.71859296482413	33.87437185929646
290	72	1	126.81000000000002	26.095000000000013
290	73	1	121.22	48.04999999999999
290	74	1	142.07537688442204	174.85929648241208
290	75	1	23.313432835820894	71.22388059701485
290	76	1	59.48241206030154	117.2964824120603
290	77	1	109.6218905472637	144.35323383084582
290	78	1	12.969849246231155	176.180904522613
290	79	1	147.81499999999986	91.93000000000002
290	80	1	19.715000000000007	2.235000000000001
290	81	1	28.601990049751233	178.1641791044776
290	82	1	89.5477386934673	152.10050251256288
290	83	1	58.885	131.47499999999994
290	84	1	114.09500000000003	115.24999999999997
290	85	1	80.02999999999999	154.745
290	86	1	25.34999999999999	191.84999999999997
290	87	1	101.19597989949752	117.11557788944724
290	88	1	28.144278606965177	152.094527363184
290	89	1	118.8693467336683	65.31658291457283
290	90	1	186.185	108.36000000000003
290	91	1	179.28643216080405	47.60804020100504
290	92	1	49.57711442786066	177.1542288557214
290	93	1	114.38000000000001	129.655
290	94	1	106.04020100502514	87.55778894472364
290	95	1	170.00995024875624	114.48756218905476
290	96	1	34.80499999999998	143.98
290	97	1	156.1649999999999	175.13000000000008
290	98	1	115.25500000000001	33.74500000000001
290	99	1	137.9552238805971	56.59701492537314
300	1	2	10.141414141414144	9.616161616161618
300	2	2	10.270833333333334	40.270833333333314
300	3	2	9.81	70.12000000000003
300	4	2	10.000000000000004	100
300	5	2	10.141414141414144	129.85858585858588
300	6	2	10.383838383838384	160.14141414141415
300	7	2	9.879999999999997	189.88
300	8	2	40.12000000000002	10.12
300	9	2	40.12000000000002	39.88
300	10	2	40.02000000000001	69.71999999999996
300	11	2	40.14141414141414	99.85858585858581
300	12	2	40.12000000000002	129.88
300	13	2	40.126315789473686	160.6105263157894
300	14	2	39.92999999999998	189.99999999999991
300	15	2	70.12	10.12
300	16	2	70.19999999999996	39.94999999999999
300	17	2	70.04	69.87999999999995
300	18	2	70.07000000000002	100.18
300	19	2	69.88000000000001	129.88
300	20	2	70.26086956521739	160.50000000000006
300	21	2	69.8494623655914	190.15053763440852
300	22	2	100.3838383838384	9.85858585858586
300	23	2	99.38947368421054	39.87368421052632
300	24	2	99.87368421052632	70.61052631578951
300	25	2	100.06	100.14000000000003
300	26	2	100.11999999999999	129.87000000000003
300	27	2	100.12	160.11999999999992
300	28	2	99.85858585858585	190.3838383838383
300	29	2	129.87999999999997	10.12
300	30	2	129.87999999999997	40.120000000000005
300	31	2	129.61616161616163	70.14141414141416
300	32	2	130.1414141414141	99.61616161616158
300	33	2	129.49999999999997	129.99999999999991
300	34	2	129.84946236559145	160.15053763440852
300	35	2	130.12	190.11999999999992
300	36	2	159.73000000000005	10.159999999999998
300	37	2	159.92000000000002	40.29
300	38	2	159.99999999999994	69.79
300	39	2	159.90000000000006	99.84
300	40	2	159.69999999999996	130.14000000000001
300	41	2	159.77000000000004	159.85999999999996
300	42	2	159.87999999999997	190.11999999999998
300	43	2	190.19999999999996	10.330000000000005
300	44	2	190.30851063829783	39.436170212765965
300	45	2	190.04999999999993	69.93
300	46	2	190.19	99.83000000000001
300	47	2	190.1199999999999	129.88
300	48	2	189.61616161616163	159.85858585858585
300	49	2	190.03999999999996	189.88000000000008
300	50	1	22.165000000000003	119.30499999999998
300	51	1	97.68656716417918	171.96019900497515
300	52	1	148.23115577889456	156.52763819095478
300	53	1	59.04000000000003	148.3000000000001
300	54	1	15.040000000000006	112.77999999999999
300	55	1	48.190954773869336	141.25125628140702
300	56	1	78.24	120.41999999999997
300	57	1	148.37500000000006	68.82000000000008
300	58	1	27.48999999999999	102.36999999999998
300	59	1	142.99999999999994	21.095000000000002
300	60	1	83.37	137.99499999999998
300	61	1	132.84999999999997	171.51500000000001
300	62	1	87.01990049751247	174.87562189054725
300	63	1	143.35500000000005	38.93500000000001
300	64	1	110.00500000000001	74.64000000000004
300	65	1	181.29999999999998	117.07500000000006
300	66	1	168.97999999999993	54.11999999999999
300	67	1	22.264999999999997	164.48000000000002
300	68	1	112.495	53.650000000000006
300	69	1	48.402010050251256	165.2512562814069
300	70	1	3.750000000000001	22.88499999999999
300	71	1	199.575	34.325
300	72	1	127.885	26.25
300	73	1	122.22000000000004	49.105
300	74	1	141.92462311557787	174.85427135678387
300	75	1	22.845	72.36999999999998
300	76	1	59.34	117.14500000000001
300	77	1	108.58499999999998	143.56
300	78	1	12.771144278606968	175.66666666666683
300	79	1	145.58208955223876	91.17412935323381
300	80	1	21.532338308457717	2.1890547263681612
300	81	1	28.929999999999996	177.55
300	82	1	89.85	150.3949999999999
300	83	1	59.11000000000002	130.96000000000006
300	84	1	113.44499999999995	115.18500000000002
300	85	1	80.47999999999999	156.3349999999999
300	86	1	25.46000000000001	191.24000000000007
300	87	1	100.53499999999998	116.94500000000001
300	88	1	29.099999999999994	152.8549999999999
300	89	1	119.14999999999998	65.17000000000003
300	90	1	186.1256281407036	108.05025125628143
300	91	1	178.502487562189	45.990049751243795
300	92	1	49.61	176.80500000000006
300	93	1	114.83000000000001	129.4249999999999
300	94	1	107.81500000000005	87.645
300	95	1	169.58706467661702	115.8756218905472
300	96	1	34.93532338308456	144.3233830845771
300	97	1	154.87500000000003	175.02000000000007
300	98	1	116.59000000000005	34.58999999999998
300	99	1	138.93532338308455	57.20895522388058
310	1	2	10.141414141414144	9.616161616161618
310	2	2	10.270833333333334	40.270833333333314
310	3	2	9.81	70.12000000000003
310	4	2	10.000000000000004	100
310	5	2	10.141414141414144	129.85858585858588
310	6	2	10.383838383838384	160.14141414141415
310	7	2	9.879999999999997	189.88
310	8	2	40.12000000000002	10.12
310	9	2	40.12000000000002	39.88
310	10	2	40.02000000000001	69.71999999999996
310	11	2	40.14141414141414	99.85858585858581
310	12	2	40.12000000000002	129.88
310	13	2	40.126315789473686	160.6105263157894
310	14	2	39.92999999999998	189.99999999999991
310	15	2	70.12	10.12
310	16	2	70.19999999999996	39.94999999999999
310	17	2	70.04	69.87999999999995
310	18	2	70.07000000000002	100.18
310	19	2	69.88000000000001	129.88
310	20	2	70.26086956521739	160.50000000000006
310	21	2	69.8494623655914	190.15053763440852
310	22	2	100.3838383838384	9.85858585858586
310	23	2	99.38947368421054	39.87368421052632
310	24	2	99.87368421052632	70.61052631578951
310	25	2	100.06	100.14000000000003
310	26	2	100.11999999999999	129.87000000000003
310	27	2	100.12	160.11999999999992
310	28	2	99.85858585858585	190.3838383838383
310	29	2	129.87999999999997	10.12
310	30	2	129.87999999999997	40.120000000000005
310	31	2	129.61616161616163	70.14141414141416
310	32	2	130.1414141414141	99.61616161616158
310	33	2	129.49999999999997	129.99999999999991
310	34	2	129.84946236559145	160.15053763440852
310	35	2	130.12	190.11999999999992
310	36	2	159.73000000000005	10.159999999999998
310	37	2	159.92000000000002	40.29
310	38	2	159.99999999999994	69.79
310	39	2	159.90000000000006	99.84
310	40	2	159.69999999999996	130.14000000000001
310	41	2	159.77000000000004	159.85999999999996
310	42	2	159.87999999999997	190.11999999999998
310	43	2	190.19999999999996	10.330000000000005
310	44	2	190.30851063829783	39.436170212765965
310	45	2	190.04999999999993	69.93
310	46	2	190.19	99.83000000000001
310	47	2	190.1199999999999	129.88
310	48	2	189.61616161616163	159.85858585858585
310	49	2	190.03999999999996	189.88000000000008
310	50	1	22.314999999999976	120.00500000000007
310	51	1	97.70500000000001	171.26500000000007
310	52	1	148.66499999999985	155.19
310	53	1	59.03	148.3749999999998
310	54	1	15.154999999999998	113.05000000000003
310	55	1	48.63999999999997	140.46500000000003
310	56	1	77.9497487437186	120.24623115577891
310	57	1	148.84577114427864	69.5621890547264
310	58	1	27.45500000000001	102.13000000000002
310	59	1	142.44	20.729999999999997
310	60	1	82.12935323383087	139.23383084577125
310	61	1	133.89999999999995	170.505
310	62	1	88.41293532338314	175.8805970149254
310	63	1	143.82	38.129999999999995
310	64	1	109.964824120603	74.34673366834171
310	65	1	182.1899999999999	116.55499999999999
310	66	1	169.16499999999994	55.23999999999999
310	67	1	22.715000000000007	164.6100000000001
310	68	1	112.4572864321608	54.00000000000001
310	69	1	48.44949494949493	164.95454545454544
310	70	1	5.281407035175882	23.8140703517588
310	71	1	199.535	34.204999999999984
310	72	1	128.8686868686869	26.31313131313132
310	73	1	123.29648241206036	49.84422110552763
310	74	1	142.04500000000004	174.7100000000001
310	75	1	21.97512437810946	74.62686567164184
310	76	1	59.24000000000004	117.26000000000002
310	77	1	107.61691542288563	142.74626865671647
310	78	1	13.184999999999997	175.39499999999998
310	79	1	143.80999999999997	90.69999999999997
310	80	1	23.163366336633672	1.9158415841584153
310	81	1	29.620000000000015	177.03
310	82	1	89.82089552238806	149.06965174129363
310	83	1	59.63681592039803	131.6119402985075
310	84	1	113.41206030150758	115.32663316582907
310	85	1	80.83084577114431	157.6815920398011
310	86	1	25.639999999999993	190.28999999999996
310	87	1	100.49	116.78500000000003
310	88	1	29.495	153.045
310	89	1	119.48743718592962	65.10552763819096
310	90	1	185.61000000000013	107.58499999999995
310	91	1	177.78999999999994	45.47499999999998
310	92	1	49.195	176.97
310	93	1	115.06532663316585	129.7839195979899
310	94	1	109.46000000000001	87.95499999999997
310	95	1	169.56218905472642	116.8009950248756
310	96	1	35.4924623115578	144.71356783919595
310	97	1	154.0000000000001	174.67999999999998
310	98	1	117.09950248756215	35.522388059701484
310	99	1	139.61500000000007	57.39500000000002
320	1	2	10.141414141414144	9.616161616161618
320	2	2	10.270833333333334	40.270833333333314
320	3	2	9.81	70.12000000000003
320	4	2	10.000000000000004	100
320	5	2	10.141414141414144	129.85858585858588
320	6	2	10.383838383838384	160.14141414141415
320	7	2	9.879999999999997	189.88
320	8	2	40.12000000000002	10.12
320	9	2	40.12000000000002	39.88
320	10	2	40.02000000000001	69.71999999999996
320	11	2	40.14141414141414	99.85858585858581
320	12	2	40.12000000000002	129.88
320	13	2	40.126315789473686	160.6105263157894
320	14	2	39.92999999999998	189.99999999999991
320	15	2	70.12	10.12
320	16	2	70.19999999999996	39.94999999999999
320	17	2	70.04	69.87999999999995
320	18	2	70.07000000000002	100.18
320	19	2	69.88000000000001	129.88
320	20	2	70.26086956521739	160.50000000000006
320	21	2	69.8494623655914	190.15053763440852
320	22	2	100.3838383838384	9.85858585858586
320	23	2	99.38947368421054	39.87368421052632
320	24	2	99.87368421052632	70.61052631578951
320	25	2	100.06	100.14000000000003
320	26	2	100.11999999999999	129.87000000000003
320	27	2	100.12	160.11999999999992
320	28	2	99.85858585858585	190.3838383838383
320	29	2	129.87999999999997	10.12
320	30	2	129.87999999999997	40.120000000000005
320	31	2	129.61616161616163	70.14141414141416
320	32	2	130.1414141414141	99.61616161616158
320	33	2	129.49999999999997	129.99999999999991
320	34	2	129.84946236559145	160.15053763440852
320	35	2	130.12	190.11999999999992
320	36	2	159.73000000000005	10.159999999999998
320	37	2	159.92000000000002	40.29
320	38	2	159.99999999999994	69.79
320	39	2	159.90000000000006	99.84
320	40	2	159.69999999999996	130.14000000000001
320	41	2	159.77000000000004	159.85999999999996
320	42	2	159.87999999999997	190.11999999999998
320	43	2	190.19999999999996	10.330000000000005
320	44	2	190.30851063829783	39.436170212765965
320	45	2	190.04999999999993	69.93
320	46	2	190.19	99.83000000000001
320	47	2	190.1199999999999	129.88
320	48	2	189.61616161616163	159.85858585858585
320	49	2	190.03999999999996	189.88000000000008
320	50	1	22.21	120.68000000000005
320	51	1	98.044776119403	171.28358208955225
320	52	1	148.82	154.815
320	53	1	59.62500000000001	148.16500000000002
320	54	1	15.334999999999996	113.08500000000002
320	55	1	48.97512437810943	140.044776119403
320	56	1	77.29500000000002	120.12999999999995
320	57	1	149.11499999999987	70.06000000000002
320	58	1	27.47999999999999	102.25999999999999
320	59	1	142.0950000000001	20.22499999999999
320	60	1	82.00500000000001	139.55999999999997
320	61	1	134.21890547263675	169.9303482587065
320	62	1	89.64499999999998	176.89000000000001
320	63	1	144.1155778894473	37.32663316582913
320	64	1	109.94000000000005	74.315
320	65	1	182.6766169154229	116.15422885572136
320	66	1	169.50248756218906	56.303482587064686
320	67	1	23.07960199004976	164.79104477611932
320	68	1	112.10999999999997	54.225
320	69	1	48.58000000000002	164.40000000000006
320	70	1	6.115577889447235	24.52261306532664
320	71	1	199.55	34.07999999999999
320	72	1	129.08999999999992	26.354999999999993
320	73	1	124.94000000000001	50.54000000000001
320	74	1	142.05499999999995	174.64000000000001
320	75	1	21.62000000000001	75.685
320	76	1	59.495	117.32499999999997
320	77	1	106.265	142.255
320	78	1	13.219999999999995	175.59999999999997
320	79	1	142.45544554455452	89.8267326732674
320	80	1	24.386934673366834	1.6934673366834185
320	81	1	30.015075376884415	176.58291457286435
320	82	1	89.27499999999998	148.70499999999996
320	83	1	60.025000000000006	132.0800000000001
320	84	1	113.42000000000002	115.25999999999993
320	85	1	81.05025125628136	159.18592964824126
320	86	1	25.31343283582091	189.83582089552232
320	87	1	100.43999999999996	116.95499999999996
320	88	1	29.58706467661691	153.24875621890544
320	89	1	119.63000000000004	64.93499999999999
320	90	1	184.94000000000003	107.4
320	91	1	176.45226130653268	44.537688442211056
320	92	1	49.125000000000014	177.18999999999994
320	93	1	115.30000000000003	130.28499999999994
320	94	1	111.01999999999998	88.065
320	95	1	169.64179104477617	118.14427860696517
320	96	1	35.65500000000001	144.64500000000007
320	97	1	152.7412935323383	175.0049751243781
320	98	1	117.52499999999998	36.635000000000005
320	99	1	140.1299999999999	57.65500000000004
330	1	2	10.141414141414144	9.616161616161618
330	2	2	10.270833333333334	40.270833333333314
330	3	2	9.81	70.12000000000003
330	4	2	10.000000000000004	100
330	5	2	10.141414141414144	129.85858585858588
330	6	2	10.383838383838384	160.14141414141415
330	7	2	9.879999999999997	189.88
330	8	2	40.12000000000002	10.12
330	9	2	40.12000000000002	39.88
330	10	2	40.02000000000001	69.71999999999996
330	11	2	40.14141414141414	99.85858585858581
330	12	2	40.12000000000002	129.88
330	13	2	40.126315789473686	160.6105263157894
330	14	2	39.92999999999998	189.99999999999991
330	15	2	70.12	10.12
330	16	2	70.19999999999996	39.94999999999999
330	17	2	70.04	69.87999999999995
330	18	2	70.07000000000002	100.18
330	19	2	69.88000000000001	129.88
330	20	2	70.26086956521739	160.50000000000006
330	21	2	69.8494623655914	190.15053763440852
330	22	2	100.3838383838384	9.85858585858586
330	23	2	99.38947368421054	39.87368421052632
330	24	2	99.87368421052632	70.61052631578951
330	25	2	100.06	100.14000000000003
330	26	2	100.11999999999999	129.87000000000003
330	27	2	100.12	160.11999999999992
330	28	2	99.85858585858585	190.3838383838383
330	29	2	129.87999999999997	10.12
330	30	2	129.87999999999997	40.120000000000005
330	31	2	129.61616161616163	70.14141414141416
330	32	2	130.1414141414141	99.61616161616158
330	33	2	129.49999999999997	129.99999999999991
330	34	2	129.84946236559145	160.15053763440852
330	35	2	130.12	190.11999999999992
330	36	2	159.73000000000005	10.159999999999998
330	37	2	159.92000000000002	40.29
330	38	2	159.99999999999994	69.79
330	39	2	159.90000000000006	99.84
330	40	2	159.69999999999996	130.14000000000001
330	41	2	159.77000000000004	159.85999999999996
330	42	2	159.87999999999997	190.11999999999998
330	43	2	190.19999999999996	10.330000000000005
330	44	2	190.30851063829783	39.436170212765965
330	45	2	190.04999999999993	69.93
330	46	2	190.19	99.83000000000001
330	47	2	190.1199999999999	129.88
330	48	2	189.61616161616163	159.85858585858585
330	49	2	190.03999999999996	189.88000000000008
330	50	1	22.09	121.64
330	51	1	98.16582914572868	171.070351758794
330	52	1	149.01000000000002	154.2800000000001
330	53	1	59.83499999999998	148.335
330	54	1	15.524999999999999	113.22500000000001
330	55	1	49.61499999999999	139.74500000000012
330	56	1	76.85000000000001	120.60500000000002
330	57	1	149.195	70.49000000000002
330	58	1	27.93500000000001	103.18000000000006
330	59	1	141.8442211055277	20.06030150753769
330	60	1	81.57711442786069	140.44776119402985
330	61	1	134.54000000000002	169.50000000000009
330	62	1	90.445	178.86499999999995
330	63	1	144.70351758793967	36.17587939698492
330	64	1	109.72000000000001	74.02000000000002
330	65	1	183.20499999999998	116.07000000000002
330	66	1	170.0300000000001	56.80499999999998
330	67	1	23.810945273631848	165.83084577114417
330	68	1	111.82500000000002	54
330	69	1	48.86432160804017	164.10552763819095
330	70	1	6.649999999999998	24.84499999999999
330	71	1	199.57286432160805	34.05025125628139
330	72	1	129.68999999999994	26.255000000000003
330	73	1	126.21000000000006	51.25999999999998
330	74	1	142.34000000000003	173.93000000000004
330	75	1	21.572139303482597	77.57213930348263
330	76	1	59.34673366834174	117.72864321608034
330	77	1	104.86069651741293	142.58208955223876
330	78	1	13.482412060301508	175.58291457286433
330	79	1	140.99000000000004	89.24000000000002
330	80	1	26.084999999999994	1.5050000000000003
330	81	1	31.109999999999996	176.1700000000001
330	82	1	88.97	148.42000000000013
330	83	1	60.69849246231154	132.93467336683418
330	84	1	113.59999999999998	115.32000000000002
330	85	1	81.83500000000005	161.07000000000002
330	86	1	25.064999999999998	189.515
330	87	1	100.73499999999999	116.88
330	88	1	29.597989949748754	153.49748743718598
330	89	1	119.39999999999993	64.52999999999997
330	90	1	184.32500000000007	107.24999999999997
330	91	1	174.81094527363186	43.069651741293534
330	92	1	48.71499999999998	177.06500000000003
330	93	1	115.23999999999998	131.67500000000004
330	94	1	111.85000000000001	88.21999999999996
330	95	1	170.13432835820896	119.2985074626865
330	96	1	36.36180904522612	144.76381909547746
330	97	1	151.68000000000006	175.78000000000006
330	98	1	117.77999999999999	37.14999999999997
330	99	1	140.50251256281413	57.37688442211056
340	1	2	10.141414141414144	9.616161616161618
340	2	2	10.270833333333334	40.270833333333314
340	3	2	9.81	70.12000000000003
340	4	2	10.000000000000004	100
340	5	2	10.141414141414144	129.85858585858588
340	6	2	10.383838383838384	160.14141414141415
340	7	2	9.879999999999997	189.88
340	8	2	40.12000000000002	10.12
340	9	2	40.12000000000002	39.88
340	10	2	40.02000000000001	69.71999999999996
340	11	2	40.14141414141414	99.85858585858581
340	12	2	40.12000000000002	129.88
340	13	2	40.126315789473686	160.6105263157894
340	14	2	39.92999999999998	189.99999999999991
340	15	2	70.12	10.12
340	16	2	70.19999999999996	39.94999999999999
340	17	2	70.04	69.87999999999995
340	18	2	70.07000000000002	100.18
340	19	2	69.88000000000001	129.88
340	20	2	70.26086956521739	160.50000000000006
340	21	2	69.8494623655914	190.15053763440852
340	22	2	100.3838383838384	9.85858585858586
340	23	2	99.38947368421054	39.87368421052632
340	24	2	99.87368421052632	70.61052631578951
340	25	2	100.06	100.14000000000003
340	26	2	100.11999999999999	129.87000000000003
340	27	2	100.12	160.11999999999992
340	28	2	99.85858585858585	190.3838383838383
340	29	2	129.87999999999997	10.12
340	30	2	129.87999999999997	40.120000000000005
340	31	2	129.61616161616163	70.14141414141416
340	32	2	130.1414141414141	99.61616161616158
340	33	2	129.49999999999997	129.99999999999991
340	34	2	129.84946236559145	160.15053763440852
340	35	2	130.12	190.11999999999992
340	36	2	159.73000000000005	10.159999999999998
340	37	2	159.92000000000002	40.29
340	38	2	159.99999999999994	69.79
340	39	2	159.90000000000006	99.84
340	40	2	159.69999999999996	130.14000000000001
340	41	2	159.77000000000004	159.85999999999996
340	42	2	159.87999999999997	190.11999999999998
340	43	2	190.19999999999996	10.330000000000005
340	44	2	190.30851063829783	39.436170212765965
340	45	2	190.04999999999993	69.93
340	46	2	190.19	99.83000000000001
340	47	2	190.1199999999999	129.88
340	48	2	189.61616161616163	159.85858585858585
340	49	2	190.03999999999996	189.88000000000008
340	50	1	22.56000000000002	122.74499999999999
340	51	1	98.13065326633169	170.97989949748742
340	52	1	149.01990049751245	153.7313432835822
340	53	1	59.606965174129336	148.28855721393026
340	54	1	16.115000000000006	113.23999999999992
340	55	1	49.89499999999996	138.98999999999995
340	56	1	76.25373134328356	120.36318407960202
340	57	1	149.22000000000003	70.92500000000001
340	58	1	27.885	103.39999999999996
340	59	1	141.81909547738684	19.844221105527634
340	60	1	81.28999999999996	141.08500000000004
340	61	1	134.89000000000004	169.26999999999998
340	62	1	90.62499999999996	179.94
340	63	1	144.8894472361808	35.36683417085429
340	64	1	109.83000000000003	73.82000000000001
340	65	1	183.68159203980093	116.28855721393037
340	66	1	171.48000000000002	56.775
340	67	1	24.482412060301538	166.51758793969847
340	68	1	111.00499999999997	54.41500000000002
340	69	1	49.04000000000001	163.79999999999978
340	70	1	7.850000000000001	25.505000000000006
340	71	1	199.675	33.86999999999998
340	72	1	130.01999999999995	26.064999999999994
340	73	1	127.135	51.8
340	74	1	142.61500000000007	173.77999999999997
340	75	1	21.52	80.55500000000005
340	76	1	58.870000000000005	117.83500000000008
340	77	1	104.04999999999998	143.02
340	78	1	14.180000000000003	175.93500000000006
340	79	1	139.815	88.47000000000001
340	80	1	27.30499999999999	1.3200000000000005
340	81	1	32.07462686567163	175.80099502487573
340	82	1	88.82914572864321	147.55276381909545
340	83	1	61.0251256281407	133.4924623115577
340	84	1	114.15	115.62999999999997
340	85	1	82.63000000000001	161.97499999999994
340	86	1	24.714999999999996	189.7849999999999
340	87	1	100.90499999999996	116.79499999999999
340	88	1	29.60499999999999	153.83500000000006
340	89	1	119.71356783919592	64.26130653266331
340	90	1	184.04500000000004	107.46499999999999
340	91	1	173.1	42.85500000000001
340	92	1	48.46500000000001	177.13999999999993
340	93	1	115.35999999999999	132.735
340	94	1	113.08955223880595	88.97512437810943
340	95	1	170.7850000000001	120.55500000000002
340	96	1	36.729999999999976	145.05499999999998
340	97	1	150.83000000000004	176.21999999999994
340	98	1	117.95000000000002	38.095000000000006
340	99	1	140.74000000000007	57.14500000000003
350	1	2	10.141414141414144	9.616161616161618
350	2	2	10.270833333333334	40.270833333333314
350	3	2	9.81	70.12000000000003
350	4	2	10.000000000000004	100
350	5	2	10.141414141414144	129.85858585858588
350	6	2	10.383838383838384	160.14141414141415
350	7	2	9.879999999999997	189.88
350	8	2	40.12000000000002	10.12
350	9	2	40.12000000000002	39.88
350	10	2	40.02000000000001	69.71999999999996
350	11	2	40.14141414141414	99.85858585858581
350	12	2	40.12000000000002	129.88
350	13	2	40.126315789473686	160.6105263157894
350	14	2	39.92999999999998	189.99999999999991
350	15	2	70.12	10.12
350	16	2	70.19999999999996	39.94999999999999
350	17	2	70.04	69.87999999999995
350	18	2	70.07000000000002	100.18
350	19	2	69.88000000000001	129.88
350	20	2	70.26086956521739	160.50000000000006
350	21	2	69.8494623655914	190.15053763440852
350	22	2	100.3838383838384	9.85858585858586
350	23	2	99.38947368421054	39.87368421052632
350	24	2	99.87368421052632	70.61052631578951
350	25	2	100.06	100.14000000000003
350	26	2	100.11999999999999	129.87000000000003
350	27	2	100.12	160.11999999999992
350	28	2	99.85858585858585	190.3838383838383
350	29	2	129.87999999999997	10.12
350	30	2	129.87999999999997	40.120000000000005
350	31	2	129.61616161616163	70.14141414141416
350	32	2	130.1414141414141	99.61616161616158
350	33	2	129.49999999999997	129.99999999999991
350	34	2	129.84946236559145	160.15053763440852
350	35	2	130.12	190.11999999999992
350	36	2	159.73000000000005	10.159999999999998
350	37	2	159.92000000000002	40.29
350	38	2	159.99999999999994	69.79
350	39	2	159.90000000000006	99.84
350	40	2	159.69999999999996	130.14000000000001
350	41	2	159.77000000000004	159.85999999999996
350	42	2	159.87999999999997	190.11999999999998
350	43	2	190.19999999999996	10.330000000000005
350	44	2	190.30851063829783	39.436170212765965
350	45	2	190.04999999999993	69.93
350	46	2	190.19	99.83000000000001
350	47	2	190.1199999999999	129.88
350	48	2	189.61616161616163	159.85858585858585
350	49	2	190.03999999999996	189.88000000000008
350	50	1	23.090000000000003	123.73
350	51	1	97.76000000000002	170.79
350	52	1	149.08040201005036	153.81407035175886
350	53	1	59.155778894472355	148.1708542713568
350	54	1	17.14427860696518	112.96517412935327
350	55	1	49.990000000000016	138.72
350	56	1	75.63999999999999	120.31499999999998
350	57	1	149.26499999999996	71.32500000000005
350	58	1	28.17000000000001	103.55499999999995
350	59	1	141.77889447236194	19.96482412060302
350	60	1	80.83582089552239	141.98009950248755
350	61	1	135.01499999999993	169.09999999999997
350	62	1	90.83499999999994	181.57500000000002
350	63	1	145.18500000000006	34.73
350	64	1	109.85427135678395	74.1959798994975
350	65	1	183.59999999999988	116.24999999999994
350	66	1	172.6766169154229	56.47761194029848
350	67	1	25.25999999999999	166.61500000000015
350	68	1	109.885	55.12999999999999
350	69	1	48.934999999999995	163.84999999999997
350	70	1	8.429999999999996	25.664999999999992
350	71	1	199.65	33.82000000000002
350	72	1	130.17085427135677	25.35175879396986
350	73	1	128.24500000000006	52.37500000000003
350	74	1	142.73366834170858	173.73869346733665
350	75	1	21.437810945273633	82.95024875621898
350	76	1	58.13999999999999	118.11499999999998
350	77	1	103.10447761194033	143.5970149253731
350	78	1	15.145	176.51500000000013
350	79	1	138.70149253731344	87.23383084577115
350	80	1	28.734999999999992	1.0400000000000003
350	81	1	32.51758793969849	175.84422110552768
350	82	1	89.14999999999998	146.7600000000002
350	83	1	61.18090452261308	133.81909547738698
350	84	1	114.09500000000001	116.21499999999999
350	85	1	83.24999999999999	162.71000000000004
350	86	1	24.66331658291459	190.2261306532662
350	87	1	101.09500000000007	116.50500000000001
350	88	1	29.150000000000006	153.43
350	89	1	119.67500000000004	63.414999999999985
350	90	1	183.425	107.46500000000002
350	91	1	171.80500000000004	42.865000000000016
350	92	1	48.18999999999998	177.19499999999994
350	93	1	115.50746268656714	134.25373134328365
350	94	1	114.39303482587061	89.4676616915423
350	95	1	171.66999999999996	121.71999999999993
350	96	1	37.04522613065328	145.1055276381909
350	97	1	150.61499999999998	176.77499999999995
350	98	1	117.78391959798991	39.39195979899497
350	99	1	140.8849999999999	56.965
360	1	2	10.141414141414144	9.616161616161618
360	2	2	10.270833333333334	40.270833333333314
360	3	2	9.81	70.12000000000003
360	4	2	10.000000000000004	100
360	5	2	10.141414141414144	129.85858585858588
360	6	2	10.383838383838384	160.14141414141415
360	7	2	9.879999999999997	189.88
360	8	2	40.12000000000002	10.12
360	9	2	40.12000000000002	39.88
360	10	2	40.02000000000001	69.71999999999996
360	11	2	40.14141414141414	99.85858585858581
360	12	2	40.12000000000002	129.88
360	13	2	40.126315789473686	160.6105263157894
360	14	2	39.92999999999998	189.99999999999991
360	15	2	70.12	10.12
360	16	2	70.19999999999996	39.94999999999999
360	17	2	70.04	69.87999999999995
360	18	2	70.07000000000002	100.18
360	19	2	69.88000000000001	129.88
360	20	2	70.26086956521739	160.50000000000006
360	21	2	69.8494623655914	190.15053763440852
360	22	2	100.3838383838384	9.85858585858586
360	23	2	99.38947368421054	39.87368421052632
360	24	2	99.87368421052632	70.61052631578951
360	25	2	100.06	100.14000000000003
360	26	2	100.11999999999999	129.87000000000003
360	27	2	100.12	160.11999999999992
360	28	2	99.85858585858585	190.3838383838383
360	29	2	129.87999999999997	10.12
360	30	2	129.87999999999997	40.120000000000005
360	31	2	129.61616161616163	70.14141414141416
360	32	2	130.1414141414141	99.61616161616158
360	33	2	129.49999999999997	129.99999999999991
360	34	2	129.84946236559145	160.15053763440852
360	35	2	130.12	190.11999999999992
360	36	2	159.73000000000005	10.159999999999998
360	37	2	159.92000000000002	40.29
360	38	2	159.99999999999994	69.79
360	39	2	159.90000000000006	99.84
360	40	2	159.69999999999996	130.14000000000001
360	41	2	159.77000000000004	159.85999999999996
360	42	2	159.87999999999997	190.11999999999998
360	43	2	190.19999999999996	10.330000000000005
360	44	2	190.30851063829783	39.436170212765965
360	45	2	190.04999999999993	69.93
360	46	2	190.19	99.83000000000001
360	47	2	190.1199999999999	129.88
360	48	2	189.61616161616163	159.85858585858585
360	49	2	190.03999999999996	189.88000000000008
360	50	1	24.085000000000008	124.85999999999997
360	51	1	97.35	170.70999999999992
360	52	1	149.06030150753773	153.53266331658284
360	53	1	59.24	148.21000000000004
360	54	1	18.175000000000004	113.14000000000003
360	55	1	49.92500000000001	138.535
360	56	1	75.36815920398016	120.49751243781098
360	57	1	149.05500000000004	71.14999999999998
360	58	1	28.135000000000016	103.44499999999995
360	59	1	142.20500000000007	20.31499999999999
360	60	1	80.73500000000003	142.565
360	61	1	134.79999999999993	169.08999999999992
360	62	1	90.57000000000004	183.25999999999993
360	63	1	145.34673366834176	34.36683417085425
360	64	1	110.04499999999992	74.14999999999998
360	65	1	182.88499999999996	115.97999999999999
360	66	1	174.4773869346733	55.79396984924624
360	67	1	25.57213930348259	167.04975124378115
360	68	1	108.7236180904523	55.537688442211056
360	69	1	49.214999999999996	163.68000000000006
360	70	1	9.184999999999999	25.520000000000007
360	71	1	199.705	33.254999999999995
360	72	1	130.30499999999995	24.76000000000001
360	73	1	128.46999999999994	52.55500000000002
360	74	1	142.86934673366835	173.4120603015075
360	75	1	21.314999999999994	84.35499999999999
360	76	1	56.929999999999986	118.37
360	77	1	102.14500000000002	144.38999999999996
360	78	1	15.365000000000004	176.77000000000012
360	79	1	137.97499999999994	86.45000000000002
360	80	1	29.796019900497498	0.4776119402985074
360	81	1	32.69000000000002	176.12499999999994
360	82	1	89.37500000000001	146.30000000000007
360	83	1	61.22613065326635	134.1557788944726
360	84	1	114.18499999999999	116.48499999999999
360	85	1	83.93532338308464	163.41293532338298
360	86	1	24.019900497512428	191.0199004975124
360	87	1	101.52999999999996	116.56999999999994
360	88	1	27.964999999999996	153.41999999999996
360	89	1	119.40999999999997	62.419999999999995
360	90	1	183.2361809045226	107.56281407035178
360	91	1	170.69999999999996	43.08999999999998
360	92	1	48.13	177.345
360	93	1	115.9800995024876	135.1542288557213
360	94	1	115.57000000000001	90.11999999999996
360	95	1	173.09452736318397	123.07960199004974
360	96	1	37.13432835820894	145.5074626865672
360	97	1	150.26000000000008	177.10999999999999
360	98	1	117.49000000000004	39.86499999999999
360	99	1	140.79999999999993	56.635000000000005
370	1	2	10.141414141414144	9.616161616161618
370	2	2	10.270833333333334	40.270833333333314
370	3	2	9.81	70.12000000000003
370	4	2	10.000000000000004	100
370	5	2	10.141414141414144	129.85858585858588
370	6	2	10.383838383838384	160.14141414141415
370	7	2	9.879999999999997	189.88
370	8	2	40.12000000000002	10.12
370	9	2	40.12000000000002	39.88
370	10	2	40.02000000000001	69.71999999999996
370	11	2	40.14141414141414	99.85858585858581
370	12	2	40.12000000000002	129.88
370	13	2	40.126315789473686	160.6105263157894
370	14	2	39.92999999999998	189.99999999999991
370	15	2	70.12	10.12
370	16	2	70.19999999999996	39.94999999999999
370	17	2	70.04	69.87999999999995
370	18	2	70.07000000000002	100.18
370	19	2	69.88000000000001	129.88
370	20	2	70.26086956521739	160.50000000000006
370	21	2	69.8494623655914	190.15053763440852
370	22	2	100.3838383838384	9.85858585858586
370	23	2	99.38947368421054	39.87368421052632
370	24	2	99.87368421052632	70.61052631578951
370	25	2	100.06	100.14000000000003
370	26	2	100.11999999999999	129.87000000000003
370	27	2	100.12	160.11999999999992
370	28	2	99.85858585858585	190.3838383838383
370	29	2	129.87999999999997	10.12
370	30	2	129.87999999999997	40.120000000000005
370	31	2	129.61616161616163	70.14141414141416
370	32	2	130.1414141414141	99.61616161616158
370	33	2	129.49999999999997	129.99999999999991
370	34	2	129.84946236559145	160.15053763440852
370	35	2	130.12	190.11999999999992
370	36	2	159.73000000000005	10.159999999999998
370	37	2	159.92000000000002	40.29
370	38	2	159.99999999999994	69.79
370	39	2	159.90000000000006	99.84
370	40	2	159.69999999999996	130.14000000000001
370	41	2	159.77000000000004	159.85999999999996
370	42	2	159.87999999999997	190.11999999999998
370	43	2	190.19999999999996	10.330000000000005
370	44	2	190.30851063829783	39.436170212765965
370	45	2	190.04999999999993	69.93
370	46	2	190.19	99.83000000000001
370	47	2	190.1199999999999	129.88
370	48	2	189.61616161616163	159.85858585858585
370	49	2	190.03999999999996	189.88000000000008
370	50	1	24.689999999999994	125.95500000000001
370	51	1	96.915	170.975
370	52	1	148.38805970149255	153.5273631840797
370	53	1	59.365000000000016	148.3149999999999
370	54	1	20.12935323383085	113.16915422885569
370	55	1	49.763819095477416	138.54773869346738
370	56	1	74.98500000000001	120.48499999999999
370	57	1	148.85500000000005	71.16499999999995
370	58	1	28.15000000000002	103.80499999999999
370	59	1	142.6749999999999	20.63
370	60	1	80.6318407960199	143.39303482587067
370	61	1	135.04999999999993	168.67000000000002
370	62	1	90.28358208955225	184.25870646766163
370	63	1	145.73	33.995000000000005
370	64	1	110.00499999999998	74.27499999999999
370	65	1	182.98	116.165
370	66	1	175.65000000000006	54.59499999999999
370	67	1	26.120000000000005	166.87999999999997
370	68	1	107.86500000000002	56.13499999999999
370	69	1	49.11055276381907	163.71859296482424
370	70	1	10.37	25.395
370	71	1	199.755	32.614999999999974
370	72	1	130.75999999999993	24.004999999999985
370	73	1	129.07035175879392	53.02512562814071
370	74	1	143.08499999999995	172.9149999999999
370	75	1	21.089552238805968	85.88557213930343
370	76	1	55.76119402985073	118.5472636815921
370	77	1	101.87499999999999	144.73999999999998
370	78	1	16.1	177.48999999999992
370	79	1	137.3050000000001	85.19000000000005
370	80	1	30.825000000000024	0.0649999999999994
370	81	1	32.7	176.46
370	82	1	89.53500000000001	145.905
370	83	1	60.86000000000001	134.14000000000004
370	84	1	115.35323383084571	117.7512437810945
370	85	1	84.27363184079599	164.28855721393046
370	86	1	23.444999999999997	192
370	87	1	101.94974874371857	116.28643216080404
370	88	1	26.386934673366834	154.09547738693468
370	89	1	118.9798994974874	61.77386934673368
370	90	1	183.1809045226132	107.79899497487442
370	91	1	169.7810945273631	42.98009950248755
370	92	1	48.24499999999999	177.295
370	93	1	116.255	136.26000000000008
370	94	1	116.91500000000002	91.56999999999996
370	95	1	174.28999999999996	123.855
370	96	1	37.17085427135678	146.1105527638192
370	97	1	150.1407035175879	177.31155778894473
370	98	1	117.5500000000001	40.49999999999998
370	99	1	140.90954773869356	55.60301507537687
380	1	2	10.141414141414144	9.616161616161618
380	2	2	10.270833333333334	40.270833333333314
380	3	2	9.81	70.12000000000003
380	4	2	10.000000000000004	100
380	5	2	10.141414141414144	129.85858585858588
380	6	2	10.383838383838384	160.14141414141415
380	7	2	9.879999999999997	189.88
380	8	2	40.12000000000002	10.12
380	9	2	40.12000000000002	39.88
380	10	2	40.02000000000001	69.71999999999996
380	11	2	40.14141414141414	99.85858585858581
380	12	2	40.12000000000002	129.88
380	13	2	40.126315789473686	160.6105263157894
380	14	2	39.92999999999998	189.99999999999991
380	15	2	70.12	10.12
380	16	2	70.19999999999996	39.94999999999999
380	17	2	70.04	69.87999999999995
380	18	2	70.07000000000002	100.18
380	19	2	69.88000000000001	129.88
380	20	2	70.26086956521739	160.50000000000006
380	21	2	69.8494623655914	190.15053763440852
380	22	2	100.3838383838384	9.85858585858586
380	23	2	99.38947368421054	39.87368421052632
380	24	2	99.87368421052632	70.61052631578951
380	25	2	100.06	100.14000000000003
380	26	2	100.11999999999999	129.87000000000003
380	27	2	100.12	160.11999999999992
380	28	2	99.85858585858585	190.3838383838383
380	29	2	129.87999999999997	10.12
380	30	2	129.87999999999997	40.120000000000005
380	31	2	129.61616161616163	70.14141414141416
380	32	2	130.1414141414141	99.61616161616158
380	33	2	129.49999999999997	129.99999999999991
380	34	2	129.84946236559145	160.15053763440852
380	35	2	130.12	190.11999999999992
380	36	2	159.73000000000005	10.159999999999998
380	37	2	159.92000000000002	40.29
380	38	2	159.99999999999994	69.79
380	39	2	159.90000000000006	99.84
380	40	2	159.69999999999996	130.14000000000001
380	41	2	159.77000000000004	159.85999999999996
380	42	2	159.87999999999997	190.11999999999998
380	43	2	190.19999999999996	10.330000000000005
380	44	2	190.30851063829783	39.436170212765965
380	45	2	190.04999999999993	69.93
380	46	2	190.19	99.83000000000001
380	47	2	190.1199999999999	129.88
380	48	2	189.61616161616163	159.85858585858585
380	49	2	190.03999999999996	189.88000000000008
380	50	1	25.534999999999986	126.71500000000002
380	51	1	96.57788944723615	171.391959798995
380	52	1	147.42000000000007	153.62500000000009
380	53	1	59.425	148.255
380	54	1	21.21999999999999	113.47500000000008
380	55	1	49.78894472361809	138.35678391959794
380	56	1	74.46999999999993	120.33000000000003
380	57	1	148.73500000000004	70.28000000000006
380	58	1	27.814070351758815	104.12562814070354
380	59	1	143.18407960199002	20.597014925373127
380	60	1	80.36000000000003	144.34000000000006
380	61	1	135.0699999999999	168.78000000000006
380	62	1	89.595	185.19999999999993
380	63	1	145.60999999999999	34.21500000000002
380	64	1	110.01000000000003	75.085
380	65	1	183.09500000000008	116.30000000000005
380	66	1	176.1293532338308	53.626865671641795
380	67	1	26.405000000000005	166.84500000000006
380	68	1	106.84500000000001	56.715
380	69	1	49.08000000000002	163.70500000000007
380	70	1	10.795000000000002	24.385000000000016
380	71	1	199.84	31.884999999999994
380	72	1	131.07000000000014	23.20499999999999
380	73	1	129.19000000000008	53.18999999999996
380	74	1	143.20499999999998	172.92000000000004
380	75	1	20.509999999999987	87.64500000000001
380	76	1	54.804999999999964	118.71500000000002
380	77	1	101.75376884422109	144.98492462311563
380	78	1	16.43500000000001	177.835
380	79	1	136.64499999999992	84.41999999999997
380	80	1	31.644999999999996	199.545
380	81	1	32.81	176.56999999999994
380	82	1	89.79601990049753	145.28358208955217
380	83	1	60.824999999999974	134.22500000000008
380	84	1	116.26633165829145	119.31658291457285
380	85	1	84.68500000000006	165.13499999999996
380	86	1	23.195000000000004	192.64499999999992
380	87	1	102.51758793969847	116.02512562814071
380	88	1	25.314999999999987	154.32500000000007
380	89	1	118.66500000000003	61.17999999999998
380	90	1	183.25628140703517	107.88442211055278
380	91	1	169.45226130653256	43.271356783919614
380	92	1	48.635	177.43499999999995
380	93	1	116.61500000000002	138.13999999999996
380	94	1	118.07000000000001	92.04499999999997
380	95	1	175.65671641791047	124.93034825870646
380	96	1	37.32160804020103	146.5678391959799
380	97	1	150.285	177.4100000000001
380	98	1	117.26633165829148	41.045226130653276
380	99	1	141.3233830845772	54.53731343283582
390	1	2	10.141414141414144	9.616161616161618
390	2	2	10.270833333333334	40.270833333333314
390	3	2	9.81	70.12000000000003
390	4	2	10.000000000000004	100
390	5	2	10.141414141414144	129.85858585858588
390	6	2	10.383838383838384	160.14141414141415
390	7	2	9.879999999999997	189.88
390	8	2	40.12000000000002	10.12
390	9	2	40.12000000000002	39.88
390	10	2	40.02000000000001	69.71999999999996
390	11	2	40.14141414141414	99.85858585858581
390	12	2	40.12000000000002	129.88
390	13	2	40.126315789473686	160.6105263157894
390	14	2	39.92999999999998	189.99999999999991
390	15	2	70.12	10.12
390	16	2	70.19999999999996	39.94999999999999
390	17	2	70.04	69.87999999999995
390	18	2	70.07000000000002	100.18
390	19	2	69.88000000000001	129.88
390	20	2	70.26086956521739	160.50000000000006
390	21	2	69.8494623655914	190.15053763440852
390	22	2	100.3838383838384	9.85858585858586
390	23	2	99.38947368421054	39.87368421052632
390	24	2	99.87368421052632	70.61052631578951
390	25	2	100.06	100.14000000000003
390	26	2	100.11999999999999	129.87000000000003
390	27	2	100.12	160.11999999999992
390	28	2	99.85858585858585	190.3838383838383
390	29	2	129.87999999999997	10.12
390	30	2	129.87999999999997	40.120000000000005
390	31	2	129.61616161616163	70.14141414141416
390	32	2	130.1414141414141	99.61616161616158
390	33	2	129.49999999999997	129.99999999999991
390	34	2	129.84946236559145	160.15053763440852
390	35	2	130.12	190.11999999999992
390	36	2	159.73000000000005	10.159999999999998
390	37	2	159.92000000000002	40.29
390	38	2	159.99999999999994	69.79
390	39	2	159.90000000000006	99.84
390	40	2	159.69999999999996	130.14000000000001
390	41	2	159.77000000000004	159.85999999999996
390	42	2	159.87999999999997	190.11999999999998
390	43	2	190.19999999999996	10.330000000000005
390	44	2	190.30851063829783	39.436170212765965
390	45	2	190.04999999999993	69.93
390	46	2	190.19	99.83000000000001
390	47	2	190.1199999999999	129.88
390	48	2	189.61616161616163	159.85858585858585
390	49	2	190.03999999999996	189.88000000000008
390	50	1	26.345000000000013	127.18499999999996
390	51	1	96.22388059701488	171.7064676616914
390	52	1	146.11	153.85000000000005
390	53	1	59.42000000000001	148.35000000000002
390	54	1	22.180904522613073	114.40703517587937
390	55	1	49.52499999999999	138.24999999999994
390	56	1	73.19597989949753	119.96482412060305
390	57	1	148.36000000000004	69.25999999999996
390	58	1	26.731343283582085	104.23880597014922
390	59	1	143.4278606965173	20.900497512437813
390	60	1	80.24623115577887	144.79899497487438
390	61	1	135.00000000000009	169.105
390	62	1	88.41089108910893	185.8217821782178
390	63	1	145.79	34.254999999999974
390	64	1	110.05025125628138	76.0150753768844
390	65	1	182.79000000000008	116.49000000000004
390	66	1	177.01980198019788	52.331683168316836
390	67	1	26.74371859296482	167.01005025125627
390	68	1	106.41999999999994	57.369999999999976
390	69	1	49.22999999999999	163.71499999999995
390	70	1	12.169154228855719	23.582089552238802
390	71	1	0.3999999999999996	31.099999999999998
390	72	1	131.29500000000004	22.365
390	73	1	129.11	53.74
390	74	1	143.33000000000013	172.86499999999998
390	75	1	20.235000000000003	88.57499999999993
390	76	1	53.894999999999996	118.92500000000001
390	77	1	101.92000000000002	145.23
390	78	1	16.555	177.94499999999996
390	79	1	136.20000000000002	83.87500000000001
390	80	1	32.005	199.08
390	81	1	33.040201005025104	176.65326633165833
390	82	1	89.77500000000002	144.9500000000001
390	83	1	60.630000000000024	134.38999999999996
390	84	1	116.59203980099501	121.06965174129355
390	85	1	84.89000000000001	165.39500000000015
390	86	1	22.9748743718593	193.33668341708537
390	87	1	103.645	115.19999999999997
390	88	1	24.575	154.6949999999999
390	89	1	118.40298507462678	60.41293532338309
390	90	1	183.08040201005028	108.08040201005028
390	91	1	169.37999999999982	43.549999999999955
390	92	1	48.994974874371835	177.66331658291452
390	93	1	116.95000000000005	139.70000000000007
390	94	1	119.15499999999994	92.01500000000003
390	95	1	176.67999999999998	125.94999999999993
390	96	1	37.225	146.97999999999996
390	97	1	150.25000000000006	177.53500000000003
390	98	1	116.925	41.56499999999999
390	99	1	141.5273631840797	53.48756218905474
400	1	2	10.141414141414144	9.616161616161618
400	2	2	10.270833333333334	40.270833333333314
400	3	2	9.81	70.12000000000003
400	4	2	10.000000000000004	100
400	5	2	10.141414141414144	129.85858585858588
400	6	2	10.383838383838384	160.14141414141415
400	7	2	9.879999999999997	189.88
400	8	2	40.12000000000002	10.12
400	9	2	40.12000000000002	39.88
400	10	2	40.02000000000001	69.71999999999996
400	11	2	40.14141414141414	99.85858585858581
400	12	2	40.12000000000002	129.88
400	13	2	40.126315789473686	160.6105263157894
400	14	2	39.92999999999998	189.99999999999991
400	15	2	70.12	10.12
400	16	2	70.19999999999996	39.94999999999999
400	17	2	70.04	69.87999999999995
400	18	2	70.07000000000002	100.18
400	19	2	69.88000000000001	129.88
400	20	2	70.26086956521739	160.50000000000006
400	21	2	69.8494623655914	190.15053763440852
400	22	2	100.3838383838384	9.85858585858586
400	23	2	99.38947368421054	39.87368421052632
400	24	2	99.87368421052632	70.61052631578951
400	25	2	100.06	100.14000000000003
400	26	2	100.11999999999999	129.87000000000003
400	27	2	100.12	160.11999999999992
400	28	2	99.85858585858585	190.3838383838383
400	29	2	129.87999999999997	10.12
400	30	2	129.87999999999997	40.120000000000005
400	31	2	129.61616161616163	70.14141414141416
400	32	2	130.1414141414141	99.61616161616158
400	33	2	129.49999999999997	129.99999999999991
400	34	2	129.84946236559145	160.15053763440852
400	35	2	130.12	190.11999999999992
400	36	2	159.73000000000005	10.159999999999998
400	37	2	159.92000000000002	40.29
400	38	2	159.99999999999994	69.79
400	39	2	159.90000000000006	99.84
400	40	2	159.69999999999996	130.14000000000001
400	41	2	159.77000000000004	159.85999999999996
400	42	2	159.87999999999997	190.11999999999998
400	43	2	190.19999999999996	10.330000000000005
400	44	2	190.30851063829783	39.436170212765965
400	45	2	190.04999999999993	69.93
400	46	2	190.19	99.83000000000001
400	47	2	190.1199999999999	129.88
400	48	2	189.61616161616163	159.85858585858585
400	49	2	190.03999999999996	189.88000000000008
400	50	1	27.029850746268647	127.51741293532338
400	51	1	95.98499999999996	172.49499999999995
400	52	1	144.32999999999993	154.08499999999995
400	53	1	59.51500000000004	148.51500000000001
400	54	1	23.080000000000005	115.07000000000001
400	55	1	49.26500000000001	138.14999999999998
400	56	1	72.11500000000001	120.22499999999997
400	57	1	147.9698492462311	68.1959798994975
400	58	1	25.65	104.60999999999997
400	59	1	143.63499999999985	20.944999999999986
400	60	1	80.30499999999998	145.0449999999999
400	61	1	134.85500000000008	169.36000000000004
400	62	1	87.585	185.72000000000003
400	63	1	145.84500000000003	34.95000000000001
400	64	1	110.06000000000003	76.43500000000006
400	65	1	182.66	116.53999999999995
400	66	1	177.82999999999998	50.77500000000002
400	67	1	27.065000000000005	166.99999999999997
400	68	1	105.84999999999994	57.76499999999997
400	69	1	49.23115577889449	163.66834170854264
400	70	1	13.335000000000003	22.325000000000003
400	71	1	1.159203980099502	30.213930348258717
400	72	1	131.51000000000005	22.199999999999996
400	73	1	129.14427860696523	54.60696517412936
400	74	1	143.64321608040194	172.47236180904528
400	75	1	20.57	90.26499999999996
400	76	1	53.050000000000004	119.09499999999998
400	77	1	102.23499999999997	145.23000000000005
400	78	1	17.140703517587948	178.47738693467335
400	79	1	135.96499999999992	82.75000000000003
400	80	1	32.32000000000001	198.86
400	81	1	33.35500000000001	176.76999999999995
400	82	1	89.84499999999997	145.01000000000002
400	83	1	60.20100502512562	134.47738693467335
400	84	1	116.86	122.89499999999997
400	85	1	85.13000000000001	165.58499999999998
400	86	1	22.824120603015082	194.28643216080403
400	87	1	104.95999999999998	114.705
400	88	1	24.10552763819096	155.14070351758792
400	89	1	118.08500000000004	59.479999999999976
400	90	1	183.18500000000006	108.12499999999994
400	91	1	169.46000000000004	44.02499999999997
400	92	1	49.634999999999984	178.17500000000007
400	93	1	117.21105527638193	141.00502512562815
400	94	1	119.59499999999997	92.08000000000007
400	95	1	177.40201005025125	126.81407035175887
400	96	1	37.35	147.53500000000005
400	97	1	150.4924623115579	177.21105527638198
400	98	1	116.82000000000002	41.59999999999999
400	99	1	142.63316582914584	52.266331658291456
410	1	2	10.141414141414144	9.616161616161618
410	2	2	10.270833333333334	40.270833333333314
410	3	2	9.81	70.12000000000003
410	4	2	10.000000000000004	100
410	5	2	10.141414141414144	129.85858585858588
410	6	2	10.383838383838384	160.14141414141415
410	7	2	9.879999999999997	189.88
410	8	2	40.12000000000002	10.12
410	9	2	40.12000000000002	39.88
410	10	2	40.02000000000001	69.71999999999996
410	11	2	40.14141414141414	99.85858585858581
410	12	2	40.12000000000002	129.88
410	13	2	40.126315789473686	160.6105263157894
410	14	2	39.92999999999998	189.99999999999991
410	15	2	70.12	10.12
410	16	2	70.19999999999996	39.94999999999999
410	17	2	70.04	69.87999999999995
410	18	2	70.07000000000002	100.18
410	19	2	69.88000000000001	129.88
410	20	2	70.26086956521739	160.50000000000006
410	21	2	69.8494623655914	190.15053763440852
410	22	2	100.3838383838384	9.85858585858586
410	23	2	99.38947368421054	39.87368421052632
410	24	2	99.87368421052632	70.61052631578951
410	25	2	100.06	100.14000000000003
410	26	2	100.11999999999999	129.87000000000003
410	27	2	100.12	160.11999999999992
410	28	2	99.85858585858585	190.3838383838383
410	29	2	129.87999999999997	10.12
410	30	2	129.87999999999997	40.120000000000005
410	31	2	129.61616161616163	70.14141414141416
410	32	2	130.1414141414141	99.61616161616158
410	33	2	129.49999999999997	129.99999999999991
410	34	2	129.84946236559145	160.15053763440852
410	35	2	130.12	190.11999999999992
410	36	2	159.73000000000005	10.159999999999998
410	37	2	159.92000000000002	40.29
410	38	2	159.99999999999994	69.79
410	39	2	159.90000000000006	99.84
410	40	2	159.69999999999996	130.14000000000001
410	41	2	159.77000000000004	159.85999999999996
410	42	2	159.87999999999997	190.11999999999998
410	43	2	190.19999999999996	10.330000000000005
410	44	2	190.30851063829783	39.436170212765965
410	45	2	190.04999999999993	69.93
410	46	2	190.19	99.83000000000001
410	47	2	190.1199999999999	129.88
410	48	2	189.61616161616163	159.85858585858585
410	49	2	190.03999999999996	189.88000000000008
410	50	1	27.514999999999997	127.575
410	51	1	95.97	173.72000000000006
410	52	1	142.42499999999993	153.6649999999999
410	53	1	59.58	148.555
410	54	1	24.000000000000004	115.94472361809045
410	55	1	49.36000000000002	138.125
410	56	1	70.50499999999997	119.745
410	57	1	147.22499999999994	66.63999999999997
410	58	1	24.658291457286435	105.3768844221105
410	59	1	143.65671641791042	20.91542288557213
410	60	1	80.08000000000004	145.75500000000002
410	61	1	135.04500000000002	169.32500000000002
410	62	1	86.19500000000001	185.36999999999992
410	63	1	146.0796019900498	34.98009950248756
410	64	1	110.175	76.74499999999999
410	65	1	182.44500000000002	116.81
410	66	1	178.5970149253732	49.62189054726368
410	67	1	27.285000000000014	167.27999999999997
410	68	1	105.49500000000002	58.529999999999994
410	69	1	49.241206030150764	163.69346733668328
410	70	1	14.776119402985078	21.771144278606968
410	71	1	2.1250000000000018	29.14
410	72	1	131.55999999999997	21.890000000000008
410	73	1	129.2849999999999	55.27999999999998
410	74	1	143.82000000000005	172.15999999999997
410	75	1	20.55223880597015	91.65174129353235
410	76	1	51.95000000000001	118.83000000000001
410	77	1	102.625	145.19500000000002
410	78	1	17.35000000000001	178.4650000000001
410	79	1	136.35999999999996	81.71500000000003
410	80	1	32.38	198.87
410	81	1	33.465	177.42499999999993
410	82	1	90.01499999999999	144.8000000000001
410	83	1	60.20500000000003	134.52500000000003
410	84	1	116.39303482587064	125.22388059701493
410	85	1	85.115	165.43000000000012
410	86	1	22.321608040200992	195.15577889447235
410	87	1	107.1044776119403	113.92537313432837
410	88	1	23.64000000000001	155.61000000000007
410	89	1	117.89552238805972	59.059701492537314
410	90	1	182.46	107.89500000000002
410	91	1	169.47236180904522	44.84924623115578
410	92	1	50.73366834170855	178.4020100502512
410	93	1	117.11055276381913	142.72361809045228
410	94	1	120.27135678391954	91.6331658291457
410	95	1	178.0151515151515	127.74242424242424
410	96	1	37.4	147.935
410	97	1	150.49748743718592	177.31155778894478
410	98	1	116.73500000000006	42.12499999999999
410	99	1	143.53233830845775	50.955223880597025
420	1	2	10.141414141414144	9.616161616161618
420	2	2	10.270833333333334	40.270833333333314
420	3	2	9.81	70.12000000000003
420	4	2	10.000000000000004	100
420	5	2	10.141414141414144	129.85858585858588
420	6	2	10.383838383838384	160.14141414141415
420	7	2	9.879999999999997	189.88
420	8	2	40.12000000000002	10.12
420	9	2	40.12000000000002	39.88
420	10	2	40.02000000000001	69.71999999999996
420	11	2	40.14141414141414	99.85858585858581
420	12	2	40.12000000000002	129.88
420	13	2	40.126315789473686	160.6105263157894
420	14	2	39.92999999999998	189.99999999999991
420	15	2	70.12	10.12
420	16	2	70.19999999999996	39.94999999999999
420	17	2	70.04	69.87999999999995
420	18	2	70.07000000000002	100.18
420	19	2	69.88000000000001	129.88
420	20	2	70.26086956521739	160.50000000000006
420	21	2	69.8494623655914	190.15053763440852
420	22	2	100.3838383838384	9.85858585858586
420	23	2	99.38947368421054	39.87368421052632
420	24	2	99.87368421052632	70.61052631578951
420	25	2	100.06	100.14000000000003
420	26	2	100.11999999999999	129.87000000000003
420	27	2	100.12	160.11999999999992
420	28	2	99.85858585858585	190.3838383838383
420	29	2	129.87999999999997	10.12
420	30	2	129.87999999999997	40.120000000000005
420	31	2	129.61616161616163	70.14141414141416
420	32	2	130.1414141414141	99.61616161616158
420	33	2	129.49999999999997	129.99999999999991
420	34	2	129.84946236559145	160.15053763440852
420	35	2	130.12	190.11999999999992
420	36	2	159.73000000000005	10.159999999999998
420	37	2	159.92000000000002	40.29
420	38	2	159.99999999999994	69.79
420	39	2	159.90000000000006	99.84
420	40	2	159.69999999999996	130.14000000000001
420	41	2	159.77000000000004	159.85999999999996
420	42	2	159.87999999999997	190.11999999999998
420	43	2	190.19999999999996	10.330000000000005
420	44	2	190.30851063829783	39.436170212765965
420	45	2	190.04999999999993	69.93
420	46	2	190.19	99.83000000000001
420	47	2	190.1199999999999	129.88
420	48	2	189.61616161616163	159.85858585858585
420	49	2	190.03999999999996	189.88000000000008
420	50	1	27.924623115577905	127.72864321608041
420	51	1	95.90000000000003	175.25500000000008
420	52	1	140.78391959798986	152.7236180904523
420	53	1	59.720000000000006	148.4350000000001
420	54	1	25.135000000000005	116.24000000000001
420	55	1	49.254999999999974	138.315
420	56	1	68.90499999999999	119.525
420	57	1	146.21500000000012	65.19999999999997
420	58	1	23.750000000000007	106.36999999999999
420	59	1	143.86500000000007	20.860000000000014
420	60	1	79.55499999999994	146.72
420	61	1	135.2649999999999	169.12999999999994
420	62	1	84.26865671641791	184.58208955223878
420	63	1	146.48241206030153	35.0854271356784
420	64	1	110.89949748743715	76.70351758793973
420	65	1	182.37500000000003	117.11000000000003
420	66	1	180.16000000000005	48.27499999999999
420	67	1	27.474999999999994	167.89999999999998
420	68	1	104.96500000000003	59.339999999999996
420	69	1	49.31500000000001	163.6500000000001
420	70	1	16.59	21.370000000000015
420	71	1	3.04	27.77000000000001
420	72	1	132.38500000000013	21.220000000000002
420	73	1	129.5879396984925	55.76884422110554
420	74	1	143.67999999999986	172.14000000000001
420	75	1	21.28358208955224	93.26368159203984
420	76	1	51.165000000000035	118.14000000000001
420	77	1	103.08499999999997	145.25
420	78	1	17.497512437810943	178.2139303482587
420	79	1	136.71499999999992	80.485
420	80	1	32.30500000000001	198.815
420	81	1	33.77611940298507	178.1592039800996
420	82	1	90.26865671641791	144.273631840796
420	83	1	60.01000000000001	134.38499999999993
420	84	1	115.74	126.90999999999994
420	85	1	85.50499999999995	165.56000000000006
420	86	1	21.895	195.95
420	87	1	108.86567164179102	113.15920398009953
420	88	1	23.190000000000012	156.45
420	89	1	117.53768844221098	57.7939698492462
420	90	1	182.02487562189057	107.97512437810947
420	91	1	169.77889447236188	45.57788944723619
420	92	1	51.57500000000004	178.60000000000008
420	93	1	116.59203980099497	144.27860696517413
420	94	1	121.12935323383087	91.03482587064676
420	95	1	178.32160804020114	128.74371859296494
420	96	1	37.240000000000016	148.24499999999998
420	97	1	150.30500000000004	177.3849999999999
420	98	1	116.63819095477382	42.35175879396984
420	99	1	144.54271356783914	49.97487437185928
430	1	2	10.141414141414144	9.616161616161618
430	2	2	10.270833333333334	40.270833333333314
430	3	2	9.81	70.12000000000003
430	4	2	10.000000000000004	100
430	5	2	10.141414141414144	129.85858585858588
430	6	2	10.383838383838384	160.14141414141415
430	7	2	9.879999999999997	189.88
430	8	2	40.12000000000002	10.12
430	9	2	40.12000000000002	39.88
430	10	2	40.02000000000001	69.71999999999996
430	11	2	40.14141414141414	99.85858585858581
430	12	2	40.12000000000002	129.88
430	13	2	40.126315789473686	160.6105263157894
430	14	2	39.92999999999998	189.99999999999991
430	15	2	70.12	10.12
430	16	2	70.19999999999996	39.94999999999999
430	17	2	70.04	69.87999999999995
430	18	2	70.07000000000002	100.18
430	19	2	69.88000000000001	129.88
430	20	2	70.26086956521739	160.50000000000006
430	21	2	69.8494623655914	190.15053763440852
430	22	2	100.3838383838384	9.85858585858586
430	23	2	99.38947368421054	39.87368421052632
430	24	2	99.87368421052632	70.61052631578951
430	25	2	100.06	100.14000000000003
430	26	2	100.11999999999999	129.87000000000003
430	27	2	100.12	160.11999999999992
430	28	2	99.85858585858585	190.3838383838383
430	29	2	129.87999999999997	10.12
430	30	2	129.87999999999997	40.120000000000005
430	31	2	129.61616161616163	70.14141414141416
430	32	2	130.1414141414141	99.61616161616158
430	33	2	129.49999999999997	129.99999999999991
430	34	2	129.84946236559145	160.15053763440852
430	35	2	130.12	190.11999999999992
430	36	2	159.73000000000005	10.159999999999998
430	37	2	159.92000000000002	40.29
430	38	2	159.99999999999994	69.79
430	39	2	159.90000000000006	99.84
430	40	2	159.69999999999996	130.14000000000001
430	41	2	159.77000000000004	159.85999999999996
430	42	2	159.87999999999997	190.11999999999998
430	43	2	190.19999999999996	10.330000000000005
430	44	2	190.30851063829783	39.436170212765965
430	45	2	190.04999999999993	69.93
430	46	2	190.19	99.83000000000001
430	47	2	190.1199999999999	129.88
430	48	2	189.61616161616163	159.85858585858585
430	49	2	190.03999999999996	189.88000000000008
430	50	1	28.300000000000004	127.88499999999996
430	51	1	95.37000000000003	176.53499999999994
430	52	1	139.53999999999988	151.36500000000007
430	53	1	59.379999999999974	148.755
430	54	1	26.39303482587065	116.84079601990048
430	55	1	49.19095477386934	138.8190954773869
430	56	1	67.25499999999994	119.3449999999999
430	57	1	145.6218905472637	64.17412935323382
430	58	1	22.151515151515156	107.67171717171713
430	59	1	143.61809045226127	21.34170854271357
430	60	1	78.97989949748745	147.20603015075383
430	61	1	135.7213930348257	168.80597014925377
430	62	1	82.73134328358218	183.1890547263682
430	63	1	147.10000000000005	35.44000000000004
430	64	1	111.73134328358206	76.00497512437808
430	65	1	182.01000000000008	117.16499999999999
430	66	1	181.2686567164178	47.19900497512436
430	67	1	28.280000000000012	168.42499999999993
430	68	1	103.97487437185934	59.718592964824104
430	69	1	49.524999999999984	163.66500000000002
430	70	1	18.653266331658294	20.944723618090446
430	71	1	4.009999999999999	26.849999999999984
430	72	1	132.79499999999987	20.78500000000001
430	73	1	129.98	56.49499999999998
430	74	1	143.64499999999992	171.75000000000006
430	75	1	22.485000000000003	95.10000000000001
430	76	1	50.149253731343265	117.64179104477613
430	77	1	103.48756218905476	145.65671641791045
430	78	1	17.67336683417086	177.83919597989947
430	79	1	137.28855721393026	78.70149253731341
430	80	1	32.1859296482412	198.61306532663318
430	81	1	33.904522613065325	178.74874371859306
430	82	1	90.16499999999998	144.6399999999999
430	83	1	59.814070351758836	134.572864321608
430	84	1	114.820895522388	127.31343283582083
430	85	1	85.40999999999998	165.08999999999997
430	86	1	21.37999999999999	196.58
430	87	1	110.49751243781091	112.98009950248756
430	88	1	22.840796019900502	157.25373134328362
430	89	1	116.92000000000007	57.234999999999985
430	90	1	181.9	107.88500000000006
430	91	1	169.89499999999992	46.495000000000005
430	92	1	51.99000000000002	179.19500000000005
430	93	1	116.43499999999999	145.34000000000012
430	94	1	122.14999999999999	89.71000000000001
430	95	1	178.60696517412924	129.60696517412933
430	96	1	36.81499999999998	148.66000000000005
430	97	1	150.2649999999999	177.34500000000014
430	98	1	116.72000000000003	42.759999999999984
430	99	1	145.35000000000005	49.44999999999998
440	1	2	10.141414141414144	9.616161616161618
440	2	2	10.270833333333334	40.270833333333314
440	3	2	9.81	70.12000000000003
440	4	2	10.000000000000004	100
440	5	2	10.141414141414144	129.85858585858588
440	6	2	10.383838383838384	160.14141414141415
440	7	2	9.879999999999997	189.88
440	8	2	40.12000000000002	10.12
440	9	2	40.12000000000002	39.88
440	10	2	40.02000000000001	69.71999999999996
440	11	2	40.14141414141414	99.85858585858581
440	12	2	40.12000000000002	129.88
440	13	2	40.126315789473686	160.6105263157894
440	14	2	39.92999999999998	189.99999999999991
440	15	2	70.12	10.12
440	16	2	70.19999999999996	39.94999999999999
440	17	2	70.04	69.87999999999995
440	18	2	70.07000000000002	100.18
440	19	2	69.88000000000001	129.88
440	20	2	70.26086956521739	160.50000000000006
440	21	2	69.8494623655914	190.15053763440852
440	22	2	100.3838383838384	9.85858585858586
440	23	2	99.38947368421054	39.87368421052632
440	24	2	99.87368421052632	70.61052631578951
440	25	2	100.06	100.14000000000003
440	26	2	100.11999999999999	129.87000000000003
440	27	2	100.12	160.11999999999992
440	28	2	99.85858585858585	190.3838383838383
440	29	2	129.87999999999997	10.12
440	30	2	129.87999999999997	40.120000000000005
440	31	2	129.61616161616163	70.14141414141416
440	32	2	130.1414141414141	99.61616161616158
440	33	2	129.49999999999997	129.99999999999991
440	34	2	129.84946236559145	160.15053763440852
440	35	2	130.12	190.11999999999992
440	36	2	159.73000000000005	10.159999999999998
440	37	2	159.92000000000002	40.29
440	38	2	159.99999999999994	69.79
440	39	2	159.90000000000006	99.84
440	40	2	159.69999999999996	130.14000000000001
440	41	2	159.77000000000004	159.85999999999996
440	42	2	159.87999999999997	190.11999999999998
440	43	2	190.19999999999996	10.330000000000005
440	44	2	190.30851063829783	39.436170212765965
440	45	2	190.04999999999993	69.93
440	46	2	190.19	99.83000000000001
440	47	2	190.1199999999999	129.88
440	48	2	189.61616161616163	159.85858585858585
440	49	2	190.03999999999996	189.88000000000008
440	50	1	28.748743718592955	127.90954773869348
440	51	1	94.44723618090445	177.82914572864334
440	52	1	138.9249999999998	150.31500000000005
440	53	1	58.9	148.56499999999997
440	54	1	27.554999999999993	116.92999999999995
440	55	1	48.834999999999994	139.10999999999996
440	56	1	65.72999999999999	119.35499999999999
440	57	1	144.93034825870652	63.577114427860714
440	58	1	20.59	109.19999999999999
440	59	1	143.2449999999999	22.02499999999999
440	60	1	78.24500000000002	147.94
440	61	1	135.93969849246224	168.52763819095483
440	62	1	81.62999999999998	181.1
440	63	1	147.61000000000007	35.374999999999986
440	64	1	112.63184079602001	75.02985074626861
440	65	1	181.885	117.55499999999998
440	66	1	181.56500000000003	46.68499999999998
440	67	1	28.939698492462302	168.66331658291455
440	68	1	103.32	59.68000000000001
440	69	1	49.59	163.85000000000005
440	70	1	19.909999999999986	20.424999999999997
440	71	1	5.119402985074626	26.164179104477626
440	72	1	132.8844221105528	20.557788944723622
440	73	1	129.80999999999997	57.54999999999998
440	74	1	143.84999999999994	171.31500000000008
440	75	1	23.338308457711438	96.48756218905478
440	76	1	50.369999999999976	115.78
440	77	1	103.8905472636816	146.08457711442793
440	78	1	17.64500000000001	177.46499999999997
440	79	1	137.73999999999998	77.78999999999998
440	80	1	31.990000000000006	198.73
440	81	1	33.989999999999995	179.16500000000008
440	82	1	89.96984924623122	144.4321608040201
440	83	1	59.44000000000001	134.2050000000001
440	84	1	113.91999999999997	128.205
440	85	1	85.61999999999998	164.29499999999993
440	86	1	21.23999999999999	196.615
440	87	1	112.25373134328358	113.54726368159204
440	88	1	22.334999999999994	158.29499999999996
440	89	1	117.13930348258705	56.28855721393034
440	90	1	181.94500000000005	107.97500000000002
440	91	1	170.29500000000004	47.31499999999998
440	92	1	52.410000000000025	179.58999999999997
440	93	1	116.25	146.56
440	94	1	122.67000000000003	88.60999999999999
440	95	1	179.12500000000003	131.045
440	96	1	36.285	149.1850000000001
440	97	1	150.34170854271358	177.34673366834164
440	98	1	116.36000000000001	43.800000000000004
440	99	1	145.89999999999992	49.12
450	1	2	10.141414141414144	9.616161616161618
450	2	2	10.270833333333334	40.270833333333314
450	3	2	9.81	70.12000000000003
450	4	2	10.000000000000004	100
450	5	2	10.141414141414144	129.85858585858588
450	6	2	10.383838383838384	160.14141414141415
450	7	2	9.879999999999997	189.88
450	8	2	40.12000000000002	10.12
450	9	2	40.12000000000002	39.88
450	10	2	40.02000000000001	69.71999999999996
450	11	2	40.14141414141414	99.85858585858581
450	12	2	40.12000000000002	129.88
450	13	2	40.126315789473686	160.6105263157894
450	14	2	39.92999999999998	189.99999999999991
450	15	2	70.12	10.12
450	16	2	70.19999999999996	39.94999999999999
450	17	2	70.04	69.87999999999995
450	18	2	70.07000000000002	100.18
450	19	2	69.88000000000001	129.88
450	20	2	70.26086956521739	160.50000000000006
450	21	2	69.8494623655914	190.15053763440852
450	22	2	100.3838383838384	9.85858585858586
450	23	2	99.38947368421054	39.87368421052632
450	24	2	99.87368421052632	70.61052631578951
450	25	2	100.06	100.14000000000003
450	26	2	100.11999999999999	129.87000000000003
450	27	2	100.12	160.11999999999992
450	28	2	99.85858585858585	190.3838383838383
450	29	2	129.87999999999997	10.12
450	30	2	129.87999999999997	40.120000000000005
450	31	2	129.61616161616163	70.14141414141416
450	32	2	130.1414141414141	99.61616161616158
450	33	2	129.49999999999997	129.99999999999991
450	34	2	129.84946236559145	160.15053763440852
450	35	2	130.12	190.11999999999992
450	36	2	159.73000000000005	10.159999999999998
450	37	2	159.92000000000002	40.29
450	38	2	159.99999999999994	69.79
450	39	2	159.90000000000006	99.84
450	40	2	159.69999999999996	130.14000000000001
450	41	2	159.77000000000004	159.85999999999996
450	42	2	159.87999999999997	190.11999999999998
450	43	2	190.19999999999996	10.330000000000005
450	44	2	190.30851063829783	39.436170212765965
450	45	2	190.04999999999993	69.93
450	46	2	190.19	99.83000000000001
450	47	2	190.1199999999999	129.88
450	48	2	189.61616161616163	159.85858585858585
450	49	2	190.03999999999996	189.88000000000008
450	50	1	28.93500000000001	127.79999999999997
450	51	1	93.41000000000005	179.05500000000006
450	52	1	138.59203980099494	149.2537313432836
450	53	1	58.231155778894475	148.6231155778895
450	54	1	28.335	116.84500000000008
450	55	1	48.684999999999995	139.20999999999995
450	56	1	64.15999999999998	119.41499999999999
450	57	1	143.91999999999993	62.38999999999997
450	58	1	19.567164179104466	110.46766169154235
450	59	1	142.71641791044772	23.28855721393035
450	60	1	77.64500000000002	148.64999999999992
450	61	1	136.1450000000002	168.37499999999991
450	62	1	80.37313432835822	179.50248756218895
450	63	1	148.8358208955224	34.90049751243781
450	64	1	113.4924623115578	74.11557788944728
450	65	1	181.60199004975132	118.26368159203975
450	66	1	181.69346733668343	45.82412060301507
450	67	1	29.879999999999992	169.32500000000005
450	68	1	102.81999999999998	59.86
450	69	1	49.63	164.19999999999987
450	70	1	21.537313432835834	20.2139303482587
450	71	1	6.393034825870646	25.1094527363184
450	72	1	133.17499999999993	20.309999999999988
450	73	1	129.78999999999994	57.93499999999997
450	74	1	143.82499999999993	170.82500000000005
450	75	1	24.42288557213931	98.09950248756215
450	76	1	51.08999999999999	113.69999999999999
450	77	1	104.31500000000001	146.26000000000005
450	78	1	17.552763819095485	176.67839195979897
450	79	1	138.6099999999999	77.12
450	80	1	31.706467661691555	199.28855721393035
450	81	1	33.66000000000001	179.99
450	82	1	89.765	144.525
450	83	1	59.265	134.2899999999999
450	84	1	112.74999999999994	128.48499999999996
450	85	1	86.35	163.9050000000001
450	86	1	20.594999999999995	196.9350000000001
450	87	1	113.36318407960195	114.04477611940304
450	88	1	22.369999999999997	158.58500000000006
450	89	1	117.64000000000004	55.769999999999996
450	90	1	181.58	108.17000000000003
450	91	1	170.91500000000013	48.085
450	92	1	52.95	179.9399999999999
450	93	1	115.89552238805966	147.80597014925368
450	94	1	123.41999999999996	87.00999999999995
450	95	1	179.3134328358209	132.69154228855723
450	96	1	35.66	149.76
450	97	1	150.40499999999994	177.08500000000012
450	98	1	116.35000000000001	44.53
450	99	1	146.32835820895517	48.54726368159205
460	1	2	10.141414141414144	9.616161616161618
460	2	2	10.270833333333334	40.270833333333314
460	3	2	9.81	70.12000000000003
460	4	2	10.000000000000004	100
460	5	2	10.141414141414144	129.85858585858588
460	6	2	10.383838383838384	160.14141414141415
460	7	2	9.879999999999997	189.88
460	8	2	40.12000000000002	10.12
460	9	2	40.12000000000002	39.88
460	10	2	40.02000000000001	69.71999999999996
460	11	2	40.14141414141414	99.85858585858581
460	12	2	40.12000000000002	129.88
460	13	2	40.126315789473686	160.6105263157894
460	14	2	39.92999999999998	189.99999999999991
460	15	2	70.12	10.12
460	16	2	70.19999999999996	39.94999999999999
460	17	2	70.04	69.87999999999995
460	18	2	70.07000000000002	100.18
460	19	2	69.88000000000001	129.88
460	20	2	70.26086956521739	160.50000000000006
460	21	2	69.8494623655914	190.15053763440852
460	22	2	100.3838383838384	9.85858585858586
460	23	2	99.38947368421054	39.87368421052632
460	24	2	99.87368421052632	70.61052631578951
460	25	2	100.06	100.14000000000003
460	26	2	100.11999999999999	129.87000000000003
460	27	2	100.12	160.11999999999992
460	28	2	99.85858585858585	190.3838383838383
460	29	2	129.87999999999997	10.12
460	30	2	129.87999999999997	40.120000000000005
460	31	2	129.61616161616163	70.14141414141416
460	32	2	130.1414141414141	99.61616161616158
460	33	2	129.49999999999997	129.99999999999991
460	34	2	129.84946236559145	160.15053763440852
460	35	2	130.12	190.11999999999992
460	36	2	159.73000000000005	10.159999999999998
460	37	2	159.92000000000002	40.29
460	38	2	159.99999999999994	69.79
460	39	2	159.90000000000006	99.84
460	40	2	159.69999999999996	130.14000000000001
460	41	2	159.77000000000004	159.85999999999996
460	42	2	159.87999999999997	190.11999999999998
460	43	2	190.19999999999996	10.330000000000005
460	44	2	190.30851063829783	39.436170212765965
460	45	2	190.04999999999993	69.93
460	46	2	190.19	99.83000000000001
460	47	2	190.1199999999999	129.88
460	48	2	189.61616161616163	159.85858585858585
460	49	2	190.03999999999996	189.88000000000008
460	50	1	28.934673366834176	127.81407035175879
460	51	1	92.05527638190955	179.70351758793964
460	52	1	138.45000000000005	147.83000000000013
460	53	1	57.58793969849246	148.73869346733665
460	54	1	29.704999999999995	116.51999999999997
460	55	1	48.386934673366845	139.30653266331657
460	56	1	62.34999999999998	119.74
460	57	1	143.1949999999999	62.25499999999998
460	58	1	18.840000000000007	111.62000000000003
460	59	1	142.70499999999996	23.749999999999996
460	60	1	76.33999999999996	148.76499999999993
460	61	1	136.43999999999997	167.67499999999995
460	62	1	79.48499999999999	178.04500000000002
460	63	1	149.24499999999995	34.715
460	64	1	114.32999999999998	73.79000000000003
460	65	1	180.61999999999998	118.79499999999999
460	66	1	181.55999999999992	44.820000000000014
460	67	1	31.044999999999995	169.81499999999994
460	68	1	102.47263681592048	60.542288557213936
460	69	1	49.834999999999994	164.02499999999995
460	70	1	23.435000000000006	19.905
460	71	1	8.25870646766169	23.58706467661691
460	72	1	133.14999999999998	20.35
460	73	1	129.75999999999993	57.89999999999999
460	74	1	144.00000000000003	170.75999999999996
460	75	1	25.42713567839197	99.53266331658294
460	76	1	51.592039800995025	111.46766169154229
460	77	1	104.36500000000001	146.82999999999998
460	78	1	17.467336683417088	176.43216080402013
460	79	1	139.10499999999996	76.85500000000006
460	80	1	31.00995024875623	0.3184079601990048
460	81	1	33.39195979899498	180.3819095477387
460	82	1	89.44000000000001	144.60999999999996
460	83	1	58.643216080402006	133.9447236180904
460	84	1	111.86	128.36500000000004
460	85	1	86.75124378109459	163.66666666666674
460	86	1	20.470000000000006	196.935
460	87	1	114.5223880597015	115.01990049751245
460	88	1	22.231155778894472	159.321608040201
460	89	1	118.11557788944724	55.492462311557794
460	90	1	181.53500000000005	108.66000000000001
460	91	1	171.76616915422886	49.14427860696517
460	92	1	53.21499999999998	180.45499999999998
460	93	1	115.50500000000008	148.47000000000003
460	94	1	123.52500000000002	85.41499999999996
460	95	1	180.09500000000006	134.4099999999999
460	96	1	35.185	150.55999999999995
460	97	1	150.17085427135683	177.43718592964828
460	98	1	115.70646766169152	45.39303482587065
460	99	1	146.8099999999999	48.495000000000026
470	1	2	10.141414141414144	9.616161616161618
470	2	2	10.270833333333334	40.270833333333314
470	3	2	9.81	70.12000000000003
470	4	2	10.000000000000004	100
470	5	2	10.141414141414144	129.85858585858588
470	6	2	10.383838383838384	160.14141414141415
470	7	2	9.879999999999997	189.88
470	8	2	40.12000000000002	10.12
470	9	2	40.12000000000002	39.88
470	10	2	40.02000000000001	69.71999999999996
470	11	2	40.14141414141414	99.85858585858581
470	12	2	40.12000000000002	129.88
470	13	2	40.126315789473686	160.6105263157894
470	14	2	39.92999999999998	189.99999999999991
470	15	2	70.12	10.12
470	16	2	70.19999999999996	39.94999999999999
470	17	2	70.04	69.87999999999995
470	18	2	70.07000000000002	100.18
470	19	2	69.88000000000001	129.88
470	20	2	70.26086956521739	160.50000000000006
470	21	2	69.8494623655914	190.15053763440852
470	22	2	100.3838383838384	9.85858585858586
470	23	2	99.38947368421054	39.87368421052632
470	24	2	99.87368421052632	70.61052631578951
470	25	2	100.06	100.14000000000003
470	26	2	100.11999999999999	129.87000000000003
470	27	2	100.12	160.11999999999992
470	28	2	99.85858585858585	190.3838383838383
470	29	2	129.87999999999997	10.12
470	30	2	129.87999999999997	40.120000000000005
470	31	2	129.61616161616163	70.14141414141416
470	32	2	130.1414141414141	99.61616161616158
470	33	2	129.49999999999997	129.99999999999991
470	34	2	129.84946236559145	160.15053763440852
470	35	2	130.12	190.11999999999992
470	36	2	159.73000000000005	10.159999999999998
470	37	2	159.92000000000002	40.29
470	38	2	159.99999999999994	69.79
470	39	2	159.90000000000006	99.84
470	40	2	159.69999999999996	130.14000000000001
470	41	2	159.77000000000004	159.85999999999996
470	42	2	159.87999999999997	190.11999999999998
470	43	2	190.19999999999996	10.330000000000005
470	44	2	190.30851063829783	39.436170212765965
470	45	2	190.04999999999993	69.93
470	46	2	190.19	99.83000000000001
470	47	2	190.1199999999999	129.88
470	48	2	189.61616161616163	159.85858585858585
470	49	2	190.03999999999996	189.88000000000008
470	50	1	29.03015075376883	127.23618090452264
470	51	1	89.755	181.38500000000002
470	52	1	138.14499999999998	146.93499999999997
470	53	1	57.37688442211056	148.75879396984934
470	54	1	30.654999999999994	116.08499999999991
470	55	1	48.281407035175874	139.86432160804014
470	56	1	60.94499999999999	120.14499999999997
470	57	1	142.96999999999986	62.16500000000001
470	58	1	17.974999999999994	112.62999999999998
470	59	1	142.97512437810937	24.313432835820915
470	60	1	75.87500000000003	149.13
470	61	1	136.8040201005025	166.678391959799
470	62	1	78.60804020100505	177.18090452261296
470	63	1	150.26000000000002	34.40999999999999
470	64	1	115.14427860696517	72.82089552238807
470	65	1	180.05527638190964	120.16080402010054
470	66	1	181.01000000000002	43.45500000000002
470	67	1	32.125000000000014	170.35000000000002
470	68	1	102.2250000000001	60.540000000000006
470	69	1	49.915	164.43999999999997
470	70	1	24.825870646766163	19.22388059701494
470	71	1	9.699999999999998	23.2
470	72	1	133.27000000000007	20.375
470	73	1	130.2412060301507	57.618090452261306
470	74	1	143.87939698492465	170.78894472361807
470	75	1	25.895000000000003	100.46499999999996
470	76	1	52.08000000000002	110.195
470	77	1	104.42786069651741	146.74626865671638
470	78	1	17.115000000000006	176.21000000000012
470	79	1	139.60804020100505	76.45226130653265
470	80	1	30.529999999999994	1.8150000000000002
470	81	1	33.12060301507539	180.76884422110558
470	82	1	89.185	145.15499999999992
470	83	1	57.67000000000003	133.29000000000002
470	84	1	111.51999999999995	128.22999999999996
470	85	1	87.33165829145727	164.08542713567843
470	86	1	20.646766169154233	196.75124378109453
470	87	1	115.18500000000003	115.87999999999997
470	88	1	22.298507462686572	160.23383084577117
470	89	1	118.21	55.54500000000001
470	90	1	181.53233830845772	109.51243781094529
470	91	1	173.475	50.39000000000001
470	92	1	53.62121212121213	181.3686868686869
470	93	1	115.19402985074633	148.84577114427856
470	94	1	123.07000000000004	84.05999999999999
470	95	1	180.54726368159197	136.52736318407958
470	96	1	34.855000000000004	151.02500000000003
470	97	1	150.21608040201005	177.27638190954775
470	98	1	115.10050251256274	46.055276381909565
470	99	1	147.22388059701495	48.208955223880594
480	1	2	10.141414141414144	9.616161616161618
480	2	2	10.270833333333334	40.270833333333314
480	3	2	9.81	70.12000000000003
480	4	2	10.000000000000004	100
480	5	2	10.141414141414144	129.85858585858588
480	6	2	10.383838383838384	160.14141414141415
480	7	2	9.879999999999997	189.88
480	8	2	40.12000000000002	10.12
480	9	2	40.12000000000002	39.88
480	10	2	40.02000000000001	69.71999999999996
480	11	2	40.14141414141414	99.85858585858581
480	12	2	40.12000000000002	129.88
480	13	2	40.126315789473686	160.6105263157894
480	14	2	39.92999999999998	189.99999999999991
480	15	2	70.12	10.12
480	16	2	70.19999999999996	39.94999999999999
480	17	2	70.04	69.87999999999995
480	18	2	70.07000000000002	100.18
480	19	2	69.88000000000001	129.88
480	20	2	70.26086956521739	160.50000000000006
480	21	2	69.8494623655914	190.15053763440852
480	22	2	100.3838383838384	9.85858585858586
480	23	2	99.38947368421054	39.87368421052632
480	24	2	99.87368421052632	70.61052631578951
480	25	2	100.06	100.14000000000003
480	26	2	100.11999999999999	129.87000000000003
480	27	2	100.12	160.11999999999992
480	28	2	99.85858585858585	190.3838383838383
480	29	2	129.87999999999997	10.12
480	30	2	129.87999999999997	40.120000000000005
480	31	2	129.61616161616163	70.14141414141416
480	32	2	130.1414141414141	99.61616161616158
480	33	2	129.49999999999997	129.99999999999991
480	34	2	129.84946236559145	160.15053763440852
480	35	2	130.12	190.11999999999992
480	36	2	159.73000000000005	10.159999999999998
480	37	2	159.92000000000002	40.29
480	38	2	159.99999999999994	69.79
480	39	2	159.90000000000006	99.84
480	40	2	159.69999999999996	130.14000000000001
480	41	2	159.77000000000004	159.85999999999996
480	42	2	159.87999999999997	190.11999999999998
480	43	2	190.19999999999996	10.330000000000005
480	44	2	190.30851063829783	39.436170212765965
480	45	2	190.04999999999993	69.93
480	46	2	190.19	99.83000000000001
480	47	2	190.1199999999999	129.88
480	48	2	189.61616161616163	159.85858585858585
480	49	2	190.03999999999996	189.88000000000008
480	50	1	28.95499999999999	126.92999999999998
480	51	1	88.53000000000003	181.98999999999995
480	52	1	137.32500000000007	145.66999999999996
480	53	1	57.370000000000005	148.58499999999995
480	54	1	31.959798994974882	115.78894472361813
480	55	1	47.844999999999985	140.24500000000003
480	56	1	59.25000000000002	120.78999999999998
480	57	1	142.8999999999999	62.345000000000006
480	58	1	17.575000000000003	113.40499999999996
480	59	1	143.1600000000002	25.16499999999999
480	60	1	75.975	148.92000000000004
480	61	1	136.61	166.48500000000007
480	62	1	78.1293532338308	176.39303482587061
480	63	1	150.81999999999996	34.3
480	64	1	115.92462311557794	72.12562814070354
480	65	1	179.10999999999999	121.41999999999996
480	66	1	180.5549999999999	42.915
480	67	1	33.23618090452264	170.53266331658295
480	68	1	102.28000000000003	60.820000000000014
480	69	1	50.18500000000002	164.3100000000001
480	70	1	25.950000000000003	18.29
480	71	1	11.444999999999997	23.164999999999985
480	72	1	134.03015075376877	20.22110552763818
480	73	1	130.91542288557213	57.2537313432836
480	74	1	144.04020100502507	170.23115577889453
480	75	1	26.079601990049763	101.17412935323381
480	76	1	52.92039800995026	108.74626865671637
480	77	1	104.63316582914572	146.77889447236186
480	78	1	16.746268656716413	176.1343283582089
480	79	1	139.74499999999995	76.38999999999994
480	80	1	30.165000000000013	2.424999999999999
480	81	1	33.15577889447236	180.89949748743706
480	82	1	89.14999999999998	145.14000000000004
480	83	1	56.54999999999998	132.69499999999996
480	84	1	111.22000000000001	128.47500000000005
480	85	1	87.20999999999995	163.92999999999998
480	86	1	20.924999999999976	196.29999999999998
480	87	1	116.2587064676617	116.67164179104473
480	88	1	22.290000000000003	161.73499999999999
480	89	1	118.17500000000005	55.555
480	90	1	181.0646766169154	110.38805970149257
480	91	1	174.88500000000005	51.47
480	92	1	53.879999999999974	182.23500000000004
480	93	1	115.14572864321616	148.89949748743717
480	94	1	121.67499999999995	83.135
480	95	1	181.12935323383078	138.6019900497513
480	96	1	34.499999999999986	151.32000000000005
480	97	1	150.23115577889456	177.3567839195978
480	98	1	114.35999999999996	46.63999999999998
480	99	1	147.845	48.285
490	1	2	10.141414141414144	9.616161616161618
490	2	2	10.270833333333334	40.270833333333314
490	3	2	9.81	70.12000000000003
490	4	2	10.000000000000004	100
490	5	2	10.141414141414144	129.85858585858588
490	6	2	10.383838383838384	160.14141414141415
490	7	2	9.879999999999997	189.88
490	8	2	40.12000000000002	10.12
490	9	2	40.12000000000002	39.88
490	10	2	40.02000000000001	69.71999999999996
490	11	2	40.14141414141414	99.85858585858581
490	12	2	40.12000000000002	129.88
490	13	2	40.126315789473686	160.6105263157894
490	14	2	39.92999999999998	189.99999999999991
490	15	2	70.12	10.12
490	16	2	70.19999999999996	39.94999999999999
490	17	2	70.04	69.87999999999995
490	18	2	70.07000000000002	100.18
490	19	2	69.88000000000001	129.88
490	20	2	70.26086956521739	160.50000000000006
490	21	2	69.8494623655914	190.15053763440852
490	22	2	100.3838383838384	9.85858585858586
490	23	2	99.38947368421054	39.87368421052632
490	24	2	99.87368421052632	70.61052631578951
490	25	2	100.06	100.14000000000003
490	26	2	100.11999999999999	129.87000000000003
490	27	2	100.12	160.11999999999992
490	28	2	99.85858585858585	190.3838383838383
490	29	2	129.87999999999997	10.12
490	30	2	129.87999999999997	40.120000000000005
490	31	2	129.61616161616163	70.14141414141416
490	32	2	130.1414141414141	99.61616161616158
490	33	2	129.49999999999997	129.99999999999991
490	34	2	129.84946236559145	160.15053763440852
490	35	2	130.12	190.11999999999992
490	36	2	159.73000000000005	10.159999999999998
490	37	2	159.92000000000002	40.29
490	38	2	159.99999999999994	69.79
490	39	2	159.90000000000006	99.84
490	40	2	159.69999999999996	130.14000000000001
490	41	2	159.77000000000004	159.85999999999996
490	42	2	159.87999999999997	190.11999999999998
490	43	2	190.19999999999996	10.330000000000005
490	44	2	190.30851063829783	39.436170212765965
490	45	2	190.04999999999993	69.93
490	46	2	190.19	99.83000000000001
490	47	2	190.1199999999999	129.88
490	48	2	189.61616161616163	159.85858585858585
490	49	2	190.03999999999996	189.88000000000008
490	50	1	28.614999999999988	126.71500000000005
490	51	1	87.31499999999997	182.79500000000004
490	52	1	137.91500000000002	144.03
490	53	1	57.44499999999998	148.46000000000004
490	54	1	33.18592964824123	115.91959798994976
490	55	1	46.64000000000003	140.755
490	56	1	58.50746268656715	120.8407960199005
490	57	1	143.23499999999993	62.584999999999994
490	58	1	17.241206030150746	114.70854271356781
490	59	1	143.3366834170853	25.678391959798986
490	60	1	75.99000000000007	148.65499999999997
490	61	1	136.66161616161622	166.08080808080805
490	62	1	77.96500000000003	175.7900000000001
490	63	1	151.21890547263683	33.73134328358213
490	64	1	116.31499999999996	71.03500000000003
490	65	1	177.40796019900495	122.50746268656715
490	66	1	179.93499999999995	42.245000000000026
490	67	1	34.159999999999975	170.915
490	68	1	102.38	61.11999999999998
490	69	1	50.58793969849247	163.74371859296483
490	70	1	27.115000000000006	18.154999999999994
490	71	1	13.410000000000002	23.130000000000003
490	72	1	134.35499999999993	20.250000000000007
490	73	1	132.04522613065333	56.7788944723618
490	74	1	144.19597989949756	170.2060301507537
490	75	1	27.05970149253731	102.5373134328358
490	76	1	53.91542288557214	107.74626865671641
490	77	1	104.80999999999999	146.8849999999999
490	78	1	16.555000000000003	176.25999999999993
490	79	1	140.22110552763814	76.0854271356784
490	80	1	29.840000000000003	3.195000000000002
490	81	1	33.4776119402985	181.21890547263695
490	82	1	89.12499999999991	145.03500000000005
490	83	1	55.770000000000024	132.52499999999998
490	84	1	111.255	128.60499999999993
490	85	1	87.66499999999999	164.32499999999996
490	86	1	20.96499999999999	196.51
490	87	1	117.76616915422888	117.57711442786069
490	88	1	22.34500000000001	163.265
490	89	1	118.36000000000003	55.32500000000002
490	90	1	180.8258706467661	111.06965174129357
490	91	1	176.55223880597018	52.49253731343284
490	92	1	54.205000000000034	182.92999999999998
490	93	1	115.24999999999997	149.0300000000001
490	94	1	120.39999999999999	82.16000000000001
490	95	1	181.65499999999994	140.32
490	96	1	34.030150753768844	151.75879396984925
490	97	1	150.27	177.64999999999998
490	98	1	113.52261306532662	47.085427135678415
490	99	1	148.53499999999997	48.26499999999999
500	1	2	10.141414141414144	9.616161616161618
500	2	2	10.270833333333334	40.270833333333314
500	3	2	9.81	70.12000000000003
500	4	2	10.000000000000004	100
500	5	2	10.141414141414144	129.85858585858588
500	6	2	10.383838383838384	160.14141414141415
500	7	2	9.879999999999997	189.88
500	8	2	40.12000000000002	10.12
500	9	2	40.12000000000002	39.88
500	10	2	40.02000000000001	69.71999999999996
500	11	2	40.14141414141414	99.85858585858581
500	12	2	40.12000000000002	129.88
500	13	2	40.126315789473686	160.6105263157894
500	14	2	39.92999999999998	189.99999999999991
500	15	2	70.12	10.12
500	16	2	70.19999999999996	39.94999999999999
500	17	2	70.04	69.87999999999995
500	18	2	70.07000000000002	100.18
500	19	2	69.88000000000001	129.88
500	20	2	70.26086956521739	160.50000000000006
500	21	2	69.8494623655914	190.15053763440852
500	22	2	100.3838383838384	9.85858585858586
500	23	2	99.38947368421054	39.87368421052632
500	24	2	99.87368421052632	70.61052631578951
500	25	2	100.06	100.14000000000003
500	26	2	100.11999999999999	129.87000000000003
500	27	2	100.12	160.11999999999992
500	28	2	99.85858585858585	190.3838383838383
500	29	2	129.87999999999997	10.12
500	30	2	129.87999999999997	40.120000000000005
500	31	2	129.61616161616163	70.14141414141416
500	32	2	130.1414141414141	99.61616161616158
500	33	2	129.49999999999997	129.99999999999991
500	34	2	129.84946236559145	160.15053763440852
500	35	2	130.12	190.11999999999992
500	36	2	159.73000000000005	10.159999999999998
500	37	2	159.92000000000002	40.29
500	38	2	159.99999999999994	69.79
500	39	2	159.90000000000006	99.84
500	40	2	159.69999999999996	130.14000000000001
500	41	2	159.77000000000004	159.85999999999996
500	42	2	159.87999999999997	190.11999999999998
500	43	2	190.19999999999996	10.330000000000005
500	44	2	190.30851063829783	39.436170212765965
500	45	2	190.04999999999993	69.93
500	46	2	190.19	99.83000000000001
500	47	2	190.1199999999999	129.88
500	48	2	189.61616161616163	159.85858585858585
500	49	2	190.03999999999996	189.88000000000008
500	50	1	28.529999999999998	126.25999999999999
500	51	1	85.73366834170854	183.33668341708545
500	52	1	138.28217821782175	142.14851485148523
500	53	1	57.080000000000005	148.24000000000012
500	54	1	34.38499999999998	116.03999999999998
500	55	1	45.394999999999996	140.92
500	56	1	57.10500000000001	120.66500000000002
500	57	1	143.5326633165829	62.442211055276374
500	58	1	16.685	115.83
500	59	1	143.605	26.255
500	60	1	75.78000000000004	148.54499999999993
500	61	1	136.60499999999996	165.99499999999998
500	62	1	77.94000000000004	174.95499999999996
500	63	1	151.67336683417082	33.422110552763826
500	64	1	116.82999999999997	69.885
500	65	1	176.63999999999993	124.06499999999994
500	66	1	178.8699999999999	41.79000000000003
500	67	1	35.210000000000015	171.14999999999992
500	68	1	102.31000000000002	60.955
500	69	1	50.72361809045227	163.52763819095483
500	70	1	28.36180904522611	18.211055276381913
500	71	1	15.13	22.874999999999996
500	72	1	134.62999999999997	20.52500000000001
500	73	1	132.9154228855722	56.402985074626876
500	74	1	144.08457711442796	170.34328358208958
500	75	1	27.686567164179106	103.13930348258704
500	76	1	54.9054726368159	107.35323383084578
500	77	1	104.89999999999999	146.6649999999999
500	78	1	16.259999999999994	176.36499999999998
500	79	1	139.70000000000002	76.25999999999996
500	80	1	29.144278606965177	4.16915422885572
500	81	1	33.3718592964824	181.60301507537687
500	82	1	89.08542713567839	145.21105527638187
500	83	1	55.08000000000001	132.25500000000002
500	84	1	111.44499999999998	128.4249999999999
500	85	1	87.99999999999999	164.37499999999997
500	86	1	21.68500000000002	196.21000000000004
500	87	1	119.54500000000003	117.88999999999997
500	88	1	22.480000000000018	164.90000000000012
500	89	1	118.46000000000001	54.90999999999999
500	90	1	180.71641791044777	112.21890547263679
500	91	1	177.9651741293532	54.10447761194032
500	92	1	54.175000000000004	183.15500000000003
500	93	1	115.19499999999994	149.1
500	94	1	118.43283582089552	82.05970149253733
500	95	1	182.31	142.01999999999995
500	96	1	33.23	152.16999999999996
500	97	1	150.32663316582924	177.78894472361802
500	98	1	112.80099502487559	47.368159203980106
500	99	1	149.2	48.164999999999985
510	1	2	10.141414141414144	9.616161616161618
510	2	2	10.270833333333334	40.270833333333314
510	3	2	9.81	70.12000000000003
510	4	2	10.000000000000004	100
510	5	2	10.141414141414144	129.85858585858588
510	6	2	10.383838383838384	160.14141414141415
510	7	2	9.879999999999997	189.88
510	8	2	40.12000000000002	10.12
510	9	2	40.12000000000002	39.88
510	10	2	40.02000000000001	69.71999999999996
510	11	2	40.14141414141414	99.85858585858581
510	12	2	40.12000000000002	129.88
510	13	2	40.126315789473686	160.6105263157894
510	14	2	39.92999999999998	189.99999999999991
510	15	2	70.12	10.12
510	16	2	70.19999999999996	39.94999999999999
510	17	2	70.04	69.87999999999995
510	18	2	70.07000000000002	100.18
510	19	2	69.88000000000001	129.88
510	20	2	70.26086956521739	160.50000000000006
510	21	2	69.8494623655914	190.15053763440852
510	22	2	100.3838383838384	9.85858585858586
510	23	2	99.38947368421054	39.87368421052632
510	24	2	99.87368421052632	70.61052631578951
510	25	2	100.06	100.14000000000003
510	26	2	100.11999999999999	129.87000000000003
510	27	2	100.12	160.11999999999992
510	28	2	99.85858585858585	190.3838383838383
510	29	2	129.87999999999997	10.12
510	30	2	129.87999999999997	40.120000000000005
510	31	2	129.61616161616163	70.14141414141416
510	32	2	130.1414141414141	99.61616161616158
510	33	2	129.49999999999997	129.99999999999991
510	34	2	129.84946236559145	160.15053763440852
510	35	2	130.12	190.11999999999992
510	36	2	159.73000000000005	10.159999999999998
510	37	2	159.92000000000002	40.29
510	38	2	159.99999999999994	69.79
510	39	2	159.90000000000006	99.84
510	40	2	159.69999999999996	130.14000000000001
510	41	2	159.77000000000004	159.85999999999996
510	42	2	159.87999999999997	190.11999999999998
510	43	2	190.19999999999996	10.330000000000005
510	44	2	190.30851063829783	39.436170212765965
510	45	2	190.04999999999993	69.93
510	46	2	190.19	99.83000000000001
510	47	2	190.1199999999999	129.88
510	48	2	189.61616161616163	159.85858585858585
510	49	2	190.03999999999996	189.88000000000008
510	50	1	28.547263681592035	125.67661691542291
510	51	1	84.43499999999992	183.415
510	52	1	138.905	140.50499999999988
510	53	1	56.71499999999998	148.095
510	54	1	36.37688442211052	116.13567839195976
510	55	1	43.91000000000001	141.34999999999997
510	56	1	55.32	120.13499999999999
510	57	1	143.845	62.570000000000014
510	58	1	17.135000000000012	116.94999999999999
510	59	1	143.705	27.414999999999992
510	60	1	75.5427135678392	148.7035175879397
510	61	1	136.69346733668345	165.6984924623116
510	62	1	77.75	174.02
510	63	1	152.03015075376874	33.18090452261307
510	64	1	117.18499999999993	68.77000000000004
510	65	1	176.22613065326627	125.90452261306531
510	66	1	178.11500000000004	42.035000000000004
510	67	1	36.225000000000016	171.10499999999982
510	68	1	102.51256281407035	60.87437185929645
510	69	1	50.76000000000002	162.76000000000002
510	70	1	29.924999999999994	18.674999999999997
510	71	1	16.025000000000006	22.52999999999999
510	72	1	135.835	21.024999999999995
510	73	1	133.33499999999998	56.269999999999996
510	74	1	144.015	170.51999999999998
510	75	1	28.407035175879386	104.25628140703519
510	76	1	56.22388059701493	107.27363184079599
510	77	1	104.93	146.06500000000008
510	78	1	15.759999999999998	176.40999999999997
510	79	1	138.79000000000002	76.51499999999996
510	80	1	27.475	5.179999999999999
510	81	1	33.19900497512436	181.65671641791047
510	82	1	89.24	145.34000000000006
510	83	1	55.03999999999997	132.9399999999999
510	84	1	111.67000000000006	127.95500000000011
510	85	1	88.26865671641787	164.71144278606963
510	86	1	22.979999999999997	195.39
510	87	1	121.42786069651743	117.11940298507463
510	88	1	22.555	166.3750000000001
510	89	1	118.41500000000002	54.370000000000005
510	90	1	180.14999999999992	113.665
510	91	1	179.56500000000005	55.27999999999997
510	92	1	54.245000000000026	183.39500000000015
510	93	1	115.12000000000006	148.9750000000001
510	94	1	117.43781094527363	81.69154228855724
510	95	1	182.73499999999996	143.23
510	96	1	31.63819095477387	152.47738693467335
510	97	1	150.34170854271346	178.1608040201005
510	98	1	111.81499999999998	47.474999999999994
510	99	1	149.31999999999994	48.38999999999999
520	1	2	10.141414141414144	9.616161616161618
520	2	2	10.270833333333334	40.270833333333314
520	3	2	9.81	70.12000000000003
520	4	2	10.000000000000004	100
520	5	2	10.141414141414144	129.85858585858588
520	6	2	10.383838383838384	160.14141414141415
520	7	2	9.879999999999997	189.88
520	8	2	40.12000000000002	10.12
520	9	2	40.12000000000002	39.88
520	10	2	40.02000000000001	69.71999999999996
520	11	2	40.14141414141414	99.85858585858581
520	12	2	40.12000000000002	129.88
520	13	2	40.126315789473686	160.6105263157894
520	14	2	39.92999999999998	189.99999999999991
520	15	2	70.12	10.12
520	16	2	70.19999999999996	39.94999999999999
520	17	2	70.04	69.87999999999995
520	18	2	70.07000000000002	100.18
520	19	2	69.88000000000001	129.88
520	20	2	70.26086956521739	160.50000000000006
520	21	2	69.8494623655914	190.15053763440852
520	22	2	100.3838383838384	9.85858585858586
520	23	2	99.38947368421054	39.87368421052632
520	24	2	99.87368421052632	70.61052631578951
520	25	2	100.06	100.14000000000003
520	26	2	100.11999999999999	129.87000000000003
520	27	2	100.12	160.11999999999992
520	28	2	99.85858585858585	190.3838383838383
520	29	2	129.87999999999997	10.12
520	30	2	129.87999999999997	40.120000000000005
520	31	2	129.61616161616163	70.14141414141416
520	32	2	130.1414141414141	99.61616161616158
520	33	2	129.49999999999997	129.99999999999991
520	34	2	129.84946236559145	160.15053763440852
520	35	2	130.12	190.11999999999992
520	36	2	159.73000000000005	10.159999999999998
520	37	2	159.92000000000002	40.29
520	38	2	159.99999999999994	69.79
520	39	2	159.90000000000006	99.84
520	40	2	159.69999999999996	130.14000000000001
520	41	2	159.77000000000004	159.85999999999996
520	42	2	159.87999999999997	190.11999999999998
520	43	2	190.19999999999996	10.330000000000005
520	44	2	190.30851063829783	39.436170212765965
520	45	2	190.04999999999993	69.93
520	46	2	190.19	99.83000000000001
520	47	2	190.1199999999999	129.88
520	48	2	189.61616161616163	159.85858585858585
520	49	2	190.03999999999996	189.88000000000008
520	50	1	28.499999999999996	125.48500000000004
520	51	1	83.33499999999998	183.16000000000005
520	52	1	139.03999999999996	139.40000000000003
520	53	1	56.98	147.50999999999996
520	54	1	37.13999999999999	116.20999999999998
520	55	1	41.984924623115575	141.97487437185936
520	56	1	53.68500000000001	119.295
520	57	1	144.51499999999993	62.69000000000001
520	58	1	17.46766169154229	118.38308457711439
520	59	1	143.4472361809046	28.24623115577888
520	60	1	75.46499999999999	148.75999999999993
520	61	1	136.83919597989947	165.5226130653268
520	62	1	77.91499999999998	173.01000000000008
520	63	1	152.40201005025122	33.020100502512555
520	64	1	117.12562814070357	67.91457286432158
520	65	1	175.95522388059703	127.66666666666663
520	66	1	177.19500000000002	42.20999999999998
520	67	1	37.42999999999999	171.00500000000005
520	68	1	102.54500000000007	60.91499999999999
520	69	1	50.532338308457696	161.96019900497504
520	70	1	31.645000000000007	19.264999999999983
520	71	1	17.13	22.840000000000007
520	72	1	136.85999999999996	21.114999999999988
520	73	1	134.08499999999984	56.16499999999999
520	74	1	144.02010050251252	170.753768844221
520	75	1	28.52500000000001	104.88000000000001
520	76	1	57.02500000000003	107.40500000000004
520	77	1	105.07537688442206	144.6331658291457
520	78	1	15.50999999999999	176.48000000000002
520	79	1	138.14572864321613	76.70854271356781
520	80	1	25.331658291457295	6.572864321608039
520	81	1	33.1859296482412	181.84924623115577
520	82	1	89.47500000000002	145.7650000000001
520	83	1	54.5829145728643	133.03517587939695
520	84	1	112.73999999999998	126.64000000000004
520	85	1	88.44500000000002	165.13500000000002
520	86	1	24.045000000000016	195.225
520	87	1	122.74999999999997	116.34499999999998
520	88	1	23.23618090452261	168.15075376884417
520	89	1	118.67999999999995	53.845
520	90	1	180.05499999999984	115.10499999999995
520	91	1	180.73	56.01999999999999
520	92	1	54.24000000000002	183.65999999999997
520	93	1	114.98000000000006	148.61999999999992
520	94	1	116.75124378109452	81.46766169154232
520	95	1	183.365	145.04000000000022
520	96	1	29.70149253731344	153.4776119402986
520	97	1	151.01507537688434	178.31155778894473
520	98	1	111.725	47.199999999999996
520	99	1	149.17999999999998	48.504999999999974
530	1	2	10.141414141414144	9.616161616161618
530	2	2	10.270833333333334	40.270833333333314
530	3	2	9.81	70.12000000000003
530	4	2	10.000000000000004	100
530	5	2	10.141414141414144	129.85858585858588
530	6	2	10.383838383838384	160.14141414141415
530	7	2	9.879999999999997	189.88
530	8	2	40.12000000000002	10.12
530	9	2	40.12000000000002	39.88
530	10	2	40.02000000000001	69.71999999999996
530	11	2	40.14141414141414	99.85858585858581
530	12	2	40.12000000000002	129.88
530	13	2	40.126315789473686	160.6105263157894
530	14	2	39.92999999999998	189.99999999999991
530	15	2	70.12	10.12
530	16	2	70.19999999999996	39.94999999999999
530	17	2	70.04	69.87999999999995
530	18	2	70.07000000000002	100.18
530	19	2	69.88000000000001	129.88
530	20	2	70.26086956521739	160.50000000000006
530	21	2	69.8494623655914	190.15053763440852
530	22	2	100.3838383838384	9.85858585858586
530	23	2	99.38947368421054	39.87368421052632
530	24	2	99.87368421052632	70.61052631578951
530	25	2	100.06	100.14000000000003
530	26	2	100.11999999999999	129.87000000000003
530	27	2	100.12	160.11999999999992
530	28	2	99.85858585858585	190.3838383838383
530	29	2	129.87999999999997	10.12
530	30	2	129.87999999999997	40.120000000000005
530	31	2	129.61616161616163	70.14141414141416
530	32	2	130.1414141414141	99.61616161616158
530	33	2	129.49999999999997	129.99999999999991
530	34	2	129.84946236559145	160.15053763440852
530	35	2	130.12	190.11999999999992
530	36	2	159.73000000000005	10.159999999999998
530	37	2	159.92000000000002	40.29
530	38	2	159.99999999999994	69.79
530	39	2	159.90000000000006	99.84
530	40	2	159.69999999999996	130.14000000000001
530	41	2	159.77000000000004	159.85999999999996
530	42	2	159.87999999999997	190.11999999999998
530	43	2	190.19999999999996	10.330000000000005
530	44	2	190.30851063829783	39.436170212765965
530	45	2	190.04999999999993	69.93
530	46	2	190.19	99.83000000000001
530	47	2	190.1199999999999	129.88
530	48	2	189.61616161616163	159.85858585858585
530	49	2	190.03999999999996	189.88000000000008
530	50	1	28.085858585858595	124.57575757575759
530	51	1	81.63499999999999	182.89000000000001
530	52	1	139.66499999999996	137.82499999999993
530	53	1	56.1542288557214	147.318407960199
530	54	1	38.04999999999999	116.32
530	55	1	40.258706467661675	142.65174129353238
530	56	1	52.77500000000002	118.71000000000002
530	57	1	145.12499999999997	62.49
530	58	1	17.50500000000002	119.26999999999998
530	59	1	142.98994974874367	29.145728643216078
530	60	1	75.33830845771142	148.85572139303488
530	61	1	136.90954773869345	165.49246231155774
530	62	1	78.03999999999996	172.185
530	63	1	152.87437185929642	32.47236180904523
530	64	1	117.40999999999995	66.91000000000003
530	65	1	176.2985074626866	129.20895522388062
530	66	1	175.77114427860687	42.89552238805971
530	67	1	38.680000000000014	171.1499999999999
530	68	1	102.55276381909547	60.78391959798996
530	69	1	50.435	161.005
530	70	1	32.663316582914575	19.080402010050236
530	71	1	18.512437810945276	22.477611940298505
530	72	1	138.05999999999995	21.07500000000001
530	73	1	134.35000000000005	56.305
530	74	1	144.11500000000012	171.00000000000006
530	75	1	27.88500000000001	105.97
530	76	1	57.72139303482587	107.8507462686568
530	77	1	105.05999999999996	143.70000000000013
530	78	1	15	176.19999999999996
530	79	1	137.14000000000001	77.04
530	80	1	24.44723618090452	6.8693467336683405
530	81	1	33.294999999999995	181.8449999999999
530	82	1	89.95522388059703	145.79601990049753
530	83	1	54.58706467661692	133.29353233830847
530	84	1	113.34499999999997	125.21000000000001
530	85	1	88.44000000000003	165.03
530	86	1	24.865000000000016	195.12
530	87	1	123.77500000000005	115.44500000000001
530	88	1	23.750000000000018	169.34999999999985
530	89	1	118.57	53.20000000000002
530	90	1	179.91999999999996	117.32000000000006
530	91	1	182.23999999999992	56.515
530	92	1	54.22999999999998	184.15999999999988
530	93	1	114.76000000000002	148.15499999999997
530	94	1	116.135	81.06000000000002
530	95	1	183.66500000000005	146.50000000000003
530	96	1	28.88500000000001	154.4549999999999
530	97	1	152.28358208955217	178.497512437811
530	98	1	111.09999999999995	46.84500000000001
530	99	1	149.28643216080394	48.18090452261307
540	1	2	10.141414141414144	9.616161616161618
540	2	2	10.270833333333334	40.270833333333314
540	3	2	9.81	70.12000000000003
540	4	2	10.000000000000004	100
540	5	2	10.141414141414144	129.85858585858588
540	6	2	10.383838383838384	160.14141414141415
540	7	2	9.879999999999997	189.88
540	8	2	40.12000000000002	10.12
540	9	2	40.12000000000002	39.88
540	10	2	40.02000000000001	69.71999999999996
540	11	2	40.14141414141414	99.85858585858581
540	12	2	40.12000000000002	129.88
540	13	2	40.126315789473686	160.6105263157894
540	14	2	39.92999999999998	189.99999999999991
540	15	2	70.12	10.12
540	16	2	70.19999999999996	39.94999999999999
540	17	2	70.04	69.87999999999995
540	18	2	70.07000000000002	100.18
540	19	2	69.88000000000001	129.88
540	20	2	70.26086956521739	160.50000000000006
540	21	2	69.8494623655914	190.15053763440852
540	22	2	100.3838383838384	9.85858585858586
540	23	2	99.38947368421054	39.87368421052632
540	24	2	99.87368421052632	70.61052631578951
540	25	2	100.06	100.14000000000003
540	26	2	100.11999999999999	129.87000000000003
540	27	2	100.12	160.11999999999992
540	28	2	99.85858585858585	190.3838383838383
540	29	2	129.87999999999997	10.12
540	30	2	129.87999999999997	40.120000000000005
540	31	2	129.61616161616163	70.14141414141416
540	32	2	130.1414141414141	99.61616161616158
540	33	2	129.49999999999997	129.99999999999991
540	34	2	129.84946236559145	160.15053763440852
540	35	2	130.12	190.11999999999992
540	36	2	159.73000000000005	10.159999999999998
540	37	2	159.92000000000002	40.29
540	38	2	159.99999999999994	69.79
540	39	2	159.90000000000006	99.84
540	40	2	159.69999999999996	130.14000000000001
540	41	2	159.77000000000004	159.85999999999996
540	42	2	159.87999999999997	190.11999999999998
540	43	2	190.19999999999996	10.330000000000005
540	44	2	190.30851063829783	39.436170212765965
540	45	2	190.04999999999993	69.93
540	46	2	190.19	99.83000000000001
540	47	2	190.1199999999999	129.88
540	48	2	189.61616161616163	159.85858585858585
540	49	2	190.03999999999996	189.88000000000008
540	50	1	27.964824120603005	123.32663316582915
540	51	1	81.13432835820905	182.4129353233831
540	52	1	140.23880597014906	136.21393034825877
540	53	1	55.02010050251255	147.37185929648246
540	54	1	39.230000000000004	116.23000000000005
540	55	1	38.84499999999999	143.0899999999999
540	56	1	52.074999999999974	118.38
540	57	1	146.085	62.27499999999999
540	58	1	17.82673267326733	120.88613861386133
540	59	1	142.80597014925365	29.696517412935318
540	60	1	74.91999999999994	148.89000000000013
540	61	1	137.06999999999996	165.4299999999999
540	62	1	78.66499999999999	171.17999999999998
540	63	1	153.18499999999992	32.18499999999999
540	64	1	117.63500000000005	66.31000000000002
540	65	1	176.4129353233831	130.64676616915432
540	66	1	174.96517412935316	44.358208955223866
540	67	1	39.537313432835816	171.34328358208955
540	68	1	103.31000000000002	60.61500000000002
540	69	1	50.37999999999998	160.59999999999982
540	70	1	34.160000000000004	19.229999999999986
540	71	1	20.345000000000002	22.610000000000003
540	72	1	139.35499999999993	20.78499999999999
540	73	1	134.65829145728637	56.15577889447238
540	74	1	144.6149999999999	170.89500000000012
540	75	1	27.24999999999999	106.50500000000001
540	76	1	57.82089552238805	107.5522388059702
540	77	1	105.1055276381909	142.55778894472348
540	78	1	14.565000000000001	176.06499999999997
540	79	1	136.94974874371846	77.12060301507539
540	80	1	23.467661691542286	7.134328358208954
540	81	1	33.331658291457316	181.9447236180904
540	82	1	90.78499999999998	146.53000000000003
540	83	1	54.395	133.4999999999999
540	84	1	114.02010050251255	124.48743718592966
540	85	1	88.48499999999997	164.8
540	86	1	25.880000000000006	195.08500000000015
540	87	1	124.49999999999999	114.29999999999998
540	88	1	23.895000000000003	170.1300000000001
540	89	1	118.84500000000007	52.25000000000003
540	90	1	179.69651741293538	118.66666666666663
540	91	1	183.47263681592042	57.213930348258685
540	92	1	53.67999999999998	184.26000000000008
540	93	1	114.28500000000003	148.27000000000007
540	94	1	115.81592039800995	80.88059701492539
540	95	1	183.70000000000005	147.53000000000003
540	96	1	26.87999999999999	155.1200000000001
540	97	1	152.98492462311563	178.88442211055272
540	98	1	110.1557788944724	46.38190954773869
540	99	1	149.43216080402007	48.326633165829136
550	1	2	10.141414141414144	9.616161616161618
550	2	2	10.270833333333334	40.270833333333314
550	3	2	9.81	70.12000000000003
550	4	2	10.000000000000004	100
550	5	2	10.141414141414144	129.85858585858588
550	6	2	10.383838383838384	160.14141414141415
550	7	2	9.879999999999997	189.88
550	8	2	40.12000000000002	10.12
550	9	2	40.12000000000002	39.88
550	10	2	40.02000000000001	69.71999999999996
550	11	2	40.14141414141414	99.85858585858581
550	12	2	40.12000000000002	129.88
550	13	2	40.126315789473686	160.6105263157894
550	14	2	39.92999999999998	189.99999999999991
550	15	2	70.12	10.12
550	16	2	70.19999999999996	39.94999999999999
550	17	2	70.04	69.87999999999995
550	18	2	70.07000000000002	100.18
550	19	2	69.88000000000001	129.88
550	20	2	70.26086956521739	160.50000000000006
550	21	2	69.8494623655914	190.15053763440852
550	22	2	100.3838383838384	9.85858585858586
550	23	2	99.38947368421054	39.87368421052632
550	24	2	99.87368421052632	70.61052631578951
550	25	2	100.06	100.14000000000003
550	26	2	100.11999999999999	129.87000000000003
550	27	2	100.12	160.11999999999992
550	28	2	99.85858585858585	190.3838383838383
550	29	2	129.87999999999997	10.12
550	30	2	129.87999999999997	40.120000000000005
550	31	2	129.61616161616163	70.14141414141416
550	32	2	130.1414141414141	99.61616161616158
550	33	2	129.49999999999997	129.99999999999991
550	34	2	129.84946236559145	160.15053763440852
550	35	2	130.12	190.11999999999992
550	36	2	159.73000000000005	10.159999999999998
550	37	2	159.92000000000002	40.29
550	38	2	159.99999999999994	69.79
550	39	2	159.90000000000006	99.84
550	40	2	159.69999999999996	130.14000000000001
550	41	2	159.77000000000004	159.85999999999996
550	42	2	159.87999999999997	190.11999999999998
550	43	2	190.19999999999996	10.330000000000005
550	44	2	190.30851063829783	39.436170212765965
550	45	2	190.04999999999993	69.93
550	46	2	190.19	99.83000000000001
550	47	2	190.1199999999999	129.88
550	48	2	189.61616161616163	159.85858585858585
550	49	2	190.03999999999996	189.88000000000008
550	50	1	28.228855721393042	122.42786069651744
550	51	1	79.99500000000002	181.88499999999996
550	52	1	140.73000000000008	134.47499999999994
550	53	1	54.125000000000014	147.15000000000012
550	54	1	40.13499999999998	115.31500000000001
550	55	1	37.10447761194032	143.53233830845764
550	56	1	51.79999999999999	118.04999999999998
550	57	1	146.86499999999998	62.240000000000016
550	58	1	18.490000000000002	122.94999999999997
550	59	1	141.91959798994978	30.301507537688458
550	60	1	74.81500000000005	148.865
550	61	1	137.1200000000001	165.66000000000008
550	62	1	78.71144278606964	170.1094527363185
550	63	1	153.0904522613065	31.94472361809043
550	64	1	117.50500000000004	66.11
550	65	1	177.1049999999999	132.505
550	66	1	174.33830845771143	45.771144278606954
550	67	1	40.22885572139304	171.34825870646765
550	68	1	103.92999999999996	60.73999999999999
550	69	1	50.61194029850744	160.20398009950242
550	70	1	34.855000000000004	19.24500000000001
550	71	1	21.39000000000001	22.455000000000005
550	72	1	140.5771144278607	20.776119402985074
550	73	1	134.59000000000012	56.219999999999985
550	74	1	145.0552763819095	171.16582914572862
550	75	1	25.795	107.19000000000001
550	76	1	57.73000000000003	107.42499999999997
550	77	1	105.23999999999992	141.13
550	78	1	14.274999999999995	176.03999999999996
550	79	1	137.05499999999986	77.14999999999998
550	80	1	22.920000000000012	6.9750000000000005
550	81	1	32.91457286432163	182.1457286432161
550	82	1	91.71499999999999	147.13999999999996
550	83	1	54.089999999999996	133.31499999999997
550	84	1	114.64000000000001	123.61999999999996
550	85	1	88.54500000000009	164.84
550	86	1	26.723618090452266	195.51758793969844
550	87	1	125.41791044776119	113.51741293532336
550	88	1	24.18090452261307	171.13567839195986
550	89	1	119.0201005025126	51.427135678391956
550	90	1	179.17500000000004	119.69
550	91	1	183.86500000000007	57.16
550	92	1	53.02487562189055	184.57711442786064
550	93	1	113.57999999999998	148.20000000000016
550	94	1	115.43000000000005	80.84999999999995
550	95	1	183.4599999999998	148.785
550	96	1	25.373134328358205	155.89552238805965
550	97	1	154.47761194029854	178.67164179104478
550	98	1	109.56499999999997	46.30499999999999
550	99	1	149.1144278606966	48.55721393034827
560	1	2	10.141414141414144	9.616161616161618
560	2	2	10.270833333333334	40.270833333333314
560	3	2	9.81	70.12000000000003
560	4	2	10.000000000000004	100
560	5	2	10.141414141414144	129.85858585858588
560	6	2	10.383838383838384	160.14141414141415
560	7	2	9.879999999999997	189.88
560	8	2	40.12000000000002	10.12
560	9	2	40.12000000000002	39.88
560	10	2	40.02000000000001	69.71999999999996
560	11	2	40.14141414141414	99.85858585858581
560	12	2	40.12000000000002	129.88
560	13	2	40.126315789473686	160.6105263157894
560	14	2	39.92999999999998	189.99999999999991
560	15	2	70.12	10.12
560	16	2	70.19999999999996	39.94999999999999
560	17	2	70.04	69.87999999999995
560	18	2	70.07000000000002	100.18
560	19	2	69.88000000000001	129.88
560	20	2	70.26086956521739	160.50000000000006
560	21	2	69.8494623655914	190.15053763440852
560	22	2	100.3838383838384	9.85858585858586
560	23	2	99.38947368421054	39.87368421052632
560	24	2	99.87368421052632	70.61052631578951
560	25	2	100.06	100.14000000000003
560	26	2	100.11999999999999	129.87000000000003
560	27	2	100.12	160.11999999999992
560	28	2	99.85858585858585	190.3838383838383
560	29	2	129.87999999999997	10.12
560	30	2	129.87999999999997	40.120000000000005
560	31	2	129.61616161616163	70.14141414141416
560	32	2	130.1414141414141	99.61616161616158
560	33	2	129.49999999999997	129.99999999999991
560	34	2	129.84946236559145	160.15053763440852
560	35	2	130.12	190.11999999999992
560	36	2	159.73000000000005	10.159999999999998
560	37	2	159.92000000000002	40.29
560	38	2	159.99999999999994	69.79
560	39	2	159.90000000000006	99.84
560	40	2	159.69999999999996	130.14000000000001
560	41	2	159.77000000000004	159.85999999999996
560	42	2	159.87999999999997	190.11999999999998
560	43	2	190.19999999999996	10.330000000000005
560	44	2	190.30851063829783	39.436170212765965
560	45	2	190.04999999999993	69.93
560	46	2	190.19	99.83000000000001
560	47	2	190.1199999999999	129.88
560	48	2	189.61616161616163	159.85858585858585
560	49	2	190.03999999999996	189.88000000000008
560	50	1	28.49748743718592	121.51256281407038
560	51	1	78.195	181.035
560	52	1	141.28855721393037	132.63184079601996
560	53	1	52.90499999999998	146.96999999999989
560	54	1	40.328358208955244	114.34328358208948
560	55	1	35.19900497512439	144.42288557213928
560	56	1	51.38500000000002	117.79500000000003
560	57	1	147.90547263681597	61.84577114427861
560	58	1	19.220000000000002	124.37500000000003
560	59	1	141.10500000000002	30.72999999999999
560	60	1	73.99500000000002	148.57500000000002
560	61	1	137.1758793969848	165.71356783919595
560	62	1	79.0248756218905	170.05970149253724
560	63	1	153.36499999999995	31.485000000000007
560	64	1	118.05025125628138	65.5226130653267
560	65	1	177.32000000000002	134.41
560	66	1	173.68656716417897	47.73631840796018
560	67	1	41.17499999999999	171.305
560	68	1	105.35000000000001	60.834999999999994
560	69	1	50.99499999999999	159.6049999999999
560	70	1	35.64824120603015	19.487437185929654
560	71	1	23.20000000000001	22.77500000000001
560	72	1	142.255	20.610000000000007
560	73	1	134.46500000000003	56.305000000000014
560	74	1	145.47999999999985	171.42000000000007
560	75	1	24.105000000000015	107.85000000000002
560	76	1	57.90954773869346	107.58291457286433
560	77	1	104.99502487562191	140.07462686567172
560	78	1	14.344999999999995	176.28
560	79	1	137.33999999999997	77.13999999999997
560	80	1	22.391959798994982	6.773869346733671
560	81	1	32.552763819095475	182.50251256281413
560	82	1	92.04499999999999	147.42999999999998
560	83	1	54.02500000000001	133.36500000000004
560	84	1	115.54500000000006	122.78000000000002
560	85	1	88.6467661691542	164.9402985074627
560	86	1	27.81999999999999	196.2950000000001
560	87	1	127.09000000000005	113.3
560	88	1	24.43499999999998	171.72
560	89	1	119.47000000000004	50.24499999999999
560	90	1	177.77999999999997	120.45999999999998
560	91	1	184	56.834999999999994
560	92	1	52.515000000000015	184.845
560	93	1	112.90500000000003	148.29499999999993
560	94	1	115.21500000000006	80.60999999999997
560	95	1	182.82999999999998	150.02999999999992
560	96	1	24.474999999999994	156.95
560	97	1	156.04999999999993	179.0150000000001
560	98	1	109.75621890547265	45.621890547263675
560	99	1	148.45000000000005	48.97000000000001
570	1	2	10.141414141414144	9.616161616161618
570	2	2	10.270833333333334	40.270833333333314
570	3	2	9.81	70.12000000000003
570	4	2	10.000000000000004	100
570	5	2	10.141414141414144	129.85858585858588
570	6	2	10.383838383838384	160.14141414141415
570	7	2	9.879999999999997	189.88
570	8	2	40.12000000000002	10.12
570	9	2	40.12000000000002	39.88
570	10	2	40.02000000000001	69.71999999999996
570	11	2	40.14141414141414	99.85858585858581
570	12	2	40.12000000000002	129.88
570	13	2	40.126315789473686	160.6105263157894
570	14	2	39.92999999999998	189.99999999999991
570	15	2	70.12	10.12
570	16	2	70.19999999999996	39.94999999999999
570	17	2	70.04	69.87999999999995
570	18	2	70.07000000000002	100.18
570	19	2	69.88000000000001	129.88
570	20	2	70.26086956521739	160.50000000000006
570	21	2	69.8494623655914	190.15053763440852
570	22	2	100.3838383838384	9.85858585858586
570	23	2	99.38947368421054	39.87368421052632
570	24	2	99.87368421052632	70.61052631578951
570	25	2	100.06	100.14000000000003
570	26	2	100.11999999999999	129.87000000000003
570	27	2	100.12	160.11999999999992
570	28	2	99.85858585858585	190.3838383838383
570	29	2	129.87999999999997	10.12
570	30	2	129.87999999999997	40.120000000000005
570	31	2	129.61616161616163	70.14141414141416
570	32	2	130.1414141414141	99.61616161616158
570	33	2	129.49999999999997	129.99999999999991
570	34	2	129.84946236559145	160.15053763440852
570	35	2	130.12	190.11999999999992
570	36	2	159.73000000000005	10.159999999999998
570	37	2	159.92000000000002	40.29
570	38	2	159.99999999999994	69.79
570	39	2	159.90000000000006	99.84
570	40	2	159.69999999999996	130.14000000000001
570	41	2	159.77000000000004	159.85999999999996
570	42	2	159.87999999999997	190.11999999999998
570	43	2	190.19999999999996	10.330000000000005
570	44	2	190.30851063829783	39.436170212765965
570	45	2	190.04999999999993	69.93
570	46	2	190.19	99.83000000000001
570	47	2	190.1199999999999	129.88
570	48	2	189.61616161616163	159.85858585858585
570	49	2	190.03999999999996	189.88000000000008
570	50	1	28.875000000000007	120.19500000000002
570	51	1	76.29145728643218	179.80402010050256
570	52	1	141.82500000000005	130.88499999999985
570	53	1	51.11940298507464	146.5771144278607
570	54	1	40.435	113.08000000000001
570	55	1	33.776119402985074	145.85572139303468
570	56	1	51.42	117.50999999999998
570	57	1	148.79104477611943	61.01492537313436
570	58	1	20.380000000000003	125.79499999999999
570	59	1	140.58999999999986	31.205000000000002
570	60	1	73.11999999999999	148.68499999999997
570	61	1	137.28000000000003	165.83499999999995
570	62	1	79.24000000000005	170.105
570	63	1	153.48999999999995	30.899999999999984
570	64	1	118.58	65.37999999999997
570	65	1	177.58208955223876	135.96517412935322
570	66	1	173.57	49.21500000000001
570	67	1	41.875	171.23999999999998
570	68	1	106.19900497512441	60.756218905472636
570	69	1	51.650000000000006	159.04000000000008
570	70	1	36.26368159203983	19.63681592039801
570	71	1	24.389999999999993	22.730000000000004
570	72	1	143.50248756218917	20.65174129353233
570	73	1	134.24378109452732	56.19900497512436
570	74	1	146.46766169154225	171.6467661691542
570	75	1	22.385	108.25499999999998
570	76	1	58.66500000000005	107.99500000000003
570	77	1	105.84577114427859	138.93532338308466
570	78	1	14.000000000000009	176.61999999999998
570	79	1	137.44221105527643	76.99497487437185
570	80	1	21.781094527363184	6.159203980099502
570	81	1	32.039800995024876	182.79104477611938
570	82	1	92.27	147.73999999999987
570	83	1	54.719999999999985	132.5500000000001
570	84	1	116.60804020100504	122.2964824120603
570	85	1	88.59500000000001	164.78500000000003
570	86	1	29.165829145728647	196.87939698492463
570	87	1	128.73499999999996	114.03000000000009
570	88	1	24.70149253731343	172.20895522388062
570	89	1	119.10000000000001	49.75999999999998
570	90	1	176.55223880597015	120.61194029850742
570	91	1	183.96999999999994	55.71
570	92	1	52.30000000000004	184.875
570	93	1	111.69000000000007	148.18500000000003
570	94	1	115.08000000000004	80.84500000000004
570	95	1	182.64499999999992	150.91
570	96	1	23.775	157.965
570	97	1	156.70500000000007	179.31
570	98	1	110.0149253731343	44.61194029850745
570	99	1	148.12499999999994	49.059999999999974
580	1	2	10.141414141414144	9.616161616161618
580	2	2	10.270833333333334	40.270833333333314
580	3	2	9.81	70.12000000000003
580	4	2	10.000000000000004	100
580	5	2	10.141414141414144	129.85858585858588
580	6	2	10.383838383838384	160.14141414141415
580	7	2	9.879999999999997	189.88
580	8	2	40.12000000000002	10.12
580	9	2	40.12000000000002	39.88
580	10	2	40.02000000000001	69.71999999999996
580	11	2	40.14141414141414	99.85858585858581
580	12	2	40.12000000000002	129.88
580	13	2	40.126315789473686	160.6105263157894
580	14	2	39.92999999999998	189.99999999999991
580	15	2	70.12	10.12
580	16	2	70.19999999999996	39.94999999999999
580	17	2	70.04	69.87999999999995
580	18	2	70.07000000000002	100.18
580	19	2	69.88000000000001	129.88
580	20	2	70.26086956521739	160.50000000000006
580	21	2	69.8494623655914	190.15053763440852
580	22	2	100.3838383838384	9.85858585858586
580	23	2	99.38947368421054	39.87368421052632
580	24	2	99.87368421052632	70.61052631578951
580	25	2	100.06	100.14000000000003
580	26	2	100.11999999999999	129.87000000000003
580	27	2	100.12	160.11999999999992
580	28	2	99.85858585858585	190.3838383838383
580	29	2	129.87999999999997	10.12
580	30	2	129.87999999999997	40.120000000000005
580	31	2	129.61616161616163	70.14141414141416
580	32	2	130.1414141414141	99.61616161616158
580	33	2	129.49999999999997	129.99999999999991
580	34	2	129.84946236559145	160.15053763440852
580	35	2	130.12	190.11999999999992
580	36	2	159.73000000000005	10.159999999999998
580	37	2	159.92000000000002	40.29
580	38	2	159.99999999999994	69.79
580	39	2	159.90000000000006	99.84
580	40	2	159.69999999999996	130.14000000000001
580	41	2	159.77000000000004	159.85999999999996
580	42	2	159.87999999999997	190.11999999999998
580	43	2	190.19999999999996	10.330000000000005
580	44	2	190.30851063829783	39.436170212765965
580	45	2	190.04999999999993	69.93
580	46	2	190.19	99.83000000000001
580	47	2	190.1199999999999	129.88
580	48	2	189.61616161616163	159.85858585858585
580	49	2	190.03999999999996	189.88000000000008
580	50	1	29.459999999999997	118.91999999999997
580	51	1	74.0945273631841	178.83582089552232
580	52	1	142.2189054726369	129.45771144278612
580	53	1	49.37000000000001	146.17999999999998
580	54	1	40.160804020100514	112.23115577889448
580	55	1	32.040000000000006	147.18500000000014
580	56	1	51.52999999999999	116.99999999999999
580	57	1	149.67839195979903	60.18592964824121
580	58	1	21.430693069306926	127.06930693069305
580	59	1	140.2763819095477	31.74371859296481
580	60	1	72.42999999999998	148.80000000000004
580	61	1	137.72000000000008	166.585
580	62	1	79.63499999999999	170.2950000000001
580	63	1	153.275	30.915000000000006
580	64	1	118.95000000000003	65.09499999999998
580	65	1	177.76500000000001	137.40499999999997
580	66	1	173.11000000000004	50.75500000000001
580	67	1	42.246231155778894	171.1356783919598
580	68	1	107.00500000000002	60.50999999999999
580	69	1	52.34328358208954	157.68159203980096
580	70	1	36.790000000000006	19.914999999999996
580	71	1	25.05970149253731	23.064676616915435
580	72	1	144.37500000000003	20.614999999999995
580	73	1	134.12000000000003	56.19499999999999
580	74	1	147.42500000000004	171.90000000000012
580	75	1	20.874999999999993	108.62500000000003
580	76	1	59.095000000000006	107.99
580	77	1	106.38999999999999	138.07499999999993
580	78	1	13.764999999999999	177.48499999999987
580	79	1	137.62814070351763	76.7889447236181
580	80	1	21.786069651741304	5.721393034825873
580	81	1	31.36683417085428	183.11557788944722
580	82	1	92.70499999999994	147.99500000000006
580	83	1	55.440000000000005	131.45000000000007
580	84	1	117.84500000000004	120.97999999999999
580	85	1	88.32000000000006	164.37499999999994
580	86	1	30.616915422885562	197.7562189054726
580	87	1	130.5024875621891	114.66169154228851
580	88	1	24.57999999999999	172.40500000000003
580	89	1	118.99999999999999	49.286432160804026
580	90	1	175.6	120.98000000000002
580	91	1	183.7199999999999	54.865
580	92	1	51.52763819095481	184.70854271356788
580	93	1	111.39499999999997	147.71999999999989
580	94	1	114.83999999999999	80.90499999999994
580	95	1	182.31499999999997	151.315
580	96	1	23.534999999999997	159.17499999999995
580	97	1	157.45499999999996	179.44999999999993
580	98	1	110.6749999999999	43.15000000000002
580	99	1	147.45226130653268	49.66331658291459
590	1	2	10.141414141414144	9.616161616161618
590	2	2	10.270833333333334	40.270833333333314
590	3	2	9.81	70.12000000000003
590	4	2	10.000000000000004	100
590	5	2	10.141414141414144	129.85858585858588
590	6	2	10.383838383838384	160.14141414141415
590	7	2	9.879999999999997	189.88
590	8	2	40.12000000000002	10.12
590	9	2	40.12000000000002	39.88
590	10	2	40.02000000000001	69.71999999999996
590	11	2	40.14141414141414	99.85858585858581
590	12	2	40.12000000000002	129.88
590	13	2	40.126315789473686	160.6105263157894
590	14	2	39.92999999999998	189.99999999999991
590	15	2	70.12	10.12
590	16	2	70.19999999999996	39.94999999999999
590	17	2	70.04	69.87999999999995
590	18	2	70.07000000000002	100.18
590	19	2	69.88000000000001	129.88
590	20	2	70.26086956521739	160.50000000000006
590	21	2	69.8494623655914	190.15053763440852
590	22	2	100.3838383838384	9.85858585858586
590	23	2	99.38947368421054	39.87368421052632
590	24	2	99.87368421052632	70.61052631578951
590	25	2	100.06	100.14000000000003
590	26	2	100.11999999999999	129.87000000000003
590	27	2	100.12	160.11999999999992
590	28	2	99.85858585858585	190.3838383838383
590	29	2	129.87999999999997	10.12
590	30	2	129.87999999999997	40.120000000000005
590	31	2	129.61616161616163	70.14141414141416
590	32	2	130.1414141414141	99.61616161616158
590	33	2	129.49999999999997	129.99999999999991
590	34	2	129.84946236559145	160.15053763440852
590	35	2	130.12	190.11999999999992
590	36	2	159.73000000000005	10.159999999999998
590	37	2	159.92000000000002	40.29
590	38	2	159.99999999999994	69.79
590	39	2	159.90000000000006	99.84
590	40	2	159.69999999999996	130.14000000000001
590	41	2	159.77000000000004	159.85999999999996
590	42	2	159.87999999999997	190.11999999999998
590	43	2	190.19999999999996	10.330000000000005
590	44	2	190.30851063829783	39.436170212765965
590	45	2	190.04999999999993	69.93
590	46	2	190.19	99.83000000000001
590	47	2	190.1199999999999	129.88
590	48	2	189.61616161616163	159.85858585858585
590	49	2	190.03999999999996	189.88000000000008
590	50	1	29.55	118.235
590	51	1	71.71999999999998	178.205
590	52	1	142.81592039801004	127.85572139303486
590	53	1	47.32999999999996	145.71499999999997
590	54	1	39.510000000000005	111.58000000000001
590	55	1	30.368159203980106	147.7213930348258
590	56	1	51.28643216080404	117.03015075376878
590	57	1	150.87562189054725	59.33830845771142
590	58	1	22.034825870646763	127.85074626865674
590	59	1	140.50746268656715	32.68656716417908
590	60	1	71.86500000000002	148.9449999999999
590	61	1	138.01990049751245	166.6069651741293
590	62	1	79.76884422110551	170.54271356783923
590	63	1	153.56000000000003	30.23500000000002
590	64	1	119.15577889447235	65.26633165829145
590	65	1	177.1799999999999	139.45499999999998
590	66	1	172.99999999999991	52.412935323383074
590	67	1	43.07999999999999	170.99499999999992
590	68	1	108.38308457711446	60.23383084577114
590	69	1	53.686567164179095	156.1691542288557
590	70	1	36.62500000000001	19.460000000000004
590	71	1	26.110552763819094	23.135678391959793
590	72	1	144.91500000000002	20.584999999999994
590	73	1	134.08999999999997	56.79499999999999
590	74	1	148.55721393034824	172.407960199005
590	75	1	19.75	109.39500000000004
590	76	1	59.39698492462313	108.391959798995
590	77	1	107.44500000000002	137.21999999999989
590	78	1	12.626865671641799	178.06467661691542
590	79	1	137.87000000000006	76.55000000000004
590	80	1	21.845000000000006	4.680000000000001
590	81	1	30.945000000000007	183.19499999999996
590	82	1	92.99004975124376	148.044776119403
590	83	1	55.29145728643218	131.68844221105522
590	84	1	118.92039800995026	119.63681592039805
590	85	1	88.27500000000002	164.47500000000008
590	86	1	31.560000000000006	198.5049999999998
590	87	1	131.83500000000004	114.56000000000003
590	88	1	24.544999999999995	172.8449999999999
590	89	1	119.20100502512564	48.492462311557794
590	90	1	174.65174129353235	121.63681592039795
590	91	1	183.60000000000008	54.72999999999999
590	92	1	50.925000000000026	185.2199999999999
590	93	1	110.59296482412063	146.69346733668348
590	94	1	114.91499999999999	80.89999999999999
590	95	1	181.68999999999997	151.9099999999999
590	96	1	23.83000000000001	160.30500000000004
590	97	1	159.03499999999994	179.61499999999995
590	98	1	110.77386934673369	42.256281407035196
590	99	1	146.98009950248746	50.11442786069652
600	1	2	10.141414141414144	9.616161616161618
600	2	2	10.270833333333334	40.270833333333314
600	3	2	9.81	70.12000000000003
600	4	2	10.000000000000004	100
600	5	2	10.141414141414144	129.85858585858588
600	6	2	10.383838383838384	160.14141414141415
600	7	2	9.879999999999997	189.88
600	8	2	40.12000000000002	10.12
600	9	2	40.12000000000002	39.88
600	10	2	40.02000000000001	69.71999999999996
600	11	2	40.14141414141414	99.85858585858581
600	12	2	40.12000000000002	129.88
600	13	2	40.126315789473686	160.6105263157894
600	14	2	39.92999999999998	189.99999999999991
600	15	2	70.12	10.12
600	16	2	70.19999999999996	39.94999999999999
600	17	2	70.04	69.87999999999995
600	18	2	70.07000000000002	100.18
600	19	2	69.88000000000001	129.88
600	20	2	70.26086956521739	160.50000000000006
600	21	2	69.8494623655914	190.15053763440852
600	22	2	100.3838383838384	9.85858585858586
600	23	2	99.38947368421054	39.87368421052632
600	24	2	99.87368421052632	70.61052631578951
600	25	2	100.06	100.14000000000003
600	26	2	100.11999999999999	129.87000000000003
600	27	2	100.12	160.11999999999992
600	28	2	99.85858585858585	190.3838383838383
600	29	2	129.87999999999997	10.12
600	30	2	129.87999999999997	40.120000000000005
600	31	2	129.61616161616163	70.14141414141416
600	32	2	130.1414141414141	99.61616161616158
600	33	2	129.49999999999997	129.99999999999991
600	34	2	129.84946236559145	160.15053763440852
600	35	2	130.12	190.11999999999992
600	36	2	159.73000000000005	10.159999999999998
600	37	2	159.92000000000002	40.29
600	38	2	159.99999999999994	69.79
600	39	2	159.90000000000006	99.84
600	40	2	159.69999999999996	130.14000000000001
600	41	2	159.77000000000004	159.85999999999996
600	42	2	159.87999999999997	190.11999999999998
600	43	2	190.19999999999996	10.330000000000005
600	44	2	190.30851063829783	39.436170212765965
600	45	2	190.04999999999993	69.93
600	46	2	190.19	99.83000000000001
600	47	2	190.1199999999999	129.88
600	48	2	189.61616161616163	159.85858585858585
600	49	2	190.03999999999996	189.88000000000008
600	50	1	30.169154228855717	117.84079601990048
600	51	1	70.50999999999998	178.02999999999994
600	52	1	142.9750000000001	126.15500000000004
600	53	1	45.850000000000016	145.43
600	54	1	39.090452261306496	111.03517587939693
600	55	1	29.069999999999993	148.28499999999997
600	56	1	51.495000000000005	117.165
600	57	1	151.60000000000008	58.52500000000001
600	58	1	22.592964824120607	128.01005025125627
600	59	1	140.40201005025125	33.51758793969847
600	60	1	71.49500000000002	149.07999999999996
600	61	1	139.04020100502518	165.91457286432166
600	62	1	79.84999999999997	170.78499999999994
600	63	1	153.26499999999996	30.335
600	64	1	119.53266331658291	64.90954773869346
600	65	1	176.08999999999992	141.27000000000007
600	66	1	172.12437810945283	53.606965174129364
600	67	1	43.929999999999986	170.74499999999992
600	68	1	108.68159203980099	59.46766169154232
600	69	1	54.482587064676636	155.04477611940297
600	70	1	36.542713567839186	19.180904522613073
600	71	1	27.279999999999998	23.674999999999986
600	72	1	145.48999999999995	20.74999999999999
600	73	1	134.01999999999987	56.84000000000002
600	74	1	149.79999999999995	172.48999999999995
600	75	1	18.98507462686566	110.5273631840796
600	76	1	60.467661691542276	108.97014925373134
600	77	1	108.26999999999997	136.71000000000004
600	78	1	11.42	178.40499999999992
600	79	1	137.735	76.54499999999999
600	80	1	22.074626865671647	3.860696517412935
600	81	1	30.29	183.40499999999994
600	82	1	93.08999999999999	148.16499999999996
600	83	1	55.19	131.71500000000006
600	84	1	119.39800995024873	118.3681592039801
600	85	1	88.33000000000001	164.58999999999992
600	86	1	32.34	198.96500000000006
600	87	1	132.356783919598	114.91457286432158
600	88	1	24.605000000000004	173.31999999999996
600	89	1	119.45000000000002	47.96499999999998
600	90	1	174.51499999999996	122.49000000000001
600	91	1	183.38190954773867	54.522613065326624
600	92	1	50.365	185.65999999999997
600	93	1	110.38000000000002	146.40999999999994
600	94	1	114.72500000000002	80.61999999999999
600	95	1	181.18905472636803	152.01492537313433
600	96	1	24.400000000000002	161.75500000000002
600	97	1	159.66000000000008	179.5099999999999
600	98	1	110.93499999999995	41.23
600	99	1	146.19	50.714999999999975
610	1	2	10.141414141414144	9.616161616161618
610	2	2	10.270833333333334	40.270833333333314
610	3	2	9.81	70.12000000000003
610	4	2	10.000000000000004	100
610	5	2	10.141414141414144	129.85858585858588
610	6	2	10.383838383838384	160.14141414141415
610	7	2	9.879999999999997	189.88
610	8	2	40.12000000000002	10.12
610	9	2	40.12000000000002	39.88
610	10	2	40.02000000000001	69.71999999999996
610	11	2	40.14141414141414	99.85858585858581
610	12	2	40.12000000000002	129.88
610	13	2	40.126315789473686	160.6105263157894
610	14	2	39.92999999999998	189.99999999999991
610	15	2	70.12	10.12
610	16	2	70.19999999999996	39.94999999999999
610	17	2	70.04	69.87999999999995
610	18	2	70.07000000000002	100.18
610	19	2	69.88000000000001	129.88
610	20	2	70.26086956521739	160.50000000000006
610	21	2	69.8494623655914	190.15053763440852
610	22	2	100.3838383838384	9.85858585858586
610	23	2	99.38947368421054	39.87368421052632
610	24	2	99.87368421052632	70.61052631578951
610	25	2	100.06	100.14000000000003
610	26	2	100.11999999999999	129.87000000000003
610	27	2	100.12	160.11999999999992
610	28	2	99.85858585858585	190.3838383838383
610	29	2	129.87999999999997	10.12
610	30	2	129.87999999999997	40.120000000000005
610	31	2	129.61616161616163	70.14141414141416
610	32	2	130.1414141414141	99.61616161616158
610	33	2	129.49999999999997	129.99999999999991
610	34	2	129.84946236559145	160.15053763440852
610	35	2	130.12	190.11999999999992
610	36	2	159.73000000000005	10.159999999999998
610	37	2	159.92000000000002	40.29
610	38	2	159.99999999999994	69.79
610	39	2	159.90000000000006	99.84
610	40	2	159.69999999999996	130.14000000000001
610	41	2	159.77000000000004	159.85999999999996
610	42	2	159.87999999999997	190.11999999999998
610	43	2	190.19999999999996	10.330000000000005
610	44	2	190.30851063829783	39.436170212765965
610	45	2	190.04999999999993	69.93
610	46	2	190.19	99.83000000000001
610	47	2	190.1199999999999	129.88
610	48	2	189.61616161616163	159.85858585858585
610	49	2	190.03999999999996	189.88000000000008
610	50	1	31.070000000000007	118.19000000000001
610	51	1	68.41499999999998	177.935
610	52	1	144.094527363184	124.23383084577121
610	53	1	43.92039800995026	145.29353233830855
610	54	1	38.03500000000001	110.40999999999994
610	55	1	27.185000000000006	148.92499999999993
610	56	1	51.32338308457713	116.98009950248758
610	57	1	152.44499999999994	57.159999999999975
610	58	1	23.094527363184074	128.2139303482587
610	59	1	140.775	34.635000000000005
610	60	1	71.705	149.19500000000005
610	61	1	140.3366834170855	165.678391959799
610	62	1	80.30499999999998	171.44999999999996
610	63	1	153.00999999999988	30.53000000000001
610	64	1	119.58208955223883	64.79601990049746
610	65	1	174.23500000000004	143.40999999999994
610	66	1	171.0895522388059	54.328358208955216
610	67	1	44.64676616915423	170.2736318407959
610	68	1	109.6	58.57000000000001
610	69	1	55.87562189054727	153.96517412935324
610	70	1	36.33165829145729	19.221105527638183
610	71	1	28.388059701492534	24.46268656716419
610	72	1	146.515	20.72
610	73	1	134.1005025125628	57.316582914572834
610	74	1	150.795	172.43000000000012
610	75	1	17.806930693069305	112.11386138613858
610	76	1	61.21890547263682	109.57213930348261
610	77	1	108.79899497487426	136.44221105527643
610	78	1	9.671641791044772	178.2437810945274
610	79	1	137.90500000000006	76.32000000000002
610	80	1	22.34328358208956	3.019900497512438
610	81	1	30.3316582914573	183.29648241206039
610	82	1	93.36999999999999	148.265
610	83	1	55.27999999999998	131.60500000000002
610	84	1	119.94527363184075	117.91044776119404
610	85	1	88.26000000000006	164.48999999999995
610	86	1	32.320000000000014	199.28999999999994
610	87	1	133.29145728643215	114.68844221105529
610	88	1	24.070351758793965	173.84422110552765
610	89	1	120.00500000000007	47.18500000000001
610	90	1	174.79500000000004	124.54500000000003
610	91	1	183.02999999999994	54.430000000000035
610	92	1	50.165	185.56
610	93	1	110.09999999999998	146.23000000000005
610	94	1	114.97	80.39500000000002
610	95	1	180.57711442786072	152.2189054726367
610	96	1	24.656716417910452	163.20398009950247
610	97	1	160.5	179.24000000000007
610	98	1	110.82500000000003	41.05500000000001
610	99	1	145.0949999999999	51.37999999999999
620	1	2	10.141414141414144	9.616161616161618
620	2	2	10.270833333333334	40.270833333333314
620	3	2	9.81	70.12000000000003
620	4	2	10.000000000000004	100
620	5	2	10.141414141414144	129.85858585858588
620	6	2	10.383838383838384	160.14141414141415
620	7	2	9.879999999999997	189.88
620	8	2	40.12000000000002	10.12
620	9	2	40.12000000000002	39.88
620	10	2	40.02000000000001	69.71999999999996
620	11	2	40.14141414141414	99.85858585858581
620	12	2	40.12000000000002	129.88
620	13	2	40.126315789473686	160.6105263157894
620	14	2	39.92999999999998	189.99999999999991
620	15	2	70.12	10.12
620	16	2	70.19999999999996	39.94999999999999
620	17	2	70.04	69.87999999999995
620	18	2	70.07000000000002	100.18
620	19	2	69.88000000000001	129.88
620	20	2	70.26086956521739	160.50000000000006
620	21	2	69.8494623655914	190.15053763440852
620	22	2	100.3838383838384	9.85858585858586
620	23	2	99.38947368421054	39.87368421052632
620	24	2	99.87368421052632	70.61052631578951
620	25	2	100.06	100.14000000000003
620	26	2	100.11999999999999	129.87000000000003
620	27	2	100.12	160.11999999999992
620	28	2	99.85858585858585	190.3838383838383
620	29	2	129.87999999999997	10.12
620	30	2	129.87999999999997	40.120000000000005
620	31	2	129.61616161616163	70.14141414141416
620	32	2	130.1414141414141	99.61616161616158
620	33	2	129.49999999999997	129.99999999999991
620	34	2	129.84946236559145	160.15053763440852
620	35	2	130.12	190.11999999999992
620	36	2	159.73000000000005	10.159999999999998
620	37	2	159.92000000000002	40.29
620	38	2	159.99999999999994	69.79
620	39	2	159.90000000000006	99.84
620	40	2	159.69999999999996	130.14000000000001
620	41	2	159.77000000000004	159.85999999999996
620	42	2	159.87999999999997	190.11999999999998
620	43	2	190.19999999999996	10.330000000000005
620	44	2	190.30851063829783	39.436170212765965
620	45	2	190.04999999999993	69.93
620	46	2	190.19	99.83000000000001
620	47	2	190.1199999999999	129.88
620	48	2	189.61616161616163	159.85858585858585
620	49	2	190.03999999999996	189.88000000000008
620	50	1	31.779999999999998	118.405
620	51	1	66.77611940298512	177.68656716417902
620	52	1	144.82587064676622	123.58208955223876
620	53	1	42.519999999999996	145.47499999999997
620	54	1	37.42499999999999	110.10499999999999
620	55	1	25.564999999999987	149.80500000000004
620	56	1	51.50000000000001	116.83999999999999
620	57	1	152.45226130653253	56.48743718592965
620	58	1	23.859296482412063	128.29145728643232
620	59	1	140.84422110552754	35.55276381909545
620	60	1	72.41500000000003	149.67499999999998
620	61	1	141.35000000000005	165.86999999999995
620	62	1	80.07035175879402	172.22110552763814
620	63	1	152.58208955223878	30.16915422885574
620	64	1	119.59500000000004	64.59499999999994
620	65	1	173.10000000000005	144.44500000000002
620	66	1	169.5699999999999	55.08499999999999
620	67	1	45.49999999999999	169.73000000000005
620	68	1	110.12	58.03999999999999
620	69	1	56.3	153.035
620	70	1	36.115577889447245	19.281407035175896
620	71	1	29.005	25.03499999999999
620	72	1	146.66000000000005	20.65500000000001
620	73	1	134.23	57.73
620	74	1	151.35175879396974	172.30653266331666
620	75	1	17.15920398009951	113.48756218905471
620	76	1	61.92537313432834	110.17910447761192
620	77	1	109.30500000000004	136.07000000000005
620	78	1	7.8407960199005	178.28358208955225
620	79	1	137.61	76.68499999999996
620	80	1	22.288557213930368	1.90547263681592
620	81	1	29.655000000000012	183.24999999999991
620	82	1	93.07000000000001	148.22499999999994
620	83	1	55.394999999999996	131.37499999999997
620	84	1	121.08499999999994	116.98999999999995
620	85	1	88.155	164.44500000000005
620	86	1	32.404999999999994	199.78000000000003
620	87	1	134.87499999999997	114.61500000000002
620	88	1	23.636815920398014	174.3134328358208
620	89	1	120.29999999999994	46.88500000000002
620	90	1	174.68999999999994	126.37999999999995
620	91	1	182.64824120603015	54.05527638190955
620	92	1	50.15999999999999	185.75500000000005
620	93	1	109.56500000000001	146.12999999999988
620	94	1	115.07000000000005	79.97
620	95	1	180.0854271356783	152.48743718592965
620	96	1	25.11055276381911	164.32160804020103
620	97	1	160.62999999999997	179.22000000000006
620	98	1	110.74	40.78499999999998
620	99	1	144.36999999999995	51.699999999999974
630	1	2	10.141414141414144	9.616161616161618
630	2	2	10.270833333333334	40.270833333333314
630	3	2	9.81	70.12000000000003
630	4	2	10.000000000000004	100
630	5	2	10.141414141414144	129.85858585858588
630	6	2	10.383838383838384	160.14141414141415
630	7	2	9.879999999999997	189.88
630	8	2	40.12000000000002	10.12
630	9	2	40.12000000000002	39.88
630	10	2	40.02000000000001	69.71999999999996
630	11	2	40.14141414141414	99.85858585858581
630	12	2	40.12000000000002	129.88
630	13	2	40.126315789473686	160.6105263157894
630	14	2	39.92999999999998	189.99999999999991
630	15	2	70.12	10.12
630	16	2	70.19999999999996	39.94999999999999
630	17	2	70.04	69.87999999999995
630	18	2	70.07000000000002	100.18
630	19	2	69.88000000000001	129.88
630	20	2	70.26086956521739	160.50000000000006
630	21	2	69.8494623655914	190.15053763440852
630	22	2	100.3838383838384	9.85858585858586
630	23	2	99.38947368421054	39.87368421052632
630	24	2	99.87368421052632	70.61052631578951
630	25	2	100.06	100.14000000000003
630	26	2	100.11999999999999	129.87000000000003
630	27	2	100.12	160.11999999999992
630	28	2	99.85858585858585	190.3838383838383
630	29	2	129.87999999999997	10.12
630	30	2	129.87999999999997	40.120000000000005
630	31	2	129.61616161616163	70.14141414141416
630	32	2	130.1414141414141	99.61616161616158
630	33	2	129.49999999999997	129.99999999999991
630	34	2	129.84946236559145	160.15053763440852
630	35	2	130.12	190.11999999999992
630	36	2	159.73000000000005	10.159999999999998
630	37	2	159.92000000000002	40.29
630	38	2	159.99999999999994	69.79
630	39	2	159.90000000000006	99.84
630	40	2	159.69999999999996	130.14000000000001
630	41	2	159.77000000000004	159.85999999999996
630	42	2	159.87999999999997	190.11999999999998
630	43	2	190.19999999999996	10.330000000000005
630	44	2	190.30851063829783	39.436170212765965
630	45	2	190.04999999999993	69.93
630	46	2	190.19	99.83000000000001
630	47	2	190.1199999999999	129.88
630	48	2	189.61616161616163	159.85858585858585
630	49	2	190.03999999999996	189.88000000000008
630	50	1	32.48743718592965	118.2663316582914
630	51	1	65.02487562189053	177.31840796019898
630	52	1	145.40999999999997	122.605
630	53	1	41.44278606965174	145.87562189054725
630	54	1	37.089999999999996	109.82
630	55	1	24.06532663316582	150.96482412060308
630	56	1	51.71999999999997	116.49499999999998
630	57	1	152.69999999999996	55.66499999999999
630	58	1	24.224999999999998	128.175
630	59	1	141.04522613065322	36.26130653266334
630	60	1	72.59499999999996	149.89499999999987
630	61	1	142.01	166.13
630	62	1	79.425	173.47000000000017
630	63	1	152.47499999999988	30.195000000000007
630	64	1	119.55445544554458	64.06435643564357
630	65	1	172.27000000000012	145.2250000000001
630	66	1	168.55223880597018	55.43781094527362
630	67	1	46.25	169.37
630	68	1	110.08542713567837	57.236180904522634
630	69	1	56.405000000000015	152.38
630	70	1	36.53030303030303	19.550505050505055
630	71	1	29.340000000000003	25.280000000000015
630	72	1	147.17999999999995	20.785
630	73	1	134.55999999999992	58.23499999999998
630	74	1	152.80999999999992	172.04000000000005
630	75	1	16.925	114.71000000000004
630	76	1	63.185	111.11000000000004
630	77	1	109.25999999999998	135.83000000000015
630	78	1	5.795	177.99999999999997
630	79	1	137.77386934673362	76.74371859296484
630	80	1	22.455	1.2250000000000512
630	81	1	29.389999999999993	183.12499999999997
630	82	1	93.21608040201006	148.30150753768837
630	83	1	55.27999999999999	131.32999999999998
630	84	1	122.19500000000002	116.50500000000004
630	85	1	87.93532338308455	164.56716417910457
630	86	1	32.20000000000001	0.274999999999892
630	87	1	136.27860696517408	114.02985074626872
630	88	1	22.75500000000001	174.74999999999994
630	89	1	120.8549999999999	46.65500000000001
630	90	1	174.55000000000004	127.76499999999996
630	91	1	181.69999999999993	54.36000000000002
630	92	1	50.330000000000005	186.03000000000003
630	93	1	109.65656565656565	146.28282828282823
630	94	1	115.07500000000007	79.42499999999998
630	95	1	179.31499999999997	152.67999999999998
630	96	1	26.02000000000001	165.67499999999993
630	97	1	160.4572864321608	179.25628140703512
630	98	1	110.60606060606061	40.63131313131313
630	99	1	143.525	51.724999999999966
640	1	2	10.141414141414144	9.616161616161618
640	2	2	10.270833333333334	40.270833333333314
640	3	2	9.81	70.12000000000003
640	4	2	10.000000000000004	100
640	5	2	10.141414141414144	129.85858585858588
640	6	2	10.383838383838384	160.14141414141415
640	7	2	9.879999999999997	189.88
640	8	2	40.12000000000002	10.12
640	9	2	40.12000000000002	39.88
640	10	2	40.02000000000001	69.71999999999996
640	11	2	40.14141414141414	99.85858585858581
640	12	2	40.12000000000002	129.88
640	13	2	40.126315789473686	160.6105263157894
640	14	2	39.92999999999998	189.99999999999991
640	15	2	70.12	10.12
640	16	2	70.19999999999996	39.94999999999999
640	17	2	70.04	69.87999999999995
640	18	2	70.07000000000002	100.18
640	19	2	69.88000000000001	129.88
640	20	2	70.26086956521739	160.50000000000006
640	21	2	69.8494623655914	190.15053763440852
640	22	2	100.3838383838384	9.85858585858586
640	23	2	99.38947368421054	39.87368421052632
640	24	2	99.87368421052632	70.61052631578951
640	25	2	100.06	100.14000000000003
640	26	2	100.11999999999999	129.87000000000003
640	27	2	100.12	160.11999999999992
640	28	2	99.85858585858585	190.3838383838383
640	29	2	129.87999999999997	10.12
640	30	2	129.87999999999997	40.120000000000005
640	31	2	129.61616161616163	70.14141414141416
640	32	2	130.1414141414141	99.61616161616158
640	33	2	129.49999999999997	129.99999999999991
640	34	2	129.84946236559145	160.15053763440852
640	35	2	130.12	190.11999999999992
640	36	2	159.73000000000005	10.159999999999998
640	37	2	159.92000000000002	40.29
640	38	2	159.99999999999994	69.79
640	39	2	159.90000000000006	99.84
640	40	2	159.69999999999996	130.14000000000001
640	41	2	159.77000000000004	159.85999999999996
640	42	2	159.87999999999997	190.11999999999998
640	43	2	190.19999999999996	10.330000000000005
640	44	2	190.30851063829783	39.436170212765965
640	45	2	190.04999999999993	69.93
640	46	2	190.19	99.83000000000001
640	47	2	190.1199999999999	129.88
640	48	2	189.61616161616163	159.85858585858585
640	49	2	190.03999999999996	189.88000000000008
640	50	1	33.62500000000001	117.915
640	51	1	64.06965174129353	176.59701492537312
640	52	1	145.7000000000001	121.83500000000006
640	53	1	39.66999999999999	146.39500000000004
640	54	1	35.90500000000001	109.28000000000002
640	55	1	23.18905472636815	151.96517412935327
640	56	1	51.66331658291457	116.16582914572867
640	57	1	152.80499999999995	55.089999999999996
640	58	1	24.80099502487562	128.29353233830847
640	59	1	141.53499999999997	36.75999999999999
640	60	1	73.38499999999996	150.375
640	61	1	142.79999999999993	166.18499999999992
640	62	1	78.195	174.84500000000003
640	63	1	152.34170854271355	29.79396984924622
640	64	1	119.33668341708544	63.65829145728647
640	65	1	170.73366834170852	146.31155778894478
640	66	1	166.9646464646464	56.48989898989901
640	67	1	46.86000000000001	168.95499999999998
640	68	1	109.9651741293532	56.56716417910447
640	69	1	56.48000000000003	151.57000000000008
640	70	1	36.75879396984926	19.683417085427116
640	71	1	29.700000000000017	25.610000000000007
640	72	1	146.9004975124378	20.810945273631834
640	73	1	134.65000000000003	58.585
640	74	1	153.71499999999995	171.78999999999996
640	75	1	16.35500000000001	115.88
640	76	1	64.41206030150755	111.99497487437186
640	77	1	109.45500000000004	135.68000000000012
640	78	1	3.7850000000000015	177.26500000000007
640	79	1	137.685	76.905
640	80	1	22.442211055276378	0.18090452261301948
640	81	1	29.710000000000004	182.7850000000001
640	82	1	93.25000000000006	148.55499999999995
640	83	1	55.119999999999976	131.58500000000004
640	84	1	122.98999999999998	116.18999999999996
640	85	1	87.56500000000003	165.7399999999999
640	86	1	31.894472361809054	0.8994974874371865
640	87	1	136.84577114427867	113.4079601990049
640	88	1	21.285000000000004	174.92999999999992
640	89	1	121.41499999999998	46.559999999999974
640	90	1	173.96517412935327	129.97014925373136
640	91	1	180.76999999999998	54.470000000000006
640	92	1	50.22500000000001	186.05499999999995
640	93	1	109.59500000000003	146.32000000000005
640	94	1	114.71999999999997	78.71
640	95	1	178.87499999999991	152.45
640	96	1	26.85858585858586	166.6666666666667
640	97	1	160.22110552763826	179.41206030150755
640	98	1	110.48499999999997	40.355000000000004
640	99	1	143.1200000000001	51.625000000000014
650	1	2	10.141414141414144	9.616161616161618
650	2	2	10.270833333333334	40.270833333333314
650	3	2	9.81	70.12000000000003
650	4	2	10.000000000000004	100
650	5	2	10.141414141414144	129.85858585858588
650	6	2	10.383838383838384	160.14141414141415
650	7	2	9.879999999999997	189.88
650	8	2	40.12000000000002	10.12
650	9	2	40.12000000000002	39.88
650	10	2	40.02000000000001	69.71999999999996
650	11	2	40.14141414141414	99.85858585858581
650	12	2	40.12000000000002	129.88
650	13	2	40.126315789473686	160.6105263157894
650	14	2	39.92999999999998	189.99999999999991
650	15	2	70.12	10.12
650	16	2	70.19999999999996	39.94999999999999
650	17	2	70.04	69.87999999999995
650	18	2	70.07000000000002	100.18
650	19	2	69.88000000000001	129.88
650	20	2	70.26086956521739	160.50000000000006
650	21	2	69.8494623655914	190.15053763440852
650	22	2	100.3838383838384	9.85858585858586
650	23	2	99.38947368421054	39.87368421052632
650	24	2	99.87368421052632	70.61052631578951
650	25	2	100.06	100.14000000000003
650	26	2	100.11999999999999	129.87000000000003
650	27	2	100.12	160.11999999999992
650	28	2	99.85858585858585	190.3838383838383
650	29	2	129.87999999999997	10.12
650	30	2	129.87999999999997	40.120000000000005
650	31	2	129.61616161616163	70.14141414141416
650	32	2	130.1414141414141	99.61616161616158
650	33	2	129.49999999999997	129.99999999999991
650	34	2	129.84946236559145	160.15053763440852
650	35	2	130.12	190.11999999999992
650	36	2	159.73000000000005	10.159999999999998
650	37	2	159.92000000000002	40.29
650	38	2	159.99999999999994	69.79
650	39	2	159.90000000000006	99.84
650	40	2	159.69999999999996	130.14000000000001
650	41	2	159.77000000000004	159.85999999999996
650	42	2	159.87999999999997	190.11999999999998
650	43	2	190.19999999999996	10.330000000000005
650	44	2	190.30851063829783	39.436170212765965
650	45	2	190.04999999999993	69.93
650	46	2	190.19	99.83000000000001
650	47	2	190.1199999999999	129.88
650	48	2	189.61616161616163	159.85858585858585
650	49	2	190.03999999999996	189.88000000000008
650	50	1	34.82587064676616	117.82587064676618
650	51	1	63.315000000000005	176.135
650	52	1	145.84422110552762	121.04020100502512
650	53	1	38.89054726368158	146.69651741293535
650	54	1	34.86934673366836	108.85929648241205
650	55	1	22.76884422110553	152.6884422110554
650	56	1	51.70000000000002	115.99000000000004
650	57	1	152.81	55.130000000000024
650	58	1	25.37500000000001	128.23499999999999
650	59	1	142.89500000000007	37.79499999999999
650	60	1	74.40499999999997	150.74499999999995
650	61	1	143.23000000000002	166.54500000000002
650	62	1	76.85500000000002	176.605
650	63	1	151.52999999999992	29.24499999999999
650	64	1	118.89999999999999	63.36499999999992
650	65	1	169.71144278606977	146.71641791044772
650	66	1	165.8899999999999	57.440000000000026
650	67	1	48.08999999999999	167.91999999999996
650	68	1	109.9	55.25000000000001
650	69	1	56.552238805970156	150.31343283582095
650	70	1	37.28000000000002	20.32
650	71	1	29.895000000000014	26.39
650	72	1	146.4673366834171	20.864321608040218
650	73	1	134.76381909547737	58.934673366834176
650	74	1	154.04	171.575
650	75	1	16.228855721393042	116.7462686567164
650	76	1	65.21500000000003	112.45000000000002
650	77	1	109.60000000000001	135.7900000000001
650	78	1	1.8955223880597034	176.49751243781094
650	79	1	137.81499999999974	76.955
650	80	1	22.432160804020103	199.94472361809045
650	81	1	30.080000000000002	182.43500000000006
650	82	1	92.75500000000005	148.29499999999987
650	83	1	55.06000000000001	131.86999999999992
650	84	1	123.5074626865671	115.94029850746273
650	85	1	86.36180904522615	166.34170854271363
650	86	1	31.379999999999995	1.7349999999999985
650	87	1	137.48999999999992	112.58000000000003
650	88	1	20.44	175.23999999999995
650	89	1	121.62814070351762	46.31155778894474
650	90	1	173.0099999999999	132.38500000000002
650	91	1	179.06965174129354	54.77611940298508
650	92	1	50.33499999999997	185.88000000000005
650	93	1	109.755	146.78500000000008
650	94	1	114.265	77.46000000000002
650	95	1	178.41000000000005	152.39499999999998
650	96	1	27.939698492462306	167.5778894472362
650	97	1	160.1758793969849	179.14572864321607
650	98	1	110.12999999999997	39.964999999999996
650	99	1	142.77000000000004	51.39499999999998
660	1	2	10.141414141414144	9.616161616161618
660	2	2	10.270833333333334	40.270833333333314
660	3	2	9.81	70.12000000000003
660	4	2	10.000000000000004	100
660	5	2	10.141414141414144	129.85858585858588
660	6	2	10.383838383838384	160.14141414141415
660	7	2	9.879999999999997	189.88
660	8	2	40.12000000000002	10.12
660	9	2	40.12000000000002	39.88
660	10	2	40.02000000000001	69.71999999999996
660	11	2	40.14141414141414	99.85858585858581
660	12	2	40.12000000000002	129.88
660	13	2	40.126315789473686	160.6105263157894
660	14	2	39.92999999999998	189.99999999999991
660	15	2	70.12	10.12
660	16	2	70.19999999999996	39.94999999999999
660	17	2	70.04	69.87999999999995
660	18	2	70.07000000000002	100.18
660	19	2	69.88000000000001	129.88
660	20	2	70.26086956521739	160.50000000000006
660	21	2	69.8494623655914	190.15053763440852
660	22	2	100.3838383838384	9.85858585858586
660	23	2	99.38947368421054	39.87368421052632
660	24	2	99.87368421052632	70.61052631578951
660	25	2	100.06	100.14000000000003
660	26	2	100.11999999999999	129.87000000000003
660	27	2	100.12	160.11999999999992
660	28	2	99.85858585858585	190.3838383838383
660	29	2	129.87999999999997	10.12
660	30	2	129.87999999999997	40.120000000000005
660	31	2	129.61616161616163	70.14141414141416
660	32	2	130.1414141414141	99.61616161616158
660	33	2	129.49999999999997	129.99999999999991
660	34	2	129.84946236559145	160.15053763440852
660	35	2	130.12	190.11999999999992
660	36	2	159.73000000000005	10.159999999999998
660	37	2	159.92000000000002	40.29
660	38	2	159.99999999999994	69.79
660	39	2	159.90000000000006	99.84
660	40	2	159.69999999999996	130.14000000000001
660	41	2	159.77000000000004	159.85999999999996
660	42	2	159.87999999999997	190.11999999999998
660	43	2	190.19999999999996	10.330000000000005
660	44	2	190.30851063829783	39.436170212765965
660	45	2	190.04999999999993	69.93
660	46	2	190.19	99.83000000000001
660	47	2	190.1199999999999	129.88
660	48	2	189.61616161616163	159.85858585858585
660	49	2	190.03999999999996	189.88000000000008
660	50	1	35.73869346733668	117.79396984924625
660	51	1	62.015	175.88000000000002
660	52	1	146.5800000000001	120.22999999999998
660	53	1	38.34499999999998	146.7100000000001
660	54	1	34.15	108.82499999999997
660	55	1	22.564999999999994	153.02999999999997
660	56	1	51.81	115.54000000000003
660	57	1	152.6834170854272	54.99497487437185
660	58	1	26.025000000000002	128.125
660	59	1	144.31499999999988	38.419999999999995
660	60	1	75.2189054726368	151.11940298507454
660	61	1	143.19597989949747	167.10552763819084
660	62	1	75.42000000000004	177.69000000000003
660	63	1	150.97500000000016	28.840000000000007
660	64	1	118.42000000000002	62.985
660	65	1	168.53999999999996	147.46500000000006
660	66	1	165.0854271356784	57.98994974874371
660	67	1	48.67661691542286	166.92537313432842
660	68	1	109.8040201005025	54.442211055276374
660	69	1	57.37500000000001	148.8200000000001
660	70	1	37.535000000000025	20.640000000000004
660	71	1	29.874999999999996	27.474999999999998
660	72	1	146.13500000000002	21.01
660	73	1	134.6949999999999	59.07999999999998
660	74	1	154.55778894472363	171.41708542713567
660	75	1	16.205000000000002	117.2699999999999
660	76	1	66.592039800995	113.363184079602
660	77	1	109.29999999999995	136.03500000000003
660	78	1	0.34499999999999914	175.99499999999998
660	79	1	137.9749999999999	76.87000000000005
660	80	1	22.539999999999996	199.52999999999994
660	81	1	30.517412935323375	181.83084577114425
660	82	1	92.60499999999999	148.12
660	83	1	55.075	131.78000000000011
660	84	1	123.85074626865669	115.75124378109457
660	85	1	85.245	166.84
660	86	1	31.271356783919604	2.3768844221105523
660	87	1	138.1094527363183	112.04975124378109
660	88	1	18.965174129353237	175.49751243781088
660	89	1	121.7537688442211	46.23115577889446
660	90	1	171.955	134.09500000000003
660	91	1	177.75	55.21
660	92	1	50.69000000000001	186.32500000000013
660	93	1	110.09999999999992	147.47999999999996
660	94	1	113.66331658291458	75.92462311557783
660	95	1	178.22110552763806	152.27638190954775
660	96	1	29.020100502512562	168.26633165829136
660	97	1	160.19499999999985	179.07000000000008
660	98	1	110.09547738693463	39.86934673366837
660	99	1	142.14572864321607	51.1507537688442
670	1	2	10.141414141414144	9.616161616161618
670	2	2	10.270833333333334	40.270833333333314
670	3	2	9.81	70.12000000000003
670	4	2	10.000000000000004	100
670	5	2	10.141414141414144	129.85858585858588
670	6	2	10.383838383838384	160.14141414141415
670	7	2	9.879999999999997	189.88
670	8	2	40.12000000000002	10.12
670	9	2	40.12000000000002	39.88
670	10	2	40.02000000000001	69.71999999999996
670	11	2	40.14141414141414	99.85858585858581
670	12	2	40.12000000000002	129.88
670	13	2	40.126315789473686	160.6105263157894
670	14	2	39.92999999999998	189.99999999999991
670	15	2	70.12	10.12
670	16	2	70.19999999999996	39.94999999999999
670	17	2	70.04	69.87999999999995
670	18	2	70.07000000000002	100.18
670	19	2	69.88000000000001	129.88
670	20	2	70.26086956521739	160.50000000000006
670	21	2	69.8494623655914	190.15053763440852
670	22	2	100.3838383838384	9.85858585858586
670	23	2	99.38947368421054	39.87368421052632
670	24	2	99.87368421052632	70.61052631578951
670	25	2	100.06	100.14000000000003
670	26	2	100.11999999999999	129.87000000000003
670	27	2	100.12	160.11999999999992
670	28	2	99.85858585858585	190.3838383838383
670	29	2	129.87999999999997	10.12
670	30	2	129.87999999999997	40.120000000000005
670	31	2	129.61616161616163	70.14141414141416
670	32	2	130.1414141414141	99.61616161616158
670	33	2	129.49999999999997	129.99999999999991
670	34	2	129.84946236559145	160.15053763440852
670	35	2	130.12	190.11999999999992
670	36	2	159.73000000000005	10.159999999999998
670	37	2	159.92000000000002	40.29
670	38	2	159.99999999999994	69.79
670	39	2	159.90000000000006	99.84
670	40	2	159.69999999999996	130.14000000000001
670	41	2	159.77000000000004	159.85999999999996
670	42	2	159.87999999999997	190.11999999999998
670	43	2	190.19999999999996	10.330000000000005
670	44	2	190.30851063829783	39.436170212765965
670	45	2	190.04999999999993	69.93
670	46	2	190.19	99.83000000000001
670	47	2	190.1199999999999	129.88
670	48	2	189.61616161616163	159.85858585858585
670	49	2	190.03999999999996	189.88000000000008
670	50	1	36.62500000000001	117.94000000000003
670	51	1	60.70999999999999	175.48000000000005
670	52	1	146.85572139303477	119.59203980099507
670	53	1	37.515	146.92000000000004
670	54	1	33.714999999999996	108.77999999999996
670	55	1	22.38	154.41500000000002
670	56	1	52.035000000000004	115.085
670	57	1	152.60000000000002	54.93500000000001
670	58	1	26.512437810945286	128.16915422885575
670	59	1	145.35175879396976	38.72361809045227
670	60	1	75.98499999999997	151.39000000000001
670	61	1	143.65000000000006	167.01000000000002
670	62	1	74.45771144278609	178.91044776119406
670	63	1	150.47500000000014	28.660000000000007
670	64	1	118.09000000000005	62.495
670	65	1	167.7085427135677	148.73366834170864
670	66	1	164.55000000000007	58.554999999999986
670	67	1	49.00999999999999	166.1750000000001
670	68	1	109.44	54.14500000000002
670	69	1	57.785000000000025	147.96000000000004
670	70	1	37.33668341708542	20.994974874371863
670	71	1	29.22	28.564999999999994
670	72	1	146.22000000000008	20.89499999999999
670	73	1	134.86999999999995	59.709999999999965
670	74	1	155.6060606060605	171.24242424242422
670	75	1	16.487437185929647	117.58291457286437
670	76	1	67.35500000000002	113.88000000000001
670	77	1	109.76616915422889	136.27860696517416
670	78	1	198.845	175.19500000000008
670	79	1	138.55000000000004	76.36999999999999
670	80	1	22.619999999999994	199.555
670	81	1	30.587939698492473	181.30150753768842
670	82	1	93.00500000000002	147.8749999999999
670	83	1	55.04000000000002	131.84499999999989
670	84	1	124.48000000000006	115.18999999999996
670	85	1	83.17999999999998	167.52000000000004
670	86	1	31.10500000000001	2.965
670	87	1	138.70000000000007	111.32499999999996
670	88	1	17.075000000000006	176.15499999999997
670	89	1	121.85	46.499999999999986
670	90	1	171.55223880597018	136.04477611940302
670	91	1	176.8	55.769999999999996
670	92	1	50.47000000000003	185.9249999999999
670	93	1	110.17499999999998	148.54000000000008
670	94	1	113.64676616915426	75.12437810945272
670	95	1	178.40201005025128	151.64824120603015
670	96	1	29.311557788944732	169.01507537688443
670	97	1	160.14070351758792	178.91457286432163
670	98	1	109.99500000000002	39.83000000000001
670	99	1	141.475	50.595000000000034
680	1	2	10.141414141414144	9.616161616161618
680	2	2	10.270833333333334	40.270833333333314
680	3	2	9.81	70.12000000000003
680	4	2	10.000000000000004	100
680	5	2	10.141414141414144	129.85858585858588
680	6	2	10.383838383838384	160.14141414141415
680	7	2	9.879999999999997	189.88
680	8	2	40.12000000000002	10.12
680	9	2	40.12000000000002	39.88
680	10	2	40.02000000000001	69.71999999999996
680	11	2	40.14141414141414	99.85858585858581
680	12	2	40.12000000000002	129.88
680	13	2	40.126315789473686	160.6105263157894
680	14	2	39.92999999999998	189.99999999999991
680	15	2	70.12	10.12
680	16	2	70.19999999999996	39.94999999999999
680	17	2	70.04	69.87999999999995
680	18	2	70.07000000000002	100.18
680	19	2	69.88000000000001	129.88
680	20	2	70.26086956521739	160.50000000000006
680	21	2	69.8494623655914	190.15053763440852
680	22	2	100.3838383838384	9.85858585858586
680	23	2	99.38947368421054	39.87368421052632
680	24	2	99.87368421052632	70.61052631578951
680	25	2	100.06	100.14000000000003
680	26	2	100.11999999999999	129.87000000000003
680	27	2	100.12	160.11999999999992
680	28	2	99.85858585858585	190.3838383838383
680	29	2	129.87999999999997	10.12
680	30	2	129.87999999999997	40.120000000000005
680	31	2	129.61616161616163	70.14141414141416
680	32	2	130.1414141414141	99.61616161616158
680	33	2	129.49999999999997	129.99999999999991
680	34	2	129.84946236559145	160.15053763440852
680	35	2	130.12	190.11999999999992
680	36	2	159.73000000000005	10.159999999999998
680	37	2	159.92000000000002	40.29
680	38	2	159.99999999999994	69.79
680	39	2	159.90000000000006	99.84
680	40	2	159.69999999999996	130.14000000000001
680	41	2	159.77000000000004	159.85999999999996
680	42	2	159.87999999999997	190.11999999999998
680	43	2	190.19999999999996	10.330000000000005
680	44	2	190.30851063829783	39.436170212765965
680	45	2	190.04999999999993	69.93
680	46	2	190.19	99.83000000000001
680	47	2	190.1199999999999	129.88
680	48	2	189.61616161616163	159.85858585858585
680	49	2	190.03999999999996	189.88000000000008
680	50	1	37.17999999999999	118.04499999999997
680	51	1	60.29850746268658	175.06467661691542
680	52	1	147.75124378109453	118.78606965174133
680	53	1	37.04020100502512	147.07035175879398
680	54	1	33.46499999999998	108.71500000000002
680	55	1	22.500000000000004	155.6049999999999
680	56	1	52.356783919598	115.1105527638191
680	57	1	152.34673366834176	55.26130653266333
680	58	1	26.684999999999995	128.42499999999998
680	59	1	146.1049999999999	39.01000000000001
680	60	1	76.29850746268652	151.81592039800995
680	61	1	143.6733668341709	167.42211055276394
680	62	1	73.46000000000002	179.59499999999989
680	63	1	149.91959798994986	28.69849246231156
680	64	1	117.41500000000002	62.07000000000001
680	65	1	166.36683417085433	149.4623115577889
680	66	1	164.50251256281396	58.65829145728642
680	67	1	49.63499999999999	164.91499999999994
680	68	1	108.59798994974872	53.71356783919598
680	69	1	57.6865671641791	147.25870646766165
680	70	1	37.27499999999999	21.33500000000001
680	71	1	27.82089552238806	29.169154228855728
680	72	1	146.50499999999997	20.820000000000004
680	73	1	135.08457711442773	60.31840796019901
680	74	1	156.66500000000005	171.01500000000001
680	75	1	16.854271356783908	117.99497487437186
680	76	1	68.18499999999997	114.31000000000002
680	77	1	109.51243781094529	136.79601990049753
680	78	1	196.7810945273632	174.00000000000009
680	79	1	139.115	76.42000000000003
680	80	1	22.688442211055285	0.025125628140642675
680	81	1	30.790000000000003	180.59499999999994
680	82	1	92.92039800995028	147.41293532338298
680	83	1	54.84000000000002	132.01
680	84	1	125.23500000000001	114.76999999999995
680	85	1	82.044776119403	168.69651741293538
680	86	1	31.06000000000001	3.37
680	87	1	139.51256281407038	110.643216080402
680	88	1	15.174129353233832	176.68656716417925
680	89	1	121.78000000000002	46.68500000000002
680	90	1	171.00500000000002	137.27000000000007
680	91	1	176.4850000000001	55.934999999999995
680	92	1	50.10499999999998	185.21500000000012
680	93	1	110.05527638190956	149.42211055276388
680	94	1	113.67500000000003	74.035
680	95	1	178.425	151.3399999999999
680	96	1	29.630000000000003	169.50499999999994
680	97	1	159.97999999999985	179.08500000000012
680	98	1	109.96000000000005	39.985000000000014
680	99	1	140.83999999999995	50.02999999999997
690	1	2	10.141414141414144	9.616161616161618
690	2	2	10.270833333333334	40.270833333333314
690	3	2	9.81	70.12000000000003
690	4	2	10.000000000000004	100
690	5	2	10.141414141414144	129.85858585858588
690	6	2	10.383838383838384	160.14141414141415
690	7	2	9.879999999999997	189.88
690	8	2	40.12000000000002	10.12
690	9	2	40.12000000000002	39.88
690	10	2	40.02000000000001	69.71999999999996
690	11	2	40.14141414141414	99.85858585858581
690	12	2	40.12000000000002	129.88
690	13	2	40.126315789473686	160.6105263157894
690	14	2	39.92999999999998	189.99999999999991
690	15	2	70.12	10.12
690	16	2	70.19999999999996	39.94999999999999
690	17	2	70.04	69.87999999999995
690	18	2	70.07000000000002	100.18
690	19	2	69.88000000000001	129.88
690	20	2	70.26086956521739	160.50000000000006
690	21	2	69.8494623655914	190.15053763440852
690	22	2	100.3838383838384	9.85858585858586
690	23	2	99.38947368421054	39.87368421052632
690	24	2	99.87368421052632	70.61052631578951
690	25	2	100.06	100.14000000000003
690	26	2	100.11999999999999	129.87000000000003
690	27	2	100.12	160.11999999999992
690	28	2	99.85858585858585	190.3838383838383
690	29	2	129.87999999999997	10.12
690	30	2	129.87999999999997	40.120000000000005
690	31	2	129.61616161616163	70.14141414141416
690	32	2	130.1414141414141	99.61616161616158
690	33	2	129.49999999999997	129.99999999999991
690	34	2	129.84946236559145	160.15053763440852
690	35	2	130.12	190.11999999999992
690	36	2	159.73000000000005	10.159999999999998
690	37	2	159.92000000000002	40.29
690	38	2	159.99999999999994	69.79
690	39	2	159.90000000000006	99.84
690	40	2	159.69999999999996	130.14000000000001
690	41	2	159.77000000000004	159.85999999999996
690	42	2	159.87999999999997	190.11999999999998
690	43	2	190.19999999999996	10.330000000000005
690	44	2	190.30851063829783	39.436170212765965
690	45	2	190.04999999999993	69.93
690	46	2	190.19	99.83000000000001
690	47	2	190.1199999999999	129.88
690	48	2	189.61616161616163	159.85858585858585
690	49	2	190.03999999999996	189.88000000000008
690	50	1	37.2039800995025	118.05472636815921
690	51	1	59.295000000000044	174.50999999999996
690	52	1	148.2849999999999	117.84
690	53	1	37.00000000000003	146.81000000000006
690	54	1	32.616915422885576	108.86567164179098
690	55	1	22.395000000000007	157.325
690	56	1	52.85500000000001	114.85
690	57	1	152.15499999999994	55.72499999999999
690	58	1	26.770000000000003	129.09499999999997
690	59	1	147.08999999999992	39.65000000000003
690	60	1	76.72864321608036	151.8994974874372
690	61	1	143.77889447236183	167.93467336683418
690	62	1	71.98009950248756	179.36318407960198
690	63	1	149.63499999999996	28.769999999999992
690	64	1	116.26130653266334	61.824120603015075
690	65	1	165.7070707070706	150.21212121212108
690	66	1	164.4422110552762	58.502512562814076
690	67	1	49.81094527363184	163.86567164179107
690	68	1	107.91542288557213	53.527363184079604
690	69	1	57.68159203980101	146.71641791044766
690	70	1	36.60500000000002	21.849999999999994
690	71	1	26.164179104477626	29.890547263681576
690	72	1	146.49999999999997	20.760000000000005
690	73	1	135.02499999999995	60.07
690	74	1	157.90049751243774	170.52736318407952
690	75	1	17.005	118.895
690	76	1	68.90999999999998	114.855
690	77	1	110.01005025125629	137.54773869346732
690	78	1	196.59701492537314	173.0149253731344
690	79	1	139.665	76.255
690	80	1	22.87499999999999	199.66499999999996
690	81	1	30.601990049751237	180.29850746268656
690	82	1	93.86934673366835	146.72864321608054
690	83	1	54.87499999999999	132.09
690	84	1	125.83	114.415
690	85	1	81.035175879397	169.396984924623
690	86	1	30.90499999999998	4.2299999999999995
690	87	1	140.03	109.51500000000004
690	88	1	13.490000000000004	176.70499999999996
690	89	1	121.32000000000002	46.78499999999998
690	90	1	169.83582089552235	138.53233830845772
690	91	1	176.48000000000008	56.17999999999999
690	92	1	49.90500000000002	184.71500000000003
690	93	1	109.93969849246236	150.59296482412054
690	94	1	114.09452736318404	73.10447761194027
690	95	1	178.68999999999997	150.45499999999998
690	96	1	30.18090452261306	169.8743718592966
690	97	1	159.9798994974874	179.03517587939697
690	98	1	109.87939698492464	39.92964824120601
690	99	1	140.09950248756215	49.51243781094528
700	1	2	10.141414141414144	9.616161616161618
700	2	2	10.270833333333334	40.270833333333314
700	3	2	9.81	70.12000000000003
700	4	2	10.000000000000004	100
700	5	2	10.141414141414144	129.85858585858588
700	6	2	10.383838383838384	160.14141414141415
700	7	2	9.879999999999997	189.88
700	8	2	40.12000000000002	10.12
700	9	2	40.12000000000002	39.88
700	10	2	40.02000000000001	69.71999999999996
700	11	2	40.14141414141414	99.85858585858581
700	12	2	40.12000000000002	129.88
700	13	2	40.126315789473686	160.6105263157894
700	14	2	39.92999999999998	189.99999999999991
700	15	2	70.12	10.12
700	16	2	70.19999999999996	39.94999999999999
700	17	2	70.04	69.87999999999995
700	18	2	70.07000000000002	100.18
700	19	2	69.88000000000001	129.88
700	20	2	70.26086956521739	160.50000000000006
700	21	2	69.8494623655914	190.15053763440852
700	22	2	100.3838383838384	9.85858585858586
700	23	2	99.38947368421054	39.87368421052632
700	24	2	99.87368421052632	70.61052631578951
700	25	2	100.06	100.14000000000003
700	26	2	100.11999999999999	129.87000000000003
700	27	2	100.12	160.11999999999992
700	28	2	99.85858585858585	190.3838383838383
700	29	2	129.87999999999997	10.12
700	30	2	129.87999999999997	40.120000000000005
700	31	2	129.61616161616163	70.14141414141416
700	32	2	130.1414141414141	99.61616161616158
700	33	2	129.49999999999997	129.99999999999991
700	34	2	129.84946236559145	160.15053763440852
700	35	2	130.12	190.11999999999992
700	36	2	159.73000000000005	10.159999999999998
700	37	2	159.92000000000002	40.29
700	38	2	159.99999999999994	69.79
700	39	2	159.90000000000006	99.84
700	40	2	159.69999999999996	130.14000000000001
700	41	2	159.77000000000004	159.85999999999996
700	42	2	159.87999999999997	190.11999999999998
700	43	2	190.19999999999996	10.330000000000005
700	44	2	190.30851063829783	39.436170212765965
700	45	2	190.04999999999993	69.93
700	46	2	190.19	99.83000000000001
700	47	2	190.1199999999999	129.88
700	48	2	189.61616161616163	159.85858585858585
700	49	2	190.03999999999996	189.88000000000008
700	50	1	38.05025125628142	118.17587939698488
700	51	1	58.12500000000003	174.01999999999992
700	52	1	149.02	116.53500000000005
700	53	1	36.93499999999999	146.67500000000004
700	54	1	31.629999999999995	109.17999999999999
700	55	1	22.671641791044788	158.5621890547263
700	56	1	53.57000000000001	114.25499999999998
700	57	1	151.52238805970143	56.19402985074627
700	58	1	27.215	129.47500000000002
700	59	1	147.60999999999987	40.24000000000001
700	60	1	76.84079601990052	152.0398009950249
700	61	1	144.025	168.5449999999999
700	62	1	70.64676616915425	179.30845771144277
700	63	1	149.52499999999995	28.909999999999997
700	64	1	114.46000000000001	61.65000000000001
700	65	1	164.95500000000007	150.45000000000007
700	66	1	164.58999999999992	58.27499999999999
700	67	1	50.01990049751247	163.69651741293532
700	68	1	107.01492537313435	53.502487562189046
700	69	1	57.86934673366833	145.9698492462311
700	70	1	34.91000000000001	22.405000000000012
700	71	1	24.671717171717184	30.065656565656557
700	72	1	146.22999999999988	20.965000000000003
700	73	1	134.80904522613065	60.432160804020135
700	74	1	158.42713567839203	170.251256281407
700	75	1	17.62686567164179	120.10945273631845
700	76	1	69.64000000000001	115.25500000000001
700	77	1	109.795	138.46999999999994
700	78	1	195.92964824120602	171.48743718592965
700	79	1	139.86500000000007	76.28000000000002
700	80	1	22.94000000000001	199.77499999999995
700	81	1	30.34000000000001	180.085
700	82	1	93.96019900497518	145.84079601990044
700	83	1	55.11500000000002	131.65999999999997
700	84	1	126.46500000000005	113.98999999999997
700	85	1	80.51243781094529	170.6567164179104
700	86	1	30.75999999999999	4.574999999999998
700	87	1	140.5649999999999	109.235
700	88	1	10.639999999999999	176.44000000000008
700	89	1	121.19500000000005	47.05500000000001
700	90	1	169.00500000000002	139.33999999999995
700	91	1	176.5555555555555	56.30303030303031
700	92	1	50.045226130653276	184.35175879396988
700	93	1	109.70351758793971	151.6331658291458
700	94	1	114.69849246231155	72.53768844221106
700	95	1	178.84500000000003	149.47000000000006
700	96	1	29.8407960199005	170.51741293532342
700	97	1	159.99497487437182	178.9748743718593
700	98	1	110.00999999999999	39.97999999999997
700	99	1	139.01507537688448	48.939698492462334
710	1	2	10.141414141414144	9.616161616161618
710	2	2	10.270833333333334	40.270833333333314
710	3	2	9.81	70.12000000000003
710	4	2	10.000000000000004	100
710	5	2	10.141414141414144	129.85858585858588
710	6	2	10.383838383838384	160.14141414141415
710	7	2	9.879999999999997	189.88
710	8	2	40.12000000000002	10.12
710	9	2	40.12000000000002	39.88
710	10	2	40.02000000000001	69.71999999999996
710	11	2	40.14141414141414	99.85858585858581
710	12	2	40.12000000000002	129.88
710	13	2	40.126315789473686	160.6105263157894
710	14	2	39.92999999999998	189.99999999999991
710	15	2	70.12	10.12
710	16	2	70.19999999999996	39.94999999999999
710	17	2	70.04	69.87999999999995
710	18	2	70.07000000000002	100.18
710	19	2	69.88000000000001	129.88
710	20	2	70.26086956521739	160.50000000000006
710	21	2	69.8494623655914	190.15053763440852
710	22	2	100.3838383838384	9.85858585858586
710	23	2	99.38947368421054	39.87368421052632
710	24	2	99.87368421052632	70.61052631578951
710	25	2	100.06	100.14000000000003
710	26	2	100.11999999999999	129.87000000000003
710	27	2	100.12	160.11999999999992
710	28	2	99.85858585858585	190.3838383838383
710	29	2	129.87999999999997	10.12
710	30	2	129.87999999999997	40.120000000000005
710	31	2	129.61616161616163	70.14141414141416
710	32	2	130.1414141414141	99.61616161616158
710	33	2	129.49999999999997	129.99999999999991
710	34	2	129.84946236559145	160.15053763440852
710	35	2	130.12	190.11999999999992
710	36	2	159.73000000000005	10.159999999999998
710	37	2	159.92000000000002	40.29
710	38	2	159.99999999999994	69.79
710	39	2	159.90000000000006	99.84
710	40	2	159.69999999999996	130.14000000000001
710	41	2	159.77000000000004	159.85999999999996
710	42	2	159.87999999999997	190.11999999999998
710	43	2	190.19999999999996	10.330000000000005
710	44	2	190.30851063829783	39.436170212765965
710	45	2	190.04999999999993	69.93
710	46	2	190.19	99.83000000000001
710	47	2	190.1199999999999	129.88
710	48	2	189.61616161616163	159.85858585858585
710	49	2	190.03999999999996	189.88000000000008
710	50	1	38.34170854271359	118.06030150753767
710	51	1	56.88999999999999	173.08999999999995
710	52	1	149.70854271356774	115.16582914572865
710	53	1	37.105	146.70500000000004
710	54	1	31.065000000000005	109.59000000000003
710	55	1	22.960199004975124	160.10945273631853
710	56	1	54.49000000000001	113.33499999999995
710	57	1	151.27135678391952	56.72361809045226
710	58	1	27.31	129.72000000000003
710	59	1	147.71144278606968	41.22885572139307
710	60	1	76.89499999999998	151.8800000000001
710	61	1	144.13500000000013	169.32000000000008
710	62	1	68.98	178.97000000000006
710	63	1	149.23115577889448	29.125628140703512
710	64	1	113.69651741293532	61.492537313432834
710	65	1	164.42713567839186	150.8592964824121
710	66	1	164.66	58.00000000000001
710	67	1	50.17000000000001	163.22500000000005
710	68	1	106.08542713567846	53.32160804020099
710	69	1	58.39303482587065	144.99004975124384
710	70	1	33.734999999999985	23.195
710	71	1	23.334999999999994	30.39
710	72	1	146.2050000000001	21.110000000000007
710	73	1	135.035	60.984999999999985
710	74	1	158.67336683417093	170.1658291457287
710	75	1	18.040000000000006	120.86999999999999
710	76	1	70.56500000000001	115.85000000000004
710	77	1	109.99000000000001	139.61999999999998
710	78	1	196.14427860696517	169.6965174129353
710	79	1	140.10499999999993	76.83999999999997
710	80	1	22.784999999999997	199.54
710	81	1	30.241206030150764	180.10050251256288
710	82	1	94.37999999999995	145.61499999999995
710	83	1	55.258706467661696	131.46268656716416
710	84	1	126.82499999999999	113.76000000000005
710	85	1	80.43500000000006	171.65000000000003
710	86	1	30.60804020100502	4.798994974874373
710	87	1	140.65999999999994	109.17499999999997
710	88	1	9.328358208955226	176.56716417910454
710	89	1	120.86	47.54999999999998
710	90	1	168.4949999999999	140.3700000000001
710	91	1	176.47000000000003	56.595000000000006
710	92	1	50.19402985074624	184.01990049751248
710	93	1	110.00995024875625	152.56218905472645
710	94	1	115.41206030150752	72.44221105527633
710	95	1	179.20500000000015	148.57999999999996
710	96	1	29.11500000000002	170.96
710	97	1	160.34	178.88500000000005
710	98	1	110.38190954773863	39.45226130653263
710	99	1	137.91500000000002	48.995000000000005
720	1	2	10.141414141414144	9.616161616161618
720	2	2	10.270833333333334	40.270833333333314
720	3	2	9.81	70.12000000000003
720	4	2	10.000000000000004	100
720	5	2	10.141414141414144	129.85858585858588
720	6	2	10.383838383838384	160.14141414141415
720	7	2	9.879999999999997	189.88
720	8	2	40.12000000000002	10.12
720	9	2	40.12000000000002	39.88
720	10	2	40.02000000000001	69.71999999999996
720	11	2	40.14141414141414	99.85858585858581
720	12	2	40.12000000000002	129.88
720	13	2	40.126315789473686	160.6105263157894
720	14	2	39.92999999999998	189.99999999999991
720	15	2	70.12	10.12
720	16	2	70.19999999999996	39.94999999999999
720	17	2	70.04	69.87999999999995
720	18	2	70.07000000000002	100.18
720	19	2	69.88000000000001	129.88
720	20	2	70.26086956521739	160.50000000000006
720	21	2	69.8494623655914	190.15053763440852
720	22	2	100.3838383838384	9.85858585858586
720	23	2	99.38947368421054	39.87368421052632
720	24	2	99.87368421052632	70.61052631578951
720	25	2	100.06	100.14000000000003
720	26	2	100.11999999999999	129.87000000000003
720	27	2	100.12	160.11999999999992
720	28	2	99.85858585858585	190.3838383838383
720	29	2	129.87999999999997	10.12
720	30	2	129.87999999999997	40.120000000000005
720	31	2	129.61616161616163	70.14141414141416
720	32	2	130.1414141414141	99.61616161616158
720	33	2	129.49999999999997	129.99999999999991
720	34	2	129.84946236559145	160.15053763440852
720	35	2	130.12	190.11999999999992
720	36	2	159.73000000000005	10.159999999999998
720	37	2	159.92000000000002	40.29
720	38	2	159.99999999999994	69.79
720	39	2	159.90000000000006	99.84
720	40	2	159.69999999999996	130.14000000000001
720	41	2	159.77000000000004	159.85999999999996
720	42	2	159.87999999999997	190.11999999999998
720	43	2	190.19999999999996	10.330000000000005
720	44	2	190.30851063829783	39.436170212765965
720	45	2	190.04999999999993	69.93
720	46	2	190.19	99.83000000000001
720	47	2	190.1199999999999	129.88
720	48	2	189.61616161616163	159.85858585858585
720	49	2	190.03999999999996	189.88000000000008
720	50	1	38.68656716417911	118.00995024875621
720	51	1	55.89000000000002	172.24999999999994
720	52	1	150.46268656716418	113.71144278606968
720	53	1	37.035000000000025	146.70999999999995
720	54	1	29.965000000000014	109.625
720	55	1	23.42499999999999	160.89999999999998
720	56	1	55.14427860696513	112.61194029850752
720	57	1	151.22500000000005	56.76
720	58	1	27.255000000000006	129.945
720	59	1	147.56500000000008	41.795
720	60	1	77.29	151.85999999999999
720	61	1	144.321608040201	169.8241206030151
720	62	1	67.970297029703	178.589108910891
720	63	1	149.32500000000005	29.295
720	64	1	112.83499999999995	61.50499999999998
720	65	1	163.36683417085413	150.8341708542713
720	66	1	164.5499999999999	57.514999999999986
720	67	1	50.5678391959799	162.25628140703515
720	68	1	105.78	53.13000000000004
720	69	1	58.76119402985078	144.11442786069657
720	70	1	32.46766169154231	24.26865671641791
720	71	1	22.334999999999994	30.154999999999998
720	72	1	146.04020100502515	21.336683417085435
720	73	1	135.45999999999995	61.320000000000014
720	74	1	158.78000000000006	170.03499999999997
720	75	1	18.264999999999997	121.16500000000003
720	76	1	70.99497487437185	116.34170854271353
720	77	1	110.43718592964821	140.97989949748748
720	78	1	196.681592039801	168.2338308457712
720	79	1	140.15999999999994	77.20999999999994
720	80	1	22.769999999999992	199.16
720	81	1	29.954999999999995	180.14000000000001
720	82	1	94.88500000000003	145.28499999999997
720	83	1	55.13999999999999	131.62500000000006
720	84	1	127.13499999999999	113.45
720	85	1	79.97989949748744	172.17085427135677
720	86	1	30.46000000000001	4.910000000000004
720	87	1	140.73999999999992	109.55500000000002
720	88	1	8.21	176.22000000000003
720	89	1	120.74500000000006	47.874999999999986
720	90	1	168.03000000000003	141.25999999999993
720	91	1	176.58499999999998	56.79999999999999
720	92	1	50.35500000000001	183.68
720	93	1	110.28000000000003	153.575
720	94	1	116.71144278606965	72.46268656716421
720	95	1	179.685	147.10000000000008
720	96	1	28.775	171.20999999999995
720	97	1	160.37500000000009	178.86999999999998
720	98	1	110.6	39.14
720	99	1	137.02	49.12500000000002
730	1	2	10.141414141414144	9.616161616161618
730	2	2	10.270833333333334	40.270833333333314
730	3	2	9.81	70.12000000000003
730	4	2	10.000000000000004	100
730	5	2	10.141414141414144	129.85858585858588
730	6	2	10.383838383838384	160.14141414141415
730	7	2	9.879999999999997	189.88
730	8	2	40.12000000000002	10.12
730	9	2	40.12000000000002	39.88
730	10	2	40.02000000000001	69.71999999999996
730	11	2	40.14141414141414	99.85858585858581
730	12	2	40.12000000000002	129.88
730	13	2	40.126315789473686	160.6105263157894
730	14	2	39.92999999999998	189.99999999999991
730	15	2	70.12	10.12
730	16	2	70.19999999999996	39.94999999999999
730	17	2	70.04	69.87999999999995
730	18	2	70.07000000000002	100.18
730	19	2	69.88000000000001	129.88
730	20	2	70.26086956521739	160.50000000000006
730	21	2	69.8494623655914	190.15053763440852
730	22	2	100.3838383838384	9.85858585858586
730	23	2	99.38947368421054	39.87368421052632
730	24	2	99.87368421052632	70.61052631578951
730	25	2	100.06	100.14000000000003
730	26	2	100.11999999999999	129.87000000000003
730	27	2	100.12	160.11999999999992
730	28	2	99.85858585858585	190.3838383838383
730	29	2	129.87999999999997	10.12
730	30	2	129.87999999999997	40.120000000000005
730	31	2	129.61616161616163	70.14141414141416
730	32	2	130.1414141414141	99.61616161616158
730	33	2	129.49999999999997	129.99999999999991
730	34	2	129.84946236559145	160.15053763440852
730	35	2	130.12	190.11999999999992
730	36	2	159.73000000000005	10.159999999999998
730	37	2	159.92000000000002	40.29
730	38	2	159.99999999999994	69.79
730	39	2	159.90000000000006	99.84
730	40	2	159.69999999999996	130.14000000000001
730	41	2	159.77000000000004	159.85999999999996
730	42	2	159.87999999999997	190.11999999999998
730	43	2	190.19999999999996	10.330000000000005
730	44	2	190.30851063829783	39.436170212765965
730	45	2	190.04999999999993	69.93
730	46	2	190.19	99.83000000000001
730	47	2	190.1199999999999	129.88
730	48	2	189.61616161616163	159.85858585858585
730	49	2	190.03999999999996	189.88000000000008
730	50	1	39.15999999999998	117.695
730	51	1	55.04477611940297	171.62189054726375
730	52	1	151.25500000000005	112.53000000000003
730	53	1	37.21499999999998	146.72999999999993
730	54	1	29.641791044776106	109.78109452736314
730	55	1	23.52763819095478	161.62311557788942
730	56	1	56.335	112.085
730	57	1	151.0799999999999	56.740000000000016
730	58	1	27.474999999999998	129.83500000000004
730	59	1	147.23	42.18000000000002
730	60	1	77.14500000000001	152.045
730	61	1	144.43499999999986	170.38500000000008
730	62	1	67.28855721393035	177.34825870646765
730	63	1	149.29500000000007	29.48500000000002
730	64	1	111.74499999999999	61.78499999999999
730	65	1	163.11055276381916	150.95477386934667
730	66	1	164.48999999999992	56.91
730	67	1	50.80499999999999	161.4949999999999
730	68	1	105.15499999999999	52.92500000000001
730	69	1	59.635	143.29499999999996
730	70	1	31.549999999999994	26.195000000000007
730	71	1	21.070351758793972	29.844221105527645
730	72	1	145.66500000000005	21.389999999999997
730	73	1	135.86499999999987	61.565
730	74	1	158.50000000000006	169.86500000000004
730	75	1	18.587939698492452	121.44723618090458
730	76	1	71.55000000000001	116.99999999999997
730	77	1	111	141.71641791044777
730	78	1	196.815	167.71499999999995
730	79	1	140.40298507462683	77.32338308457709
730	80	1	22.955	199.16
730	81	1	29.91457286432159	180.01005025125616
730	82	1	96.08000000000007	144.83000000000013
730	83	1	55.035000000000004	131.91499999999996
730	84	1	127.67500000000001	112.73999999999998
730	85	1	79.76616915422886	173.17910447761196
730	86	1	30.43216080402009	5.241206030150754
730	87	1	140.99	109.665
730	88	1	7.353233830845772	176.32835820895517
730	89	1	120.47263681592038	48.63681592039801
730	90	1	167.56716417910437	141.79601990049753
730	91	1	176.5399999999999	56.795000000000016
730	92	1	50.71641791044776	183.67661691542293
730	93	1	110.94500000000004	154.51000000000008
730	94	1	117.5422885572139	72.22388059701493
730	95	1	180.23880597014926	145.72636815920401
730	96	1	28.77499999999999	171.26000000000002
730	97	1	160.91	178.7
730	98	1	110.83000000000003	38.81499999999998
730	99	1	136.23999999999984	49.21000000000002
740	1	2	10.141414141414144	9.616161616161618
740	2	2	10.270833333333334	40.270833333333314
740	3	2	9.81	70.12000000000003
740	4	2	10.000000000000004	100
740	5	2	10.141414141414144	129.85858585858588
740	6	2	10.383838383838384	160.14141414141415
740	7	2	9.879999999999997	189.88
740	8	2	40.12000000000002	10.12
740	9	2	40.12000000000002	39.88
740	10	2	40.02000000000001	69.71999999999996
740	11	2	40.14141414141414	99.85858585858581
740	12	2	40.12000000000002	129.88
740	13	2	40.126315789473686	160.6105263157894
740	14	2	39.92999999999998	189.99999999999991
740	15	2	70.12	10.12
740	16	2	70.19999999999996	39.94999999999999
740	17	2	70.04	69.87999999999995
740	18	2	70.07000000000002	100.18
740	19	2	69.88000000000001	129.88
740	20	2	70.26086956521739	160.50000000000006
740	21	2	69.8494623655914	190.15053763440852
740	22	2	100.3838383838384	9.85858585858586
740	23	2	99.38947368421054	39.87368421052632
740	24	2	99.87368421052632	70.61052631578951
740	25	2	100.06	100.14000000000003
740	26	2	100.11999999999999	129.87000000000003
740	27	2	100.12	160.11999999999992
740	28	2	99.85858585858585	190.3838383838383
740	29	2	129.87999999999997	10.12
740	30	2	129.87999999999997	40.120000000000005
740	31	2	129.61616161616163	70.14141414141416
740	32	2	130.1414141414141	99.61616161616158
740	33	2	129.49999999999997	129.99999999999991
740	34	2	129.84946236559145	160.15053763440852
740	35	2	130.12	190.11999999999992
740	36	2	159.73000000000005	10.159999999999998
740	37	2	159.92000000000002	40.29
740	38	2	159.99999999999994	69.79
740	39	2	159.90000000000006	99.84
740	40	2	159.69999999999996	130.14000000000001
740	41	2	159.77000000000004	159.85999999999996
740	42	2	159.87999999999997	190.11999999999998
740	43	2	190.19999999999996	10.330000000000005
740	44	2	190.30851063829783	39.436170212765965
740	45	2	190.04999999999993	69.93
740	46	2	190.19	99.83000000000001
740	47	2	190.1199999999999	129.88
740	48	2	189.61616161616163	159.85858585858585
740	49	2	190.03999999999996	189.88000000000008
740	50	1	39.7	117.46499999999997
740	51	1	54.28000000000002	171.26000000000002
740	52	1	151.71499999999995	111.94499999999998
740	53	1	37.140703517587944	146.6683417085427
740	54	1	29.384999999999984	109.79500000000004
740	55	1	23.80099502487564	161.99004975124373
740	56	1	57.50753768844224	111.6633165829146
740	57	1	150.93034825870646	57.049751243781095
740	58	1	27.479999999999993	129.70499999999996
740	59	1	147.05500000000004	42.81000000000002
740	60	1	77.16000000000001	152.00999999999988
740	61	1	144.55223880597018	171.01990049751248
740	62	1	66.86567164179105	175.58706467661688
740	63	1	149.53500000000003	29.75
740	64	1	110.66331658291463	62.110552763819065
740	65	1	163.08000000000004	151.13999999999996
740	66	1	164.29850746268653	56.09950248756219
740	67	1	51.18592964824119	160.64824120603018
740	68	1	104.61691542288551	52.77611940298506
740	69	1	60.285000000000004	142.9199999999999
740	70	1	30.974999999999998	27.455000000000002
740	71	1	20.485000000000014	29.095000000000002
740	72	1	145.6250000000002	21.480000000000004
740	73	1	135.97000000000006	61.695
740	74	1	157.94500000000005	169.975
740	75	1	18.740000000000006	121.17
740	76	1	71.99500000000003	117.485
740	77	1	111.93532338308458	142.43283582089546
740	78	1	197.18905472636817	167.3731343283582
740	79	1	140.34500000000003	77.71000000000006
740	80	1	22.71	198.655
740	81	1	29.62	180.23000000000008
740	82	1	97.37999999999995	144.64000000000001
740	83	1	55.1608040201005	131.98994974874373
740	84	1	127.95979899497485	112.2361809045226
740	85	1	79.55500000000002	174.46999999999997
740	86	1	30.220000000000006	5.314999999999997
740	87	1	141.22999999999996	109.47000000000004
740	88	1	6.55	176.65999999999997
740	89	1	119.87064676616917	49.1592039800995
740	90	1	167.15920398009956	142.1592039800995
740	91	1	176.40999999999997	57.21499999999999
740	92	1	50.65999999999999	183.355
740	93	1	111.82000000000006	155.45499999999996
740	94	1	118.00499999999997	72.41500000000002
740	95	1	180.91044776119412	144.2985074626865
740	96	1	29.20500000000001	171.30000000000007
740	97	1	161.48499999999999	178.49000000000007
740	98	1	111.10499999999993	38.499999999999964
740	99	1	134.9650000000001	49.54
750	1	2	10.141414141414144	9.616161616161618
750	2	2	10.270833333333334	40.270833333333314
750	3	2	9.81	70.12000000000003
750	4	2	10.000000000000004	100
750	5	2	10.141414141414144	129.85858585858588
750	6	2	10.383838383838384	160.14141414141415
750	7	2	9.879999999999997	189.88
750	8	2	40.12000000000002	10.12
750	9	2	40.12000000000002	39.88
750	10	2	40.02000000000001	69.71999999999996
750	11	2	40.14141414141414	99.85858585858581
750	12	2	40.12000000000002	129.88
750	13	2	40.126315789473686	160.6105263157894
750	14	2	39.92999999999998	189.99999999999991
750	15	2	70.12	10.12
750	16	2	70.19999999999996	39.94999999999999
750	17	2	70.04	69.87999999999995
750	18	2	70.07000000000002	100.18
750	19	2	69.88000000000001	129.88
750	20	2	70.26086956521739	160.50000000000006
750	21	2	69.8494623655914	190.15053763440852
750	22	2	100.3838383838384	9.85858585858586
750	23	2	99.38947368421054	39.87368421052632
750	24	2	99.87368421052632	70.61052631578951
750	25	2	100.06	100.14000000000003
750	26	2	100.11999999999999	129.87000000000003
750	27	2	100.12	160.11999999999992
750	28	2	99.85858585858585	190.3838383838383
750	29	2	129.87999999999997	10.12
750	30	2	129.87999999999997	40.120000000000005
750	31	2	129.61616161616163	70.14141414141416
750	32	2	130.1414141414141	99.61616161616158
750	33	2	129.49999999999997	129.99999999999991
750	34	2	129.84946236559145	160.15053763440852
750	35	2	130.12	190.11999999999992
750	36	2	159.73000000000005	10.159999999999998
750	37	2	159.92000000000002	40.29
750	38	2	159.99999999999994	69.79
750	39	2	159.90000000000006	99.84
750	40	2	159.69999999999996	130.14000000000001
750	41	2	159.77000000000004	159.85999999999996
750	42	2	159.87999999999997	190.11999999999998
750	43	2	190.19999999999996	10.330000000000005
750	44	2	190.30851063829783	39.436170212765965
750	45	2	190.04999999999993	69.93
750	46	2	190.19	99.83000000000001
750	47	2	190.1199999999999	129.88
750	48	2	189.61616161616163	159.85858585858585
750	49	2	190.03999999999996	189.88000000000008
750	50	1	40.45226130653268	117.24120603015079
750	51	1	54.0049751243781	170.71144278606957
750	52	1	152.21999999999994	111.64
750	53	1	37.285000000000004	146.55
750	54	1	29.380000000000013	110.28000000000009
750	55	1	24.055276381909547	162.27135678391952
750	56	1	58.68500000000002	111.85
750	57	1	150.89499999999992	57.32999999999999
750	58	1	27.490000000000002	129.57
750	59	1	146.83919597989953	43.366834170854275
750	60	1	76.97989949748744	151.93467336683412
750	61	1	144.60500000000008	171.60000000000005
750	62	1	66.16582914572867	173.91457286432157
750	63	1	149.55499999999998	29.98
750	64	1	110.46500000000006	62.644999999999996
750	65	1	163.0900000000001	151.16000000000003
750	66	1	164.01499999999993	55.725000000000016
750	67	1	51.614999999999995	159.82000000000005
750	68	1	104.20398009950247	52.42786069651741
750	69	1	60.95499999999997	142.27500000000012
750	70	1	30.745000000000008	28.635000000000005
750	71	1	20.474999999999987	28.509999999999998
750	72	1	145.515	21.595000000000002
750	73	1	136.11557788944737	61.76381909547737
750	74	1	157.73869346733662	169.96482412060288
750	75	1	18.570000000000004	120.86000000000004
750	76	1	71.77999999999993	117.87499999999999
750	77	1	111.945	143.12500000000003
750	78	1	198.2462311557789	166.8241206030151
750	79	1	140.48743718592965	78.21105527638186
750	80	1	22.645	197.855
750	81	1	29.665000000000003	180.21500000000003
750	82	1	97.89499999999995	144.63000000000002
750	83	1	55.27499999999999	132.09
750	84	1	128.0250000000001	112.24999999999999
750	85	1	78.71999999999998	176.24499999999995
750	86	1	29.8894472361809	5.482412060301509
750	87	1	141.53500000000003	109.64999999999996
750	88	1	5.884999999999998	176.905
750	89	1	119.58999999999999	49.93999999999998
750	90	1	167.36180904522615	142.43718592964817
750	91	1	176.05472636815918	57.238805970149244
750	92	1	50.864999999999945	182.96500000000003
750	93	1	113.31658291457288	156.20100502512554
750	94	1	118.395	73.15499999999999
750	95	1	181.04499999999993	144.135
750	96	1	29.084999999999994	171.31000000000006
750	97	1	161.57000000000005	178.30000000000004
750	98	1	111.42000000000003	38.03
750	99	1	134.1550000000001	49.85999999999998
760	1	2	10.141414141414144	9.616161616161618
760	2	2	10.270833333333334	40.270833333333314
760	3	2	9.81	70.12000000000003
760	4	2	10.000000000000004	100
760	5	2	10.141414141414144	129.85858585858588
760	6	2	10.383838383838384	160.14141414141415
760	7	2	9.879999999999997	189.88
760	8	2	40.12000000000002	10.12
760	9	2	40.12000000000002	39.88
760	10	2	40.02000000000001	69.71999999999996
760	11	2	40.14141414141414	99.85858585858581
760	12	2	40.12000000000002	129.88
760	13	2	40.126315789473686	160.6105263157894
760	14	2	39.92999999999998	189.99999999999991
760	15	2	70.12	10.12
760	16	2	70.19999999999996	39.94999999999999
760	17	2	70.04	69.87999999999995
760	18	2	70.07000000000002	100.18
760	19	2	69.88000000000001	129.88
760	20	2	70.26086956521739	160.50000000000006
760	21	2	69.8494623655914	190.15053763440852
760	22	2	100.3838383838384	9.85858585858586
760	23	2	99.38947368421054	39.87368421052632
760	24	2	99.87368421052632	70.61052631578951
760	25	2	100.06	100.14000000000003
760	26	2	100.11999999999999	129.87000000000003
760	27	2	100.12	160.11999999999992
760	28	2	99.85858585858585	190.3838383838383
760	29	2	129.87999999999997	10.12
760	30	2	129.87999999999997	40.120000000000005
760	31	2	129.61616161616163	70.14141414141416
760	32	2	130.1414141414141	99.61616161616158
760	33	2	129.49999999999997	129.99999999999991
760	34	2	129.84946236559145	160.15053763440852
760	35	2	130.12	190.11999999999992
760	36	2	159.73000000000005	10.159999999999998
760	37	2	159.92000000000002	40.29
760	38	2	159.99999999999994	69.79
760	39	2	159.90000000000006	99.84
760	40	2	159.69999999999996	130.14000000000001
760	41	2	159.77000000000004	159.85999999999996
760	42	2	159.87999999999997	190.11999999999998
760	43	2	190.19999999999996	10.330000000000005
760	44	2	190.30851063829783	39.436170212765965
760	45	2	190.04999999999993	69.93
760	46	2	190.19	99.83000000000001
760	47	2	190.1199999999999	129.88
760	48	2	189.61616161616163	159.85858585858585
760	49	2	190.03999999999996	189.88000000000008
760	50	1	41.381909547738694	117.24120603015078
760	51	1	53.220000000000006	170.605
760	52	1	152.67999999999998	111.16499999999996
760	53	1	37.42499999999998	146.52999999999994
760	54	1	29.320000000000018	110.61499999999998
760	55	1	23.984999999999996	162.41000000000003
760	56	1	59.348258706467654	111.95024875621888
760	57	1	150.91500000000002	57.634999999999984
760	58	1	27.58000000000001	128.95499999999996
760	59	1	146.54499999999996	44.09000000000001
760	60	1	76.94974874371863	151.7386934673367
760	61	1	144.5	171.85999999999996
760	62	1	66.05025125628144	172.61809045226138
760	63	1	149.69	30.209999999999997
760	64	1	110.33165829145727	62.94472361809046
760	65	1	163.22000000000006	151.0449999999999
760	66	1	163.96999999999994	54.935000000000024
760	67	1	51.80000000000002	159.09999999999994
760	68	1	103.72499999999997	52.08500000000003
760	69	1	61.41293532338309	142.13432835820885
760	70	1	30.40298507462685	29.91542288557213
760	71	1	20.629999999999992	27.515
760	72	1	145.28500000000003	21.589999999999996
760	73	1	136.23115577889448	61.97989949748745
760	74	1	157.68	169.98499999999993
760	75	1	18.4	120.49000000000004
760	76	1	71.86500000000002	117.84000000000002
760	77	1	111.96000000000001	144.165
760	78	1	198.77114427860695	167.00497512437823
760	79	1	140.76000000000008	79.08499999999997
760	80	1	22.67000000000001	197.615
760	81	1	29.577889447236178	180.29145728643212
760	82	1	98.29500000000002	144.92000000000004
760	83	1	55.31840796019904	132.01990049751242
760	84	1	128.22500000000005	112.12999999999998
760	85	1	78.34000000000005	178.03999999999994
760	86	1	29.730000000000008	5.779999999999999
760	87	1	141.72361809045225	109.71859296482411
760	88	1	4.514999999999999	177.22999999999996
760	89	1	119.43718592964827	50.69849246231155
760	90	1	167.75499999999997	142.33000000000007
760	91	1	175.54228855721405	56.84577114427861
760	92	1	51.22885572139306	182.865671641791
760	93	1	114.42999999999998	157.38
760	94	1	119.02999999999997	73.505
760	95	1	181.66499999999994	143.46000000000006
760	96	1	29.205000000000002	171.37000000000006
760	97	1	161.815	178.2849999999999
760	98	1	112.24120603015074	37.623115577889436
760	99	1	133.56281407035175	50.20100502512561
770	1	2	10.141414141414144	9.616161616161618
770	2	2	10.270833333333334	40.270833333333314
770	3	2	9.81	70.12000000000003
770	4	2	10.000000000000004	100
770	5	2	10.141414141414144	129.85858585858588
770	6	2	10.383838383838384	160.14141414141415
770	7	2	9.879999999999997	189.88
770	8	2	40.12000000000002	10.12
770	9	2	40.12000000000002	39.88
770	10	2	40.02000000000001	69.71999999999996
770	11	2	40.14141414141414	99.85858585858581
770	12	2	40.12000000000002	129.88
770	13	2	40.126315789473686	160.6105263157894
770	14	2	39.92999999999998	189.99999999999991
770	15	2	70.12	10.12
770	16	2	70.19999999999996	39.94999999999999
770	17	2	70.04	69.87999999999995
770	18	2	70.07000000000002	100.18
770	19	2	69.88000000000001	129.88
770	20	2	70.26086956521739	160.50000000000006
770	21	2	69.8494623655914	190.15053763440852
770	22	2	100.3838383838384	9.85858585858586
770	23	2	99.38947368421054	39.87368421052632
770	24	2	99.87368421052632	70.61052631578951
770	25	2	100.06	100.14000000000003
770	26	2	100.11999999999999	129.87000000000003
770	27	2	100.12	160.11999999999992
770	28	2	99.85858585858585	190.3838383838383
770	29	2	129.87999999999997	10.12
770	30	2	129.87999999999997	40.120000000000005
770	31	2	129.61616161616163	70.14141414141416
770	32	2	130.1414141414141	99.61616161616158
770	33	2	129.49999999999997	129.99999999999991
770	34	2	129.84946236559145	160.15053763440852
770	35	2	130.12	190.11999999999992
770	36	2	159.73000000000005	10.159999999999998
770	37	2	159.92000000000002	40.29
770	38	2	159.99999999999994	69.79
770	39	2	159.90000000000006	99.84
770	40	2	159.69999999999996	130.14000000000001
770	41	2	159.77000000000004	159.85999999999996
770	42	2	159.87999999999997	190.11999999999998
770	43	2	190.19999999999996	10.330000000000005
770	44	2	190.30851063829783	39.436170212765965
770	45	2	190.04999999999993	69.93
770	46	2	190.19	99.83000000000001
770	47	2	190.1199999999999	129.88
770	48	2	189.61616161616163	159.85858585858585
770	49	2	190.03999999999996	189.88000000000008
770	50	1	42.199004975124375	117.20398009950246
770	51	1	52.25125628140702	170.62814070351754
770	52	1	153.38500000000002	111.11499999999997
770	53	1	37.58000000000001	146.17000000000004
770	54	1	29.39999999999999	111.06499999999998
770	55	1	24.14572864321609	162.41206030150747
770	56	1	60.28999999999999	111.99
770	57	1	150.97014925373134	57.90049751243782
770	58	1	27.49748743718592	129.03517587939695
770	59	1	145.60500000000002	44.48
770	60	1	77.06000000000004	151.425
770	61	1	144.61000000000004	172.40999999999997
770	62	1	66.27000000000002	171.58000000000015
770	63	1	149.05999999999995	30.884999999999998
770	64	1	110.16999999999997	63.96500000000003
770	65	1	163.45000000000007	151.02
770	66	1	163.76381909547726	53.949748743718594
770	67	1	52.18999999999999	158.07499999999996
770	68	1	102.88442211055278	51.98994974874372
770	69	1	61.675	142.16499999999996
770	70	1	29.567164179104473	31.5223880597015
770	71	1	20.695000000000007	26.560000000000013
770	72	1	145.41708542713573	21.969849246231178
770	73	1	136.54271356783931	62.04522613065328
770	74	1	157.7699999999999	169.87999999999988
770	75	1	18.291457286432156	119.83919597989947
770	76	1	70.96019900497512	118.37810945273633
770	77	1	111.83999999999999	145.16500000000002
770	78	1	199.45	167.38999999999996
770	79	1	141.4029850746269	79.99502487562191
770	80	1	22.81500000000001	197.22
770	81	1	29.41000000000001	180.44
770	82	1	99.09452736318404	144.45273631840791
770	83	1	55.27000000000004	132.2399999999999
770	84	1	128.14	112.38000000000007
770	85	1	76.64676616915423	179.24875621890547
770	86	1	29.394999999999992	6.43
770	87	1	141.94999999999987	110.11500000000002
770	88	1	3.3600000000000008	177.475
770	89	1	118.7286432160804	51.432160804020114
770	90	1	167.95979899497482	142.30150753768842
770	91	1	174.7462686567164	57.37313432835819
770	92	1	51.78391959798996	182.51758793969844
770	93	1	115.095	158.42499999999998
770	94	1	119.89	73.64500000000002
770	95	1	181.99000000000012	143.1499999999999
770	96	1	29.07537688442212	171.38693467336688
770	97	1	161.925	178.1949999999999
770	98	1	112.95500000000001	36.409999999999975
770	99	1	132.70499999999998	50.624999999999986
780	1	2	10.141414141414144	9.616161616161618
780	2	2	10.270833333333334	40.270833333333314
780	3	2	9.81	70.12000000000003
780	4	2	10.000000000000004	100
780	5	2	10.141414141414144	129.85858585858588
780	6	2	10.383838383838384	160.14141414141415
780	7	2	9.879999999999997	189.88
780	8	2	40.12000000000002	10.12
780	9	2	40.12000000000002	39.88
780	10	2	40.02000000000001	69.71999999999996
780	11	2	40.14141414141414	99.85858585858581
780	12	2	40.12000000000002	129.88
780	13	2	40.126315789473686	160.6105263157894
780	14	2	39.92999999999998	189.99999999999991
780	15	2	70.12	10.12
780	16	2	70.19999999999996	39.94999999999999
780	17	2	70.04	69.87999999999995
780	18	2	70.07000000000002	100.18
780	19	2	69.88000000000001	129.88
780	20	2	70.26086956521739	160.50000000000006
780	21	2	69.8494623655914	190.15053763440852
780	22	2	100.3838383838384	9.85858585858586
780	23	2	99.38947368421054	39.87368421052632
780	24	2	99.87368421052632	70.61052631578951
780	25	2	100.06	100.14000000000003
780	26	2	100.11999999999999	129.87000000000003
780	27	2	100.12	160.11999999999992
780	28	2	99.85858585858585	190.3838383838383
780	29	2	129.87999999999997	10.12
780	30	2	129.87999999999997	40.120000000000005
780	31	2	129.61616161616163	70.14141414141416
780	32	2	130.1414141414141	99.61616161616158
780	33	2	129.49999999999997	129.99999999999991
780	34	2	129.84946236559145	160.15053763440852
780	35	2	130.12	190.11999999999992
780	36	2	159.73000000000005	10.159999999999998
780	37	2	159.92000000000002	40.29
780	38	2	159.99999999999994	69.79
780	39	2	159.90000000000006	99.84
780	40	2	159.69999999999996	130.14000000000001
780	41	2	159.77000000000004	159.85999999999996
780	42	2	159.87999999999997	190.11999999999998
780	43	2	190.19999999999996	10.330000000000005
780	44	2	190.30851063829783	39.436170212765965
780	45	2	190.04999999999993	69.93
780	46	2	190.19	99.83000000000001
780	47	2	190.1199999999999	129.88
780	48	2	189.61616161616163	159.85858585858585
780	49	2	190.03999999999996	189.88000000000008
780	50	1	43.69000000000001	116.75500000000002
780	51	1	51.48743718592967	170.31658291457288
780	52	1	154.35	110.85499999999998
780	53	1	37.733668341708544	145.74874371859292
780	54	1	29.12	111.515
780	55	1	24.014999999999997	162.47500000000005
780	56	1	61.135	111.89000000000003
780	57	1	150.81499999999997	58.089999999999996
780	58	1	27.613065326633162	128.2562814070352
780	59	1	144.79999999999995	44.705000000000005
780	60	1	76.79899497487436	150.91959798994978
780	61	1	144.5500000000001	172.73000000000016
780	62	1	66.59499999999996	171.0349999999999
780	63	1	149.48499999999996	31.805000000000017
780	64	1	110.22885572139305	64.67164179104479
780	65	1	163.30999999999995	150.99
780	66	1	163.58999999999995	53.315000000000005
780	67	1	51.92500000000003	156.50000000000006
780	68	1	102.56999999999991	51.86000000000003
780	69	1	62.34500000000002	142.14499999999984
780	70	1	28.25500000000001	33.89499999999999
780	71	1	21.599999999999994	25.595000000000002
780	72	1	145.43499999999997	22.565
780	73	1	136.81407035175883	62.366834170854304
780	74	1	157.8349999999999	170.1149999999999
780	75	1	17.940000000000012	119.14999999999998
780	76	1	70.35499999999996	119.00999999999993
780	77	1	112.09045226130658	145.6733668341709
780	78	1	199.96984924623115	168.070351758794
780	79	1	141.89054726368153	80.46268656716413
780	80	1	23.015	196.655
780	81	1	29.47500000000001	180.4099999999999
780	82	1	99.28999999999995	144.5950000000001
780	83	1	55.17999999999999	132.165
780	84	1	128.62000000000003	112.23000000000002
780	85	1	75.3930348258707	179.7512437810945
780	86	1	29.074999999999996	6.259999999999997
780	87	1	142.23000000000008	110.635
780	88	1	2.040201005025126	177.7688442211056
780	89	1	118.05472636815921	52.3084577114428
780	90	1	168.2599999999999	142.52499999999986
780	91	1	173.8149999999999	58.13999999999999
780	92	1	52.20000000000001	181.88000000000005
780	93	1	115.78606965174134	159.37313432835822
780	94	1	120.46231155778891	74.35678391959802
780	95	1	182.33499999999998	143.56999999999996
780	96	1	29.45000000000001	171.30499999999995
780	97	1	161.6532663316584	178.4120603015077
780	98	1	113.36999999999999	35.47000000000001
780	99	1	131.82499999999996	51.17
790	1	2	10.141414141414144	9.616161616161618
790	2	2	10.270833333333334	40.270833333333314
790	3	2	9.81	70.12000000000003
790	4	2	10.000000000000004	100
790	5	2	10.141414141414144	129.85858585858588
790	6	2	10.383838383838384	160.14141414141415
790	7	2	9.879999999999997	189.88
790	8	2	40.12000000000002	10.12
790	9	2	40.12000000000002	39.88
790	10	2	40.02000000000001	69.71999999999996
790	11	2	40.14141414141414	99.85858585858581
790	12	2	40.12000000000002	129.88
790	13	2	40.126315789473686	160.6105263157894
790	14	2	39.92999999999998	189.99999999999991
790	15	2	70.12	10.12
790	16	2	70.19999999999996	39.94999999999999
790	17	2	70.04	69.87999999999995
790	18	2	70.07000000000002	100.18
790	19	2	69.88000000000001	129.88
790	20	2	70.26086956521739	160.50000000000006
790	21	2	69.8494623655914	190.15053763440852
790	22	2	100.3838383838384	9.85858585858586
790	23	2	99.38947368421054	39.87368421052632
790	24	2	99.87368421052632	70.61052631578951
790	25	2	100.06	100.14000000000003
790	26	2	100.11999999999999	129.87000000000003
790	27	2	100.12	160.11999999999992
790	28	2	99.85858585858585	190.3838383838383
790	29	2	129.87999999999997	10.12
790	30	2	129.87999999999997	40.120000000000005
790	31	2	129.61616161616163	70.14141414141416
790	32	2	130.1414141414141	99.61616161616158
790	33	2	129.49999999999997	129.99999999999991
790	34	2	129.84946236559145	160.15053763440852
790	35	2	130.12	190.11999999999992
790	36	2	159.73000000000005	10.159999999999998
790	37	2	159.92000000000002	40.29
790	38	2	159.99999999999994	69.79
790	39	2	159.90000000000006	99.84
790	40	2	159.69999999999996	130.14000000000001
790	41	2	159.77000000000004	159.85999999999996
790	42	2	159.87999999999997	190.11999999999998
790	43	2	190.19999999999996	10.330000000000005
790	44	2	190.30851063829783	39.436170212765965
790	45	2	190.04999999999993	69.93
790	46	2	190.19	99.83000000000001
790	47	2	190.1199999999999	129.88
790	48	2	189.61616161616163	159.85858585858585
790	49	2	190.03999999999996	189.88000000000008
790	50	1	44.35499999999999	116.00500000000001
790	51	1	50.51758793969849	170.18090452261302
790	52	1	155.28999999999996	110.59500000000004
790	53	1	37.20100502512563	145.64824120603015
790	54	1	29.06500000000001	112.20499999999996
790	55	1	24.325000000000014	162.39
790	56	1	61.71144278606964	111.86567164179101
790	57	1	151.015	58.52000000000001
790	58	1	27.655	128.1199999999999
790	59	1	144.03999999999994	45.004999999999974
790	60	1	76.77499999999996	150.54999999999987
790	61	1	144.46499999999997	173.18499999999992
790	62	1	66.62500000000003	170.46000000000012
790	63	1	149.49246231155783	32.748743718592955
790	64	1	110.27860696517418	65.27860696517412
790	65	1	163.45226130653265	150.7035175879397
790	66	1	163.044776119403	52.44278606965174
790	67	1	51.805000000000014	154.63999999999996
790	68	1	102.71999999999994	51.655000000000015
790	69	1	62.89	142.14499999999995
790	70	1	27.636815920398018	35.577114427860685
790	71	1	22.55499999999999	25.205000000000002
790	72	1	145.22	23.30500000000001
790	73	1	137.24999999999991	62.49500000000001
790	74	1	157.95500000000007	170.14499999999998
790	75	1	17.345000000000006	118.31999999999996
790	76	1	69.58793969849252	119.27135678391954
790	77	1	112.03980099502489	146.62686567164172
790	78	1	0.5728643216080395	168.4673366834171
790	79	1	142.89000000000001	81.25499999999998
790	80	1	24.075000000000003	195.89
790	81	1	29.7313432835821	180.59701492537312
790	82	1	99.87	144.27499999999995
790	83	1	55.26	132.14999999999998
790	84	1	128.96000000000004	112.07999999999996
790	85	1	74.61000000000001	180.295
790	86	1	28.306532663316588	6.98492462311558
790	87	1	142.34499999999994	110.89000000000004
790	88	1	0.8949999999999999	178.07000000000002
790	89	1	117.62311557788941	52.70351758793967
790	90	1	169.1799999999999	142.27500000000003
790	91	1	172.90499999999992	59.075
790	92	1	52.75124378109453	181.4626865671642
790	93	1	116.26633165829145	160.85427135678393
790	94	1	120.69346733668343	74.6231155778895
790	95	1	182.8743718592965	144.45226130653265
790	96	1	29.613065326633166	171.45728643216074
790	97	1	161.56	178.45999999999998
790	98	1	114.13	33.94
790	99	1	130.58000000000004	51.66000000000001
800	1	2	10.141414141414144	9.616161616161618
800	2	2	10.270833333333334	40.270833333333314
800	3	2	9.81	70.12000000000003
800	4	2	10.000000000000004	100
800	5	2	10.141414141414144	129.85858585858588
800	6	2	10.383838383838384	160.14141414141415
800	7	2	9.879999999999997	189.88
800	8	2	40.12000000000002	10.12
800	9	2	40.12000000000002	39.88
800	10	2	40.02000000000001	69.71999999999996
800	11	2	40.14141414141414	99.85858585858581
800	12	2	40.12000000000002	129.88
800	13	2	40.126315789473686	160.6105263157894
800	14	2	39.92999999999998	189.99999999999991
800	15	2	70.12	10.12
800	16	2	70.19999999999996	39.94999999999999
800	17	2	70.04	69.87999999999995
800	18	2	70.07000000000002	100.18
800	19	2	69.88000000000001	129.88
800	20	2	70.26086956521739	160.50000000000006
800	21	2	69.8494623655914	190.15053763440852
800	22	2	100.3838383838384	9.85858585858586
800	23	2	99.38947368421054	39.87368421052632
800	24	2	99.87368421052632	70.61052631578951
800	25	2	100.06	100.14000000000003
800	26	2	100.11999999999999	129.87000000000003
800	27	2	100.12	160.11999999999992
800	28	2	99.85858585858585	190.3838383838383
800	29	2	129.87999999999997	10.12
800	30	2	129.87999999999997	40.120000000000005
800	31	2	129.61616161616163	70.14141414141416
800	32	2	130.1414141414141	99.61616161616158
800	33	2	129.49999999999997	129.99999999999991
800	34	2	129.84946236559145	160.15053763440852
800	35	2	130.12	190.11999999999992
800	36	2	159.73000000000005	10.159999999999998
800	37	2	159.92000000000002	40.29
800	38	2	159.99999999999994	69.79
800	39	2	159.90000000000006	99.84
800	40	2	159.69999999999996	130.14000000000001
800	41	2	159.77000000000004	159.85999999999996
800	42	2	159.87999999999997	190.11999999999998
800	43	2	190.19999999999996	10.330000000000005
800	44	2	190.30851063829783	39.436170212765965
800	45	2	190.04999999999993	69.93
800	46	2	190.19	99.83000000000001
800	47	2	190.1199999999999	129.88
800	48	2	189.61616161616163	159.85858585858585
800	49	2	190.03999999999996	189.88000000000008
800	50	1	45.104477611940304	114.77611940298509
800	51	1	49.31999999999998	169.94499999999994
800	52	1	155.76000000000008	110.57
800	53	1	36.81592039800997	144.9950248756219
800	54	1	29.16582914572864	112.77889447236181
800	55	1	24.219999999999995	162.65500000000006
800	56	1	61.940000000000026	111.80000000000001
800	57	1	151.31000000000006	58.77499999999998
800	58	1	28.374999999999996	127.47500000000008
800	59	1	143.40500000000003	45.31999999999999
800	60	1	76.37688442211048	149.97487437185933
800	61	1	144.53000000000011	173.20000000000007
800	62	1	66.52000000000001	170.32000000000008
800	63	1	149.7512437810946	33.74129353233831
800	64	1	110.22499999999995	65.995
800	65	1	163.75499999999988	150.7750000000001
800	66	1	162.475	52.055
800	67	1	51.69651741293533	153.18407960198996
800	68	1	102.88500000000006	51.29500000000002
800	69	1	63.88442211055277	141.74371859296483
800	70	1	26.644999999999996	37.015
800	71	1	23.351758793969854	24.788944723618087
800	72	1	145.015	24.124999999999993
800	73	1	137.8090452261306	62.79899497487437
800	74	1	157.83417085427143	170.21608040201002
800	75	1	17.21500000000001	118.08999999999995
800	76	1	69.39499999999997	119.47499999999998
800	77	1	111.75000000000001	147.86499999999992
800	78	1	1.3300000000000005	168.67000000000016
800	79	1	144.75999999999996	81.60000000000002
800	80	1	24.59	195.59
800	81	1	29.379999999999995	181.07
800	82	1	100.40499999999999	144.0500000000001
800	83	1	55.24000000000002	132.35499999999993
800	84	1	128.905	112.25500000000001
800	85	1	73.8855721393035	180.33333333333334
800	86	1	27.015075376884433	6.974874371859299
800	87	1	142.62999999999994	111.19999999999999
800	88	1	0.270000000000001	178.44500000000005
800	89	1	117.09000000000002	52.66
800	90	1	170.16915422885563	142.68656716417905
800	91	1	172.24378109452738	60.22885572139303
800	92	1	53	180.98499999999987
800	93	1	116.33333333333331	162.45273631840791
800	94	1	120.66331658291455	74.63819095477382
800	95	1	183.71499999999997	145.2799999999999
800	96	1	29.99497487437185	171.69346733668345
800	97	1	161.45728643216074	178.6180904522612
800	98	1	114.72500000000002	32.47499999999999
800	99	1	129.40000000000003	52.01999999999999
810	1	2	10.141414141414144	9.616161616161618
810	2	2	10.270833333333334	40.270833333333314
810	3	2	9.81	70.12000000000003
810	4	2	10.000000000000004	100
810	5	2	10.141414141414144	129.85858585858588
810	6	2	10.383838383838384	160.14141414141415
810	7	2	9.879999999999997	189.88
810	8	2	40.12000000000002	10.12
810	9	2	40.12000000000002	39.88
810	10	2	40.02000000000001	69.71999999999996
810	11	2	40.14141414141414	99.85858585858581
810	12	2	40.12000000000002	129.88
810	13	2	40.126315789473686	160.6105263157894
810	14	2	39.92999999999998	189.99999999999991
810	15	2	70.12	10.12
810	16	2	70.19999999999996	39.94999999999999
810	17	2	70.04	69.87999999999995
810	18	2	70.07000000000002	100.18
810	19	2	69.88000000000001	129.88
810	20	2	70.26086956521739	160.50000000000006
810	21	2	69.8494623655914	190.15053763440852
810	22	2	100.3838383838384	9.85858585858586
810	23	2	99.38947368421054	39.87368421052632
810	24	2	99.87368421052632	70.61052631578951
810	25	2	100.06	100.14000000000003
810	26	2	100.11999999999999	129.87000000000003
810	27	2	100.12	160.11999999999992
810	28	2	99.85858585858585	190.3838383838383
810	29	2	129.87999999999997	10.12
810	30	2	129.87999999999997	40.120000000000005
810	31	2	129.61616161616163	70.14141414141416
810	32	2	130.1414141414141	99.61616161616158
810	33	2	129.49999999999997	129.99999999999991
810	34	2	129.84946236559145	160.15053763440852
810	35	2	130.12	190.11999999999992
810	36	2	159.73000000000005	10.159999999999998
810	37	2	159.92000000000002	40.29
810	38	2	159.99999999999994	69.79
810	39	2	159.90000000000006	99.84
810	40	2	159.69999999999996	130.14000000000001
810	41	2	159.77000000000004	159.85999999999996
810	42	2	159.87999999999997	190.11999999999998
810	43	2	190.19999999999996	10.330000000000005
810	44	2	190.30851063829783	39.436170212765965
810	45	2	190.04999999999993	69.93
810	46	2	190.19	99.83000000000001
810	47	2	190.1199999999999	129.88
810	48	2	189.61616161616163	159.85858585858585
810	49	2	190.03999999999996	189.88000000000008
810	50	1	46.18500000000002	112.555
810	51	1	48.35500000000001	169.57999999999998
810	52	1	156.64179104477606	110.2039800995025
810	53	1	36.447236180904525	144.75879396984922
810	54	1	29.41500000000001	113.33999999999997
810	55	1	24.294999999999987	162.975
810	56	1	61.92999999999998	111.79000000000005
810	57	1	151.78606965174137	58.88557213930346
810	58	1	28.810000000000002	127.00000000000001
810	59	1	142.63999999999993	45.579999999999984
810	60	1	75.84499999999997	149.08000000000007
810	61	1	144.42713567839183	173.24120603015072
810	62	1	66.32499999999999	169.80000000000004
810	63	1	149.73999999999987	34.124999999999986
810	64	1	110.45499999999997	66.975
810	65	1	164.14999999999992	149.94500000000005
810	66	1	162.30845771144277	51.800995024875654
810	67	1	51.27000000000002	152.00500000000008
810	68	1	103.39500000000001	50.54000000000002
810	69	1	64.325	141.67499999999993
810	70	1	25.3134328358209	38.49253731343285
810	71	1	24.264999999999997	24.389999999999993
810	72	1	143.97	25.269999999999992
810	73	1	137.97000000000003	62.83999999999997
810	74	1	157.81000000000006	170.18500000000003
810	75	1	16.905	117.72000000000004
810	76	1	68.97487437185931	119.63316582914574
810	77	1	111.45273631840791	149.1691542288557
810	78	1	2.38	169.16000000000008
810	79	1	146.4726368159203	82.21890547263682
810	80	1	25.375000000000004	194.82
810	81	1	29.281407035175867	181.44221105527635
810	82	1	100.655	143.9699999999999
810	83	1	55.44221105527639	132.47236180904528
810	84	1	129.27000000000007	112.41499999999998
810	85	1	73.36499999999998	180.27000000000004
810	86	1	25.985074626865675	6.910447761194031
810	87	1	143.26500000000007	111.60499999999998
810	88	1	199.89	178.60499999999996
810	89	1	116.16	52.64500000000001
810	90	1	171.99999999999991	142.38308457711426
810	91	1	172.2128712871288	61.247524752475236
810	92	1	53.50248756218907	179.905472636816
810	93	1	116.82999999999997	164.16999999999993
810	94	1	120.72499999999992	75.13000000000002
810	95	1	184.93969849246224	146.03015075376882
810	96	1	30.29000000000002	171.99
810	97	1	160.91000000000008	178.78
810	98	1	115.10552763819099	31.276381909547744
810	99	1	128.29648241206027	52.80904522613065
820	1	2	10.141414141414144	9.616161616161618
820	2	2	10.270833333333334	40.270833333333314
820	3	2	9.81	70.12000000000003
820	4	2	10.000000000000004	100
820	5	2	10.141414141414144	129.85858585858588
820	6	2	10.383838383838384	160.14141414141415
820	7	2	9.879999999999997	189.88
820	8	2	40.12000000000002	10.12
820	9	2	40.12000000000002	39.88
820	10	2	40.02000000000001	69.71999999999996
820	11	2	40.14141414141414	99.85858585858581
820	12	2	40.12000000000002	129.88
820	13	2	40.126315789473686	160.6105263157894
820	14	2	39.92999999999998	189.99999999999991
820	15	2	70.12	10.12
820	16	2	70.19999999999996	39.94999999999999
820	17	2	70.04	69.87999999999995
820	18	2	70.07000000000002	100.18
820	19	2	69.88000000000001	129.88
820	20	2	70.26086956521739	160.50000000000006
820	21	2	69.8494623655914	190.15053763440852
820	22	2	100.3838383838384	9.85858585858586
820	23	2	99.38947368421054	39.87368421052632
820	24	2	99.87368421052632	70.61052631578951
820	25	2	100.06	100.14000000000003
820	26	2	100.11999999999999	129.87000000000003
820	27	2	100.12	160.11999999999992
820	28	2	99.85858585858585	190.3838383838383
820	29	2	129.87999999999997	10.12
820	30	2	129.87999999999997	40.120000000000005
820	31	2	129.61616161616163	70.14141414141416
820	32	2	130.1414141414141	99.61616161616158
820	33	2	129.49999999999997	129.99999999999991
820	34	2	129.84946236559145	160.15053763440852
820	35	2	130.12	190.11999999999992
820	36	2	159.73000000000005	10.159999999999998
820	37	2	159.92000000000002	40.29
820	38	2	159.99999999999994	69.79
820	39	2	159.90000000000006	99.84
820	40	2	159.69999999999996	130.14000000000001
820	41	2	159.77000000000004	159.85999999999996
820	42	2	159.87999999999997	190.11999999999998
820	43	2	190.19999999999996	10.330000000000005
820	44	2	190.30851063829783	39.436170212765965
820	45	2	190.04999999999993	69.93
820	46	2	190.19	99.83000000000001
820	47	2	190.1199999999999	129.88
820	48	2	189.61616161616163	159.85858585858585
820	49	2	190.03999999999996	189.88000000000008
820	50	1	47.27	110.95999999999997
820	51	1	47.67499999999998	169.04000000000008
820	52	1	157.66000000000003	110.125
820	53	1	36.38000000000002	144.07000000000008
820	54	1	29.92000000000001	113.65000000000005
820	55	1	24.74874371859297	162.70351758793961
820	56	1	61.63999999999998	111.78500000000003
820	57	1	152.05999999999995	59.03999999999998
820	58	1	28.924999999999994	126.75
820	59	1	141.99999999999997	46.07500000000002
820	60	1	75.82	148.40999999999994
820	61	1	144.35999999999999	174.01999999999995
820	62	1	65.48241206030153	169.2814070351758
820	63	1	149.84500000000003	34.92000000000002
820	64	1	110.34499999999997	67.67999999999999
820	65	1	164.20499999999998	149.00000000000017
820	66	1	162.12935323383084	51.7910447761194
820	67	1	50.487437185929664	150.5778894472362
820	68	1	103.56060606060603	49.93434343434341
820	69	1	64.38693467336682	141.92964824120597
820	70	1	23.98507462686568	39.06467661691543
820	71	1	25.37810945273632	24.691542288557223
820	72	1	143.21105527638204	26.291457286432163
820	73	1	138.40499999999992	63.165000000000006
820	74	1	157.74499999999998	170.38999999999993
820	75	1	16.695	117.52000000000001
820	76	1	68.73737373737376	119.62626262626266
820	77	1	111.41791044776124	150.56218905472636
820	78	1	3.7487437185929657	169.48241206030144
820	79	1	148.15499999999997	81.74499999999999
820	80	1	26.020000000000003	194.64999999999992
820	81	1	29.4321608040201	181.9497487437186
820	82	1	101.21000000000002	143.7249999999999
820	83	1	55.78000000000001	132.465
820	84	1	129.93499999999997	113.13999999999997
820	85	1	72.82412060301512	180.17085427135677
820	86	1	24.79	6.99
820	87	1	143.95999999999992	111.93499999999999
820	88	1	199.59	178.65499999999997
820	89	1	115.11940298507463	52.557213930348226
820	90	1	174.03	142.455
820	91	1	172.20000000000005	61.705000000000005
820	92	1	53.785	178.71000000000012
820	93	1	117.39800995024875	165.75621890547265
820	94	1	120.06499999999996	74.83000000000004
820	95	1	186.69346733668343	146.286432160804
820	96	1	30.37500000000001	172.49000000000007
820	97	1	160.58706467661696	179.12935323383073
820	98	1	115.34999999999997	29.849999999999987
820	99	1	127.23500000000007	54.36000000000002
830	1	2	10.141414141414144	9.616161616161618
830	2	2	10.270833333333334	40.270833333333314
830	3	2	9.81	70.12000000000003
830	4	2	10.000000000000004	100
830	5	2	10.141414141414144	129.85858585858588
830	6	2	10.383838383838384	160.14141414141415
830	7	2	9.879999999999997	189.88
830	8	2	40.12000000000002	10.12
830	9	2	40.12000000000002	39.88
830	10	2	40.02000000000001	69.71999999999996
830	11	2	40.14141414141414	99.85858585858581
830	12	2	40.12000000000002	129.88
830	13	2	40.126315789473686	160.6105263157894
830	14	2	39.92999999999998	189.99999999999991
830	15	2	70.12	10.12
830	16	2	70.19999999999996	39.94999999999999
830	17	2	70.04	69.87999999999995
830	18	2	70.07000000000002	100.18
830	19	2	69.88000000000001	129.88
830	20	2	70.26086956521739	160.50000000000006
830	21	2	69.8494623655914	190.15053763440852
830	22	2	100.3838383838384	9.85858585858586
830	23	2	99.38947368421054	39.87368421052632
830	24	2	99.87368421052632	70.61052631578951
830	25	2	100.06	100.14000000000003
830	26	2	100.11999999999999	129.87000000000003
830	27	2	100.12	160.11999999999992
830	28	2	99.85858585858585	190.3838383838383
830	29	2	129.87999999999997	10.12
830	30	2	129.87999999999997	40.120000000000005
830	31	2	129.61616161616163	70.14141414141416
830	32	2	130.1414141414141	99.61616161616158
830	33	2	129.49999999999997	129.99999999999991
830	34	2	129.84946236559145	160.15053763440852
830	35	2	130.12	190.11999999999992
830	36	2	159.73000000000005	10.159999999999998
830	37	2	159.92000000000002	40.29
830	38	2	159.99999999999994	69.79
830	39	2	159.90000000000006	99.84
830	40	2	159.69999999999996	130.14000000000001
830	41	2	159.77000000000004	159.85999999999996
830	42	2	159.87999999999997	190.11999999999998
830	43	2	190.19999999999996	10.330000000000005
830	44	2	190.30851063829783	39.436170212765965
830	45	2	190.04999999999993	69.93
830	46	2	190.19	99.83000000000001
830	47	2	190.1199999999999	129.88
830	48	2	189.61616161616163	159.85858585858585
830	49	2	190.03999999999996	189.88000000000008
830	50	1	48.37	109.46
830	51	1	47.33668341708543	168.3165829145728
830	52	1	158.01500000000001	110.09499999999996
830	53	1	36.144278606965166	143.3830845771145
830	54	1	30.69346733668343	114.11557788944724
830	55	1	24.67336683417084	162.84924623115577
830	56	1	61.455000000000005	111.62000000000002
830	57	1	152.40796019900498	58.99004975124377
830	58	1	29.105527638190956	126.35175879396989
830	59	1	141.43499999999995	46.689999999999976
830	60	1	76.42000000000003	146.85000000000005
830	61	1	144.3950000000001	174.34
830	62	1	64.94	168.47000000000003
830	63	1	149.85500000000002	35.04999999999999
830	64	1	110.43499999999999	68.05499999999994
830	65	1	164.05999999999995	147.90999999999997
830	66	1	161.89499999999998	51.620000000000026
830	67	1	49.850000000000016	149.07
830	68	1	104.19191919191921	49.1868686868687
830	69	1	64.23618090452264	142.20603015075375
830	70	1	22.592964824120607	38.849246231155774
830	71	1	26.125000000000014	25.07999999999999
830	72	1	142.45999999999992	27.060000000000006
830	73	1	138.59499999999989	63.375000000000036
830	74	1	157.69849246231144	170.29648241206027
830	75	1	16.24	117.03499999999998
830	76	1	68.52499999999998	119.65000000000002
830	77	1	111.72499999999998	152.15999999999985
830	78	1	4.221105527638187	169.66331658291463
830	79	1	149.47999999999993	81.47999999999999
830	80	1	26.751243781094526	194.9900497512438
830	81	1	29.449999999999996	182.33500000000012
830	82	1	101.82089552238804	143.7960199004975
830	83	1	55.944723618090464	132.40201005025136
830	84	1	130.45999999999998	114.07999999999998
830	85	1	71.955	180.22999999999993
830	86	1	23.398009950248763	6.776119402985077
830	87	1	144.65999999999994	112.55999999999993
830	88	1	199.205	179.04000000000005
830	89	1	114.43216080402013	52.60804020100504
830	90	1	175.73134328358205	142.80099502487565
830	91	1	172.43499999999992	63.054999999999986
830	92	1	54.31000000000004	177.36999999999998
830	93	1	118.065	167.03499999999985
830	94	1	119.47499999999997	75.62999999999997
830	95	1	188.27500000000012	146.775
830	96	1	30.745000000000015	172.89499999999995
830	97	1	160.4950000000001	179.16999999999987
830	98	1	115.66331658291459	28.6683417085427
830	99	1	125.95477386934675	55.88944723618091
840	1	2	10.141414141414144	9.616161616161618
840	2	2	10.270833333333334	40.270833333333314
840	3	2	9.81	70.12000000000003
840	4	2	10.000000000000004	100
840	5	2	10.141414141414144	129.85858585858588
840	6	2	10.383838383838384	160.14141414141415
840	7	2	9.879999999999997	189.88
840	8	2	40.12000000000002	10.12
840	9	2	40.12000000000002	39.88
840	10	2	40.02000000000001	69.71999999999996
840	11	2	40.14141414141414	99.85858585858581
840	12	2	40.12000000000002	129.88
840	13	2	40.126315789473686	160.6105263157894
840	14	2	39.92999999999998	189.99999999999991
840	15	2	70.12	10.12
840	16	2	70.19999999999996	39.94999999999999
840	17	2	70.04	69.87999999999995
840	18	2	70.07000000000002	100.18
840	19	2	69.88000000000001	129.88
840	20	2	70.26086956521739	160.50000000000006
840	21	2	69.8494623655914	190.15053763440852
840	22	2	100.3838383838384	9.85858585858586
840	23	2	99.38947368421054	39.87368421052632
840	24	2	99.87368421052632	70.61052631578951
840	25	2	100.06	100.14000000000003
840	26	2	100.11999999999999	129.87000000000003
840	27	2	100.12	160.11999999999992
840	28	2	99.85858585858585	190.3838383838383
840	29	2	129.87999999999997	10.12
840	30	2	129.87999999999997	40.120000000000005
840	31	2	129.61616161616163	70.14141414141416
840	32	2	130.1414141414141	99.61616161616158
840	33	2	129.49999999999997	129.99999999999991
840	34	2	129.84946236559145	160.15053763440852
840	35	2	130.12	190.11999999999992
840	36	2	159.73000000000005	10.159999999999998
840	37	2	159.92000000000002	40.29
840	38	2	159.99999999999994	69.79
840	39	2	159.90000000000006	99.84
840	40	2	159.69999999999996	130.14000000000001
840	41	2	159.77000000000004	159.85999999999996
840	42	2	159.87999999999997	190.11999999999998
840	43	2	190.19999999999996	10.330000000000005
840	44	2	190.30851063829783	39.436170212765965
840	45	2	190.04999999999993	69.93
840	46	2	190.19	99.83000000000001
840	47	2	190.1199999999999	129.88
840	48	2	189.61616161616163	159.85858585858585
840	49	2	190.03999999999996	189.88000000000008
840	50	1	48.765000000000015	108.55499999999995
840	51	1	47.39499999999999	167.79000000000005
840	52	1	159.5125628140704	109.80402010050247
840	53	1	35.36	142.83499999999987
840	54	1	31.625	114.47499999999998
840	55	1	24.497487437185942	162.8241206030151
840	56	1	60.94999999999999	111.36999999999995
840	57	1	153.06000000000006	58.854999999999976
840	58	1	29.429999999999996	125.68499999999992
840	59	1	140.61	47.84999999999998
840	60	1	77.58208955223881	146.00995024875627
840	61	1	144.29999999999998	174.48000000000002
840	62	1	64.66834170854274	168.03015075376885
840	63	1	149.55000000000004	35.454999999999984
840	64	1	110.17499999999995	68.41499999999996
840	65	1	164.67000000000004	146.6250000000001
840	66	1	161.59203980099494	51.5223880597015
840	67	1	48.96	147.25999999999996
840	68	1	104.43718592964827	48.47738693467337
840	69	1	64.81500000000003	142.28000000000003
840	70	1	21.78499999999999	38.39500000000001
840	71	1	26.990049751243777	26.338308457711445
840	72	1	141.5870646766169	28.124378109452742
840	73	1	138.90499999999992	63.60999999999999
840	74	1	157.59500000000008	170.39999999999998
840	75	1	15.64	116.81999999999998
840	76	1	68.58000000000003	119.585
840	77	1	112.43000000000006	154.17500000000004
840	78	1	4.799999999999995	169.91499999999994
840	79	1	150.85643564356442	80.66831683168321
840	80	1	27.205000000000002	195.1050000000001
840	81	1	29.475000000000016	182.5
840	82	1	102.72139303482592	143.59701492537312
840	83	1	56.47263681592041	132.58208955223887
840	84	1	131.40500000000003	115.26999999999992
840	85	1	71.10499999999998	180.05499999999995
840	86	1	22.794999999999995	6.175
840	87	1	145.33333333333334	112.78109452736317
840	88	1	199.175	179.13999999999993
840	89	1	113.93999999999998	52.445
840	90	1	177.40500000000011	142.825
840	91	1	173.14999999999995	64.08499999999995
840	92	1	54.385000000000026	176.61000000000004
840	93	1	118.55500000000002	168.33
840	94	1	118.90500000000003	76.42999999999996
840	95	1	189.7185929648241	147.36180904522604
840	96	1	30.65326633165831	173.01005025125625
840	97	1	160.64499999999992	179.18499999999995
840	98	1	115.94029850746277	27.711442786069643
840	99	1	124.61194029850742	57.14925373134327
850	1	2	10.141414141414144	9.616161616161618
850	2	2	10.270833333333334	40.270833333333314
850	3	2	9.81	70.12000000000003
850	4	2	10.000000000000004	100
850	5	2	10.141414141414144	129.85858585858588
850	6	2	10.383838383838384	160.14141414141415
850	7	2	9.879999999999997	189.88
850	8	2	40.12000000000002	10.12
850	9	2	40.12000000000002	39.88
850	10	2	40.02000000000001	69.71999999999996
850	11	2	40.14141414141414	99.85858585858581
850	12	2	40.12000000000002	129.88
850	13	2	40.126315789473686	160.6105263157894
850	14	2	39.92999999999998	189.99999999999991
850	15	2	70.12	10.12
850	16	2	70.19999999999996	39.94999999999999
850	17	2	70.04	69.87999999999995
850	18	2	70.07000000000002	100.18
850	19	2	69.88000000000001	129.88
850	20	2	70.26086956521739	160.50000000000006
850	21	2	69.8494623655914	190.15053763440852
850	22	2	100.3838383838384	9.85858585858586
850	23	2	99.38947368421054	39.87368421052632
850	24	2	99.87368421052632	70.61052631578951
850	25	2	100.06	100.14000000000003
850	26	2	100.11999999999999	129.87000000000003
850	27	2	100.12	160.11999999999992
850	28	2	99.85858585858585	190.3838383838383
850	29	2	129.87999999999997	10.12
850	30	2	129.87999999999997	40.120000000000005
850	31	2	129.61616161616163	70.14141414141416
850	32	2	130.1414141414141	99.61616161616158
850	33	2	129.49999999999997	129.99999999999991
850	34	2	129.84946236559145	160.15053763440852
850	35	2	130.12	190.11999999999992
850	36	2	159.73000000000005	10.159999999999998
850	37	2	159.92000000000002	40.29
850	38	2	159.99999999999994	69.79
850	39	2	159.90000000000006	99.84
850	40	2	159.69999999999996	130.14000000000001
850	41	2	159.77000000000004	159.85999999999996
850	42	2	159.87999999999997	190.11999999999998
850	43	2	190.19999999999996	10.330000000000005
850	44	2	190.30851063829783	39.436170212765965
850	45	2	190.04999999999993	69.93
850	46	2	190.19	99.83000000000001
850	47	2	190.1199999999999	129.88
850	48	2	189.61616161616163	159.85858585858585
850	49	2	190.03999999999996	189.88000000000008
850	50	1	48.99	108.11999999999998
850	51	1	47.43500000000001	167.295
850	52	1	161.5223880597015	109.30348258706468
850	53	1	34.40703517587942	142.01005025125642
850	54	1	32.35	114.33000000000006
850	55	1	24.39195979899498	162.92462311557787
850	56	1	60.7185929648241	111.2914572864322
850	57	1	153.24999999999991	58.540000000000006
850	58	1	29.364999999999995	125.35999999999997
850	59	1	139.85499999999996	48.250000000000014
850	60	1	78.35499999999998	145.47500000000008
850	61	1	144.12499999999997	174.61000000000007
850	62	1	64.68341708542715	168.140703517588
850	63	1	149.305	35.88
850	64	1	110.40703517587941	68.73366834170852
850	65	1	165.1899999999999	145.12500000000006
850	66	1	162.17500000000007	51.67000000000001
850	67	1	48.33500000000002	145.82999999999996
850	68	1	105.38499999999999	47.449999999999996
850	69	1	64.81500000000001	142.26
850	70	1	21.324999999999992	38.04499999999999
850	71	1	27.905000000000005	27.160000000000004
850	72	1	141.23500000000007	28.809999999999988
850	73	1	139.3482587064677	63.94029850746271
850	74	1	157.51500000000004	170.38000000000017
850	75	1	15.190000000000005	117.09999999999997
850	76	1	68.46500000000002	119.27999999999996
850	77	1	113.11500000000004	156.32999999999996
850	78	1	5.640000000000001	170.29999999999995
850	79	1	152.21499999999997	80.67000000000004
850	80	1	27.544999999999995	195.18499999999995
850	81	1	29.525000000000013	182.44500000000005
850	82	1	104.88059701492537	144.21393034825866
850	83	1	56.19499999999998	132.50000000000003
850	84	1	132.95024875621877	116.37313432835822
850	85	1	70.30500000000002	180.375
850	86	1	21.80099502487561	5.039800995024876
850	87	1	146.3465346534653	112.45049504950498
850	88	1	199.46231155778895	179.46733668341707
850	89	1	113.66000000000001	52.31499999999998
850	90	1	178.88500000000008	142.80500000000015
850	91	1	174.48241206030139	65.17587939698494
850	92	1	54.35000000000005	176.27499999999998
850	93	1	118.99499999999996	169.74499999999992
850	94	1	118.58000000000001	77.42499999999995
850	95	1	191.01507537688423	147.69849246231152
850	96	1	30.8391959798995	173.09045226130664
850	97	1	160.64000000000004	179.10000000000005
850	98	1	116.63000000000001	27.34999999999999
850	99	1	123.73631840796016	58.02985074626868
860	1	2	10.141414141414144	9.616161616161618
860	2	2	10.270833333333334	40.270833333333314
860	3	2	9.81	70.12000000000003
860	4	2	10.000000000000004	100
860	5	2	10.141414141414144	129.85858585858588
860	6	2	10.383838383838384	160.14141414141415
860	7	2	9.879999999999997	189.88
860	8	2	40.12000000000002	10.12
860	9	2	40.12000000000002	39.88
860	10	2	40.02000000000001	69.71999999999996
860	11	2	40.14141414141414	99.85858585858581
860	12	2	40.12000000000002	129.88
860	13	2	40.126315789473686	160.6105263157894
860	14	2	39.92999999999998	189.99999999999991
860	15	2	70.12	10.12
860	16	2	70.19999999999996	39.94999999999999
860	17	2	70.04	69.87999999999995
860	18	2	70.07000000000002	100.18
860	19	2	69.88000000000001	129.88
860	20	2	70.26086956521739	160.50000000000006
860	21	2	69.8494623655914	190.15053763440852
860	22	2	100.3838383838384	9.85858585858586
860	23	2	99.38947368421054	39.87368421052632
860	24	2	99.87368421052632	70.61052631578951
860	25	2	100.06	100.14000000000003
860	26	2	100.11999999999999	129.87000000000003
860	27	2	100.12	160.11999999999992
860	28	2	99.85858585858585	190.3838383838383
860	29	2	129.87999999999997	10.12
860	30	2	129.87999999999997	40.120000000000005
860	31	2	129.61616161616163	70.14141414141416
860	32	2	130.1414141414141	99.61616161616158
860	33	2	129.49999999999997	129.99999999999991
860	34	2	129.84946236559145	160.15053763440852
860	35	2	130.12	190.11999999999992
860	36	2	159.73000000000005	10.159999999999998
860	37	2	159.92000000000002	40.29
860	38	2	159.99999999999994	69.79
860	39	2	159.90000000000006	99.84
860	40	2	159.69999999999996	130.14000000000001
860	41	2	159.77000000000004	159.85999999999996
860	42	2	159.87999999999997	190.11999999999998
860	43	2	190.19999999999996	10.330000000000005
860	44	2	190.30851063829783	39.436170212765965
860	45	2	190.04999999999993	69.93
860	46	2	190.19	99.83000000000001
860	47	2	190.1199999999999	129.88
860	48	2	189.61616161616163	159.85858585858585
860	49	2	190.03999999999996	189.88000000000008
860	50	1	49.19095477386934	107.98492462311562
860	51	1	47.475	166.9850000000001
860	52	1	162.615	109.17500000000004
860	53	1	32.57000000000002	141.06000000000012
860	54	1	33.430000000000014	114.35499999999999
860	55	1	24.27363184079601	162.99004975124384
860	56	1	60.29	110.95499999999996
860	57	1	153.355	58.164999999999985
860	58	1	28.47	125.40999999999997
860	59	1	139.24500000000003	48.525
860	60	1	79.05000000000001	145.19000000000008
860	61	1	143.525	175.04500000000007
860	62	1	64.795	168.27499999999998
860	63	1	148.98492462311555	36.281407035175874
860	64	1	110.37499999999996	69.11000000000003
860	65	1	166.31840796019895	144.28855721393032
860	66	1	162.62	51.74500000000001
860	67	1	47.33830845771144	143.98507462686567
860	68	1	105.81000000000002	47.04500000000001
860	69	1	64.92999999999998	142.26499999999993
860	70	1	20.87500000000001	37.33
860	71	1	28.815	28.425000000000015
860	72	1	140.59798994974864	29.437185929648248
860	73	1	139.41499999999985	63.91000000000002
860	74	1	157.73499999999996	170.46499999999997
860	75	1	15.160000000000005	117.34000000000005
860	76	1	67.9698492462311	118.98492462311555
860	77	1	113.83999999999993	157.62499999999991
860	78	1	6.542288557213933	170.57711442786078
860	79	1	153.20499999999987	80.075
860	80	1	27.889999999999993	195.9699999999999
860	81	1	29.569999999999993	182.59000000000003
860	82	1	106.09547738693465	144.89447236180905
860	83	1	56.06532663316582	132.73366834170855
860	84	1	134.83	117.38500000000002
860	85	1	69.41000000000003	180.455
860	86	1	20.89000000000001	3.960000000000001
860	87	1	146.9650000000001	112.705
860	88	1	199.845	179.84500000000014
860	89	1	113.65326633165829	52.3618090452261
860	90	1	179.97999999999996	142.9749999999999
860	91	1	175.69	65.705
860	92	1	54.12999999999999	175.99499999999992
860	93	1	119.85000000000002	171.0599999999999
860	94	1	117.70351758793969	79.38693467336681
860	95	1	192.2139303482587	147.63184079602001
860	96	1	30.824999999999992	173.08500000000006
860	97	1	160.45728643216088	179.2412060301507
860	98	1	116.92462311557793	26.964824120603023
860	99	1	122.81094527363189	58.940298507462714
870	1	2	10.141414141414144	9.616161616161618
870	2	2	10.270833333333334	40.270833333333314
870	3	2	9.81	70.12000000000003
870	4	2	10.000000000000004	100
870	5	2	10.141414141414144	129.85858585858588
870	6	2	10.383838383838384	160.14141414141415
870	7	2	9.879999999999997	189.88
870	8	2	40.12000000000002	10.12
870	9	2	40.12000000000002	39.88
870	10	2	40.02000000000001	69.71999999999996
870	11	2	40.14141414141414	99.85858585858581
870	12	2	40.12000000000002	129.88
870	13	2	40.126315789473686	160.6105263157894
870	14	2	39.92999999999998	189.99999999999991
870	15	2	70.12	10.12
870	16	2	70.19999999999996	39.94999999999999
870	17	2	70.04	69.87999999999995
870	18	2	70.07000000000002	100.18
870	19	2	69.88000000000001	129.88
870	20	2	70.26086956521739	160.50000000000006
870	21	2	69.8494623655914	190.15053763440852
870	22	2	100.3838383838384	9.85858585858586
870	23	2	99.38947368421054	39.87368421052632
870	24	2	99.87368421052632	70.61052631578951
870	25	2	100.06	100.14000000000003
870	26	2	100.11999999999999	129.87000000000003
870	27	2	100.12	160.11999999999992
870	28	2	99.85858585858585	190.3838383838383
870	29	2	129.87999999999997	10.12
870	30	2	129.87999999999997	40.120000000000005
870	31	2	129.61616161616163	70.14141414141416
870	32	2	130.1414141414141	99.61616161616158
870	33	2	129.49999999999997	129.99999999999991
870	34	2	129.84946236559145	160.15053763440852
870	35	2	130.12	190.11999999999992
870	36	2	159.73000000000005	10.159999999999998
870	37	2	159.92000000000002	40.29
870	38	2	159.99999999999994	69.79
870	39	2	159.90000000000006	99.84
870	40	2	159.69999999999996	130.14000000000001
870	41	2	159.77000000000004	159.85999999999996
870	42	2	159.87999999999997	190.11999999999998
870	43	2	190.19999999999996	10.330000000000005
870	44	2	190.30851063829783	39.436170212765965
870	45	2	190.04999999999993	69.93
870	46	2	190.19	99.83000000000001
870	47	2	190.1199999999999	129.88
870	48	2	189.61616161616163	159.85858585858585
870	49	2	190.03999999999996	189.88000000000008
870	50	1	49.125628140703505	107.96482412060298
870	51	1	47.79396984924626	166.4472361809045
870	52	1	163.9497487437187	109.08040201005024
870	53	1	30.712871287128706	139.3960396039604
870	54	1	33.859999999999985	114.53499999999997
870	55	1	24.21500000000002	163.26499999999987
870	56	1	59.75499999999999	111.075
870	57	1	153.325	57.89000000000001
870	58	1	27.755000000000013	125.09499999999997
870	59	1	137.84999999999988	48.89500000000001
870	60	1	80.04975124378115	144.27860696517422
870	61	1	142.36180904522607	175.2211055276381
870	62	1	64.50000000000003	168.0450000000001
870	63	1	148.84422110552757	37.12562814070352
870	64	1	110.57500000000005	69.58
870	65	1	167.35323383084582	143.00995024875616
870	66	1	163.1293532338308	52.05472636815918
870	67	1	46.390000000000015	143.06999999999996
870	68	1	106.41206030150752	46.547738693467316
870	69	1	64.64000000000003	142.4599999999999
870	70	1	20.695000000000007	36.17000000000001
870	71	1	30.628140703517577	29.261306532663323
870	72	1	140.62000000000003	29.904999999999998
870	73	1	139.82999999999998	64.07
870	74	1	157.29500000000007	170.50499999999997
870	75	1	14.544999999999998	117.24499999999998
870	76	1	67.96499999999999	118.20500000000003
870	77	1	114.72000000000007	159.58500000000004
870	78	1	7.695000000000006	171.44
870	79	1	153.91044776119406	79.71144278606968
870	80	1	28.09547738693467	196.79899497487455
870	81	1	29.744999999999983	182.55500000000012
870	82	1	108.05445544554452	145.98514851485155
870	83	1	55.84079601990051	133.14925373134326
870	84	1	137.33830845771135	118.53731343283579
870	85	1	69.12500000000001	180.40999999999997
870	86	1	19.910000000000007	2.680000000000001
870	87	1	147.87500000000009	112.64999999999999
870	88	1	199.79396984924622	179.90452261306532
870	89	1	113.61809045226131	52.457286432160835
870	90	1	180.82587064676625	143.4129353233831
870	91	1	176.7437185929648	65.84924623115577
870	92	1	53.949999999999996	176.07999999999984
870	93	1	120.82587064676616	172.36318407960187
870	94	1	117.27860696517412	80.910447761194
870	95	1	193.70646766169153	147.89552238805973
870	96	1	31.034999999999986	172.94500000000002
870	97	1	160.375	179.26499999999996
870	98	1	116.88000000000002	26.68500000000001
870	99	1	122.02487562189054	59.65671641791047
880	1	2	10.141414141414144	9.616161616161618
880	2	2	10.270833333333334	40.270833333333314
880	3	2	9.81	70.12000000000003
880	4	2	10.000000000000004	100
880	5	2	10.141414141414144	129.85858585858588
880	6	2	10.383838383838384	160.14141414141415
880	7	2	9.879999999999997	189.88
880	8	2	40.12000000000002	10.12
880	9	2	40.12000000000002	39.88
880	10	2	40.02000000000001	69.71999999999996
880	11	2	40.14141414141414	99.85858585858581
880	12	2	40.12000000000002	129.88
880	13	2	40.126315789473686	160.6105263157894
880	14	2	39.92999999999998	189.99999999999991
880	15	2	70.12	10.12
880	16	2	70.19999999999996	39.94999999999999
880	17	2	70.04	69.87999999999995
880	18	2	70.07000000000002	100.18
880	19	2	69.88000000000001	129.88
880	20	2	70.26086956521739	160.50000000000006
880	21	2	69.8494623655914	190.15053763440852
880	22	2	100.3838383838384	9.85858585858586
880	23	2	99.38947368421054	39.87368421052632
880	24	2	99.87368421052632	70.61052631578951
880	25	2	100.06	100.14000000000003
880	26	2	100.11999999999999	129.87000000000003
880	27	2	100.12	160.11999999999992
880	28	2	99.85858585858585	190.3838383838383
880	29	2	129.87999999999997	10.12
880	30	2	129.87999999999997	40.120000000000005
880	31	2	129.61616161616163	70.14141414141416
880	32	2	130.1414141414141	99.61616161616158
880	33	2	129.49999999999997	129.99999999999991
880	34	2	129.84946236559145	160.15053763440852
880	35	2	130.12	190.11999999999992
880	36	2	159.73000000000005	10.159999999999998
880	37	2	159.92000000000002	40.29
880	38	2	159.99999999999994	69.79
880	39	2	159.90000000000006	99.84
880	40	2	159.69999999999996	130.14000000000001
880	41	2	159.77000000000004	159.85999999999996
880	42	2	159.87999999999997	190.11999999999998
880	43	2	190.19999999999996	10.330000000000005
880	44	2	190.30851063829783	39.436170212765965
880	45	2	190.04999999999993	69.93
880	46	2	190.19	99.83000000000001
880	47	2	190.1199999999999	129.88
880	48	2	189.61616161616163	159.85858585858585
880	49	2	190.03999999999996	189.88000000000008
880	50	1	49.110000000000014	107.94999999999996
880	51	1	48.05527638190953	166
880	52	1	164.06030150753773	108.88442211055273
880	53	1	29.469999999999988	138.26500000000004
880	54	1	33.760000000000005	114.595
880	55	1	24.284999999999993	163.51500000000001
880	56	1	59.709999999999994	110.96500000000002
880	57	1	153.09500000000003	57.800000000000004
880	58	1	27.535	124.715
880	59	1	136.55499999999995	49.344999999999985
880	60	1	80.57000000000006	143.42000000000002
880	61	1	140.94999999999996	175.25499999999997
880	62	1	64.33999999999999	168.0649999999999
880	63	1	148.92000000000002	37.90499999999999
880	64	1	110.74500000000002	70.13999999999996
880	65	1	169.11557788944734	142.40201005025125
880	66	1	163.40999999999994	52.19000000000002
880	67	1	45.61000000000002	142.34999999999997
880	68	1	106.545	46.375
880	69	1	64.74999999999997	142.52999999999997
880	70	1	21.00499999999999	35.375
880	71	1	32.04975124378108	29.407960199004975
880	72	1	140.74874371859292	31.080402010050243
880	73	1	139.82499999999987	64.025
880	74	1	156.8200000000001	170.4649999999999
880	75	1	13.90049751243781	117.33333333333331
880	76	1	68.16915422885569	117.71144278606965
880	77	1	115.60199004975127	160.71641791044777
880	78	1	8.924999999999999	172.11999999999995
880	79	1	154.12060301507537	79.25125628140702
880	80	1	28.60606060606061	197.85353535353553
880	81	1	29.96999999999999	182.7999999999999
880	82	1	108.775	147.25
880	83	1	55.73366834170855	133.3819095477388
880	84	1	138.86432160804017	119.78894472361813
880	85	1	68.62000000000006	180.59499999999994
880	86	1	19.21890547263681	1.5621890547263682
880	87	1	148.96	112.90000000000003
880	88	1	199.51243781094527	179.41791044776127
880	89	1	113.73499999999997	52.415000000000006
880	90	1	182.14000000000001	143.94000000000003
880	91	1	176.93	65.76000000000003
880	92	1	53.945	176.16000000000003
880	93	1	121.52763819095482	173.678391959799
880	94	1	116.74129353233832	82.88557213930348
880	95	1	195.990099009901	148.18316831683168
880	96	1	31.30845771144278	173.01492537313442
880	97	1	159.865	179.23000000000005
880	98	1	116.96482412060304	26.477386934673373
880	99	1	121.03499999999995	60.275000000000006
890	1	2	10.141414141414144	9.616161616161618
890	2	2	10.270833333333334	40.270833333333314
890	3	2	9.81	70.12000000000003
890	4	2	10.000000000000004	100
890	5	2	10.141414141414144	129.85858585858588
890	6	2	10.383838383838384	160.14141414141415
890	7	2	9.879999999999997	189.88
890	8	2	40.12000000000002	10.12
890	9	2	40.12000000000002	39.88
890	10	2	40.02000000000001	69.71999999999996
890	11	2	40.14141414141414	99.85858585858581
890	12	2	40.12000000000002	129.88
890	13	2	40.126315789473686	160.6105263157894
890	14	2	39.92999999999998	189.99999999999991
890	15	2	70.12	10.12
890	16	2	70.19999999999996	39.94999999999999
890	17	2	70.04	69.87999999999995
890	18	2	70.07000000000002	100.18
890	19	2	69.88000000000001	129.88
890	20	2	70.26086956521739	160.50000000000006
890	21	2	69.8494623655914	190.15053763440852
890	22	2	100.3838383838384	9.85858585858586
890	23	2	99.38947368421054	39.87368421052632
890	24	2	99.87368421052632	70.61052631578951
890	25	2	100.06	100.14000000000003
890	26	2	100.11999999999999	129.87000000000003
890	27	2	100.12	160.11999999999992
890	28	2	99.85858585858585	190.3838383838383
890	29	2	129.87999999999997	10.12
890	30	2	129.87999999999997	40.120000000000005
890	31	2	129.61616161616163	70.14141414141416
890	32	2	130.1414141414141	99.61616161616158
890	33	2	129.49999999999997	129.99999999999991
890	34	2	129.84946236559145	160.15053763440852
890	35	2	130.12	190.11999999999992
890	36	2	159.73000000000005	10.159999999999998
890	37	2	159.92000000000002	40.29
890	38	2	159.99999999999994	69.79
890	39	2	159.90000000000006	99.84
890	40	2	159.69999999999996	130.14000000000001
890	41	2	159.77000000000004	159.85999999999996
890	42	2	159.87999999999997	190.11999999999998
890	43	2	190.19999999999996	10.330000000000005
890	44	2	190.30851063829783	39.436170212765965
890	45	2	190.04999999999993	69.93
890	46	2	190.19	99.83000000000001
890	47	2	190.1199999999999	129.88
890	48	2	189.61616161616163	159.85858585858585
890	49	2	190.03999999999996	189.88000000000008
890	50	1	48.89054726368158	107.96517412935324
890	51	1	48.05499999999997	165.96499999999992
890	52	1	164.30500000000004	108.91
890	53	1	28.059701492537318	137.8059701492538
890	54	1	33.16499999999999	114.53999999999999
890	55	1	23.741293532338318	163.96517412935322
890	56	1	59.482587064676615	110.76616915422889
890	57	1	152.84924623115577	57.623115577889465
890	58	1	26.87939698492463	124.40201005025123
890	59	1	135.6733668341707	49.53768844221107
890	60	1	80.82999999999996	142.9350000000001
890	61	1	139.39800995024876	175.2437810945274
890	62	1	64.6381909547739	168.11557788944742
890	63	1	148.87000000000003	38.43499999999998
890	64	1	111.52499999999999	70.64500000000005
890	65	1	170.85499999999996	141.70000000000005
890	66	1	163.45500000000004	52.255
890	67	1	44.98492462311559	142.391959798995
890	68	1	106.82500000000005	46.31000000000002
890	69	1	64.86999999999999	142.54000000000002
890	70	1	21.238805970149254	33.721393034825844
890	71	1	33.29500000000001	29.64500000000001
890	72	1	140.95477386934672	31.427135678391956
890	73	1	139.71499999999995	63.89500000000001
890	74	1	156.73000000000002	170.74499999999992
890	75	1	13.100502512562814	117.035175879397
890	76	1	68.00995024875625	117.18905472636816
890	77	1	115.97500000000001	162.19000000000003
890	78	1	10.080402010050252	173.6884422110553
890	79	1	154.44723618090453	78.86934673366832
890	80	1	28.86567164179105	198.81094527363194
890	81	1	30.075000000000014	183.20999999999992
890	82	1	110.21999999999998	148.775
890	83	1	55.06000000000002	133.32000000000002
890	84	1	140.2549999999999	120.66499999999998
890	85	1	68.15577889447238	180.62814070351752
890	86	1	18.58793969849247	0.7788944723618092
890	87	1	149.26000000000008	113.04499999999994
890	88	1	198.75124378109453	177.6766169154229
890	89	1	113.41708542713572	52.62311557788942
890	90	1	182.80999999999995	144.48000000000005
890	91	1	177.42288557213925	65.10945273631843
890	92	1	53.809999999999995	176.05000000000007
890	93	1	122.49999999999997	174.79500000000004
890	94	1	115.37500000000004	84.705
890	95	1	197.32	148.44500000000002
890	96	1	31.44500000000001	173.12
890	97	1	159.3950000000001	179.38000000000005
890	98	1	117.10499999999999	26.17
890	99	1	120.28500000000003	60.615000000000016
900	1	2	10.141414141414144	9.616161616161618
900	2	2	10.270833333333334	40.270833333333314
900	3	2	9.81	70.12000000000003
900	4	2	10.000000000000004	100
900	5	2	10.141414141414144	129.85858585858588
900	6	2	10.383838383838384	160.14141414141415
900	7	2	9.879999999999997	189.88
900	8	2	40.12000000000002	10.12
900	9	2	40.12000000000002	39.88
900	10	2	40.02000000000001	69.71999999999996
900	11	2	40.14141414141414	99.85858585858581
900	12	2	40.12000000000002	129.88
900	13	2	40.126315789473686	160.6105263157894
900	14	2	39.92999999999998	189.99999999999991
900	15	2	70.12	10.12
900	16	2	70.19999999999996	39.94999999999999
900	17	2	70.04	69.87999999999995
900	18	2	70.07000000000002	100.18
900	19	2	69.88000000000001	129.88
900	20	2	70.26086956521739	160.50000000000006
900	21	2	69.8494623655914	190.15053763440852
900	22	2	100.3838383838384	9.85858585858586
900	23	2	99.38947368421054	39.87368421052632
900	24	2	99.87368421052632	70.61052631578951
900	25	2	100.06	100.14000000000003
900	26	2	100.11999999999999	129.87000000000003
900	27	2	100.12	160.11999999999992
900	28	2	99.85858585858585	190.3838383838383
900	29	2	129.87999999999997	10.12
900	30	2	129.87999999999997	40.120000000000005
900	31	2	129.61616161616163	70.14141414141416
900	32	2	130.1414141414141	99.61616161616158
900	33	2	129.49999999999997	129.99999999999991
900	34	2	129.84946236559145	160.15053763440852
900	35	2	130.12	190.11999999999992
900	36	2	159.73000000000005	10.159999999999998
900	37	2	159.92000000000002	40.29
900	38	2	159.99999999999994	69.79
900	39	2	159.90000000000006	99.84
900	40	2	159.69999999999996	130.14000000000001
900	41	2	159.77000000000004	159.85999999999996
900	42	2	159.87999999999997	190.11999999999998
900	43	2	190.19999999999996	10.330000000000005
900	44	2	190.30851063829783	39.436170212765965
900	45	2	190.04999999999993	69.93
900	46	2	190.19	99.83000000000001
900	47	2	190.1199999999999	129.88
900	48	2	189.61616161616163	159.85858585858585
900	49	2	190.03999999999996	189.88000000000008
900	50	1	49.30999999999999	108.01000000000002
900	51	1	48.27	165.67999999999998
900	52	1	164.71859296482413	108.78391959799002
900	53	1	27.154999999999998	138.10500000000013
900	54	1	33.035	114.58500000000002
900	55	1	23.040000000000003	164.4399999999999
900	56	1	59.58500000000001	110.44999999999995
900	57	1	152.42499999999995	57.614999999999995
900	58	1	26.52500000000001	124.09999999999995
900	59	1	134.82999999999996	49.99999999999999
900	60	1	81.31500000000003	142.65000000000012
900	61	1	138.76381909547737	175.70351758793973
900	62	1	64.44	168.20499999999996
900	63	1	149.09547738693468	38.68341708542712
900	64	1	112.34500000000003	71.59500000000003
900	65	1	172.3349999999999	140.99999999999994
900	66	1	162.78391959799006	52.08040201005026
900	67	1	43.95522388059701	142.35820895522386
900	68	1	106.94000000000007	46.41499999999999
900	69	1	65.05499999999999	142.735
900	70	1	22	32.84577114427859
900	71	1	34.63500000000001	29.694999999999993
900	72	1	141.0954773869347	32.17587939698493
900	73	1	139.90000000000003	63.755
900	74	1	155.68999999999994	170.70500000000007
900	75	1	12.2139303482587	116.99004975124377
900	76	1	68.48258706467658	116.53731343283579
900	77	1	116.755	163.56500000000003
900	78	1	11.200000000000001	175.1
900	79	1	154.65500000000003	78.91500000000002
900	80	1	29.090000000000014	199.36999999999998
900	81	1	30.055276381909547	183.29145728643226
900	82	1	111.04499999999999	150.35000000000002
900	83	1	54.57000000000003	133.72500000000008
900	84	1	141.57499999999996	121.79500000000002
900	85	1	67.80000000000003	180.65500000000003
900	86	1	18.54500000000001	199.805
900	87	1	149.67000000000002	113.24500000000002
900	88	1	197.82914572864323	175.5879396984924
900	89	1	113.3366834170855	52.77386934673368
900	90	1	183.8009950248756	145.134328358209
900	91	1	177.39499999999998	63.925
900	92	1	53.27999999999999	176.59000000000006
900	93	1	123.345	175.68999999999986
900	94	1	113.95522388059705	86.11940298507464
900	95	1	199.345	148.83999999999997
900	96	1	31.14999999999999	173.06500000000005
900	97	1	159.3	179.26999999999995
900	98	1	117.05	26.060000000000013
900	99	1	119.55000000000003	60.82
910	1	2	10.141414141414144	9.616161616161618
910	2	2	10.270833333333334	40.270833333333314
910	3	2	9.81	70.12000000000003
910	4	2	10.000000000000004	100
910	5	2	10.141414141414144	129.85858585858588
910	6	2	10.383838383838384	160.14141414141415
910	7	2	9.879999999999997	189.88
910	8	2	40.12000000000002	10.12
910	9	2	40.12000000000002	39.88
910	10	2	40.02000000000001	69.71999999999996
910	11	2	40.14141414141414	99.85858585858581
910	12	2	40.12000000000002	129.88
910	13	2	40.126315789473686	160.6105263157894
910	14	2	39.92999999999998	189.99999999999991
910	15	2	70.12	10.12
910	16	2	70.19999999999996	39.94999999999999
910	17	2	70.04	69.87999999999995
910	18	2	70.07000000000002	100.18
910	19	2	69.88000000000001	129.88
910	20	2	70.26086956521739	160.50000000000006
910	21	2	69.8494623655914	190.15053763440852
910	22	2	100.3838383838384	9.85858585858586
910	23	2	99.38947368421054	39.87368421052632
910	24	2	99.87368421052632	70.61052631578951
910	25	2	100.06	100.14000000000003
910	26	2	100.11999999999999	129.87000000000003
910	27	2	100.12	160.11999999999992
910	28	2	99.85858585858585	190.3838383838383
910	29	2	129.87999999999997	10.12
910	30	2	129.87999999999997	40.120000000000005
910	31	2	129.61616161616163	70.14141414141416
910	32	2	130.1414141414141	99.61616161616158
910	33	2	129.49999999999997	129.99999999999991
910	34	2	129.84946236559145	160.15053763440852
910	35	2	130.12	190.11999999999992
910	36	2	159.73000000000005	10.159999999999998
910	37	2	159.92000000000002	40.29
910	38	2	159.99999999999994	69.79
910	39	2	159.90000000000006	99.84
910	40	2	159.69999999999996	130.14000000000001
910	41	2	159.77000000000004	159.85999999999996
910	42	2	159.87999999999997	190.11999999999998
910	43	2	190.19999999999996	10.330000000000005
910	44	2	190.30851063829783	39.436170212765965
910	45	2	190.04999999999993	69.93
910	46	2	190.19	99.83000000000001
910	47	2	190.1199999999999	129.88
910	48	2	189.61616161616163	159.85858585858585
910	49	2	190.03999999999996	189.88000000000008
910	50	1	49.61306532663317	107.98994974874373
910	51	1	48.46000000000003	165.28500000000014
910	52	1	164.76884422110552	108.95477386934672
910	53	1	25.860000000000014	137.915
910	54	1	32.83500000000001	114.59999999999994
910	55	1	21.597989949748744	165.33668341708542
910	56	1	59.648241206030136	110.31155778894471
910	57	1	152.16080402010056	57.58291457286433
910	58	1	26.6	124.08999999999993
910	59	1	134.1999999999998	50.43000000000001
910	60	1	81.75999999999996	142.45499999999998
910	61	1	137.79499999999996	175.48499999999999
910	62	1	63.94974874371856	168.32663316582912
910	63	1	149.0500000000002	38.88000000000001
910	64	1	112.92999999999994	72.96499999999997
910	65	1	173.97029702970292	140.33663366336646
910	66	1	162.755	52.42000000000005
910	67	1	43.17085427135677	142.1105527638191
910	68	1	107.17500000000004	46.41999999999999
910	69	1	65.39698492462315	142.82412060301507
910	70	1	22.679999999999993	31.604999999999997
910	71	1	35.93000000000001	29.729999999999997
910	72	1	141.13000000000002	32.799999999999976
910	73	1	140.23499999999999	63.65500000000002
910	74	1	154.05500000000004	170.76500000000001
910	75	1	11.484999999999998	117.29000000000005
910	76	1	69.22499999999998	115.59500000000006
910	77	1	117.55276381909553	165.42211055276377
910	78	1	11.737623762376238	176.23267326732676
910	79	1	154.43781094527358	78.97512437810946
910	80	1	28.83500000000002	199.62000000000015
910	81	1	30.11442786069652	183.57711442786066
910	82	1	111.62500000000003	151.675
910	83	1	54.15999999999999	133.99500000000006
910	84	1	142.86499999999995	122.71000000000002
910	85	1	67.75500000000002	180.51499999999993
910	86	1	18.18592964824121	199.05527638190955
910	87	1	149.6633165829146	113.49748743718592
910	88	1	196.9452736318408	173.9701492537313
910	89	1	113.07000000000001	53.129999999999974
910	90	1	185.17500000000015	145.84999999999997
910	91	1	177.70351758793973	62.75879396984924
910	92	1	52.37000000000001	176.9449999999999
910	93	1	123.63000000000002	176.745
910	94	1	113.5671641791045	87.31840796019902
910	95	1	1.31	148.57
910	96	1	31.169154228855728	172.66666666666663
910	97	1	158.90404040404053	179.13131313131305
910	98	1	116.895	26.230000000000004
910	99	1	118.55223880597019	60.96019900497511
920	1	2	10.141414141414144	9.616161616161618
920	2	2	10.270833333333334	40.270833333333314
920	3	2	9.81	70.12000000000003
920	4	2	10.000000000000004	100
920	5	2	10.141414141414144	129.85858585858588
920	6	2	10.383838383838384	160.14141414141415
920	7	2	9.879999999999997	189.88
920	8	2	40.12000000000002	10.12
920	9	2	40.12000000000002	39.88
920	10	2	40.02000000000001	69.71999999999996
920	11	2	40.14141414141414	99.85858585858581
920	12	2	40.12000000000002	129.88
920	13	2	40.126315789473686	160.6105263157894
920	14	2	39.92999999999998	189.99999999999991
920	15	2	70.12	10.12
920	16	2	70.19999999999996	39.94999999999999
920	17	2	70.04	69.87999999999995
920	18	2	70.07000000000002	100.18
920	19	2	69.88000000000001	129.88
920	20	2	70.26086956521739	160.50000000000006
920	21	2	69.8494623655914	190.15053763440852
920	22	2	100.3838383838384	9.85858585858586
920	23	2	99.38947368421054	39.87368421052632
920	24	2	99.87368421052632	70.61052631578951
920	25	2	100.06	100.14000000000003
920	26	2	100.11999999999999	129.87000000000003
920	27	2	100.12	160.11999999999992
920	28	2	99.85858585858585	190.3838383838383
920	29	2	129.87999999999997	10.12
920	30	2	129.87999999999997	40.120000000000005
920	31	2	129.61616161616163	70.14141414141416
920	32	2	130.1414141414141	99.61616161616158
920	33	2	129.49999999999997	129.99999999999991
920	34	2	129.84946236559145	160.15053763440852
920	35	2	130.12	190.11999999999992
920	36	2	159.73000000000005	10.159999999999998
920	37	2	159.92000000000002	40.29
920	38	2	159.99999999999994	69.79
920	39	2	159.90000000000006	99.84
920	40	2	159.69999999999996	130.14000000000001
920	41	2	159.77000000000004	159.85999999999996
920	42	2	159.87999999999997	190.11999999999998
920	43	2	190.19999999999996	10.330000000000005
920	44	2	190.30851063829783	39.436170212765965
920	45	2	190.04999999999993	69.93
920	46	2	190.19	99.83000000000001
920	47	2	190.1199999999999	129.88
920	48	2	189.61616161616163	159.85858585858585
920	49	2	190.03999999999996	189.88000000000008
920	50	1	49.99502487562188	107.9253731343284
920	51	1	48.389999999999986	165.56499999999994
920	52	1	164.73000000000005	109.12999999999997
920	53	1	24.09500000000001	138.3700000000001
920	54	1	32.47	114.43999999999996
920	55	1	20.694999999999993	165.70500000000004
920	56	1	59.744999999999976	110.38500000000002
920	57	1	152.005	57.57500000000001
920	58	1	26.410000000000018	123.97500000000001
920	59	1	133.81500000000008	50.80000000000001
920	60	1	82.24500000000002	142.605
920	61	1	136.91959798994964	175.45728643216069
920	62	1	63.174129353233845	168.31840796019912
920	63	1	149.06999999999994	38.92499999999998
920	64	1	113.99004975124382	74.26865671641791
920	65	1	175.03482587064673	140.57213930348266
920	66	1	162.66	52.789999999999964
920	67	1	42.305000000000014	142.04500000000004
920	68	1	107.50753768844224	46.256281407035196
920	69	1	65.70000000000002	142.89999999999995
920	70	1	23.9	30.409999999999993
920	71	1	37.014925373134346	29.835820895522378
920	72	1	141.22000000000008	33.350000000000044
920	73	1	140.625	63.570000000000036
920	74	1	152.36999999999995	170.905
920	75	1	10.54	117.53999999999995
920	76	1	69.745	115.41999999999999
920	77	1	118.19999999999997	166.80499999999995
920	78	1	12.550000000000006	177.0150000000001
920	79	1	154.05500000000006	78.925
920	80	1	28.870000000000005	199.93499999999995
920	81	1	29.504999999999992	183.79500000000007
920	82	1	112.74129353233837	153.0895522388059
920	83	1	53.71999999999997	134.34
920	84	1	143.52499999999986	123.74999999999996
920	85	1	67.56783919597997	180.45728643216088
920	86	1	18.46499999999999	198.62
920	87	1	149.33499999999998	113.63000000000005
920	88	1	196.52238805970148	172.4577114427862
920	89	1	113.00999999999999	53.28999999999998
920	90	1	187.13432835820893	146.32338308457707
920	91	1	177.72500000000005	60.50999999999999
920	92	1	51.58793969849245	177.48743718592968
920	93	1	123.87437185929649	177.78894472361796
920	94	1	114.11442786069655	87.91044776119408
920	95	1	3.8499999999999983	147.70499999999998
920	96	1	31.135678391959807	172.3869346733669
920	97	1	158.53731343283576	179.044776119403
920	98	1	116.73631840796017	26.278606965174113
920	99	1	117.95522388059696	61.139303482587074
930	1	2	10.141414141414144	9.616161616161618
930	2	2	10.270833333333334	40.270833333333314
930	3	2	9.81	70.12000000000003
930	4	2	10.000000000000004	100
930	5	2	10.141414141414144	129.85858585858588
930	6	2	10.383838383838384	160.14141414141415
930	7	2	9.879999999999997	189.88
930	8	2	40.12000000000002	10.12
930	9	2	40.12000000000002	39.88
930	10	2	40.02000000000001	69.71999999999996
930	11	2	40.14141414141414	99.85858585858581
930	12	2	40.12000000000002	129.88
930	13	2	40.126315789473686	160.6105263157894
930	14	2	39.92999999999998	189.99999999999991
930	15	2	70.12	10.12
930	16	2	70.19999999999996	39.94999999999999
930	17	2	70.04	69.87999999999995
930	18	2	70.07000000000002	100.18
930	19	2	69.88000000000001	129.88
930	20	2	70.26086956521739	160.50000000000006
930	21	2	69.8494623655914	190.15053763440852
930	22	2	100.3838383838384	9.85858585858586
930	23	2	99.38947368421054	39.87368421052632
930	24	2	99.87368421052632	70.61052631578951
930	25	2	100.06	100.14000000000003
930	26	2	100.11999999999999	129.87000000000003
930	27	2	100.12	160.11999999999992
930	28	2	99.85858585858585	190.3838383838383
930	29	2	129.87999999999997	10.12
930	30	2	129.87999999999997	40.120000000000005
930	31	2	129.61616161616163	70.14141414141416
930	32	2	130.1414141414141	99.61616161616158
930	33	2	129.49999999999997	129.99999999999991
930	34	2	129.84946236559145	160.15053763440852
930	35	2	130.12	190.11999999999992
930	36	2	159.73000000000005	10.159999999999998
930	37	2	159.92000000000002	40.29
930	38	2	159.99999999999994	69.79
930	39	2	159.90000000000006	99.84
930	40	2	159.69999999999996	130.14000000000001
930	41	2	159.77000000000004	159.85999999999996
930	42	2	159.87999999999997	190.11999999999998
930	43	2	190.19999999999996	10.330000000000005
930	44	2	190.30851063829783	39.436170212765965
930	45	2	190.04999999999993	69.93
930	46	2	190.19	99.83000000000001
930	47	2	190.1199999999999	129.88
930	48	2	189.61616161616163	159.85858585858585
930	49	2	190.03999999999996	189.88000000000008
930	50	1	49.96999999999999	107.90500000000003
930	51	1	48.295	165.52500000000003
930	52	1	164.1599999999999	109.65499999999999
930	53	1	22.613065326633166	138.33165829145733
930	54	1	32.37999999999998	114.24499999999996
930	55	1	19.529999999999994	166.63999999999996
930	56	1	59.815	110.46999999999997
930	57	1	152.63819095477388	57.80904522613067
930	58	1	26.114999999999995	123.63499999999998
930	59	1	133.53499999999997	51.415
930	60	1	83.14499999999997	143.06499999999997
930	61	1	136.55499999999998	175.78500000000003
930	62	1	62.38805970149257	168.57213930348254
930	63	1	149.20000000000007	39.03499999999999
930	64	1	114.29648241206036	74.9798994974875
930	65	1	176.38500000000002	140.72499999999997
930	66	1	162.4799999999999	52.97
930	67	1	41.422885572139315	142.08955223880596
930	68	1	107.77000000000001	46.09
930	69	1	65.78499999999997	142.91999999999996
930	70	1	24.815000000000012	29.999999999999993
930	71	1	38.169999999999995	29.95
930	72	1	141.24000000000004	34.13500000000001
930	73	1	141.60500000000005	63.625
930	74	1	150.99999999999997	170.37499999999983
930	75	1	9.527638190954775	117.6884422110553
930	76	1	70.91044776119405	114.79601990049748
930	77	1	118.625	167.82500000000002
930	78	1	12.477386934673362	177.72361809045228
930	79	1	152.39195979899492	78.1507537688443
930	80	1	28.879999999999985	0.2549999999999102
930	81	1	29.049751243781092	183.97014925373136
930	82	1	114.36	154.16499999999996
930	83	1	53.01507537688442	134.80904522613065
930	84	1	144.15000000000003	124.75000000000004
930	85	1	68.07999999999998	180.25500000000005
930	86	1	18.3989898989899	198.16666666666666
930	87	1	148.71499999999997	113.70500000000006
930	88	1	196.195	171.86999999999992
930	89	1	113.0150753768844	53.321608040200985
930	90	1	189.47000000000003	146.09500000000006
930	91	1	177.88557213930355	58.656716417910474
930	92	1	50.81407035175882	178.02512562814056
930	93	1	123.68844221105529	178.84924623115597
930	94	1	114.28855721393037	88.03482587064674
930	95	1	5.710000000000002	146.58500000000006
930	96	1	30.99499999999999	172.01
930	97	1	157.70999999999992	178.59499999999997
930	98	1	116.54000000000005	25.99000000000001
930	99	1	117.42499999999994	61.42499999999999
940	1	2	10.141414141414144	9.616161616161618
940	2	2	10.270833333333334	40.270833333333314
940	3	2	9.81	70.12000000000003
940	4	2	10.000000000000004	100
940	5	2	10.141414141414144	129.85858585858588
940	6	2	10.383838383838384	160.14141414141415
940	7	2	9.879999999999997	189.88
940	8	2	40.12000000000002	10.12
940	9	2	40.12000000000002	39.88
940	10	2	40.02000000000001	69.71999999999996
940	11	2	40.14141414141414	99.85858585858581
940	12	2	40.12000000000002	129.88
940	13	2	40.126315789473686	160.6105263157894
940	14	2	39.92999999999998	189.99999999999991
940	15	2	70.12	10.12
940	16	2	70.19999999999996	39.94999999999999
940	17	2	70.04	69.87999999999995
940	18	2	70.07000000000002	100.18
940	19	2	69.88000000000001	129.88
940	20	2	70.26086956521739	160.50000000000006
940	21	2	69.8494623655914	190.15053763440852
940	22	2	100.3838383838384	9.85858585858586
940	23	2	99.38947368421054	39.87368421052632
940	24	2	99.87368421052632	70.61052631578951
940	25	2	100.06	100.14000000000003
940	26	2	100.11999999999999	129.87000000000003
940	27	2	100.12	160.11999999999992
940	28	2	99.85858585858585	190.3838383838383
940	29	2	129.87999999999997	10.12
940	30	2	129.87999999999997	40.120000000000005
940	31	2	129.61616161616163	70.14141414141416
940	32	2	130.1414141414141	99.61616161616158
940	33	2	129.49999999999997	129.99999999999991
940	34	2	129.84946236559145	160.15053763440852
940	35	2	130.12	190.11999999999992
940	36	2	159.73000000000005	10.159999999999998
940	37	2	159.92000000000002	40.29
940	38	2	159.99999999999994	69.79
940	39	2	159.90000000000006	99.84
940	40	2	159.69999999999996	130.14000000000001
940	41	2	159.77000000000004	159.85999999999996
940	42	2	159.87999999999997	190.11999999999998
940	43	2	190.19999999999996	10.330000000000005
940	44	2	190.30851063829783	39.436170212765965
940	45	2	190.04999999999993	69.93
940	46	2	190.19	99.83000000000001
940	47	2	190.1199999999999	129.88
940	48	2	189.61616161616163	159.85858585858585
940	49	2	190.03999999999996	189.88000000000008
940	50	1	49.905	107.82000000000001
940	51	1	48.444999999999986	165.25999999999996
940	52	1	163.9353233830845	110.06965174129347
940	53	1	21.343283582089562	138.17412935323384
940	54	1	32.24120603015074	114.27638190954774
940	55	1	19.255	166.99500000000003
940	56	1	59.73366834170855	110.94974874371852
940	57	1	152.3919597989951	57.909547738693455
940	58	1	25.895000000000017	123.38500000000002
940	59	1	133.11055276381904	51.98492462311556
940	60	1	84.395	143.02999999999997
940	61	1	136.84000000000003	175.97000000000006
940	62	1	62.32663316582912	168.64824120603018
940	63	1	149.145	39.47
940	64	1	115.3065326633166	76.10552763819089
940	65	1	178.10447761194024	141.60696517412921
940	66	1	162.42000000000007	53.165
940	67	1	40.75500000000001	141.97499999999997
940	68	1	108.05000000000004	45.834999999999994
940	69	1	66.11499999999994	143.115
940	70	1	26.09045226130654	29.839195979899497
940	71	1	39.77000000000001	29.43999999999999
940	72	1	141.03999999999994	35.03000000000001
940	73	1	143.1557788944723	64.32160804020104
940	74	1	150.58793969849248	170.0854271356784
940	75	1	8.42	117.81500000000003
940	76	1	71.81499999999994	114.41500000000005
940	77	1	118.82500000000007	168.70499999999996
940	78	1	12.527363184079595	178.16417910447763
940	79	1	151.32999999999996	78.335
940	80	1	28.934999999999995	0.9400000000000003
940	81	1	28.935000000000002	184.12500000000003
940	82	1	116.17999999999996	155.09000000000006
940	83	1	53.21500000000002	135.16
940	84	1	145.03499999999994	125.55499999999999
940	85	1	67.57	179.82999999999987
940	86	1	18.63	197.655
940	87	1	148.07999999999998	113.97500000000007
940	88	1	196.9	171.31499999999994
940	89	1	112.84924623115572	53.5678391959799
940	90	1	192.42713567839195	145.63316582914575
940	91	1	177.57213930348263	56.21890547263684
940	92	1	49.58793969849246	178.22613065326635
940	93	1	123.61500000000004	179.505
940	94	1	114.80000000000004	88.395
940	95	1	7.315000000000001	145.9949999999999
940	96	1	30.92000000000001	171.13499999999988
940	97	1	157.78894472361816	178.25628140703512
940	98	1	115.56999999999991	25.849999999999994
940	99	1	116.84079601990048	61.96019900497514
950	1	2	10.141414141414144	9.616161616161618
950	2	2	10.270833333333334	40.270833333333314
950	3	2	9.81	70.12000000000003
950	4	2	10.000000000000004	100
950	5	2	10.141414141414144	129.85858585858588
950	6	2	10.383838383838384	160.14141414141415
950	7	2	9.879999999999997	189.88
950	8	2	40.12000000000002	10.12
950	9	2	40.12000000000002	39.88
950	10	2	40.02000000000001	69.71999999999996
950	11	2	40.14141414141414	99.85858585858581
950	12	2	40.12000000000002	129.88
950	13	2	40.126315789473686	160.6105263157894
950	14	2	39.92999999999998	189.99999999999991
950	15	2	70.12	10.12
950	16	2	70.19999999999996	39.94999999999999
950	17	2	70.04	69.87999999999995
950	18	2	70.07000000000002	100.18
950	19	2	69.88000000000001	129.88
950	20	2	70.26086956521739	160.50000000000006
950	21	2	69.8494623655914	190.15053763440852
950	22	2	100.3838383838384	9.85858585858586
950	23	2	99.38947368421054	39.87368421052632
950	24	2	99.87368421052632	70.61052631578951
950	25	2	100.06	100.14000000000003
950	26	2	100.11999999999999	129.87000000000003
950	27	2	100.12	160.11999999999992
950	28	2	99.85858585858585	190.3838383838383
950	29	2	129.87999999999997	10.12
950	30	2	129.87999999999997	40.120000000000005
950	31	2	129.61616161616163	70.14141414141416
950	32	2	130.1414141414141	99.61616161616158
950	33	2	129.49999999999997	129.99999999999991
950	34	2	129.84946236559145	160.15053763440852
950	35	2	130.12	190.11999999999992
950	36	2	159.73000000000005	10.159999999999998
950	37	2	159.92000000000002	40.29
950	38	2	159.99999999999994	69.79
950	39	2	159.90000000000006	99.84
950	40	2	159.69999999999996	130.14000000000001
950	41	2	159.77000000000004	159.85999999999996
950	42	2	159.87999999999997	190.11999999999998
950	43	2	190.19999999999996	10.330000000000005
950	44	2	190.30851063829783	39.436170212765965
950	45	2	190.04999999999993	69.93
950	46	2	190.19	99.83000000000001
950	47	2	190.1199999999999	129.88
950	48	2	189.61616161616163	159.85858585858585
950	49	2	190.03999999999996	189.88000000000008
950	50	1	49.86499999999999	107.67499999999995
950	51	1	48.46500000000004	165.31500000000003
950	52	1	163.70351758793976	111.09045226130657
950	53	1	20.65671641791045	137.57711442786066
950	54	1	32.005025125628144	114.19095477386928
950	55	1	18.661616161616156	167.53030303030303
950	56	1	59.77889447236181	111.34170854271356
950	57	1	152.17500000000004	57.824999999999996
950	58	1	25.641791044776124	122.92039800995028
950	59	1	132.48000000000016	52.620000000000005
950	60	1	85.75879396984924	143.13065326633162
950	61	1	137.27135678391954	176.75879396984925
950	62	1	62.05500000000001	168.80499999999998
950	63	1	148.89447236180908	39.889447236180885
950	64	1	115.72500000000001	77.29000000000005
950	65	1	179.6417910447761	142.8756218905472
950	66	1	162.80500000000004	53.64500000000003
950	67	1	39.900000000000006	141.81500000000008
950	68	1	108.44776119402987	45.61691542288556
950	69	1	66.95499999999996	143.15000000000003
950	70	1	27.624999999999993	29.630000000000003
950	71	1	41.285000000000004	29.1
950	72	1	140.75499999999997	35.679999999999986
950	73	1	143.78000000000003	64.755
950	74	1	149.44499999999996	169.895
950	75	1	7.339999999999997	118.04000000000002
950	76	1	72.72999999999995	114.44999999999996
950	77	1	119.28499999999998	169.60999999999993
950	78	1	12.160804020100505	178.47738693467338
950	79	1	149.8793969849247	77.69346733668343
950	80	1	28.63819095477387	1.1809045226130648
950	81	1	28.472361809045225	183.95477386934658
950	82	1	117.18905472636818	155.68159203980105
950	83	1	53.3	135.64000000000004
950	84	1	146.28358208955217	125.99502487562195
950	85	1	67.57499999999999	179.655
950	86	1	18.793969849246242	197.5075376884422
950	87	1	147.06999999999994	114.14000000000001
950	88	1	198.33830845771143	170.60199004975124
950	89	1	113.25500000000001	53.480000000000004
950	90	1	193.985	145.22000000000003
950	91	1	177.30845771144263	54.30348258706469
950	92	1	48.71000000000001	178.3949999999999
950	93	1	123.66499999999999	180.235
950	94	1	114.91500000000003	88.51000000000005
950	95	1	8.582089552238806	145.731343283582
950	96	1	30.71	169.97
950	97	1	157.93500000000003	177.89000000000004
950	98	1	114.80000000000004	25.58000000000001
950	99	1	115.89054726368161	63.0646766169154
960	1	2	10.141414141414144	9.616161616161618
960	2	2	10.270833333333334	40.270833333333314
960	3	2	9.81	70.12000000000003
960	4	2	10.000000000000004	100
960	5	2	10.141414141414144	129.85858585858588
960	6	2	10.383838383838384	160.14141414141415
960	7	2	9.879999999999997	189.88
960	8	2	40.12000000000002	10.12
960	9	2	40.12000000000002	39.88
960	10	2	40.02000000000001	69.71999999999996
960	11	2	40.14141414141414	99.85858585858581
960	12	2	40.12000000000002	129.88
960	13	2	40.126315789473686	160.6105263157894
960	14	2	39.92999999999998	189.99999999999991
960	15	2	70.12	10.12
960	16	2	70.19999999999996	39.94999999999999
960	17	2	70.04	69.87999999999995
960	18	2	70.07000000000002	100.18
960	19	2	69.88000000000001	129.88
960	20	2	70.26086956521739	160.50000000000006
960	21	2	69.8494623655914	190.15053763440852
960	22	2	100.3838383838384	9.85858585858586
960	23	2	99.38947368421054	39.87368421052632
960	24	2	99.87368421052632	70.61052631578951
960	25	2	100.06	100.14000000000003
960	26	2	100.11999999999999	129.87000000000003
960	27	2	100.12	160.11999999999992
960	28	2	99.85858585858585	190.3838383838383
960	29	2	129.87999999999997	10.12
960	30	2	129.87999999999997	40.120000000000005
960	31	2	129.61616161616163	70.14141414141416
960	32	2	130.1414141414141	99.61616161616158
960	33	2	129.49999999999997	129.99999999999991
960	34	2	129.84946236559145	160.15053763440852
960	35	2	130.12	190.11999999999992
960	36	2	159.73000000000005	10.159999999999998
960	37	2	159.92000000000002	40.29
960	38	2	159.99999999999994	69.79
960	39	2	159.90000000000006	99.84
960	40	2	159.69999999999996	130.14000000000001
960	41	2	159.77000000000004	159.85999999999996
960	42	2	159.87999999999997	190.11999999999998
960	43	2	190.19999999999996	10.330000000000005
960	44	2	190.30851063829783	39.436170212765965
960	45	2	190.04999999999993	69.93
960	46	2	190.19	99.83000000000001
960	47	2	190.1199999999999	129.88
960	48	2	189.61616161616163	159.85858585858585
960	49	2	190.03999999999996	189.88000000000008
960	50	1	49.979999999999976	107.5
960	51	1	48.55500000000001	165.30500000000006
960	52	1	163.08999999999986	112.35499999999996
960	53	1	20.61691542288557	136.82089552238816
960	54	1	32.22	114.23999999999997
960	55	1	18.785000000000007	167.3399999999999
960	56	1	59.72139303482588	111.49751243781094
960	57	1	152.01000000000002	57.92999999999999
960	58	1	25.60804020100502	122.76884422110554
960	59	1	131.75999999999982	53.37499999999998
960	60	1	86.89000000000004	143.155
960	61	1	137.81999999999996	177.54999999999995
960	62	1	61.82999999999997	169.11500000000007
960	63	1	148.54000000000005	40.379999999999995
960	64	1	116.72864321608037	78.13065326633168
960	65	1	181.71641791044775	144.28855721393037
960	66	1	162.83499999999998	53.765
960	67	1	38.85427135678392	141.6180904522614
960	68	1	108.87000000000002	45.34499999999999
960	69	1	67.51741293532338	143.13930348258714
960	70	1	29.253731343283583	29.522388059701484
960	71	1	43.004999999999995	28.75
960	72	1	140.4250000000001	36.445
960	73	1	144.27999999999992	65.34000000000006
960	74	1	148.80999999999995	169.77000000000012
960	75	1	6.57788944723618	118.37185929648247
960	76	1	73.50999999999995	114.43000000000006
960	77	1	119.33999999999997	170.47500000000008
960	78	1	11.470000000000002	178.4799999999999
960	79	1	148.73366834170855	77.50753768844223
960	80	1	28.724999999999994	1.0050000000000006
960	81	1	28.070000000000007	183.85500000000005
960	82	1	117.40499999999999	156.61999999999998
960	83	1	53.21500000000001	136.3600000000001
960	84	1	147.3084577114427	125.62189054726366
960	85	1	67.61809045226131	179.37185929648237
960	86	1	18.824999999999996	197.585
960	87	1	146.23499999999999	114.23500000000001
960	88	1	198.955	169.73999999999998
960	89	1	113.24	53.50000000000002
960	90	1	196	145.10945273631842
960	91	1	177.1044776119403	52.82587064676617
960	92	1	47.62311557788944	178.62311557788942
960	93	1	123.55499999999998	180.90499999999997
960	94	1	114.89447236180908	88.71356783919596
960	95	1	9.184999999999995	145.0099999999999
960	96	1	30.35820895522388	169.1243781094529
960	97	1	157.6550000000001	177.86999999999998
960	98	1	113.55223880597018	25.427860696517413
960	99	1	114.82587064676615	63.99502487562192
970	1	2	10.141414141414144	9.616161616161618
970	2	2	10.270833333333334	40.270833333333314
970	3	2	9.81	70.12000000000003
970	4	2	10.000000000000004	100
970	5	2	10.141414141414144	129.85858585858588
970	6	2	10.383838383838384	160.14141414141415
970	7	2	9.879999999999997	189.88
970	8	2	40.12000000000002	10.12
970	9	2	40.12000000000002	39.88
970	10	2	40.02000000000001	69.71999999999996
970	11	2	40.14141414141414	99.85858585858581
970	12	2	40.12000000000002	129.88
970	13	2	40.126315789473686	160.6105263157894
970	14	2	39.92999999999998	189.99999999999991
970	15	2	70.12	10.12
970	16	2	70.19999999999996	39.94999999999999
970	17	2	70.04	69.87999999999995
970	18	2	70.07000000000002	100.18
970	19	2	69.88000000000001	129.88
970	20	2	70.26086956521739	160.50000000000006
970	21	2	69.8494623655914	190.15053763440852
970	22	2	100.3838383838384	9.85858585858586
970	23	2	99.38947368421054	39.87368421052632
970	24	2	99.87368421052632	70.61052631578951
970	25	2	100.06	100.14000000000003
970	26	2	100.11999999999999	129.87000000000003
970	27	2	100.12	160.11999999999992
970	28	2	99.85858585858585	190.3838383838383
970	29	2	129.87999999999997	10.12
970	30	2	129.87999999999997	40.120000000000005
970	31	2	129.61616161616163	70.14141414141416
970	32	2	130.1414141414141	99.61616161616158
970	33	2	129.49999999999997	129.99999999999991
970	34	2	129.84946236559145	160.15053763440852
970	35	2	130.12	190.11999999999992
970	36	2	159.73000000000005	10.159999999999998
970	37	2	159.92000000000002	40.29
970	38	2	159.99999999999994	69.79
970	39	2	159.90000000000006	99.84
970	40	2	159.69999999999996	130.14000000000001
970	41	2	159.77000000000004	159.85999999999996
970	42	2	159.87999999999997	190.11999999999998
970	43	2	190.19999999999996	10.330000000000005
970	44	2	190.30851063829783	39.436170212765965
970	45	2	190.04999999999993	69.93
970	46	2	190.19	99.83000000000001
970	47	2	190.1199999999999	129.88
970	48	2	189.61616161616163	159.85858585858585
970	49	2	190.03999999999996	189.88000000000008
970	50	1	50.09452736318408	107.33830845771143
970	51	1	48.939698492462284	165.3467336683416
970	52	1	162.57999999999996	113.485
970	53	1	20.250000000000018	136.33999999999997
970	54	1	32.495000000000005	114.18500000000003
970	55	1	18.62814070351759	167.7336683417086
970	56	1	59.49500000000002	111.7
970	57	1	151.67000000000004	57.769999999999996
970	58	1	25.43	122.50499999999998
970	59	1	130.85427135678393	54.211055276381906
970	60	1	88.19500000000002	143.14999999999992
970	61	1	138.41999999999993	178.2300000000001
970	62	1	61.640000000000015	169.1699999999999
970	63	1	148.18999999999994	40.635000000000005
970	64	1	117.5628140703518	78.64824120603012
970	65	1	183.26368159203986	145.228855721393
970	66	1	162.87	53.865000000000016
970	67	1	38.00500000000003	141.6
970	68	1	109.37499999999997	44.86999999999999
970	69	1	68.66000000000001	143.25000000000006
970	70	1	30.587064676616908	28.995024875621894
970	71	1	44.67	29.04
970	72	1	140.3065326633166	37.01005025125629
970	73	1	144.50500000000005	65.63499999999999
970	74	1	147.89552238805962	169.6567164179105
970	75	1	6.189999999999997	118.36999999999999
970	76	1	74.28499999999997	114.545
970	77	1	119.64999999999999	170.77000000000012
970	78	1	10.829145728643221	178.46231155778898
970	79	1	147.7949999999999	77.23500000000003
970	80	1	28.704999999999995	1.5349999999999993
970	81	1	27.895000000000017	183.49500000000006
970	82	1	117.2713567839196	157.1758793969849
970	83	1	53.05500000000001	137.30999999999997
970	84	1	148.43216080402004	124.85929648241206
970	85	1	67.23499999999997	179.23499999999993
970	86	1	19.15499999999999	197.01
970	87	1	145.19999999999987	114.52500000000002
970	88	1	199.365	168.84000000000003
970	89	1	113.35499999999999	53.544999999999966
970	90	1	197.18	145.405
970	91	1	176.73366834170847	50.91959798994975
970	92	1	46.69500000000004	178.45999999999987
970	93	1	123.34	181.40500000000003
970	94	1	114.36000000000004	88.90999999999995
970	95	1	9.728643216080403	144.87939698492465
970	96	1	29.950000000000006	167.80000000000007
970	97	1	157.788944723618	177.64321608040203
970	98	1	111.98507462686567	24.930348258706474
970	99	1	114.09499999999998	65.26500000000004
980	1	2	10.141414141414144	9.616161616161618
980	2	2	10.270833333333334	40.270833333333314
980	3	2	9.81	70.12000000000003
980	4	2	10.000000000000004	100
980	5	2	10.141414141414144	129.85858585858588
980	6	2	10.383838383838384	160.14141414141415
980	7	2	9.879999999999997	189.88
980	8	2	40.12000000000002	10.12
980	9	2	40.12000000000002	39.88
980	10	2	40.02000000000001	69.71999999999996
980	11	2	40.14141414141414	99.85858585858581
980	12	2	40.12000000000002	129.88
980	13	2	40.126315789473686	160.6105263157894
980	14	2	39.92999999999998	189.99999999999991
980	15	2	70.12	10.12
980	16	2	70.19999999999996	39.94999999999999
980	17	2	70.04	69.87999999999995
980	18	2	70.07000000000002	100.18
980	19	2	69.88000000000001	129.88
980	20	2	70.26086956521739	160.50000000000006
980	21	2	69.8494623655914	190.15053763440852
980	22	2	100.3838383838384	9.85858585858586
980	23	2	99.38947368421054	39.87368421052632
980	24	2	99.87368421052632	70.61052631578951
980	25	2	100.06	100.14000000000003
980	26	2	100.11999999999999	129.87000000000003
980	27	2	100.12	160.11999999999992
980	28	2	99.85858585858585	190.3838383838383
980	29	2	129.87999999999997	10.12
980	30	2	129.87999999999997	40.120000000000005
980	31	2	129.61616161616163	70.14141414141416
980	32	2	130.1414141414141	99.61616161616158
980	33	2	129.49999999999997	129.99999999999991
980	34	2	129.84946236559145	160.15053763440852
980	35	2	130.12	190.11999999999992
980	36	2	159.73000000000005	10.159999999999998
980	37	2	159.92000000000002	40.29
980	38	2	159.99999999999994	69.79
980	39	2	159.90000000000006	99.84
980	40	2	159.69999999999996	130.14000000000001
980	41	2	159.77000000000004	159.85999999999996
980	42	2	159.87999999999997	190.11999999999998
980	43	2	190.19999999999996	10.330000000000005
980	44	2	190.30851063829783	39.436170212765965
980	45	2	190.04999999999993	69.93
980	46	2	190.19	99.83000000000001
980	47	2	190.1199999999999	129.88
980	48	2	189.61616161616163	159.85858585858585
980	49	2	190.03999999999996	189.88000000000008
980	50	1	50.56000000000002	106.90500000000002
980	51	1	49.11055276381912	165.43216080402016
980	52	1	162.45999999999998	114.95000000000009
980	53	1	20.20895522388061	134.97512437810937
980	54	1	32.88	113.88
980	55	1	18.47236180904523	167.91959798994972
980	56	1	58.709999999999994	112.41499999999998
980	57	1	151.30500000000004	57.72500000000001
980	58	1	25.674999999999997	122.43500000000003
980	59	1	129.69500000000002	54.74
980	60	1	88.76616915422888	143.41293532338295
980	61	1	139.28855721393035	179.07462686567183
980	62	1	61.695	169.38999999999993
980	63	1	147.90999999999997	41.26500000000002
980	64	1	118.47000000000003	79.53500000000001
980	65	1	185.21	145.50999999999996
980	66	1	162.82999999999998	53.71500000000001
980	67	1	36.73000000000001	141.575
980	68	1	109.76616915422886	44.25870646766169
980	69	1	69.00499999999995	143.10499999999993
980	70	1	31.66000000000001	28.57
980	71	1	46.37499999999998	29.315000000000012
980	72	1	140.17000000000016	37.17000000000001
980	73	1	144.62999999999994	65.82999999999998
980	74	1	146.78894472361816	169.75879396984934
980	75	1	5.60301507537688	118.39698492462311
980	76	1	75.47000000000001	114.89499999999997
980	77	1	120.00000000000003	171.18090452261302
980	78	1	10.20100502512563	178.53768844221102
980	79	1	147.4974874371859	77.16582914572862
980	80	1	28.800000000000008	1.4699999999999998
980	81	1	27.55999999999999	183.0649999999999
980	82	1	116.83499999999998	158.53999999999994
980	83	1	52.79999999999998	139.13000000000005
980	84	1	149.09	124.17500000000001
980	85	1	66.69500000000001	178.99999999999997
980	86	1	19.37	196.735
980	87	1	145.03499999999997	114.70499999999996
980	88	1	199.61691542288557	168.2487562189054
980	89	1	113.24500000000003	53.75999999999997
980	90	1	198.28643216080403	145.37185929648234
980	91	1	175.89949748743723	49.155778894472355
980	92	1	44.96999999999997	178.165
980	93	1	123.13499999999998	182.06500000000014
980	94	1	114.06999999999994	89.43500000000007
980	95	1	10.829999999999998	144.9300000000001
980	96	1	29.585000000000008	166.61499999999995
980	97	1	157.8693467336683	177.26130653266333
980	98	1	110.55223880597013	25.412935323383085
980	99	1	113.27999999999996	66.52999999999997
990	1	2	10.141414141414144	9.616161616161618
990	2	2	10.270833333333334	40.270833333333314
990	3	2	9.81	70.12000000000003
990	4	2	10.000000000000004	100
990	5	2	10.141414141414144	129.85858585858588
990	6	2	10.383838383838384	160.14141414141415
990	7	2	9.879999999999997	189.88
990	8	2	40.12000000000002	10.12
990	9	2	40.12000000000002	39.88
990	10	2	40.02000000000001	69.71999999999996
990	11	2	40.14141414141414	99.85858585858581
990	12	2	40.12000000000002	129.88
990	13	2	40.126315789473686	160.6105263157894
990	14	2	39.92999999999998	189.99999999999991
990	15	2	70.12	10.12
990	16	2	70.19999999999996	39.94999999999999
990	17	2	70.04	69.87999999999995
990	18	2	70.07000000000002	100.18
990	19	2	69.88000000000001	129.88
990	20	2	70.26086956521739	160.50000000000006
990	21	2	69.8494623655914	190.15053763440852
990	22	2	100.3838383838384	9.85858585858586
990	23	2	99.38947368421054	39.87368421052632
990	24	2	99.87368421052632	70.61052631578951
990	25	2	100.06	100.14000000000003
990	26	2	100.11999999999999	129.87000000000003
990	27	2	100.12	160.11999999999992
990	28	2	99.85858585858585	190.3838383838383
990	29	2	129.87999999999997	10.12
990	30	2	129.87999999999997	40.120000000000005
990	31	2	129.61616161616163	70.14141414141416
990	32	2	130.1414141414141	99.61616161616158
990	33	2	129.49999999999997	129.99999999999991
990	34	2	129.84946236559145	160.15053763440852
990	35	2	130.12	190.11999999999992
990	36	2	159.73000000000005	10.159999999999998
990	37	2	159.92000000000002	40.29
990	38	2	159.99999999999994	69.79
990	39	2	159.90000000000006	99.84
990	40	2	159.69999999999996	130.14000000000001
990	41	2	159.77000000000004	159.85999999999996
990	42	2	159.87999999999997	190.11999999999998
990	43	2	190.19999999999996	10.330000000000005
990	44	2	190.30851063829783	39.436170212765965
990	45	2	190.04999999999993	69.93
990	46	2	190.19	99.83000000000001
990	47	2	190.1199999999999	129.88
990	48	2	189.61616161616163	159.85858585858585
990	49	2	190.03999999999996	189.88000000000008
990	50	1	51.30845771144279	106.39800995024873
990	51	1	49.592964824120614	165.2412060301508
990	52	1	163.32999999999996	116.12499999999996
990	53	1	20.369999999999994	134.055
990	54	1	33.01499999999999	113.78999999999999
990	55	1	18.299999999999997	167.6299999999999
990	56	1	58.26499999999999	112.75999999999992
990	57	1	151.29999999999993	57.68500000000003
990	58	1	26.014925373134336	122.52736318407959
990	59	1	129.22000000000003	55.14999999999999
990	60	1	89.53000000000007	143.6100000000001
990	61	1	139.89552238805967	179.73134328358213
990	62	1	61.53768844221104	169.30150753768848
990	63	1	148.00999999999996	41.59500000000001
990	64	1	119.39500000000004	80.20500000000004
990	65	1	186.41499999999996	145.7800000000001
990	66	1	163.27999999999992	53.67499999999999
990	67	1	35.890000000000015	141.84499999999994
990	68	1	109.64321608040198	44.341708542713555
990	69	1	70.15999999999998	143.50000000000003
990	70	1	33.24999999999999	27.695000000000004
990	71	1	48.25	29.51
990	72	1	140.27500000000012	37.18499999999999
990	73	1	144.50753768844208	65.67839195979903
990	74	1	146.12562814070353	169.8341708542713
990	75	1	4.9547738693467345	118.51758793969856
990	76	1	76.40000000000003	115.64500000000004
990	77	1	120.92500000000003	171.29999999999978
990	78	1	9.725	178.51000000000005
990	79	1	147.17999999999998	77.01000000000003
990	80	1	28.509999999999987	1.605
990	81	1	27.385	182.4000000000001
990	82	1	116.33	159.7000000000001
990	83	1	52.79702970297031	141.1336633663366
990	84	1	149.59203980099508	122.97512437810946
990	85	1	66.19597989949744	178.9396984924623
990	86	1	19.487562189054717	196.1144278606965
990	87	1	145.38500000000005	114.19000000000005
990	88	1	199.705	167.72000000000006
990	89	1	113.26	54.02499999999999
990	90	1	199.165	145.55499999999995
990	91	1	175.54271356783914	48.02512562814073
990	92	1	44.135	177.85500000000002
990	93	1	122.73499999999997	182.885
990	94	1	113.55500000000002	89.81000000000002
990	95	1	11.75	145.13500000000002
990	96	1	29.279999999999994	165.51500000000001
990	97	1	157.90452261306535	177.0150753768844
990	98	1	109.26633165829143	25.844221105527645
990	99	1	113.16999999999997	67.515
