0	1	2	9.924528301886797	9.952830188679249
0	2	2	10.100000000000003	99.78999999999998
0	3	2	9.972222222222223	190.04629629629622
0	4	2	99.90291262135926	9.990291262135923
0	5	2	100.10377358490567	100.02830188679245
0	6	2	100.07692307692305	190.08653846153842
0	7	2	189.94230769230774	9.913461538461535
0	8	2	190.0857142857143	100.06666666666669
0	9	2	189.99029126213586	190.06796116504844
0	10	1	120.5	91.5
0	11	1	50	47
0	12	1	92	28.5
0	13	1	108	62
0	14	1	169.5	155.5
0	15	1	184.75	117.50000000000001
0	16	1	47.5	6
0	17	1	157	82
0	18	1	128	129
0	19	1	145.66666666666666	157.66666666666666
0	20	1	196	54
0	21	1	142.5	112.5
0	22	1	165	32.5
0	23	1	84	160.5
0	24	1	115.2	171
0	25	1	41	44.666666666666664
0	26	1	173	63
0	27	1	31.666666666666664	72.83333333333333
0	28	1	65.33333333333333	144.66666666666669
0	29	1	78	143
0	30	1	185	198
0	31	1	115	91
0	32	1	117.33333333333333	134
0	33	1	142.5	195.5
0	34	1	46	158
0	35	1	33.333333333333336	194.33333333333334
0	36	1	146	125
0	37	1	187	178.5
0	38	1	17	2.3333333333333335
0	39	1	108.8	32.8
0	40	1	9.5	139
0	41	1	167	78
0	42	1	185	66.5
0	43	1	103	0.6666666666666666
0	44	1	191.5	159.5
0	45	1	83.5	116.5
0	46	1	87	127
0	47	1	36.5	84.5
0	48	1	65	62.333333333333336
0	49	1	45	158
0	50	1	182.75	86.25
0	51	1	158	47
0	52	1	139	74
0	53	1	35	111
0	54	1	191	48.5
0	55	1	1.5	150
0	56	1	32.5	84.25
0	57	1	136	120
0	58	1	55.666666666666664	18.666666666666668
0	59	1	61	48
10	1	2	9.959999999999999	10.129999999999997
10	2	2	10.120000000000005	99.88
10	3	2	10.151515151515149	189.93939393939394
10	4	2	99.79166666666669	10.260416666666675
10	5	2	100.19	99.99
10	6	2	100.23	190.01999999999995
10	7	2	190.19000000000003	9.93
10	8	2	190.1199999999999	100.12000000000003
10	9	2	189.9583333333333	190.31249999999994
10	10	1	122.06666666666668	91.6666666666667
10	11	1	48.16176470588235	48.89705882352942
10	12	1	93.62931034482756	27.46551724137932
10	13	1	109.2876712328767	62.82191780821918
10	14	1	169.49532710280369	156.0654205607477
10	15	1	182.99999999999983	117.93532338308462
10	16	1	48.33121019108282	7.27388535031847
10	17	1	158.56122448979585	83.04081632653056
10	18	1	128.60975609756096	130.68292682926835
10	19	1	146.86507936507937	157.42063492063488
10	20	1	196.1153846153846	54.19230769230769
10	21	1	142.3941605839415	110.70072992700732
10	22	1	163.07843137254892	31.810457516339874
10	23	1	82.73239436619717	158.59154929577468
10	24	1	116.3241379310345	172.00689655172414
10	25	1	40.605504587155956	43.85321100917433
10	26	1	170.4189189189189	62.97297297297296
10	27	1	29.560000000000002	72.89714285714284
10	28	1	65.77844311377247	146.22754491017957
10	29	1	79.20289855072467	145.17391304347825
10	30	1	184.49999999999994	197.96969696969697
10	31	1	112.47826086956526	92.81739130434782
10	32	1	117.92307692307692	134.12426035502958
10	33	1	140.2761904761904	195.79047619047617
10	34	1	44.98437500000001	155.56250000000003
10	35	1	33.75294117647058	195.58235294117645
10	36	1	145.49411764705883	125.16470588235293
10	37	1	186.34532374100718	179.69064748201447
10	38	1	18.70440251572326	1.4025157232704415
10	39	1	106.82119205298017	34.609271523178805
10	40	1	11.081395348837207	141.20930232558132
10	41	1	166.40697674418604	77.67441860465117
10	42	1	183.95762711864398	67.3983050847458
10	43	1	105.76744186046513	1.9534883720930338
10	44	1	193.1476510067114	158.64429530201335
10	45	1	83.03649635036494	115.4379562043796
10	46	1	89.44347826086955	126.05217391304346
10	47	1	35.714285714285715	84.7619047619048
10	48	1	64.53719008264466	63.454545454545475
10	49	1	42.85714285714286	159.52380952380952
10	50	1	182.37714285714293	85.37142857142858
10	51	1	158.08860759493678	46.455696202531634
10	52	1	141.07594936708858	72.03797468354429
10	53	1	34.15503875968994	111.52713178294576
10	54	1	191.23148148148152	47.60185185185186
10	55	1	2.269230769230769	149.8589743589744
10	56	1	29.752941176470593	82.23529411764709
10	57	1	135.485294117647	120.08823529411762
10	58	1	56.506944444444464	18.51388888888889
10	59	1	63.72000000000001	48.98666666666666
20	1	2	9.740000000000002	10.299999999999995
20	2	2	10.120000000000005	99.88
20	3	2	10.120000000000005	189.88
20	4	2	99.84693877551022	10.193877551020412
20	5	2	100.19	99.99
20	6	2	100.09183673469389	189.7755102040815
20	7	2	190.22222222222223	10.202020202020204
20	8	2	190.1199999999999	100.12000000000003
20	9	2	189.99999999999991	190
20	10	1	123.05472636815924	90.22885572139306
20	11	1	49.56716417910447	49.40298507462687
20	12	1	93.9601990049751	27.587064676616915
20	13	1	109.53500000000003	63.25999999999998
20	14	1	169.73500000000004	155.3800000000002
20	15	1	182.46766169154225	117.65671641791047
20	16	1	47.98999999999999	7.490000000000001
20	17	1	158.0200000000001	83.46500000000006
20	18	1	127.96039603960392	132.01485148514848
20	19	1	146.61194029850736	157.2835820895522
20	20	1	197.24875621890547	53.81592039800997
20	21	1	142.1542288557214	108.95024875621894
20	22	1	163.31500000000003	31.43
20	23	1	82.16499999999998	158.635
20	24	1	116.22000000000003	172.17999999999992
20	25	1	39.47500000000001	42.69500000000001
20	26	1	170.04477611940297	62.39303482587066
20	27	1	29.771144278606958	71.10447761194025
20	28	1	65.89552238805972	146.23383084577114
20	29	1	78.69154228855719	145.36815920398016
20	30	1	184.26865671641792	198.63184079601993
20	31	1	111.58706467661693	93.50248756218902
20	32	1	116.10447761194027	134.860696517413
20	33	1	140.1442786069651	196.2537313432836
20	34	1	45.19402985074627	151.90049751243777
20	35	1	33.63184079601991	195.00995024875627
20	36	1	145.79207920792072	125.84158415841587
20	37	1	186.50746268656727	178.96019900497518
20	38	1	19.323383084577117	1.0995024875621893
20	39	1	107.19402985074625	35.02487562189056
20	40	1	11.547263681592042	141.98507462686575
20	41	1	166.99502487562185	77.47263681592042
20	42	1	183.57711442786075	67.8955223880597
20	43	1	106.29850746268657	1.6815920398009954
20	44	1	193.12437810945275	159.11940298507463
20	45	1	82.51741293532338	115.82587064676613
20	46	1	89.65671641791047	126.0497512437811
20	47	1	36.92039800995025	84.57711442786064
20	48	1	64.1940298507463	63.95522388059704
20	49	1	41.615	161.07000000000008
20	50	1	182.089552238806	85.71641791044777
20	51	1	157.80597014925377	46.2686567164179
20	52	1	140.68159203980088	71.84079601990051
20	53	1	34.203980099502466	112.09950248756216
20	54	1	189.77114427860693	45.49751243781097
20	55	1	1.7849999999999997	150.84000000000015
20	56	1	28.915000000000006	84.63500000000002
20	57	1	133.77114427860684	119.68656716417908
20	58	1	56.500000000000014	18.395000000000014
20	59	1	64.17910447761194	49.756218905472636
30	1	2	9.740000000000002	10.299999999999995
30	2	2	10.120000000000005	99.88
30	3	2	10.120000000000005	189.88
30	4	2	99.85858585858585	10.141414141414142
30	5	2	100.19	99.99
30	6	2	100.10101010101008	189.82828282828282
30	7	2	190.2164948453608	10.30927835051546
30	8	2	190.1199999999999	100.12000000000003
30	9	2	189.99999999999991	190
30	10	1	123.235	89.98000000000005
30	11	1	49.790000000000006	48.989999999999995
30	12	1	94.44278606965172	27.87562189054726
30	13	1	109.93499999999997	63.315
30	14	1	169.69651741293526	155.54228855721405
30	15	1	182.73	117.51000000000003
30	16	1	47.55223880597015	7.641791044776119
30	17	1	158.38308457711446	83.5174129353234
30	18	1	128.06999999999994	132.20500000000007
30	19	1	146.7512437810945	157.19402985074612
30	20	1	197.17910447761193	53.995024875621894
30	21	1	142.26865671641778	109.23383084577114
30	22	1	163.28855721393032	31.442786069651753
30	23	1	82.12935323383086	158.66666666666666
30	24	1	116.72636815920396	172.24875621890558
30	25	1	39.383084577114424	42.62189054726368
30	26	1	170.55499999999995	62.35000000000001
30	27	1	30.090000000000014	71.03000000000002
30	28	1	65.75621890547261	146.53233830845767
30	29	1	78.24875621890544	145.59203980099494
30	30	1	183.59203980099505	198.5671641791044
30	31	1	111.66	93.25999999999996
30	32	1	116.0049751243781	134.67164179104475
30	33	1	140.05000000000007	196.46999999999989
30	34	1	45.09950248756219	151.90547263681594
30	35	1	33.40298507462686	195.04975124378117
30	36	1	145.81094527363186	125.64676616915422
30	37	1	186.71144278606968	178.83582089552243
30	38	1	19.601990049751247	1.0497512437810939
30	39	1	107.42000000000003	35.12500000000001
30	40	1	11.592039800995021	142.457711442786
30	41	1	167.06467661691534	77.0547263681592
30	42	1	183.48258706467658	67.57711442786075
30	43	1	106.48756218905474	1.2985074626865674
30	44	1	193.13930348258705	158.9651741293533
30	45	1	82.76000000000002	115.60000000000002
30	46	1	89.79500000000002	125.64
30	47	1	36.6865671641791	84.78606965174127
30	48	1	64.49751243781091	64.05472636815917
30	49	1	41.63184079601992	161.0547263681592
30	50	1	182.00499999999994	85.30000000000001
30	51	1	157.7363184079601	46.30348258706467
30	52	1	140.6417910447761	72.0796019900497
30	53	1	34.22885572139304	112.10447761194027
30	54	1	189.98507462686567	45.32338308457711
30	55	1	1.370000000000001	150.6500000000001
30	56	1	28.755000000000006	84.10499999999998
30	57	1	133.6517412935324	119.98507462686565
30	58	1	56.223880597014926	18.01492537313432
30	59	1	63.865671641791025	50.15920398009949
40	1	2	9.740000000000002	10.299999999999995
40	2	2	10.120000000000005	99.88
40	3	2	10.120000000000005	189.88
40	4	2	99.85858585858585	10.141414141414142
40	5	2	100.19	99.99
40	6	2	100.12	189.88
40	7	2	190.2164948453608	10.30927835051546
40	8	2	190.1199999999999	100.12000000000003
40	9	2	189.99999999999991	190
40	10	1	123.13	89.82000000000004
40	11	1	49.61691542288556	49.3681592039801
40	12	1	94.58000000000001	27.500000000000007
40	13	1	109.83084577114425	63.80597014925375
40	14	1	169.99	155.61000000000007
40	15	1	182.55500000000006	117.185
40	16	1	46.9402985074627	7.82587064676617
40	17	1	158.525	83.64499999999998
40	18	1	128.56218905472633	132.2537313432836
40	19	1	146.17412935323384	157.15920398009942
40	20	1	196.98009950248758	53.83582089552238
40	21	1	142.06965174129354	109.90547263681596
40	22	1	163.18499999999995	32.18499999999997
40	23	1	82.11999999999995	158.42000000000002
40	24	1	116.76	171.98500000000004
40	25	1	39.78606965174133	42.66169154228854
40	26	1	170.99999999999986	63.00000000000002
40	27	1	30.661691542288544	70.91044776119404
40	28	1	65.8407960199005	146.1592039800996
40	29	1	77.92500000000007	145.80999999999997
40	30	1	183	198.735
40	31	1	112.01999999999994	93.16500000000003
40	32	1	115.66331658291456	134.12060301507535
40	33	1	139.23500000000004	197.2850000000001
40	34	1	44.05499999999999	150.95
40	35	1	33.795	195.6600000000001
40	36	1	145.78606965174123	125.34825870646766
40	37	1	187.42499999999995	177.68499999999995
40	38	1	20.109999999999992	0.7600000000000005
40	39	1	107.09452736318408	35.59701492537313
40	40	1	11.690000000000005	142.68000000000006
40	41	1	167.365	76.85000000000001
40	42	1	183.04999999999993	67.83
40	43	1	108.05500000000002	1.4599999999999989
40	44	1	193.405	159.045
40	45	1	83.28000000000004	115.87999999999998
40	46	1	89.63499999999996	125.37500000000006
40	47	1	36.97999999999999	84.61000000000003
40	48	1	65.44999999999997	63.84999999999991
40	49	1	41.679999999999986	161.31000000000012
40	50	1	181.855	85.175
40	51	1	157.44999999999987	45.91500000000002
40	52	1	140.77499999999995	72.78500000000007
40	53	1	34.318407960198996	112.55223880597013
40	54	1	190.065	44.894999999999996
40	55	1	1.0450000000000004	150.56
40	56	1	28.435000000000016	83.86500000000002
40	57	1	133.21890547263686	120.31343283582089
40	58	1	56.36500000000002	17.78999999999999
40	59	1	63.59	50.59499999999999
50	1	2	9.740000000000002	10.299999999999995
50	2	2	10.120000000000005	99.88
50	3	2	10.120000000000005	189.88
50	4	2	99.85858585858585	10.141414141414142
50	5	2	100.19	99.99
50	6	2	100.12	189.88
50	7	2	190.2164948453608	10.30927835051546
50	8	2	190.1199999999999	100.12000000000003
50	9	2	189.99999999999991	190
50	10	1	123.50746268656714	89.71144278606961
50	11	1	49.786069651741286	49.68159203980098
50	12	1	94.91000000000001	27.280000000000005
50	13	1	109.66666666666657	64.61194029850742
50	14	1	170.5175879396984	156.07537688442218
50	15	1	182.17910447761184	117.19402985074626
50	16	1	46.485000000000035	8.425
50	17	1	159.73000000000005	83.74000000000004
50	18	1	128.19499999999996	132.24999999999997
50	19	1	145.35499999999993	156.58999999999997
50	20	1	196.57	53.750000000000036
50	21	1	141.83084577114428	110.30348258706466
50	22	1	162.93499999999992	32.60999999999998
50	23	1	82.06500000000001	158.06000000000003
50	24	1	116.66499999999998	172.80499999999998
50	25	1	40.80099502487563	42.47761194029847
50	26	1	171.71000000000004	63.80000000000004
50	27	1	30.975124378109452	70.97512437810946
50	28	1	65.66666666666669	145.5621890547263
50	29	1	77.68000000000002	145.9899999999999
50	30	1	182.3482587064676	199.17412935323384
50	31	1	112.40999999999995	93.01500000000001
50	32	1	114.54500000000002	134.08000000000004
50	33	1	138.26865671641795	198.44776119402985
50	34	1	42.84079601990051	149.4825870646766
50	35	1	34.646766169154255	196.16417910447757
50	36	1	145.68999999999994	125.11999999999996
50	37	1	188.77499999999995	175.8
50	38	1	20.73267326732672	0.8415841584158416
50	39	1	106.53999999999999	36.28999999999999
50	40	1	12.200000000000003	143.57500000000002
50	41	1	167.18090452261296	76.21608040201004
50	42	1	183.21500000000015	67.76500000000001
50	43	1	110.08955223880598	1.8855721393034817
50	44	1	193.57788944723617	159.34673366834173
50	45	1	83.81000000000004	115.795
50	46	1	89.81	124.87999999999998
50	47	1	36.79999999999996	84.66999999999999
50	48	1	66.83084577114423	63.62686567164176
50	49	1	41.8407960199005	160.99999999999994
50	50	1	181.76999999999998	84.87999999999997
50	51	1	157.725	46.015000000000015
50	52	1	140.61499999999995	73.865
50	53	1	34.81000000000003	113.18999999999997
50	54	1	189.95	44.67500000000002
50	55	1	1.0300000000000007	150.7800000000001
50	56	1	28.343434343434353	83.96464646464646
50	57	1	132.96999999999997	120.57999999999993
50	58	1	56.35175879396987	16.93467336683417
50	59	1	63.494999999999976	51.14499999999998
60	1	2	9.740000000000002	10.299999999999995
60	2	2	10.120000000000005	99.88
60	3	2	10.120000000000005	189.88
60	4	2	99.85858585858585	10.141414141414142
60	5	2	100.19	99.99
60	6	2	100.12	189.88
60	7	2	190.2164948453608	10.30927835051546
60	8	2	190.1199999999999	100.12000000000003
60	9	2	189.99999999999991	190
60	10	1	124.235	89.42000000000003
60	11	1	49.5323383084577	50.467661691542276
60	12	1	95.00500000000002	27.065000000000005
60	13	1	109.67999999999999	66.35
60	14	1	170.98499999999987	156.04500000000002
60	15	1	182.23999999999987	116.96000000000005
60	16	1	46.45728643216082	9.115577889447236
60	17	1	160.31500000000003	83.80499999999999
60	18	1	128.36	132.3449999999999
60	19	1	144.91542288557207	156.58208955223895
60	20	1	195.885	54.284999999999975
60	21	1	142.49751243781097	111.01492537313429
60	22	1	162.4527363184078	33.59203980099503
60	23	1	81.75999999999999	157.57000000000002
60	24	1	116.57788944723619	173.17587939698504
60	25	1	42.18592964824121	42.407035175879386
60	26	1	171.95	64.80499999999998
60	27	1	31.46500000000002	71.02000000000001
60	28	1	65.53500000000004	144.48
60	29	1	77.53499999999997	146.155
60	30	1	181.60000000000005	199.465
60	31	1	113.07000000000004	92.90000000000002
60	32	1	113.89999999999992	133.77499999999995
60	33	1	136.88999999999993	0.4049999999999997
60	34	1	41.87999999999997	148.14
60	35	1	35.50500000000002	196.72000000000008
60	36	1	145.4199999999999	124.90999999999994
60	37	1	189.90049751243774	174.48258706467652
60	38	1	21.44500000000001	1.0099999999999996
60	39	1	106.32000000000002	37.010000000000005
60	40	1	13.195	145.06500000000003
60	41	1	166.64999999999986	75.96
60	42	1	183.87000000000003	67.84
60	43	1	112.14000000000001	2.839999999999998
60	44	1	193.57	159.5599999999999
60	45	1	84.31343283582092	115.6567164179104
60	46	1	90.09000000000002	124.73000000000002
60	47	1	37.065	84.53000000000003
60	48	1	68.19999999999997	63.94500000000001
60	49	1	42.735000000000014	160.36999999999998
60	50	1	181.6599999999998	84.03000000000003
60	51	1	157.66500000000005	46.17500000000001
60	52	1	140.33999999999997	75.185
60	53	1	35.54455445544555	112.96039603960395
60	54	1	189.78999999999996	44.18
60	55	1	1.0749999999999986	150.45499999999996
60	56	1	28.368686868686858	83.8737373737373
60	57	1	132.47	120.50499999999997
60	58	1	56.68499999999998	16.515
60	59	1	63.97999999999998	51.90999999999999
70	1	2	9.740000000000002	10.299999999999995
70	2	2	10.120000000000005	99.88
70	3	2	10.120000000000005	189.88
70	4	2	99.85858585858585	10.141414141414142
70	5	2	100.19	99.99
70	6	2	100.12	189.88
70	7	2	190.2164948453608	10.30927835051546
70	8	2	190.1199999999999	100.12000000000003
70	9	2	189.99999999999991	190
70	10	1	124.62000000000002	89.285
70	11	1	49.243781094527364	51.129353233830834
70	12	1	95.36000000000003	27.21999999999999
70	13	1	109.84499999999994	67.77999999999997
70	14	1	171.30499999999995	156.30499999999998
70	15	1	181.80500000000004	116.77999999999997
70	16	1	46.624999999999986	9.69
70	17	1	161.25870646766165	83.53233830845774
70	18	1	128.5300000000001	132.72500000000002
70	19	1	144.06499999999994	156.43
70	20	1	195.2537313432836	55.00000000000001
70	21	1	142.96500000000003	111.265
70	22	1	161.92039800995022	34.29353233830846
70	23	1	80.865	157.34499999999994
70	24	1	116.48499999999997	173.63999999999982
70	25	1	44.14925373134331	42.42786069651739
70	26	1	171.88500000000005	65.10000000000005
70	27	1	32.06999999999999	71.13499999999998
70	28	1	65.44999999999999	143.3499999999999
70	29	1	77.76119402985076	146.3283582089552
70	30	1	180.14500000000007	199.66999999999993
70	31	1	113.44	92.28499999999998
70	32	1	113.51999999999998	133.7849999999999
70	33	1	135.42786069651746	2.174129353233831
70	34	1	40.879999999999995	147.77500000000003
70	35	1	36.545	197.17999999999995
70	36	1	145.07499999999996	124.71500000000005
70	37	1	190.74129353233832	173.9004975124377
70	38	1	22.10499999999999	1.38
70	39	1	106.45771144278616	38.21890547263683
70	40	1	13.743718592964823	147.45226130653268
70	41	1	166.66834170854275	75.77386934673366
70	42	1	184.25500000000008	67.835
70	43	1	113.78	3.9699999999999998
70	44	1	193.775	159.99500000000003
70	45	1	84.47499999999997	115.64500000000001
70	46	1	90.385	124.47499999999998
70	47	1	36.97979797979797	84.62626262626264
70	48	1	70.21608040201001	64.63819095477385
70	49	1	43.81592039800995	159.1691542288557
70	50	1	181.5999999999999	83.83500000000004
70	51	1	157.5249999999999	45.97999999999996
70	52	1	140.30150753768845	76.79396984924622
70	53	1	35.895522388059696	112.97512437810944
70	54	1	189.82999999999996	43.73999999999997
70	55	1	1.308457711442784	149.61194029850753
70	56	1	28.371859296482423	83.88442211055276
70	57	1	132.22000000000014	120.70499999999997
70	58	1	56.370000000000005	14.749999999999991
70	59	1	63.95522388059702	53.53731343283579
80	1	2	9.740000000000002	10.299999999999995
80	2	2	10.120000000000005	99.88
80	3	2	10.120000000000005	189.88
80	4	2	99.85858585858585	10.141414141414142
80	5	2	100.19	99.99
80	6	2	100.12	189.88
80	7	2	190.2164948453608	10.30927835051546
80	8	2	190.1199999999999	100.12000000000003
80	9	2	189.99999999999991	190
80	10	1	125.34	89.15000000000006
80	11	1	48.64000000000001	51.20499999999997
80	12	1	96.56999999999996	26.94999999999999
80	13	1	109.4427860696517	68.89552238805967
80	14	1	171.3100000000001	156.35500000000002
80	15	1	180.93467336683415	116.41708542713563
80	16	1	46.94500000000002	9.604999999999997
80	17	1	162.57500000000002	84.045
80	18	1	128.29145728643212	133.33165829145733
80	19	1	144.06999999999994	155.65
80	20	1	194.62686567164178	56.34328358208955
80	21	1	143.58000000000004	111.37000000000002
80	22	1	161.07500000000005	34.96500000000002
80	23	1	79.87064676616922	157.15920398009933
80	24	1	116.475	174.89999999999995
80	25	1	46.47761194029852	41.55721393034826
80	26	1	172.26000000000002	65.62499999999994
80	27	1	33.33	71.37
80	28	1	65.66666666666664	142.0696517412935
80	29	1	78.02999999999999	146.44000000000003
80	30	1	178.0150753768845	199.97989949748745
80	31	1	113.74874371859299	92.0552763819095
80	32	1	112.98500000000001	133.50000000000006
80	33	1	133.98009950248752	4.109452736318407
80	34	1	40.2361809045226	147.72361809045233
80	35	1	37.05999999999998	197.85000000000002
80	36	1	144.73500000000004	124.14999999999996
80	37	1	191.545	173.7899999999999
80	38	1	22.63500000000001	1.2599999999999998
80	39	1	106.41293532338311	39.99004975124377
80	40	1	13.703517587939706	149.64824120603018
80	41	1	166.4626865671642	75.91044776119402
80	42	1	184.86934673366827	68.93467336683419
80	43	1	114.68999999999996	4.515000000000001
80	44	1	193.945	160.29500000000002
80	45	1	84.713567839196	115.5929648241206
80	46	1	90.26499999999999	124.33499999999994
80	47	1	37.24623115577891	84.75879396984926
80	48	1	71.8507462686567	65.4527363184079
80	49	1	44.65671641791044	157.771144278607
80	50	1	181.34500000000008	83.87500000000003
80	51	1	157.67499999999998	46.205
80	52	1	140.1899999999999	77.19999999999996
80	53	1	35.93969849246232	112.10050251256281
80	54	1	190.11	43.480000000000025
80	55	1	2.0348258706467646	148.4726368159204
80	56	1	28.371859296482423	83.88442211055276
80	57	1	131.5223880597016	121.56716417910447
80	58	1	56.395000000000024	14.424999999999997
80	59	1	63.985074626865675	54.691542288557216
90	1	2	9.740000000000002	10.299999999999995
90	2	2	10.120000000000005	99.88
90	3	2	10.120000000000005	189.88
90	4	2	99.85858585858585	10.141414141414142
90	5	2	100.19	99.99
90	6	2	100.12	189.88
90	7	2	190.2164948453608	10.30927835051546
90	8	2	190.1199999999999	100.12000000000003
90	9	2	189.99999999999991	190
90	10	1	126.01500000000004	89.06499999999998
90	11	1	47.81909547738691	51.22613065326633
90	12	1	97.89999999999998	26.915
90	13	1	109.58706467661686	70.0696517412935
90	14	1	171.37499999999997	156.41499999999996
90	15	1	180.17000000000007	115.66
90	16	1	47.19500000000001	9.115
90	17	1	164.0949999999999	84.64500000000004
90	18	1	127.74500000000002	133.89999999999992
90	19	1	143.79999999999993	155.45499999999993
90	20	1	194.05	57.70500000000002
90	21	1	143.99497487437182	111.74874371859299
90	22	1	160.42499999999993	35.215
90	23	1	78.57500000000006	156.82000000000002
90	24	1	116.64321608040208	176.18592964824109
90	25	1	47.960199004975145	41.044776119402975
90	26	1	172.40999999999985	66.06999999999998
90	27	1	33.50500000000003	71.49999999999999
90	28	1	65.48999999999995	141.13999999999996
90	29	1	78.38308457711447	146.56716417910454
90	30	1	175.41499999999994	0.62
90	31	1	114.46000000000001	91.79499999999997
90	32	1	112.12499999999997	133.88499999999993
90	33	1	133.09500000000003	5.630000000000006
90	34	1	39.455000000000005	148.23000000000008
90	35	1	37.54500000000001	198.24499999999998
90	36	1	143.8706467661692	123.75124378109453
90	37	1	192.50248756218906	173.13930348258702
90	38	1	23.532338308457717	0.7064676616915433
90	39	1	106.49499999999998	41.025
90	40	1	13.494999999999994	151.22500000000005
90	41	1	166.41999999999993	75.69499999999998
90	42	1	185.46000000000004	70.01499999999999
90	43	1	116.27363184079601	5.194029850746271
90	44	1	194.6417910447761	160.3880597014926
90	45	1	85.20000000000003	115.28499999999998
90	46	1	90.23499999999997	124.28999999999998
90	47	1	37.435000000000024	84.65499999999992
90	48	1	73.37810945273634	66.75621890547264
90	49	1	46.07960199004976	156.57711442786058
90	50	1	181.05500000000012	84.33500000000008
90	51	1	158.06532663316594	46.29648241206029
90	52	1	140.585	77.85999999999999
90	53	1	35.885572139303484	111.09452736318411
90	54	1	190.31500000000008	42.86500000000002
90	55	1	3.045	147.03000000000006
90	56	1	28.371859296482423	83.88442211055276
90	57	1	130.18000000000004	122.21499999999999
90	58	1	56.34999999999999	14.049999999999994
90	59	1	64.26000000000003	55.904999999999994
100	1	2	9.740000000000002	10.299999999999995
100	2	2	10.120000000000005	99.88
100	3	2	10.120000000000005	189.88
100	4	2	99.85858585858585	10.141414141414142
100	5	2	100.19	99.99
100	6	2	100.12	189.88
100	7	2	190.2164948453608	10.30927835051546
100	8	2	190.1199999999999	100.12000000000003
100	9	2	189.99999999999991	190
100	10	1	126.45771144278609	88.86567164179105
100	11	1	46.78712871287129	50.72277227722773
100	12	1	99.25870646766161	27.437810945273625
100	13	1	109.19500000000004	70.87
100	14	1	170.84422110552757	156.9346733668342
100	15	1	179.22499999999997	115.06500000000001
100	16	1	47.271356783919614	9.080402010050246
100	17	1	165.51999999999992	85.28499999999997
100	18	1	127.40298507462686	134.3333333333333
100	19	1	144.06030150753767	154.49246231155772
100	20	1	193.51999999999998	59.39499999999999
100	21	1	144.42000000000002	111.80499999999999
100	22	1	159.1500000000001	35.675
100	23	1	76.52261306532665	156.20100502512548
100	24	1	117.11999999999996	177.2249999999999
100	25	1	50.144278606965145	40.07462686567161
100	26	1	172.8507462686567	66.51243781094527
100	27	1	33.88944723618089	71.51758793969849
100	28	1	64.91044776119402	139.03980099502476
100	29	1	78.83000000000003	146.79999999999987
100	30	1	173.40999999999988	0.8499999999999991
100	31	1	114.96019900497518	91.39800995024876
100	32	1	111.41499999999998	134.22500000000005
100	33	1	132.59203980099505	7.069651741293533
100	34	1	38.94499999999998	148.69999999999996
100	35	1	37.680000000000014	198.31500000000005
100	36	1	142.93499999999997	123.16499999999996
100	37	1	192.6417910447761	172.78606965174131
100	38	1	24.44	0.5400000000000001
100	39	1	106.49751243781098	42.88059701492533
100	40	1	13.155000000000001	152.5500000000001
100	41	1	166.285	75.48000000000003
100	42	1	186.0552763819095	71.14070351758792
100	43	1	117.84079601990044	5.388059701492538
100	44	1	194.63	160.18
100	45	1	85.58291457286434	114.84422110552768
100	46	1	90.02512562814069	124.36683417085426
100	47	1	37.51256281407036	84.47738693467336
100	48	1	74.80000000000003	68.56000000000004
100	49	1	47.52500000000003	155.47500000000005
100	50	1	180.90954773869342	84.88944723618097
100	51	1	158.62999999999985	46.56499999999999
100	52	1	141.22613065326618	79.20603015075382
100	53	1	35.95999999999999	110.275
100	54	1	190.35678391959794	42.7386934673367
100	55	1	3.905	146.05000000000004
100	56	1	28.33838383838385	83.90404040404039
100	57	1	129.03980099502485	122.78606965174126
100	58	1	56.27500000000002	13.414999999999996
100	59	1	65.39303482587061	57.67661691542289
110	1	2	9.740000000000002	10.299999999999995
110	2	2	10.120000000000005	99.88
110	3	2	10.120000000000005	189.88
110	4	2	99.85858585858585	10.141414141414142
110	5	2	100.19	99.99
110	6	2	100.12	189.88
110	7	2	190.2164948453608	10.30927835051546
110	8	2	190.1199999999999	100.12000000000003
110	9	2	189.99999999999991	190
110	10	1	127.29499999999999	88.42499999999997
110	11	1	45.784999999999975	50.135
110	12	1	99.97	27.965000000000003
110	13	1	108.4477611940298	71.60199004975121
110	14	1	169.9549999999999	157.46500000000003
110	15	1	178.15920398009945	114.66169154228854
110	16	1	47.38000000000001	8.835000000000006
110	17	1	166.43781094527367	85.91044776119404
110	18	1	126.92999999999999	134.34499999999994
110	19	1	144.41000000000003	153.79000000000005
110	20	1	193.48756218905473	60.72139303482588
110	21	1	144.735	111.89
110	22	1	157.9899999999999	35.86999999999999
110	23	1	74.70646766169158	155.64179104477617
110	24	1	117.71500000000003	177.9299999999999
110	25	1	51.95979899497491	39.74874371859294
110	26	1	173.3449999999999	66.94999999999999
110	27	1	34.51000000000002	71.66499999999999
110	28	1	64.055	137.37499999999997
110	29	1	79.30845771144273	147.23383084577108
110	30	1	171.44723618090458	1.2211055276381901
110	31	1	115.83919597989951	91.88442211055278
110	32	1	110.32499999999997	134.7749999999999
110	33	1	132.089552238806	9.069651741293525
110	34	1	38.810000000000024	149.23499999999999
110	35	1	37.620000000000005	198.67
110	36	1	142.28499999999994	122.72499999999997
110	37	1	192.28855721393035	172.01990049751245
110	38	1	25.604999999999997	1.11
110	39	1	105.82000000000002	44.12500000000001
110	40	1	12.940298507462684	154.0099502487562
110	41	1	166.22613065326632	75.27135678391957
110	42	1	186.63184079601982	72.24875621890548
110	43	1	118.91999999999996	5.430000000000001
110	44	1	195.87939698492463	159.54271356783917
110	45	1	86.24500000000006	114.63000000000002
110	46	1	89.71999999999998	124.425
110	47	1	37.51500000000002	84.66499999999996
110	48	1	75.87000000000009	69.36000000000001
110	49	1	49.06999999999998	154.23999999999998
110	50	1	180.60000000000002	85.73499999999999
110	51	1	158.86934673366835	46.51758793969849
110	52	1	142.29207920792084	79.82673267326729
110	53	1	35.58000000000001	109.21000000000001
110	54	1	190.4221105527638	42.15075376884422
110	55	1	5.049751243781091	145.1990049751243
110	56	1	28.371859296482423	83.88442211055276
110	57	1	127.90452261306531	123.33165829145733
110	58	1	56.33499999999998	13.045000000000002
110	59	1	66.19000000000003	59.084999999999965
120	1	2	9.740000000000002	10.299999999999995
120	2	2	10.120000000000005	99.88
120	3	2	10.120000000000005	189.88
120	4	2	99.85858585858585	10.141414141414142
120	5	2	100.19	99.99
120	6	2	100.12	189.88
120	7	2	190.2164948453608	10.30927835051546
120	8	2	190.1199999999999	100.12000000000003
120	9	2	189.99999999999991	190
120	10	1	127.71499999999995	88.16499999999999
120	11	1	45.20100502512563	48.81909547738691
120	12	1	100.62189054726376	29.398009950248746
120	13	1	108.16500000000002	71.86000000000004
120	14	1	168.37999999999994	157.8
120	15	1	177.37999999999994	113.80999999999997
120	16	1	47.449999999999996	8.869999999999997
120	17	1	167.4649999999999	86.72999999999998
120	18	1	126.86000000000001	134.26
120	19	1	144.37810945273637	152.95024875621885
120	20	1	193.46231155778895	61.84924623115577
120	21	1	144.98	111.80000000000001
120	22	1	157.2	35.97500000000001
120	23	1	73.13	155.29999999999998
120	24	1	118.85427135678394	179.3718592964825
120	25	1	53.35323383084578	39.23383084577112
120	26	1	174.1557788944724	67.69346733668337
120	27	1	34.69000000000002	71.725
120	28	1	63.24999999999999	136.52500000000018
120	29	1	79.75621890547264	147.9402985074627
120	30	1	169.90999999999997	1.514999999999999
120	31	1	116.4477611940298	92.31343283582088
120	32	1	109.50499999999997	134.89500000000007
120	33	1	131.795	10.03
120	34	1	38.8258706467662	149.84079601990044
120	35	1	37.92500000000002	198.64
120	36	1	141.1592039800994	122.00497512437809
120	37	1	191.905	170.74999999999997
120	38	1	26.935000000000006	2.1199999999999988
120	39	1	105.35000000000001	45.405
120	40	1	12.439999999999994	155.14000000000007
120	41	1	165.89499999999995	74.825
120	42	1	187.6130653266332	73.84422110552765
120	43	1	120.33830845771139	5.288557213930349
120	44	1	196.67	158.2
120	45	1	87.28855721393032	114.68159203980105
120	46	1	89.27638190954777	124.75879396984925
120	47	1	37.82499999999998	84.65500000000004
120	48	1	76.29499999999997	70.25499999999995
120	49	1	50.38	153.38499999999993
120	50	1	180.25000000000006	86.325
120	51	1	158.97989949748748	46.43718592964824
120	52	1	143.80999999999986	80.61999999999996
120	53	1	35.24	108.42500000000001
120	54	1	190.34000000000003	42.614999999999995
120	55	1	5.6049999999999995	144.94499999999994
120	56	1	28.371859296482423	83.88442211055276
120	57	1	126.735	123.54
120	58	1	56.30348258706469	12.681592039800998
120	59	1	67.02999999999999	59.91500000000002
130	1	2	9.740000000000002	10.299999999999995
130	2	2	10.120000000000005	99.88
130	3	2	10.120000000000005	189.88
130	4	2	99.85858585858585	10.141414141414142
130	5	2	100.19	99.99
130	6	2	100.12	189.88
130	7	2	190.2164948453608	10.30927835051546
130	8	2	190.1199999999999	100.12000000000003
130	9	2	189.99999999999991	190
130	10	1	128.80904522613065	87.73366834170854
130	11	1	44.29000000000001	46.70999999999998
130	12	1	101.35499999999995	30.535000000000007
130	13	1	107.45000000000005	72.36500000000005
130	14	1	166.98492462311557	158.22110552763817
130	15	1	176.79601990049753	112.90547263681593
130	16	1	47.55778894472363	8.859296482412068
130	17	1	168.08999999999986	87.27500000000002
130	18	1	126.77499999999999	134.26999999999998
130	19	1	144.68500000000012	152.07500000000005
130	20	1	193.75621890547262	62.83084577114425
130	21	1	145.37999999999988	111.84000000000002
130	22	1	155.78000000000006	36.12499999999998
130	23	1	71.75500000000002	154.23999999999995
130	24	1	120.88557213930348	181.11940298507457
130	25	1	54.203980099502495	39.20398009950249
130	26	1	174.7085427135679	67.70854271356774
130	27	1	35.085	71.83500000000005
130	28	1	62.39999999999999	135.75999999999988
130	29	1	81.03500000000001	148.95000000000005
130	30	1	168.67499999999995	2.0300000000000002
130	31	1	117.36815920398003	92.57711442786074
130	32	1	108.88442211055282	135.19095477386938
130	33	1	131.40000000000006	11.375
130	34	1	39.29850746268656	150.83582089552246
130	35	1	37.78894472361809	198.32160804020106
130	36	1	140.125	121.10000000000004
130	37	1	191.965	169.28
130	38	1	28.34825870646766	3.09950248756219
130	39	1	104.60696517412939	47.12437810945276
130	40	1	11.7286432160804	156.56783919597987
130	41	1	166.16499999999996	74.85000000000001
130	42	1	188.43718592964834	74.82412060301505
130	43	1	121.48500000000004	4.83
130	44	1	197.1105527638191	157.03015075376877
130	45	1	88.58000000000004	114.73500000000007
130	46	1	88.77999999999999	124.26500000000009
130	47	1	38.57000000000003	84.69000000000001
130	48	1	77.49246231155776	70.7437185929648
130	49	1	51.17910447761194	152.64676616915426
130	50	1	180.18	86.09500000000004
130	51	1	159.83919597989953	45.87437185929646
130	52	1	145.15999999999997	81.44000000000001
130	53	1	34.92500000000001	107.645
130	54	1	190.35499999999993	42.65999999999997
130	55	1	6.670000000000002	145.33000000000004
130	56	1	28.371859296482423	83.88442211055276
130	57	1	125.67500000000003	124.225
130	58	1	56.44999999999998	12.504999999999994
130	59	1	68.225	61.12499999999999
140	1	2	9.740000000000002	10.299999999999995
140	2	2	10.120000000000005	99.88
140	3	2	10.120000000000005	189.88
140	4	2	99.85858585858585	10.141414141414142
140	5	2	100.19	99.99
140	6	2	100.12	189.88
140	7	2	190.2164948453608	10.30927835051546
140	8	2	190.1199999999999	100.12000000000003
140	9	2	189.99999999999991	190
140	10	1	130.28358208955217	87.33333333333331
140	11	1	43.82089552238806	44.92039800995025
140	12	1	102.25373134328359	32.33333333333333
140	13	1	105.90500000000004	73.20999999999998
140	14	1	165.31999999999996	158.48999999999998
140	15	1	176.31343283582086	111.25870646766165
140	16	1	47.67	8.730000000000004
140	17	1	168.35499999999988	87.54000000000002
140	18	1	126.93500000000002	134.29999999999995
140	19	1	144.63500000000002	151.22
140	20	1	194.02985074626866	63.46766169154229
140	21	1	145.66499999999994	111.84499999999997
140	22	1	154.19402985074623	36.328358208955216
140	23	1	69.87500000000003	152.85000000000005
140	24	1	123.0547263681592	182.49751243781094
140	25	1	55.1105527638191	39.88944723618093
140	26	1	175.52261306532662	67.75879396984926
140	27	1	35.02999999999999	71.87500000000003
140	28	1	61.205000000000005	135.4149999999999
140	29	1	81.87500000000006	150.25499999999997
140	30	1	167.2099999999999	2.2999999999999994
140	31	1	118.6200000000001	92.62999999999998
140	32	1	107.96517412935319	134.96517412935313
140	33	1	130.73999999999995	12.46
140	34	1	39.7638190954774	151.48743718592962
140	35	1	37.935	197.72499999999997
140	36	1	138.93034825870632	120.39303482587064
140	37	1	191.26	167.975
140	38	1	29.771144278606975	4.199004975124377
140	39	1	103.69000000000004	48.62000000000001
140	40	1	12.025	157.98499999999999
140	41	1	166.68999999999994	75.05499999999996
140	42	1	189.4050000000001	76.07000000000001
140	43	1	123.09452736318407	4.064676616915423
140	44	1	197.91	156.1700000000001
140	45	1	89.73000000000002	114.59000000000006
140	46	1	89.28358208955225	124.02487562189044
140	47	1	39.07500000000001	84.58000000000001
140	48	1	78.08500000000002	71.50000000000006
140	49	1	51.58000000000001	151.88999999999996
140	50	1	180.05999999999997	86.30499999999996
140	51	1	160.24999999999997	45.02
140	52	1	146.8955223880595	82.01990049751245
140	53	1	34.439999999999976	106.45000000000002
140	54	1	190.13499999999996	42.850000000000016
140	55	1	7.365	145.5500000000001
140	56	1	28.371859296482423	83.88442211055276
140	57	1	124.19999999999997	124.98000000000005
140	58	1	56.84500000000001	11.765000000000002
140	59	1	69.44723618090455	62.512562814070336
150	1	2	9.740000000000002	10.299999999999995
150	2	2	10.120000000000005	99.88
150	3	2	10.120000000000005	189.88
150	4	2	99.85858585858585	10.141414141414142
150	5	2	100.19	99.99
150	6	2	100.12	189.88
150	7	2	190.2164948453608	10.30927835051546
150	8	2	190.1199999999999	100.12000000000003
150	9	2	189.99999999999991	190
150	10	1	131.7761194029851	86.81592039800995
150	11	1	43.734999999999985	43.62499999999999
150	12	1	102.5820895522388	33.815920398009936
150	13	1	104.76500000000001	73.97000000000003
150	14	1	163.29999999999995	158.95000000000002
150	15	1	176.24499999999998	109.06999999999995
150	16	1	47.95477386934674	8.879396984924622
150	17	1	168.66834170854275	87.69346733668341
150	18	1	126.71000000000002	133.97999999999988
150	19	1	144.03482587064684	150.34328358208953
150	20	1	195.025	64.29000000000002
150	21	1	146.1542288557214	111.59701492537313
150	22	1	151.71641791044786	37.4626865671642
150	23	1	68.89552238805967	151.502487562189
150	24	1	124.30348258706461	183.5522388059702
150	25	1	55.65999999999997	39.99500000000004
150	26	1	176.95	67.61999999999998
150	27	1	35.35499999999999	71.89499999999997
150	28	1	60.42499999999998	134.63000000000002
150	29	1	82.38999999999993	151.55500000000006
150	30	1	166.34000000000003	2.6100000000000008
150	31	1	120.32000000000002	93.03
150	32	1	106.90999999999993	134.43499999999995
150	33	1	130.0845771144279	13.78109452736318
150	34	1	40.228855721393025	152.35820895522406
150	35	1	38.049999999999976	196.72999999999996
150	36	1	137.92499999999998	119.70999999999998
150	37	1	190.86069651741292	166.55721393034827
150	38	1	31.9502487562189	5.388059701492535
150	39	1	102.92500000000001	49.470000000000006
150	40	1	13.775	159.54499999999996
150	41	1	166.94999999999996	75.06000000000002
150	42	1	190.26000000000002	76.79500000000006
150	43	1	124.96999999999997	3.285000000000001
150	44	1	198.6865671641791	154.38308457711432
150	45	1	90.93499999999997	114.405
150	46	1	89.97512437810946	123.74129353233832
150	47	1	39.669999999999995	84.35500000000003
150	48	1	79.28855721393036	72.32338308457716
150	49	1	52.00502512562814	151.1758793969848
150	50	1	179.99497487437185	86.41206030150751
150	51	1	161.54726368159206	43.37810945273631
150	52	1	149.1293532338308	82.24875621890546
150	53	1	33.27999999999999	105.23999999999998
150	54	1	190.11999999999998	43.11499999999998
150	55	1	8.385000000000009	146.20000000000007
150	56	1	28.371859296482423	83.88442211055276
150	57	1	122.80500000000004	125.51999999999998
150	58	1	57.427860696517456	11.228855721393039
150	59	1	70.91000000000001	63.52
160	1	2	9.740000000000002	10.299999999999995
160	2	2	10.120000000000005	99.88
160	3	2	10.120000000000005	189.88
160	4	2	99.85858585858585	10.141414141414142
160	5	2	100.19	99.99
160	6	2	100.12	189.88
160	7	2	190.2164948453608	10.30927835051546
160	8	2	190.1199999999999	100.12000000000003
160	9	2	189.99999999999991	190
160	10	1	132.98499999999996	86.38499999999996
160	11	1	43.99999999999999	41.73134328358208
160	12	1	102.71000000000004	35.54499999999999
160	13	1	103.48	74.525
160	14	1	161.51999999999992	159.33499999999998
160	15	1	176.295	107.10499999999998
160	16	1	48.10000000000001	8.495
160	17	1	168.71999999999986	87.92499999999998
160	18	1	126.94472361809048	134.01005025125613
160	19	1	142.905	149.49500000000003
160	20	1	195.82	64.67000000000003
160	21	1	146.83499999999998	111.03000000000003
160	22	1	150.71859296482398	38.64824120603014
160	23	1	68.39500000000002	150.0800000000001
160	24	1	125.49	184.06000000000003
160	25	1	55.69651741293531	40.67661691542288
160	26	1	177.94499999999994	67.90000000000002
160	27	1	35.3467336683417	71.99497487437186
160	28	1	59.050000000000004	133.24499999999995
160	29	1	82.70351758793967	153.0854271356782
160	30	1	165.62999999999988	1.829999999999984
160	31	1	121.83000000000001	93.50000000000004
160	32	1	106.03517587939699	133.2713567839195
160	33	1	129.21499999999997	14.56
160	34	1	41.010050251256295	153.96984924623126
160	35	1	37.848484848484865	195.36868686868692
160	36	1	137.2261306532663	119.19095477386934
160	37	1	190.85500000000002	164.70000000000002
160	38	1	33.815920398009936	6.223880597014927
160	39	1	101.71144278606968	50.46268656716418
160	40	1	15.430000000000003	161.585
160	41	1	167.2999999999999	75.01499999999994
160	42	1	191.01005025125627	77.12060301507533
160	43	1	127.00000000000006	2.8407960199004947
160	44	1	199.915	153.41999999999996
160	45	1	91.43500000000007	114.11999999999999
160	46	1	90.48500000000001	123.45500000000004
160	47	1	39.975000000000016	84.365
160	48	1	80.16499999999998	72.75
160	49	1	52.054726368159194	149.98009950248758
160	50	1	180.0900000000001	86.49500000000005
160	51	1	162.58499999999998	41.75500000000001
160	52	1	150.47999999999988	82.38999999999999
160	53	1	32.32999999999999	104.17500000000005
160	54	1	190.10999999999993	43.465
160	55	1	9.338308457711442	147.26865671641792
160	56	1	28.321608040200996	83.678391959799
160	57	1	121.25000000000003	126.465
160	58	1	58.70000000000001	10.645
160	59	1	72.285	64.87000000000005
170	1	2	9.740000000000002	10.299999999999995
170	2	2	10.120000000000005	99.88
170	3	2	10.120000000000005	189.88
170	4	2	99.85858585858585	10.141414141414142
170	5	2	100.19	99.99
170	6	2	100.12	189.88
170	7	2	190.2164948453608	10.30927835051546
170	8	2	190.1199999999999	100.12000000000003
170	9	2	189.99999999999991	190
170	10	1	134.71999999999997	85.665
170	11	1	44.28140703517592	40.78391959798992
170	12	1	103.06499999999998	37.664999999999985
170	13	1	103.09999999999997	74.98999999999997
170	14	1	160.13000000000008	159.57000000000008
170	15	1	176.37810945273625	104.8009950248756
170	16	1	48.74242424242424	8.656565656565656
170	17	1	168.87500000000006	87.93000000000002
170	18	1	127.19999999999999	133.94499999999996
170	19	1	141.19597989949736	148.00000000000006
170	20	1	197.00497512437812	64.42786069651739
170	21	1	146.86499999999995	110.56999999999998
170	22	1	150.3432835820895	39.86567164179106
170	23	1	68.97014925373128	148.66666666666669
170	24	1	126.66169154228855	184.86069651741292
170	25	1	55.66500000000003	41.22
170	26	1	179.535	68.11999999999996
170	27	1	36.124999999999986	71.92
170	28	1	57.824999999999974	132.19499999999996
170	29	1	82.29353233830848	154.09950248756206
170	30	1	164.88000000000002	1.7200000000000004
170	31	1	123.29	93.64
170	32	1	105.54000000000005	132.37999999999988
170	33	1	128.15499999999994	15.289999999999996
170	34	1	41.85	154.71999999999997
170	35	1	37.91457286432159	193.79899497487446
170	36	1	136.47500000000002	118.58500000000002
170	37	1	191.9246231155779	163.19095477386932
170	38	1	35.631840796019915	6.457711442786066
170	39	1	100.41500000000002	50.54
170	40	1	17.104477611940297	162.56716417910454
170	41	1	168.3	74.88499999999999
170	42	1	192.465	77.24499999999998
170	43	1	128.82089552238804	2.8308457711442805
170	44	1	1.2261306532663305	152.71356783919603
170	45	1	92.34170854271356	113.91457286432167
170	46	1	91.09000000000003	123.34000000000005
170	47	1	40.52000000000001	84.01999999999998
170	48	1	80.65000000000006	73.59499999999996
170	49	1	52.63	148.90000000000003
170	50	1	180.3449999999999	86.08500000000002
170	51	1	163.11500000000004	40.309999999999995
170	52	1	151.96	81.69500000000002
170	53	1	31.325000000000006	103.65000000000003
170	54	1	190.04500000000002	43.865
170	55	1	10.405000000000003	148.335
170	56	1	28.309999999999995	83.63500000000006
170	57	1	120.47738693467339	126.89949748743715
170	58	1	60.45049504950493	9.970297029702976
170	59	1	73.41499999999998	65.89499999999997
180	1	2	9.740000000000002	10.299999999999995
180	2	2	10.120000000000005	99.88
180	3	2	10.120000000000005	189.88
180	4	2	99.85858585858585	10.141414141414142
180	5	2	100.19	99.99
180	6	2	100.12	189.88
180	7	2	190.2164948453608	10.30927835051546
180	8	2	190.1199999999999	100.12000000000003
180	9	2	189.99999999999991	190
180	10	1	135.62	84.64999999999998
180	11	1	45.40000000000003	39.69999999999998
180	12	1	104.0696517412935	39.044776119402975
180	13	1	102.33500000000001	75.22499999999997
180	14	1	159.33500000000006	159.47999999999993
180	15	1	176.64000000000004	103.01000000000003
180	16	1	49.482412060301506	8.648241206030148
180	17	1	168.8599999999999	87.61500000000002
180	18	1	127.315	133.38499999999988
180	19	1	139.2388059701493	146.5472636815921
180	20	1	197.985	64.19999999999996
180	21	1	147.46	109.315
180	22	1	149.96499999999983	41.12499999999999
180	23	1	69.45226130653272	146.81407035175877
180	24	1	127.57499999999999	185.42500000000015
180	25	1	55.63499999999998	41.82500000000002
180	26	1	181.228855721393	68.52736318407959
180	27	1	36.90049751243782	71.85572139303484
180	28	1	56.58208955223879	131.52238805970154
180	29	1	81.38000000000008	154.98499999999996
180	30	1	164.09999999999994	1.5550000000000352
180	31	1	125.14	93.225
180	32	1	104.94974874371859	131.9296482412059
180	33	1	127.39499999999998	15.584999999999999
180	34	1	42.650000000000034	155.81500000000003
180	35	1	37.785000000000025	192.31
180	36	1	135.89500000000018	118.17499999999998
180	37	1	192.726368159204	161.44776119402985
180	38	1	37.13	7.059999999999998
180	39	1	99.23383084577118	50.547263681592064
180	40	1	18.189054726368163	162.99999999999991
180	41	1	169.21499999999995	73.86499999999998
180	42	1	193.685	77.46500000000003
180	43	1	130.38500000000002	2.895000000000001
180	44	1	1.929648241206029	152.44723618090453
180	45	1	92.82000000000009	113.41
180	46	1	92.00000000000004	123.20999999999998
180	47	1	40.83	84.06500000000003
180	48	1	81.75879396984918	74.37185929648244
180	49	1	53.26368159203981	148.1641791044776
180	50	1	180.53266331658298	85.70351758793967
180	51	1	163.17412935323395	38.53731343283582
180	52	1	153.12000000000006	81.10999999999997
180	53	1	30.47236180904523	102.83417085427135
180	54	1	189.16915422885577	44.56218905472636
180	55	1	11.203980099502493	149.64179104477614
180	56	1	28.18592964824121	83.11557788944728
180	57	1	119.76499999999997	127.07499999999997
180	58	1	61.85074626865671	9.701492537313435
180	59	1	74.18905472636818	67.43781094527365
190	1	2	9.740000000000002	10.299999999999995
190	2	2	10.120000000000005	99.88
190	3	2	10.120000000000005	189.88
190	4	2	99.85858585858585	10.141414141414142
190	5	2	100.19	99.99
190	6	2	100.12	189.88
190	7	2	190.2164948453608	10.30927835051546
190	8	2	190.1199999999999	100.12000000000003
190	9	2	189.99999999999991	190
190	10	1	136.37185929648246	83.63819095477386
190	11	1	46.407960199004975	38.079601990049746
190	12	1	104.88557213930353	40.233830845771166
190	13	1	101.43500000000003	75.155
190	14	1	159.10500000000005	159.25
190	15	1	176.9199999999999	101.32999999999998
190	16	1	50.245	9.104999999999999
190	17	1	168.31000000000006	86.77000000000001
190	18	1	127.62499999999999	133.10500000000002
190	19	1	137.24500000000006	146.23999999999992
190	20	1	199.83168316831683	63.63366336633663
190	21	1	147.9100000000001	108.13000000000001
190	22	1	150.07000000000008	42.77500000000001
190	23	1	69.24000000000001	145.41000000000003
190	24	1	128.81500000000003	186.39999999999995
190	25	1	55.41000000000003	42.88000000000001
190	26	1	182.77611940298513	68.88059701492539
190	27	1	37.18999999999999	71.41999999999999
190	28	1	55.649999999999984	131.03999999999996
190	29	1	79.75500000000002	155.355
190	30	1	163.065	0.8800000000000523
190	31	1	126.39500000000001	92.69499999999995
190	32	1	104.55499999999999	131.34500000000003
190	33	1	127.12999999999998	14.72
190	34	1	44.55499999999997	155.85500000000005
190	35	1	37.55000000000002	191.30499999999998
190	36	1	135.30999999999995	118.10500000000002
190	37	1	193.90547263681592	160.27860696517413
190	38	1	38.68656716417912	7.5273631840796025
190	39	1	97.62999999999995	50.47499999999999
190	40	1	18.595000000000002	163.66000000000003
190	41	1	170.15499999999997	72.99500000000002
190	42	1	195.3819095477387	76.73366834170855
190	43	1	132.0398009950249	2.9751243781094545
190	44	1	2.72636815920398	152.58706467661702
190	45	1	93.55050505050508	112.5656565656566
190	46	1	92.57788944723619	122.97989949748747
190	47	1	41.34000000000001	83.59000000000003
190	48	1	82.43500000000002	74.80000000000003
190	49	1	53.67499999999997	147.13999999999987
190	50	1	180.81094527363186	85.03482587064678
190	51	1	163.74999999999997	37.17500000000002
190	52	1	154.26999999999992	80.44000000000005
190	53	1	29.378109452736325	101.7412935323383
190	54	1	187.53000000000011	45.85500000000001
190	55	1	11.93532338308458	150.26368159203983
190	56	1	28.29292929292929	82.91414141414145
190	57	1	118.91044776119402	127.61194029850755
190	58	1	63.587939698492455	10.040201005025132
190	59	1	74.68341708542715	68.3819095477387
200	1	2	9.740000000000002	10.299999999999995
200	2	2	10.120000000000005	99.88
200	3	2	10.120000000000005	189.88
200	4	2	99.85858585858585	10.141414141414142
200	5	2	100.19	99.99
200	6	2	100.12	189.88
200	7	2	190.2164948453608	10.30927835051546
200	8	2	190.1199999999999	100.12000000000003
200	9	2	189.99999999999991	190
200	10	1	136.45	82.87000000000003
200	11	1	46.78109452736318	36.069651741293505
200	12	1	105.41293532338308	41.18407960199005
200	13	1	100.60499999999995	75.23500000000003
200	14	1	158.81499999999997	158.68
200	15	1	177.20100502512557	99.99497487437189
200	16	1	51.22110552763817	10.211055276381906
200	17	1	167.6950000000001	85.51000000000002
200	18	1	127.76884422110557	132.77386934673356
200	19	1	135.88000000000005	146.975
200	20	1	1.7449999999999986	62.91500000000001
200	21	1	147.9699999999999	107.36
200	22	1	150.21500000000003	43.794999999999995
200	23	1	70.12060301507537	144.8040201005025
200	24	1	129.325	187.6900000000002
200	25	1	54.74499999999999	43.59499999999998
200	26	1	184.78391959798998	69.16080402010047
200	27	1	37.540000000000006	71.08500000000001
200	28	1	54.30150753768845	130.2914572864322
200	29	1	78.32999999999996	155.83500000000015
200	30	1	162.07	0.4450000000000216
200	31	1	126.82587064676626	91.726368159204
200	32	1	103.74499999999999	131.3999999999998
200	33	1	126.74499999999995	13.834999999999999
200	34	1	45.96517412935324	155.82587064676608
200	35	1	36.96000000000003	190.32499999999996
200	36	1	134.14925373134338	118.1990049751243
200	37	1	194.49	159.045
200	38	1	39.91044776119403	7.626865671641791
200	39	1	96.62000000000003	50.470000000000006
200	40	1	19.064676616915413	164.134328358209
200	41	1	171.48756218905464	72.02985074626864
200	42	1	197.06532663316582	75.59296482412054
200	43	1	133.54950495049502	3.1683168316831685
200	44	1	3.4649999999999994	152.84499999999994
200	45	1	93.56999999999995	112.30000000000003
200	46	1	93.08500000000001	122.80000000000003
200	47	1	41.97999999999998	83.24999999999999
200	48	1	82.93034825870646	75.82587064676612
200	49	1	54.12999999999999	146.07999999999998
200	50	1	180.99499999999995	84.59999999999994
200	51	1	163.8656716417911	36.04477611940297
200	52	1	155.19999999999996	79.51499999999997
200	53	1	28.730000000000025	101.07999999999997
200	54	1	185.285	46.67
200	55	1	12.945000000000004	151.145
200	56	1	28.31155778894472	82.88944723618096
200	57	1	117.72	128.47000000000008
200	58	1	65.28855721393032	10.064676616915422
200	59	1	75.14925373134331	69.39800995024868
210	1	2	9.740000000000002	10.299999999999995
210	2	2	10.120000000000005	99.88
210	3	2	10.120000000000005	189.88
210	4	2	99.85858585858585	10.141414141414142
210	5	2	100.19	99.99
210	6	2	100.12	189.88
210	7	2	190.2164948453608	10.30927835051546
210	8	2	190.1199999999999	100.12000000000003
210	9	2	189.99999999999991	190
210	10	1	136.82500000000002	82.49000000000001
210	11	1	47.22499999999998	34.39000000000001
210	12	1	106.01999999999998	42.305
210	13	1	100.30500000000004	75.39999999999998
210	14	1	158.69999999999993	158.5150000000001
210	15	1	176.78500000000003	98.02999999999994
210	16	1	52.305000000000014	10.760000000000003
210	17	1	167.265	84.31000000000003
210	18	1	127.97500000000008	131.7950000000001
210	19	1	134.29500000000004	146.515
210	20	1	3.3432835820895543	62.30845771144278
210	21	1	148.16500000000002	106.60499999999998
210	22	1	150.59500000000006	44.434999999999995
210	23	1	70.845	144.3450000000002
210	24	1	129.60000000000002	189.625
210	25	1	54.334999999999994	43.79500000000001
210	26	1	186.75499999999994	69.51000000000005
210	27	1	37.635	70.81499999999998
210	28	1	52.88000000000001	129.92999999999992
210	29	1	77.81	156.60999999999999
210	30	1	160.95522388059695	199.28358208955225
210	31	1	128.18407960199002	91.08955223880594
210	32	1	102.60199004975125	131.68159203980122
210	33	1	125.83919597989949	11.829145728643223
210	34	1	46.73000000000003	155.605
210	35	1	36.495000000000005	189.73499999999996
210	36	1	132.59798994974867	118.2814070351759
210	37	1	195.273631840796	158.18905472636814
210	38	1	40.445	7.3
210	39	1	95.69999999999996	49.7
210	40	1	19.753768844221106	163.90954773869348
210	41	1	173.07425742574262	71.52475247524754
210	42	1	198.825	75.21999999999994
210	43	1	134.02499999999992	3.2550000000000003
210	44	1	4.01005025125628	153.08542713567843
210	45	1	93.52500000000003	111.705
210	46	1	93.9748743718593	122.49748743718585
210	47	1	42.47000000000001	82.935
210	48	1	83.6965174129353	76.66666666666664
210	49	1	54.75000000000002	145.35000000000008
210	50	1	182.23383084577102	84.1641791044776
210	51	1	163.355	35.57999999999998
210	52	1	156.28500000000003	77.93499999999996
210	53	1	27.358208955223876	99.78606965174131
210	54	1	183.83919597989956	48.12060301507537
210	55	1	13.38	151.36499999999992
210	56	1	28.356783919597987	82.8743718592965
210	57	1	116.09500000000004	129.625
210	58	1	67.195	9.359999999999994
210	59	1	75.92039800995023	70.72139303482587
220	1	2	9.740000000000002	10.299999999999995
220	2	2	10.120000000000005	99.88
220	3	2	10.120000000000005	189.88
220	4	2	99.85858585858585	10.141414141414142
220	5	2	100.19	99.99
220	6	2	100.12	189.88
220	7	2	190.2164948453608	10.30927835051546
220	8	2	190.1199999999999	100.12000000000003
220	9	2	189.99999999999991	190
220	10	1	137.5075376884422	82.33165829145729
220	11	1	47.70000000000002	32.845
220	12	1	106.50000000000006	43.7
220	13	1	100.18000000000005	75.81499999999998
220	14	1	158.38	158.10000000000005
220	15	1	177.02487562189054	95.53731343283582
220	16	1	54.238805970149265	11.751243781094534
220	17	1	167.02000000000007	83.00000000000004
220	18	1	128.70000000000007	130.52999999999997
220	19	1	133.1641791044776	145.35820895522394
220	20	1	4.705000000000003	61.89
220	21	1	148.3768844221106	105.66331658291458
220	22	1	150.82000000000008	45.114999999999995
220	23	1	71.28000000000003	144.35500000000002
220	24	1	130.07960199004978	190.66169154228845
220	25	1	53.37500000000003	44.025000000000055
220	26	1	187.90999999999994	69.25499999999998
220	27	1	38.045000000000016	70.64500000000004
220	28	1	51.659999999999975	129.7100000000001
220	29	1	77.51500000000001	156.9099999999999
220	30	1	159.83000000000013	198.1199999999999
220	31	1	129.04975124378115	90.54228855721392
220	32	1	101.42786069651741	131.2985074626865
220	33	1	125.31500000000005	10.105000000000004
220	34	1	47.74499999999998	155.2800000000001
220	35	1	36.095000000000006	188.76
220	36	1	131.46534653465346	118.13366336633666
220	37	1	195.755	156.90999999999994
220	38	1	41.380000000000024	6.559999999999998
220	39	1	94.75000000000006	48.914999999999985
220	40	1	20.43499999999999	164.1899999999999
220	41	1	174.10499999999996	71.11499999999998
220	42	1	199.835	74.56499999999997
220	43	1	134.87939698492465	2.984924623115581
220	44	1	4.549999999999998	153.20500000000013
220	45	1	93.02499999999999	110.75999999999995
220	46	1	95.20499999999998	121.68499999999999
220	47	1	42.605000000000004	82.54999999999997
220	48	1	84.52736318407962	77.02487562189054
220	49	1	55.31500000000001	144.43499999999997
220	50	1	183.31155778894464	83.29648241206029
220	51	1	163.2149999999999	35.14
220	52	1	156.96500000000003	76.39500000000004
220	53	1	26.085427135678405	98.23115577889448
220	54	1	182.73	49.03499999999999
220	55	1	14.36180904522613	152.09045226130658
220	56	1	28.306532663316574	82.85929648241203
220	57	1	114.89552238805976	131.42786069651737
220	58	1	69	9.445
220	59	1	76.54773869346737	71.79899497487435
230	1	2	9.740000000000002	10.299999999999995
230	2	2	10.120000000000005	99.88
230	3	2	10.120000000000005	189.88
230	4	2	99.85858585858585	10.141414141414142
230	5	2	100.19	99.99
230	6	2	100.12	189.88
230	7	2	190.2164948453608	10.30927835051546
230	8	2	190.1199999999999	100.12000000000003
230	9	2	189.99999999999991	190
230	10	1	137.99500000000006	82.25499999999997
230	11	1	48.88499999999999	32.12
230	12	1	107.06500000000003	44.835000000000015
230	13	1	99.99499999999998	76.14499999999994
230	14	1	157.96499999999992	158.05
230	15	1	177.13500000000008	93.96499999999999
230	16	1	56.09999999999998	12.330000000000005
230	17	1	166.8656716417911	81.6268656716418
230	18	1	128.79601990049755	130.2985074626865
230	19	1	132.44500000000002	144.22000000000017
230	20	1	5.790000000000001	61.13999999999998
230	21	1	148.83	104.83500000000002
230	22	1	150.53731343283582	45.890547263681604
230	23	1	71.66834170854275	144.20100502512557
230	24	1	130.31155778894478	191.41708542713582
230	25	1	51.65000000000002	44.330000000000034
230	26	1	189.18000000000004	69.73500000000004
230	27	1	38.59500000000001	70.56499999999994
230	28	1	50.58000000000002	129.82500000000013
230	29	1	77.61500000000004	157.1250000000001
230	30	1	158.94029850746261	196.7910447761194
230	31	1	130.5671641791045	90.45771144278605
230	32	1	100.77999999999997	131.35500000000005
230	33	1	124.86999999999998	8.950000000000005
230	34	1	49.27	154.46499999999992
230	35	1	35.95499999999999	188.38500000000002
230	36	1	130.17999999999992	118.45500000000006
230	37	1	196.2	156.1450000000001
230	38	1	42.20398009950248	4.98507462686567
230	39	1	93.10499999999999	47.72499999999999
230	40	1	21.00497512437811	164.35820895522392
230	41	1	175.38190954773873	71.6582914572864
230	42	1	2.095477386934672	73.54773869346734
230	43	1	135.38308457711443	2.686567164179106
230	44	1	4.72	152.8049999999999
230	45	1	92.915	110.32999999999998
230	46	1	96.75621890547269	121.1890547263681
230	47	1	42.5223880597015	81.94029850746269
230	48	1	85.70351758793969	77.78391959798995
230	49	1	56.25499999999999	143.44000000000003
230	50	1	185.19597989949753	83.12060301507532
230	51	1	162.92499999999998	35.209999999999994
230	52	1	157.5223880597015	74.72636815920407
230	53	1	25.214999999999996	96.96499999999996
230	54	1	181.38308457711443	49.910447761194014
230	55	1	14.975124378109449	152.60199004975127
230	56	1	28.30150753768844	82.82914572864323
230	57	1	114.16417910447758	132.40796019900506
230	58	1	70.70000000000002	9.545000000000002
230	59	1	77.26633165829148	72.8442211055277
240	1	2	9.740000000000002	10.299999999999995
240	2	2	10.120000000000005	99.88
240	3	2	10.120000000000005	189.88
240	4	2	99.85858585858585	10.141414141414142
240	5	2	100.19	99.99
240	6	2	100.12	189.88
240	7	2	190.2164948453608	10.30927835051546
240	8	2	190.1199999999999	100.12000000000003
240	9	2	189.99999999999991	190
240	10	1	138.73499999999996	82.12000000000005
240	11	1	49.79104477611943	31.86567164179104
240	12	1	107.1492537313433	45.835820895522374
240	13	1	99.72864321608037	76.96482412060303
240	14	1	157.77499999999998	158.38500000000016
240	15	1	177.69154228855726	92.10945273631836
240	16	1	58.25870646766172	12.393034825870643
240	17	1	166.98994974874378	80.69346733668337
240	18	1	128.75999999999993	129.97500000000008
240	19	1	132.03015075376882	142.71356783919606
240	20	1	7.180000000000001	60.59000000000002
240	21	1	149.0900000000001	104.57999999999997
240	22	1	150.62	46.825
240	23	1	71.70500000000006	143.57500000000007
240	24	1	130.38999999999996	191.6349999999999
240	25	1	50.145	43.779999999999966
240	26	1	190.731343283582	70.00000000000001
240	27	1	39.10000000000002	70.79999999999995
240	28	1	49.12	129.95000000000002
240	29	1	77.25999999999999	156.83000000000007
240	30	1	158.36	196.16500000000008
240	31	1	132.9054726368159	90.46268656716418
240	32	1	99.54500000000006	131.01500000000001
240	33	1	124.4477611940298	7.880597014925371
240	34	1	51.59499999999999	154.25500000000005
240	35	1	35.760000000000005	188.16499999999994
240	36	1	128.76999999999995	119.225
240	37	1	196.32	155.83999999999995
240	38	1	43.185	4.1
240	39	1	91.88000000000005	46.88
240	40	1	21.810000000000006	164.225
240	41	1	176.49000000000004	72.75500000000004
240	42	1	4.025	72.75999999999995
240	43	1	135.80499999999998	2.46
240	44	1	5.074999999999996	152.93499999999995
240	45	1	92.14000000000001	110.35500000000002
240	46	1	97.98500000000003	120.80499999999999
240	47	1	42.89499999999998	81.28999999999998
240	48	1	86.06532663316578	78.84924623115577
240	49	1	57.01492537313433	142.4626865671642
240	50	1	187.7014925373134	83.04975124378113
240	51	1	162.27000000000007	35.53000000000001
240	52	1	158.16	73.66499999999996
240	53	1	24.41206030150753	94.52261306532668
240	54	1	180.48000000000008	50.955
240	55	1	15.795000000000002	152.90500000000006
240	56	1	28.316582914572873	82.8090452261307
240	57	1	113.37185929648244	133.4824120603015
240	58	1	72.21890547263676	9.940298507462684
240	59	1	77.96534653465346	73.56435643564355
250	1	2	9.740000000000002	10.299999999999995
250	2	2	10.120000000000005	99.88
250	3	2	10.120000000000005	189.88
250	4	2	99.85858585858585	10.141414141414142
250	5	2	100.19	99.99
250	6	2	100.12	189.88
250	7	2	190.2164948453608	10.30927835051546
250	8	2	190.1199999999999	100.12000000000003
250	9	2	189.99999999999991	190
250	10	1	139.99500000000012	81.82500000000005
250	11	1	50.72999999999996	32.39999999999999
250	12	1	106.2985074626866	47.56218905472637
250	13	1	99.21500000000002	77.15
250	14	1	157.16999999999993	158.96
250	15	1	178.25373134328348	90.49253731343283
250	16	1	60.50500000000002	12.925
250	17	1	167.08955223880594	79.61194029850742
250	18	1	128.26	129.77
250	19	1	131.72636815920407	141.6318407960199
250	20	1	8.919597989949743	59.608040201005046
250	21	1	149.10500000000002	104.275
250	22	1	150.86567164179104	48.04975124378108
250	23	1	71.636815920398	142.71641791044775
250	24	1	130.65999999999983	191.85000000000008
250	25	1	48.834999999999944	43.33499999999998
250	26	1	192.26130653266318	69.93969849246238
250	27	1	39.82412060301509	70.92462311557789
250	28	1	47.33830845771145	131.04477611940294
250	29	1	77.13432835820896	156.91044776119395
250	30	1	157.3582089552238	195.33333333333343
250	31	1	133.89500000000004	90.42499999999994
250	32	1	98.59499999999994	130.905
250	33	1	123.52499999999996	6.2200000000000015
250	34	1	53.16915422885571	153.4776119402985
250	35	1	35.555000000000014	188.01499999999993
250	36	1	128.14000000000004	119.59499999999994
250	37	1	196.235	155.1900000000001
250	38	1	44.17412935323384	3.98009950248756
250	39	1	90.40000000000005	46.27499999999997
250	40	1	22.190000000000005	164.47000000000006
250	41	1	177.39000000000004	72.72499999999998
250	42	1	4.780000000000002	71.63999999999999
250	43	1	136.1144278606966	2.4676616915422858
250	44	1	5.44	152.67000000000002
250	45	1	91.13000000000002	110.87000000000008
250	46	1	99.21890547263682	120.74626865671644
250	47	1	42.744999999999976	81.22500000000001
250	48	1	86.30500000000002	79.71999999999997
250	49	1	57.53	140.94
250	50	1	188.9849999999999	82.42999999999998
250	51	1	161.27499999999998	36.18000000000003
250	52	1	158.27000000000012	72.39
250	53	1	23.885	92.84999999999998
250	54	1	179.40796019900503	51.78109452736316
250	55	1	17.085000000000004	153.4
250	56	1	28.34500000000001	82.84
250	57	1	112.59203980099504	134.67164179104475
250	58	1	73.82500000000005	9.685000000000004
250	59	1	78.59999999999998	73.81500000000004
260	1	2	9.740000000000002	10.299999999999995
260	2	2	10.120000000000005	99.88
260	3	2	10.120000000000005	189.88
260	4	2	99.85858585858585	10.141414141414142
260	5	2	100.19	99.99
260	6	2	100.12	189.88
260	7	2	190.2164948453608	10.30927835051546
260	8	2	190.1199999999999	100.12000000000003
260	9	2	189.99999999999991	190
260	10	1	140.7960199004975	81.75621890547265
260	11	1	51.291457286432184	32.70854271356783
260	12	1	105.61500000000001	49.609999999999985
260	13	1	98.59000000000003	78.23499999999997
260	14	1	156.67	159.13499999999993
260	15	1	178.47999999999993	88.97499999999995
260	16	1	62.31840796019901	13.48756218905472
260	17	1	167.51499999999987	78.015
260	18	1	127.74499999999999	129.60000000000008
260	19	1	131.02487562189057	140.4328358208956
260	20	1	10.004999999999999	59.31999999999999
260	21	1	149.070351758794	103.82914572864327
260	22	1	151.06500000000003	49.39500000000001
260	23	1	71.52500000000003	141.93000000000004
260	24	1	131.34825870646776	191.8756218905473
260	25	1	47.21105527638193	42.32160804020099
260	26	1	194.055	69.48999999999995
260	27	1	40.47499999999997	70.74999999999996
260	28	1	46.00999999999999	132.295
260	29	1	77.08000000000003	157.075
260	30	1	156.23000000000005	195.04499999999996
260	31	1	134.755	90.84500000000003
260	32	1	97.62000000000002	130.29500000000004
260	33	1	123.05499999999998	5.025000000000001
260	34	1	55.08	152.2300000000001
260	35	1	35.68500000000003	188.17499999999998
260	36	1	126.58	120.28000000000002
260	37	1	196.435	154.56499999999997
260	38	1	45.33668341708544	5.0201005025125625
260	39	1	89.44059405940591	46.41089108910891
260	40	1	22.39698492462313	165.1859296482412
260	41	1	178.5049999999998	72.31499999999993
260	42	1	6.044999999999998	71.01499999999993
260	43	1	136.6449999999998	2.1900000000000026
260	44	1	5.809999999999999	152.835
260	45	1	90.50248756218906	111.54726368159204
260	46	1	100.1990049751244	120.39800995024878
260	47	1	43.15500000000003	80.82
260	48	1	86.66500000000005	80.35999999999999
260	49	1	58.09547738693469	139.4221105527638
260	50	1	189.70000000000002	81.86000000000004
260	51	1	160.23500000000004	36.664999999999985
260	52	1	158.50499999999994	71.83
260	53	1	23.37500000000001	91.75000000000004
260	54	1	178.4500000000001	53.18999999999999
260	55	1	18.30653266331658	153.71859296482413
260	56	1	28.201005025125614	82.50753768844223
260	57	1	111.53768844221106	134.97487437185924
260	58	1	76.11999999999996	10.06
260	59	1	79.05000000000003	74.21499999999996
270	1	2	9.740000000000002	10.299999999999995
270	2	2	10.120000000000005	99.88
270	3	2	10.120000000000005	189.88
270	4	2	99.85858585858585	10.141414141414142
270	5	2	100.19	99.99
270	6	2	100.12	189.88
270	7	2	190.2164948453608	10.30927835051546
270	8	2	190.1199999999999	100.12000000000003
270	9	2	189.99999999999991	190
270	10	1	141.27638190954764	81.78391959798996
270	11	1	51.73631840796019	33.20398009950247
270	12	1	105.225	51.45
270	13	1	98.10000000000002	79.035
270	14	1	156.02	159.78000000000003
270	15	1	179.04975124378106	87.18905472636811
270	16	1	64.2089552238806	13.91044776119403
270	17	1	167.88500000000002	76.95999999999998
270	18	1	127.27500000000003	129.65000000000012
270	19	1	130.66000000000003	139.81999999999996
270	20	1	11.185929648241205	58.94472361809046
270	21	1	149.19499999999994	103.57999999999996
270	22	1	151.06467661691528	50.42288557213929
270	23	1	71.58706467661696	141.3333333333333
270	24	1	131.79601990049764	191.955223880597
270	25	1	45.86499999999997	42.01999999999999
270	26	1	195.62	68.75499999999997
270	27	1	41.16999999999996	70.545
270	28	1	44.15000000000002	133.135
270	29	1	76.41000000000001	157.06
270	30	1	155.11442786069645	194.87562189054722
270	31	1	135.83084577114425	91.39303482587064
270	32	1	96.76616915422882	129.77114427860693
270	33	1	122.49499999999999	3.9199999999999986
270	34	1	56.592039800995046	151.3383084577115
270	35	1	35.37499999999999	188.16500000000008
270	36	1	124.93069306930695	120.62376237623762
270	37	1	196.595	154.42499999999998
270	38	1	46.460000000000015	5.625000000000003
270	39	1	89.23000000000003	46.6
270	40	1	23.713567839195985	164.93969849246236
270	41	1	179.52500000000003	71.71499999999996
270	42	1	6.7236180904522636	70.44221105527636
270	43	1	136.91044776119395	1.9154228855721387
270	44	1	6.130000000000001	152.50000000000006
270	45	1	90.10500000000002	112.52000000000005
270	46	1	101.79000000000002	120.49999999999997
270	47	1	43.410000000000025	80.515
270	48	1	87.11055276381911	81.63316582914575
270	49	1	58.11940298507464	137.9303482587066
270	50	1	190.5427135678392	80.70854271356781
270	51	1	159.17000000000002	37.79499999999999
270	52	1	158.92000000000007	70.88999999999997
270	53	1	23.49	90.86500000000002
270	54	1	178.21393034825874	54.08457711442789
270	55	1	19.771144278606947	154.26368159203986
270	56	1	28.145728643216085	82.43718592964824
270	57	1	110.5125628140704	135.3165829145728
270	58	1	77.94500000000004	9.710000000000008
270	59	1	80.64999999999999	74.42499999999998
280	1	2	9.740000000000002	10.299999999999995
280	2	2	10.120000000000005	99.88
280	3	2	10.120000000000005	189.88
280	4	2	99.85858585858585	10.141414141414142
280	5	2	100.19	99.99
280	6	2	100.12	189.88
280	7	2	190.2164948453608	10.30927835051546
280	8	2	190.1199999999999	100.12000000000003
280	9	2	189.99999999999991	190
280	10	1	142.15422885572144	81.59203980099507
280	11	1	51.788944723618094	34.14070351758794
280	12	1	105.44776119402981	52.970149253731314
280	13	1	97.20603015075375	80.28140703517586
280	14	1	155.36499999999992	160.06999999999994
280	15	1	179.0346534653466	85.64356435643569
280	16	1	65.95477386934675	14.09547738693467
280	17	1	167.93467336683418	75.96984924623108
280	18	1	126.84499999999996	129.78000000000003
280	19	1	129.31840796019895	139.7462686567165
280	20	1	12.388059701492535	58.626865671641795
280	21	1	149.32500000000005	103.26999999999997
280	22	1	151.52499999999998	51.525
280	23	1	71.61691542288561	140.21890547263683
280	24	1	132.41791044776122	191.8706467661693
280	25	1	43.91542288557216	41.8407960199005
280	26	1	196.83	67.93
280	27	1	41.82412060301509	70.53768844221105
280	28	1	43.52736318407961	133.2587064676618
280	29	1	75.54228855721392	157.46766169154233
280	30	1	154.43999999999997	194.96500000000006
280	31	1	136.31000000000006	91.79500000000004
280	32	1	95.79999999999997	129.39500000000007
280	33	1	122.565	3.235000000000001
280	34	1	58.07000000000001	149.735
280	35	1	35.780000000000015	188.37000000000003
280	36	1	123.52736318407963	121.18905472636817
280	37	1	196.485	153.6149999999999
280	38	1	47.809999999999995	6.115000000000094
280	39	1	88.48999999999994	46.81499999999997
280	40	1	23.885000000000005	164.55499999999998
280	41	1	180.15999999999994	71.21499999999997
280	42	1	7.834999999999999	69.78499999999998
280	43	1	137.10552763819106	1.8291457286432156
280	44	1	6.145728643216083	152.2562814070351
280	45	1	89.9849246231155	113.24623115577886
280	46	1	102.78999999999996	120.86
280	47	1	43.47999999999998	80.26999999999998
280	48	1	86.99999999999996	82.54271356783924
280	49	1	58.21499999999998	136.56500000000017
280	50	1	191.4321608040201	79.96482412060301
280	51	1	158.11	38.93499999999998
280	52	1	159.3900000000001	70.21999999999998
280	53	1	23.424999999999997	90.70000000000005
280	54	1	177.36000000000004	54.61499999999998
280	55	1	20.829145728643216	154.30653266331652
280	56	1	28.120603015075364	82.50753768844221
280	57	1	109.11500000000004	135.51000000000005
280	58	1	79.43	9.975000000000001
280	59	1	81.115	74.78500000000003
290	1	2	9.740000000000002	10.299999999999995
290	2	2	10.120000000000005	99.88
290	3	2	10.120000000000005	189.88
290	4	2	99.85858585858585	10.141414141414142
290	5	2	100.19	99.99
290	6	2	100.12	189.88
290	7	2	190.2164948453608	10.30927835051546
290	8	2	190.1199999999999	100.12000000000003
290	9	2	189.99999999999991	190
290	10	1	142.54999999999987	81.44500000000004
290	11	1	51.70149253731344	34.99004975124379
290	12	1	105.55999999999996	53.925000000000004
290	13	1	96.80499999999998	81.695
290	14	1	154.35999999999996	160.74500000000006
290	15	1	179.4249999999999	84.53000000000007
290	16	1	67.62000000000012	13.315000000000003
290	17	1	168.04522613065316	75.42713567839202
290	18	1	126.66999999999999	129.81499999999997
290	19	1	128.28140703517585	139.79899497487435
290	20	1	13.655	58.814999999999976
290	21	1	149.54999999999998	103.06000000000003
290	22	1	152.21	52.68999999999999
290	23	1	71.51	139.73999999999995
290	24	1	133.01	191.81500000000003
290	25	1	42.29000000000002	42.19500000000001
290	26	1	197.28855721393035	67.11442786069654
290	27	1	42.655000000000015	70.595
290	28	1	42.92537313432838	133.67661691542298
290	29	1	74.70500000000001	157.94999999999996
290	30	1	153.87064676616913	195.15920398009945
290	31	1	136.34328358208953	92.49253731343283
290	32	1	95.42000000000007	129.16
290	33	1	122.44221105527635	2.472361809045225
290	34	1	58.84999999999999	148.63500000000008
290	35	1	36.515	188.9649999999999
290	36	1	122.615	121.26499999999999
290	37	1	196.50248756218906	152.88557213930338
290	38	1	49.11499999999999	7.129999999999999
290	39	1	88.20500000000001	46.954999999999984
290	40	1	23.89054726368159	164.134328358209
290	41	1	180.53731343283584	70.68159203980093
290	42	1	8.09	68.72500000000004
290	43	1	137.4221105527637	1.4824120603015085
290	44	1	6.708542713567837	152.20100502512562
290	45	1	89.85572139303481	114.30348258706465
290	46	1	103.67499999999994	121.29999999999997
290	47	1	42.86500000000001	80.58500000000002
290	48	1	87.19999999999997	83.22000000000001
290	49	1	57.80402010050251	135.5477386934673
290	50	1	192.335	78.83500000000001
290	51	1	156.81000000000006	40.33500000000002
290	52	1	160.08955223880596	69.29850746268659
290	53	1	23.512562814070364	90.33668341708544
290	54	1	176.34328358208955	55.06467661691542
290	55	1	22.98	154.32999999999993
290	56	1	27.930000000000007	82.355
290	57	1	108.13930348258712	135.9552238805971
290	58	1	81.31	10.169999999999995
290	59	1	81.47499999999997	75.24000000000001
300	1	2	9.740000000000002	10.299999999999995
300	2	2	10.120000000000005	99.88
300	3	2	10.120000000000005	189.88
300	4	2	99.85858585858585	10.141414141414142
300	5	2	100.19	99.99
300	6	2	100.12	189.88
300	7	2	190.2164948453608	10.30927835051546
300	8	2	190.1199999999999	100.12000000000003
300	9	2	189.99999999999991	190
300	10	1	143.17910447761196	81.4179104477612
300	11	1	51.60500000000002	36.23500000000003
300	12	1	105.94029850746271	55.01990049751243
300	13	1	96.35000000000002	83.10499999999998
300	14	1	153.20000000000002	161.16500000000005
300	15	1	179.87500000000003	83.68
300	16	1	69.39999999999996	12.430000000000001
300	17	1	168.18499999999995	74.43999999999991
300	18	1	127.22499999999998	130.00500000000008
300	19	1	126.98499999999997	140.04999999999995
300	20	1	14.761194029850744	59.57213930348257
300	21	1	149.76500000000013	102.31999999999998
300	22	1	152.72000000000006	53.195
300	23	1	71.75621890547262	139.65671641791045
300	24	1	133.48999999999998	191.72500000000005
300	25	1	40.82499999999998	42.01000000000002
300	26	1	197.51	66.49000000000002
300	27	1	42.91999999999998	70.63999999999999
300	28	1	42.354999999999976	133.7650000000001
300	29	1	73.56499999999997	158.94000000000005
300	30	1	153.48000000000002	194.9850000000001
300	31	1	136.76616915422878	93.20398009950247
300	32	1	95.07537688442207	129.01005025125633
300	33	1	121.60199004975115	1.099502487562205
300	34	1	59.845771144278615	147.57213930348252
300	35	1	37.93999999999999	189.55999999999995
300	36	1	122.065	121.54499999999994
300	37	1	196.5929648241206	152.41206030150764
300	38	1	50.43283582089552	8.17910447761193
300	39	1	87.90452261306537	47.23618090452264
300	40	1	24.437185929648233	163.77386934673376
300	41	1	181.195	70.32499999999999
300	42	1	7.950248756218901	67.51741293532335
300	43	1	137.1949999999999	1.23
300	44	1	7.32663316582915	152.27638190954792
300	45	1	89.82089552238801	115.3980099502487
300	46	1	104.42	121.67499999999997
300	47	1	42.725	80.85500000000003
300	48	1	87.13500000000002	84.23500000000001
300	49	1	57.358208955223894	134.74626865671635
300	50	1	193.07960199004975	77.74129353233826
300	51	1	155.9701492537312	41.26368159203979
300	52	1	160.32663316582918	68.80904522613062
300	53	1	24.080000000000013	90.335
300	54	1	175.415	56.29499999999999
300	55	1	24.179999999999996	154.61499999999992
300	56	1	27.85	82.105
300	57	1	107.23999999999994	136.25000000000003
300	58	1	82.83999999999997	10.719999999999999
300	59	1	81.78499999999998	75.26499999999999
310	1	2	9.740000000000002	10.299999999999995
310	2	2	10.120000000000005	99.88
310	3	2	10.120000000000005	189.88
310	4	2	99.85858585858585	10.141414141414142
310	5	2	100.19	99.99
310	6	2	100.12	189.88
310	7	2	190.2164948453608	10.30927835051546
310	8	2	190.1199999999999	100.12000000000003
310	9	2	189.99999999999991	190
310	10	1	143.67336683417096	81.51256281407036
310	11	1	51.31000000000002	37.405
310	12	1	106.65	55.370000000000005
310	13	1	96.03999999999992	84.075
310	14	1	152.73500000000007	161.52500000000003
310	15	1	179.6550000000001	82.78500000000001
310	16	1	71.05999999999996	11.76999999999999
310	17	1	168.2663316582914	73.5879396984924
310	18	1	127.53233830845777	130.22885572139302
310	19	1	125.32500000000007	140.68499999999992
310	20	1	16.004999999999995	59.86
310	21	1	149.705	101.98000000000002
310	22	1	153.835	53.359999999999985
310	23	1	71.97000000000003	139.00500000000002
310	24	1	133.46000000000012	191.90000000000003
310	25	1	39.582089552238806	42.09452736318409
310	26	1	197.84	66.35000000000004
310	27	1	43.44	70.78999999999998
310	28	1	42.410000000000004	134.16999999999996
310	29	1	72.56500000000003	159.74500000000006
310	30	1	153.36499999999995	194.79499999999996
310	31	1	136.82914572864317	94.39195979899498
310	32	1	94.64999999999993	128.77
310	33	1	121.29499999999999	0.1999999999999602
310	34	1	61.02500000000004	147.13499999999993
310	35	1	39.66666666666667	190.38308457711452
310	36	1	121.61691542288557	121.84079601990055
310	37	1	197.02010050251258	152.00000000000003
310	38	1	51.63000000000001	9.295000000000002
310	39	1	87.63000000000002	47.285000000000025
310	40	1	24.485000000000007	163.50999999999993
310	41	1	181.820895522388	69.54228855721392
310	42	1	7.975000000000001	66.41000000000003
310	43	1	137.4626865671641	1.07960199004975
310	44	1	8.666666666666666	152.20895522388062
310	45	1	89.36500000000002	116.26
310	46	1	105.1691542288557	122.17412935323381
310	47	1	42.37688442211053	81.30150753768844
310	48	1	87.26999999999991	84.18499999999997
310	49	1	57.06000000000001	134.29000000000008
310	50	1	193.5771144278607	76.46268656716417
310	51	1	154.26865671641787	41.865671641791046
310	52	1	160.675	68.09500000000001
310	53	1	24.381909547738687	90.31155778894471
310	54	1	174.45499999999998	57.00500000000002
310	55	1	25.72864321608041	154.643216080402
310	56	1	27.582914572864333	81.80402010050248
310	57	1	106.07999999999998	136.56500000000005
310	58	1	84.61499999999995	10.889999999999997
310	59	1	81.85500000000005	75.49499999999992
320	1	2	9.740000000000002	10.299999999999995
320	2	2	10.120000000000005	99.88
320	3	2	10.120000000000005	189.88
320	4	2	99.85858585858585	10.141414141414142
320	5	2	100.19	99.99
320	6	2	100.12	189.88
320	7	2	190.2164948453608	10.30927835051546
320	8	2	190.1199999999999	100.12000000000003
320	9	2	189.99999999999991	190
320	10	1	143.9698492462312	81.52763819095478
320	11	1	50.87499999999998	38.41
320	12	1	107.50500000000002	55.98000000000001
320	13	1	96.15499999999999	85.22500000000001
320	14	1	151.82500000000013	161.85500000000013
320	15	1	179.83000000000004	82.27999999999997
320	16	1	72.27500000000003	11.155000000000003
320	17	1	168.59296482412054	72.89949748743722
320	18	1	128.395	130.80999999999997
320	19	1	123.91499999999998	141.1499999999999
320	20	1	17.716417910447753	60.2587064676617
320	21	1	149.57999999999998	101.76500000000001
320	22	1	155.05527638190964	54.05527638190956
320	23	1	71.54726368159209	138.46268656716418
320	24	1	133.72	192.05
320	25	1	39.22885572139305	41.67164179104474
320	26	1	198.59	66.65499999999999
320	27	1	43.884999999999984	70.965
320	28	1	42.83499999999999	134.45999999999992
320	29	1	71.59296482412059	159.93467336683418
320	30	1	152.90452261306538	194.54773869346735
320	31	1	137.55721393034827	95.094527363184
320	32	1	94.38000000000002	128.5949999999999
320	33	1	120.80099502487563	198.9452736318409
320	34	1	61.726368159203965	146.86567164179095
320	35	1	41.34000000000002	191.70500000000004
320	36	1	120.91000000000004	122.66000000000003
320	37	1	197.80099502487562	151.47263681592037
320	38	1	52.795000000000016	10.310000000000004
320	39	1	87.45500000000001	47.74499999999999
320	40	1	24.555	163.24999999999994
320	41	1	182.16500000000002	69.1
320	42	1	8.480000000000004	65.65999999999994
320	43	1	137.05527638190952	1.5477386934673378
320	44	1	10.213930348258703	151.77114427860704
320	45	1	89.35500000000002	116.82000000000004
320	46	1	105.78999999999995	122.70000000000002
320	47	1	41.89447236180903	82.10552763819089
320	48	1	87.43999999999998	84.63000000000001
320	49	1	56.93467336683417	133.57286432160805
320	50	1	193.96	75.64500000000004
320	51	1	153.21717171717157	42.95959595959596
320	52	1	160.88500000000002	67.55500000000004
320	53	1	24.575	90.32499999999993
320	54	1	173.78	57.05
320	55	1	27.300000000000004	154.555
320	56	1	27.537688442211053	81.77386934673368
320	57	1	105.08499999999998	136.97
320	58	1	85.79104477611939	11.014925373134323
320	59	1	81.69346733668341	75.82412060301507
330	1	2	9.740000000000002	10.299999999999995
330	2	2	10.120000000000005	99.88
330	3	2	10.120000000000005	189.88
330	4	2	99.85858585858585	10.141414141414142
330	5	2	100.19	99.99
330	6	2	100.12	189.88
330	7	2	190.2164948453608	10.30927835051546
330	8	2	190.1199999999999	100.12000000000003
330	9	2	189.99999999999991	190
330	10	1	144.56500000000008	81.575
330	11	1	50.524999999999984	39.57500000000001
330	12	1	107.79999999999994	56.34499999999999
330	13	1	96.165	86.175
330	14	1	151.54000000000008	162.0300000000001
330	15	1	180.13500000000002	81.76000000000003
330	16	1	73.585	10.319999999999995
330	17	1	168.6300000000001	72.52499999999998
330	18	1	129.68499999999997	131.23500000000007
330	19	1	122.39499999999997	141.63000000000014
330	20	1	19.044776119402986	60.59203980099501
330	21	1	149.24120603015078	101.34170854271356
330	22	1	155.25499999999988	54.60500000000001
330	23	1	71.44500000000006	138.085
330	24	1	133.96500000000006	192.14999999999998
330	25	1	39.049751243781074	41.378109452736325
330	26	1	199.273631840796	67.06965174129351
330	27	1	44.95499999999996	71.175
330	28	1	42.73366834170854	134.40201005025125
330	29	1	70.04500000000002	160.11500000000012
330	30	1	152.6500000000001	194.54499999999996
330	31	1	138.0398009950249	95.59701492537313
330	32	1	94.2700000000001	128.265
330	33	1	120.50999999999996	198.40499999999994
330	34	1	61.925000000000004	146.38499999999996
330	35	1	42.824120603015075	192.8391959798996
330	36	1	120.12000000000002	123.76999999999995
330	37	1	198.435	151.15500000000006
330	38	1	53.419999999999995	10.94
330	39	1	88.00999999999995	48.120000000000026
330	40	1	24.251256281407034	162.78391959798992
330	41	1	182.22999999999996	68.74999999999999
330	42	1	9.427860696517415	64.74129353233832
330	43	1	136.78500000000005	1.6600000000000001
330	44	1	11.584999999999996	150.95499999999987
330	45	1	89.24	117.46999999999996
330	46	1	106.42499999999993	123.26499999999999
330	47	1	41.693467336683405	82.56281407035173
330	48	1	87.54999999999995	84.68
330	49	1	56.5226130653266	132.90452261306538
330	50	1	194.545	75.27999999999996
330	51	1	152.20895522388037	43.98507462686567
330	52	1	160.85	66.87500000000001
330	53	1	24.562814070351756	90.42713567839193
330	54	1	173.4572864321607	56.76884422110551
330	55	1	28.354999999999997	154.21000000000015
330	56	1	27.580000000000002	81.40000000000003
330	57	1	104.23000000000008	137.25500000000002
330	58	1	86.63000000000004	11.175
330	59	1	81.83499999999995	76.05499999999999
340	1	2	9.740000000000002	10.299999999999995
340	2	2	10.120000000000005	99.88
340	3	2	10.120000000000005	189.88
340	4	2	99.85858585858585	10.141414141414142
340	5	2	100.19	99.99
340	6	2	100.12	189.88
340	7	2	190.2164948453608	10.30927835051546
340	8	2	190.1199999999999	100.12000000000003
340	9	2	189.99999999999991	190
340	10	1	144.85999999999999	81.79500000000004
340	11	1	49.85572139303483	40.099502487562205
340	12	1	107.985	56.399999999999984
340	13	1	96.17000000000004	87.28999999999994
340	14	1	151.54500000000007	162.025
340	15	1	181.15499999999997	81.29500000000002
340	16	1	75.32000000000002	9.875
340	17	1	169.1400000000001	72.48499999999996
340	18	1	130.11499999999992	131.895
340	19	1	121.05999999999999	141.99499999999998
340	20	1	20.304999999999996	61.10500000000001
340	21	1	148.84000000000003	100.16500000000002
340	22	1	155.50000000000009	55.15500000000001
340	23	1	71.33668341708545	138.2412060301508
340	24	1	133.905	192.5900000000002
340	25	1	38.879999999999995	41.3
340	26	1	0.1849999999999999	67.59000000000002
340	27	1	45.07960199004977	71.54228855721387
340	28	1	42.724999999999994	134.50000000000006
340	29	1	68.29499999999997	160.69
340	30	1	152.00499999999997	194.98499999999993
340	31	1	138.7650000000001	96.47000000000001
340	32	1	94.35175879396989	127.95477386934668
340	33	1	119.77000000000005	197.435
340	34	1	62.41791044776119	146.0696517412936
340	35	1	44.20100502512563	193.57286432160805
340	36	1	119.87499999999996	124.77000000000004
340	37	1	199.59	150.4299999999999
340	38	1	54.279999999999994	11.475000000000005
340	39	1	88.46499999999997	48.38000000000001
340	40	1	24.281407035175885	162.93969849246236
340	41	1	182.5273631840796	67.6019900497513
340	42	1	10.577114427860698	64.08955223880596
340	43	1	136.03000000000011	1.9599999999999995
340	44	1	13.343283582089562	149.97512437810937
340	45	1	89.31500000000001	118.13999999999996
340	46	1	107.09	123.8
340	47	1	41.8894472361809	83.49748743718591
340	48	1	87.54000000000002	84.51
340	49	1	55.330000000000005	132.1100000000001
340	50	1	194.875	74.79499999999996
340	51	1	150.98999999999992	44.955
340	52	1	160.99499999999992	67.22999999999999
340	53	1	24.859999999999992	90.49999999999999
340	54	1	172.98499999999984	56.465
340	55	1	29.459999999999994	154.355
340	56	1	27.643216080402013	80.9597989949749
340	57	1	103.65500000000002	137.8549999999999
340	58	1	87.5778894472362	11.005025125628144
340	59	1	81.73631840796018	76.38308457711445
350	1	2	9.740000000000002	10.299999999999995
350	2	2	10.120000000000005	99.88
350	3	2	10.120000000000005	189.88
350	4	2	99.85858585858585	10.141414141414142
350	5	2	100.19	99.99
350	6	2	100.12	189.88
350	7	2	190.2164948453608	10.30927835051546
350	8	2	190.1199999999999	100.12000000000003
350	9	2	189.99999999999991	190
350	10	1	145.34999999999997	81.89500000000002
350	11	1	49.43999999999999	41.87499999999999
350	12	1	108.50500000000002	56.82
350	13	1	96.065	88.18499999999997
350	14	1	151.46499999999992	161.99500000000006
350	15	1	181.89949748743732	81.07537688442211
350	16	1	76.99499999999999	9.205
350	17	1	169.4522613065327	72.59296482412064
350	18	1	131.15422885572144	132.6218905472637
350	19	1	119.80500000000005	142.12000000000003
350	20	1	21.020000000000003	61.85500000000001
350	21	1	148.495	99.51000000000003
350	22	1	155.62500000000006	55.550000000000004
350	23	1	71.25999999999995	138.4849999999999
350	24	1	134.04000000000002	192.72500000000002
350	25	1	38.62499999999999	41.13500000000001
350	26	1	0.7400000000000008	67.87000000000008
350	27	1	45.575	71.69
350	28	1	42.709999999999994	134.64
350	29	1	66.84499999999998	161.03000000000003
350	30	1	151.42211055276388	195.12562814070353
350	31	1	138.96999999999997	97.855
350	32	1	94.29	127.84000000000005
350	33	1	119.37500000000001	196.40499999999994
350	34	1	62.84653465346534	145.8267326732673
350	35	1	44.83500000000001	195.33
350	36	1	119.43	126.55000000000003
350	37	1	1.2249999999999994	150.09499999999997
350	38	1	55.67500000000002	11.934999999999995
350	39	1	89.75000000000001	48.63
350	40	1	24.51256281407036	163.0050251256281
350	41	1	182.79104477611935	66.82089552238807
350	42	1	11	63.070000000000014
350	43	1	135.22499999999997	2.3600000000000025
350	44	1	14.91044776119404	149.33333333333343
350	45	1	89.22110552763817	118.72361809045229
350	46	1	107.42999999999996	124.2
350	47	1	41.93999999999998	84.03500000000001
350	48	1	87.66834170854275	83.964824120603
350	49	1	54.71356783919597	131.37185929648243
350	50	1	194.75	74.31000000000002
350	51	1	149.9850746268657	45.69651741293534
350	52	1	161.26500000000004	67.23499999999999
350	53	1	24.728643216080407	90.60804020100502
350	54	1	172.4949999999999	56.134999999999984
350	55	1	30.380000000000013	154.45500000000004
350	56	1	27.910000000000004	80.65999999999998
350	57	1	102.63316582914574	138.38190954773864
350	58	1	88.4974874371859	11.809045226130651
350	59	1	81.78391959798994	76.48241206030144
360	1	2	9.740000000000002	10.299999999999995
360	2	2	10.120000000000005	99.88
360	3	2	10.120000000000005	189.88
360	4	2	99.85858585858585	10.141414141414142
360	5	2	100.19	99.99
360	6	2	100.12	189.88
360	7	2	190.2164948453608	10.30927835051546
360	8	2	190.1199999999999	100.12000000000003
360	9	2	189.99999999999991	190
360	10	1	145.56000000000006	81.96499999999999
360	11	1	48.91999999999998	43.620000000000005
360	12	1	109.58000000000003	57.40499999999999
360	13	1	96.11500000000001	88.68000000000002
360	14	1	151.98499999999999	161.53500000000003
360	15	1	182.20999999999998	80.93000000000002
360	16	1	78.50499999999998	8.439999999999996
360	17	1	169.62814070351766	72.62311557788945
360	18	1	131.62	133.18000000000006
360	19	1	118.92000000000002	143.01000000000002
360	20	1	21.64676616915424	62.995024875621894
360	21	1	148.33830845771152	98.6218905472637
360	22	1	155.84924623115575	55.89949748743717
360	23	1	70.69999999999997	138.37
360	24	1	133.79000000000013	192.68499999999992
360	25	1	38.659999999999975	40.74999999999998
360	26	1	1.215	67.95499999999996
360	27	1	45.84999999999999	71.92999999999996
360	28	1	42.86999999999999	134.64500000000007
360	29	1	66.23383084577115	160.77611940298505
360	30	1	150.5174129353233	195.93034825870646
360	31	1	139.10552763819098	99.07035175879402
360	32	1	94.63500000000002	127.58999999999997
360	33	1	119.15920398009953	194.49253731343282
360	34	1	63.26633165829145	145.83417085427135
360	35	1	45.308457711442806	197.21393034825866
360	36	1	119.28000000000003	127.82500000000009
360	37	1	3.04	149.79
360	38	1	56.95499999999999	12.055000000000001
360	39	1	90.27363184079603	48.78606965174127
360	40	1	24.705	162.9499999999999
360	41	1	182.7899999999999	66.10000000000004
360	42	1	11.23	61.695
360	43	1	134.10499999999993	2.575000000000002
360	44	1	16.004975124378117	148.78109452736325
360	45	1	89.92039800995025	118.88557213930352
360	46	1	107.83582089552243	124.79601990049751
360	47	1	42.445	84.55000000000003
360	48	1	87.87000000000003	83.58000000000003
360	49	1	53.54271356783922	130.38693467336682
360	50	1	194.31	73.71000000000006
360	51	1	148.69154228855726	46.49751243781095
360	52	1	161.31	66.94500000000008
360	53	1	25.626865671641774	90.58208955223886
360	54	1	172.0149999999999	55.57999999999998
360	55	1	31.395000000000007	154.42499999999998
360	56	1	28.495000000000008	80.23999999999992
360	57	1	102.63819095477389	138.90452261306544
360	58	1	88.92424242424238	12.439393939393947
360	59	1	81.61809045226136	76.63316582914574
370	1	2	9.740000000000002	10.299999999999995
370	2	2	10.120000000000005	99.88
370	3	2	10.120000000000005	189.88
370	4	2	99.85858585858585	10.141414141414142
370	5	2	100.19	99.99
370	6	2	100.12	189.88
370	7	2	190.2164948453608	10.30927835051546
370	8	2	190.1199999999999	100.12000000000003
370	9	2	189.99999999999991	190
370	10	1	145.26000000000005	82.095
370	11	1	48.56000000000002	45.360000000000014
370	12	1	110.34000000000002	58.28
370	13	1	96.065	89.24000000000007
370	14	1	151.80000000000004	161.2349999999999
370	15	1	182.16080402010058	80.75879396984926
370	16	1	79.92000000000003	6.68
370	17	1	169.98492462311543	72.3969849246231
370	18	1	132.4321608040199	134.2462311557789
370	19	1	118.14070351758798	144.17085427135672
370	20	1	22.67000000000001	63.80000000000002
370	21	1	148.23383084577128	98.08457711442783
370	22	1	155.38499999999996	56.74999999999999
370	23	1	69.83500000000001	137.54500000000002
370	24	1	133.93532338308447	192.66666666666663
370	25	1	39.13	40.13999999999999
370	26	1	1.6650000000000005	67.97999999999998
370	27	1	45.83919597989949	72.06030150753764
370	28	1	43.40499999999999	134.87499999999997
370	29	1	65.25000000000001	160.235
370	30	1	149.53000000000003	196.71999999999994
370	31	1	139.15000000000003	99.73000000000002
370	32	1	95.32499999999997	126.65999999999995
370	33	1	118.995	192.76000000000005
370	34	1	63.665000000000035	145.78
370	35	1	45.850746268656714	198.83582089552237
370	36	1	119.66331658291456	129.39698492462313
370	37	1	4.58	149.51000000000005
370	38	1	58.369999999999976	12.480000000000004
370	39	1	92.05499999999999	48.95500000000001
370	40	1	25.160000000000018	162.895
370	41	1	183.12	65.57500000000005
370	42	1	11.741293532338307	60.44776119402984
370	43	1	132.86432160804017	2.8140703517587955
370	44	1	17.445	148.08999999999995
370	45	1	89.88999999999999	118.72499999999997
370	46	1	107.92	125.74499999999999
370	47	1	42.666666666666664	85.38805970149258
370	48	1	88.13000000000004	83.41499999999999
370	49	1	52.065000000000005	129.0799999999999
370	50	1	194.15577889447238	73.29145728643216
370	51	1	147.4723618090451	47.32160804020102
370	52	1	161.52000000000007	67.08000000000003
370	53	1	25.86934673366836	90.75879396984922
370	54	1	171.73	55.18999999999998
370	55	1	31.979999999999997	154.5949999999999
370	56	1	29.365000000000006	80.39500000000001
370	57	1	102.91000000000001	139.5300000000001
370	58	1	89.20999999999998	13.16
370	59	1	81.20603015075376	77.00000000000006
380	1	2	9.740000000000002	10.299999999999995
380	2	2	10.120000000000005	99.88
380	3	2	10.120000000000005	189.88
380	4	2	99.85858585858585	10.141414141414142
380	5	2	100.19	99.99
380	6	2	100.12	189.88
380	7	2	190.2164948453608	10.30927835051546
380	8	2	190.1199999999999	100.12000000000003
380	9	2	189.99999999999991	190
380	10	1	145.2835820895522	82.18905472636817
380	11	1	47.417910447761194	47.592039800995
380	12	1	110.64179104477614	58.53731343283584
380	13	1	96.33000000000001	89.27499999999999
380	14	1	152.28	160.78000000000003
380	15	1	182.2311557788945	80.54271356783916
380	16	1	80.97499999999997	5.475
380	17	1	169.94527363184082	72.50248756218907
380	18	1	132.56218905472636	135.1293532338309
380	19	1	117.33	145.45000000000002
380	20	1	23.788944723618087	65.00502512562815
380	21	1	148.28855721393037	97.18905472636813
380	22	1	155.09452736318406	57.218905472636834
380	23	1	68.86069651741296	137.11940298507457
380	24	1	133.97000000000008	192.6500000000001
380	25	1	39.895000000000024	39.80000000000001
380	26	1	2.5600000000000014	68.14000000000004
380	27	1	45.57000000000002	72.01999999999998
380	28	1	44.55999999999999	135.445
380	29	1	64.84422110552768	160.0000000000001
380	30	1	147.85500000000008	197.33
380	31	1	139.41999999999996	100.81500000000003
380	32	1	96.00502512562815	126.1306532663316
380	33	1	118.43000000000004	190.24000000000004
380	34	1	64.27638190954772	145.86934673366827
380	35	1	46.31840796019899	0.8059701492537314
380	36	1	119.65999999999995	130.445
380	37	1	6.724999999999999	148.37
380	38	1	60.155000000000015	13.010000000000002
380	39	1	92.62814070351757	49.17587939698493
380	40	1	24.597989949748733	162.44221105527643
380	41	1	183.07999999999996	65.36999999999998
380	42	1	12.615	59.63999999999999
380	43	1	130.79601990049753	2.9601990049751223
380	44	1	19.06500000000001	147.21999999999989
380	45	1	90.59296482412063	118.40703517587939
380	46	1	108.12437810945275	126.7164179104478
380	47	1	43.256281407035154	85.93969849246231
380	48	1	88.36499999999998	83.31
380	49	1	51.22000000000002	128.05499999999995
380	50	1	194.01990049751242	72.74626865671645
380	51	1	146.4371859296482	48.49748743718593
380	52	1	161.60301507537687	67.1206030150754
380	53	1	26.520000000000007	90.84000000000002
380	54	1	171.43499999999997	55.135000000000005
380	55	1	32.87437185929648	154.71859296482404
380	56	1	30.045000000000016	80.32000000000001
380	57	1	103.318407960199	140.29850746268667
380	58	1	89.56000000000002	13.374999999999998
380	59	1	81.13065326633165	77.08040201005028
390	1	2	9.740000000000002	10.299999999999995
390	2	2	10.120000000000005	99.88
390	3	2	10.120000000000005	189.88
390	4	2	99.85858585858585	10.141414141414142
390	5	2	100.19	99.99
390	6	2	100.12	189.88
390	7	2	190.2164948453608	10.30927835051546
390	8	2	190.1199999999999	100.12000000000003
390	9	2	189.99999999999991	190
390	10	1	145.05499999999998	82.24999999999997
390	11	1	46.22000000000001	48.86
390	12	1	111.15	59.62
390	13	1	95.67661691542288	89.92039800995025
390	14	1	152.79000000000002	160.49499999999995
390	15	1	182.24999999999991	80.425
390	16	1	81.55999999999995	4.510000000000002
390	17	1	169.94999999999993	72.48999999999998
390	18	1	132.65999999999994	135.94500000000005
390	19	1	116.96	146.75999999999996
390	20	1	24.462686567164184	66.29850746268653
390	21	1	148.17500000000004	96.51000000000005
390	22	1	154.8308457711443	57.96517412935322
390	23	1	68.46499999999999	136.69000000000014
390	24	1	133.43216080401996	192.7035175879397
390	25	1	41.264999999999986	39.28000000000002
390	26	1	3.391959798994973	68.01005025125633
390	27	1	45.64499999999999	71.88500000000003
390	28	1	45.33500000000002	135.825
390	29	1	64.1959798994975	158.9849246231156
390	30	1	146.645	198.44999999999996
390	31	1	139.57500000000002	101.70499999999994
390	32	1	96.78999999999998	125.675
390	33	1	117.97512437810944	188.97014925373134
390	34	1	64.43	145.82999999999996
390	35	1	46.699999999999996	2.8000000000000007
390	36	1	119.31343283582086	132.004975124378
390	37	1	8.114999999999998	147.26500000000013
390	38	1	61.74000000000001	13.305
390	39	1	92.74874371859295	49.522613065326624
390	40	1	24.629999999999992	162.12499999999997
390	41	1	183.25125628140705	65.18592964824123
390	42	1	13.625000000000004	59.215
390	43	1	129.41500000000008	2.8599999999999994
390	44	1	20.15999999999998	146.61
390	45	1	90.76500000000001	118.00999999999992
390	46	1	108.38499999999998	127.25999999999998
390	47	1	43.44000000000001	86.41000000000001
390	48	1	89.21000000000002	82.59499999999998
390	49	1	50.83582089552242	127.50746268656714
390	50	1	193.70499999999998	71.92500000000004
390	51	1	145.2149999999999	49.60000000000001
390	52	1	161.305	67.64
390	53	1	27.221105527638198	91.09547738693466
390	54	1	171.17999999999992	55.57999999999999
390	55	1	33.351758793969864	154.65326633165833
390	56	1	30.82587064676618	80.35820895522387
390	57	1	103.67	141.05000000000007
390	58	1	89.69000000000004	13.624999999999998
390	59	1	81.065	77.35499999999999
400	1	2	9.740000000000002	10.299999999999995
400	2	2	10.120000000000005	99.88
400	3	2	10.120000000000005	189.88
400	4	2	99.85858585858585	10.141414141414142
400	5	2	100.19	99.99
400	6	2	100.12	189.88
400	7	2	190.2164948453608	10.30927835051546
400	8	2	190.1199999999999	100.12000000000003
400	9	2	189.99999999999991	190
400	10	1	145.2599999999999	82.08999999999999
400	11	1	45.074999999999996	49.81000000000002
400	12	1	111.9349999999999	61.120000000000026
400	13	1	94.7386934673367	90.80904522613062
400	14	1	153.65999999999994	159.3
400	15	1	182.35000000000014	80.15500000000003
400	16	1	81.64999999999995	3.4099999999999993
400	17	1	170.09499999999994	72.31999999999995
400	18	1	132.73500000000007	136.38000000000008
400	19	1	116.23499999999994	147.8999999999999
400	20	1	25.497512437810943	67.24378109452739
400	21	1	148.1149999999999	95.39499999999998
400	22	1	154.44776119402994	58.6766169154229
400	23	1	67.72999999999996	135.96500000000023
400	24	1	133.135	192.50000000000006
400	25	1	42.69346733668342	39.120603015075375
400	26	1	4.691542288557215	67.39800995024876
400	27	1	45.80597014925373	72.29850746268652
400	28	1	46.22499999999999	135.82500000000005
400	29	1	63.349999999999994	158.12499999999997
400	30	1	145.36499999999998	199.745
400	31	1	139.55721393034815	102.04975124378102
400	32	1	97.875	124.80000000000003
400	33	1	118.23500000000003	188.06000000000003
400	34	1	64.37688442211056	145.46733668341716
400	35	1	47.88059701492539	4.353233830845775
400	36	1	119.24378109452736	133.22388059701493
400	37	1	9.359999999999996	146.30499999999992
400	38	1	63.20603015075376	13.633165829145732
400	39	1	93.34999999999998	50.13999999999998
400	40	1	24.054999999999996	161.76500000000013
400	41	1	183.26999999999995	65.12
400	42	1	15.218905472636816	58.029850746268664
400	43	1	128.74	2.530000000000001
400	44	1	21.313432835820898	145.60696517412936
400	45	1	91.54499999999999	117.79000000000003
400	46	1	108.32835820895518	127.97512437810957
400	47	1	43.63000000000001	86.89000000000001
400	48	1	90.5074626865672	82.11442786069654
400	49	1	50.179999999999964	126.42499999999998
400	50	1	193.7910447761194	71.12437810945272
400	51	1	144.62814070351754	51.517587939698494
400	52	1	160.82914572864323	68.06030150753767
400	53	1	27.895522388059703	91.20398009950247
400	54	1	170.66000000000003	55.769999999999996
400	55	1	33.735000000000014	154.92000000000002
400	56	1	31.467661691542297	79.91044776119402
400	57	1	103.83499999999995	141.43500000000006
400	58	1	89.69500000000001	13.719999999999994
400	59	1	81.22999999999999	77.45500000000001
410	1	2	9.740000000000002	10.299999999999995
410	2	2	10.120000000000005	99.88
410	3	2	10.120000000000005	189.88
410	4	2	99.85858585858585	10.141414141414142
410	5	2	100.19	99.99
410	6	2	100.12	189.88
410	7	2	190.2164948453608	10.30927835051546
410	8	2	190.1199999999999	100.12000000000003
410	9	2	189.99999999999991	190
410	10	1	145.20999999999998	82.03000000000002
410	11	1	43.58000000000002	50.78499999999999
410	12	1	112.42288557213934	62.41293532338308
410	13	1	93.75376884422117	91.57286432160802
410	14	1	154.04522613065325	158.90452261306524
410	15	1	182.3049999999999	79.89500000000001
410	16	1	81.93500000000002	2.0249999999999204
410	17	1	170.04020100502512	72.19095477386942
410	18	1	133.1000000000001	137.15499999999983
410	19	1	115.80500000000002	149.19499999999994
410	20	1	25.805	68.4
410	21	1	148.40000000000003	94.56999999999998
410	22	1	153.412935323383	59.437810945273625
410	23	1	66.825	135.29999999999984
410	24	1	132.86069651741298	192.4825870646767
410	25	1	44.37810945273634	39.05472636815921
410	26	1	6.100000000000001	67.31500000000004
410	27	1	45.33165829145729	72.79899497487438
410	28	1	46.04000000000001	135.67500000000007
410	29	1	62.910000000000025	157.39499999999998
410	30	1	144.3432835820896	1.3631840796019892
410	31	1	139.94472361809048	102.46733668341712
410	32	1	98.38308457711449	124.60199004975122
410	33	1	118.12500000000004	186.72499999999997
410	34	1	63.98009950248757	144.7014925373135
410	35	1	48.74129353233833	5.7810945273631855
410	36	1	119.49000000000001	133.67000000000004
410	37	1	10.875000000000005	145.82999999999998
410	38	1	64.445	13.790000000000003
410	39	1	93.85499999999998	50.82999999999998
410	40	1	23.405	160.98999999999995
410	41	1	183.25000000000003	65.08499999999994
410	42	1	16.340000000000007	56.724999999999994
410	43	1	127.43216080402011	2.246231155778894
410	44	1	22.348258706467664	144.4278606965174
410	45	1	92.57286432160798	117.2462311557789
410	46	1	108.29500000000004	128.42500000000004
410	47	1	44.08499999999998	86.94
410	48	1	91.95522388059706	81.77114427860695
410	49	1	48.83582089552238	125.66169154228857
410	50	1	193.59	69.80000000000005
410	51	1	143.91500000000002	53.26
410	52	1	160.7085427135678	68.16080402010051
410	53	1	28.40999999999999	91.48499999999999
410	54	1	169.87500000000009	55.49500000000001
410	55	1	34.47000000000002	154.88500000000013
410	56	1	32.075000000000024	79.48500000000003
410	57	1	104.39303482587066	141.77114427860687
410	58	1	89.70000000000002	13.885000000000002
410	59	1	81.31155778894475	78.13065326633163
420	1	2	9.740000000000002	10.299999999999995
420	2	2	10.120000000000005	99.88
420	3	2	10.120000000000005	189.88
420	4	2	99.85858585858585	10.141414141414142
420	5	2	100.19	99.99
420	6	2	100.12	189.88
420	7	2	190.2164948453608	10.30927835051546
420	8	2	190.1199999999999	100.12000000000003
420	9	2	189.99999999999991	190
420	10	1	145.33500000000004	82.17500000000004
420	11	1	41.88059701492541	51.343283582089526
420	12	1	112.58706467661689	63.29850746268657
420	13	1	92.60396039603962	91.94554455445547
420	14	1	154.64500000000012	158.78000000000006
420	15	1	182.27999999999997	79.60499999999999
420	16	1	81.74000000000001	1.0850000000001216
420	17	1	169.995	72.36999999999998
420	18	1	133.2600000000001	137.56500000000003
420	19	1	115.57286432160812	150.64824120603018
420	20	1	25.865671641791042	69.62686567164175
420	21	1	148.73134328358196	93.50746268656711
420	22	1	153.04020100502518	59.919597989949736
420	23	1	66.25373134328362	134.73631840796028
420	24	1	132.35	192.43499999999997
420	25	1	46.00000000000001	38.985
420	26	1	7.44776119402985	66.71144278606965
420	27	1	45.18499999999999	73.43999999999997
420	28	1	46.03999999999997	135.28
420	29	1	62.41791044776121	156.50248756218912
420	30	1	143.07035175879403	2.4070351758793964
420	31	1	139.9099999999999	102.9
420	32	1	98.98499999999999	124.09499999999997
420	33	1	117.46766169154229	185.6467661691541
420	34	1	63.35323383084579	143.7860696517412
420	35	1	49.014925373134304	7.228855721393033
420	36	1	119.5929648241206	134.42713567839192
420	37	1	11.809999999999999	145.81
420	38	1	65.75	14.01500000000001
420	39	1	94.59701492537314	51.72139303482587
420	40	1	23.281407035175878	160.13567839195974
420	41	1	183.275	65.13499999999996
420	42	1	17.824999999999996	56.10999999999999
420	43	1	126.16999999999993	1.465000000000001
420	44	1	23.39195979899499	143.28643216080394
420	45	1	92.98499999999994	116.93999999999997
420	46	1	108.46000000000004	128.38499999999996
420	47	1	44.89447236180904	86.48241206030151
420	48	1	93.855	81.00999999999999
420	49	1	47.99004975124375	125.05472636815922
420	50	1	193.755	68.94999999999997
420	51	1	143.47263681592028	54.149253731343265
420	52	1	160.305	68.70000000000003
420	53	1	28.79104477611941	92.25870646766167
420	54	1	168.92039800995042	55.691542288557194
420	55	1	34.860000000000014	154.86000000000004
420	56	1	32.850000000000016	78.98999999999997
420	57	1	104.81499999999998	141.51999999999992
420	58	1	89.63	13.495000000000003
420	59	1	81.71499999999997	78.70000000000003
430	1	2	9.740000000000002	10.299999999999995
430	2	2	10.120000000000005	99.88
430	3	2	10.120000000000005	189.88
430	4	2	99.85858585858585	10.141414141414142
430	5	2	100.19	99.99
430	6	2	100.12	189.88
430	7	2	190.2164948453608	10.30927835051546
430	8	2	190.1199999999999	100.12000000000003
430	9	2	189.99999999999991	190
430	10	1	144.705	82.47
430	11	1	40.52736318407959	51.611940298507456
430	12	1	112.96000000000005	65.14
430	13	1	91.42288557213931	91.70149253731344
430	14	1	154.87939698492463	158.47738693467335
430	15	1	181.87000000000003	78.76999999999998
430	16	1	81.91500000000006	0.15999999999993975
430	17	1	170.0954773869348	72.36180904522617
430	18	1	133.1809045226131	137.67336683417085
430	19	1	114.71000000000001	151.92499999999995
430	20	1	25.830845771144272	70.53233830845765
430	21	1	149.83500000000018	92.20999999999997
430	22	1	152.58000000000007	60.18499999999998
430	23	1	65.51741293532338	134.17412935323387
430	24	1	131.7860696517413	192.4477611940298
430	25	1	46.75124378109455	39.81094527363185
430	26	1	8.781094527363187	65.73631840796018
430	27	1	44.77999999999999	74.42000000000004
430	28	1	46.03999999999998	134.88
430	29	1	61.955000000000005	155.6600000000001
430	30	1	141.605	3.4549999999999996
430	31	1	140.46	102.62000000000005
430	32	1	99.76999999999998	123.60500000000002
430	33	1	116.50499999999997	185.03499999999997
430	34	1	63.23115577889448	143.5829145728645
430	35	1	49.83500000000001	8.115000000000002
430	36	1	119.90499999999999	134.70499999999996
430	37	1	13.000000000000005	144.97
430	38	1	66.96999999999997	13.870000000000001
430	39	1	94.96517412935324	52.56716417910448
430	40	1	22.587064676616915	159.22388059701498
430	41	1	183.30845771144277	64.28358208955221
430	42	1	19.024999999999995	55.21000000000001
430	43	1	124.21999999999993	0.4750000000000796
430	44	1	24.472361809045232	142.1557788944724
430	45	1	94.06000000000004	116.305
430	46	1	108.22110552763819	128.62814070351766
430	47	1	45.40500000000001	86.395
430	48	1	95.97000000000004	80.72000000000007
430	49	1	47.41499999999999	124.295
430	50	1	194.08040201005025	68.96482412060296
430	51	1	142.35323383084582	55.24875621890546
430	52	1	159.7661691542289	69.41791044776123
430	53	1	28.769999999999992	92.71500000000003
430	54	1	167.02010050251252	56.04522613065327
430	55	1	34.80904522613065	155.26633165829153
430	56	1	33.54500000000001	78.44000000000005
430	57	1	105.40201005025132	141.01507537688434
430	58	1	89.50500000000001	13.249999999999995
430	59	1	82.30499999999998	78.77499999999999
440	1	2	9.740000000000002	10.299999999999995
440	2	2	10.120000000000005	99.88
440	3	2	10.120000000000005	189.88
440	4	2	99.85858585858585	10.141414141414142
440	5	2	100.19	99.99
440	6	2	100.12	189.88
440	7	2	190.2164948453608	10.30927835051546
440	8	2	190.1199999999999	100.12000000000003
440	9	2	189.99999999999991	190
440	10	1	144.22	82.58999999999999
440	11	1	39.79500000000001	51.344999999999985
440	12	1	112.85074626865666	65.85572139303483
440	13	1	90.76500000000001	91.36999999999999
440	14	1	155.08000000000007	157.7499999999999
440	15	1	181.65829145728628	77.81909547738695
440	16	1	81.84500000000001	199.63
440	17	1	170.225	71.94500000000001
440	18	1	133.24499999999986	137.9649999999999
440	19	1	113.73500000000008	153.2550000000001
440	20	1	25.799999999999997	71.20499999999998
440	21	1	151.1393034825871	90.85074626865665
440	22	1	151.80597014925368	60.75124378109455
440	23	1	64.88442211055276	133.4020100502513
440	24	1	131.54999999999998	192.44
440	25	1	47.510000000000026	41.02499999999999
440	26	1	9.624999999999998	65.04499999999999
440	27	1	44.52736318407962	75.273631840796
440	28	1	45.935	134.185
440	29	1	60.69499999999999	154.0999999999999
440	30	1	139.96517412935327	4.587064676616916
440	31	1	140.88000000000002	101.91500000000002
440	32	1	99.96984924623112	123.60804020100505
440	33	1	115.815	184.41499999999996
440	34	1	63.150753768844204	143.38190954773867
440	35	1	50.22500000000002	9.439999999999998
440	36	1	119.955	134.91499999999996
440	37	1	14.110000000000007	144.715
440	38	1	67.85	13.91
440	39	1	94.98500000000004	53.75000000000001
440	40	1	22.825	157.71499999999995
440	41	1	182.97999999999996	63.315000000000005
440	42	1	19.744999999999994	54.67500000000002
440	43	1	123.22499999999998	199.90500000000006
440	44	1	25.120000000000005	140.64500000000004
440	45	1	94.68999999999996	115.80000000000001
440	46	1	108.16499999999998	128.79999999999998
440	47	1	45.74500000000001	86.21499999999997
440	48	1	97.22499999999995	80.59999999999994
440	49	1	46.83084577114432	123.54726368159203
440	50	1	194.3233830845771	68.28358208955231
440	51	1	141.12500000000003	55.88999999999999
440	52	1	159.42500000000004	69.85999999999999
440	53	1	28.615000000000006	93.33000000000006
440	54	1	165.21499999999986	56.21000000000001
440	55	1	35.10500000000001	156.01000000000002
440	56	1	33.89500000000001	77.97999999999999
440	57	1	106.17999999999996	140.99500000000003
440	58	1	89.33500000000002	12.524999999999997
440	59	1	82.85929648241202	78.7788944723618
450	1	2	9.740000000000002	10.299999999999995
450	2	2	10.120000000000005	99.88
450	3	2	10.120000000000005	189.88
450	4	2	99.85858585858585	10.141414141414142
450	5	2	100.19	99.99
450	6	2	100.12	189.88
450	7	2	190.2164948453608	10.30927835051546
450	8	2	190.1199999999999	100.12000000000003
450	9	2	189.99999999999991	190
450	10	1	143.9502487562188	82.59701492537319
450	11	1	39.275000000000034	51.36
450	12	1	112.63184079601992	66.99502487562191
450	13	1	89.91457286432158	90.89447236180904
450	14	1	155.1700000000001	156.355
450	15	1	181.64999999999998	77.085
450	16	1	81.75879396984925	198.90452261306538
450	17	1	170.49253731343285	71.46268656716414
450	18	1	132.96019900497507	138.04975124378112
450	19	1	112.50248756218903	154.80099502487562
450	20	1	25.75124378109452	72.16915422885569
450	21	1	152.71499999999997	89.14499999999991
450	22	1	150.72361809045233	61.090452261306524
450	23	1	64.27000000000001	132.7299999999999
450	24	1	131.44000000000003	192.26500000000001
450	25	1	48.199999999999996	42.59499999999998
450	26	1	10.91	64.19500000000001
450	27	1	44.589999999999996	75.72
450	28	1	45.33333333333334	133.67164179104483
450	29	1	59.23500000000001	152.645
450	30	1	138.9054726368159	5.024875621890547
450	31	1	142.05472636815924	100.87562189054724
450	32	1	100.47000000000001	123.265
450	33	1	115.32499999999996	183.48999999999992
450	34	1	62.535000000000025	142.77000000000007
450	35	1	50.484999999999964	11.135000000000009
450	36	1	119.90500000000006	135.53499999999994
450	37	1	14.965174129353235	143.65174129353235
450	38	1	69.06030150753764	13.899497487437184
450	39	1	95.83582089552235	55.402985074626876
450	40	1	22.689999999999994	156.44000000000003
450	41	1	182.3930348258706	62.144278606965166
450	42	1	20.290000000000006	54.13499999999999
450	43	1	121.99999999999994	199.395
450	44	1	25.930000000000003	139.84000000000003
450	45	1	95.20398009950252	115.54726368159203
450	46	1	107.88500000000002	129.1
450	47	1	46.235	85.90500000000004
450	48	1	99.47499999999995	81.195
450	49	1	46.87	123.15000000000003
450	50	1	194.42000000000002	67.99500000000002
450	51	1	140.09950248756215	56.60696517412934
450	52	1	158.59499999999989	70.50000000000007
450	53	1	28.534999999999993	93.97499999999998
450	54	1	163.76500000000007	56.96499999999999
450	55	1	34.420000000000016	157.12499999999994
450	56	1	34.07499999999997	77.84500000000003
450	57	1	107.6231155778895	141.31155778894478
450	58	1	89.23115577889448	12.035175879396993
450	59	1	84.03482587064673	78.71641791044773
460	1	2	9.740000000000002	10.299999999999995
460	2	2	10.120000000000005	99.88
460	3	2	10.120000000000005	189.88
460	4	2	99.85858585858585	10.141414141414142
460	5	2	100.19	99.99
460	6	2	100.12	189.88
460	7	2	190.2164948453608	10.30927835051546
460	8	2	190.1199999999999	100.12000000000003
460	9	2	189.99999999999991	190
460	10	1	143.3199999999999	82.40499999999997
460	11	1	38.95999999999999	50.71500000000002
460	12	1	111.47761194029852	67.81094527363184
460	13	1	88.35678391959804	90.20603015075373
460	14	1	155.23618090452263	155.643216080402
460	15	1	181.27135678391963	75.82412060301507
460	16	1	81.58000000000004	197.91000000000008
460	17	1	170.35678391959797	71.09045226130655
460	18	1	132.625	137.73999999999998
460	19	1	111.74500000000002	155.5200000000001
460	20	1	25.29500000000001	73.27500000000003
460	21	1	154.52000000000004	88.32499999999997
460	22	1	150.15075376884423	61.29648241206031
460	23	1	63.644999999999996	132.16499999999996
460	24	1	130.52261306532668	192.2663316582914
460	25	1	48.890547263681555	43.771144278606954
460	26	1	12.479999999999999	63.314999999999976
460	27	1	44.250000000000014	76.24499999999999
460	28	1	44.26999999999999	132.56500000000008
460	29	1	58.175000000000004	151.42999999999998
460	30	1	137.68999999999994	5.055000000000002
460	31	1	143.70000000000005	99.295
460	32	1	100.46231155778898	123.12060301507532
460	33	1	113.90999999999988	182.59000000000003
460	34	1	61.92500000000002	142.045
460	35	1	50.834999999999994	12.095000000000002
460	36	1	120.025	136.06
460	37	1	15.544999999999998	142.49000000000007
460	38	1	70.29000000000002	13.830000000000002
460	39	1	97.2985074626865	56.333333333333364
460	40	1	22.69999999999999	155.6350000000001
460	41	1	181.59000000000003	61.24
460	42	1	20.979999999999997	53.560000000000045
460	43	1	120.40500000000009	198.97
460	44	1	26.87064676616916	139.5422885572139
460	45	1	95.67500000000003	115.50500000000002
460	46	1	107.55999999999995	129.29999999999998
460	47	1	46.679999999999986	85.61
460	48	1	101.53	81.75500000000002
460	49	1	46.96	122.58999999999997
460	50	1	195.045	67.985
460	51	1	139.23500000000004	57.09999999999998
460	52	1	157.88499999999996	71.71000000000001
460	53	1	28.492537313432823	94.63681592039808
460	54	1	162.22388059701493	57.77611940298509
460	55	1	33.89	157.72999999999996
460	56	1	33.97989949748746	77.67839195979899
460	57	1	108.35499999999998	141.42499999999998
460	58	1	89.12499999999997	11.68999999999999
460	59	1	85.66499999999998	78.84999999999998
470	1	2	9.740000000000002	10.299999999999995
470	2	2	10.120000000000005	99.88
470	3	2	10.120000000000005	189.88
470	4	2	99.85858585858585	10.141414141414142
470	5	2	100.19	99.99
470	6	2	100.12	189.88
470	7	2	190.2164948453608	10.30927835051546
470	8	2	190.1199999999999	100.12000000000003
470	9	2	189.99999999999991	190
470	10	1	143.48999999999998	81.87499999999997
470	11	1	38.88059701492538	50.24875621890545
470	12	1	109.68159203980098	68.23383084577115
470	13	1	87.03980099502493	89.40796019900499
470	14	1	155.4600000000001	154.905
470	15	1	180.9149999999999	74.85999999999999
470	16	1	81.60500000000002	196.3799999999999
470	17	1	170.26500000000007	70.68499999999996
470	18	1	132.64500000000007	137.85500000000002
470	19	1	110.97499999999998	155.93500000000006
470	20	1	25.015075376884436	73.74874371859295
470	21	1	155.69849246231166	88.92462311557793
470	22	1	149.85999999999993	60.904999999999994
470	23	1	63.380000000000024	131.93000000000004
470	24	1	130.235	191.99999999999997
470	25	1	49.6633165829146	45.1256281407035
470	26	1	13.254999999999999	62.98999999999999
470	27	1	43.87499999999999	77.24500000000002
470	28	1	43.35500000000001	132.06
470	29	1	56.87562189054726	150.4029850746268
470	30	1	136.19402985074618	4.651741293532338
470	31	1	144.88000000000002	98.07499999999996
470	32	1	100.15499999999997	123.24
470	33	1	112.78606965174131	181.78606965174134
470	34	1	61.05970149253732	141.61194029850745
470	35	1	51.47499999999999	13.355
470	36	1	120.13999999999999	136.11
470	37	1	16.229999999999997	141.385
470	38	1	71.31500000000001	13.860000000000005
470	39	1	99.0049751243781	57.333333333333336
470	40	1	22.76381909547738	154.6281407035176
470	41	1	181.58000000000013	60.66000000000001
470	42	1	21.24	53.10999999999997
470	43	1	119.18905472636814	198.3681592039801
470	44	1	28.164999999999996	140.00500000000002
470	45	1	96.00499999999998	115.33999999999993
470	46	1	106.88	129.82000000000002
470	47	1	47.01499999999998	85.53500000000004
470	48	1	103.55499999999994	82.12000000000002
470	49	1	46.665000000000006	122.41500000000002
470	50	1	195.88059701492537	67.5721393034826
470	51	1	138.02499999999998	57.88000000000003
470	52	1	156.78500000000017	73.18500000000002
470	53	1	28.2	94.67500000000001
470	54	1	161.88	59.194999999999965
470	55	1	33.206030150753776	159.22613065326632
470	56	1	34.075	77.17500000000003
470	57	1	110.01000000000005	142.44000000000003
470	58	1	88.585	11.299999999999999
470	59	1	87.55721393034827	78.67661691542285
480	1	2	9.740000000000002	10.299999999999995
480	2	2	10.120000000000005	99.88
480	3	2	10.120000000000005	189.88
480	4	2	99.85858585858585	10.141414141414142
480	5	2	100.19	99.99
480	6	2	100.12	189.88
480	7	2	190.2164948453608	10.30927835051546
480	8	2	190.1199999999999	100.12000000000003
480	9	2	189.99999999999991	190
480	10	1	143.51	81.47499999999997
480	11	1	39.114427860696516	48.95522388059698
480	12	1	108.13432835820896	68.09950248756218
480	13	1	86.5024875621891	89.04975124378113
480	14	1	155.47738693467335	154.38190954773867
480	15	1	181.04500000000007	73.96999999999997
480	16	1	81.34999999999997	195.04999999999998
480	17	1	170.28140703517585	70.12060301507536
480	18	1	131.97014925373125	138.01990049751242
480	19	1	110.77999999999997	156.21000000000006
480	20	1	24.805	74.245
480	21	1	157.10552763819095	89.45728643216074
480	22	1	149.16080402010056	60.46733668341708
480	23	1	62.93467336683417	131.4974874371858
480	24	1	129.54271356783917	191.4874371859296
480	25	1	49.93999999999998	46.28999999999998
480	26	1	13.984924623115578	62.28643216080403
480	27	1	43.61500000000001	77.40499999999999
480	28	1	41.89	131.035
480	29	1	55.766169154228855	149.61194029850742
480	30	1	134.1243781094529	4.064676616915422
480	31	1	145.69999999999996	97.00000000000001
480	32	1	100.14500000000002	123.48500000000006
480	33	1	111.52000000000001	180.85499999999993
480	34	1	59.58999999999998	140.60000000000008
480	35	1	52.275	14.399999999999991
480	36	1	120.09500000000004	136.51500000000004
480	37	1	16.626865671641802	140.42288557213917
480	38	1	72.41499999999999	13.815000000000001
480	39	1	100.14500000000004	58.004999999999995
480	40	1	23.100502512562826	153.20100502512554
480	41	1	181.25499999999997	60.38500000000003
480	42	1	21.41499999999999	52.79999999999998
480	43	1	118.215	197.535
480	44	1	29.555	141.04500000000007
480	45	1	96.71641791044775	115.10945273631833
480	46	1	106.50753768844221	130.41708542713567
480	47	1	47.18500000000001	85.37999999999997
480	48	1	105.40298507462684	82.01990049751242
480	49	1	46.795	122.09500000000001
480	50	1	196.89	67.48499999999999
480	51	1	137.37688442211044	58.9748743718593
480	52	1	155.92999999999986	74.61
480	53	1	28.334999999999997	95.19
480	54	1	161.14499999999992	61.01999999999999
480	55	1	32.21999999999999	161.22000000000014
480	56	1	33.79899497487436	77.28140703517583
480	57	1	110.964824120603	143.15577889447232
480	58	1	88.52499999999999	10.200000000000001
480	59	1	88.69999999999996	79.09
490	1	2	9.740000000000002	10.299999999999995
490	2	2	10.120000000000005	99.88
490	3	2	10.120000000000005	189.88
490	4	2	99.85858585858585	10.141414141414142
490	5	2	100.19	99.99
490	6	2	100.12	189.88
490	7	2	190.2164948453608	10.30927835051546
490	8	2	190.1199999999999	100.12000000000003
490	9	2	189.99999999999991	190
490	10	1	143.4149999999999	81.35999999999997
490	11	1	39.32499999999999	48.255000000000045
490	12	1	106.65829145728642	68.64824120603012
490	13	1	86.16500000000005	88.575
490	14	1	155.49999999999997	153.73999999999992
490	15	1	180.93999999999994	73.28500000000003
490	16	1	81.33999999999993	193.445
490	17	1	170.28000000000006	69.46499999999999
490	18	1	131.68000000000004	138.94999999999996
490	19	1	109.95999999999998	155.75500000000017
490	20	1	24.590000000000014	74.83499999999995
490	21	1	158.32338308457705	89.99502487562185
490	22	1	148.49253731343293	60.20398009950249
490	23	1	62.885572139303484	131.69154228855723
490	24	1	128.68999999999994	190.84999999999997
490	25	1	49.87064676616915	47.91542288557218
490	26	1	14.4572864321608	62.040201005025125
490	27	1	43.58499999999999	77.56000000000003
490	28	1	40.345	130.41999999999996
490	29	1	55.22388059701493	149.0248756218905
490	30	1	132.52000000000015	3.9699999999999975
490	31	1	147.30999999999997	96.01499999999996
490	32	1	99.75879396984928	123.83919597989942
490	33	1	110.21499999999999	179.7799999999999
490	34	1	57.964999999999996	139.60499999999996
490	35	1	53.95522388059702	15.044776119402995
490	36	1	120.28499999999995	136.71
490	37	1	17.474999999999977	139.35999999999999
490	38	1	73.92462311557783	13.653266331658289
490	39	1	100.99999999999997	58.480000000000004
490	40	1	23.194999999999993	152.34499999999994
490	41	1	181.33	60.10000000000003
490	42	1	21.64321608040202	52.949748743718594
490	43	1	117.24500000000002	196.3499999999999
490	44	1	30.562814070351745	141.95979899497493
490	45	1	97.27499999999993	115.03
490	46	1	106.235	131.0850000000001
490	47	1	47.30000000000002	85.42999999999998
490	48	1	106.67500000000004	82.07500000000003
490	49	1	47.26499999999999	121.90000000000002
490	50	1	197.61194029850745	66.99502487562192
490	51	1	136.84500000000008	60.11
490	52	1	155.63500000000008	75.67
490	53	1	28.180000000000003	95.8
490	54	1	160.3249999999999	62.44000000000001
490	55	1	31.223880597014922	162.37810945273625
490	56	1	33.651741293532346	77.46766169154229
490	57	1	112.0845771144279	143.82587064676622
490	58	1	87.84500000000003	9.095
490	59	1	90.72000000000003	79.25499999999995
500	1	2	9.740000000000002	10.299999999999995
500	2	2	10.120000000000005	99.88
500	3	2	10.120000000000005	189.88
500	4	2	99.85858585858585	10.141414141414142
500	5	2	100.19	99.99
500	6	2	100.12	189.88
500	7	2	190.2164948453608	10.30927835051546
500	8	2	190.1199999999999	100.12000000000003
500	9	2	189.99999999999991	190
500	10	1	143.26130653266335	81.54271356783916
500	11	1	39.535000000000004	47.63999999999999
500	12	1	105.65326633165832	69.38693467336685
500	13	1	85.16000000000001	87.79000000000005
500	14	1	155.44723618090444	153.070351758794
500	15	1	180.785	72.76999999999997
500	16	1	81.15999999999994	192.585
500	17	1	170.05000000000015	69.27500000000003
500	18	1	131.7150000000001	140.65999999999997
500	19	1	109.49500000000002	154.95500000000004
500	20	1	24.269999999999996	75.42999999999996
500	21	1	159.04020100502512	90.84422110552764
500	22	1	148.02000000000012	59.29499999999995
500	23	1	62.419999999999995	132.40500000000006
500	24	1	128.455	190.30499999999995
500	25	1	49.84500000000002	49.49500000000002
500	26	1	15.140000000000011	61.785000000000025
500	27	1	43.53266331658293	77.55778894472363
500	28	1	39.02500000000001	129.9450000000001
500	29	1	54.290000000000006	148.5100000000001
500	30	1	130.20999999999998	3.3599999999999985
500	31	1	148.76884422110552	95.92462311557787
500	32	1	99.87939698492461	124.04522613065325
500	33	1	109.26000000000002	178.915
500	34	1	57.190000000000005	139.615
500	35	1	56.17500000000002	14.864999999999995
500	36	1	120.26368159203979	137.31840796019904
500	37	1	17.900000000000002	138.81500000000008
500	38	1	75.11500000000004	13.970000000000006
500	39	1	102.36999999999998	58.58000000000001
500	40	1	23.45771144278606	152.25870646766165
500	41	1	181.20895522388057	60.0945273631841
500	42	1	21.769999999999992	52.53000000000001
500	43	1	115.9	194.855
500	44	1	31.209999999999997	143.1
500	45	1	97.51758793969846	115.15075376884425
500	46	1	105.98994974874373	131.55276381909536
500	47	1	47.07035175879396	85.74874371859295
500	48	1	108.00497512437809	82.40298507462684
500	49	1	48.55500000000002	121.82
500	50	1	198.7537688442211	66.42713567839198
500	51	1	136.30845771144277	61.666666666666686
500	52	1	154.82587064676622	76.24378109452735
500	53	1	28.104477611940286	96.08955223880596
500	54	1	160.0696517412936	64.00995024875621
500	55	1	30.27860696517412	163.11940298507466
500	56	1	33.49500000000001	77.60499999999995
500	57	1	112.81000000000004	144.64000000000001
500	58	1	87.33499999999995	8.314999999999992
500	59	1	92.45499999999998	79.50500000000002
510	1	2	9.740000000000002	10.299999999999995
510	2	2	10.120000000000005	99.88
510	3	2	10.120000000000005	189.88
510	4	2	99.85858585858585	10.141414141414142
510	5	2	100.19	99.99
510	6	2	100.12	189.88
510	7	2	190.2164948453608	10.30927835051546
510	8	2	190.1199999999999	100.12000000000003
510	9	2	189.99999999999991	190
510	10	1	143.0904522613065	81.72361809045225
510	11	1	40.08999999999998	46.84000000000001
510	12	1	104.10447761194033	69.73631840796025
510	13	1	84.42000000000002	87.465
510	14	1	155.4120603015075	151.80402010050233
510	15	1	180.77114427860693	72.40298507462681
510	16	1	81.16999999999999	191.335
510	17	1	169.7249999999999	68.41499999999998
510	18	1	131.53000000000003	142.275
510	19	1	109.38000000000001	155.02999999999994
510	20	1	23.819095477386934	76.22613065326634
510	21	1	160.23880597014923	91.5273631840796
510	22	1	146.93564356435638	58.62376237623761
510	23	1	62.19597989949749	132.64321608040203
510	24	1	127.72000000000006	189.41499999999994
510	25	1	49.970149253731336	51.61194029850748
510	26	1	15.719999999999992	61.45000000000001
510	27	1	43.70351758793967	77.29648241206029
510	28	1	38.230000000000004	129.96
510	29	1	53.73631840796025	148.02985074626872
510	30	1	129.07462686567166	2.7412935323383083
510	31	1	150.065	95.185
510	32	1	100.24499999999999	124.26999999999997
510	33	1	108.27135678391963	177.6432160804019
510	34	1	56.5276381909548	139.41206030150744
510	35	1	58.01999999999998	14.545
510	36	1	120.12499999999999	137.20000000000007
510	37	1	18.608040201005025	137.87939698492457
510	38	1	76.41206030150748	14.36683417085427
510	39	1	103.40201005025125	58.84422110552765
510	40	1	23.944723618090443	152.29648241206016
510	41	1	181.38693467336685	60.24120603015073
510	42	1	22.159203980099512	52.37313432835819
510	43	1	115.16915422885576	193.15422885572139
510	44	1	31.904999999999987	144.40500000000003
510	45	1	97.505	115.22499999999997
510	46	1	105.63000000000005	132.50500000000002
510	47	1	46.76000000000002	85.89500000000002
510	48	1	109.40000000000002	82.56000000000004
510	49	1	49.169154228855746	121.77611940298506
510	50	1	199.75	65.85000000000001
510	51	1	136.1300000000001	62.72
510	52	1	154.46766169154233	76.38805970149252
510	53	1	28.15	96.2500000000001
510	54	1	159.59798994974867	65.33165829145729
510	55	1	29.475000000000012	163.73000000000005
510	56	1	33.05500000000002	77.71
510	57	1	113.68499999999997	145.7400000000001
510	58	1	86.65326633165823	7.50753768844221
510	59	1	93.73499999999999	80.19999999999999
520	1	2	9.740000000000002	10.299999999999995
520	2	2	10.120000000000005	99.88
520	3	2	10.120000000000005	189.88
520	4	2	99.85858585858585	10.141414141414142
520	5	2	100.19	99.99
520	6	2	100.12	189.88
520	7	2	190.2164948453608	10.30927835051546
520	8	2	190.1199999999999	100.12000000000003
520	9	2	189.99999999999991	190
520	10	1	142.85572139303488	82.43283582089548
520	11	1	41.15	46.08
520	12	1	102.35323383084578	70.02487562189053
520	13	1	84.07000000000002	86.88499999999996
520	14	1	155.52763819095483	150.3768844221106
520	15	1	181.38805970149252	71.93532338308457
520	16	1	81.30499999999999	190.08
520	17	1	169.371287128713	67.49009900990096
520	18	1	132.07499999999993	143.50500000000002
520	19	1	108.99000000000001	154.23499999999996
520	20	1	23.245000000000008	76.97
520	21	1	161.4776119402984	92.81592039800995
520	22	1	145.77114427860695	57.87064676616913
520	23	1	61.97499999999998	132.62999999999997
520	24	1	127.83	188.7100000000001
520	25	1	49.57788944723621	53.08040201005027
520	26	1	16.04500000000001	61.00500000000002
520	27	1	44.025000000000006	76.97500000000001
520	28	1	37.934999999999974	130.42499999999998
520	29	1	53.090452261306545	147.69346733668354
520	30	1	127.30845771144276	1.8457711442786067
520	31	1	150.9303482587065	94.65671641791045
520	32	1	100.43499999999995	124.71999999999998
520	33	1	107.73500000000003	176.86999999999992
520	34	1	56.16499999999999	139.18499999999995
520	35	1	59.89500000000003	14.875
520	36	1	120.53000000000002	137.1950000000001
520	37	1	19.095	137.445
520	38	1	77.25500000000001	15.385000000000005
520	39	1	105.04975124378109	59.54228855721393
520	40	1	24.089552238805975	152.53731343283593
520	41	1	181.18500000000003	60.11000000000002
520	42	1	22.638190954773872	52.25125628140703
520	43	1	114.12935323383088	191.62189054726375
520	44	1	32.38805970149254	145.87562189054717
520	45	1	98.02000000000004	115.41000000000004
520	46	1	105.89000000000004	133.185
520	47	1	46.34999999999999	86.16499999999999
520	48	1	110.75500000000002	83.12000000000003
520	49	1	50.029850746268664	121.46766169154232
520	50	1	1.0351758793969863	64.88442211055276
520	51	1	136.46231155778898	64.24120603015076
520	52	1	154.07500000000005	76.70499999999998
520	53	1	28.380000000000013	96.66499999999999
520	54	1	158.9850746268656	66.30348258706472
520	55	1	28.465000000000018	164.01499999999987
520	56	1	32.725	78.12499999999994
520	57	1	115.13	147.2450000000001
520	58	1	85.09045226130654	6.130653266331657
520	59	1	95.87562189054727	81.15920398009956
530	1	2	9.740000000000002	10.299999999999995
530	2	2	10.120000000000005	99.88
530	3	2	10.120000000000005	189.88
530	4	2	99.85858585858585	10.141414141414142
530	5	2	100.19	99.99
530	6	2	100.12	189.88
530	7	2	190.2164948453608	10.30927835051546
530	8	2	190.1199999999999	100.12000000000003
530	9	2	189.99999999999991	190
530	10	1	142.79500000000013	82.96000000000004
530	11	1	42.530000000000015	45.45
530	12	1	101.05000000000003	70.22499999999995
530	13	1	84.60500000000002	85.78000000000002
530	14	1	155.59000000000012	149.83
530	15	1	182.38	71.36500000000001
530	16	1	81.345	189.31500000000005
530	17	1	168.67499999999995	67.03
530	18	1	132.38308457711443	145.0497512437811
530	19	1	108.81999999999996	153.75
530	20	1	22.90000000000001	77.225
530	21	1	161.94999999999996	93.805
530	22	1	144.64676616915418	57.353233830845774
530	23	1	61.07462686567162	132.3034825870646
530	24	1	128.29999999999998	188.43500000000003
530	25	1	48.839999999999975	54.740000000000016
530	26	1	16.48241206030151	60.5577889447236
530	27	1	44.465	76.79999999999998
530	28	1	37.985074626865696	131.35323383084577
530	29	1	52.723618090452234	147.4773869346734
530	30	1	125.63999999999996	1.3599999999999994
530	31	1	151.48000000000005	94.05500000000004
530	32	1	101.60696517412936	125.14427860696517
530	33	1	106.86000000000001	176.22500000000014
530	34	1	55.56500000000004	138.96000000000004
530	35	1	61.30845771144281	15.597014925373136
530	36	1	120.86999999999993	137.23000000000008
530	37	1	19.780000000000015	137.09
530	38	1	78.83417085427139	15.964824120603012
530	39	1	106.185	60.350000000000016
530	40	1	24.35175879396984	152.90954773869336
530	41	1	180.73869346733662	60.351758793969836
530	42	1	23.910000000000007	52.330000000000005
530	43	1	113.85000000000004	189.855
530	44	1	32.584999999999994	146.64999999999995
530	45	1	98.37688442211056	115.56783919597993
530	46	1	105.85929648241208	134.11055276381904
530	47	1	45.955000000000005	86.225
530	48	1	112.11000000000006	83.47500000000001
530	49	1	51.10500000000001	121.12000000000006
530	50	1	1.8199999999999998	64.20499999999998
530	51	1	136.80499999999995	65.74000000000005
530	52	1	153.81909547738704	76.53768844221106
530	53	1	28.26	96.655
530	54	1	158.40500000000003	66.435
530	55	1	27.59	163.92499999999995
530	56	1	32.669999999999995	78.2
530	57	1	116.41	148.37500000000009
530	58	1	83.95499999999997	5.259999999999998
530	59	1	97.68159203980105	81.7960199004975
540	1	2	9.740000000000002	10.299999999999995
540	2	2	10.120000000000005	99.88
540	3	2	10.120000000000005	189.88
540	4	2	99.85858585858585	10.141414141414142
540	5	2	100.19	99.99
540	6	2	100.12	189.88
540	7	2	190.2164948453608	10.30927835051546
540	8	2	190.1199999999999	100.12000000000003
540	9	2	189.99999999999991	190
540	10	1	143.0149999999999	83.16000000000005
540	11	1	45.10945273631841	44.00000000000001
540	12	1	100.44000000000001	70.33999999999999
540	13	1	84.89054726368161	84.3134328358209
540	14	1	155.665	149.31999999999985
540	15	1	183.1641791044776	71.2686567164179
540	16	1	81.43499999999997	189.185
540	17	1	168.20999999999998	66.71
540	18	1	132.34825870646762	146.59701492537314
540	19	1	108.94499999999995	153.65999999999997
540	20	1	22.980000000000008	77.12500000000003
540	21	1	162.90547263681609	94.75621890547264
540	22	1	143.34328358208958	56.77114427860697
540	23	1	60.30000000000002	132.00499999999994
540	24	1	128.83582089552246	187.8109452736319
540	25	1	47.53731343283582	56.21890547263682
540	26	1	16.789999999999996	60.27000000000002
540	27	1	44.65000000000001	76.65000000000003
540	28	1	38.12935323383084	132.30845771144268
540	29	1	52.24499999999998	147.00999999999993
540	30	1	123.98009950248752	0.08457711442786095
540	31	1	152.23500000000004	93.49000000000004
540	32	1	101.965	125.42499999999998
540	33	1	106.23500000000001	175.38999999999987
540	34	1	55.05500000000004	138.63000000000005
540	35	1	62.97512437810943	16.109452736318406
540	36	1	122.15499999999999	136.93000000000004
540	37	1	20.348258706467664	136.28358208955225
540	38	1	80.39303482587061	16.089552238805982
540	39	1	107.15999999999998	61.19999999999998
540	40	1	24.285	152.88999999999993
540	41	1	180.50999999999985	60.73000000000002
540	42	1	24.929648241206035	52.185929648241206
540	43	1	113.75621890547262	188.54726368159194
540	44	1	32.710000000000015	147.07000000000008
540	45	1	98.69000000000001	115.88499999999998
540	46	1	105.75124378109463	134.76119402985077
540	47	1	45.885	86.12
540	48	1	112.94000000000001	83.64500000000001
540	49	1	52.398009950248756	120.70149253731338
540	50	1	2.1990049751243768	63.457711442786064
540	51	1	137.51256281407026	66.86432160804019
540	52	1	153.82914572864317	76.54271356783923
540	53	1	28.514999999999993	96.53500000000004
540	54	1	158.0497512437813	66.50746268656715
540	55	1	26.709999999999987	163.76499999999987
540	56	1	32.550000000000004	78.09000000000002
540	57	1	117.26000000000002	148.59999999999994
540	58	1	83.29500000000006	4.8050000000000015
540	59	1	99.26499999999993	82.99000000000002
550	1	2	9.740000000000002	10.299999999999995
550	2	2	10.120000000000005	99.88
550	3	2	10.120000000000005	189.88
550	4	2	99.85858585858585	10.141414141414142
550	5	2	100.19	99.99
550	6	2	100.12	189.88
550	7	2	190.2164948453608	10.30927835051546
550	8	2	190.1199999999999	100.12000000000003
550	9	2	189.99999999999991	190
550	10	1	142.95024875621883	84.06965174129355
550	11	1	46.29000000000002	44.690000000000005
550	12	1	100.1859296482412	70.79396984924624
550	13	1	85.63681592039798	82.60696517412936
550	14	1	155.72500000000002	148.56500000000008
550	15	1	184.21	70.82500000000006
550	16	1	81.64999999999998	188.7500000000001
550	17	1	167.56716417910465	66.22388059701493
550	18	1	131.82412060301505	147.17085427135675
550	19	1	109.09499999999998	153.49499999999995
550	20	1	22.924623115577905	76.79899497487432
550	21	1	163.305	95.08000000000004
550	22	1	142.3233830845771	56.3333333333333
550	23	1	59.78500000000002	131.88
550	24	1	129.14000000000004	187.47500000000008
550	25	1	45.85000000000001	57.30000000000001
550	26	1	17.319999999999997	59.99
550	27	1	44.79999999999998	76.43499999999996
550	28	1	38.22772277227723	132.96039603960395
550	29	1	51.175000000000004	146.3649999999999
550	30	1	122.47	199.065
550	31	1	152.6150000000001	92.83499999999997
550	32	1	102.85999999999997	125.9
550	33	1	105.33333333333333	174.65174129353238
550	34	1	54.639999999999986	138.46
550	35	1	65.61691542288555	16.02487562189055
550	36	1	123.91044776119406	136.81094527363183
550	37	1	21.03499999999999	135.31
550	38	1	82.29999999999997	16.884999999999994
550	39	1	108.21393034825871	62.12437810945274
550	40	1	24.199004975124396	152.6915422885573
550	41	1	180.04500000000007	61.224999999999994
550	42	1	25.604999999999993	51.580000000000005
550	43	1	113.77000000000002	186.52000000000004
550	44	1	32.269999999999996	146.94500000000016
550	45	1	99.04522613065325	116.28140703517583
550	46	1	106.02512562814071	135.3618090452262
550	47	1	45.36683417085429	86.12060301507545
550	48	1	114.13000000000002	83.97
550	49	1	53.325000000000024	120.45499999999998
550	50	1	2.030150753768844	62.49246231155779
550	51	1	138.38308457711432	67.93034825870643
550	52	1	153.89949748743706	76.70351758793964
550	53	1	28.129999999999992	96.03500000000003
550	54	1	157.42713567839192	66.25628140703513
550	55	1	26.070000000000018	163.48000000000002
550	56	1	32.10500000000001	78.33000000000003
550	57	1	117.97500000000002	149.25999999999993
550	58	1	81.64676616915423	4.885572139303481
550	59	1	100.23999999999995	84.09999999999997
560	1	2	9.740000000000002	10.299999999999995
560	2	2	10.120000000000005	99.88
560	3	2	10.120000000000005	189.88
560	4	2	99.85858585858585	10.141414141414142
560	5	2	100.19	99.99
560	6	2	100.12	189.88
560	7	2	190.2164948453608	10.30927835051546
560	8	2	190.1199999999999	100.12000000000003
560	9	2	189.99999999999991	190
560	10	1	142.83582089552237	85.25870646766171
560	11	1	48.07960199004974	44.910447761194014
560	12	1	99.93000000000002	70.82
560	13	1	86.59000000000002	80.84000000000006
560	14	1	155.85074626865682	147.9751243781094
560	15	1	185.82999999999993	70.08499999999998
560	16	1	81.655	188.975
560	17	1	167.32499999999993	66.45999999999995
560	18	1	131.03	147.67
560	19	1	109.26999999999998	153.23499999999996
560	20	1	22.910000000000007	76.60000000000001
560	21	1	163.84079601990055	95.98507462686563
560	22	1	141.155	56.040000000000006
560	23	1	58.8	131.24999999999997
560	24	1	129.82	188.88999999999996
560	25	1	44.064676616915435	57.14925373134331
560	26	1	18.069999999999997	59.86500000000001
560	27	1	44.472636815920396	76.52238805970146
560	28	1	38.265000000000015	133.79999999999998
560	29	1	51.12	146.155
560	30	1	120.89054726368163	198.10945273631856
560	31	1	152.92000000000007	92.48000000000002
560	32	1	103.98492462311559	126.26130653266334
560	33	1	104.39698492462311	173.74874371859303
560	34	1	54.410000000000025	138.21499999999992
560	35	1	67.60000000000004	15.895000000000003
560	36	1	125.34170854271355	136.87939698492465
560	37	1	22.020100502512566	134.61306532663312
560	38	1	84.21999999999998	17.889999999999993
560	39	1	109.705	62.62000000000004
560	40	1	23.589108910891085	152.079207920792
560	41	1	179.2049999999999	61.59000000000001
560	42	1	26.517587939698494	51.49748743718594
560	43	1	114.05000000000007	184.87999999999994
560	44	1	32.124378109452735	147.4029850746269
560	45	1	98.84079601990047	116.75124378109454
560	46	1	106.16000000000003	135.59999999999994
560	47	1	45.41000000000002	86.12499999999996
560	48	1	115.03000000000003	83.64000000000001
560	49	1	53.99999999999998	120.12060301507536
560	50	1	2.3000000000000007	61.86999999999997
560	51	1	139.49253731343282	68.33333333333333
560	52	1	154.165	77.06999999999998
560	53	1	28.218905472636834	95.56716417910444
560	54	1	157.12121212121204	66.01010101010102
560	55	1	26.075376884422113	163.4170854271357
560	56	1	32.01500000000001	78.31000000000006
560	57	1	118.43718592964834	149.8040201005025
560	58	1	79.88999999999994	5.710000000000001
560	59	1	100.77500000000002	85.11500000000004
570	1	2	9.740000000000002	10.299999999999995
570	2	2	10.120000000000005	99.88
570	3	2	10.120000000000005	189.88
570	4	2	99.85858585858585	10.141414141414142
570	5	2	100.19	99.99
570	6	2	100.12	189.88
570	7	2	190.2164948453608	10.30927835051546
570	8	2	190.1199999999999	100.12000000000003
570	9	2	189.99999999999991	190
570	10	1	142.96500000000012	87.04000000000003
570	11	1	49.59000000000002	45.655
570	12	1	99.49246231155782	70.98492462311556
570	13	1	87.29353233830842	79.59203980099495
570	14	1	155.84500000000014	147.19
570	15	1	187.00000000000006	69.5
570	16	1	81.95500000000001	188.74999999999991
570	17	1	167.14	66.86500000000002
570	18	1	130.41500000000005	148.14499999999998
570	19	1	109.60999999999997	153.2249999999999
570	20	1	22.85	76.33500000000004
570	21	1	164.6199999999999	96.99500000000002
570	22	1	139.75999999999993	55.775000000000006
570	23	1	57.714999999999996	130.3599999999999
570	24	1	129.929648241206	189.90452261306532
570	25	1	42.315000000000005	57.14
570	26	1	18.805	59.41000000000002
570	27	1	44.389999999999986	76.085
570	28	1	38.54	134.49499999999995
570	29	1	50.73999999999999	146.235
570	30	1	120.12999999999997	196.80499999999998
570	31	1	153.29648241206021	91.73869346733667
570	32	1	105.10945273631842	126.58208955223884
570	33	1	102.95979899497489	172.6984924623115
570	34	1	54.44500000000005	138.1349999999999
570	35	1	68.67999999999998	15.775000000000002
570	36	1	126.35678391959802	137.3366834170855
570	37	1	23.30348258706467	133.90547263681603
570	38	1	85.55499999999999	18.724999999999994
570	39	1	110.64500000000005	63.190000000000026
570	40	1	22.689999999999998	151.36
570	41	1	178.32663316582904	62.3718592964824
570	42	1	27.509999999999994	51.25499999999999
570	43	1	113.83500000000001	183.4549999999999
570	44	1	31.385000000000005	147.20000000000002
570	45	1	98.22000000000003	117.39999999999995
570	46	1	105.82999999999996	135.69499999999996
570	47	1	45.11000000000002	86.065
570	48	1	115.95000000000003	83.29999999999998
570	49	1	55.56000000000004	119.845
570	50	1	2.0600000000000027	61.33999999999998
570	51	1	140.58499999999992	68.84499999999997
570	52	1	154.52261306532662	77.44221105527633
570	53	1	27.639999999999997	95.05
570	54	1	156.65000000000006	65.67
570	55	1	26.05527638190956	163.16582914572862
570	56	1	31.77386934673366	78.54271356783926
570	57	1	118.94	150.75999999999996
570	58	1	79.31499999999998	6.8149999999999995
570	59	1	101.22000000000004	85.39499999999998
580	1	2	9.740000000000002	10.299999999999995
580	2	2	10.120000000000005	99.88
580	3	2	10.120000000000005	189.88
580	4	2	99.85858585858585	10.141414141414142
580	5	2	100.19	99.99
580	6	2	100.12	189.88
580	7	2	190.2164948453608	10.30927835051546
580	8	2	190.1199999999999	100.12000000000003
580	9	2	189.99999999999991	190
580	10	1	142.910447761194	88.60199004975127
580	11	1	50.85572139303484	46.7412935323383
580	12	1	99.51999999999992	71.08000000000001
580	13	1	87.79104477611942	79.02487562189059
580	14	1	155.82000000000008	147.0949999999999
580	15	1	188.66	68.88499999999999
580	16	1	81.98500000000003	188.98500000000004
580	17	1	167.28499999999983	67.75500000000002
580	18	1	130.20000000000007	148.47000000000014
580	19	1	109.63184079601986	152.7711442786069
580	20	1	22.60000000000001	76.19000000000004
580	21	1	165.12999999999997	98.00999999999995
580	22	1	138.61194029850748	55.87064676616916
580	23	1	56.97000000000001	129.6849999999999
580	24	1	129.67999999999995	190.925
580	25	1	41.6766169154229	56.825870646766205
580	26	1	19.711442786069654	58.89054726368157
580	27	1	44.42999999999999	75.72499999999997
580	28	1	38.61	134.87500000000009
580	29	1	50.52500000000002	146.32999999999996
580	30	1	119.6965174129353	195.59701492537317
580	31	1	153.48500000000004	91.14499999999997
580	32	1	106.88442211055278	127.28140703517585
580	33	1	101.47	171.67499999999998
580	34	1	54.52499999999999	138.2200000000001
580	35	1	69.51499999999996	15.565000000000003
580	36	1	127.41708542713569	137.61306532663306
580	37	1	24.6268656716418	132.95522388059715
580	38	1	86.58500000000002	19.190000000000012
580	39	1	111.11442786069651	63.557213930348205
580	40	1	22.019999999999982	150.385
580	41	1	177.33499999999998	63.35
580	42	1	28.455000000000005	51.584999999999994
580	43	1	113.72139303482592	181.98009950248743
580	44	1	30.94974874371858	146.94472361809042
580	45	1	97.815	118.68
580	46	1	105.63500000000002	135.82000000000005
580	47	1	45.00500000000004	86.035
580	48	1	116.54	83.54499999999996
580	49	1	56.115000000000016	119.61999999999998
580	50	1	2.0000000000000004	61.264999999999986
580	51	1	141.73000000000002	69.10000000000002
580	52	1	155.0049751243781	77.86069651741293
580	53	1	27.515	94.32499999999997
580	54	1	156.08457711442793	65.0547263681592
580	55	1	25.88500000000001	163.05499999999998
580	56	1	31.539999999999996	78.78500000000008
580	57	1	119.67839195979897	151.7035175879398
580	58	1	78.74000000000001	8.059999999999999
580	59	1	101.96999999999997	85.80999999999997
590	1	2	9.740000000000002	10.299999999999995
590	2	2	10.120000000000005	99.88
590	3	2	10.120000000000005	189.88
590	4	2	99.85858585858585	10.141414141414142
590	5	2	100.19	99.99
590	6	2	100.12	189.88
590	7	2	190.2164948453608	10.30927835051546
590	8	2	190.1199999999999	100.12000000000003
590	9	2	189.99999999999991	190
590	10	1	143.23	89.37
590	11	1	52.10499999999998	47.309999999999995
590	12	1	99.24000000000001	71.52
590	13	1	88.70646766169149	78.4129353233831
590	14	1	155.90452261306527	147.24623115577887
590	15	1	189.195	68.49500000000005
590	16	1	82.145	189.2450000000001
590	17	1	167.16499999999985	67.90000000000003
590	18	1	129.71356783919592	148.396984924623
590	19	1	109.26500000000004	152.47999999999996
590	20	1	22.296482412060293	75.964824120603
590	21	1	165.67	99.15999999999997
590	22	1	137.587064676617	56.25870646766173
590	23	1	56.55223880597018	129.36815920398004
590	24	1	129.29	192.27500000000012
590	25	1	41.52	55.99000000000002
590	26	1	20.45999999999999	58.330000000000005
590	27	1	44.68000000000004	75.04
590	28	1	38.72636815920399	134.7164179104477
590	29	1	50.275000000000006	146.39999999999995
590	30	1	119.31343283582086	194.3781094527363
590	31	1	153.78999999999996	90.67500000000003
590	32	1	108.05999999999999	127.79500000000006
590	33	1	99.63184079601992	171.38308457711446
590	34	1	54.60500000000001	138.16000000000008
590	35	1	69.95979899497492	15.537688442211058
590	36	1	127.82000000000005	137.69499999999994
590	37	1	26.104477611940304	131.40796019900495
590	38	1	87.085	20.20500000000001
590	39	1	111.22000000000003	65.08999999999996
590	40	1	21.259999999999998	149.33500000000015
590	41	1	177.0699999999999	63.93
590	42	1	28.81094527363185	51.96517412935324
590	43	1	113.2835820895522	180.98009950248758
590	44	1	30.23999999999998	146.07999999999996
590	45	1	97.23880597014926	119.98009950248765
590	46	1	105.72361809045228	136.1608040201005
590	47	1	44.86000000000001	85.93
590	48	1	116.5628140703518	83.42713567839196
590	49	1	56.65999999999998	119.67499999999995
590	50	1	2.510000000000001	61.23500000000001
590	51	1	142.49500000000003	69.485
590	52	1	156.17499999999998	78.62499999999999
590	53	1	26.674999999999997	94.03500000000001
590	54	1	155.31840796019918	64.67661691542288
590	55	1	25.480000000000004	162.38500000000002
590	56	1	31.35999999999999	79.235
590	57	1	119.98499999999999	152.16000000000003
590	58	1	78.85499999999998	9.229999999999999
590	59	1	102.77999999999999	86.41999999999997
600	1	2	9.740000000000002	10.299999999999995
600	2	2	10.120000000000005	99.88
600	3	2	10.120000000000005	189.88
600	4	2	99.85858585858585	10.141414141414142
600	5	2	100.19	99.99
600	6	2	100.12	189.88
600	7	2	190.2164948453608	10.30927835051546
600	8	2	190.1199999999999	100.12000000000003
600	9	2	189.99999999999991	190
600	10	1	143.22000000000006	90.59500000000001
600	11	1	53.18592964824122	47.839195979899486
600	12	1	99.56500000000003	71.6
600	13	1	89.69500000000001	77.70000000000002
600	14	1	155.71999999999997	147.285
600	15	1	190.435	67.33500000000001
600	16	1	82.14999999999993	190.16500000000008
600	17	1	166.97999999999996	68.03000000000003
600	18	1	129.67839195979906	148.59798994974867
600	19	1	108.34999999999995	152.14999999999995
600	20	1	22.04	74.945
600	21	1	166.12935323383095	100.38805970149252
600	22	1	137.0603015075377	56.914572864321606
600	23	1	56.314999999999976	129.22000000000006
600	24	1	128.68999999999997	193.67000000000002
600	25	1	41.51	53.645
600	26	1	21.18	57.98999999999999
600	27	1	45.145	74.01999999999997
600	28	1	38.54000000000001	134.6949999999999
600	29	1	49.59999999999998	146.13499999999993
600	30	1	119.13065326633169	193.13567839195977
600	31	1	153.90999999999997	90.06499999999998
600	32	1	108.84999999999998	127.785
600	33	1	98.20895522388052	171.46766169154228
600	34	1	54.839999999999996	138.1900000000001
600	35	1	70.00500000000004	15.354999999999999
600	36	1	128.27	138.17499999999993
600	37	1	27.084999999999997	129.75500000000008
600	38	1	86.90500000000006	21.75
600	39	1	111.10552763819098	66.11557788944728
600	40	1	21.20603015075377	148.95477386934667
600	41	1	176.8457711442785	64.98507462686564
600	42	1	29.25	52.735000000000014
600	43	1	112.99000000000002	180.165
600	44	1	29.685000000000006	145.54499999999987
600	45	1	96.90049751243775	121.22885572139302
600	46	1	105.90452261306535	136.3768844221105
600	47	1	44.340000000000025	85.89999999999996
600	48	1	117.30150753768845	83.96984924623112
600	49	1	56.97989949748743	119.83417085427133
600	50	1	3.2550000000000012	61.00999999999998
600	51	1	143.30500000000004	70.35499999999998
600	52	1	157.18407960198994	79.26865671641795
600	53	1	25.735	93.51999999999998
600	54	1	154.60499999999982	64.36500000000002
600	55	1	24.850000000000023	161.62000000000003
600	56	1	31.24500000000001	79.53500000000001
600	57	1	119.92964824120602	152.30653266331655
600	58	1	79.21499999999996	10.21999999999999
600	59	1	103.70854271356785	86.70351758793969
610	1	2	9.740000000000002	10.299999999999995
610	2	2	10.120000000000005	99.88
610	3	2	10.120000000000005	189.88
610	4	2	99.85858585858585	10.141414141414142
610	5	2	100.19	99.99
610	6	2	100.12	189.88
610	7	2	190.2164948453608	10.30927835051546
610	8	2	190.1199999999999	100.12000000000003
610	9	2	189.99999999999991	190
610	10	1	143.82499999999987	91.49500000000003
610	11	1	54.385	48.260000000000005
610	12	1	99.71999999999997	71.635
610	13	1	90.14925373134326	77.41293532338305
610	14	1	155.37688442211052	147.3266331658291
610	15	1	190.775	65.83500000000002
610	16	1	82.09499999999993	191.04999999999995
610	17	1	166.70854271356782	67.7587939698493
610	18	1	129.52999999999992	148.36999999999998
610	19	1	107.61809045226133	151.71859296482427
610	20	1	21.125	73.44999999999997
610	21	1	166.41500000000002	101.39
610	22	1	136.54999999999998	57.77500000000005
610	23	1	56.32160804020101	129.14070351758795
610	24	1	128.125	194.585
610	25	1	41.73499999999998	52.050000000000004
610	26	1	22.060000000000002	58.02500000000003
610	27	1	45.52000000000001	73.05499999999995
610	28	1	38.42786069651741	134.73134328358213
610	29	1	49.0854271356784	146.27638190954772
610	30	1	118.44999999999999	191.715
610	31	1	154.44723618090435	89.97989949748747
610	32	1	110.25000000000003	128.10500000000002
610	33	1	96.97000000000001	170.93499999999997
610	34	1	54.31000000000001	137.89999999999998
610	35	1	70.375	15.694999999999997
610	36	1	129.5829145728643	138.35175879396982
610	37	1	27.735	128.31500000000005
610	38	1	87.02512562814069	23.130653266331667
610	39	1	110.99000000000001	67.59000000000002
610	40	1	21.115	148.63999999999987
610	41	1	177.30000000000004	66.18499999999997
610	42	1	29.740000000000006	52.91499999999997
610	43	1	112.53233830845774	179.3830845771144
610	44	1	29.154999999999994	144.82
610	45	1	96.53999999999996	122.47
610	46	1	106.27	136.54999999999987
610	47	1	43.37999999999998	85.64500000000005
610	48	1	117.8693467336683	84.23618090452258
610	49	1	57.36500000000001	119.59500000000001
610	50	1	4.311557788944723	61.010050251256274
610	51	1	143.81000000000006	71.305
610	52	1	157.4599999999999	79.34499999999998
610	53	1	24.729999999999997	92.625
610	54	1	153.895	63.89500000000002
610	55	1	24.201005025125642	161.11055276381904
610	56	1	31.220000000000013	79.38500000000005
610	57	1	120.21500000000006	152.5199999999999
610	58	1	79.45273631840794	11.034825870646774
610	59	1	104.855	87.05000000000001
620	1	2	9.740000000000002	10.299999999999995
620	2	2	10.120000000000005	99.88
620	3	2	10.120000000000005	189.88
620	4	2	99.85858585858585	10.141414141414142
620	5	2	100.19	99.99
620	6	2	100.12	189.88
620	7	2	190.2164948453608	10.30927835051546
620	8	2	190.1199999999999	100.12000000000003
620	9	2	189.99999999999991	190
620	10	1	144.48258706467658	92.73631840796016
620	11	1	55.51999999999995	48.89499999999999
620	12	1	99.64676616915428	72.38805970149255
620	13	1	90.36000000000003	77.49
620	14	1	154.6381909547739	148.14572864321613
620	15	1	190.65671641791045	64.96019900497517
620	16	1	81.96482412060303	192.04522613065325
620	17	1	166.50500000000002	67.4549999999999
620	18	1	128.77499999999998	148.18
620	19	1	106.67336683417093	151.0552763819096
620	20	1	20.736318407960187	73.1243781094527
620	21	1	167.04499999999996	102.015
620	22	1	136.45273631840791	58.80099502487562
620	23	1	56.09499999999999	129.215
620	24	1	127.35820895522387	195.51243781094527
620	25	1	42.450000000000024	50.649999999999984
620	26	1	23.03000000000001	59.13
620	27	1	46.195	72.00499999999991
620	28	1	38.095477386934675	135.34170854271366
620	29	1	47.76499999999998	146.45499999999998
620	30	1	118.17412935323382	190.46268656716413
620	31	1	154.58	89.71500000000002
620	32	1	111.11940298507461	128.3532338308458
620	33	1	95.77000000000002	170.77499999999995
620	34	1	53.930348258706445	137.8059701492538
620	35	1	70.97500000000001	16.549999999999994
620	36	1	130.80499999999998	138.625
620	37	1	28.472636815920406	126.97014925373138
620	38	1	86.89447236180905	24.482412060301513
620	39	1	111.03499999999994	69.30499999999996
620	40	1	20.930348258706466	148.66169154228868
620	41	1	178.07462686567172	67.50746268656717
620	42	1	30.597014925373145	53.89054726368162
620	43	1	111.555	177.97500000000002
620	44	1	27.85074626865672	143.40298507462688
620	45	1	96.41791044776116	123.67661691542287
620	46	1	107.22613065326631	136.94974874371852
620	47	1	42.791044776119406	85.41791044776114
620	48	1	119.07462686567169	84.91542288557208
620	49	1	57.65829145728642	119.57286432160802
620	50	1	4.814999999999998	60.959999999999994
620	51	1	144.23499999999999	72.38499999999998
620	52	1	157.8894472361809	79.46231155778892
620	53	1	24.099502487562184	91.92039800995026
620	54	1	152.9900497512438	63.40796019900498
620	55	1	23.550000000000008	160.30999999999997
620	56	1	31.344999999999985	79.55000000000001
620	57	1	120.33333333333336	153.17412935323395
620	58	1	79.7	12.000000000000002
620	59	1	106.33165829145727	87.59798994974871
630	1	2	9.740000000000002	10.299999999999995
630	2	2	10.120000000000005	99.88
630	3	2	10.120000000000005	189.88
630	4	2	99.85858585858585	10.141414141414142
630	5	2	100.19	99.99
630	6	2	100.12	189.88
630	7	2	190.2164948453608	10.30927835051546
630	8	2	190.1199999999999	100.12000000000003
630	9	2	189.99999999999991	190
630	10	1	145.53499999999983	93.84499999999994
630	11	1	56.86069651741296	49.965174129353244
630	12	1	99.86499999999998	73.06999999999998
630	13	1	90.6	77.59999999999998
630	14	1	153.62500000000006	148.48499999999996
630	15	1	190.06	63.525000000000006
630	16	1	81.83500000000002	193.29
630	17	1	165.92999999999995	67.75000000000004
630	18	1	128.27860696517413	147.97014925373134
630	19	1	105.46000000000005	150.44000000000005
630	20	1	19.99502487562189	72.97512437810951
630	21	1	167.5000000000001	102.79
630	22	1	136.0552763819096	60.462311557788915
630	23	1	55.615	129.00999999999988
630	24	1	126.55721393034833	196.19900497512438
630	25	1	43.049999999999955	49.28000000000001
630	26	1	23.900000000000006	59.84499999999998
630	27	1	47.10499999999999	71.00999999999996
630	28	1	37.940000000000005	136.11
630	29	1	46.99500000000001	146.81
630	30	1	117.99999999999999	189.10945273631853
630	31	1	154.43499999999995	89.47000000000001
630	32	1	111.84422110552764	128.8291457286432
630	33	1	94.89552238805969	170.59701492537297
630	34	1	53.859999999999985	137.95500000000004
630	35	1	71.69000000000003	17.600000000000005
630	36	1	131.72500000000002	138.73499999999996
630	37	1	29.430000000000007	125.905
630	38	1	86.71499999999995	25.76
630	39	1	111.08500000000001	70.58500000000001
630	40	1	21.000000000000007	148.59000000000003
630	41	1	179.08499999999992	69.04000000000002
630	42	1	31.874999999999993	54.83499999999999
630	43	1	110.03500000000001	176.55499999999998
630	44	1	27.199004975124367	142.33333333333331
630	45	1	95.95500000000001	124.96999999999998
630	46	1	107.58999999999999	137.26499999999996
630	47	1	42.03500000000002	84.97000000000003
630	48	1	120.23000000000005	85.82500000000002
630	49	1	57.82412060301506	119.57788944723613
630	50	1	5.785000000000002	60.974999999999994
630	51	1	144.5621890547264	73.5373134328358
630	52	1	158.26999999999987	79.73999999999998
630	53	1	23.514999999999997	91.085
630	54	1	151.5276381909547	62.0653266331658
630	55	1	23.15075376884422	159.92462311557793
630	56	1	31.609999999999996	79.24499999999999
630	57	1	120.18499999999993	153.18999999999997
630	58	1	79.96500000000003	12.545
630	59	1	107.32000000000001	88.22000000000003
640	1	2	9.740000000000002	10.299999999999995
640	2	2	10.120000000000005	99.88
640	3	2	10.120000000000005	189.88
640	4	2	99.85858585858585	10.141414141414142
640	5	2	100.19	99.99
640	6	2	100.12	189.88
640	7	2	190.2164948453608	10.30927835051546
640	8	2	190.1199999999999	100.12000000000003
640	9	2	189.99999999999991	190
640	10	1	146.68999999999997	94.97999999999996
640	11	1	58.46268656716416	51.00497512437809
640	12	1	100.1442786069651	73.08457711442792
640	13	1	91.05499999999998	78.27500000000002
640	14	1	152.52261306532654	149.2713567839196
640	15	1	190.185	62.36999999999999
640	16	1	81.74129353233828	194.97014925373134
640	17	1	165.70499999999996	67.80500000000002
640	18	1	128.04020100502515	147.89949748743717
640	19	1	104.0597014925373	149.6417910447762
640	20	1	18.819999999999993	72.225
640	21	1	168.05	103.10000000000004
640	22	1	135.64500000000015	62.38500000000002
640	23	1	55.17085427135682	129.07035175879398
640	24	1	125.58000000000006	197.465
640	25	1	43.860696517412926	48.85572139303485
640	26	1	24.82000000000001	61.11000000000002
640	27	1	46.97999999999999	70.13999999999996
640	28	1	37.84	136.7599999999999
640	29	1	46.565000000000005	147.37999999999982
640	30	1	117.72499999999995	187.75999999999996
640	31	1	154.28500000000003	89.28999999999998
640	32	1	112.42211055276385	129.2964824120602
640	33	1	93.63819095477386	170.35175879396982
640	34	1	53.51999999999999	138.1
640	35	1	71.93999999999998	17.545
640	36	1	133.21499999999997	139.22
640	37	1	30.154999999999987	125.19000000000001
640	38	1	86.335	27.200000000000003
640	39	1	111.38805970149262	72.37313432835823
640	40	1	21.309999999999985	148.66000000000003
640	41	1	180.22885572139305	70.5970149253731
640	42	1	33.025125628140685	55.62814070351758
640	43	1	109.25500000000001	174.73000000000002
640	44	1	26.725000000000012	141.35999999999999
640	45	1	95.94499999999998	126.39999999999995
640	46	1	108.655	137.73999999999998
640	47	1	40.999999999999986	84.97499999999998
640	48	1	121.24120603015076	86.79899497487439
640	49	1	57.775	119.65499999999999
640	50	1	7.114999999999999	60.425000000000004
640	51	1	145.10000000000005	74.605
640	52	1	158.90000000000003	79.73000000000006
640	53	1	22.369999999999997	89.13499999999993
640	54	1	150.26368159203977	61.26865671641791
640	55	1	22.739999999999988	159.55500000000004
640	56	1	31.739999999999995	78.73999999999998
640	57	1	120.05500000000006	153.48499999999999
640	58	1	80.43216080402016	12.984924623115578
640	59	1	108.0796019900498	88.86567164179107
650	1	2	9.740000000000002	10.299999999999995
650	2	2	10.120000000000005	99.88
650	3	2	10.120000000000005	189.88
650	4	2	99.85858585858585	10.141414141414142
650	5	2	100.19	99.99
650	6	2	100.12	189.88
650	7	2	190.2164948453608	10.30927835051546
650	8	2	190.1199999999999	100.12000000000003
650	9	2	189.99999999999991	190
650	10	1	148.35999999999999	96.45500000000001
650	11	1	60.1990049751244	51.766169154228855
650	12	1	100.465	73.025
650	13	1	91.23000000000002	78.51
650	14	1	150.54500000000004	149.93500000000012
650	15	1	189.355	61.05500000000002
650	16	1	81.41708542713572	196.48743718592965
650	17	1	166.17000000000004	67.465
650	18	1	127.82089552238803	147.85074626865665
650	19	1	101.64179104477614	148.51243781094527
650	20	1	17.46231155778894	71.70351758793969
650	21	1	168.20999999999998	103.85000000000004
650	22	1	135.995	64.235
650	23	1	54.78999999999999	128.95000000000002
650	24	1	124.40796019900495	198.49253731343285
650	25	1	44.924623115577866	48.522613065326645
650	26	1	25.427860696517403	62.368159203980085
650	27	1	46.25500000000003	69.49000000000001
650	28	1	37.960000000000015	136.70499999999998
650	29	1	46.09452736318407	147.87064676616905
650	30	1	117.04975124378109	185.49751243781103
650	31	1	154.00499999999988	89.14500000000001
650	32	1	112.76	129.57000000000002
650	33	1	92.275	169.07000000000008
650	34	1	53.15999999999999	138.17999999999986
650	35	1	72.4676616915423	18.134328358208958
650	36	1	134.2349999999999	139.53999999999996
650	37	1	31.223880597014922	124.4328358208955
650	38	1	86.39499999999997	28.820000000000007
650	39	1	111.4228855721393	73.48258706467664
650	40	1	21.7035175879397	148.35678391959797
650	41	1	181.58706467661682	71.56218905472635
650	42	1	34.592039800995025	56.606965174129364
650	43	1	108.17910447761196	172.88557213930355
650	44	1	26.835	140.585
650	45	1	96.36815920398011	127.6517412935323
650	46	1	109.49246231155777	138.57286432160802
650	47	1	40.06965174129356	84.88557213930342
650	48	1	121.60000000000005	87.25000000000003
650	49	1	57.874371859296474	119.6834170854272
650	50	1	8.38	60.105
650	51	1	145.43718592964822	75.02512562814073
650	52	1	159.06499999999983	79.33999999999999
650	53	1	21.229999999999993	88.10999999999997
650	54	1	149.51741293532334	60.805970149253724
650	55	1	22.394999999999992	159.01
650	56	1	31.344999999999978	78.29500000000002
650	57	1	118.90500000000006	153.355
650	58	1	81.31000000000003	13.585000000000003
650	59	1	108.57000000000006	89.19000000000005
660	1	2	9.740000000000002	10.299999999999995
660	2	2	10.120000000000005	99.88
660	3	2	10.120000000000005	189.88
660	4	2	99.85858585858585	10.141414141414142
660	5	2	100.19	99.99
660	6	2	100.12	189.88
660	7	2	190.2164948453608	10.30927835051546
660	8	2	190.1199999999999	100.12000000000003
660	9	2	189.99999999999991	190
660	10	1	148.875	97.69499999999998
660	11	1	61.800995024875604	52.7462686567164
660	12	1	100.94499999999998	72.66000000000001
660	13	1	91.4170854271356	78.68844221105527
660	14	1	149.15422885572136	149.90547263681594
660	15	1	188.47500000000005	59.96499999999996
660	16	1	81.31999999999994	197.6
660	17	1	167.08499999999992	66.88
660	18	1	126.79499999999997	147.39500000000004
660	19	1	99.89500000000005	147.65999999999994
660	20	1	16.184079601990046	71.0348258706468
660	21	1	169.09	104.72000000000003
660	22	1	136.53233830845775	66.0149253731343
660	23	1	54.48500000000004	129.09500000000008
660	24	1	124.00500000000001	198.395
660	25	1	46.87	48.07500000000002
660	26	1	25.939999999999994	63.014999999999986
660	27	1	45.185	68.99499999999998
660	28	1	38.07035175879398	136.88442211055278
660	29	1	45.40500000000001	148.62000000000015
660	30	1	116.17910447761196	183.51243781094524
660	31	1	153.60301507537696	89.37688442211054
660	32	1	112.97000000000001	129.925
660	33	1	91.18905472636814	167.76119402985069
660	34	1	52.894472361809086	138.52261306532662
660	35	1	73.12499999999999	18.730000000000008
660	36	1	135.20603015075366	139.9195979899496
660	37	1	32.44500000000002	123.70500000000001
660	38	1	86.59203980099508	30.293532338308466
660	39	1	111.39999999999999	74.79999999999998
660	40	1	21.705000000000002	148.12500000000006
660	41	1	183.22388059701498	71.7213930348259
660	42	1	35.899497487437166	57.11557788944725
660	43	1	106.80402010050254	171.10552763819092
660	44	1	26.93000000000001	139.88999999999996
660	45	1	96.67999999999996	128.7
660	46	1	109.89949748743719	139.3467336683418
660	47	1	38.96	84.80499999999999
660	48	1	122.52261306532658	88.05025125628141
660	49	1	57.341708542713555	119.79396984924621
660	50	1	9.149253731343281	59.39303482587064
660	51	1	145.8656716417912	75.56716417910444
660	52	1	159.47236180904528	78.78391959798996
660	53	1	19.726368159203993	86.84079601990051
660	54	1	148.95000000000005	60.57
660	55	1	22.174999999999997	158.7
660	56	1	30.934673366834183	78.09547738693465
660	57	1	118.12871287128715	153.88613861386133
660	58	1	81.83000000000003	13.864999999999986
660	59	1	108.99999999999997	89.53500000000001
670	1	2	9.740000000000002	10.299999999999995
670	2	2	10.120000000000005	99.88
670	3	2	10.120000000000005	189.88
670	4	2	99.85858585858585	10.141414141414142
670	5	2	100.19	99.99
670	6	2	100.12	189.88
670	7	2	190.2164948453608	10.30927835051546
670	8	2	190.1199999999999	100.12000000000003
670	9	2	189.99999999999991	190
670	10	1	149.79	98.95000000000002
670	11	1	62.83582089552244	53.383084577114396
670	12	1	101.18592964824123	72.46733668341705
670	13	1	91.56499999999994	79.08000000000001
670	14	1	147.5323383084577	149.4079601990049
670	15	1	188.53	59.33999999999999
670	16	1	81.49000000000002	199.04
670	17	1	167.9346733668341	66.76381909547742
670	18	1	126.06499999999996	147.25999999999996
670	19	1	98.19900497512435	147.3880597014925
670	20	1	14.850746268656719	71.06467661691542
670	21	1	170.33999999999995	105.81999999999996
670	22	1	137.31999999999996	67.63499999999996
670	23	1	54.324999999999996	129.17
670	24	1	123.45500000000001	197.93
670	25	1	48.67164179104477	47.61194029850748
670	26	1	26.554999999999996	63.84999999999998
670	27	1	43.455000000000005	68.78000000000006
670	28	1	38.22388059701493	136.7263681592039
670	29	1	44.61691542288557	149.1592039800996
670	30	1	115.22388059701495	181.91044776119392
670	31	1	152.83084577114445	89.32338308457716
670	32	1	113.4572864321608	130.31658291457282
670	33	1	89.84079601990051	166.08955223880588
670	34	1	52.605	138.68999999999994
670	35	1	73.4874371859297	19.286432160804033
670	36	1	135.54500000000004	140.155
670	37	1	32.86500000000001	122.66499999999996
670	38	1	86.50000000000004	32.5
670	39	1	110.80999999999997	76.275
670	40	1	21.910000000000007	147.86999999999995
670	41	1	184.273631840796	71.30348258706468
670	42	1	36.930348258706445	57.000000000000036
670	43	1	105.5970149253731	169.98009950248763
670	44	1	27.155000000000005	139.525
670	45	1	96.765	130.02999999999992
670	46	1	110.10945273631845	140.10447761194035
670	47	1	38.669999999999995	84.32000000000001
670	48	1	123.265	88.805
670	49	1	56.905472636815915	119.89054726368158
670	50	1	10.200000000000003	58.85
670	51	1	146.46766169154228	75.77611940298503
670	52	1	159.86499999999998	78.47000000000003
670	53	1	19.059701492537304	85.63681592039802
670	54	1	147.95024875621888	60.278606965174134
670	55	1	22.255000000000013	158.53999999999994
670	56	1	30.729999999999993	77.805
670	57	1	116.52000000000001	153.99500000000006
670	58	1	83.08500000000004	15.149999999999999
670	59	1	109.93499999999999	90.45500000000001
680	1	2	9.740000000000002	10.299999999999995
680	2	2	10.120000000000005	99.88
680	3	2	10.120000000000005	189.88
680	4	2	99.85858585858585	10.141414141414142
680	5	2	100.19	99.99
680	6	2	100.12	189.88
680	7	2	190.2164948453608	10.30927835051546
680	8	2	190.1199999999999	100.12000000000003
680	9	2	189.99999999999991	190
680	10	1	151.30500000000004	100.08499999999992
680	11	1	63.76999999999999	53.64
680	12	1	101.73000000000002	72.11499999999994
680	13	1	91.84499999999997	78.86999999999992
680	14	1	146.4623115577888	148.41206030150755
680	15	1	188.76500000000001	58.905000000000015
680	16	1	81.63000000000001	0.08499999999999969
680	17	1	168.60500000000005	66.79499999999999
680	18	1	125.44278606965176	146.96517412935324
680	19	1	96.4974874371859	147.02010050251255
680	20	1	13.499999999999998	71.05499999999998
680	21	1	171.22613065326632	107.07035175879405
680	22	1	138.09452736318397	68.69154228855722
680	23	1	54.47236180904521	129.10050251256283
680	24	1	122.59203980099502	197.33830845771146
680	25	1	50.39	47.285000000000004
680	26	1	26.944999999999997	64.65499999999999
680	27	1	42.434999999999995	68.64500000000005
680	28	1	38.22000000000003	136.31500000000005
680	29	1	44.27000000000002	149.51999999999995
680	30	1	113.96500000000005	180.75000000000003
680	31	1	152.05472636815924	89.29850746268656
680	32	1	114.04477611940298	130.77114427860695
680	33	1	88.84499999999994	165.24499999999992
680	34	1	52.42000000000001	138.68
680	35	1	73.69651741293528	19.402985074626855
680	36	1	135.97000000000008	140.65500000000003
680	37	1	33.671641791044784	121.44776119402987
680	38	1	86.44278606965172	34.05472636815919
680	39	1	110.69651741293534	77.62686567164178
680	40	1	22.502512562814058	147.33165829145736
680	41	1	185.38000000000002	70.72499999999998
680	42	1	37.59701492537316	56.41293532338305
680	43	1	104.37810945273631	169.11442786069654
680	44	1	27.474999999999977	138.615
680	45	1	97.41206030150754	130.8391959798995
680	46	1	110.13999999999996	140.99000000000004
680	47	1	38.60301507537689	84.17587939698494
680	48	1	123.74000000000002	89.265
680	49	1	56.375	119.99499999999996
680	50	1	11.21	58.454999999999984
680	51	1	147.01492537313436	76.0746268656716
680	52	1	160.33499999999998	78.32999999999998
680	53	1	18.223880597014922	84.81592039800991
680	54	1	147.67839195979894	60.09045226130655
680	55	1	22.26500000000001	157.83499999999995
680	56	1	30.165000000000006	77.89000000000004
680	57	1	114.45226130653266	153.73869346733673
680	58	1	83.91499999999999	16.17
680	59	1	110.69346733668337	91.40201005025119
690	1	2	9.740000000000002	10.299999999999995
690	2	2	10.120000000000005	99.88
690	3	2	10.120000000000005	189.88
690	4	2	99.85858585858585	10.141414141414142
690	5	2	100.19	99.99
690	6	2	100.12	189.88
690	7	2	190.2164948453608	10.30927835051546
690	8	2	190.1199999999999	100.12000000000003
690	9	2	189.99999999999991	190
690	10	1	152.65326633165833	100.63316582914572
690	11	1	64.83499999999998	53.79500000000002
690	12	1	102.54999999999997	72.14999999999998
690	13	1	92.76999999999997	79.44999999999996
690	14	1	145.50746268656718	148.63681592039788
690	15	1	188.9396984924623	58.623115577889436
690	16	1	81.82999999999998	0.7950000000000005
690	17	1	168.93532338308455	66.54726368159206
690	18	1	124.91000000000001	146.36500000000015
690	19	1	94.65000000000003	146.81
690	20	1	12.415000000000006	71.18000000000006
690	21	1	171.66000000000005	108.26000000000002
690	22	1	139.24999999999991	69.235
690	23	1	54.19402985074627	129.05970149253736
690	24	1	121.73	195.615
690	25	1	51.93532338308459	47.02985074626866
690	26	1	26.616915422885565	64.74626865671642
690	27	1	41.51741293532338	68.56218905472635
690	28	1	38.18090452261306	135.56783919597987
690	29	1	43.885572139303484	150.02487562189074
690	30	1	113.42499999999997	179.29000000000008
690	31	1	151.8258706467661	89.43283582089555
690	32	1	114.73869346733673	131.23115577889456
690	33	1	88.25628140703513	163.5025125628142
690	34	1	51.76884422110552	138.8241206030151
690	35	1	73.91500000000006	19.305000000000003
690	36	1	136.40500000000011	141.68499999999995
690	37	1	33.74371859296482	120.4422110552764
690	38	1	86.70149253731348	35.73631840796022
690	39	1	111.28000000000003	79.52999999999999
690	40	1	23.16	147.4950000000001
690	41	1	186.00000000000003	69.99999999999994
690	42	1	38.47500000000002	55.74499999999998
690	43	1	103.16000000000003	168.01500000000004
690	44	1	28.08955223880598	138.23383084577114
690	45	1	98.17910447761193	131.5124378109452
690	46	1	109.95000000000003	141.91
690	47	1	38.75999999999998	83.95000000000005
690	48	1	124.13500000000002	90.48
690	49	1	56.00500000000001	119.95999999999998
690	50	1	11.825870646766168	58.04975124378109
690	51	1	147.74999999999994	76.25000000000004
690	52	1	161.4199999999999	77.71999999999997
690	53	1	17.605	84
690	54	1	147.2914572864321	59.87939698492463
690	55	1	21.90000000000001	157.435
690	56	1	29.75124378109453	77.89552238805972
690	57	1	113.41293532338312	153.80099502487562
690	58	1	84.69000000000001	16.980000000000008
690	59	1	111.69849246231156	92.69346733668347
700	1	2	9.740000000000002	10.299999999999995
700	2	2	10.120000000000005	99.88
700	3	2	10.120000000000005	189.88
700	4	2	99.85858585858585	10.141414141414142
700	5	2	100.19	99.99
700	6	2	100.12	189.88
700	7	2	190.2164948453608	10.30927835051546
700	8	2	190.1199999999999	100.12000000000003
700	9	2	189.99999999999991	190
700	10	1	154.54500000000002	101.395
700	11	1	65.785	54.71000000000001
700	12	1	104.11442786069651	71.92537313432837
700	13	1	93.43500000000004	79.78
700	14	1	144.8955223880597	148.5174129353234
700	15	1	189.51741293532336	58.40298507462689
700	16	1	81.86069651741293	1.3134328358208958
700	17	1	169.31000000000003	66.50000000000001
700	18	1	124.46766169154228	146.27363184079599
700	19	1	93.66331658291458	146.63819095477385
700	20	1	11.134999999999996	71.39000000000001
700	21	1	172.04477611940294	109.10447761194031
700	22	1	139.67500000000004	70.03999999999995
700	23	1	54.39303482587062	129.17412935323384
700	24	1	120.40999999999995	194.18999999999997
700	25	1	53.71999999999999	46.16999999999999
700	26	1	25.98999999999999	64.86000000000001
700	27	1	40.04477611940298	68.17910447761194
700	28	1	38.45000000000002	135.25500000000002
700	29	1	43.36000000000003	150.75500000000005
700	30	1	113.17412935323385	178.29353233830838
700	31	1	151.03980099502476	89.59203980099505
700	32	1	114.44059405940597	131.2524752475248
700	33	1	87.515	162.14500000000004
700	34	1	51.59	139.2349999999999
700	35	1	73.96999999999993	19.264999999999993
700	36	1	136.26000000000008	142.28500000000017
700	37	1	33.965174129353215	119.44278606965175
700	38	1	86.305	36.80499999999999
700	39	1	111.08955223880601	81.07462686567165
700	40	1	23.688442211055282	147.4924623115577
700	41	1	186.62000000000003	69.50999999999999
700	42	1	39.340000000000025	54.760000000000026
700	43	1	102.00497512437819	166.63184079601984
700	44	1	28.663366336633658	137.07425742574247
700	45	1	99.49253731343286	132.74626865671635
700	46	1	110.00000000000003	143.09000000000006
700	47	1	38.73500000000001	83.90000000000002
700	48	1	124.33165829145729	91.56783919597987
700	49	1	55.660000000000004	119.79500000000002
700	50	1	12.455	57.83999999999998
700	51	1	148.37999999999988	76.43500000000003
700	52	1	162.02999999999997	77.315
700	53	1	17.629999999999995	83.285
700	54	1	146.20999999999998	60.050000000000004
700	55	1	21.47	156.45500000000007
700	56	1	29.395000000000017	77.865
700	57	1	112.29499999999997	154.42999999999986
700	58	1	84.81909547738691	17.557788944723615
700	59	1	112.61499999999997	93.905
710	1	2	9.740000000000002	10.299999999999995
710	2	2	10.120000000000005	99.88
710	3	2	10.120000000000005	189.88
710	4	2	99.85858585858585	10.141414141414142
710	5	2	100.19	99.99
710	6	2	100.12	189.88
710	7	2	190.2164948453608	10.30927835051546
710	8	2	190.1199999999999	100.12000000000003
710	9	2	189.99999999999991	190
710	10	1	155.94999999999993	101.49500000000005
710	11	1	66.46999999999993	55.51000000000002
710	12	1	105.65500000000003	71.97999999999999
710	13	1	94.05499999999999	79.45000000000003
710	14	1	144.2499999999999	148.69
710	15	1	189.775	58.32499999999999
710	16	1	82.02500000000002	1.9899999999999998
710	17	1	170.02000000000007	66.23
710	18	1	123.83499999999997	146.18500000000003
710	19	1	91.785	146.98500000000004
710	20	1	9.89054726368159	71.55721393034824
710	21	1	172.845	110.25999999999999
710	22	1	140.15920398009956	70.72636815920399
710	23	1	54.67000000000001	129.24500000000003
710	24	1	119.2000000000001	192.6550000000001
710	25	1	55.39000000000001	45.56500000000001
710	26	1	25.154999999999998	64.73499999999999
710	27	1	38.680000000000035	67.61999999999996
710	28	1	38.41293532338309	134.8258706467662
710	29	1	43.09547738693467	151.532663316583
710	30	1	113.08999999999999	176.7849999999999
710	31	1	149.7014925373135	90.43283582089549
710	32	1	114.45999999999997	131.37500000000006
710	33	1	86.44500000000005	160.72499999999997
710	34	1	51.34000000000002	139.66000000000003
710	35	1	74.04999999999997	19.57500000000001
710	36	1	135.32500000000005	143.75999999999988
710	37	1	34.77499999999998	119.12000000000002
710	38	1	86.29000000000005	38.194999999999986
710	39	1	111.20603015075376	82.04020100502515
710	40	1	24.720000000000006	147.405
710	41	1	187.80500000000006	68.81000000000003
710	42	1	40.425	53.72500000000001
710	43	1	101.11940298507464	165.8009950248757
710	44	1	29.059999999999995	136.135
710	45	1	100.05000000000004	134.02999999999994
710	46	1	109.29353233830844	143.53731343283587
710	47	1	38.73500000000001	83.85500000000005
710	48	1	124.33999999999999	92.40500000000003
710	49	1	54.970000000000006	119.85500000000002
710	50	1	13.014999999999997	57.89999999999999
710	51	1	149.27000000000004	76.32500000000006
710	52	1	162.87437185929653	76.99497487437182
710	53	1	17.74000000000001	82.64500000000001
710	54	1	145.50500000000005	60.32999999999997
710	55	1	21.045	155.46500000000003
710	56	1	29.335	77.78500000000005
710	57	1	110.77499999999998	154.87500000000014
710	58	1	84.95477386934675	18.216080402010054
710	59	1	113.32160804020101	94.95979899497485
720	1	2	9.740000000000002	10.299999999999995
720	2	2	10.120000000000005	99.88
720	3	2	10.120000000000005	189.88
720	4	2	99.85858585858585	10.141414141414142
720	5	2	100.19	99.99
720	6	2	100.12	189.88
720	7	2	190.2164948453608	10.30927835051546
720	8	2	190.1199999999999	100.12000000000003
720	9	2	189.99999999999991	190
720	10	1	156.65671641791036	101.06467661691545
720	11	1	67.24499999999999	56.25000000000003
720	12	1	107.3333333333333	72.52238805970154
720	13	1	94.78500000000001	79.36999999999998
720	14	1	143.32999999999996	149.19499999999994
720	15	1	190.225	58.149999999999984
720	16	1	82.03500000000004	2.1450000000000005
720	17	1	171.09500000000003	66.005
720	18	1	123.42999999999994	146.0900000000001
720	19	1	89.79601990049754	147.5572139303483
720	20	1	8.75	71.285
720	21	1	173.79999999999995	111.48499999999996
720	22	1	140.58291457286435	71.75879396984922
720	23	1	55.075	129.22000000000008
720	24	1	118.20398009950247	191.52238805970154
720	25	1	56.53499999999999	45.42000000000001
720	26	1	24.465000000000007	64.82999999999998
720	27	1	38.03499999999999	67.18500000000004
720	28	1	38.36180904522613	134.48241206030144
720	29	1	42.33830845771146	152.27860696517405
720	30	1	112.91044776119408	175.47263681592028
720	31	1	148.99497487437193	91.33165829145729
720	32	1	113.9	131.53000000000003
720	33	1	85.92462311557792	159.82914572864317
720	34	1	51.18999999999998	140.08000000000004
720	35	1	74.42999999999998	20.07
720	36	1	134.47499999999994	144.77000000000004
720	37	1	35.579999999999984	118.97500000000001
720	38	1	86.19999999999997	39.01500000000002
720	39	1	112.56999999999996	82.66499999999998
720	40	1	25.690000000000005	147.45
720	41	1	188.855	68.53
720	42	1	41.49000000000001	52.73
720	43	1	99.88999999999997	165.00999999999993
720	44	1	29.114999999999988	135.1150000000001
720	45	1	100.11499999999995	135.34999999999997
720	46	1	108.87064676616917	144.11442786069642
720	47	1	39.02010050251257	83.57286432160801
720	48	1	124.79899497487439	94.22110552763817
720	49	1	54.29	119.85499999999999
720	50	1	13.216080402010057	57.788944723618094
720	51	1	150.6716417910446	75.62686567164175
720	52	1	163.85500000000005	76.735
720	53	1	17.48999999999999	81.645
720	54	1	144.77499999999995	60.84000000000003
720	55	1	20.365000000000002	154.66
720	56	1	29.54499999999999	77.67
720	57	1	109.8009950248756	155.37313432835822
720	58	1	85.11	18.654999999999987
720	59	1	113.47236180904521	95.5527638190955
730	1	2	9.740000000000002	10.299999999999995
730	2	2	10.120000000000005	99.88
730	3	2	10.120000000000005	189.88
730	4	2	99.85858585858585	10.141414141414142
730	5	2	100.19	99.99
730	6	2	100.12	189.88
730	7	2	190.2164948453608	10.30927835051546
730	8	2	190.1199999999999	100.12000000000003
730	9	2	189.99999999999991	190
730	10	1	157.45000000000005	99.945
730	11	1	68.01500000000003	56.164999999999985
730	12	1	109.19	73.08999999999995
730	13	1	95.87999999999995	79.14500000000004
730	14	1	142.3432835820895	149.72139303482592
730	15	1	191.0251256281407	57.7688442211055
730	16	1	82.04020100502512	2.316582914572863
730	17	1	171.95000000000005	65.85999999999999
730	18	1	122.98	146.42999999999986
730	19	1	88.08499999999994	147.5750000000001
730	20	1	6.789999999999997	70.77499999999998
730	21	1	174.48499999999999	111.995
730	22	1	141.2500000000001	72.27499999999999
730	23	1	55.61691542288558	129.0398009950249
730	24	1	116.39800995024875	189.97512437810948
730	25	1	56.93000000000001	43.79500000000004
730	26	1	23.45	65.21500000000002
730	27	1	36.83417085427137	66.49246231155779
730	28	1	38.49246231155778	134.39195979899498
730	29	1	41.75621890547262	153.33333333333331
730	30	1	112.65500000000002	174.06
730	31	1	149.10945273631833	92.14427860696516
730	32	1	113.73000000000003	131.7249999999999
730	33	1	85.85074626865672	158.91542288557204
730	34	1	51.0995024875622	141.08457711442796
730	35	1	74.57213930348253	20.791044776119403
730	36	1	133.95500000000004	145.27999999999997
730	37	1	37.04	119.15000000000008
730	38	1	85.96500000000005	39.78000000000001
730	39	1	113.37499999999997	83.38000000000001
730	40	1	26.669999999999998	147.4949999999999
730	41	1	189.305	68.37499999999999
730	42	1	43.209999999999994	51.90999999999996
730	43	1	98.57000000000002	164.685
730	44	1	29.328358208955226	134.12935323383087
730	45	1	99.89	136.81999999999988
730	46	1	108.85500000000006	144.33000000000004
730	47	1	39.23618090452264	83.3969849246231
730	48	1	124.88557213930356	95.55721393034825
730	49	1	53.93500000000001	119.385
730	50	1	13.159999999999993	57.81
730	51	1	151.76119402985066	75.33830845771146
730	52	1	164.78000000000003	76.54499999999999
730	53	1	16.860696517412936	80.82587064676619
730	54	1	143.70000000000007	61.489999999999995
730	55	1	19.095000000000002	153.6349999999999
730	56	1	29.490000000000006	77.53500000000001
730	57	1	108.80000000000003	155.82499999999987
730	58	1	84.96517412935323	19.139303482587064
730	59	1	113.84000000000005	96.37500000000004
740	1	2	9.740000000000002	10.299999999999995
740	2	2	10.120000000000005	99.88
740	3	2	10.120000000000005	189.88
740	4	2	99.85858585858585	10.141414141414142
740	5	2	100.19	99.99
740	6	2	100.12	189.88
740	7	2	190.2164948453608	10.30927835051546
740	8	2	190.1199999999999	100.12000000000003
740	9	2	189.99999999999991	190
740	10	1	157.79500000000002	98.87000000000003
740	11	1	68.80597014925371	57.04975124378112
740	12	1	110.4049999999999	72.89500000000004
740	13	1	96.97014925373136	78.67661691542287
740	14	1	141.48	149.74500000000006
740	15	1	191.765	57.51500000000001
740	16	1	81.93999999999998	3.035
740	17	1	172.44000000000005	65.51500000000001
740	18	1	122.23499999999997	147.41000000000003
740	19	1	86.91044776119395	147.318407960199
740	20	1	5.974999999999999	70.75
740	21	1	175.42499999999998	113.36000000000006
740	22	1	142.02512562814073	72.89447236180908
740	23	1	55.43000000000003	129.0800000000001
740	24	1	114.36815920398008	187.5273631840796
740	25	1	57.525	43.15499999999999
740	26	1	22.780000000000005	65.515
740	27	1	36.313432835820905	65.38308457711449
740	28	1	38.685	134.575
740	29	1	41.35000000000001	154.52500000000006
740	30	1	112.3432835820896	172.13930348258714
740	31	1	149.06965174129343	92.96019900497518
740	32	1	113.34653465346544	132.35643564356437
740	33	1	85.06500000000004	158.1799999999999
740	34	1	50.9502487562189	142.22885572139302
740	35	1	74.71859296482407	21.487437185929647
740	36	1	133.37810945273634	145.67661691542284
740	37	1	37.86432160804019	119.40703517587944
740	38	1	86.03500000000004	40.47000000000002
740	39	1	114.37500000000003	83.71000000000005
740	40	1	27.370000000000005	147.49
740	41	1	189.675	68.01000000000005
740	42	1	44.33499999999999	50.77000000000001
740	43	1	97.49246231155773	164.50251256281405
740	44	1	29.381909547738697	133.18090452261313
740	45	1	99.39000000000003	137.76499999999993
740	46	1	108.5373134328358	145.09950248756223
740	47	1	39.16080402010052	83.1758793969849
740	48	1	124.68341708542712	96.45226130653265
740	49	1	52.95500000000001	118.94999999999997
740	50	1	13.276381909547741	57.683417085427116
740	51	1	152.84999999999997	74.84
740	52	1	165.935	76.45000000000005
740	53	1	16.51	80.66499999999998
740	54	1	142.50499999999994	62.27999999999999
740	55	1	18.1	153.07
740	56	1	29.49500000000001	77.41000000000005
740	57	1	107.75376884422111	156.35175879396994
740	58	1	85.15	19.860000000000003
740	59	1	113.67500000000005	96.93
750	1	2	9.740000000000002	10.299999999999995
750	2	2	10.120000000000005	99.88
750	3	2	10.120000000000005	189.88
750	4	2	99.85858585858585	10.141414141414142
750	5	2	100.19	99.99
750	6	2	100.12	189.88
750	7	2	190.2164948453608	10.30927835051546
750	8	2	190.1199999999999	100.12000000000003
750	9	2	189.99999999999991	190
750	10	1	157.90099009900996	97.34653465346537
750	11	1	69.8308457711442	58.000000000000014
750	12	1	111.80099502487558	72.79104477611942
750	13	1	98.43283582089555	77.88557213930343
750	14	1	141.04999999999993	149.78999999999994
750	15	1	192.74	57.29500000000002
750	16	1	81.55223880597016	3.746268656716417
750	17	1	173.19900497512447	65.25870646766167
750	18	1	121.46999999999998	148.22499999999997
750	19	1	85.25870646766172	146.62189054726363
750	20	1	4.280000000000001	71.28000000000003
750	21	1	176.715	114.77000000000002
750	22	1	142.69499999999994	73.20500000000003
750	23	1	55.66169154228856	128.97512437810937
750	24	1	112.82999999999996	185.98999999999998
750	25	1	57.660000000000025	42.245000000000005
750	26	1	21.85572139303482	65.71144278606968
750	27	1	35.84000000000001	64.54500000000003
750	28	1	39.33499999999997	134.7450000000001
750	29	1	41.58706467661691	156.1542288557215
750	30	1	112.2388059701492	170.81094527363186
750	31	1	148.80500000000012	93.61500000000004
750	32	1	112.00500000000002	132.71999999999997
750	33	1	84.845	157.78500000000008
750	34	1	50.78109452736319	143.7114427860697
750	35	1	74.97512437810947	22.348258706467654
750	36	1	132.72999999999988	146.05499999999986
750	37	1	38.517412935323385	119.69651741293532
750	38	1	85.66169154228864	41.353233830845795
750	39	1	115.74371859296481	84.43216080402011
750	40	1	28.751243781094534	147.0597014925373
750	41	1	190.08040201005025	67.81909547738692
750	42	1	45.54500000000002	49.71999999999999
750	43	1	96.075	164.56000000000003
750	44	1	29.465	132.34
750	45	1	98.10552763819094	139.16582914572857
750	46	1	108.36683417085428	145.47236180904517
750	47	1	38.964999999999996	83.11500000000002
750	48	1	124.94472361809044	97.62814070351764
750	49	1	52.515	118.29499999999997
750	50	1	13.394999999999998	57.72499999999998
750	51	1	153.74626865671644	74.63681592039799
750	52	1	166.85929648241205	76.35175879396988
750	53	1	16.005000000000006	80.14000000000006
750	54	1	141.69	62.88000000000001
750	55	1	17.875	152.67000000000002
750	56	1	29.301507537688423	77.21105527638191
750	57	1	106.48743718592964	156.58793969849248
750	58	1	85.155	20.58999999999999
750	59	1	113.63184079601992	97.2686567164179
760	1	2	9.740000000000002	10.299999999999995
760	2	2	10.120000000000005	99.88
760	3	2	10.120000000000005	189.88
760	4	2	99.85858585858585	10.141414141414142
760	5	2	100.19	99.99
760	6	2	100.12	189.88
760	7	2	190.2164948453608	10.30927835051546
760	8	2	190.1199999999999	100.12000000000003
760	9	2	189.99999999999991	190
760	10	1	158.43999999999988	96.03000000000004
760	11	1	71.065	59.41499999999999
760	12	1	112.79500000000003	72.42000000000002
760	13	1	99.76119402985078	77.10447761194028
760	14	1	140.345	150.40000000000003
760	15	1	193.145	57.13999999999998
760	16	1	81.12500000000004	4.444999999999998
760	17	1	173.4020100502513	65.16080402010054
760	18	1	121.35999999999997	148.20499999999996
760	19	1	83.78500000000004	146.00500000000005
760	20	1	2.718592964824123	71.36180904522617
760	21	1	177.35999999999996	116.32000000000001
760	22	1	143.73000000000002	73.60500000000002
760	23	1	55.605	128.89999999999998
760	24	1	111.3930348258707	184.54726368159214
760	25	1	57.67000000000001	41.60499999999998
760	26	1	21.338308457711435	65.95522388059709
760	27	1	35.37499999999997	63.54499999999999
760	28	1	40.00000000000003	134.74999999999997
760	29	1	42.36999999999997	157.90999999999997
760	30	1	111.73366834170851	169.89949748743712
760	31	1	148.64000000000007	94.75999999999998
760	32	1	111.23499999999999	132.98999999999998
760	33	1	84.74626865671644	157.48258706467655
760	34	1	50.16915422885574	145.7810945273631
760	35	1	75.10499999999999	22.325000000000017
760	36	1	132.04	146.66500000000002
760	37	1	39.56999999999998	120.17999999999995
760	38	1	85.09499999999998	42.73500000000001
760	39	1	116.66834170854271	85.1256281407035
760	40	1	30.575	146.9350000000001
760	41	1	189.915	67.74000000000004
760	42	1	46.402010050251256	48.94974874371861
760	43	1	94.636815920398	164.33333333333337
760	44	1	29.639999999999997	131.32000000000002
760	45	1	97.08500000000001	140.33
760	46	1	109.09500000000001	145.68499999999997
760	47	1	38.909999999999975	82.975
760	48	1	125.47499999999998	98.91500000000003
760	49	1	52.19597989949747	117.70351758793966
760	50	1	13.356783919597985	57.854271356783926
760	51	1	154.23000000000002	75.09000000000002
760	52	1	167.57999999999993	76.50999999999996
760	53	1	15.711442786069648	79.60199004975124
760	54	1	140.27499999999986	64.31500000000001
760	55	1	18.039800995024873	151.6965174129353
760	56	1	29.400000000000002	76.73
760	57	1	105.54773869346738	156.4170854271356
760	58	1	85.42000000000003	21.28500000000001
760	59	1	113.71859296482414	97.53768844221106
770	1	2	9.740000000000002	10.299999999999995
770	2	2	10.120000000000005	99.88
770	3	2	10.120000000000005	189.88
770	4	2	99.85858585858585	10.141414141414142
770	5	2	100.19	99.99
770	6	2	100.12	189.88
770	7	2	190.2164948453608	10.30927835051546
770	8	2	190.1199999999999	100.12000000000003
770	9	2	189.99999999999991	190
770	10	1	158.10945273631842	94.5323383084577
770	11	1	71.54000000000003	60.63
770	12	1	113.6582914572865	71.89447236180904
770	13	1	101.87562189054732	76.14427860696526
770	14	1	139.70500000000004	150.96
770	15	1	194.03	56.81500000000001
770	16	1	80.07462686567168	4.9004975124378145
770	17	1	173.67336683417096	65.16582914572864
770	18	1	120.97512437810946	148.94527363184073
770	19	1	82.84422110552765	145.34673366834178
770	20	1	1.1500000000000024	71.77499999999999
770	21	1	178.095	117.32499999999992
770	22	1	144.18407960199008	74.07960199004975
770	23	1	55.90547263681593	128.58208955223873
770	24	1	110.59499999999994	182.92000000000002
770	25	1	57.91500000000002	41.24
770	26	1	20.540000000000017	66.17000000000002
770	27	1	34.38999999999999	62.175000000000004
770	28	1	40.693467336683455	134.64824120603018
770	29	1	43.41584158415841	158.98019801980195
770	30	1	111.27000000000004	169.0200000000001
770	31	1	148.27499999999995	95.84999999999998
770	32	1	110.70646766169153	133.68656716417908
770	33	1	84.43216080402013	157.4572864321608
770	34	1	49.43283582089555	146.6417910447761
770	35	1	75.44723618090454	23.04522613065327
770	36	1	131.6499999999999	146.91499999999994
770	37	1	40.62686567164179	120.66169154228857
770	38	1	84.45273631840791	44.208955223880615
770	39	1	118.11557788944725	85.90452261306534
770	40	1	31.2964824120603	146.4824120603015
770	41	1	189.7	67.65499999999997
770	42	1	46.88059701492535	48.0995024875622
770	43	1	93.91499999999999	164.40999999999997
770	44	1	29.75879396984925	130.60301507537687
770	45	1	95.73366834170857	140.82914572864328
770	46	1	109.25	146.02000000000004
770	47	1	38.285	82.63499999999999
770	48	1	125.85074626865674	101.03980099502485
770	49	1	51.70500000000002	116.78
770	50	1	13.11055276381909	58.030150753768844
770	51	1	154.8749999999999	75.29500000000004
770	52	1	168.63819095477393	76.63316582914575
770	53	1	14.893939393939398	78.97474747474745
770	54	1	139.35000000000002	65.36000000000003
770	55	1	18.447761194029834	150.89054726368155
770	56	1	29.43781094527364	76.11940298507457
770	57	1	104.28000000000002	156.29000000000002
770	58	1	85.38999999999994	21.935
770	59	1	113.94499999999996	98.04
780	1	2	9.740000000000002	10.299999999999995
780	2	2	10.120000000000005	99.88
780	3	2	10.120000000000005	189.88
780	4	2	99.85858585858585	10.141414141414142
780	5	2	100.19	99.99
780	6	2	100.12	189.88
780	7	2	190.2164948453608	10.30927835051546
780	8	2	190.1199999999999	100.12000000000003
780	9	2	189.99999999999991	190
780	10	1	158.1840796019899	93.17910447761196
780	11	1	72.44723618090458	61.969849246231156
780	12	1	114.26	71.20499999999996
780	13	1	103.50753768844224	76.1507537688442
780	14	1	138.79000000000005	152.07999999999998
780	15	1	194.375	56.780000000000015
780	16	1	78.895	5.624999999999999
780	17	1	174.29000000000002	64.67999999999998
780	18	1	120.81000000000002	149.25500000000005
780	19	1	82.23500000000001	144.64500000000007
780	20	1	0.010050251256280894	72.63316582914572
780	21	1	179.02	118.77999999999997
780	22	1	144.33830845771146	74.7313432835821
780	23	1	56.360000000000014	128.0000000000001
780	24	1	109.38308457711439	181.00995024875618
780	25	1	58.232323232323246	40.81313131313129
780	26	1	19.990000000000027	66.61499999999994
780	27	1	33.651741293532346	60.36815920398009
780	28	1	42.024999999999984	134.88000000000005
780	29	1	44.385	159.4499999999999
780	30	1	111.00500000000001	168.17500000000007
780	31	1	148.155	97.19500000000002
780	32	1	110.04000000000005	134.46000000000004
780	33	1	84.21500000000002	157.1999999999999
780	34	1	48.89500000000002	146.87499999999997
780	35	1	75.68999999999997	23.99
780	36	1	131.30150753768842	147.39698492462313
780	37	1	41.00499999999998	120.64999999999998
780	38	1	84.14070351758801	45.44723618090457
780	39	1	118.93500000000002	86.54999999999998
780	40	1	32.06467661691541	145.99502487562182
780	41	1	189.66666666666666	67.65174129353233
780	42	1	47.92500000000001	47.245000000000005
780	43	1	92.88000000000004	164.95999999999995
780	44	1	30.020000000000007	129.66000000000003
780	45	1	94.7989949748744	141.28643216080403
780	46	1	109.26499999999996	146.65500000000003
780	47	1	38.54500000000002	81.29500000000002
780	48	1	126.5522388059701	102.58208955223878
780	49	1	51.22885572139302	115.78606965174133
780	50	1	13.119999999999997	58.399999999999984
780	51	1	155.37810945273625	75.76616915422886
780	52	1	169.35858585858568	76.66161616161614
780	53	1	14.439999999999994	78.68999999999997
780	54	1	137.75999999999996	66.14000000000003
780	55	1	19.14070351758794	149.37185929648234
780	56	1	29.253731343283583	75.57213930348259
780	57	1	103.27000000000002	156.25500000000002
780	58	1	85.37810945273628	22.542288557213915
780	59	1	114.15422885572137	98.53233830845777
790	1	2	9.740000000000002	10.299999999999995
790	2	2	10.120000000000005	99.88
790	3	2	10.120000000000005	189.88
790	4	2	99.85858585858585	10.141414141414142
790	5	2	100.19	99.99
790	6	2	100.12	189.88
790	7	2	190.2164948453608	10.30927835051546
790	8	2	190.1199999999999	100.12000000000003
790	9	2	189.99999999999991	190
790	10	1	158.53999999999988	91.73999999999997
790	11	1	73.73999999999995	62.68500000000001
790	12	1	114.535	70.10499999999995
790	13	1	105.12935323383087	76.37810945273625
790	14	1	137.9399999999999	153.27499999999998
790	15	1	194.8894472361809	56.93969849246229
790	16	1	77.38500000000002	6.465000000000004
790	17	1	174.4749999999999	64.63999999999999
790	18	1	120.79899497487432	149.08040201005022
790	19	1	81.57000000000002	143.83999999999986
790	20	1	199.1	73.81499999999998
790	21	1	180.32499999999996	119.98999999999997
790	22	1	144.71641791044772	75.22388059701493
790	23	1	57.13500000000001	127.63000000000007
790	24	1	108.58999999999999	179.23999999999992
790	25	1	58.485	40.97000000000001
790	26	1	19.540000000000006	67.87999999999998
790	27	1	32.435	58.59500000000001
790	28	1	42.77	134.83
790	29	1	45.23500000000003	160.3100000000001
790	30	1	111.24120603015066	166.964824120603
790	31	1	148.12	99.02000000000002
790	32	1	109.325	135.11000000000004
790	33	1	84.49000000000001	156.89999999999995
790	34	1	48.36500000000001	147.21000000000006
790	35	1	75.99004975124372	24.845771144278608
790	36	1	131.0552763819095	148.07035175879392
790	37	1	42.24500000000001	121.34500000000006
790	38	1	83.65326633165834	47.5175879396985
790	39	1	120.08000000000008	87.185
790	40	1	33.04020100502512	145.44723618090447
790	41	1	189.565	67.72999999999998
790	42	1	48.213930348258735	46.144278606965145
790	43	1	91.62311557788946	165.8442211055277
790	44	1	30.050000000000004	128.9299999999998
790	45	1	94.11999999999998	141.91500000000005
790	46	1	109.57500000000002	147.55
790	47	1	38.90547263681594	79.771144278607
790	48	1	127.1492537313433	103.21393034825869
790	49	1	50.34825870646767	115.0099502487562
790	50	1	13.010050251256278	58.95477386934674
790	51	1	155.4449999999999	76.78500000000001
790	52	1	170.20100502512565	76.7638190954774
790	53	1	13.650000000000002	78.33499999999998
790	54	1	136.375	67.25500000000001
790	55	1	20.05	148.35000000000002
790	56	1	30.155000000000005	74.38000000000004
790	57	1	102.00000000000003	156.40500000000006
790	58	1	85.25628140703517	22.964824120603012
790	59	1	114.2189054726368	98.67661691542288
800	1	2	9.740000000000002	10.299999999999995
800	2	2	10.120000000000005	99.88
800	3	2	10.120000000000005	189.88
800	4	2	99.85858585858585	10.141414141414142
800	5	2	100.19	99.99
800	6	2	100.12	189.88
800	7	2	190.2164948453608	10.30927835051546
800	8	2	190.1199999999999	100.12000000000003
800	9	2	189.99999999999991	190
800	10	1	158.9502487562189	90.80099502487565
800	11	1	74.96999999999997	63.829999999999956
800	12	1	114.31999999999996	69.63000000000001
800	13	1	105.82587064676623	77.32338308457713
800	14	1	137.34499999999994	154.14000000000004
800	15	1	194.615	56.96999999999997
800	16	1	75.70149253731337	7.691542288557215
800	17	1	174.2299999999999	64.82499999999997
800	18	1	120.68844221105527	149.02010050251258
800	19	1	81.2	143.15000000000012
800	20	1	198.66169154228857	74.75124378109457
800	21	1	181.96999999999994	121.08000000000004
800	22	1	145.39698492462304	75.08040201005026
800	23	1	57.43718592964824	126.5628140703518
800	24	1	107.86500000000002	178.36999999999998
800	25	1	58.795000000000016	41.09499999999999
800	26	1	19.238805970149258	68.45771144278608
800	27	1	31.77500000000001	57.845000000000006
800	28	1	43.570000000000014	134.71
800	29	1	46.51500000000002	160.82
800	30	1	112.04999999999998	166.24000000000004
800	31	1	148.53500000000008	100.49999999999997
800	32	1	108.42	136.07999999999987
800	33	1	84.20999999999998	156.64499999999995
800	34	1	48.089552238805965	147.38308457711457
800	35	1	76.16	25.64499999999999
800	36	1	131.31	148.03
800	37	1	42.75	121.70000000000002
800	38	1	83.33500000000004	48.96999999999999
800	39	1	121.015	87.61999999999999
800	40	1	34.13432835820898	145.21393034825869
800	41	1	189.77	67.71000000000004
800	42	1	48.07500000000002	45.709999999999994
800	43	1	90.565	166.32499999999993
800	44	1	30.212121212121215	127.80303030303031
800	45	1	93.34170854271359	142.22613065326635
800	46	1	109.71000000000005	148.46999999999997
800	47	1	38.445	78.65499999999999
800	48	1	127.7860696517413	103.80099502487565
800	49	1	49.36180904522613	113.99497487437188
800	50	1	12.435	59.55500000000002
800	51	1	155.51243781094539	77.32835820895517
800	52	1	171.19402985074626	76.90049751243778
800	53	1	13.424999999999997	78.53000000000004
800	54	1	134.6766169154228	68.08457711442783
800	55	1	21.303482587064686	146.62686567164187
800	56	1	30.19597989949748	73.6633165829146
800	57	1	100.75	156.55500000000004
800	58	1	85.30653266331655	23.492462311557787
800	59	1	114.33499999999995	98.74999999999994
810	1	2	9.740000000000002	10.299999999999995
810	2	2	10.120000000000005	99.88
810	3	2	10.120000000000005	189.88
810	4	2	99.85858585858585	10.141414141414142
810	5	2	100.19	99.99
810	6	2	100.12	189.88
810	7	2	190.2164948453608	10.30927835051546
810	8	2	190.1199999999999	100.12000000000003
810	9	2	189.99999999999991	190
810	10	1	159.9203980099502	89.80597014925378
810	11	1	75.92999999999998	64.81999999999995
810	12	1	114.32663316582914	69.1155778894473
810	13	1	106.89552238805975	78.044776119403
810	14	1	136.9949748743719	154.5678391959799
810	15	1	195.03015075376885	57.07537688442214
810	16	1	74.69651741293531	8.796019900497512
810	17	1	174.1293532338308	65.0398009950249
810	18	1	120.70351758793964	148.87437185929645
810	19	1	80.90000000000003	142.70500000000004
810	20	1	198.025	75.53499999999995
810	21	1	183.80597014925365	121.80597014925375
810	22	1	146.165	74.38999999999997
810	23	1	57.710000000000015	125.86500000000007
810	24	1	107.89447236180904	176.90452261306532
810	25	1	59.582914572864325	41.11557788944722
810	26	1	19.1608040201005	69.0050251256282
810	27	1	31.159203980099488	56.830845771144304
810	28	1	44.669999999999995	134.69
810	29	1	47.990049751243724	160.66666666666663
810	30	1	112.67336683417089	165.3065326633167
810	31	1	149.0248756218904	101.39800995024875
810	32	1	107.14427860696514	136.8358208955225
810	33	1	83.52499999999999	156.46999999999994
810	34	1	47.3084577114428	148.02487562189054
810	35	1	76.65829145728647	26.592964824120603
810	36	1	131.42500000000004	148.13500000000008
810	37	1	42.81000000000001	122.03000000000006
810	38	1	83.53499999999997	49.87999999999998
810	39	1	121.695	88.08000000000003
810	40	1	34.85499999999996	144.97
810	41	1	189.68	67.86999999999996
810	42	1	47.91999999999998	44.42499999999999
810	43	1	90.0099502487562	166.85074626865676
810	44	1	30.520000000000014	126.975
810	45	1	92.80999999999993	142.34499999999994
810	46	1	109.25500000000001	149.88999999999996
810	47	1	38.37810945273631	77.50746268656714
810	48	1	128.24499999999998	103.74999999999996
810	49	1	48.84000000000004	113.31999999999996
810	50	1	11.91	60.295
810	51	1	155.66000000000005	78.20499999999998
810	52	1	172.175	77.15499999999999
810	53	1	12.96	78.47000000000003
810	54	1	134.005	68.97500000000005
810	55	1	22.44000000000001	145.4099999999999
810	56	1	30.206030150753765	73.01507537688443
810	57	1	99.4472361809046	156.63819095477388
810	58	1	85.76000000000003	24.465000000000014
810	59	1	114.59000000000005	99.13
820	1	2	9.740000000000002	10.299999999999995
820	2	2	10.120000000000005	99.88
820	3	2	10.120000000000005	189.88
820	4	2	99.85858585858585	10.141414141414142
820	5	2	100.19	99.99
820	6	2	100.12	189.88
820	7	2	190.2164948453608	10.30927835051546
820	8	2	190.1199999999999	100.12000000000003
820	9	2	189.99999999999991	190
820	10	1	161.02985074626855	88.83582089552242
820	11	1	76.96517412935326	65.23383084577112
820	12	1	114.28499999999995	68.45999999999997
820	13	1	107.76237623762378	78.71287128712875
820	14	1	136.52499999999992	155.31499999999994
820	15	1	195.5175879396985	57.11557788944725
820	16	1	73.92999999999994	9.785
820	17	1	174.0249999999999	65.32500000000003
820	18	1	120.69499999999995	148.71499999999995
820	19	1	80.79499999999994	141.4500000000001
820	20	1	197.79	76.70000000000002
820	21	1	185.52	121.895
820	22	1	146.4899999999999	74.48000000000003
820	23	1	58.11999999999998	125.28500000000003
820	24	1	108.53000000000003	176.08
820	25	1	60.530000000000015	41.14999999999998
820	26	1	18.689999999999994	70.04000000000005
820	27	1	29.990000000000002	56.504999999999995
820	28	1	45.08999999999999	134.17499999999998
820	29	1	49.365	159.36999999999998
820	30	1	112.76616915422883	164.592039800995
820	31	1	149.4549999999998	101.46499999999997
820	32	1	105.49751243781093	137.4626865671643
820	33	1	83.51243781094531	155.75124378109462
820	34	1	46.884999999999984	148.33500000000004
820	35	1	76.69849246231153	27.175879396984943
820	36	1	131.4499999999999	148.21000000000006
820	37	1	42.94472361809041	122.5175879396985
820	38	1	83.75124378109452	50.646766169154226
820	39	1	122.71500000000006	88.26499999999996
820	40	1	35.920000000000016	145.09500000000006
820	41	1	189.51500000000001	68.00000000000006
820	42	1	48.06500000000002	43.17500000000001
820	43	1	89.605	167.28999999999996
820	44	1	30.474999999999994	126.45500000000001
820	45	1	92.53500000000003	142.30500000000006
820	46	1	109.155	150.43500000000006
820	47	1	38.60199004975126	76.72636815920397
820	48	1	128.865671641791	103.60199004975124
820	49	1	48.62500000000001	112.71999999999998
820	50	1	11.464999999999998	60.88499999999999
820	51	1	156.0749999999999	78.64499999999998
820	52	1	172.80999999999997	77.69000000000001
820	53	1	12.384999999999998	78.70500000000007
820	54	1	133.88	69.5650000000001
820	55	1	23.974999999999998	145.065
820	56	1	30.396984924623126	71.72864321608041
820	57	1	98.5151515151515	156.8131313131313
820	58	1	85.63316582914574	25.185929648241203
820	59	1	115.13500000000005	98.41500000000005
830	1	2	9.740000000000002	10.299999999999995
830	2	2	10.120000000000005	99.88
830	3	2	10.120000000000005	189.88
830	4	2	99.85858585858585	10.141414141414142
830	5	2	100.19	99.99
830	6	2	100.12	189.88
830	7	2	190.2164948453608	10.30927835051546
830	8	2	190.1199999999999	100.12000000000003
830	9	2	189.99999999999991	190
830	10	1	162.13499999999993	87.88000000000002
830	11	1	78.62999999999995	65.73500000000001
830	12	1	114.36500000000002	68.82499999999997
830	13	1	108.485	79.62
830	14	1	135.73134328358208	156.3781094527363
830	15	1	195.69	57.379999999999995
830	16	1	73.72636815920391	10.41791044776119
830	17	1	173.98000000000005	65.75999999999999
830	18	1	120.52499999999999	148.64999999999995
830	19	1	80.75999999999998	140.29499999999996
830	20	1	197.45499999999998	76.99499999999995
830	21	1	186.2599999999999	122.50499999999995
830	22	1	146.645	74.39999999999998
830	23	1	58.10945273631841	124.63184079601986
830	24	1	108.28500000000003	174.83999999999995
830	25	1	61.343283582089555	41.19402985074626
830	26	1	18.64824120603015	71.18592964824123
830	27	1	29.120000000000008	56.424999999999976
830	28	1	45.63999999999999	133.98999999999992
830	29	1	50.43499999999999	158.57000000000002
830	30	1	114.02512562814073	163.83919597989947
830	31	1	150.01000000000008	101.66
830	32	1	104.94000000000007	137.60999999999999
830	33	1	83.90049751243782	155.13930348258714
830	34	1	46.33499999999999	148.85999999999993
830	35	1	76.73869346733667	27.537688442211053
830	36	1	131.71356783919595	148.0552763819096
830	37	1	43.05499999999999	122.50500000000001
830	38	1	83.84500000000003	51.23999999999999
830	39	1	123.80000000000001	89.07000000000001
830	40	1	36.155000000000015	144.87999999999988
830	41	1	189.195	68.31499999999997
830	42	1	48.355000000000004	41.515000000000015
830	43	1	89.19900497512434	167.6716417910448
830	44	1	30.600000000000005	126.10000000000001
830	45	1	92.5223880597015	141.9800995024875
830	46	1	108.58706467661688	150.95522388059712
830	47	1	38.80099502487562	75.96517412935323
830	48	1	130.44278606965173	102.38805970149254
830	49	1	48.09499999999997	111.42
830	50	1	10.955000000000007	61.67
830	51	1	156.14999999999995	79.105
830	52	1	173.37499999999986	78.50499999999998
830	53	1	12.209999999999999	79.26999999999998
830	54	1	132.86000000000004	69.81
830	55	1	24.975000000000012	144.74499999999995
830	56	1	30.924623115577877	69.85929648241209
830	57	1	98.13500000000003	157.64499999999995
830	58	1	85.94000000000001	25.99
830	59	1	115.89	97.83499999999994
840	1	2	9.740000000000002	10.299999999999995
840	2	2	10.120000000000005	99.88
840	3	2	10.120000000000005	189.88
840	4	2	99.85858585858585	10.141414141414142
840	5	2	100.19	99.99
840	6	2	100.12	189.88
840	7	2	190.2164948453608	10.30927835051546
840	8	2	190.1199999999999	100.12000000000003
840	9	2	189.99999999999991	190
840	10	1	163.52499999999998	86.58500000000002
840	11	1	80.57711442786072	65.94527363184088
840	12	1	114.51758793969847	69.10552763819094
840	13	1	109.00500000000008	80.58
840	14	1	135.43718592964828	156.9346733668342
840	15	1	195.66	57.36
840	16	1	73.57213930348261	11.910447761194028
840	17	1	174.03999999999985	66.20499999999997
840	18	1	120.4	148.545
840	19	1	80.79104477611936	138.47263681592042
840	20	1	196.82089552238807	77.75621890547265
840	21	1	187.05970149253733	123.39303482587066
840	22	1	146.40000000000012	74.60500000000005
840	23	1	58.24500000000003	123.11000000000001
840	24	1	108.56000000000002	173.80499999999998
840	25	1	62.208955223880594	41.16915422885573
840	26	1	18.779999999999998	71.64000000000007
840	27	1	28.412060301507548	56.36180904522613
840	28	1	46.85499999999999	133.82500000000005
840	29	1	51.48000000000003	156.92999999999995
840	30	1	114.41708542713569	163.27135678391954
840	31	1	151.11055276381904	101.11557788944722
840	32	1	103.87000000000002	137.74
840	33	1	84.31499999999997	154.14000000000001
840	34	1	45.338308457711456	149.71641791044783
840	35	1	76.535	27.81499999999999
840	36	1	131.55276381909542	148.31658291457282
840	37	1	43.26500000000003	122.70500000000001
840	38	1	83.86567164179107	51.28855721393035
840	39	1	124.64676616915425	89.59203980099505
840	40	1	36.38	144.23500000000016
840	41	1	189.23	68.16999999999997
840	42	1	48.52500000000002	39.765000000000015
840	43	1	88.92500000000001	167.73999999999998
840	44	1	30.79500000000002	125.94999999999997
840	45	1	92.49246231155779	141.46231155778895
840	46	1	108.37688442211055	151.08040201005025
840	47	1	38.91999999999998	75.62500000000009
840	48	1	132.46268656716404	101.43781094527358
840	49	1	47.38805970149254	109.74626865671645
840	50	1	10.329999999999995	62.70500000000001
840	51	1	156.07499999999996	79.14999999999998
840	52	1	173.8549999999999	79.24000000000005
840	53	1	12.11	79.54000000000002
840	54	1	131.90954773869345	69.96984924623113
840	55	1	25.731343283582092	144.90049751243777
840	56	1	31.139999999999997	69.00499999999998
840	57	1	97.73000000000009	158.28000000000006
840	58	1	86.32999999999996	27.499999999999986
840	59	1	117.28499999999998	97.90999999999998
850	1	2	9.740000000000002	10.299999999999995
850	2	2	10.120000000000005	99.88
850	3	2	10.120000000000005	189.88
850	4	2	99.85858585858585	10.141414141414142
850	5	2	100.19	99.99
850	6	2	100.12	189.88
850	7	2	190.2164948453608	10.30927835051546
850	8	2	190.1199999999999	100.12000000000003
850	9	2	189.99999999999991	190
850	10	1	164.46999999999997	85.32000000000001
850	11	1	81.9154228855722	65.94029850746269
850	12	1	114.64321608040207	69.48743718592968
850	13	1	109.63500000000002	81.47999999999998
850	14	1	135.33499999999995	157.91999999999996
850	15	1	195.515	57.29500000000001
850	16	1	72.82000000000005	13.000000000000002
850	17	1	174.2835820895521	66.3184079601991
850	18	1	120.24999999999996	148.08999999999995
850	19	1	80.835	136.84500000000003
850	20	1	196.62311557788945	78.0502512562814
850	21	1	187.7150000000001	124.895
850	22	1	146.06965174129354	74.6268656716418
850	23	1	58.310000000000024	121.91
850	24	1	109.47999999999999	172.94500000000002
850	25	1	62.86499999999999	41.27500000000004
850	26	1	19.025000000000006	72.19499999999998
850	27	1	27.755	56.505
850	28	1	47.73499999999998	133.49000000000015
850	29	1	52.134328358208926	155.98507462686564
850	30	1	115.33165829145729	162.77386934673373
850	31	1	152.36499999999998	99.88999999999999
850	32	1	103.60000000000001	138.09
850	33	1	84.27860696517403	152.97512437810948
850	34	1	44.915422885572134	150.13930348258697
850	35	1	76.26000000000005	28.055
850	36	1	131.52499999999992	148.7000000000001
850	37	1	43.31999999999999	122.86000000000003
850	38	1	83.56499999999998	51.820000000000014
850	39	1	125.51	89.765
850	40	1	36.88944723618088	144.04020100502512
850	41	1	189.3681592039801	68.16417910447763
850	42	1	48.790000000000035	37.85000000000001
850	43	1	88.88000000000001	167.39499999999995
850	44	1	30.83000000000002	126.03999999999999
850	45	1	92.40500000000002	141.055
850	46	1	108.09452736318411	151.59701492537326
850	47	1	39.234999999999985	75.36500000000002
850	48	1	134.0749999999999	101.445
850	49	1	47.33830845771145	108.38805970149248
850	50	1	9.7	63.44999999999998
850	51	1	156.00499999999994	79.88499999999999
850	52	1	174.59296482412054	80.07537688442211
850	53	1	11.547263681592035	79.7761194029851
850	54	1	130.67500000000007	69.86000000000003
850	55	1	26.61500000000001	145.00000000000003
850	56	1	31.18499999999999	68.205
850	57	1	97.18999999999997	159.05499999999995
850	58	1	86.30845771144277	28.60696517412936
850	59	1	118.22000000000001	97.84499999999998
860	1	2	9.740000000000002	10.299999999999995
860	2	2	10.120000000000005	99.88
860	3	2	10.120000000000005	189.88
860	4	2	99.85858585858585	10.141414141414142
860	5	2	100.19	99.99
860	6	2	100.12	189.88
860	7	2	190.2164948453608	10.30927835051546
860	8	2	190.1199999999999	100.12000000000003
860	9	2	189.99999999999991	190
860	10	1	164.63000000000008	84.67
860	11	1	83.94000000000003	66.16999999999997
860	12	1	114.43499999999997	69.37499999999997
860	13	1	109.97999999999996	81.90499999999997
860	14	1	135.29500000000002	158.47999999999993
860	15	1	195.135	57.394999999999996
860	16	1	71.90049751243777	13.995024875621892
860	17	1	174.69000000000005	66.36999999999998
860	18	1	119.72500000000002	147.49499999999995
860	19	1	80.56716417910452	135.32835820895522
860	20	1	196.6	78.46000000000006
860	21	1	189.0849999999999	126.18499999999996
860	22	1	145.65	74.80000000000003
860	23	1	58.02999999999999	120.43000000000004
860	24	1	110.46268656716417	172.21393034825866
860	25	1	63.56	41.425000000000004
860	26	1	19.575000000000006	72.91499999999998
860	27	1	27.68341708542715	56.452261306532684
860	28	1	48.89447236180902	132.83919597989944
860	29	1	52.635	155.09499999999997
860	30	1	116.00999999999993	162.49500000000006
860	31	1	153.26368159203975	98.9800995024876
860	32	1	103.45226130653269	138.3819095477386
860	33	1	84.25870646766167	151.5572139303483
860	34	1	44.28999999999999	150.76999999999992
860	35	1	76.18000000000004	28.844999999999985
860	36	1	131.23499999999999	148.85999999999999
860	37	1	43.15075376884419	122.8894472361809
860	38	1	82.81499999999998	52.480000000000025
860	39	1	126.22885572139297	90.044776119403
860	40	1	37.651741293532325	143.56218905472633
860	41	1	189.68844221105527	68.1206030150754
860	42	1	49.29850746268657	36.4676616915423
860	43	1	88.07537688442214	166.38693467336685
860	44	1	30.969999999999995	125.78499999999998
860	45	1	92.425	140.40499999999997
860	46	1	107.82089552238804	152.0597014925373
860	47	1	39.11500000000001	75.79499999999996
860	48	1	135.58208955223873	101.17910447761199
860	49	1	47.517412935323385	107.0547263681592
860	50	1	9.552238805970152	64.14925373134326
860	51	1	156.06965174129357	79.88059701492533
860	52	1	175.20499999999998	80.91000000000003
860	53	1	10.754999999999999	79.92999999999996
860	54	1	129.7462686567165	70.11940298507464
860	55	1	27.25500000000001	144.965
860	56	1	31.100000000000005	67.44500000000002
860	57	1	96.8805970149254	159.71144278606965
860	58	1	86.14499999999994	29.04
860	59	1	119.175	98.00999999999995
870	1	2	9.740000000000002	10.299999999999995
870	2	2	10.120000000000005	99.88
870	3	2	10.120000000000005	189.88
870	4	2	99.85858585858585	10.141414141414142
870	5	2	100.19	99.99
870	6	2	100.12	189.88
870	7	2	190.2164948453608	10.30927835051546
870	8	2	190.1199999999999	100.12000000000003
870	9	2	189.99999999999991	190
870	10	1	164.725	84.335
870	11	1	85.58000000000001	65.925
870	12	1	114.59701492537314	69.54726368159207
870	13	1	110.80904522613065	83.14572864321606
870	14	1	135.27	158.77999999999983
870	15	1	194.965	57.45000000000003
870	16	1	71.68	15.115
870	17	1	174.90000000000003	66.38
870	18	1	119.20499999999997	146.2300000000001
870	19	1	80.11442786069654	133.49751243781097
870	20	1	196.52261306532662	78.90452261306537
870	21	1	190.273631840796	128.40796019900506
870	22	1	145.47	74.455
870	23	1	57.64499999999999	119.06500000000001
870	24	1	111.18811881188117	171.51485148514854
870	25	1	64.36500000000001	42.500000000000014
870	26	1	20.175000000000008	73.44999999999996
870	27	1	27.444999999999986	56.54000000000001
870	28	1	49.99999999999999	132.21000000000018
870	29	1	53.099999999999994	154.15999999999994
870	30	1	117.4477611940298	162.06965174129348
870	31	1	154.62499999999991	98.22499999999995
870	32	1	103.36500000000005	138.85999999999993
870	33	1	84.41499999999996	150.31
870	34	1	43.97000000000002	150.85500000000002
870	35	1	76.29353233830844	30.154228855721392
870	36	1	130.56716417910445	149.174129353234
870	37	1	43.110552763819115	122.76381909547739
870	38	1	82.15999999999995	53.25999999999999
870	39	1	126.67999999999996	90.34499999999996
870	40	1	37.954999999999984	143.225
870	41	1	189.61306532663318	68.25125628140701
870	42	1	49.980000000000004	34.975
870	43	1	87.35000000000008	165.44499999999994
870	44	1	31.335000000000004	125.58499999999998
870	45	1	92.46231155778892	140.37185929648228
870	46	1	107.34000000000002	152.97000000000008
870	47	1	39.09547738693469	76.29145728643212
870	48	1	138.30500000000004	100.23500000000001
870	49	1	47.76616915422885	105.79601990049746
870	50	1	9.344999999999997	64.91499999999994
870	51	1	155.85427135678387	79.75376884422113
870	52	1	175.14000000000004	81.30500000000002
870	53	1	10.369999999999996	79.93500000000002
870	54	1	129.61500000000007	70.145
870	55	1	27.750000000000007	145.32000000000005
870	56	1	31.230000000000015	67.12500000000001
870	57	1	96.77889447236184	160.748743718593
870	58	1	85.76884422110554	29.68844221105529
870	59	1	120.65174129353231	99.02487562189053
880	1	2	9.740000000000002	10.299999999999995
880	2	2	10.120000000000005	99.88
880	3	2	10.120000000000005	189.88
880	4	2	99.85858585858585	10.141414141414142
880	5	2	100.19	99.99
880	6	2	100.12	189.88
880	7	2	190.2164948453608	10.30927835051546
880	8	2	190.1199999999999	100.12000000000003
880	9	2	189.99999999999991	190
880	10	1	164.74874371859292	83.92462311557794
880	11	1	87.56218905472633	65.62686567164175
880	12	1	114.78500000000003	69.81000000000003
880	13	1	112.07537688442216	84.16080402010049
880	14	1	135.05	159.43999999999988
880	15	1	194.84	57.50000000000002
880	16	1	71.75999999999999	15.81
880	17	1	174.70000000000013	66.52500000000006
880	18	1	118.48500000000006	145.53000000000006
880	19	1	79.40000000000003	132.24500000000003
880	20	1	196.52	79.62000000000003
880	21	1	191.28	129.77000000000018
880	22	1	145.4099999999999	74.14000000000001
880	23	1	56.7	117.615
880	24	1	111.30000000000001	170.79999999999998
880	25	1	65.745	44.26999999999999
880	26	1	20.75499999999999	73.92000000000002
880	27	1	27.185929648241192	56.73366834170854
880	28	1	51.735000000000014	131.6349999999999
880	29	1	53.09500000000001	154.07999999999993
880	30	1	118.69499999999994	161.47000000000003
880	31	1	155.97014925373136	97.92039800995035
880	32	1	103.33000000000003	139.41000000000005
880	33	1	84.22999999999999	149.29
880	34	1	44.020100502512555	150.3567839195981
880	35	1	76.445	31.845
880	36	1	130.12	149.44500000000002
880	37	1	43.25870646766168	122.7860696517413
880	38	1	81.60499999999998	54.10000000000002
880	39	1	127.21890547263678	90.89054726368163
880	40	1	38.195	142.81000000000003
880	41	1	189.75879396984925	68.21608040201001
880	42	1	51.218905472636834	33.98507462686567
880	43	1	86.90452261306535	164.59296482412046
880	44	1	31.575000000000006	125.52499999999995
880	45	1	92.01499999999999	139.895
880	46	1	106.57286432160804	154.08040201005022
880	47	1	40.194999999999986	76.68000000000005
880	48	1	140.23999999999984	100.33000000000001
880	49	1	48.37500000000001	104
880	50	1	8.639999999999997	66.15
880	51	1	155.74874371859306	80.07035175879396
880	52	1	175.37000000000006	81.695
880	53	1	10.42786069651741	80.43283582089552
880	54	1	129.1850000000001	70.295
880	55	1	28.285000000000004	145.98000000000008
880	56	1	30.59203980099503	67.21890547263686
880	57	1	96.44	161.48499999999999
880	58	1	85.60199004975122	30.15920398009953
880	59	1	121.94500000000004	100.59500000000001
890	1	2	9.740000000000002	10.299999999999995
890	2	2	10.120000000000005	99.88
890	3	2	10.120000000000005	189.88
890	4	2	99.85858585858585	10.141414141414142
890	5	2	100.19	99.99
890	6	2	100.12	189.88
890	7	2	190.2164948453608	10.30927835051546
890	8	2	190.1199999999999	100.12000000000003
890	9	2	189.99999999999991	190
890	10	1	164.58706467661682	83.07960199004978
890	11	1	88.59701492537313	65.5273631840796
890	12	1	114.82499999999996	70.42000000000002
890	13	1	112.91542288557213	85.07960199004971
890	14	1	135.20999999999998	159.31499999999997
890	15	1	195.37	57.84000000000001
890	16	1	71.835	17.370000000000005
890	17	1	174.78999999999994	66.48499999999997
890	18	1	117.60999999999997	144.78499999999997
890	19	1	78.74499999999999	130.98000000000008
890	20	1	196.60199004975124	80.1592039800995
890	21	1	191.955223880597	131.03980099502482
890	22	1	145.24500000000003	74.02499999999996
890	23	1	55.46766169154229	116.13930348258704
890	24	1	111.27999999999997	170.54000000000005
890	25	1	67.02499999999998	46.02499999999999
890	26	1	21.125000000000007	74.35000000000005
890	27	1	26.980099502487562	56.88557213930349
890	28	1	53.50746268656715	130.73631840796017
890	29	1	53.06030150753773	153.55276381909545
890	30	1	119.22999999999995	161.35499999999996
890	31	1	157.31999999999982	98.20499999999997
890	32	1	103.34499999999997	140.165
890	33	1	84.23499999999997	147.98499999999999
890	34	1	43.79499999999995	150.45999999999998
890	35	1	76.5024875621891	33.631840796019915
890	36	1	129.17499999999995	149.92000000000016
890	37	1	43.49246231155778	122.73366834170851
890	38	1	80.66499999999999	55.510000000000005
890	39	1	128.3681592039801	92.46766169154235
890	40	1	38.64999999999999	141.95499999999993
890	41	1	189.44	68.41499999999996
890	42	1	52.839999999999996	34.00000000000001
890	43	1	86.09452736318408	163.51741293532336
890	44	1	31.924999999999994	126.27500000000008
890	45	1	91.72999999999996	139.4750000000001
890	46	1	105.69500000000004	155.13499999999996
890	47	1	40.724999999999994	76.97500000000005
890	48	1	142.18500000000012	100.11499999999998
890	49	1	49.621890547263696	102.54228855721395
890	50	1	8.16915422885572	67.1492537313433
890	51	1	155.35678391959797	80.70351758793974
890	52	1	175.295	82.29000000000003
890	53	1	9.969999999999999	80.925
890	54	1	128.78894472361804	70.60301507537692
890	55	1	28.595000000000006	146.65000000000006
890	56	1	30.330000000000005	67.10500000000006
890	57	1	96.22499999999998	162.475
890	58	1	85.21500000000002	31.015000000000008
890	59	1	122.67999999999999	101.545
900	1	2	9.740000000000002	10.299999999999995
900	2	2	10.120000000000005	99.88
900	3	2	10.120000000000005	189.88
900	4	2	99.85858585858585	10.141414141414142
900	5	2	100.19	99.99
900	6	2	100.12	189.88
900	7	2	190.2164948453608	10.30927835051546
900	8	2	190.1199999999999	100.12000000000003
900	9	2	189.99999999999991	190
900	10	1	164.50500000000005	81.7
900	11	1	89.20100502512568	65.61809045226128
900	12	1	114.76999999999997	71.49000000000004
900	13	1	114.035	86.45
900	14	1	135.275	159.465
900	15	1	195.505	58.004999999999974
900	16	1	72.245	19.20000000000001
900	17	1	175.31	66.01000000000002
900	18	1	117.07462686567166	144.02487562189052
900	19	1	77.75000000000003	130.60000000000005
900	20	1	197.365	81.15000000000005
900	21	1	192.505	132.55999999999997
900	22	1	144.32500000000002	74.13000000000004
900	23	1	54.61999999999999	115.53499999999994
900	24	1	111.39000000000001	170.09000000000003
900	25	1	67.62999999999998	47.76500000000002
900	26	1	21.730000000000004	75.26500000000001
900	27	1	26.75	57.165
900	28	1	55.22613065326635	129.58793969849233
900	29	1	52.93000000000002	153.55499999999998
900	30	1	120.00000000000004	161.08457711442782
900	31	1	158.8855721393034	98.28855721393037
900	32	1	103.1	140.86
900	33	1	84.38805970149258	147.15920398009953
900	34	1	43.713567839195974	150.36683417085413
900	35	1	76.27135678391964	35.2713567839196
900	36	1	128.90499999999997	150.0349999999999
900	37	1	43.69000000000001	122.64499999999997
900	38	1	80.44	56.59499999999999
900	39	1	129.125	93.84500000000006
900	40	1	39.19500000000001	141.25500000000017
900	41	1	189.105	68.86000000000003
900	42	1	54.26	34.53
900	43	1	85.18500000000002	162.06499999999994
900	44	1	32.325	126.87000000000003
900	45	1	91.33999999999997	139.195
900	46	1	105.29499999999999	156.12999999999997
900	47	1	41.32835820895523	77.24378109452736
900	48	1	143.45499999999998	100.38000000000002
900	49	1	50.98500000000002	101.42500000000005
900	50	1	7.744999999999999	67.67500000000001
900	51	1	154.94	81.41499999999998
900	52	1	174.85074626865674	82.52736318407962
900	53	1	10.004975124378115	81.25373134328356
900	54	1	128.08999999999997	70.79999999999997
900	55	1	28.854999999999983	147.0750000000001
900	56	1	29.369999999999994	66.93499999999999
900	57	1	95.995	163.04999999999998
900	58	1	85.09452736318408	31.67661691542288
900	59	1	123.37499999999997	103.265
910	1	2	9.740000000000002	10.299999999999995
910	2	2	10.120000000000005	99.88
910	3	2	10.120000000000005	189.88
910	4	2	99.85858585858585	10.141414141414142
910	5	2	100.19	99.99
910	6	2	100.12	189.88
910	7	2	190.2164948453608	10.30927835051546
910	8	2	190.1199999999999	100.12000000000003
910	9	2	189.99999999999991	190
910	10	1	164.215	80.92500000000003
910	11	1	89.34499999999997	64.89499999999998
910	12	1	114.53	72.47499999999997
910	13	1	115.12807881773398	87.79310344827593
910	14	1	135.03500000000005	159.51500000000001
910	15	1	196.24	58.57499999999999
910	16	1	72.64	20.465000000000007
910	17	1	175.645	66.11500000000002
910	18	1	116.52736318407956	143.273631840796
910	19	1	76.55778894472363	130.2211055276382
910	20	1	198.03482587064676	81.41293532338308
910	21	1	192.16582914572865	134.45728643216074
910	22	1	143.36999999999986	73.96999999999998
910	23	1	53.860000000000014	114.71999999999998
910	24	1	111.20603015075379	169.2562814070353
910	25	1	67.40000000000003	49.395
910	26	1	23.02	75.88000000000002
910	27	1	26.680000000000003	57.37499999999998
910	28	1	56.510101010101025	128.7929292929293
910	29	1	52.605000000000004	153.72499999999997
910	30	1	120.5427135678392	161.0653266331659
910	31	1	160.29145728643218	98.17085427135677
910	32	1	102.86069651741295	141.49751243781083
910	33	1	84.19500000000001	146.06500000000003
910	34	1	43.785000000000004	149.98999999999995
910	35	1	76.29	37.309999999999995
910	36	1	128.17000000000002	149.92000000000002
910	37	1	44.06499999999997	122.12500000000003
910	38	1	79.74129353233833	57.631840796019894
910	39	1	130.16000000000003	95.08
910	40	1	40.02499999999999	140.66000000000008
910	41	1	189.07	69.165
910	42	1	56.055	36.25
910	43	1	84.53999999999999	160.59999999999982
910	44	1	32.824999999999996	127.78999999999998
910	45	1	90.83500000000002	138.54000000000002
910	46	1	104.62686567164177	156.78606965174123
910	47	1	42.08500000000004	77.88500000000002
910	48	1	144.72636815920384	100.33333333333327
910	49	1	51.62499999999999	100.33500000000001
910	50	1	8.140703517587939	68.4070351758794
910	51	1	154.36000000000013	81.41999999999999
910	52	1	174.29353233830847	82.9402985074627
910	53	1	10.030000000000005	82.15000000000003
910	54	1	127.435	70.95999999999998
910	55	1	29.059701492537325	147.16417910447765
910	56	1	28.61000000000001	66.73000000000003
910	57	1	95.62814070351759	163.44221105527646
910	58	1	84.97499999999998	32.609999999999985
910	59	1	124.31658291457288	104.88944723618093
920	1	2	9.740000000000002	10.299999999999995
920	2	2	10.120000000000005	99.88
920	3	2	10.120000000000005	189.88
920	4	2	99.85858585858585	10.141414141414142
920	5	2	100.19	99.99
920	6	2	100.12	189.88
920	7	2	190.2164948453608	10.30927835051546
920	8	2	190.1199999999999	100.12000000000003
920	9	2	189.99999999999991	190
920	10	1	163.77000000000004	79.22500000000002
920	11	1	89.33500000000004	63.574999999999996
920	12	1	113.50500000000004	73.10000000000002
920	13	1	116.205	88.23499999999996
920	14	1	135.1849999999999	159.445
920	15	1	196.6532663316583	59.43718592964824
920	16	1	73.67000000000002	21.979999999999986
920	17	1	175.87	66.255
920	18	1	115.575	142.62499999999997
920	19	1	75.497512437811	129.3333333333334
920	20	1	198.89447236180905	82.0301507537689
920	21	1	192.505	135.93500000000012
920	22	1	142.3399999999999	73.70999999999998
920	23	1	53.360000000000035	114.18500000000003
920	24	1	111.76499999999996	167.9649999999999
920	25	1	67.905	50.195000000000014
920	26	1	23.534999999999997	76.34500000000004
920	27	1	26.206030150753787	57.56281407035176
920	28	1	57.82000000000001	127.77000000000002
920	29	1	52.56999999999998	153.6299999999999
920	30	1	121.63499999999998	161.86499999999992
920	31	1	161.2049999999999	98.35999999999999
920	32	1	102.82	142.64000000000004
920	33	1	83.92000000000004	145.51000000000002
920	34	1	43.64824120603015	150.08542713567837
920	35	1	76.37000000000005	39.23999999999999
920	36	1	127.41708542713567	149.97989949748737
920	37	1	44.48499999999999	121.98999999999997
920	38	1	79.49751243781091	58.875621890547265
920	39	1	131.42288557213934	96.10945273631846
920	40	1	40.83999999999998	140.1600000000001
920	41	1	188.28	69.90000000000005
920	42	1	57.340000000000025	37.189999999999976
920	43	1	83.57286432160801	158.9547738693466
920	44	1	33.27363184079603	129.07960199004972
920	45	1	90.59999999999998	138.47999999999996
920	46	1	104.27000000000004	158.01500000000001
920	47	1	42.84577114427861	78.28855721393033
920	48	1	145.6884422110552	100.00502512562818
920	49	1	52.33000000000003	99.47000000000001
920	50	1	7.995000000000001	68.86999999999998
920	51	1	153.72361809045225	82.30653266331656
920	52	1	173.11999999999992	83.73999999999998
920	53	1	10.32	82.76499999999999
920	54	1	126.715	71.23000000000006
920	55	1	28.964999999999996	147.705
920	56	1	27.799999999999994	66.88000000000002
920	57	1	95.16417910447763	163.95522388059692
920	58	1	84.92999999999996	33.955
920	59	1	125.08000000000003	106.32500000000005
930	1	2	9.740000000000002	10.299999999999995
930	2	2	10.120000000000005	99.88
930	3	2	10.120000000000005	189.88
930	4	2	99.85858585858585	10.141414141414142
930	5	2	100.19	99.99
930	6	2	100.12	189.88
930	7	2	190.2164948453608	10.30927835051546
930	8	2	190.1199999999999	100.12000000000003
930	9	2	189.99999999999991	190
930	10	1	163.91499999999996	77.89999999999995
930	11	1	89.25999999999996	62.20999999999997
930	12	1	112.14925373134335	73.85074626865675
930	13	1	118.01492537313436	89.2885572139304
930	14	1	135.17000000000002	159.455
930	15	1	197.2964824120603	60.45728643216077
930	16	1	74.42499999999993	23.225000000000005
930	17	1	176.29000000000002	66.41500000000003
930	18	1	114.56000000000003	142.165
930	19	1	74.68499999999996	127.94500000000004
930	20	1	199.77	82.515
930	21	1	192.57213930348257	137.452736318408
930	22	1	141.53999999999996	73.70999999999995
930	23	1	52.19900497512436	113.15422885572141
930	24	1	111.93034825870646	167.0646766169153
930	25	1	67.26237623762378	51.40099009900991
930	26	1	24.039999999999996	76.62499999999997
930	27	1	25.994999999999994	57.55000000000001
930	28	1	58.99499999999997	126.15000000000002
930	29	1	52.49000000000004	153.775
930	30	1	122.15499999999997	162.42999999999995
930	31	1	161.28499999999997	98.59999999999998
930	32	1	102.03499999999998	144.01000000000002
930	33	1	83.41999999999996	145.05000000000004
930	34	1	43.455000000000005	150.155
930	35	1	76.18999999999998	40.67999999999999
930	36	1	126.69500000000006	149.87999999999994
930	37	1	44.729999999999976	122.30499999999995
930	38	1	79.06499999999996	60.38000000000002
930	39	1	133.13930348258697	97.46268656716417
930	40	1	41.885	139.6099999999999
930	41	1	187.74129353233837	70.4825870646767
930	42	1	59.28999999999999	38.895
930	43	1	83.04499999999992	157.7249999999999
930	44	1	33.934673366834176	130.33165829145736
930	45	1	89.38	137.33499999999992
930	46	1	103.94500000000001	158.66000000000005
930	47	1	42.89949748743718	79.01005025125627
930	48	1	146.74499999999983	99.41
930	49	1	53.48000000000001	98.91499999999998
930	50	1	8.323383084577113	69.82089552238808
930	51	1	153.7386934673369	82.3316582914573
930	52	1	172.46000000000004	84.54499999999994
930	53	1	11.035175879396988	83.99999999999994
930	54	1	125.87499999999999	71.87000000000002
930	55	1	28.560000000000006	148.25499999999988
930	56	1	27.522388059701495	66.96517412935322
930	57	1	94.88500000000003	164.43999999999986
930	58	1	84.84000000000002	34.909999999999975
930	59	1	125.29850746268653	107.81094527363183
940	1	2	9.740000000000002	10.299999999999995
940	2	2	10.120000000000005	99.88
940	3	2	10.120000000000005	189.88
940	4	2	99.85858585858585	10.141414141414142
940	5	2	100.19	99.99
940	6	2	100.12	189.88
940	7	2	190.2164948453608	10.30927835051546
940	8	2	190.1199999999999	100.12000000000003
940	9	2	189.99999999999991	190
940	10	1	163.8391959798995	77.1005025125628
940	11	1	88.955	61.31000000000003
940	12	1	110.99009900990103	75.34653465346534
940	13	1	119.7537688442211	90.19597989949754
940	14	1	134.95999999999992	159.31999999999996
940	15	1	197.60199004975124	61.30348258706463
940	16	1	75.28	23.819999999999993
940	17	1	176.885	66.69499999999996
940	18	1	113.45273631840797	141.71144278606968
940	19	1	74.42288557213932	126.71144278606961
940	20	1	0.19999999999999896	82.7
940	21	1	191.43781094527364	138.89552238805973
940	22	1	140.8150000000001	73.41499999999999
940	23	1	51.55276381909545	112.4472361809045
940	24	1	112.33999999999996	166.03500000000003
940	25	1	66.72999999999995	52.30500000000001
940	26	1	24.74000000000001	76.86999999999995
940	27	1	25.394999999999996	57.77499999999998
940	28	1	59.75500000000001	125.16
940	29	1	52.379999999999974	154.01000000000008
940	30	1	122.713567839196	162.93969849246236
940	31	1	161.09000000000003	99.205
940	32	1	101.19696969696966	145.3989898989899
940	33	1	82.44	144.24500000000003
940	34	1	42.695000000000014	150.42499999999995
940	35	1	75.97989949748747	41.76884422110551
940	36	1	126.15000000000006	149.4350000000001
940	37	1	45.18999999999999	122.425
940	38	1	79.01000000000003	61.240000000000016
940	39	1	134.12437810945272	98.0646766169154
940	40	1	43.17085427135678	138.8040201005026
940	41	1	187.24120603015072	71.46231155778896
940	42	1	60.398009950248785	39.58208955223883
940	43	1	82.68500000000002	156.08000000000004
940	44	1	34.27000000000001	131.33999999999997
940	45	1	88.636815920398	136.64179104477608
940	46	1	103.87499999999996	158.97
940	47	1	42.761194029850735	79.50248756218909
940	48	1	147.45999999999998	99.12999999999995
940	49	1	54.529999999999994	98.94500000000001
940	50	1	8.51243781094527	70.66666666666664
940	51	1	153.23618090452257	82.63819095477385
940	52	1	171.31999999999996	85.54999999999994
940	53	1	12.045000000000002	85.11999999999998
940	54	1	125.60500000000006	72.41499999999999
940	55	1	28.160000000000004	148.405
940	56	1	26.63999999999999	67.115
940	57	1	94.27860696517412	165.09452736318403
940	58	1	84.66999999999999	35.52999999999998
940	59	1	125.85999999999997	108.69500000000002
950	1	2	9.740000000000002	10.299999999999995
950	2	2	10.120000000000005	99.88
950	3	2	10.120000000000005	189.88
950	4	2	99.85858585858585	10.141414141414142
950	5	2	100.19	99.99
950	6	2	100.12	189.88
950	7	2	190.2164948453608	10.30927835051546
950	8	2	190.1199999999999	100.12000000000003
950	9	2	189.99999999999991	190
950	10	1	164.22000000000006	75.8100000000001
950	11	1	88.66999999999999	60.19
950	12	1	109.5527638190955	75.91959798994971
950	13	1	121.23999999999998	90.91500000000008
950	14	1	134.33333333333317	159.3482587064677
950	15	1	197.61194029850748	62.96517412935326
950	16	1	75.42999999999996	24.675
950	17	1	177.49	67.54000000000002
950	18	1	112.38499999999999	141.78499999999994
950	19	1	73.99499999999996	125.64
950	20	1	0.8749999999999993	82.71499999999999
950	21	1	190.995	139.7250000000001
950	22	1	140.29000000000005	73.09500000000004
950	23	1	50.3134328358209	111.24378109452736
950	24	1	112.45999999999995	165.51499999999996
950	25	1	66.98999999999998	53.30999999999999
950	26	1	25.729999999999983	76.90499999999994
950	27	1	24.659999999999982	57.95000000000001
950	28	1	59.82000000000002	124.17500000000001
950	29	1	52.805	154.62000000000006
950	30	1	122.92000000000004	163.3499999999999
950	31	1	160.78500000000003	100.11000000000004
950	32	1	100.07462686567168	146.68656716417914
950	33	1	81.32835820895524	143.36815920398018
950	34	1	42.33	150.45000000000002
950	35	1	76.175	42.745000000000005
950	36	1	125.54773869346734	148.52763819095475
950	37	1	45.63500000000001	122.68999999999997
950	38	1	78.84	61.87999999999998
950	39	1	135.09950248756218	98.0248756218906
950	40	1	44.10999999999998	138.45999999999995
950	41	1	186.59500000000003	72.81999999999994
950	42	1	61.243781094527364	39.85572139303484
950	43	1	82.45499999999993	154.98000000000005
950	44	1	34.84079601990052	131.8059701492538
950	45	1	88.30348258706469	136.27860696517413
950	46	1	103.56218905472637	159.05472636815924
950	47	1	42.67000000000003	80.29000000000003
950	48	1	148.1950000000001	98.43999999999998
950	49	1	55.47999999999998	99.35499999999999
950	50	1	9.495000000000005	71.68499999999999
950	51	1	153.23880597014937	82.91044776119404
950	52	1	170.53499999999994	86.47500000000001
950	53	1	13.343434343434343	86.3232323232323
950	54	1	125.16999999999997	73.64
950	55	1	27.751243781094512	149.08955223880596
950	56	1	26.195979899497484	67.0100502512563
950	57	1	93.30999999999997	166.295
950	58	1	84.50746268656717	36.308457711442784
950	59	1	127.2700000000001	109.915
960	1	2	9.740000000000002	10.299999999999995
960	2	2	10.120000000000005	99.88
960	3	2	10.120000000000005	189.88
960	4	2	99.85858585858585	10.141414141414142
960	5	2	100.19	99.99
960	6	2	100.12	189.88
960	7	2	190.2164948453608	10.30927835051546
960	8	2	190.1199999999999	100.12000000000003
960	9	2	189.99999999999991	190
960	10	1	164.77611940298505	74.4378109452736
960	11	1	88.49000000000002	59.30499999999999
960	12	1	108.72636815920401	77.47263681592041
960	13	1	123.55223880597013	92.16417910447763
960	14	1	133.776119402985	159.09950248756215
960	15	1	198.08457711442787	63.935323383084594
960	16	1	75.70000000000003	25.215000000000007
960	17	1	177.80999999999992	68.755
960	18	1	111.135	141.92500000000007
960	19	1	74.38499999999998	124.23499999999993
960	20	1	1.626865671641791	82.44278606965173
960	21	1	190.375	140.71000000000012
960	22	1	139.76	72.66999999999999
960	23	1	48.84000000000002	109.94000000000003
960	24	1	112.64824120603016	165.17587939698495
960	25	1	66.20398009950252	54.82587064676618
960	26	1	26.7	77.02000000000002
960	27	1	24.07	58.14
960	28	1	60.26368159203981	122.27860696517406
960	29	1	53.16000000000001	155.99499999999995
960	30	1	122.85999999999999	163.17
960	31	1	160.23000000000002	100.555
960	32	1	99.40201005025125	148.03517587939697
960	33	1	80.55778894472361	142.427135678392
960	34	1	42.05000000000001	150.31999999999996
960	35	1	76.09900990099011	44.287128712871294
960	36	1	124.86069651741295	147.37810945273637
960	37	1	46.944999999999986	123.19500000000001
960	38	1	78.58000000000001	62.535
960	39	1	136.25499999999994	97.335
960	40	1	44.75999999999996	138.18000000000006
960	41	1	186.4170854271356	73.89949748743724
960	42	1	62.20100502512562	40.45226130653262
960	43	1	82.10945273631847	153.69154228855734
960	44	1	35.318407960198996	132.31840796019907
960	45	1	88.50000000000001	136.19500000000002
960	46	1	102.90499999999999	159.44999999999993
960	47	1	41.780000000000015	81.16000000000001
960	48	1	148.415	98.36000000000001
960	49	1	56.17085427135679	99.80904522613068
960	50	1	9.625000000000002	72.19
960	51	1	153.52999999999994	82.93000000000004
960	52	1	169.5477386934673	87.67336683417088
960	53	1	14.715	87.20999999999992
960	54	1	124.07462686567168	74.22388059701493
960	55	1	27.16999999999999	149.07999999999998
960	56	1	25.505000000000006	67.05000000000003
960	57	1	92.42786069651741	167.35323383084577
960	58	1	84.4825870646766	37.13432835820895
960	59	1	128.66169154228862	110.75621890547262
970	1	2	9.740000000000002	10.299999999999995
970	2	2	10.120000000000005	99.88
970	3	2	10.120000000000005	189.88
970	4	2	99.85858585858585	10.141414141414142
970	5	2	100.19	99.99
970	6	2	100.12	189.88
970	7	2	190.2164948453608	10.30927835051546
970	8	2	190.1199999999999	100.12000000000003
970	9	2	189.99999999999991	190
970	10	1	165.04999999999998	73.65500000000004
970	11	1	88.06030150753766	58.77889447236179
970	12	1	108.59203980099507	78.54228855721392
970	13	1	125.29850746268657	92.92039800995025
970	14	1	132.93999999999988	159.30499999999992
970	15	1	197.645	64.50999999999999
970	16	1	75.82500000000005	26.614999999999984
970	17	1	177.65174129353233	70.32835820895524
970	18	1	109.78606965174131	141.955223880597
970	19	1	74.14000000000001	122.79000000000006
970	20	1	2.688442211055276	82.1206030150754
970	21	1	189.5678391959799	141.4974874371859
970	22	1	138.96500000000003	71.845
970	23	1	47.32338308457711	109.20398009950246
970	24	1	112.62500000000001	165.02500000000006
970	25	1	65.60696517412939	56.388059701492516
970	26	1	27.135	77.185
970	27	1	24.124999999999993	58.135
970	28	1	60.315000000000005	121.68000000000004
970	29	1	53.215000000000025	157.735
970	30	1	122.78999999999995	163.03499999999997
970	31	1	159.99500000000012	100.65999999999998
970	32	1	99.29500000000002	148.58499999999995
970	33	1	79.59701492537319	141.7164179104478
970	34	1	42.363184079602	150.08955223880594
970	35	1	75.81592039800994	45.830845771144276
970	36	1	123.95024875621894	146.32835820895517
970	37	1	47.8009950248756	123.20895522388061
970	38	1	78.10500000000002	63.290000000000035
970	39	1	137.08999999999992	96.59000000000003
970	40	1	45.83500000000002	138.375
970	41	1	186.50500000000008	74.92
970	42	1	62.62000000000001	41.32999999999999
970	43	1	81.80999999999997	152.87999999999994
970	44	1	36.394999999999975	132.48999999999995
970	45	1	87.91999999999993	136.12500000000003
970	46	1	102.36815920398006	159.7661691542288
970	47	1	41.285	81.31500000000001
970	48	1	148.50248756218903	98.05970149253727
970	49	1	56.79499999999999	100.65000000000003
970	50	1	9.945	72.43499999999995
970	51	1	153.4349999999999	82.91999999999997
970	52	1	168.82499999999993	88.48999999999994
970	53	1	16.010050251256278	87.76381909547739
970	54	1	123.59203980099501	74.61691542288558
970	55	1	26.985000000000007	148.52500000000003
970	56	1	24.990049751243784	67.04975124378113
970	57	1	91.03500000000001	167.5200000000001
970	58	1	84.61691542288557	37.57213930348257
970	59	1	129.45771144278612	111.42786069651743
980	1	2	9.740000000000002	10.299999999999995
980	2	2	10.120000000000005	99.88
980	3	2	10.120000000000005	189.88
980	4	2	99.85858585858585	10.141414141414142
980	5	2	100.19	99.99
980	6	2	100.12	189.88
980	7	2	190.2164948453608	10.30927835051546
980	8	2	190.1199999999999	100.12000000000003
980	9	2	189.99999999999991	190
980	10	1	165.77386934673376	72.22110552763817
980	11	1	87.55500000000006	58.10499999999998
980	12	1	108.25870646766172	79.3681592039801
980	13	1	126.17499999999993	93.45
980	14	1	131.76999999999992	159.03000000000011
980	15	1	196.85572139303483	64.77611940298507
980	16	1	76.16000000000003	27.814999999999998
980	17	1	177.78999999999994	71.41499999999999
980	18	1	108.62686567164188	142.08457711442793
980	19	1	73.715	120.645
980	20	1	3.5500000000000007	82.06500000000003
980	21	1	188.75124378109447	142.6318407960199
980	22	1	138.25499999999994	70.90500000000002
980	23	1	45.432835820895534	108.9054726368159
980	24	1	112.60000000000005	164.22500000000008
980	25	1	65.0995024875622	58.019900497512445
980	26	1	27.115000000000013	77.225
980	27	1	23.665	58.33500000000001
980	28	1	60.655	120.70999999999998
980	29	1	53.95999999999999	159.31000000000014
980	30	1	122.73999999999995	162.65499999999994
980	31	1	159.76767676767685	100.78282828282825
980	32	1	98.71500000000002	149.16499999999996
980	33	1	79.05	140.80999999999997
980	34	1	42.165000000000006	149.88000000000008
980	35	1	75.20000000000003	46.85000000000002
980	36	1	123.20500000000001	145.11499999999998
980	37	1	48.989949748743726	122.8391959798995
980	38	1	77.65999999999995	63.94000000000001
980	39	1	137.62000000000012	96.05500000000002
980	40	1	46.40000000000002	138.39499999999995
980	41	1	186.92039800995022	75.76616915422889
980	42	1	62.92537313432837	42.19900497512439
980	43	1	81.45226130653263	152.09547738693465
980	44	1	37.388059701492566	132.05472636815927
980	45	1	87.20000000000009	135.58500000000004
980	46	1	101.5074626865672	160.0895522388059
980	47	1	40.694999999999986	81.98500000000004
980	48	1	148.70000000000002	97.91499999999999
980	49	1	56.91499999999998	101.28999999999999
980	50	1	9.885000000000003	72.52500000000002
980	51	1	153.69346733668343	82.86934673366832
980	52	1	168.24499999999995	88.74000000000004
980	53	1	17.502487562189053	88.2587064676617
980	54	1	122.34499999999997	74.72
980	55	1	26.278606965174127	148.20398009950242
980	56	1	24.6766169154229	67.18905472636814
980	57	1	89.66999999999996	168.14000000000001
980	58	1	85.07500000000002	38.18500000000005
980	59	1	129.93034825870646	112.31840796019901
990	1	2	9.740000000000002	10.299999999999995
990	2	2	10.120000000000005	99.88
990	3	2	10.120000000000005	189.88
990	4	2	99.85858585858585	10.141414141414142
990	5	2	100.19	99.99
990	6	2	100.12	189.88
990	7	2	190.2164948453608	10.30927835051546
990	8	2	190.1199999999999	100.12000000000003
990	9	2	189.99999999999991	190
990	10	1	166.28140703517582	71.64824120603016
990	11	1	86.78500000000003	57.14499999999998
990	12	1	107.89949748743724	80.2462311557789
990	13	1	126.63	94.65000000000005
990	14	1	130.8407960199004	158.7761194029851
990	15	1	195.435	64.92999999999998
990	16	1	76.33500000000005	28.71500000000001
990	17	1	177.8706467661692	72.88557213930353
990	18	1	107.91542288557216	142.318407960199
990	19	1	72.82089552238804	118.56716417910448
990	20	1	4.785000000000002	81.87500000000004
990	21	1	187.76999999999995	144.445
990	22	1	137.65500000000006	70.51000000000008
990	23	1	44.223880597014904	108.49751243781094
990	24	1	112.08500000000001	164.065
990	25	1	64.43499999999999	59.90499999999998
990	26	1	27.35820895522388	77.25373134328355
990	27	1	23.509999999999998	58.365
990	28	1	61.18407960199005	120.07960199004972
990	29	1	54.686567164179095	160.52736318407963
990	30	1	122.185	162.31
990	31	1	159.62000000000006	100.925
990	32	1	98.83499999999995	149.96500000000006
990	33	1	79.07960199004971	140.25870646766168
990	34	1	42.01500000000002	149.865
990	35	1	74.14000000000001	48.05999999999999
990	36	1	122.49246231155784	144.23115577889448
990	37	1	49.64499999999999	122.51999999999998
990	38	1	77.38999999999996	64.71999999999997
990	39	1	137.64499999999998	96.175
990	40	1	47.15500000000001	138.84499999999986
990	41	1	187.84	76.55000000000001
990	42	1	63.52238805970149	42.8358208955224
990	43	1	81.24499999999999	151.60999999999996
990	44	1	38.540000000000006	131.5849999999999
990	45	1	86.83499999999998	135.02999999999992
990	46	1	100.08585858585859	160.41919191919186
990	47	1	39.99499999999999	82.14
990	48	1	148.64	97.75000000000004
990	49	1	56.351758793969886	102.03517587939703
990	50	1	9.850746268656712	72.16915422885576
990	51	1	154.00497512437812	82.78109452736315
990	52	1	168.0100502512562	89.62311557788946
990	53	1	18.884999999999994	88.71
990	54	1	121.24999999999996	74.98499999999994
990	55	1	26.386934673366838	147.51256281407032
990	56	1	24.310000000000002	67.23500000000001
990	57	1	88.2238805970149	168.36815920398007
990	58	1	85.3482587064677	38.93532338308459
990	59	1	130.12000000000006	113.72999999999993
1000	1	2	9.740000000000002	10.299999999999995
1000	2	2	10.120000000000005	99.88
1000	3	2	10.120000000000005	189.88
1000	4	2	99.85858585858585	10.141414141414142
1000	5	2	100.19	99.99
1000	6	2	100.12	189.88
1000	7	2	190.2164948453608	10.30927835051546
1000	8	2	190.1199999999999	100.12000000000003
1000	9	2	189.99999999999991	190
1000	10	1	166.93969849246233	71.14572864321605
1000	11	1	85.98499999999996	56.529999999999994
1000	12	1	107.40201005025133	81.18090452261305
1000	13	1	126.98000000000002	95.82500000000002
1000	14	1	130.09500000000008	157.76500000000004
1000	15	1	193.62	65.42999999999996
1000	16	1	76.27363184079603	29.567164179104473
1000	17	1	177.4	75.06500000000001
1000	18	1	107.02000000000001	142.55999999999995
1000	19	1	72.12000000000005	117.72000000000001
1000	20	1	6.029999999999998	81.81999999999995
1000	21	1	187.53999999999988	146.22499999999997
1000	22	1	136.66331658291458	69.82412060301507
1000	23	1	43.025	108.76000000000003
1000	24	1	111.74500000000003	163.74500000000003
1000	25	1	64.38500000000003	61.14
1000	26	1	27.228855721393035	77.24378109452734
1000	27	1	23.301507537688448	58.35175879396985
1000	28	1	61.42	120.01500000000001
1000	29	1	55.57213930348259	161.84079601990047
1000	30	1	122.05000000000001	162.21500000000003
1000	31	1	159.45226130653268	100.61809045226128
1000	32	1	98.82587064676613	150.58706467661702
1000	33	1	78.60500000000008	139.425
1000	34	1	42.1758793969849	150.40703517587926
1000	35	1	73.33500000000005	48.675000000000004
1000	36	1	121.28855721393039	143.094527363184
1000	37	1	50.21105527638189	122.10552763819098
1000	38	1	77.185	65.5
1000	39	1	137.93000000000004	95.88499999999995
1000	40	1	47.73134328358208	139.5074626865672
1000	41	1	188.63999999999996	77.39000000000003
1000	42	1	63.61000000000001	43.549999999999976
1000	43	1	81.30348258706472	151.1641791044777
1000	44	1	39.53000000000002	131.12999999999982
1000	45	1	86.72499999999998	135.01
1000	46	1	98.90499999999994	161.11500000000012
1000	47	1	39.250000000000036	82.575
1000	48	1	148.74000000000004	97.57999999999997
1000	49	1	55.70499999999997	103.16499999999996
1000	50	1	9.26	71.29500000000002
1000	51	1	154.65499999999994	82.52000000000001
1000	52	1	167.95999999999998	90.94500000000001
1000	53	1	20.409999999999982	88.89499999999994
1000	54	1	120.14500000000002	74.97500000000002
1000	55	1	27.160804020100507	146.24623115577884
1000	56	1	23.8140703517588	67.36180904522615
1000	57	1	86.99497487437192	168.48743718592954
1000	58	1	85.85499999999998	39.65500000000003
1000	59	1	130.20499999999993	115.06500000000001
1010	1	2	9.740000000000002	10.299999999999995
1010	2	2	10.120000000000005	99.88
1010	3	2	10.120000000000005	189.88
1010	4	2	99.85858585858585	10.141414141414142
1010	5	2	100.19	99.99
1010	6	2	100.12	189.88
1010	7	2	190.2164948453608	10.30927835051546
1010	8	2	190.1199999999999	100.12000000000003
1010	9	2	189.99999999999991	190
1010	10	1	167.69849246231158	70.57286432160804
1010	11	1	85.17326732673268	55.74752475247524
1010	12	1	106.84577114427861	81.65671641791049
1010	13	1	126.84079601990047	97.44776119402982
1010	14	1	129.71641791044783	157.00995024875627
1010	15	1	192.2361809045226	65.76381909547739
1010	16	1	76.7889447236181	30.487437185929657
1010	17	1	177.28358208955225	76.24378109452735
1010	18	1	106.12437810945276	142.67164179104478
1010	19	1	71.49999999999996	116.355
1010	20	1	6.924999999999998	81.79499999999997
1010	21	1	187.33668341708554	147.824120603015
1010	22	1	135.09452736318397	69.23383084577117
1010	23	1	41.31343283582088	109.44278606965173
1010	24	1	111.30150753768845	163.36180904522615
1010	25	1	64.06	62.80500000000003
1010	26	1	26.555	76.77499999999998
1010	27	1	23.67500000000002	58.265
1010	28	1	62.22500000000004	120.52500000000003
1010	29	1	56.38000000000002	162.09500000000006
1010	30	1	121.805	161.69500000000005
1010	31	1	159.335	100.78999999999998
1010	32	1	99.155	150.98499999999999
1010	33	1	78.33000000000006	138.7750000000001
1010	34	1	41.371859296482405	150.82412060301505
1010	35	1	72.07960199004977	49.646766169154226
1010	36	1	119.87064676616917	142.09950248756218
1010	37	1	50.79104477611943	120.8656716417911
1010	38	1	77.00500000000001	65.57499999999999
1010	39	1	138.35820895522386	95.75124378109449
1010	40	1	47.85572139303484	140.13432835820888
1010	41	1	189.5422885572139	77.89552238805966
1010	42	1	63.6	43.835
1010	43	1	81.635	150.79999999999998
1010	44	1	41.47761194029851	130.19402985074635
1010	45	1	86.22499999999997	134.57000000000005
1010	46	1	97.21393034825873	161.72636815920401
1010	47	1	38.794999999999995	82.54999999999998
1010	48	1	148.88	97.13499999999999
1010	49	1	55.71144278606966	104.0099502487563
1010	50	1	8.425000000000002	70.58499999999992
1010	51	1	155.72000000000008	82.69500000000001
1010	52	1	168.11442786069645	91.93034825870645
1010	53	1	21.874999999999993	89.31000000000004
1010	54	1	118.9748743718593	75.08040201005029
1010	55	1	27.492537313432834	145.32338308457713
1010	56	1	23.71859296482413	67.39195979899496
1010	57	1	85.69849246231153	168.43718592964828
1010	58	1	86.72999999999996	40.894999999999996
1010	59	1	129.84999999999997	116.43
1020	1	2	9.740000000000002	10.299999999999995
1020	2	2	10.120000000000005	99.88
1020	3	2	10.120000000000005	189.88
1020	4	2	99.85858585858585	10.141414141414142
1020	5	2	100.19	99.99
1020	6	2	100.12	189.88
1020	7	2	190.2164948453608	10.30927835051546
1020	8	2	190.1199999999999	100.12000000000003
1020	9	2	189.99999999999991	190
1020	10	1	169.4029850746268	69.62686567164175
1020	11	1	84.52736318407959	55.248756218905484
1020	12	1	106.27	82.48499999999999
1020	13	1	126.78500000000003	98.88000000000001
1020	14	1	129.14500000000004	155.96500000000003
1020	15	1	191.61691542288557	66.50746268656711
1020	16	1	77.06500000000004	31.714999999999993
1020	17	1	177.82499999999985	77.25500000000001
1020	18	1	105.18905472636818	142.17910447761184
1020	19	1	70.86999999999996	115.11500000000002
1020	20	1	8.228855721393035	82.00497512437813
1020	21	1	187.5850000000001	149.27999999999994
1020	22	1	132.60696517412921	68.01492537313436
1020	23	1	39.84500000000002	110.44500000000001
1020	24	1	110.73631840796021	162.58706467661702
1020	25	1	63.97014925373136	64.4825870646766
1020	26	1	25.353233830845774	76.68159203980103
1020	27	1	23.344999999999995	57.96500000000001
1020	28	1	63.45499999999998	121.295
1020	29	1	57.70149253731342	162.71144278606963
1020	30	1	121.57499999999992	161.445
1020	31	1	159.16000000000005	100.7
1020	32	1	99.58585858585856	151.29797979797982
1020	33	1	78.0603015075377	138.17587939698487
1020	34	1	41.52500000000001	151.23500000000007
1020	35	1	71.50000000000006	50.51999999999999
1020	36	1	118.53000000000002	141.32999999999998
1020	37	1	51.0497512437811	120.37313432835822
1020	38	1	76.71500000000003	65.91499999999999
1020	39	1	138.35323383084574	96.06965174129354
1020	40	1	47.809999999999995	141.07000000000002
1020	41	1	190.855	78.50500000000004
1020	42	1	63.87499999999998	44.40000000000001
1020	43	1	81.96500000000002	150.51000000000008
1020	44	1	43.110552763819115	129.5577889447236
1020	45	1	86.31343283582092	134.78109452736308
1020	46	1	95.55000000000001	162.58999999999992
1020	47	1	38.269999999999996	82.24000000000005
1020	48	1	149.20000000000007	96.49500000000002
1020	49	1	54.90999999999997	105.1
1020	50	1	7.605	69.15000000000002
1020	51	1	157.21999999999994	82.57999999999996
1020	52	1	168.25870646766154	92.74626865671641
1020	53	1	23.120000000000015	90.22
1020	54	1	117.69500000000001	75.07500000000003
1020	55	1	28.655000000000005	144.21999999999997
1020	56	1	23.560000000000006	67.43500000000006
1020	57	1	84.685	168.2999999999999
1020	58	1	88.00000000000004	42.08499999999999
1020	59	1	129.79000000000002	117.55499999999999
1030	1	2	9.740000000000002	10.299999999999995
1030	2	2	10.120000000000005	99.88
1030	3	2	10.120000000000005	189.88
1030	4	2	99.85858585858585	10.141414141414142
1030	5	2	100.19	99.99
1030	6	2	100.12	189.88
1030	7	2	190.2164948453608	10.30927835051546
1030	8	2	190.1199999999999	100.12000000000003
1030	9	2	189.99999999999991	190
1030	10	1	171.06930693069307	69.04455445544552
1030	11	1	83.53999999999994	54.330000000000005
1030	12	1	104.76	83.43000000000004
1030	13	1	126.69154228855722	100.41791044776116
1030	14	1	128.2885572139303	154.0845771144279
1030	15	1	191.09	67.475
1030	16	1	77.49751243781103	33.12935323383086
1030	17	1	178.09500000000008	78.40999999999998
1030	18	1	104.62999999999997	142.20999999999995
1030	19	1	70.81	114.40000000000005
1030	20	1	8.790000000000003	81.69499999999994
1030	21	1	187.69000000000008	150.4399999999998
1030	22	1	131.02000000000004	67.4
1030	23	1	37.92537313432837	111.06965174129353
1030	24	1	110.22277227722772	162.3168316831683
1030	25	1	63.31499999999998	65.795
1030	26	1	24.701492537313428	77.0149253731344
1030	27	1	23.63499999999999	57.64500000000001
1030	28	1	64.38308457711445	121.80099502487562
1030	29	1	58.93532338308458	163.3532338308457
1030	30	1	121.46500000000002	161.17999999999998
1030	31	1	158.87562189054728	100.63681592039799
1030	32	1	99.87499999999997	151.7100000000001
1030	33	1	77.87499999999999	137.67000000000004
1030	34	1	41.402010050251285	151.462311557789
1030	35	1	70.12500000000001	52.08999999999999
1030	36	1	116.62499999999997	139.545
1030	37	1	51.00995024875624	119.76119402985077
1030	38	1	76.43500000000003	66.305
1030	39	1	138.1492537313433	96.39303482587064
1030	40	1	47.70854271356785	141.3819095477387
1030	41	1	191.69849246231155	79.62311557788945
1030	42	1	63.76884422110553	44.643216080402006
1030	43	1	82.13499999999999	150.26000000000008
1030	44	1	43.44499999999999	129.11999999999986
1030	45	1	86.22613065326634	134.74371859296488
1030	46	1	94.26633165829143	163.16080402010044
1030	47	1	38.070000000000014	82.00499999999997
1030	48	1	149.21500000000015	96.20500000000004
1030	49	1	54.285000000000004	106.27499999999999
1030	50	1	6.925	68.42999999999998
1030	51	1	158.15000000000006	82.495
1030	52	1	168.2550000000001	93.34999999999998
1030	53	1	24.00000000000001	91.28358208955225
1030	54	1	116.11500000000004	75.03499999999994
1030	55	1	29.794999999999995	143.51000000000013
1030	56	1	23.105000000000008	67.545
1030	57	1	83.21500000000003	168.02499999999998
1030	58	1	89.10050251256283	43.15075376884421
1030	59	1	129.43500000000003	118.89499999999998
1040	1	2	9.740000000000002	10.299999999999995
1040	2	2	10.120000000000005	99.88
1040	3	2	10.120000000000005	189.88
1040	4	2	99.85858585858585	10.141414141414142
1040	5	2	100.19	99.99
1040	6	2	100.12	189.88
1040	7	2	190.2164948453608	10.30927835051546
1040	8	2	190.1199999999999	100.12000000000003
1040	9	2	189.99999999999991	190
1040	10	1	172.0949999999999	68.65
1040	11	1	82.75621890547265	53.70646766169154
1040	12	1	103.615	84.31
1040	13	1	126.24000000000001	102.11999999999999
1040	14	1	127.29999999999998	152.12999999999994
1040	15	1	190.58793969849248	69.21105527638191
1040	16	1	77.94974874371854	34.62311557788944
1040	17	1	178.17587939698493	79.81909547738694
1040	18	1	104.34170854271359	142.16080402010056
1040	19	1	70.52261306532665	113.11055276381913
1040	20	1	9.798994974874374	81.86934673366835
1040	21	1	188.59701492537303	151.72636815920396
1040	22	1	129.69499999999994	67.82500000000005
1040	23	1	36.79000000000002	111.45999999999997
1040	24	1	109.48756218905471	161.93532338308464
1040	25	1	62.12437810945272	66.9651741293532
1040	26	1	23.437185929648248	77.23115577889452
1040	27	1	23.39800995024875	57.338308457711435
1040	28	1	65.22000000000003	122.09
1040	29	1	60.28499999999999	163.96500000000003
1040	30	1	121.715	160.92999999999995
1040	31	1	158.53999999999996	100.29500000000003
1040	32	1	100.02999999999999	151.80500000000004
1040	33	1	77.84500000000001	137.58000000000015
1040	34	1	40.964824120603005	151.7185929648242
1040	35	1	69.34328358208957	53.84577114427863
1040	36	1	115.47263681592038	138.25373134328362
1040	37	1	51.144278606965145	119.25870646766168
1040	38	1	76.11500000000004	66.88000000000002
1040	39	1	137.48999999999995	96.95000000000007
1040	40	1	47.699999999999974	142.03999999999994
1040	41	1	192.96	80.845
1040	42	1	64.12	45.080000000000005
1040	43	1	82.46500000000002	150.3549999999999
1040	44	1	44.61691542288558	128.34328358208964
1040	45	1	86.05999999999996	134.6850000000001
1040	46	1	92.9504950495049	163.80198019801983
1040	47	1	37.65000000000001	81.66000000000001
1040	48	1	149.04522613065316	95.49748743718595
1040	49	1	53.58	107.08499999999998
1040	50	1	6.234999999999997	67.68999999999998
1040	51	1	159.53500000000003	82.08500000000002
1040	52	1	168.27499999999984	93.855
1040	53	1	25.079601990049763	91.8955223880597
1040	54	1	114.5979899497488	75.65829145728648
1040	55	1	31.402985074626862	141.93532338308475
1040	56	1	23.32338308457711	67.74626865671645
1040	57	1	81.58208955223881	168.4577114427862
1040	58	1	90.02500000000002	43.81499999999998
1040	59	1	129.29999999999998	120.48000000000003
1050	1	2	9.740000000000002	10.299999999999995
1050	2	2	10.120000000000005	99.88
1050	3	2	10.120000000000005	189.88
1050	4	2	99.85858585858585	10.141414141414142
1050	5	2	100.19	99.99
1050	6	2	100.12	189.88
1050	7	2	190.2164948453608	10.30927835051546
1050	8	2	190.1199999999999	100.12000000000003
1050	9	2	189.99999999999991	190
1050	10	1	173.52238805970146	69.1194029850747
1050	11	1	81.82500000000002	53.49499999999999
1050	12	1	102.18499999999999	85.28
1050	13	1	126.00500000000001	103.95500000000003
1050	14	1	125.95500000000001	151.09
1050	15	1	190.51999999999998	70.31000000000003
1050	16	1	78.96517412935322	35.089552238805986
1050	17	1	178.9004975124378	81.3980099502488
1050	18	1	104.1809045226131	142.29145728643212
1050	19	1	70.34499999999997	112.45499999999997
1050	20	1	10.653266331658296	82.27638190954775
1050	21	1	190.03465346534645	152.64851485148517
1050	22	1	127.85	68.63999999999999
1050	23	1	35.639999999999986	112.15999999999998
1050	24	1	108.56716417910445	161.55223880597015
1050	25	1	61.641791044776106	68.02985074626858
1050	26	1	21.75500000000001	77.36500000000001
1050	27	1	23.604999999999986	57.06999999999998
1050	28	1	65.84999999999995	122.54499999999999
1050	29	1	60.955223880597	164.5422885572139
1050	30	1	121.96019900497515	161.1791044776119
1050	31	1	158.42786069651737	100.65671641791042
1050	32	1	99.70999999999998	151.92500000000004
1050	33	1	77.73499999999994	137.4400000000002
1050	34	1	41.01507537688441	151.9095477386935
1050	35	1	68.69154228855723	54.4179104477612
1050	36	1	114.41499999999998	137.25499999999994
1050	37	1	50.82499999999999	118.73500000000006
1050	38	1	75.45500000000003	67.48999999999994
1050	39	1	137.0899999999999	97.7
1050	40	1	47.8140703517588	142.8592964824121
1050	41	1	194.4	81.855
1050	42	1	64.4626865671642	44.830845771144254
1050	43	1	82.86500000000002	150.53499999999997
1050	44	1	45.562189054726346	127.9651741293532
1050	45	1	86.01500000000004	134.59500000000003
1050	46	1	91.50746268656715	164.24875621890538
1050	47	1	36.85499999999998	81.38499999999999
1050	48	1	149.36999999999998	94.48000000000009
1050	49	1	52.904999999999994	107.74500000000003
1050	50	1	5.241206030150755	66.99497487437186
1050	51	1	160.73500000000007	81.43500000000004
1050	52	1	168.26130653266327	93.98994974874377
1050	53	1	26.59500000000002	92.2
1050	54	1	112.78499999999998	76.15000000000005
1050	55	1	32.585	140.385
1050	56	1	23.274999999999995	67.815
1050	57	1	79.75621890547265	168.91542288557213
1050	58	1	90.83999999999995	45.40999999999998
1050	59	1	129.01000000000002	121.925
1060	1	2	9.740000000000002	10.299999999999995
1060	2	2	10.120000000000005	99.88
1060	3	2	10.120000000000005	189.88
1060	4	2	99.85858585858585	10.141414141414142
1060	5	2	100.19	99.99
1060	6	2	100.12	189.88
1060	7	2	190.2164948453608	10.30927835051546
1060	8	2	190.1199999999999	100.12000000000003
1060	9	2	189.99999999999991	190
1060	10	1	174.85999999999996	69.935
1060	11	1	80.91000000000004	53.675000000000004
1060	12	1	101.68159203980103	86.37313432835823
1060	13	1	125.93532338308464	105.86069651741302
1060	14	1	124.7688442211056	149.45226130653265
1060	15	1	190.81909547738692	71.8341708542713
1060	16	1	80.12500000000001	36.564999999999976
1060	17	1	179.85148514851488	82.90099009900989
1060	18	1	104.44999999999999	142.88000000000008
1060	19	1	70.22885572139302	111.38805970149251
1060	20	1	11.360000000000001	82.51999999999997
1060	21	1	191.11	153.1199999999999
1060	22	1	127.12935323383081	69.0746268656716
1060	23	1	34.94527363184081	112.6766169154229
1060	24	1	107.77999999999993	161.52
1060	25	1	59.93034825870648	68.99502487562184
1060	26	1	20.88499999999999	77.27500000000003
1060	27	1	23.650000000000002	56.504999999999974
1060	28	1	66.70499999999998	122.92
1060	29	1	61.680000000000014	164.8
1060	30	1	122.44000000000001	160.8849999999999
1060	31	1	157.66666666666674	101.07960199004977
1060	32	1	99.34170854271359	152.12562814070364
1060	33	1	77.72361809045225	137.6030150753769
1060	34	1	40.97499999999999	152.16999999999996
1060	35	1	67.97989949748744	55.748743718592976
1060	36	1	114.00497512437813	136.24378109452746
1060	37	1	51.18500000000004	118.805
1060	38	1	74.40000000000002	68.2
1060	39	1	136.74626865671638	98.1791044776119
1060	40	1	47.92499999999997	143.41500000000005
1060	41	1	196.0547263681592	82.97512437810943
1060	42	1	64.95477386934674	45.100502512562834
1060	43	1	83.27500000000002	150.82500000000007
1060	44	1	46.21000000000002	127.42499999999995
1060	45	1	86.09000000000005	134.705
1060	46	1	89.9651741293532	164.59203980099508
1060	47	1	35.92999999999999	81.39499999999997
1060	48	1	149.66834170854264	93.52261306532662
1060	49	1	52.7860696517413	108.36318407960201
1060	50	1	4.565000000000004	66.15500000000003
1060	51	1	161.65174129353238	80.92537313432828
1060	52	1	168.17500000000004	93.45999999999998
1060	53	1	28.356435643564335	92.68811881188115
1060	54	1	111.42000000000003	76.90500000000002
1060	55	1	34.18999999999999	138.80500000000004
1060	56	1	23.005025125628137	67.80904522613068
1060	57	1	77.6716417910448	169.15422885572133
1060	58	1	91.37500000000001	46.29999999999998
1060	59	1	128.8800000000001	123.72999999999998
1070	1	2	9.740000000000002	10.299999999999995
1070	2	2	10.120000000000005	99.88
1070	3	2	10.120000000000005	189.88
1070	4	2	99.85858585858585	10.141414141414142
1070	5	2	100.19	99.99
1070	6	2	100.12	189.88
1070	7	2	190.2164948453608	10.30927835051546
1070	8	2	190.1199999999999	100.12000000000003
1070	9	2	189.99999999999991	190
1070	10	1	176.21000000000004	70.875
1070	11	1	79.37	53.364999999999995
1070	12	1	100.14000000000004	87.15500000000002
1070	13	1	126.04500000000003	106.97500000000004
1070	14	1	123.53000000000002	148.3849999999999
1070	15	1	191.41	72.89
1070	16	1	81.235	38.20500000000004
1070	17	1	180.84577114427867	84.06965174129354
1070	18	1	104.61999999999999	143.24500000000006
1070	19	1	70.30499999999998	110.96000000000002
1070	20	1	11.522388059701486	82.28358208955223
1070	21	1	192.05	153.86999999999992
1070	22	1	126.40500000000002	70.23000000000006
1070	23	1	34.14000000000002	113.02999999999999
1070	24	1	106.74500000000002	161.40999999999997
1070	25	1	57.82914572864324	70.29648241206036
1070	26	1	20.450000000000003	77.5
1070	27	1	24.065000000000012	56.20500000000004
1070	28	1	67.21000000000001	123.51500000000006
1070	29	1	61.83500000000001	165
1070	30	1	123.0348258706468	160.56218905472636
1070	31	1	156.805	100.41
1070	32	1	99.22500000000002	152.2050000000001
1070	33	1	77.53999999999996	137.6
1070	34	1	40.58000000000002	152.0150000000001
1070	35	1	67	57.42713567839192
1070	36	1	113.7661691542289	134.94029850746276
1070	37	1	51.110000000000014	118.32000000000004
1070	38	1	72.89054726368167	68.8905472636816
1070	39	1	136.36000000000007	98.64499999999998
1070	40	1	48.42499999999999	144.39500000000007
1070	41	1	197.03015075376885	84.14572864321613
1070	42	1	64.64676616915423	45.70149253731343
1070	43	1	83.64321608040206	150.95979899497488
1070	44	1	46.97500000000001	126.76500000000001
1070	45	1	86.31000000000003	134.94499999999988
1070	46	1	88.64676616915423	164.85572139303486
1070	47	1	34.90999999999999	81.62999999999995
1070	48	1	149.61	92.73000000000006
1070	49	1	52.57000000000002	108.87000000000003
1070	50	1	4.014999999999998	65.79999999999998
1070	51	1	162.57711442786078	80.19402985074625
1070	52	1	168.2849999999999	93.32500000000002
1070	53	1	29.995024875621894	92.98507462686572
1070	54	1	109.81	78.28999999999999
1070	55	1	35.56218905472638	137.92537313432845
1070	56	1	23.462311557788958	68.09547738693466
1070	57	1	76.67164179104476	168.69651741293535
1070	58	1	92.08500000000006	47.53499999999997
1070	59	1	128.49499999999998	125.09000000000002
1080	1	2	9.740000000000002	10.299999999999995
1080	2	2	10.120000000000005	99.88
1080	3	2	10.120000000000005	189.88
1080	4	2	99.85858585858585	10.141414141414142
1080	5	2	100.19	99.99
1080	6	2	100.12	189.88
1080	7	2	190.2164948453608	10.30927835051546
1080	8	2	190.1199999999999	100.12000000000003
1080	9	2	189.99999999999991	190
1080	10	1	177.46000000000004	71.68499999999997
1080	11	1	78.29999999999998	53.11999999999998
1080	12	1	99.75999999999998	88.28
1080	13	1	126.07499999999999	107.75499999999998
1080	14	1	122.2089552238806	147.2985074626866
1080	15	1	192.025	73.52500000000005
1080	16	1	82.67164179104472	38.95024875621889
1080	17	1	181.955223880597	84.76119402985073
1080	18	1	104.65500000000004	143.6900000000001
1080	19	1	70.13000000000001	110.11499999999997
1080	20	1	11.623115577889443	82.0954773869346
1080	21	1	192.75	154.38499999999993
1080	22	1	124.85074626865666	71.7263681592039
1080	23	1	33.81999999999999	113.09000000000003
1080	24	1	105.67661691542288	161.67661691542304
1080	25	1	56.4577114427861	71.53233830845775
1080	26	1	19.765	77.36500000000007
1080	27	1	24.799999999999997	55.82500000000002
1080	28	1	67.91	123.53
1080	29	1	62.09500000000002	165.5049999999999
1080	30	1	123.50500000000004	160.26000000000008
1080	31	1	155.78391959798998	100.17587939698495
1080	32	1	99.06999999999996	152.66500000000002
1080	33	1	77.34673366834168	137.88944723618087
1080	34	1	40.68000000000001	151.83999999999997
1080	35	1	65.88944723618091	58.67839195979903
1080	36	1	113.80597014925368	134.10447761194024
1080	37	1	50.76	117.84
1080	38	1	70.96500000000005	69.19499999999996
1080	39	1	135.82412060301513	99.40703517587939
1080	40	1	48.585000000000015	145.24999999999994
1080	41	1	197.9900497512438	85.20398009950249
1080	42	1	65.10945273631842	45.890547263681576
1080	43	1	84.53731343283582	151.52736318407966
1080	44	1	47.815000000000005	126.74999999999994
1080	45	1	86.36999999999993	135.21500000000006
1080	46	1	86.35175879396989	165.72361809045222
1080	47	1	33.82500000000001	82.04000000000003
1080	48	1	149.77500000000003	91.58499999999998
1080	49	1	52.080000000000005	109.06500000000004
1080	50	1	3.2288557213930384	65.49751243781093
1080	51	1	163.45273631840786	79.6268656716418
1080	52	1	168.17499999999993	93.05499999999999
1080	53	1	31.424999999999986	93.18000000000004
1080	54	1	108.66999999999996	79.70999999999994
1080	55	1	36.40000000000002	137.245
1080	56	1	23.555000000000003	68.3549999999999
1080	57	1	76.1492537313433	168.9054726368158
1080	58	1	92.29500000000003	48.63999999999998
1080	59	1	128.25373134328353	127.09950248756218
1090	1	2	9.740000000000002	10.299999999999995
1090	2	2	10.120000000000005	99.88
1090	3	2	10.120000000000005	189.88
1090	4	2	99.85858585858585	10.141414141414142
1090	5	2	100.19	99.99
1090	6	2	100.12	189.88
1090	7	2	190.2164948453608	10.30927835051546
1090	8	2	190.1199999999999	100.12000000000003
1090	9	2	189.99999999999991	190
1090	10	1	178.045	72.74999999999999
1090	11	1	78.10050251256285	53.81407035175879
1090	12	1	99.28000000000006	88.82999999999997
1090	13	1	126.15075376884421	109.0552763819095
1090	14	1	121.15920398009953	146.58706467661693
1090	15	1	192.70499999999998	74.395
1090	16	1	83.37499999999994	39.954999999999984
1090	17	1	183.21393034825866	85.28358208955218
1090	18	1	105.07500000000003	144.09500000000006
1090	19	1	70.01000000000002	109.35999999999997
1090	20	1	11.814999999999998	81.85500000000005
1090	21	1	193.77114427860695	154.71641791044775
1090	22	1	123.70000000000002	72.82499999999999
1090	23	1	33.765	113.54500000000003
1090	24	1	105.22999999999999	161.76
1090	25	1	55.465	72.22500000000002
1090	26	1	19.615000000000006	77.26
1090	27	1	25.985000000000007	55.64000000000001
1090	28	1	68.4676616915423	123.23383084577108
1090	29	1	62.63681592039803	166.07960199004978
1090	30	1	123.97000000000004	159.97500000000008
1090	31	1	154.57499999999996	100.38499999999998
1090	32	1	98.86069651741293	153.08955223880602
1090	33	1	77.18407960199008	138.18905472636814
1090	34	1	40.32499999999998	151.14999999999986
1090	35	1	65.14925373134331	59.318407960198996
1090	36	1	113.855	133.16500000000016
1090	37	1	50.069999999999986	117.31999999999998
1090	38	1	69.69651741293536	69.59701492537313
1090	39	1	135.36815920398007	99.75124378109447
1090	40	1	49.095	146.4849999999999
1090	41	1	199.33168316831683	86.55445544554458
1090	42	1	65.37688442211056	46.53266331658292
1090	43	1	85.36499999999998	152.22000000000003
1090	44	1	48.75499999999998	127.125
1090	45	1	86.45999999999998	135.50499999999982
1090	46	1	85.25500000000001	166.7550000000001
1090	47	1	33.37999999999999	82.19000000000005
1090	48	1	149.80000000000007	90.80500000000006
1090	49	1	52.00000000000001	109.10499999999999
1090	50	1	3.0050000000000012	65.46499999999999
1090	51	1	164.0646766169155	79.39800995024876
1090	52	1	168.08040201005025	92.50251256281409
1090	53	1	32.11442786069651	93.63184079601986
1090	54	1	108.25500000000007	80.94000000000005
1090	55	1	37.33	136.2199999999999
1090	56	1	23.724999999999994	68.40500000000002
1090	57	1	75.6616915422886	168.33830845771143
1090	58	1	92.61	49.20999999999998
1090	59	1	128.2713567839196	128.85427135678387
1100	1	2	9.740000000000002	10.299999999999995
1100	2	2	10.120000000000005	99.88
1100	3	2	10.120000000000005	189.88
1100	4	2	99.85858585858585	10.141414141414142
1100	5	2	100.19	99.99
1100	6	2	100.12	189.88
1100	7	2	190.2164948453608	10.30927835051546
1100	8	2	190.1199999999999	100.12000000000003
1100	9	2	189.99999999999991	190
1100	10	1	178.3800000000001	73.33499999999992
1100	11	1	77.55999999999996	53.804999999999986
1100	12	1	99.06532663316581	89.55778894472358
1100	13	1	126.31999999999995	109.91999999999996
1100	14	1	120.37313432835822	146.12437810945278
1100	15	1	192.78	75.17500000000001
1100	16	1	84.22500000000001	40.82500000000001
1100	17	1	184.5899999999999	85.55500000000002
1100	18	1	105.10500000000003	144.43500000000003
1100	19	1	69.92000000000004	108.91500000000002
1100	20	1	11.656716417910456	81.77611940298506
1100	21	1	194.615	154.45
1100	22	1	122.30499999999994	73.87500000000006
1100	23	1	33.455	114.47999999999998
1100	24	1	105.10500000000005	161.9050000000001
1100	25	1	54.884999999999984	73.54
1100	26	1	18.949748743718615	77.02512562814071
1100	27	1	26.880000000000006	55.395
1100	28	1	69.58208955223883	123.20895522388055
1100	29	1	63.13000000000001	166.60000000000008
1100	30	1	124.465	159.645
1100	31	1	154.05999999999997	100.35500000000003
1100	32	1	98.51999999999995	153.1
1100	33	1	76.30348258706468	138.24875621890544
1100	34	1	40.25000000000001	150.33000000000004
1100	35	1	63.52736318407959	60.26865671641792
1100	36	1	114	132.49499999999998
1100	37	1	49.924623115577894	117.14572864321612
1100	38	1	68.77000000000001	69.52000000000002
1100	39	1	135.24499999999995	99.80499999999995
1100	40	1	49.78000000000003	147.1149999999998
1100	41	1	199.5427135678392	87.86934673366832
1100	42	1	65.62500000000003	46.97
1100	43	1	85.85	152.96500000000003
1100	44	1	49.245	127.39499999999998
1100	45	1	86.51499999999999	136.03500000000003
1100	46	1	84.6119402985075	167.4079601990051
1100	47	1	32.61500000000002	82.54999999999997
1100	48	1	149.76000000000005	90.15500000000004
1100	49	1	52.15499999999998	109.19999999999997
1100	50	1	2.5522388059701475	65.72139303482592
1100	51	1	164.31343283582083	79.6666666666667
1100	52	1	168.26499999999993	92.15000000000003
1100	53	1	32.41	94.21500000000002
1100	54	1	107.93499999999997	81.875
1100	55	1	38.09499999999998	135.51
1100	56	1	23.776119402985064	68.53233830845775
1100	57	1	75.55721393034825	168.4726368159204
1100	58	1	92.65999999999994	49.70999999999999
1100	59	1	128.03499999999994	129.84999999999988
1110	1	2	9.740000000000002	10.299999999999995
1110	2	2	10.120000000000005	99.88
1110	3	2	10.120000000000005	189.88
1110	4	2	99.85858585858585	10.141414141414142
1110	5	2	100.19	99.99
1110	6	2	100.12	189.88
1110	7	2	190.2164948453608	10.30927835051546
1110	8	2	190.1199999999999	100.12000000000003
1110	9	2	189.99999999999991	190
1110	10	1	178.2089552238806	74.6716417910447
1110	11	1	77.19900497512432	53.557213930348254
1110	12	1	98.48500000000003	89.97499999999995
1110	13	1	126.52500000000005	111.15500000000007
1110	14	1	119.55500000000002	146.56500000000008
1110	15	1	192.835	75.56499999999998
1110	16	1	85.39800995024876	41.25870646766171
1110	17	1	186.25125628140705	85.79899497487438
1110	18	1	105.18090452261306	144.73869346733673
1110	19	1	69.80402010050256	108.49246231155783
1110	20	1	11.199999999999998	81.55000000000005
1110	21	1	196.025	154.48
1110	22	1	120.92537313432841	74.60696517412936
1110	23	1	33.115000000000016	115.51500000000003
1110	24	1	104.74129353233833	162.1293532338308
1110	25	1	53.90547263681591	74.64676616915429
1110	26	1	18.435	76.38999999999996
1110	27	1	27.989949748743697	55.53266331658291
1110	28	1	70.33333333333337	123.09452736318406
1110	29	1	63.929999999999986	167.29
1110	30	1	125.13000000000004	159.26999999999992
1110	31	1	153.87437185929647	100.34170854271359
1110	32	1	98.26500000000004	152.98499999999999
1110	33	1	75.53	137.8999999999999
1110	34	1	40.17412935323385	149.76616915422886
1110	35	1	62.145	61.19000000000001
1110	36	1	113.87500000000001	131.95000000000013
1110	37	1	49.53000000000004	116.93999999999996
1110	38	1	67.80499999999996	69.55000000000003
1110	39	1	134.76884422110555	99.60804020100504
1110	40	1	50.236180904522584	147.7135678391959
1110	41	1	0.13065326633165755	89.05527638190951
1110	42	1	65.78	47.37000000000001
1110	43	1	86.10000000000001	153.56000000000003
1110	44	1	50.286432160804026	127.69346733668338
1110	45	1	86.66999999999997	136.47499999999994
1110	46	1	83.95024875621897	167.89054726368153
1110	47	1	31.35499999999999	83.60499999999998
1110	48	1	149.42786069651748	90.10945273631842
1110	49	1	52.319999999999986	109.38499999999998
1110	50	1	2.574999999999999	65.96999999999998
1110	51	1	164.58706467661696	79.67661691542287
1110	52	1	168.70854271356782	91.82412060301509
1110	53	1	32.84500000000003	95.18499999999997
1110	54	1	107.30499999999999	82.75500000000004
1110	55	1	38.91542288557214	134.55721393034835
1110	56	1	24.180000000000007	68.35500000000002
1110	57	1	75.18500000000002	167.6399999999999
1110	58	1	92.73000000000002	50.075
1110	59	1	127.47499999999998	130.6850000000001
1120	1	2	9.740000000000002	10.299999999999995
1120	2	2	10.120000000000005	99.88
1120	3	2	10.120000000000005	189.88
1120	4	2	99.85858585858585	10.141414141414142
1120	5	2	100.19	99.99
1120	6	2	100.12	189.88
1120	7	2	190.2164948453608	10.30927835051546
1120	8	2	190.1199999999999	100.12000000000003
1120	9	2	189.99999999999991	190
1120	10	1	177.70149253731347	75.65671641791054
1120	11	1	77.10552763819095	53.22110552763819
1120	12	1	98.33668341708537	90.43216080402011
1120	13	1	127.1094527363184	112.76616915422882
1120	14	1	119.14572864321609	147.20100502512562
1120	15	1	192.61691542288557	75.88059701492537
1120	16	1	87.03482587064674	41.039800995024876
1120	17	1	187.36500000000007	86.08499999999998
1120	18	1	105.34999999999995	145.0499999999999
1120	19	1	69.53999999999999	108.30500000000002
1120	20	1	10.758793969849247	81.46733668341712
1120	21	1	197.705	154.50499999999994
1120	22	1	119.51243781094523	74.90547263681596
1120	23	1	32.899999999999984	116.24000000000001
1120	24	1	104.72000000000001	162.235
1120	25	1	53.91499999999997	75.66000000000001
1120	26	1	18	76.06499999999998
1120	27	1	29.278606965174127	55.52238805970151
1120	28	1	71.50251256281408	123.8040201005025
1120	29	1	64.44	167.35999999999999
1120	30	1	125.77000000000007	158.73999999999987
1120	31	1	153.01492537313436	100.3283582089552
1120	32	1	98.18500000000002	152.79000000000005
1120	33	1	74.94	138.16000000000003
1120	34	1	40.049999999999976	148.60999999999996
1120	35	1	61.074626865671654	61.87064676616917
1120	36	1	113.88999999999999	131.47500000000014
1120	37	1	49.09950248756219	116.57213930348254
1120	38	1	67.10000000000005	69.64500000000002
1120	39	1	133.56716417910457	99.56218905472639
1120	40	1	50.90500000000002	148.18000000000012
1120	41	1	1.201005025125628	89.92462311557787
1120	42	1	66.02010050251255	48.3115577889447
1120	43	1	86.25499999999995	154.06500000000003
1120	44	1	50.86000000000003	127.71499999999995
1120	45	1	86.69500000000004	136.785
1120	46	1	83.69346733668341	167.59798994974864
1120	47	1	30.254999999999995	84.53499999999998
1120	48	1	148.69	89.88499999999998
1120	49	1	52.98492462311555	109.53768844221106
1120	50	1	2.76	66.03999999999999
1120	51	1	164.41000000000003	80.02500000000005
1120	52	1	168.76999999999998	91.80999999999995
1120	53	1	33.045	96.35000000000004
1120	54	1	106.41499999999999	83.35499999999998
1120	55	1	39.26	133.99499999999998
1120	56	1	24.15422885572141	68.23383084577117
1120	57	1	75.26130653266331	167.33668341708545
1120	58	1	92.69499999999991	49.96500000000001
1120	59	1	127.07537688442207	131.2060301507537
1130	1	2	9.740000000000002	10.299999999999995
1130	2	2	10.120000000000005	99.88
1130	3	2	10.120000000000005	189.88
1130	4	2	99.85858585858585	10.141414141414142
1130	5	2	100.19	99.99
1130	6	2	100.12	189.88
1130	7	2	190.2164948453608	10.30927835051546
1130	8	2	190.1199999999999	100.12000000000003
1130	9	2	189.99999999999991	190
1130	10	1	177.67000000000007	76.34499999999998
1130	11	1	77.03500000000001	52.465
1130	12	1	98.00000000000003	90.43500000000002
1130	13	1	127.51000000000005	113.68499999999997
1130	14	1	118.58291457286434	147.79899497487455
1130	15	1	192.65829145728642	76.2311557788945
1130	16	1	88.08000000000001	40.31000000000002
1130	17	1	187.99499999999992	86.47
1130	18	1	105.55000000000003	145.42999999999992
1130	19	1	69.45000000000006	108.225
1130	20	1	10.295	81.04499999999999
1130	21	1	198.93532338308458	154.31343283582092
1130	22	1	118.31999999999992	75.96500000000002
1130	23	1	32.585	117.205
1130	24	1	104.44500000000001	162.61
1130	25	1	53.50000000000004	76.47499999999998
1130	26	1	18.125000000000007	76.00000000000004
1130	27	1	30.457711442786056	55.552238805970134
1130	28	1	72.57	124.01499999999997
1130	29	1	64.95	168.075
1130	30	1	125.73366834170857	158.37688442211055
1130	31	1	152.13930348258702	100.02985074626865
1130	32	1	97.87999999999994	152.67000000000024
1130	33	1	73.60000000000001	137.625
1130	34	1	39.79899497487439	148.05527638190947
1130	35	1	59.47499999999999	62.965
1130	36	1	113.75999999999999	131.05499999999998
1130	37	1	48.934999999999995	116.26499999999997
1130	38	1	66.75499999999998	69.78500000000003
1130	39	1	132.26499999999996	99.51500000000003
1130	40	1	51.19000000000001	148.68500000000006
1130	41	1	2.522613065326634	90.34673366834174
1130	42	1	66.40499999999997	49.620000000000005
1130	43	1	86.044776119403	154.00995024875613
1130	44	1	50.824999999999996	127.72499999999998
1130	45	1	86.65499999999997	137.49999999999991
1130	46	1	83.46500000000005	168.00000000000003
1130	47	1	29.688442211055282	85.49246231155783
1130	48	1	148.45999999999995	89.88999999999994
1130	49	1	53.635	109.565
1130	50	1	2.845771144278608	66.13930348258711
1130	51	1	164.37	80.10500000000003
1130	52	1	168.94000000000003	91.67
1130	53	1	33.03980099502488	97.93034825870642
1130	54	1	105.795	83.20999999999997
1130	55	1	39.74000000000001	133.15500000000006
1130	56	1	24.07	67.84000000000002
1130	57	1	75.375	167
1130	58	1	92.28140703517587	50.04522613065327
1130	59	1	126.29499999999994	132.45500000000004
1140	1	2	9.740000000000002	10.299999999999995
1140	2	2	10.120000000000005	99.88
1140	3	2	10.120000000000005	189.88
1140	4	2	99.85858585858585	10.141414141414142
1140	5	2	100.19	99.99
1140	6	2	100.12	189.88
1140	7	2	190.2164948453608	10.30927835051546
1140	8	2	190.1199999999999	100.12000000000003
1140	9	2	189.99999999999991	190
1140	10	1	177.58999999999992	76.87
1140	11	1	77.19499999999995	52.06999999999999
1140	12	1	98.01005025125636	90.43216080402013
1140	13	1	128.435	115.37500000000006
1140	14	1	117.92964824120601	148.45226130653262
1140	15	1	192.905	76.42500000000008
1140	16	1	89.465	39.785000000000004
1140	17	1	188.73499999999996	86.66999999999996
1140	18	1	105.32000000000001	145.70000000000005
1140	19	1	69.16999999999999	108.76999999999995
1140	20	1	10.045	80.63
1140	21	1	0.3849999999999997	153.74
1140	22	1	117.2139303482587	77.13930348258708
1140	23	1	32.46000000000001	118.22500000000001
1140	24	1	104.20603015075375	162.61306532663326
1140	25	1	53.080000000000034	77.68999999999996
1140	26	1	18.095	75.39499999999991
1140	27	1	31.880000000000003	56.18000000000001
1140	28	1	73.31499999999994	124.15000000000008
1140	29	1	65.44	168.715
1140	30	1	125.79999999999995	157.795
1140	31	1	151.62500000000009	99.63500000000002
1140	32	1	97.31658291457286	152.60301507537704
1140	33	1	72.7035175879397	137.65326633165827
1140	34	1	39.89054726368159	146.7014925373134
1140	35	1	58.015	63.97
1140	36	1	113.64499999999998	131.40499999999994
1140	37	1	48.41999999999999	115.97499999999998
1140	38	1	66.01999999999997	70.18999999999997
1140	39	1	130.64999999999998	99.315
1140	40	1	51.31000000000002	149.42000000000007
1140	41	1	3.469999999999998	90.76499999999999
1140	42	1	66.94999999999999	51.46000000000001
1140	43	1	85.68000000000002	153.57
1140	44	1	50.98999999999999	127.81999999999998
1140	45	1	86.78500000000004	137.75000000000009
1140	46	1	83.66331658291459	168.12060301507535
1140	47	1	29.080000000000005	86.46999999999996
1140	48	1	147.50999999999993	90.16500000000003
1140	49	1	54.37499999999998	109.97999999999992
1140	50	1	2.964999999999998	66.075
1140	51	1	164.36683417085428	80.4221105527638
1140	52	1	169.38499999999982	91.53500000000003
1140	53	1	33.16999999999999	99.74499999999992
1140	54	1	104.88500000000002	82.90499999999997
1140	55	1	39.82914572864323	131.8140703517588
1140	56	1	24.360000000000003	67.425
1140	57	1	75.46499999999997	166.87
1140	58	1	92.125	50.15999999999999
1140	59	1	125.78499999999997	133.57000000000005
1150	1	2	9.740000000000002	10.299999999999995
1150	2	2	10.120000000000005	99.88
1150	3	2	10.120000000000005	189.88
1150	4	2	99.85858585858585	10.141414141414142
1150	5	2	100.19	99.99
1150	6	2	100.12	189.88
1150	7	2	190.2164948453608	10.30927835051546
1150	8	2	190.1199999999999	100.12000000000003
1150	9	2	189.99999999999991	190
1150	10	1	177.75000000000006	77.33500000000005
1150	11	1	77.45273631840799	51.55223880597015
1150	12	1	98.01507537688444	90.43718592964832
1150	13	1	129.273631840796	117.42288557213925
1150	14	1	117.47761194029846	149.28855721393037
1150	15	1	192.57	76.54000000000002
1150	16	1	91.07500000000002	39.249999999999986
1150	17	1	189.63316582914572	87.34170854271356
1150	18	1	105.49751243781093	146.13930348258705
1150	19	1	68.86	109.57500000000006
1150	20	1	9.640000000000004	80.31000000000003
1150	21	1	1.55721393034826	153.60199004975135
1150	22	1	116.04477611940297	77.59701492537314
1150	23	1	32.02985074626865	119.58208955223881
1150	24	1	104.07	162.87499999999994
1150	25	1	52.467336683417074	78.6331658291458
1150	26	1	18.169154228855717	75.31343283582089
1150	27	1	32.440000000000005	56.995
1150	28	1	74.55000000000008	124.15
1150	29	1	65.36	169.105
1150	30	1	125.935	156.98999999999995
1150	31	1	151.26999999999995	99.47999999999999
1150	32	1	96.73000000000002	152.00500000000002
1150	33	1	71.48500000000003	137.26500000000013
1150	34	1	39.53500000000003	145.4
1150	35	1	56.81	64.75999999999999
1150	36	1	113.44059405940597	131.83168316831674
1150	37	1	48.260000000000005	115.82000000000004
1150	38	1	65.58999999999999	70.42999999999996
1150	39	1	129.21999999999997	99.25000000000006
1150	40	1	51.30348258706468	149.98507462686575
1150	41	1	4.668341708542714	90.8190954773869
1150	42	1	67.2964824120603	53.070351758793954
1150	43	1	85.6281407035176	153.72864321608037
1150	44	1	50.92462311557788	127.93969849246231
1150	45	1	86.565	137.75500000000008
1150	46	1	83.72499999999998	168.32000000000002
1150	47	1	28.5771144278607	87.19402985074626
1150	48	1	146.54773869346747	90.44221105527639
1150	49	1	54.45	109.80999999999999
1150	50	1	3.3700000000000006	66.03999999999998
1150	51	1	164.24499999999995	80.87499999999996
1150	52	1	169.4399999999999	91.63
1150	53	1	33.47999999999998	101.22000000000001
1150	54	1	104.09547738693466	82.80402010050256
1150	55	1	39.805000000000014	130.94999999999996
1150	56	1	24.32999999999999	67.12999999999998
1150	57	1	75.16499999999996	166.3899999999999
1150	58	1	92.13500000000002	50.09500000000001
1150	59	1	125.79899497487436	134.85929648241202
1160	1	2	9.740000000000002	10.299999999999995
1160	2	2	10.120000000000005	99.88
1160	3	2	10.120000000000005	189.88
1160	4	2	99.85858585858585	10.141414141414142
1160	5	2	100.19	99.99
1160	6	2	100.12	189.88
1160	7	2	190.2164948453608	10.30927835051546
1160	8	2	190.1199999999999	100.12000000000003
1160	9	2	189.99999999999991	190
1160	10	1	177.79500000000002	77.61500000000002
1160	11	1	77.59	51.37499999999998
1160	12	1	98.21000000000002	90.38499999999999
1160	13	1	130.03482587064676	119.03980099502488
1160	14	1	117	149.57
1160	15	1	192.14070351758795	76.51256281407034
1160	16	1	92.54500000000002	39.36500000000002
1160	17	1	190.31155778894473	87.40703517587943
1160	18	1	105.46999999999997	146.83499999999995
1160	19	1	68.59000000000002	110.76999999999997
1160	20	1	9.14925373134328	79.83582089552236
1160	21	1	2.8955223880597014	153.2985074626866
1160	22	1	115.41293532338312	78.22885572139305
1160	23	1	31.419999999999995	121.36000000000003
1160	24	1	103.74500000000003	162.98
1160	25	1	52.23999999999998	79.75000000000004
1160	26	1	18.255000000000006	75.21499999999996
1160	27	1	33.150000000000006	57.645
1160	28	1	75.53	123.33999999999996
1160	29	1	65.23115577889448	169.13065326633165
1160	30	1	125.77386934673366	156.29648241206027
1160	31	1	150.11940298507454	99.52238805970151
1160	32	1	96.01999999999997	151.69500000000002
1160	33	1	70.56999999999998	136.96500000000003
1160	34	1	39.210000000000015	144.74999999999991
1160	35	1	55.300000000000004	65.46499999999997
1160	36	1	112.62500000000003	132.99499999999995
1160	37	1	47.73366834170854	115.44221105527637
1160	38	1	64.73999999999997	70.96000000000004
1160	39	1	127.89447236180904	99.8442211055277
1160	40	1	50.701492537313435	151.0597014925372
1160	41	1	5.3500000000000005	90.92499999999997
1160	42	1	67.38000000000004	54.645
1160	43	1	85.17171717171716	153.49494949494948
1160	44	1	50.67	128.225
1160	45	1	86.315	137.41500000000005
1160	46	1	83.66331658291455	168.38190954773881
1160	47	1	28.169999999999998	88.09
1160	48	1	146.10999999999996	90.775
1160	49	1	54.567164179104445	109.83084577114424
1160	50	1	4.1750000000000025	65.815
1160	51	1	163.86999999999998	81.17999999999999
1160	52	1	169.46499999999986	91.70999999999997
1160	53	1	33.720000000000006	102.44499999999998
1160	54	1	102.60500000000002	82.145
1160	55	1	39.68341708542716	130.43718592964836
1160	56	1	24.33	66.86000000000001
1160	57	1	75.01499999999994	166.51000000000002
1160	58	1	92.02000000000004	50.23500000000002
1160	59	1	125.60696517412939	135.90049751243768
1170	1	2	9.740000000000002	10.299999999999995
1170	2	2	10.120000000000005	99.88
1170	3	2	10.120000000000005	189.88
1170	4	2	99.85858585858585	10.141414141414142
1170	5	2	100.19	99.99
1170	6	2	100.12	189.88
1170	7	2	190.2164948453608	10.30927835051546
1170	8	2	190.1199999999999	100.12000000000003
1170	9	2	189.99999999999991	190
1170	10	1	177.98000000000002	77.95499999999998
1170	11	1	77.56	50.63500000000001
1170	12	1	98.18499999999997	90.31999999999994
1170	13	1	130.26	120.75999999999999
1170	14	1	116.58500000000001	149.92000000000002
1170	15	1	191.43283582089552	76.41791044776119
1170	16	1	94.05000000000001	39.19499999999998
1170	17	1	191.42	87.66499999999999
1170	18	1	105.45499999999996	147.06000000000003
1170	19	1	68.24875621890548	112.30348258706464
1170	20	1	8.935	79.16499999999995
1170	21	1	3.62189054726368	152.85074626865656
1170	22	1	114.82914572864324	78.92964824120592
1170	23	1	31.22000000000001	122.79999999999997
1170	24	1	103.72499999999995	163.01500000000007
1170	25	1	52.39	80.71999999999998
1170	26	1	18.522613065326627	74.66834170854273
1170	27	1	33.93532338308459	58.457711442786064
1170	28	1	75.88999999999994	122.52500000000002
1170	29	1	65.26500000000001	169.25499999999982
1170	30	1	125.79000000000003	155.94500000000002
1170	31	1	149.46999999999997	99.34500000000003
1170	32	1	95.48999999999995	151.38500000000005
1170	33	1	70.11499999999997	136.79499999999993
1170	34	1	39.515	144.20500000000013
1170	35	1	52.855	65.80499999999995
1170	36	1	112.38308457711439	133.68656716417897
1170	37	1	47.64500000000001	115.245
1170	38	1	64.22500000000001	71.15499999999999
1170	39	1	126.575	101.055
1170	40	1	50.040000000000006	151.935
1170	41	1	6.990000000000002	90.47
1170	42	1	66.84924623115573	56.834170854271356
1170	43	1	84.92964824120602	153.14572864321616
1170	44	1	50.76999999999998	128.79500000000007
1170	45	1	85.86000000000001	136.99500000000012
1170	46	1	83.86934673366831	168.62814070351763
1170	47	1	28.219999999999995	88.27
1170	48	1	145.57788944723617	91.11557788944728
1170	49	1	55.11500000000001	109.93999999999994
1170	50	1	4.301507537688443	65.96984924623116
1170	51	1	163.525	81.45500000000004
1170	52	1	169.51999999999998	91.51500000000003
1170	53	1	33.63500000000002	104.62
1170	54	1	100.97	81.46499999999997
1170	55	1	39.65999999999999	130.23999999999995
1170	56	1	24.51243781094527	66.14427860696516
1170	57	1	74.74626865671644	166.3681592039802
1170	58	1	91.54271356783926	50.60301507537689
1170	59	1	125.90547263681592	137.1094527363184
1180	1	2	9.740000000000002	10.299999999999995
1180	2	2	10.120000000000005	99.88
1180	3	2	10.120000000000005	189.88
1180	4	2	99.85858585858585	10.141414141414142
1180	5	2	100.19	99.99
1180	6	2	100.12	189.88
1180	7	2	190.2164948453608	10.30927835051546
1180	8	2	190.1199999999999	100.12000000000003
1180	9	2	189.99999999999991	190
1180	10	1	177.96499999999992	78.38000000000004
1180	11	1	77.51	50.69000000000001
1180	12	1	98.30150753768851	90.02010050251253
1180	13	1	130.5124378109453	122.0995024875622
1180	14	1	116.2935323383084	149.86069651741295
1180	15	1	191.02985074626866	76.4676616915423
1180	16	1	95.26000000000002	39.57999999999997
1180	17	1	192.83	87.55000000000003
1180	18	1	105.35000000000004	147.07500000000005
1180	19	1	68.05499999999994	114.30500000000004
1180	20	1	8.437185929648239	78.72361809045226
1180	21	1	4.1850000000000005	152.72000000000006
1180	22	1	114.33333333333337	79.54726368159201
1180	23	1	31.009950248756223	123.90049751243772
1180	24	1	103.66169154228852	162.76119402985066
1180	25	1	51.925000000000026	81.63500000000005
1180	26	1	18.525000000000006	74.34500000000001
1180	27	1	34.16500000000003	59.630000000000045
1180	28	1	76.73134328358209	121.26865671641796
1180	29	1	65.28000000000002	169.55500000000012
1180	30	1	125.75999999999995	155.7000000000001
1180	31	1	149.04522613065328	99.37688442211055
1180	32	1	94.65999999999998	150.9150000000001
1180	33	1	69.72000000000001	136.77000000000007
1180	34	1	39.00499999999998	143.64499999999998
1180	35	1	50.94527363184081	65.95522388059703
1180	36	1	112.71000000000005	134.26999999999998
1180	37	1	47.50753768844221	114.9899497487437
1180	38	1	63.79899497487437	71.30150753768842
1180	39	1	126.11442786069655	102.55721393034825
1180	40	1	49.37623762376237	152.25742574257427
1180	41	1	8.200000000000005	90.34000000000003
1180	42	1	66.06965174129347	58.079601990049724
1180	43	1	84.65	152.9449999999999
1180	44	1	50.28000000000004	129.74000000000004
1180	45	1	85.42000000000002	136.51999999999987
1180	46	1	83.85000000000004	167.93
1180	47	1	28.350000000000005	88.66500000000002
1180	48	1	144.96019900497518	91.52736318407963
1180	49	1	55.21608040201003	110.0402010050251
1180	50	1	4.389999999999999	65.89999999999995
1180	51	1	162.86	82.00500000000004
1180	52	1	169.75500000000005	91.34500000000004
1180	53	1	33.434999999999974	105.59499999999998
1180	54	1	99.72000000000004	80.855
1180	55	1	39.59000000000001	129.27000000000004
1180	56	1	24.44	65.83500000000006
1180	57	1	74.09499999999997	166.155
1180	58	1	91.62189054726373	50.88557213930346
1180	59	1	126.49	137.56500000000003
1190	1	2	9.740000000000002	10.299999999999995
1190	2	2	10.120000000000005	99.88
1190	3	2	10.120000000000005	189.88
1190	4	2	99.85858585858585	10.141414141414142
1190	5	2	100.19	99.99
1190	6	2	100.12	189.88
1190	7	2	190.2164948453608	10.30927835051546
1190	8	2	190.1199999999999	100.12000000000003
1190	9	2	189.99999999999991	190
1190	10	1	177.93499999999997	78.86000000000006
1190	11	1	77.41708542713565	50.25125628140703
1190	12	1	98.30845771144268	89.90049751243781
1190	13	1	130.69500000000002	123.35499999999999
1190	14	1	116.01507537688443	149.44723618090458
1190	15	1	190.58000000000004	75.97000000000001
1190	16	1	96.65000000000002	40.10499999999999
1190	17	1	193.585	87.305
1190	18	1	105.38190954773873	147.52261306532662
1190	19	1	68.07035175879395	115.51758793969847
1190	20	1	7.98507462686567	78.41293532338307
1190	21	1	4.455000000000001	151.60000000000008
1190	22	1	114.02487562189057	80.0298507462687
1190	23	1	30.57286432160804	125.15075376884414
1190	24	1	103.49	162.61999999999998
1190	25	1	51.78109452736319	83.11442786069655
1190	26	1	18.484999999999992	74.195
1190	27	1	34.43000000000001	59.93
1190	28	1	77.03482587064677	120.74129353233829
1190	29	1	65.21500000000006	169.46499999999997
1190	30	1	126.07462686567163	154.82089552238804
1190	31	1	148.50500000000005	99.54499999999999
1190	32	1	93.98	150.39999999999998
1190	33	1	69.41499999999996	137.09499999999994
1190	34	1	38.20100502512562	143.31155778894475
1190	35	1	49.76999999999998	66.51999999999995
1190	36	1	112.28855721393035	134.592039800995
1190	37	1	47.330000000000005	114.79000000000002
1190	38	1	63.02500000000003	71.67
1190	39	1	125.25499999999995	103.97000000000003
1190	40	1	48.58999999999999	152.4450000000001
1190	41	1	8.865	90.04500000000006
1190	42	1	65.605	59.335
1190	43	1	84.6331658291458	153.01005025125636
1190	44	1	49.70646766169153	130.68159203980105
1190	45	1	85.00502512562812	136.0653266331658
1190	46	1	83.80000000000001	168.06999999999996
1190	47	1	28.28000000000001	88.84
1190	48	1	144.17085427135675	92.06532663316581
1190	49	1	55.68999999999999	110.37
1190	50	1	4.824120603015071	65.8140703517588
1190	51	1	162.53999999999994	82.41499999999998
1190	52	1	169.565	91.315
1190	53	1	33.205000000000005	107.05500000000006
1190	54	1	98.71144278606965	80.48258706467666
1190	55	1	39.850000000000016	128.23999999999998
1190	56	1	24.20500000000001	65.11500000000002
1190	57	1	73.62	166.07499999999987
1190	58	1	91.61000000000001	51.42499999999998
1190	59	1	126.81499999999998	137.71000000000004
1200	1	2	9.740000000000002	10.299999999999995
1200	2	2	10.120000000000005	99.88
1200	3	2	10.120000000000005	189.88
1200	4	2	99.85858585858585	10.141414141414142
1200	5	2	100.19	99.99
1200	6	2	100.12	189.88
1200	7	2	190.2164948453608	10.30927835051546
1200	8	2	190.1199999999999	100.12000000000003
1200	9	2	189.99999999999991	190
1200	10	1	178.01990049751228	79.3333333333333
1200	11	1	77.62999999999997	49.874999999999986
1200	12	1	97.95999999999997	89.56500000000004
1200	13	1	130.7738693467336	123.94974874371859
1200	14	1	115.78894472361816	149.356783919598
1200	15	1	190.70499999999993	75.08999999999996
1200	16	1	98.28000000000002	41.160000000000004
1200	17	1	194.445	87.09
1200	18	1	105.24499999999995	147.84000000000006
1200	19	1	68.18592964824118	116.30653266331662
1200	20	1	7.454999999999999	77.99500000000006
1200	21	1	4.734999999999999	151.25000000000003
1200	22	1	113.55000000000003	80.62499999999999
1200	23	1	30.12	125.76499999999993
1200	24	1	103.62499999999994	162.27
1200	25	1	51.21999999999998	84.62999999999995
1200	26	1	18.64824120603016	74.1809045226131
1200	27	1	34.42000000000001	60.58999999999999
1200	28	1	77.41293532338307	119.35323383084578
1200	29	1	65.33499999999997	169.42999999999992
1200	30	1	126.57788944723617	153.52763819095478
1200	31	1	148.58499999999992	99.51499999999999
1200	32	1	93.04522613065328	149.54271356783917
1200	33	1	69.15999999999998	137.17499999999995
1200	34	1	37.505000000000024	143.0099999999999
1200	35	1	48.86567164179103	67.55721393034821
1200	36	1	112.13930348258708	134.79104477611938
1200	37	1	47.45999999999999	114.78500000000001
1200	38	1	62.55223880597013	71.75621890547264
1200	39	1	124.92039800995029	105.88557213930345
1200	40	1	47.69500000000002	152.39999999999998
1200	41	1	9.975124378109456	89.68159203980098
1200	42	1	65.60499999999999	60.240000000000016
1200	43	1	84.55999999999997	153.01500000000004
1200	44	1	49.19597989949748	131.57788944723615
1200	45	1	84.49748743718594	135.46733668341707
1200	46	1	83.97500000000002	167.90000000000006
1200	47	1	27.964999999999993	89.03000000000002
1200	48	1	142.95	92.43
1200	49	1	56.43000000000002	110.465
1200	50	1	5.705000000000003	65.47500000000007
1200	51	1	161.4649999999999	83.21499999999997
1200	52	1	169.48743718592956	91.15075376884423
1200	53	1	33.09500000000003	108.11500000000002
1200	54	1	98.32	79.99999999999996
1200	55	1	40.412060301507545	127.17085427135684
1200	56	1	23.935000000000002	63.88999999999998
1200	57	1	73.27499999999998	165.36000000000007
1200	58	1	91.91999999999997	51.92499999999999
1200	59	1	127.01005025125629	137.91959798994986
1210	1	2	9.740000000000002	10.299999999999995
1210	2	2	10.120000000000005	99.88
1210	3	2	10.120000000000005	189.88
1210	4	2	99.85858585858585	10.141414141414142
1210	5	2	100.19	99.99
1210	6	2	100.12	189.88
1210	7	2	190.2164948453608	10.30927835051546
1210	8	2	190.1199999999999	100.12000000000003
1210	9	2	189.99999999999991	190
1210	10	1	177.77500000000003	79.19499999999996
1210	11	1	78.06499999999994	49.34500000000001
1210	12	1	97.50999999999995	89.24499999999998
1210	13	1	131.61	124.95500000000004
1210	14	1	115.66499999999999	149.23000000000002
1210	15	1	190.47738693467338	74.58291457286435
1210	16	1	99.67499999999995	42.060000000000024
1210	17	1	194.95	86.92999999999996
1210	18	1	104.84000000000003	148.01999999999998
1210	19	1	68.47263681592041	116.7462686567164
1210	20	1	6.825870646766167	77.83582089552237
1210	21	1	4.71641791044776	150.26865671641792
1210	22	1	113.28282828282828	81.28787878787887
1210	23	1	29.60804020100503	126.22110552763813
1210	24	1	103.995	162.075
1210	25	1	50.04477611940299	85.66666666666666
1210	26	1	18.584999999999987	73.96500000000003
1210	27	1	34.50251256281411	60.66834170854271
1210	28	1	77.681592039801	118.44776119402987
1210	29	1	65.435	169.325
1210	30	1	127.57	152.32999999999996
1210	31	1	148.82412060301513	99.27135678391963
1210	32	1	92.29145728643206	148.99497487437185
1210	33	1	68.89000000000001	137.81999999999996
1210	34	1	36.305	142.5399999999999
1210	35	1	48.39000000000002	68.54
1210	36	1	111.7860696517413	134.93034825870637
1210	37	1	47.515000000000015	114.62500000000001
1210	38	1	61.37500000000003	71.63000000000002
1210	39	1	125.4776119402985	107.7313432835821
1210	40	1	46.754999999999995	152.23999999999992
1210	41	1	10.844999999999999	89.45500000000001
1210	42	1	65.69154228855723	60.75621890547265
1210	43	1	84.4900000000001	153.06500000000008
1210	44	1	48.844999999999985	132.47
1210	45	1	83.97499999999997	135.17499999999993
1210	46	1	84.05500000000004	167.93500000000017
1210	47	1	28.155000000000005	88.46500000000003
1210	48	1	141.35000000000014	92.75000000000007
1210	49	1	56.87	110.31500000000003
1210	50	1	5.665000000000003	65.575
1210	51	1	160.83499999999995	83.71499999999999
1210	52	1	169.71499999999992	90.78499999999995
1210	53	1	33.35499999999999	108.66999999999994
1210	54	1	98.29000000000002	79.52499999999999
1210	55	1	40.99000000000001	126.41999999999992
1210	56	1	23.844999999999995	63.48500000000003
1210	57	1	73.03000000000002	164.75999999999985
1210	58	1	91.84499999999998	52.13999999999999
1210	59	1	127.4070351758794	138.16080402010053
1220	1	2	9.740000000000002	10.299999999999995
1220	2	2	10.120000000000005	99.88
1220	3	2	10.120000000000005	189.88
1220	4	2	99.85858585858585	10.141414141414142
1220	5	2	100.19	99.99
1220	6	2	100.12	189.88
1220	7	2	190.2164948453608	10.30927835051546
1220	8	2	190.1199999999999	100.12000000000003
1220	9	2	189.99999999999991	190
1220	10	1	177.43000000000012	78.93499999999997
1220	11	1	78.2261306532663	49.11557788944723
1220	12	1	96.89447236180906	88.69849246231155
1220	13	1	132.54	126.25
1220	14	1	115.6231155778895	149.16080402010044
1220	15	1	190.4221105527639	73.94974874371862
1220	16	1	100.11442786069648	43.144278606965166
1220	17	1	195.04	86.78999999999996
1220	18	1	104.28140703517587	148.2211055276382
1220	19	1	68.845	116.82000000000001
1220	20	1	6.500000000000002	77.71500000000005
1220	21	1	5.184999999999999	149.07999999999996
1220	22	1	112.60199004975128	81.92039800995025
1220	23	1	28.58793969849246	127.49246231155772
1220	24	1	104.42000000000002	161.6699999999999
1220	25	1	49.245000000000005	86.72999999999998
1220	26	1	18.47499999999999	73.72500000000002
1220	27	1	34.855721393034806	61.02487562189056
1220	28	1	78.02985074626866	116.92039800995026
1220	29	1	65.72499999999998	169.65500000000011
1220	30	1	128.45000000000002	151.6149999999999
1220	31	1	149.18499999999992	99.07000000000001
1220	32	1	91.6683417085427	148.34673366834167
1220	33	1	68.36815920398008	138.3084577114428
1220	34	1	35.800000000000004	142.1349999999999
1220	35	1	48.55	70.145
1220	36	1	111.83500000000002	135.12499999999997
1220	37	1	47.88499999999998	115.10499999999999
1220	38	1	60.8894472361809	70.91457286432166
1220	39	1	125.89999999999998	110.34499999999998
1220	40	1	45.467336683417074	152.2462311557788
1220	41	1	11.724999999999998	89.08000000000003
1220	42	1	65.94000000000001	60.915
1220	43	1	84.43500000000006	152.90499999999992
1220	44	1	48.265000000000015	133.61499999999992
1220	45	1	83.17910447761196	134.4676616915423
1220	46	1	84.08999999999997	167.6100000000001
1220	47	1	28.415000000000003	88.35499999999996
1220	48	1	140.40500000000003	92.88000000000004
1220	49	1	57.58291457286434	110.22110552763824
1220	50	1	5.880000000000001	65.51500000000004
1220	51	1	160.3149999999999	84.07999999999993
1220	52	1	169.93532338308458	90.53233830845774
1220	53	1	33.63499999999997	109.45499999999998
1220	54	1	98.555	78.23000000000003
1220	55	1	41.10552763819097	125.98994974874374
1220	56	1	23.994999999999994	62.88000000000003
1220	57	1	73.01499999999999	164.525
1220	58	1	91.62999999999997	52.47999999999998
1220	59	1	127.60499999999998	138.34000000000003
1230	1	2	9.740000000000002	10.299999999999995
1230	2	2	10.120000000000005	99.88
1230	3	2	10.120000000000005	189.88
1230	4	2	99.85858585858585	10.141414141414142
1230	5	2	100.19	99.99
1230	6	2	100.12	189.88
1230	7	2	190.2164948453608	10.30927835051546
1230	8	2	190.1199999999999	100.12000000000003
1230	9	2	189.99999999999991	190
1230	10	1	176.96999999999989	78.50000000000001
1230	11	1	78.25	49.249999999999986
1230	12	1	95.46268656716423	88.04975124378109
1230	13	1	133.08499999999995	127.18000000000002
1230	14	1	115.87499999999999	148.67999999999995
1230	15	1	190.2	73.55500000000004
1230	16	1	100.26865671641794	44.55223880597014
1230	17	1	195.13	86.55499999999998
1230	18	1	103.5	148.44999999999996
1230	19	1	68.93000000000009	116.89500000000001
1230	20	1	6.201005025125628	77.6381909547739
1230	21	1	5.776119402985073	148.0049751243781
1230	22	1	111.605	83.03999999999999
1230	23	1	27.749999999999993	128.21999999999997
1230	24	1	105.40298507462687	161.17910447761193
1230	25	1	48.755	87.54499999999999
1230	26	1	18.31	73.59999999999998
1230	27	1	35.35500000000002	61.370000000000005
1230	28	1	78.145	116.72000000000003
1230	29	1	66.02985074626868	169.6666666666665
1230	30	1	129.6582914572864	151.12562814070364
1230	31	1	149.3100000000001	98.79000000000005
1230	32	1	91.13999999999999	147.74999999999991
1230	33	1	67.79601990049751	137.99502487562185
1230	34	1	35.522613065326645	141.64824120603012
1230	35	1	48.635000000000026	71.825
1230	36	1	111.67839195979897	135.2412060301507
1230	37	1	48.155	115.22500000000001
1230	38	1	60.09999999999999	70.18
1230	39	1	126.09000000000002	112.50999999999999
1230	40	1	44.29850746268659	152.42786069651743
1230	41	1	11.954999999999997	89.09000000000002
1230	42	1	65.78894472361807	60.89447236180904
1230	43	1	84.52999999999997	153.0200000000001
1230	44	1	48.11	134.48499999999996
1230	45	1	82.73500000000003	134.185
1230	46	1	83.84422110552765	167.20100502512574
1230	47	1	28.35820895522389	88.13432835820896
1230	48	1	139.58706467661685	93.22388059701493
1230	49	1	57.70999999999997	110.07499999999999
1230	50	1	5.920000000000001	65.40000000000003
1230	51	1	159.57499999999993	84.49000000000008
1230	52	1	170.14999999999998	90.14
1230	53	1	33.875621890547265	110.0646766169154
1230	54	1	98.95979899497488	77.17085427135677
1230	55	1	41.34158415841585	126.17821782178217
1230	56	1	24.040201005025118	62.28643216080402
1230	57	1	72.81592039800995	163.81592039801006
1230	58	1	91.37810945273627	52.43283582089552
1230	59	1	127.74000000000002	138.26999999999995
1240	1	2	9.740000000000002	10.299999999999995
1240	2	2	10.120000000000005	99.88
1240	3	2	10.120000000000005	189.88
1240	4	2	99.85858585858585	10.141414141414142
1240	5	2	100.19	99.99
1240	6	2	100.12	189.88
1240	7	2	190.2164948453608	10.30927835051546
1240	8	2	190.1199999999999	100.12000000000003
1240	9	2	189.99999999999991	190
1240	10	1	176.62999999999988	77.97499999999994
1240	11	1	78.80999999999999	49.029999999999994
1240	12	1	93.89949748743716	86.99497487437185
1240	13	1	133.94999999999996	128.27499999999995
1240	14	1	116.08	148.9449999999999
1240	15	1	189.9999999999999	73.71
1240	16	1	100.70149253731343	46.43781094527366
1240	17	1	195.18090452261308	86.68341708542718
1240	18	1	102.85929648241203	148.87437185929645
1240	19	1	69.12500000000001	116.985
1240	20	1	5.655000000000003	77.61999999999999
1240	21	1	5.939999999999998	148.00500000000002
1240	22	1	110.36000000000004	84.52
1240	23	1	26.96019900497511	129.03980099502488
1240	24	1	105.93034825870647	160.94527363184088
1240	25	1	47.64676616915421	88.69651741293535
1240	26	1	17.985	73.03999999999996
1240	27	1	35.80500000000003	61.685
1240	28	1	78.15499999999996	116.39499999999998
1240	29	1	66.58291457286435	169.8743718592964
1240	30	1	131.07462686567166	150.28855721393032
1240	31	1	149.4099999999999	98.615
1240	32	1	90.66331658291453	146.95477386934664
1240	33	1	67.82500000000003	137.77000000000007
1240	34	1	35.769999999999975	140.68500000000003
1240	35	1	48.67	73.075
1240	36	1	111.76	135.75500000000002
1240	37	1	48.08999999999998	114.96000000000001
1240	38	1	59.361809045226124	69.60301507537685
1240	39	1	127.1044776119403	114.09452736318407
1240	40	1	42.29145728643218	152.1256281407034
1240	41	1	12.681592039800991	88.66666666666671
1240	42	1	65.64824120603016	60.87437185929648
1240	43	1	84.46733668341712	152.9145728643216
1240	44	1	48.31499999999999	135.00499999999997
1240	45	1	82.145	133.46999999999983
1240	46	1	83.78000000000004	167.06999999999994
1240	47	1	28.580000000000016	87.97999999999998
1240	48	1	138.59701492537317	93.81094527363189
1240	49	1	58.225000000000016	109.95999999999997
1240	50	1	5.935000000000002	65.33000000000001
1240	51	1	158.6600000000001	85.11500000000004
1240	52	1	170.61499999999992	89.56000000000002
1240	53	1	34.239999999999995	110.28999999999999
1240	54	1	99.985	75.96500000000005
1240	55	1	41.715	125.79000000000005
1240	56	1	24.225000000000023	62.07499999999998
1240	57	1	72.73999999999994	163.58499999999998
1240	58	1	90.82	52.435000000000024
1240	59	1	127.51999999999997	138.21000000000006
1250	1	2	9.740000000000002	10.299999999999995
1250	2	2	10.120000000000005	99.88
1250	3	2	10.120000000000005	189.88
1250	4	2	99.85858585858585	10.141414141414142
1250	5	2	100.19	99.99
1250	6	2	100.12	189.88
1250	7	2	190.2164948453608	10.30927835051546
1250	8	2	190.1199999999999	100.12000000000003
1250	9	2	189.99999999999991	190
1250	10	1	176.04975124378106	77.681592039801
1250	11	1	79.37313432835825	49.19402985074628
1250	12	1	92.30348258706474	86.06467661691545
1250	13	1	134.87064676616922	129.1293532338309
1250	14	1	116.71499999999996	148.89000000000007
1250	15	1	189.72361809045228	73.70854271356784
1250	16	1	100.91499999999998	47.52500000000003
1250	17	1	195.13	86.64000000000007
1250	18	1	101.86934673366838	149.86934673366838
1250	19	1	68.95000000000002	117.28500000000005
1250	20	1	5.514999999999998	77.64999999999996
1250	21	1	6.105000000000001	147.80499999999998
1250	22	1	108.79601990049754	85.51741293532339
1250	23	1	26.145000000000014	129.9750000000001
1250	24	1	106.90999999999998	160.74000000000007
1250	25	1	46.65499999999997	89.82499999999996
1250	26	1	18.085	72.97999999999996
1250	27	1	36.487437185929664	62.23618090452262
1250	28	1	78.22000000000006	116.04500000000002
1250	29	1	67.01499999999999	170.11999999999995
1250	30	1	132.5349999999999	149.98000000000002
1250	31	1	149.85000000000008	98.425
1250	32	1	90.3366834170854	146.31155778894475
1250	33	1	67.71499999999997	137.48500000000004
1250	34	1	35.93034825870649	140.39303482587067
1250	35	1	48.72361809045226	73.93969849246234
1250	36	1	111.55721393034825	136.93034825870652
1250	37	1	48.1	114.99499999999995
1250	38	1	58.889999999999986	69.21999999999996
1250	39	1	128.14500000000004	115.14999999999996
1250	40	1	40.87562189054724	152.179104477612
1250	41	1	12.704999999999991	88.53500000000001
1250	42	1	65.50251256281409	60.89447236180904
1250	43	1	84.33000000000003	152.97999999999996
1250	44	1	48.22999999999999	135.38999999999996
1250	45	1	81.44221105527643	132.90452261306538
1250	46	1	83.74874371859303	167.02512562814073
1250	47	1	28.499999999999986	87.98500000000001
1250	48	1	137.63499999999993	94.28500000000003
1250	49	1	58.700000000000024	109.84999999999998
1250	50	1	5.995000000000001	65.455
1250	51	1	157.7412935323383	85.64179104477604
1250	52	1	170.929648241206	89.18090452261308
1250	53	1	34.30999999999999	111.42500000000001
1250	54	1	100.87500000000001	74.91000000000003
1250	55	1	41.80099502487562	125.63681592039802
1250	56	1	24.35175879396984	61.59296482412062
1250	57	1	72.59701492537307	163.19900497512444
1250	58	1	90.42500000000001	52.18999999999999
1250	59	1	127.30499999999996	138.14000000000007
1260	1	2	9.740000000000002	10.299999999999995
1260	2	2	10.120000000000005	99.88
1260	3	2	10.120000000000005	189.88
1260	4	2	99.85858585858585	10.141414141414142
1260	5	2	100.19	99.99
1260	6	2	100.12	189.88
1260	7	2	190.2164948453608	10.30927835051546
1260	8	2	190.1199999999999	100.12000000000003
1260	9	2	189.99999999999991	190
1260	10	1	175.93969849246233	77.26633165829143
1260	11	1	79.66500000000003	49.30500000000002
1260	12	1	91.60499999999999	85.05000000000001
1260	13	1	135.6915422885572	130.53233830845767
1260	14	1	117.02000000000002	148.78000000000011
1260	15	1	189.7200000000001	73.41
1260	16	1	101.19500000000002	47.949999999999974
1260	17	1	195.08	86.47999999999999
1260	18	1	101.18499999999996	150.82000000000005
1260	19	1	68.7236180904523	117.79899497487439
1260	20	1	5.442211055276382	77.643216080402
1260	21	1	6.235000000000001	147.47499999999997
1260	22	1	107.35820895522382	86.09452736318407
1260	23	1	25.265000000000004	131.21999999999997
1260	24	1	107.98000000000003	160.45499999999998
1260	25	1	45.631840796019866	91.11442786069652
1260	26	1	18.415	73.05499999999999
1260	27	1	37.20895522388061	63.00000000000003
1260	28	1	78.04500000000002	116.02499999999993
1260	29	1	67.47000000000006	170.2150000000001
1260	30	1	134.08955223880594	149.1990049751244
1260	31	1	150.6766169154229	97.92039800995026
1260	32	1	90.06965174129354	145.7014925373134
1260	33	1	67.21608040201005	137.50251256281405
1260	34	1	35.94499999999998	140.03999999999994
1260	35	1	48.98499999999998	75.31499999999996
1260	36	1	111.36363636363636	137.8383838383838
1260	37	1	47.86999999999997	114.83
1260	38	1	58.684999999999995	68.89500000000005
1260	39	1	129.10999999999999	117.04500000000002
1260	40	1	38.855000000000004	152.26000000000002
1260	41	1	12.850000000000003	88.41499999999994
1260	42	1	65.44999999999995	60.78499999999999
1260	43	1	84.37999999999997	153.24
1260	44	1	48.05000000000001	136.61
1260	45	1	81.0603015075377	132.63819095477382
1260	46	1	83.5450000000001	167.07500000000007
1260	47	1	28.542288557213947	87.99004975124376
1260	48	1	136.73500000000013	95.34499999999998
1260	49	1	59.28855721393035	109.66169154228854
1260	50	1	6.44	65.41499999999996
1260	51	1	157.105	85.99
1260	52	1	171.71356783919606	88.29648241206034
1260	53	1	34.565	112.54000000000002
1260	54	1	102.04975124378109	73.93532338308457
1260	55	1	41.84999999999999	125.67500000000005
1260	56	1	24.445	60.61999999999997
1260	57	1	72.03999999999998	162.27500000000003
1260	58	1	90.285	52.25499999999999
1260	59	1	126.68500000000004	138.19000000000003
1270	1	2	9.740000000000002	10.299999999999995
1270	2	2	10.120000000000005	99.88
1270	3	2	10.120000000000005	189.88
1270	4	2	99.85858585858585	10.141414141414142
1270	5	2	100.19	99.99
1270	6	2	100.12	189.88
1270	7	2	190.2164948453608	10.30927835051546
1270	8	2	190.1199999999999	100.12000000000003
1270	9	2	189.99999999999991	190
1270	10	1	176.04499999999982	77.21500000000006
1270	11	1	80.455	49.095000000000006
1270	12	1	90.63500000000002	83.79999999999998
1270	13	1	136.7150000000001	131.65500000000003
1270	14	1	117.46500000000002	148.745
1270	15	1	189.62000000000003	73.02999999999994
1270	16	1	101.69500000000004	48.49499999999999
1270	17	1	194.67336683417085	86.41206030150762
1270	18	1	100.38499999999999	151.81
1270	19	1	68.32500000000005	118.49000000000002
1270	20	1	5.577889447236182	77.91457286432164
1270	21	1	6.945000000000002	147.61500000000007
1270	22	1	105.74499999999998	86.40500000000007
1270	23	1	24.364999999999984	132.71500000000006
1270	24	1	108.82000000000002	160.09
1270	25	1	44.90500000000002	92.92499999999998
1270	26	1	18.924999999999997	73.15000000000003
1270	27	1	37.349999999999994	64.43000000000004
1270	28	1	77.90452261306531	115.96984924623118
1270	29	1	68.30000000000004	170.81000000000003
1270	30	1	135.12060301507535	148.7085427135679
1270	31	1	150.7700000000001	97.85499999999999
1270	32	1	90.46500000000003	144.40499999999992
1270	33	1	67.24120603015078	137.3266331658292
1270	34	1	36.225000000000016	139.64
1270	35	1	49.14572864321606	76.51758793969852
1270	36	1	110.845	138.33000000000004
1270	37	1	47.709999999999994	114.71500000000006
1270	38	1	57.29850746268658	68.41791044776127
1270	39	1	130.80099502487562	118.44776119402981
1270	40	1	37.21890547263681	152.26368159203983
1270	41	1	13.124999999999996	88.36500000000002
1270	42	1	65.70854271356782	60.608040201005025
1270	43	1	84.68500000000007	153.33999999999992
1270	44	1	47.93500000000002	137.6450000000001
1270	45	1	80.56000000000003	132.47500000000008
1270	46	1	83.315	166.63000000000014
1270	47	1	28.545000000000005	87.88499999999996
1270	48	1	135.49500000000003	96.30499999999995
1270	49	1	59.73499999999999	109.70000000000003
1270	50	1	6.695000000000002	65.69500000000004
1270	51	1	156.17171717171718	86.55555555555554
1270	52	1	171.47738693467338	87.9346733668342
1270	53	1	34.53000000000004	113.12499999999999
1270	54	1	103.35	73.06499999999996
1270	55	1	41.74500000000002	125.58499999999998
1270	56	1	24.653266331658294	60.422110552763826
1270	57	1	71.66500000000008	161.425
1270	58	1	90.53768844221108	52.25125628140705
1270	59	1	126.00502512562815	138.45226130653276
1280	1	2	9.740000000000002	10.299999999999995
1280	2	2	10.120000000000005	99.88
1280	3	2	10.120000000000005	189.88
1280	4	2	99.85858585858585	10.141414141414142
1280	5	2	100.19	99.99
1280	6	2	100.12	189.88
1280	7	2	190.2164948453608	10.30927835051546
1280	8	2	190.1199999999999	100.12000000000003
1280	9	2	189.99999999999991	190
1280	10	1	175.91000000000005	77.11
1280	11	1	81.01500000000009	48.7
1280	12	1	90.50251256281409	82.18090452261306
1280	13	1	138.14000000000013	132.7250000000001
1280	14	1	117.73499999999994	148.46999999999994
1280	15	1	189.47999999999996	73.025
1280	16	1	101.76500000000001	49.324999999999996
1280	17	1	194.23000000000002	86.36999999999999
1280	18	1	99.79899497487438	152.86432160804029
1280	19	1	68.10999999999997	119.06499999999997
1280	20	1	5.5900000000000025	77.79000000000002
1280	21	1	8.079999999999998	147.72000000000006
1280	22	1	104.48499999999996	85.98499999999999
1280	23	1	23.985000000000003	134.1499999999999
1280	24	1	109.83499999999995	159.57500000000007
1280	25	1	43.80402010050252	93.46733668341709
1280	26	1	19.631840796019894	73.1194029850746
1280	27	1	37.94000000000001	66.44999999999999
1280	28	1	77.84000000000003	115.735
1280	29	1	68.18000000000002	170.7800000000001
1280	30	1	136.14999999999995	148.18999999999997
1280	31	1	151.10050251256274	97.58291457286438
1280	32	1	90.90499999999997	143.37499999999997
1280	33	1	67.71	137.4400000000001
1280	34	1	36.345	139.14000000000004
1280	35	1	49.29999999999999	77.71500000000003
1280	36	1	110.34999999999995	138.96500000000003
1280	37	1	47.32999999999999	114.49500000000003
1280	38	1	55.560000000000024	67.81499999999998
1280	39	1	132.14427860696523	119.99502487562194
1280	40	1	36.08	152.11500000000007
1280	41	1	13.343283582089557	88.09452736318413
1280	42	1	65.47236180904524	60.69346733668343
1280	43	1	84.66000000000003	153.185
1280	44	1	47.86999999999998	139.59500000000003
1280	45	1	80.42999999999995	132.22500000000002
1280	46	1	82.84499999999996	165.91000000000003
1280	47	1	28.567839195979907	88.0603015075377
1280	48	1	134.34500000000008	97.605
1280	49	1	60.343283582089526	109.63681592039802
1280	50	1	6.880000000000002	65.72
1280	51	1	155.15499999999994	86.83000000000001
1280	52	1	171.1499999999999	87.58499999999998
1280	53	1	34.30500000000003	114.35499999999998
1280	54	1	104.54271356783917	72.65326633165836
1280	55	1	41.70500000000001	125.76000000000002
1280	56	1	25.17499999999999	60.32999999999999
1280	57	1	71.4	161.42499999999995
1280	58	1	90.67000000000004	52.44499999999999
1280	59	1	125.97512437810951	138.47761194029863
1290	1	2	9.740000000000002	10.299999999999995
1290	2	2	10.120000000000005	99.88
1290	3	2	10.120000000000005	189.88
1290	4	2	99.85858585858585	10.141414141414142
1290	5	2	100.19	99.99
1290	6	2	100.12	189.88
1290	7	2	190.2164948453608	10.30927835051546
1290	8	2	190.1199999999999	100.12000000000003
1290	9	2	189.99999999999991	190
1290	10	1	176.00499999999997	77.31000000000002
1290	11	1	81.60000000000007	48.36499999999998
1290	12	1	90.70999999999998	81.40499999999999
1290	13	1	138.8258706467662	133.492537313433
1290	14	1	117.97989949748741	148.28140703517582
1290	15	1	189.265	72.76
1290	16	1	102.625	50.224999999999994
1290	17	1	194.1	86.23000000000002
1290	18	1	99.13432835820893	153.2636815920398
1290	19	1	67.35678391959802	120.15075376884423
1290	20	1	5.620000000000001	77.69000000000003
1290	21	1	9.340000000000002	148.63499999999996
1290	22	1	103.48743718592962	85.09547738693466
1290	23	1	23.975	135.62999999999997
1290	24	1	110.29999999999995	159.03000000000003
1290	25	1	42.457711442786064	94.32338308457706
1290	26	1	20.265000000000008	73.02499999999999
1290	27	1	38.585	68.76499999999997
1290	28	1	77.43499999999992	115.90000000000002
1290	29	1	68.34673366834168	170.80904522613054
1290	30	1	136.4399999999999	148.3
1290	31	1	151.02999999999997	97.49000000000004
1290	32	1	91.39303482587067	141.60696517412936
1290	33	1	68.36	137.13500000000005
1290	34	1	36.379999999999995	138.545
1290	35	1	48.995000000000005	78.94999999999997
1290	36	1	110.185	139.23499999999996
1290	37	1	47.455000000000005	114.74
1290	38	1	53.80499999999999	67.08000000000008
1290	39	1	132.8955223880596	120.94029850746273
1290	40	1	33.95500000000001	151.77000000000004
1290	41	1	13.324999999999998	88.10499999999999
1290	42	1	65.67999999999998	60.95499999999998
1290	43	1	84.8606965174129	153.16417910447757
1290	44	1	47.949748743718594	141.1457286432161
1290	45	1	80.69154228855722	132.22885572139305
1290	46	1	82.10499999999992	164.88000000000002
1290	47	1	28.069999999999986	87.81499999999996
1290	48	1	133.2587064676617	98.4626865671642
1290	49	1	60.98009950248759	109.592039800995
1290	50	1	7.250000000000003	65.83499999999998
1290	51	1	154.4	87.28499999999998
1290	52	1	171.3249999999999	87.435
1290	53	1	34.31840796019897	114.97014925373126
1290	54	1	106.40500000000002	72.50999999999996
1290	55	1	41.63500000000001	126.11999999999999
1290	56	1	26.542288557213933	61.00000000000002
1290	57	1	71.375	161.37000000000003
1290	58	1	90.855	52.704999999999984
1290	59	1	125.91044776119404	138.5522388059701
1300	1	2	9.740000000000002	10.299999999999995
1300	2	2	10.120000000000005	99.88
1300	3	2	10.120000000000005	189.88
1300	4	2	99.85858585858585	10.141414141414142
1300	5	2	100.19	99.99
1300	6	2	100.12	189.88
1300	7	2	190.2164948453608	10.30927835051546
1300	8	2	190.1199999999999	100.12000000000003
1300	9	2	189.99999999999991	190
1300	10	1	175.84499999999994	77.38000000000001
1300	11	1	82.30499999999998	47.86
1300	12	1	91.36815920398017	80.43781094527361
1300	13	1	139.6616915422885	134.29850746268647
1300	14	1	118.12060301507533	148.34170854271352
1300	15	1	189.05499999999995	72.56000000000002
1300	16	1	104.11	50.51500000000001
1300	17	1	194.025	85.63
1300	18	1	98.24500000000003	153.71999999999994
1300	19	1	66.61691542288558	121.19402985074623
1300	20	1	5.755000000000001	77.53500000000001
1300	21	1	11.74	148.60000000000008
1300	22	1	102.7425742574257	84.60891089108914
1300	23	1	24.01492537313434	136.91044776119412
1300	24	1	110.68499999999999	158.775
1300	25	1	41.305000000000035	94.94999999999996
1300	26	1	21.040000000000006	72.63999999999999
1300	27	1	38.964999999999975	70.35
1300	28	1	77.06965174129347	116.08955223880596
1300	29	1	68.68000000000004	170.915
1300	30	1	137.29500000000004	148.16500000000005
1300	31	1	150.96000000000006	97.41500000000003
1300	32	1	92.09452736318406	139.70149253731353
1300	33	1	68.885	136.84500000000006
1300	34	1	36.565	137.90500000000003
1300	35	1	48.735	79.97499999999998
1300	36	1	109.07035175879398	140.40201005025122
1300	37	1	47.27860696517412	114.88059701492539
1300	38	1	52.50248756218906	66.51243781094527
1300	39	1	133.78109452736317	122.0149253731343
1300	40	1	32.48500000000001	151.71499999999997
1300	41	1	13.364999999999995	88.00000000000001
1300	42	1	65.83582089552236	61.1542288557214
1300	43	1	85.5	153.23999999999998
1300	44	1	47.94000000000002	142.875
1300	45	1	81.01492537313437	132.3880597014926
1300	46	1	81.50248756218909	164.08955223880602
1300	47	1	27.759999999999987	87.50499999999998
1300	48	1	132.19999999999993	98.92999999999996
1300	49	1	61.03999999999999	109.62500000000003
1300	50	1	8.090452261306531	65.9246231155779
1300	51	1	153.78500000000003	87.48500000000003
1300	52	1	171.01999999999992	87.56499999999997
1300	53	1	34.07000000000002	115.64500000000002
1300	54	1	107.63316582914577	72.79899497487432
1300	55	1	41.81909547738697	126.37185929648241
1300	56	1	27.874999999999986	61.180000000000014
1300	57	1	71.32499999999999	161.18499999999995
1300	58	1	91.18999999999997	52.580000000000005
1300	59	1	125.66999999999997	138.64499999999998
1310	1	2	9.740000000000002	10.299999999999995
1310	2	2	10.120000000000005	99.88
1310	3	2	10.120000000000005	189.88
1310	4	2	99.85858585858585	10.141414141414142
1310	5	2	100.19	99.99
1310	6	2	100.12	189.88
1310	7	2	190.2164948453608	10.30927835051546
1310	8	2	190.1199999999999	100.12000000000003
1310	9	2	189.99999999999991	190
1310	10	1	175.56218905472636	77.33830845771145
1310	11	1	83.15920398009946	47.3681592039801
1310	12	1	92.36000000000004	79.18000000000004
1310	13	1	140.6	134.8900000000001
1310	14	1	118.0150753768845	148.2412060301507
1310	15	1	188.41500000000005	72.22499999999998
1310	16	1	105.88944723618091	51.54271356783921
1310	17	1	193.56	84.95500000000001
1310	18	1	97.34000000000006	153.63500000000005
1310	19	1	66.29500000000006	122.23500000000003
1310	20	1	5.791044776119403	77.3134328358209
1310	21	1	12.905472636815922	148.8507462686566
1310	22	1	102.03517587939695	84.36180904522608
1310	23	1	24.38499999999999	137.80000000000004
1310	24	1	110.92000000000004	158.3650000000001
1310	25	1	40.194999999999986	95.62999999999998
1310	26	1	22.140703517587937	72.49246231155776
1310	27	1	39.754999999999995	71.74499999999999
1310	28	1	76.48499999999994	115.76
1310	29	1	68.67000000000002	170.82500000000002
1310	30	1	138.285	147.95499999999996
1310	31	1	151.2110552763819	97.35175879396984
1310	32	1	92.41500000000002	137.55000000000004
1310	33	1	69.51499999999996	136.83499999999998
1310	34	1	36.845771144278594	137.64179104477608
1310	35	1	48.25373134328359	81.12437810945269
1310	36	1	108.63000000000001	140.92499999999998
1310	37	1	47.74626865671643	115.41791044776119
1310	38	1	51.390000000000015	65.97999999999998
1310	39	1	134.53999999999982	123.50500000000005
1310	40	1	30.944999999999997	151.92999999999992
1310	41	1	13.035000000000002	88.10000000000001
1310	42	1	65.68499999999996	62.44000000000001
1310	43	1	85.56000000000002	152.61
1310	44	1	47.597014925373166	144.77114427860704
1310	45	1	81.41999999999996	132.69499999999994
1310	46	1	81.38999999999996	163.61500000000007
1310	47	1	26.949748743718594	87.07537688442204
1310	48	1	131.68999999999997	98.985
1310	49	1	61.169999999999995	109.64
1310	50	1	8.784999999999997	66.045
1310	51	1	152.86	87.91500000000002
1310	52	1	170.67499999999998	87.03
1310	53	1	34.00500000000002	116.53500000000001
1310	54	1	108.48743718592961	72.82914572864327
1310	55	1	41.97499999999998	126.54499999999999
1310	56	1	29.38999999999999	61.425000000000026
1310	57	1	71.36683417085426	161.27638190954778
1310	58	1	91.83499999999998	52.51500000000001
1310	59	1	125.78000000000002	138.80000000000004
1320	1	2	9.740000000000002	10.299999999999995
1320	2	2	10.120000000000005	99.88
1320	3	2	10.120000000000005	189.88
1320	4	2	99.85858585858585	10.141414141414142
1320	5	2	100.19	99.99
1320	6	2	100.12	189.88
1320	7	2	190.2164948453608	10.30927835051546
1320	8	2	190.1199999999999	100.12000000000003
1320	9	2	189.99999999999991	190
1320	10	1	175.73999999999995	77.38000000000001
1320	11	1	84.10999999999999	47.184999999999995
1320	12	1	92.915	78.13500000000003
1320	13	1	141.92499999999998	135.54000000000008
1320	14	1	118.63500000000003	147.99000000000007
1320	15	1	187.94029850746261	71.83582089552229
1320	16	1	107.61500000000004	52.015
1320	17	1	193.1492537313433	84.45771144278605
1320	18	1	96.825	153.40000000000003
1320	19	1	66.10050251256281	123.19095477386935
1320	20	1	5.758793969849247	77.16080402010053
1320	21	1	14.11	149.39499999999998
1320	22	1	100.955	84.49
1320	23	1	24.726368159203968	138.4427860696517
1320	24	1	111.19597989949753	157.92964824120608
1320	25	1	39.43718592964825	96.99999999999999
1320	26	1	22.954773869346745	72.61809045226137
1320	27	1	40.19500000000003	73.24000000000004
1320	28	1	75.80999999999999	115.48499999999997
1320	29	1	68.70000000000005	170.885
1320	30	1	139.41500000000005	147.68000000000004
1320	31	1	151.70646766169165	97.00497512437813
1320	32	1	92.66331658291458	136.17085427135683
1320	33	1	69.26633165829146	137.80402010050258
1320	34	1	37.22499999999999	137.3100000000001
1320	35	1	47.94500000000002	82.31999999999995
1320	36	1	108.21000000000002	141.59
1320	37	1	48.26368159203978	116.03482587064674
1320	38	1	50.706467661691555	65.47761194029846
1320	39	1	135.44278606965162	124.96019900497512
1320	40	1	29.125628140703515	151.94472361809036
1320	41	1	13.00497512437811	87.88059701492541
1320	42	1	65.59999999999997	63.34500000000007
1320	43	1	86.02499999999999	152.42
1320	44	1	46.219999999999985	146.80000000000004
1320	45	1	81.39698492462308	133.12562814070364
1320	46	1	81.375	163.485
1320	47	1	26.723618090452273	86.6180904522613
1320	48	1	130.88500000000005	99.69000000000004
1320	49	1	61.348258706467654	109.83084577114433
1320	50	1	9.285000000000002	66.19000000000003
1320	51	1	152.40499999999994	88.035
1320	52	1	170.53999999999994	86.86500000000002
1320	53	1	34.075	117.66000000000001
1320	54	1	108.68999999999998	72.89
1320	55	1	42.87939698492463	126.59296482412057
1320	56	1	30.67164179104478	61.84079601990049
1320	57	1	71.2	161.18000000000004
1320	58	1	92.61809045226131	52.648241206030136
1320	59	1	126.09045226130651	138.71356783919612
1330	1	2	9.740000000000002	10.299999999999995
1330	2	2	10.120000000000005	99.88
1330	3	2	10.120000000000005	189.88
1330	4	2	99.85858585858585	10.141414141414142
1330	5	2	100.19	99.99
1330	6	2	100.12	189.88
1330	7	2	190.2164948453608	10.30927835051546
1330	8	2	190.1199999999999	100.12000000000003
1330	9	2	189.99999999999991	190
1330	10	1	175.535	77.86000000000001
1330	11	1	84.60500000000002	47.19999999999999
1330	12	1	94.23	76.46000000000005
1330	13	1	142.93499999999992	135.95999999999992
1330	14	1	119.17499999999998	147.705
1330	15	1	186.7499999999999	71.295
1330	16	1	109.15422885572141	51.84079601990049
1330	17	1	193.075	83.295
1330	18	1	96.23999999999997	152.91499999999996
1330	19	1	65.05000000000003	123.88000000000001
1330	20	1	5.597989949748741	76.89949748743716
1330	21	1	14.044999999999998	150.21499999999992
1330	22	1	100.11940298507463	85.02985074626866
1330	23	1	25.250000000000004	139.58500000000004
1330	24	1	111.3532338308458	157.56716417910445
1330	25	1	38.99502487562187	99.04975124378107
1330	26	1	24.130653266331656	72.81909547738695
1330	27	1	41.61000000000001	74.00499999999995
1330	28	1	75.12935323383081	115.72636815920403
1330	29	1	68.5427135678392	170.58793969849248
1330	30	1	140.86069651741286	147.37810945273634
1330	31	1	152.57788944723623	96.49246231155782
1330	32	1	92.41499999999999	134.4700000000001
1330	33	1	69.13499999999998	137.88
1330	34	1	37.56218905472639	137.15920398009948
1330	35	1	47.517412935323364	83.25373134328362
1330	36	1	107.8	142.42999999999998
1330	37	1	48.57711442786069	117.07462686567168
1330	38	1	50.17910447761194	64.67661691542288
1330	39	1	135.80500000000006	126.065
1330	40	1	27.77000000000001	152.645
1330	41	1	13.030000000000005	87.26999999999992
1330	42	1	65.47	64.06000000000006
1330	43	1	86.075	152.01
1330	44	1	44.835820895522396	148.58706467661693
1330	45	1	81.54271356783919	133.4271356783919
1330	46	1	81.39999999999999	163.31000000000003
1330	47	1	26.384999999999998	86.22500000000001
1330	48	1	130.08040201005025	99.88944723618089
1330	49	1	61.27638190954771	110.40703517587939
1330	50	1	10.228855721393035	66.07960199004974
1330	51	1	151.7085427135679	88.36683417085426
1330	52	1	169.64500000000007	85.81500000000001
1330	53	1	33.760000000000005	118.60499999999999
1330	54	1	109.48499999999994	73.12500000000003
1330	55	1	43.21499999999999	127.235
1330	56	1	31.870646766169166	62.572139303482615
1330	57	1	71.04500000000003	160.70000000000005
1330	58	1	93.91044776119406	52.582089552238784
1330	59	1	126.46999999999998	138.86500000000004
1340	1	2	9.740000000000002	10.299999999999995
1340	2	2	10.120000000000005	99.88
1340	3	2	10.120000000000005	189.88
1340	4	2	99.85858585858585	10.141414141414142
1340	5	2	100.19	99.99
1340	6	2	100.12	189.88
1340	7	2	190.2164948453608	10.30927835051546
1340	8	2	190.1199999999999	100.12000000000003
1340	9	2	189.99999999999991	190
1340	10	1	175.7099999999999	78.02499999999999
1340	11	1	85.47738693467338	46.99497487437187
1340	12	1	95.18500000000002	75.12000000000005
1340	13	1	143.87499999999991	136.38500000000002
1340	14	1	120.04499999999999	147.3350000000001
1340	15	1	186.0200000000001	70.635
1340	16	1	111.04500000000003	51.495
1340	17	1	192.75	82.42000000000009
1340	18	1	96.09500000000001	152.16500000000005
1340	19	1	64.6039603960396	124.42079207920791
1340	20	1	5.154228855721393	76.53233830845764
1340	21	1	13.805	151.24500000000003
1340	22	1	98.85572139303486	85.63184079601989
1340	23	1	25.81407035175879	140.32663316582912
1340	24	1	111.47236180904521	157.2311557788945
1340	25	1	38.18407960199005	101.31343283582088
1340	26	1	25.05025125628141	73.08040201005029
1340	27	1	42.28643216080402	74.94974874371857
1340	28	1	74.43000000000008	115.84499999999998
1340	29	1	68.77500000000003	170.6
1340	30	1	141.79000000000008	147.74499999999998
1340	31	1	153.2049999999999	96.34999999999995
1340	32	1	91.88000000000002	133.14500000000004
1340	33	1	68.93034825870645	138.0945273631841
1340	34	1	38.23383084577116	137.00000000000003
1340	35	1	46.47738693467337	84.6030150753769
1340	36	1	107.41293532338308	143.18407960199
1340	37	1	49.41708542713567	118.00502512562805
1340	38	1	50.21499999999999	64.51500000000003
1340	39	1	135.29999999999998	127.30000000000003
1340	40	1	26.375000000000014	152.85
1340	41	1	12.985000000000001	86.99999999999999
1340	42	1	65.31840796019904	64.45273631840799
1340	43	1	86.36500000000005	152.20499999999998
1340	44	1	43.48756218905474	149.6069651741293
1340	45	1	81.50251256281405	133.85929648241202
1340	46	1	81.35175879396986	163.2311557788944
1340	47	1	26.37810945273632	86.13432835820895
1340	48	1	129.96499999999995	99.85
1340	49	1	61.105	110.40499999999999
1340	50	1	11.271356783919602	66.24623115577893
1340	51	1	151.23737373737382	88.50505050505053
1340	52	1	169.03980099502482	85.2537313432835
1340	53	1	33.35175879396986	119.44723618090445
1340	54	1	109.68844221105526	72.7386934673367
1340	55	1	43.37500000000001	127.24000000000001
1340	56	1	32.645000000000024	63.210000000000036
1340	57	1	70.84924623115573	159.94974874371857
1340	58	1	95.37313432835818	52.029850746268664
1340	59	1	127.02000000000007	139.07500000000002
1350	1	2	9.740000000000002	10.299999999999995
1350	2	2	10.120000000000005	99.88
1350	3	2	10.120000000000005	189.88
1350	4	2	99.85858585858585	10.141414141414142
1350	5	2	100.19	99.99
1350	6	2	100.12	189.88
1350	7	2	190.2164948453608	10.30927835051546
1350	8	2	190.1199999999999	100.12000000000003
1350	9	2	189.99999999999991	190
1350	10	1	175.89	78.3
1350	11	1	85.80999999999997	47.65500000000001
1350	12	1	95.94499999999998	73.65
1350	13	1	144.36683417085428	136.83417085427138
1350	14	1	120.52499999999999	147.2100000000001
1350	15	1	184.99499999999998	69.78999999999999
1350	16	1	112.69499999999998	51.04999999999999
1350	17	1	192.26500000000001	81.52000000000001
1350	18	1	95.96	151.55999999999997
1350	19	1	64.20100502512565	125.46231155778902
1350	20	1	4.099502487562189	75.97512437810946
1350	21	1	13.790000000000001	151.89
1350	22	1	97.21105527638193	85.82914572864317
1350	23	1	26.315	140.72000000000014
1350	24	1	111.52763819095476	157.2060301507536
1350	25	1	37.665	102.06999999999998
1350	26	1	25.42	73.57000000000001
1350	27	1	42.31343283582092	75.89552238805956
1350	28	1	73.4726368159204	115.85074626865675
1350	29	1	68.61306532663315	170.3165829145729
1350	30	1	142.7960199004975	147.7761194029851
1350	31	1	153.7450000000001	96.18000000000002
1350	32	1	91.69	132.19000000000005
1350	33	1	68.88000000000001	138.45999999999992
1350	34	1	38.80597014925372	137.32835820895514
1350	35	1	45.77499999999998	85.55499999999998
1350	36	1	107.25500000000001	144.18500000000003
1350	37	1	49.570000000000014	118.69499999999995
1350	38	1	50.35	64.31000000000002
1350	39	1	134.89552238805976	127.6268656716418
1350	40	1	24.959798994974875	153.30150753768837
1350	41	1	13.030000000000008	86.085
1350	42	1	65.055	64.705
1350	43	1	86.36180904522617	151.65829145728637
1350	44	1	42.159999999999975	150.535
1350	45	1	81.41293532338307	133.78606965174126
1350	46	1	81.56000000000002	163.19000000000003
1350	47	1	26.542288557213944	86.48756218905469
1350	48	1	129.18592964824123	100.19597989949742
1350	49	1	60.94974874371858	110.55778894472358
1350	50	1	12.810000000000006	66.02499999999995
1350	51	1	150.6532663316584	88.80904522613058
1350	52	1	168.55276381909556	84.8844221105527
1350	53	1	33.25628140703517	120.15075376884424
1350	54	1	109.94500000000001	72.29500000000003
1350	55	1	43.606965174129364	127.71641791044773
1350	56	1	33.7035175879397	64.26633165829143
1350	57	1	70.85572139303484	159.3681592039801
1350	58	1	96.975	51.975
1350	59	1	127.88000000000001	139.46999999999997
1360	1	2	9.740000000000002	10.299999999999995
1360	2	2	10.120000000000005	99.88
1360	3	2	10.120000000000005	189.88
1360	4	2	99.85858585858585	10.141414141414142
1360	5	2	100.19	99.99
1360	6	2	100.12	189.88
1360	7	2	190.2164948453608	10.30927835051546
1360	8	2	190.1199999999999	100.12000000000003
1360	9	2	189.99999999999991	190
1360	10	1	175.625	78.33000000000001
1360	11	1	86.68999999999998	47.639999999999986
1360	12	1	96.99000000000002	72.62
1360	13	1	144.73499999999999	137.52
1360	14	1	120.51500000000001	146.60999999999996
1360	15	1	184.9800995024876	69.57711442786069
1360	16	1	114.43999999999998	50.955000000000005
1360	17	1	191.645	80.79500000000006
1360	18	1	95.90452261306531	150.61809045226138
1360	19	1	63.99497487437185	125.60301507537694
1360	20	1	3.522388059701492	75.2587064676617
1360	21	1	13.474999999999996	152.89999999999986
1360	22	1	95.74999999999997	85.445
1360	23	1	27.190000000000005	141.53000000000011
1360	24	1	111.61999999999998	157.06000000000003
1360	25	1	37.05970149253733	103.05472636815925
1360	26	1	25.88000000000001	73.62000000000002
1360	27	1	42.32500000000001	76.71500000000007
1360	28	1	72.46999999999998	116.185
1360	29	1	68.36999999999998	169.83000000000007
1360	30	1	142.9850000000001	148.32999999999998
1360	31	1	154.32	96.20500000000004
1360	32	1	91.32499999999997	131.44999999999987
1360	33	1	68.63000000000002	139.14499999999992
1360	34	1	39.51500000000001	138.1699999999999
1360	35	1	45.11442786069651	86.46766169154225
1360	36	1	107.14572864321613	144.68341708542718
1360	37	1	49.45728643216081	118.91457286432158
1360	38	1	50.89949748743719	64.1155778894472
1360	39	1	134.72500000000002	128.04999999999995
1360	40	1	23.840796019900505	153.85572139303486
1360	41	1	13.040000000000008	85.31999999999998
1360	42	1	65.16500000000002	64.52499999999999
1360	43	1	86.19500000000002	151.5350000000001
1360	44	1	40.87499999999999	151.60500000000005
1360	45	1	81.17910447761193	133.48258706467655
1360	46	1	81.39500000000001	163.33000000000004
1360	47	1	26.685	86.34999999999997
1360	48	1	128.79500000000004	100.22999999999999
1360	49	1	60.87499999999997	110.16500000000002
1360	50	1	14.199999999999998	66.05999999999999
1360	51	1	149.73	89.15
1360	52	1	167.79999999999993	84.50999999999993
1360	53	1	33.25125628140704	121.60804020100502
1360	54	1	110.56	71.70499999999998
1360	55	1	44.140000000000015	128.26499999999993
1360	56	1	34.81500000000001	65.01500000000003
1360	57	1	70.67	158.47499999999997
1360	58	1	98.68499999999996	51.82999999999998
1360	59	1	128.52736318407955	139.5174129353234
1370	1	2	9.740000000000002	10.299999999999995
1370	2	2	10.120000000000005	99.88
1370	3	2	10.120000000000005	189.88
1370	4	2	99.85858585858585	10.141414141414142
1370	5	2	100.19	99.99
1370	6	2	100.12	189.88
1370	7	2	190.2164948453608	10.30927835051546
1370	8	2	190.1199999999999	100.12000000000003
1370	9	2	189.99999999999991	190
1370	10	1	175.84499999999997	78.81000000000003
1370	11	1	87.33000000000001	48.070000000000014
1370	12	1	98.40298507462693	71.33830845771142
1370	13	1	145.2288557213931	138.6119402985074
1370	14	1	121.0995024875622	146.12935323383087
1370	15	1	185.055	69.34499999999998
1370	16	1	116.13065326633166	50.778894472361806
1370	17	1	191.07462686567163	80.3681592039801
1370	18	1	95.64500000000004	149.60999999999996
1370	19	1	64.32663316582915	125.72864321608041
1370	20	1	2.645	74.29999999999997
1370	21	1	13.095	153.31999999999996
1370	22	1	93.56218905472632	85.14427860696519
1370	23	1	27.994974874371856	142.39195979899506
1370	24	1	112.28500000000001	156.52999999999992
1370	25	1	36.30500000000003	103.62500000000003
1370	26	1	26.045226130653266	74.12060301507537
1370	27	1	42.39698492462317	77.37688442211056
1370	28	1	71.48499999999996	116.32
1370	29	1	68.38999999999993	169.86000000000013
1370	30	1	143.63	148.77000000000012
1370	31	1	154.50000000000006	95.97500000000001
1370	32	1	90.84499999999998	130.8200000000001
1370	33	1	68.35678391959794	139.48743718592956
1370	34	1	40.34	139.335
1370	35	1	44.61999999999999	87.605
1370	36	1	106.69500000000001	145.29999999999998
1370	37	1	49.244999999999976	119.00999999999999
1370	38	1	51.345000000000006	63.82499999999998
1370	39	1	134.89500000000004	128.41
1370	40	1	22.80500000000002	154.22000000000014
1370	41	1	12.895522388059698	83.87562189054727
1370	42	1	65.15500000000002	64.645
1370	43	1	85.96499999999995	152.165
1370	44	1	39.7562189054726	152.44278606965176
1370	45	1	81.045	133.59999999999994
1370	46	1	81.24999999999997	163.51999999999992
1370	47	1	27.11557788944724	86.7587939698493
1370	48	1	128.11940298507466	100.19900497512434
1370	49	1	60.91499999999999	109.795
1370	50	1	15.865671641791042	65.90049751243782
1370	51	1	149.6464646464646	89.14141414141415
1370	52	1	166.92500000000004	83.905
1370	53	1	33.340000000000025	122.44499999999996
1370	54	1	110.72	71.08000000000001
1370	55	1	44.23	128.735
1370	56	1	35.60804020100503	65.85929648241209
1370	57	1	70.54773869346732	157.8592964824121
1370	58	1	100.76381909547742	51.54773869346732
1370	59	1	129.03500000000005	139.06499999999994
1380	1	2	9.740000000000002	10.299999999999995
1380	2	2	10.120000000000005	99.88
1380	3	2	10.120000000000005	189.88
1380	4	2	99.85858585858585	10.141414141414142
1380	5	2	100.19	99.99
1380	6	2	100.12	189.88
1380	7	2	190.2164948453608	10.30927835051546
1380	8	2	190.1199999999999	100.12000000000003
1380	9	2	189.99999999999991	190
1380	10	1	175.7250000000001	79.53000000000004
1380	11	1	88.22999999999999	48.57000000000001
1380	12	1	99.65999999999988	70.57499999999999
1380	13	1	145.59499999999989	139.65000000000012
1380	14	1	121.20500000000003	146.09999999999982
1380	15	1	184.98499999999996	69.35499999999995
1380	16	1	118.23000000000002	50.58500000000001
1380	17	1	190.4129353233831	80.1044776119403
1380	18	1	95.04522613065325	148.68341708542715
1380	19	1	64.325	126.015
1380	20	1	2.010050251256281	73.67839195979894
1380	21	1	12.55223880597015	154.29353233830844
1380	22	1	92.15920398009953	84.04975124378112
1380	23	1	28.580000000000005	143.29499999999993
1380	24	1	112.31499999999998	156.46999999999994
1380	25	1	35.54773869346733	103.87939698492465
1380	26	1	25.429999999999993	74.285
1380	27	1	42.84577114427859	77.79601990049751
1380	28	1	70.42288557213931	116.57711442786076
1380	29	1	67.97989949748745	169.42211055276388
1380	30	1	143.8341708542713	149.20100502512568
1380	31	1	154.68000000000004	96.10500000000003
1380	32	1	90.79899497487439	131.03517587939697
1380	33	1	68.2950000000001	139.98499999999999
1380	34	1	40.76262626262626	140.1212121212121
1380	35	1	44.31999999999998	88.42499999999994
1380	36	1	106.69154228855719	145.79104477611946
1380	37	1	49.23499999999998	119.08000000000001
1380	38	1	52.085427135678415	63.56783919597989
1380	39	1	135.82500000000007	128.36000000000007
1380	40	1	22.240000000000006	154.17500000000015
1380	41	1	12.432835820895518	82.76119402985073
1380	42	1	65.00500000000001	64.73000000000003
1380	43	1	86.37313432835819	153.24378109452738
1380	44	1	38.680000000000014	153.51000000000005
1380	45	1	80.73500000000001	133.22
1380	46	1	81.18905472636818	163.9402985074627
1380	47	1	27.09595959595959	86.9393939393939
1380	48	1	128.26500000000001	100.27999999999997
1380	49	1	60.83000000000001	109.05
1380	50	1	17.37	65.45500000000001
1380	51	1	149.45500000000004	89.17499999999998
1380	52	1	166.10000000000002	83.62500000000001
1380	53	1	33.31499999999999	123.75999999999996
1380	54	1	111.2985074626866	70.13432835820896
1380	55	1	44.29145728643215	129.0804020100504
1380	56	1	36.48999999999999	67.33500000000004
1380	57	1	70.34999999999995	157.08000000000004
1380	58	1	102.66336633663364	51.21782178217822
1380	59	1	129.41293532338304	138.71144278606957
1390	1	2	9.740000000000002	10.299999999999995
1390	2	2	10.120000000000005	99.88
1390	3	2	10.120000000000005	189.88
1390	4	2	99.85858585858585	10.141414141414142
1390	5	2	100.19	99.99
1390	6	2	100.12	189.88
1390	7	2	190.2164948453608	10.30927835051546
1390	8	2	190.1199999999999	100.12000000000003
1390	9	2	189.99999999999991	190
1390	10	1	175.94029850746278	80.52736318407952
1390	11	1	89.93532338308454	49.129353233830855
1390	12	1	100.38499999999998	69.9250000000001
1390	13	1	145.575	140.43500000000012
1390	14	1	121.17085427135676	145.91457286432163
1390	15	1	185.29000000000005	69.58999999999999
1390	16	1	119.99	50.81500000000001
1390	17	1	189.53	80.06499999999996
1390	18	1	94.53768844221106	147.58291457286427
1390	19	1	64.38999999999997	126.26500000000009
1390	20	1	1.7064676616915428	72.88557213930349
1390	21	1	12	154.8449999999999
1390	22	1	91.19306930693064	83.18316831683168
1390	23	1	28.92039800995025	143.7462686567165
1390	24	1	112.27000000000001	156.34499999999994
1390	25	1	35.43499999999999	104.14000000000004
1390	26	1	25.430000000000003	74.52000000000002
1390	27	1	43.305000000000014	77.84499999999997
1390	28	1	69.28855721393036	116.955223880597
1390	29	1	67.70499999999994	169.24500000000003
1390	30	1	143.745	149.59
1390	31	1	154.49999999999994	96.30000000000004
1390	32	1	90.61500000000002	130.95000000000002
1390	33	1	68.40404040404039	140.43939393939385
1390	34	1	41.414999999999985	140.87
1390	35	1	43.76616915422887	89.407960199005
1390	36	1	106.36499999999998	146.15000000000003
1390	37	1	49.075	119.30000000000001
1390	38	1	52.84999999999999	63.22000000000002
1390	39	1	136.32500000000005	128.62999999999997
1390	40	1	22.11	154.24500000000003
1390	41	1	11.97014925373134	81.24378109452736
1390	42	1	64.93499999999997	64.93999999999998
1390	43	1	87.035175879397	154.07035175879395
1390	44	1	37.98507462686568	154.46268656716424
1390	45	1	80.37500000000001	133.23499999999999
1390	46	1	80.89000000000006	163.9299999999999
1390	47	1	27.465	87.16
1390	48	1	128.22000000000003	100.26000000000003
1390	49	1	60.67661691542289	108.44278606965173
1390	50	1	18.58706467661693	64.95522388059696
1390	51	1	149.385	89.32499999999997
1390	52	1	165.19999999999996	83.21500000000002
1390	53	1	33.02999999999998	124.19000000000004
1390	54	1	111.41999999999999	69.97000000000003
1390	55	1	44.19095477386934	129.4824120603015
1390	56	1	37.144278606965166	67.7761194029851
1390	57	1	70.58	156.5649999999999
1390	58	1	104.35175879396988	51.532663316582905
1390	59	1	129.71500000000003	138.57500000000007
1400	1	2	9.740000000000002	10.299999999999995
1400	2	2	10.120000000000005	99.88
1400	3	2	10.120000000000005	189.88
1400	4	2	99.85858585858585	10.141414141414142
1400	5	2	100.19	99.99
1400	6	2	100.12	189.88
1400	7	2	190.2164948453608	10.30927835051546
1400	8	2	190.1199999999999	100.12000000000003
1400	9	2	189.99999999999991	190
1400	10	1	176.09499999999994	81.13999999999996
1400	11	1	91.1005025125628	50.36683417085429
1400	12	1	100.93500000000004	68.95500000000006
1400	13	1	146.175	140.88999999999996
1400	14	1	121.45999999999997	146.25000000000003
1400	15	1	185.15577889447238	69.64321608040206
1400	16	1	121.0497512437811	50.97512437810946
1400	17	1	188.68000000000012	80.105
1400	18	1	93.89054726368157	146.29850746268653
1400	19	1	64.98499999999997	126.53000000000002
1400	20	1	1.4700000000000006	71.70999999999998
1400	21	1	11.180000000000001	155.065
1400	22	1	90.42499999999994	81.84500000000004
1400	23	1	28.86567164179105	143.9651741293532
1400	24	1	112.49000000000007	156.51499999999993
1400	25	1	35.19500000000003	104.28500000000007
1400	26	1	25.209999999999997	74.99500000000003
1400	27	1	43.77386934673367	77.95979899497488
1400	28	1	68.19999999999999	117.37
1400	29	1	67.40999999999998	169.11000000000007
1400	30	1	143.41293532338315	149.8407960199005
1400	31	1	154.65500000000006	96.51000000000006
1400	32	1	90.52763819095479	131.05025125628134
1400	33	1	69.09547738693469	141.0150753768844
1400	34	1	41.99004975124377	142.02985074626864
1400	35	1	43.37499999999994	90.42500000000003
1400	36	1	106.26368159203975	146.56218905472647
1400	37	1	49.09	119.23000000000003
1400	38	1	53.434999999999995	62.8
1400	39	1	136.665	128.815
1400	40	1	21.610000000000003	154.28
1400	41	1	11.305	79.72500000000002
1400	42	1	64.681592039801	65.15422885572134
1400	43	1	88.08542713567843	154.90452261306535
1400	44	1	36.684999999999995	155.815
1400	45	1	79.81499999999998	133.3649999999999
1400	46	1	80.84577114427856	164.2985074626865
1400	47	1	27.830845771144272	87.41791044776123
1400	48	1	128.55499999999992	100.22499999999998
1400	49	1	60.3	107.72000000000001
1400	50	1	19.99499999999999	64.53
1400	51	1	149.47738693467332	89.37688442211056
1400	52	1	164.34500000000006	83.29499999999997
1400	53	1	33.26999999999998	124.74499999999999
1400	54	1	110.74874371859295	70.18592964824118
1400	55	1	44.13567839195979	130.04020100502518
1400	56	1	37.535000000000025	68.32000000000004
1400	57	1	71.05472636815927	156.0199004975125
1400	58	1	105.98507462686571	51.353233830845795
1400	59	1	129.985	138.42500000000004
1410	1	2	9.740000000000002	10.299999999999995
1410	2	2	10.120000000000005	99.88
1410	3	2	10.120000000000005	189.88
1410	4	2	99.85858585858585	10.141414141414142
1410	5	2	100.19	99.99
1410	6	2	100.12	189.88
1410	7	2	190.2164948453608	10.30927835051546
1410	8	2	190.1199999999999	100.12000000000003
1410	9	2	189.99999999999991	190
1410	10	1	176.26000000000008	81.80000000000003
1410	11	1	92.55778894472363	51.82412060301507
1410	12	1	101.55999999999992	67.66500000000003
1410	13	1	146.32	141.02499999999998
1410	14	1	121.54000000000012	146.555
1410	15	1	185.43499999999995	70.14
1410	16	1	122.47761194029849	50.70646766169152
1410	17	1	188.155	80.36000000000001
1410	18	1	92.86069651741296	145.64179104477603
1410	19	1	65.59798994974875	126.50251256281405
1410	20	1	1.6849999999999998	71.06499999999996
1410	21	1	9.96517412935323	156.69651741293532
1410	22	1	90.15499999999996	80.27000000000001
1410	23	1	29.08457711442787	144.51741293532342
1410	24	1	113.06499999999998	156.50500000000005
1410	25	1	35.025	103.94999999999997
1410	26	1	24.631840796019905	75.64676616915422
1410	27	1	43.88999999999997	78.12
1410	28	1	66.01499999999996	117.365
1410	29	1	66.67661691542284	168.8308457711445
1410	30	1	143.56783919597984	150.1859296482413
1410	31	1	154.81999999999996	96.37500000000006
1410	32	1	90.47499999999995	131.31500000000005
1410	33	1	69.43216080402014	140.9899497487437
1410	34	1	42.29499999999998	142.97500000000002
1410	35	1	43.09499999999998	91.33499999999997
1410	36	1	105.81909547738695	147.1005025125628
1410	37	1	48.85	119.02
1410	38	1	53.799999999999976	62.449999999999974
1410	39	1	136.97500000000008	128.96499999999997
1410	40	1	21.109452736318417	154.2288557213932
1410	41	1	11.195000000000002	78.48499999999999
1410	42	1	64.64000000000001	64.96499999999996
1410	43	1	89.44000000000004	156.05499999999998
1410	44	1	35.95522388059703	156.79104477611946
1410	45	1	79.46999999999997	133.5850000000001
1410	46	1	80.2238805970149	165.14427860696517
1410	47	1	27.623115577889454	87.76381909547737
1410	48	1	128.42999999999998	100.41000000000001
1410	49	1	59.324999999999996	106.46999999999998
1410	50	1	21.725000000000005	64.21499999999999
1410	51	1	149.49999999999997	89.32000000000001
1410	52	1	163.3333333333333	82.60696517412927
1410	53	1	33.395	125.41000000000001
1410	54	1	110.46999999999994	70.55999999999996
1410	55	1	44.004999999999995	130.2199999999999
1410	56	1	38.025125628140714	68.93467336683419
1410	57	1	71.65174129353227	155.23880597014931
1410	58	1	107.975	50.89999999999999
1410	59	1	130.07960199004975	138.5621890547263
1420	1	2	9.740000000000002	10.299999999999995
1420	2	2	10.120000000000005	99.88
1420	3	2	10.120000000000005	189.88
1420	4	2	99.85858585858585	10.141414141414142
1420	5	2	100.19	99.99
1420	6	2	100.12	189.88
1420	7	2	190.2164948453608	10.30927835051546
1420	8	2	190.1199999999999	100.12000000000003
1420	9	2	189.99999999999991	190
1420	10	1	176.21499999999995	82.21
1420	11	1	94.22000000000003	52.955
1420	12	1	101.83417085427128	67.10552763819095
1420	13	1	146.67839195979897	141.37688442211052
1420	14	1	121.63999999999999	146.50500000000002
1420	15	1	185.99000000000004	70.66999999999996
1420	16	1	123.66499999999996	51.240000000000016
1420	17	1	188.03	80.82
1420	18	1	91.85000000000004	145.59499999999989
1420	19	1	65.86432160804021	126.27135678391957
1420	20	1	2.080000000000001	69.87500000000003
1420	21	1	8.94029850746269	157.4179104477611
1420	22	1	90.07537688442217	78.9497487437186
1420	23	1	29.105000000000008	144.6
1420	24	1	114.13432835820895	156.6567164179104
1420	25	1	35.05999999999999	103.90500000000002
1420	26	1	24.125000000000014	76.23000000000002
1420	27	1	44.01000000000001	78.08499999999997
1420	28	1	64.31500000000001	117.20499999999997
1420	29	1	65.76884422110554	168.64824120603012
1420	30	1	143.57499999999996	150.4649999999999
1420	31	1	155	96.21608040201005
1420	32	1	90.27500000000002	131.92499999999995
1420	33	1	70.40000000000003	141.27
1420	34	1	42.189999999999976	143.76999999999998
1420	35	1	43.29500000000001	92.21499999999999
1420	36	1	105.75999999999998	147.25000000000006
1420	37	1	48.565000000000005	119.04500000000006
1420	38	1	54.38999999999999	62.05499999999999
1420	39	1	137.60000000000002	128.98499999999999
1420	40	1	20.72500000000001	154.04999999999993
1420	41	1	10.606965174129353	77.37313432835816
1420	42	1	64.55000000000001	64.84000000000003
1420	43	1	91.12935323383088	156.68656716417908
1420	44	1	34.749999999999986	157.26999999999984
1420	45	1	78.60000000000001	133.675
1420	46	1	78.85427135678398	165.24120603015066
1420	47	1	28.184999999999995	88.06999999999998
1420	48	1	128.41500000000002	100.57500000000005
1420	49	1	58.75499999999999	105.66999999999999
1420	50	1	23.640000000000004	63.97500000000001
1420	51	1	149.58	89.32500000000002
1420	52	1	162.7412935323382	82.26865671641792
1420	53	1	33.40499999999999	126.13500000000008
1420	54	1	109.94974874371862	71.04020100502511
1420	55	1	44.114999999999995	130.9400000000001
1420	56	1	38.09452736318408	69.13432835820893
1420	57	1	73.10447761194035	154.47761194029863
1420	58	1	109.35820895522396	50.74129353233828
1420	59	1	130.42000000000004	138.46000000000012
1430	1	2	9.740000000000002	10.299999999999995
1430	2	2	10.120000000000005	99.88
1430	3	2	10.120000000000005	189.88
1430	4	2	99.85858585858585	10.141414141414142
1430	5	2	100.19	99.99
1430	6	2	100.12	189.88
1430	7	2	190.2164948453608	10.30927835051546
1430	8	2	190.1199999999999	100.12000000000003
1430	9	2	189.99999999999991	190
1430	10	1	176.33000000000013	82.36000000000001
1430	11	1	95.00995024875621	54.124378109452714
1430	12	1	102.10000000000002	66.35500000000002
1430	13	1	147.22000000000008	141.51999999999995
1430	14	1	121.41999999999996	146.52500000000012
1430	15	1	186.3299999999999	70.82
1430	16	1	125.24623115577889	52.04522613065327
1430	17	1	188.2	80.98500000000001
1430	18	1	91.62500000000003	145.77499999999998
1430	19	1	65.95499999999997	125.73499999999997
1430	20	1	2.773869346733668	69.02512562814066
1430	21	1	8.014999999999999	158.23999999999992
1430	22	1	90.00000000000003	76.91959798994974
1430	23	1	29.2713567839196	144.72864321608037
1430	24	1	115.3681592039801	157.29850746268667
1430	25	1	35.11499999999997	103.725
1430	26	1	23.659999999999997	77.145
1430	27	1	43.50999999999999	78.22000000000006
1430	28	1	62.57500000000002	116.39999999999998
1430	29	1	64.79499999999999	168.07500000000002
1430	30	1	143.90049751243782	150.6616915422884
1430	31	1	154.97014925373134	96.1492537313433
1430	32	1	89.89000000000003	132.10999999999993
1430	33	1	70.89499999999998	141.45500000000004
1430	34	1	42.28500000000002	144.37
1430	35	1	43.48	93.23500000000006
1430	36	1	105.60999999999999	147.92999999999995
1430	37	1	48.42499999999998	119.16000000000001
1430	38	1	54.915000000000006	61.585
1430	39	1	137.98000000000005	128.85500000000002
1430	40	1	20.18592964824119	153.36180904522624
1430	41	1	9.83663366336633	76.38613861386136
1430	42	1	64.37499999999999	64.87500000000003
1430	43	1	92.51499999999999	157.2600000000001
1430	44	1	33.666666666666636	157.94527363184082
1430	45	1	77.58999999999999	133.7100000000001
1430	46	1	77.38190954773869	165.55778894472368
1430	47	1	28.09000000000001	88.73499999999997
1430	48	1	128.425	100.81999999999996
1430	49	1	57.82587064676616	104.64676616915422
1430	50	1	25.283582089552247	64.39800995024879
1430	51	1	149.80099502487573	88.93532338308461
1430	52	1	162.21105527638179	81.80904522613068
1430	53	1	33.67336683417086	126.64321608040208
1430	54	1	109.65000000000008	71.29999999999998
1430	55	1	44.313432835820905	131.22885572139316
1430	56	1	38.49499999999996	68.87499999999999
1430	57	1	74.12060301507537	154.35678391959803
1430	58	1	110.86500000000002	50.42499999999998
1430	59	1	130.9253731343284	138.45771144278615
1440	1	2	9.740000000000002	10.299999999999995
1440	2	2	10.120000000000005	99.88
1440	3	2	10.120000000000005	189.88
1440	4	2	99.85858585858585	10.141414141414142
1440	5	2	100.19	99.99
1440	6	2	100.12	189.88
1440	7	2	190.2164948453608	10.30927835051546
1440	8	2	190.1199999999999	100.12000000000003
1440	9	2	189.99999999999991	190
1440	10	1	176.08542713567837	82.81909547738687
1440	11	1	96.09950248756216	54.22885572139307
1440	12	1	102.78500000000007	65.40000000000008
1440	13	1	147.59296482412054	141.97487437185922
1440	14	1	121.27638190954777	146.06532663316594
1440	15	1	186.46231155778904	71.08542713567836
1440	16	1	127.37500000000004	53.205000000000005
1440	17	1	188.21	81.18
1440	18	1	91.31999999999996	146.03499999999994
1440	19	1	66.04000000000003	124.995
1440	20	1	3.363184079601987	68.3233830845771
1440	21	1	6.4449999999999985	159.50499999999994
1440	22	1	90.60499999999999	75.18999999999998
1440	23	1	29.572864321608044	144.9145728643216
1440	24	1	116.41	158.30999999999997
1440	25	1	35.415000000000006	103.91999999999999
1440	26	1	23.124378109452728	78.0149253731343
1440	27	1	43.205000000000005	78.34500000000001
1440	28	1	61.47999999999999	115.72
1440	29	1	63.429999999999986	166.78
1440	30	1	144.34499999999989	151.39999999999998
1440	31	1	154.92	96.13000000000002
1440	32	1	89.77500000000002	132.32999999999984
1440	33	1	71.35000000000004	141.42499999999995
1440	34	1	42.099999999999994	144.98999999999998
1440	35	1	43.64000000000001	93.36000000000003
1440	36	1	105.71356783919603	149.42211055276385
1440	37	1	48.29	119.20499999999997
1440	38	1	55.754999999999995	61.02999999999999
1440	39	1	138.42288557213917	128.8706467661692
1440	40	1	19.35	152.5550000000001
1440	41	1	9.770000000000001	75.81499999999997
1440	42	1	64.06999999999998	65.31999999999996
1440	43	1	93.23880597014923	157.78606965174137
1440	44	1	32.35	158.33500000000012
1440	45	1	77.16417910447763	133.92039800995036
1440	46	1	76.55999999999999	166.29500000000007
1440	47	1	28.25628140703517	89.53768844221105
1440	48	1	127.86069651741298	101.3333333333334
1440	49	1	56.57286432160806	103.87437185929649
1440	50	1	26.16500000000001	64.84000000000002
1440	51	1	149.55276381909553	88.88944723618086
1440	52	1	161.73869346733673	81.31155778894477
1440	53	1	33.98000000000002	126.73000000000005
1440	54	1	109.50499999999998	71.39500000000001
1440	55	1	44.84577114427861	132.25373134328348
1440	56	1	38.775000000000006	68.91000000000003
1440	57	1	74.9447236180905	154.62311557788948
1440	58	1	112.66666666666669	50.48258706467661
1440	59	1	131.30845771144266	138.26368159203966
1450	1	2	9.740000000000002	10.299999999999995
1450	2	2	10.120000000000005	99.88
1450	3	2	10.120000000000005	189.88
1450	4	2	99.85858585858585	10.141414141414142
1450	5	2	100.19	99.99
1450	6	2	100.12	189.88
1450	7	2	190.2164948453608	10.30927835051546
1450	8	2	190.1199999999999	100.12000000000003
1450	9	2	189.99999999999991	190
1450	10	1	175.7900000000001	83.09500000000001
1450	11	1	97.32999999999996	54.74500000000002
1450	12	1	103.225	64.885
1450	13	1	148.01000000000002	142.2549999999999
1450	14	1	121.69999999999999	145.59000000000015
1450	15	1	186.27500000000003	71.1
1450	16	1	128.94974874371866	53.994974874371835
1450	17	1	188.405	81.27000000000007
1450	18	1	91.14999999999995	146.3300000000001
1450	19	1	66.52000000000002	124.27500000000003
1450	20	1	3.969999999999999	67.82499999999999
1450	21	1	5.094999999999998	160.19500000000005
1450	22	1	91.05940594059406	73.19801980198022
1450	23	1	29.384999999999987	145.02000000000004
1450	24	1	117.15000000000003	158.42999999999992
1450	25	1	35.68500000000001	103.66500000000003
1450	26	1	22.55500000000001	79.32000000000001
1450	27	1	43.160804020100514	78.44221105527637
1450	28	1	60.826732673267344	115.2871287128713
1450	29	1	62.3	165.565
1450	30	1	145.26499999999993	151.93000000000004
1450	31	1	155.0449999999999	96.24000000000001
1450	32	1	89.85000000000004	132.84500000000003
1450	33	1	71.85499999999998	141.565
1450	34	1	41.63000000000001	145.36999999999986
1450	35	1	43.89949748743718	93.65326633165834
1450	36	1	105.86499999999995	150.18499999999992
1450	37	1	47.50746268656715	119.17412935323385
1450	38	1	56.025000000000006	60.98000000000003
1450	39	1	138.76381909547726	128.77386934673365
1450	40	1	18.605000000000004	152.5599999999999
1450	41	1	9.575000000000001	75.66999999999996
1450	42	1	63.68844221105526	65.87437185929647
1450	43	1	94.70646766169156	158.36318407960192
1450	44	1	31.205000000000002	158.55500000000006
1450	45	1	76.67661691542293	133.61691542288554
1450	46	1	75.29500000000003	166.60500000000002
1450	47	1	28.190000000000026	90.14499999999997
1450	48	1	127.67000000000002	102.015
1450	49	1	55.294999999999995	103.83999999999996
1450	50	1	26.555000000000003	65.36
1450	51	1	149.76119402985088	88.76119402985076
1450	52	1	161.35000000000008	80.93499999999995
1450	53	1	34.24499999999999	127.00999999999996
1450	54	1	109.52000000000001	71.21000000000002
1450	55	1	45.875621890547265	133.9850746268656
1450	56	1	38.57999999999998	69.46999999999998
1450	57	1	75.9203980099503	154.62686567164187
1450	58	1	114.38499999999999	50.67
1450	59	1	131.405	137.59499999999997
1460	1	2	9.740000000000002	10.299999999999995
1460	2	2	10.120000000000005	99.88
1460	3	2	10.120000000000005	189.88
1460	4	2	99.85858585858585	10.141414141414142
1460	5	2	100.19	99.99
1460	6	2	100.12	189.88
1460	7	2	190.2164948453608	10.30927835051546
1460	8	2	190.1199999999999	100.12000000000003
1460	9	2	189.99999999999991	190
1460	10	1	175.15500000000011	83.62500000000001
1460	11	1	99.05	54.204999999999984
1460	12	1	103.47000000000004	64.48999999999998
1460	13	1	147.95	142.92499999999995
1460	14	1	121.76999999999995	144.78499999999994
1460	15	1	186.22388059701484	71.11940298507466
1460	16	1	130.52499999999992	54.955000000000005
1460	17	1	188.4	81.20499999999998
1460	18	1	91.00995024875621	146.52736318407955
1460	19	1	66.60000000000002	123.02500000000002
1460	20	1	4.507462686567164	67.00497512437813
1460	21	1	3.9195979899497475	161.37185929648237
1460	22	1	91.20499999999997	71.66500000000003
1460	23	1	29.389999999999997	145.045
1460	24	1	118.11442786069657	158.40298507462677
1460	25	1	35.92	103.57499999999997
1460	26	1	21.686567164179092	80.76119402985074
1460	27	1	43.08500000000001	78.28999999999999
1460	28	1	59.73366834170854	114.3015075376885
1460	29	1	60.995	164.45000000000005
1460	30	1	146.28999999999994	152.975
1460	31	1	155.18000000000004	96.21499999999996
1460	32	1	89.63000000000001	132.985
1460	33	1	72.12	141.43999999999997
1460	34	1	41.46499999999997	145.6950000000001
1460	35	1	44.04999999999999	93.77499999999999
1460	36	1	106.14500000000002	151.36999999999995
1460	37	1	47.04499999999997	119.815
1460	38	1	56.419999999999995	60.84000000000002
1460	39	1	139.63316582914567	129.29145728643215
1460	40	1	17.330000000000002	153.0049999999999
1460	41	1	9.24	75.62999999999998
1460	42	1	63.59999999999999	66.11000000000003
1460	43	1	95.23383084577115	158.81592039801006
1460	44	1	29.487562189054724	158.37313432835825
1460	45	1	76.13930348258707	133.55223880597015
1460	46	1	74.15000000000002	166.95499999999993
1460	47	1	28.189999999999994	90.92500000000004
1460	48	1	127.18000000000004	102.54999999999997
1460	49	1	54.185929648241206	104.16582914572862
1460	50	1	26.764999999999997	66.70000000000005
1460	51	1	149.555	88.70999999999998
1460	52	1	160.77999999999992	80.11500000000001
1460	53	1	34.455000000000005	127.45500000000003
1460	54	1	109.22500000000001	71.37000000000005
1460	55	1	46.82089552238808	135.57213930348266
1460	56	1	38.56281407035178	69.92964824120607
1460	57	1	76.81500000000007	155.05500000000006
1460	58	1	116.49751243781094	51.24875621890549
1460	59	1	131.39500000000004	137.67499999999998
1470	1	2	9.740000000000002	10.299999999999995
1470	2	2	10.120000000000005	99.88
1470	3	2	10.120000000000005	189.88
1470	4	2	99.85858585858585	10.141414141414142
1470	5	2	100.19	99.99
1470	6	2	100.12	189.88
1470	7	2	190.2164948453608	10.30927835051546
1470	8	2	190.1199999999999	100.12000000000003
1470	9	2	189.99999999999991	190
1470	10	1	174.92999999999992	83.78999999999994
1470	11	1	100.20100502512562	53.603015075376874
1470	12	1	104.21890547263689	63.63681592039804
1470	13	1	148.375	143.50499999999997
1470	14	1	122.05500000000004	144.31000000000003
1470	15	1	185.9050000000001	71.31499999999998
1470	16	1	131.82914572864325	55.93467336683417
1470	17	1	188.735	81.11
1470	18	1	90.79000000000003	146.57500000000005
1470	19	1	66.31499999999998	121.84000000000006
1470	20	1	5.0600000000000005	66.54499999999999
1470	21	1	2.24	162.18499999999997
1470	22	1	91.735	69.96
1470	23	1	28.96000000000002	145.16500000000005
1470	24	1	118.49499999999999	157.95000000000002
1470	25	1	36.155000000000015	103.49999999999999
1470	26	1	21.407035175879404	81.78894472361813
1470	27	1	42.92499999999999	78.51499999999999
1470	28	1	58.98499999999997	113.69999999999997
1470	29	1	60.00999999999997	163.38500000000005
1470	30	1	146.8756218905473	153.67661691542284
1470	31	1	155.0750000000001	96.15999999999994
1470	32	1	89.24378109452734	133.0696517412936
1470	33	1	72.31999999999996	141.4299999999999
1470	34	1	41.22885572139305	146.05970149253724
1470	35	1	44.23115577889446	93.89447236180908
1470	36	1	106.585	152.185
1470	37	1	46.358208955223894	120.07462686567159
1470	38	1	56.705	60.83
1470	39	1	140.0804020100502	130.09045226130655
1470	40	1	16.115577889447238	153.84422110552762
1470	41	1	9.746268656716419	75.3333333333333
1470	42	1	63.03499999999998	66.655
1470	43	1	96.11999999999996	158.845
1470	44	1	28.54	157.89999999999995
1470	45	1	75.47000000000007	133.20499999999987
1470	46	1	73.33999999999995	166.84000000000006
1470	47	1	27.864321608040214	91.33668341708548
1470	48	1	125.94999999999995	103.65500000000002
1470	49	1	52.97	104.22500000000005
1470	50	1	27.070351758793976	67.32663316582912
1470	51	1	149.87499999999997	88.35500000000002
1470	52	1	160.42288557213917	79.4228855721393
1470	53	1	34.39999999999999	127.81500000000008
1470	54	1	109.14500000000001	71.32999999999998
1470	55	1	47.139999999999986	136.74999999999994
1470	56	1	38.39500000000003	70.34999999999998
1470	57	1	77.94499999999994	155.7900000000001
1470	58	1	117.87939698492465	51.52261306532667
1470	59	1	130.89999999999995	136.87
1480	1	2	9.740000000000002	10.299999999999995
1480	2	2	10.120000000000005	99.88
1480	3	2	10.120000000000005	189.88
1480	4	2	99.85858585858585	10.141414141414142
1480	5	2	100.19	99.99
1480	6	2	100.12	189.88
1480	7	2	190.2164948453608	10.30927835051546
1480	8	2	190.1199999999999	100.12000000000003
1480	9	2	189.99999999999991	190
1480	10	1	174.47999999999996	83.84999999999998
1480	11	1	101.57788944723622	52.71859296482414
1480	12	1	104.59000000000005	63.305000000000014
1480	13	1	149.23	144.19999999999996
1480	14	1	122.09950248756223	143.78606965174131
1480	15	1	185.41293532338307	71.70646766169153
1480	16	1	133.01492537313436	57.194029850746276
1480	17	1	190.07	81.32999999999996
1480	18	1	90.42500000000004	146.98000000000002
1480	19	1	65.67326732673271	121.03465346534661
1480	20	1	5.2700000000000005	66.03000000000004
1480	21	1	0.0796019900497522	162.68159203980107
1480	22	1	92.05970149253733	67.77611940298507
1480	23	1	29.075000000000003	145.37500000000009
1480	24	1	119.55000000000004	157.51500000000004
1480	25	1	36.4221105527638	103.31155778894468
1480	26	1	21.150000000000013	83.14000000000003
1480	27	1	43.1206030150754	78.36180904522608
1480	28	1	58.53000000000001	113.16499999999996
1480	29	1	58.99000000000001	162.94500000000002
1480	30	1	147.01492537313445	154.0298507462687
1480	31	1	155.63000000000005	96.08
1480	32	1	88.83500000000006	133.37
1480	33	1	72.53500000000001	141.65999999999988
1480	34	1	40.786069651741315	146.6616915422885
1480	35	1	44.55000000000003	93.505
1480	36	1	106.92964824120602	152.91959798994966
1480	37	1	46.266331658291435	120.5577889447236
1480	38	1	57.03500000000001	60.750000000000014
1480	39	1	140.09999999999997	130.71999999999997
1480	40	1	14.189054726368159	155.48756218905473
1480	41	1	10.175879396984925	75.31658291457293
1480	42	1	62.52499999999997	67.225
1480	43	1	97.52500000000003	159.46500000000012
1480	44	1	26.850746268656717	157.1940298507463
1480	45	1	75.02499999999998	132.78500000000008
1480	46	1	72.12626262626262	166.0353535353536
1480	47	1	27.67999999999999	92.21500000000002
1480	48	1	124.87939698492458	104.96984924623116
1480	49	1	52.460000000000015	104.30499999999999
1480	50	1	26.810000000000002	68.40500000000004
1480	51	1	150.06532663316577	88.32663316582912
1480	52	1	160.2199999999999	79.24000000000002
1480	53	1	34.56060606060606	127.96969696969695
1480	54	1	109.41499999999999	70.93499999999996
1480	55	1	47.309999999999995	137.28999999999994
1480	56	1	37.88500000000002	70.96500000000002
1480	57	1	78.99502487562194	156.74626865671644
1480	58	1	119.045	52.05499999999998
1480	59	1	130.875	136.44999999999993
1490	1	2	9.740000000000002	10.299999999999995
1490	2	2	10.120000000000005	99.88
1490	3	2	10.120000000000005	189.88
1490	4	2	99.85858585858585	10.141414141414142
1490	5	2	100.19	99.99
1490	6	2	100.12	189.88
1490	7	2	190.2164948453608	10.30927835051546
1490	8	2	190.1199999999999	100.12000000000003
1490	9	2	189.99999999999991	190
1490	10	1	174.47499999999997	84.445
1490	11	1	102.70149253731353	52.28855721393034
1490	12	1	104.84000000000002	63.15
1490	13	1	149.91999999999996	145.19500000000005
1490	14	1	122.27638190954777	143.0804020100502
1490	15	1	184.76616915422903	72.13432835820896
1490	16	1	133.5	58.410000000000004
1490	17	1	191.09452736318408	80.98507462686572
1490	18	1	89.96999999999997	147.50500000000002
1490	19	1	65.41206030150752	119.8492462311558
1490	20	1	5.708542713567841	65.33668341708544
1490	21	1	198.155	162.79500000000004
1490	22	1	92	66.45500000000003
1490	23	1	28.89000000000002	145.39999999999998
1490	24	1	120.62499999999994	157.29500000000002
1490	25	1	36.925	103.26499999999997
1490	26	1	20.975124378109463	84.1194029850746
1490	27	1	43.075	78.51000000000002
1490	28	1	58.044999999999995	112.60500000000003
1490	29	1	58.43499999999998	163.39999999999998
1490	30	1	147.39	154.69000000000008
1490	31	1	155.53000000000003	95.98500000000004
1490	32	1	88.40201005025132	133.94472361809053
1490	33	1	72.86000000000001	141.935
1490	34	1	40.615	146.96499999999995
1490	35	1	45.05970149253732	92.85074626865676
1490	36	1	107.31500000000003	153.3899999999999
1490	37	1	46.18000000000001	120.98500000000003
1490	38	1	56.889999999999986	60.830000000000005
1490	39	1	140.42499999999998	131.65
1490	40	1	12.949748743718594	156.40201005025136
1490	41	1	10.285000000000002	75.245
1490	42	1	62.15577889447235	67.62814070351763
1490	43	1	98.34000000000002	159.69000000000005
1490	44	1	25.616915422885565	156.7761194029851
1490	45	1	73.76000000000006	132.32999999999998
1490	46	1	71.41999999999996	165.50000000000006
1490	47	1	27.480000000000008	93.43500000000002
1490	48	1	123.63000000000004	106.64499999999998
1490	49	1	52.14499999999999	104.19499999999998
1490	50	1	26.606965174129364	69.40298507462688
1490	51	1	149.99999999999994	88.09547738693469
1490	52	1	160.23000000000008	79.105
1490	53	1	34.83919597989949	128.18090452261305
1490	54	1	109.68000000000004	70.4800000000001
1490	55	1	47.743718592964804	138.22613065326618
1490	56	1	37.52	71.43999999999996
1490	57	1	79.82499999999995	158.07999999999996
1490	58	1	120.03482587064681	52.53233830845771
1490	59	1	130.61691542288548	135.9850746268657
1500	1	2	9.740000000000002	10.299999999999995
1500	2	2	10.120000000000005	99.88
1500	3	2	10.120000000000005	189.88
1500	4	2	99.85858585858585	10.141414141414142
1500	5	2	100.19	99.99
1500	6	2	100.12	189.88
1500	7	2	190.2164948453608	10.30927835051546
1500	8	2	190.1199999999999	100.12000000000003
1500	9	2	189.99999999999991	190
1500	10	1	174.00999999999996	84.74999999999994
1500	11	1	103.1708542713568	52.01507537688443
1500	12	1	105.60999999999999	62.324999999999974
1500	13	1	150.6249999999999	146.2199999999999
1500	14	1	122.09000000000002	142.105
1500	15	1	183.94000000000003	72.59499999999996
1500	16	1	133.55499999999998	60.20999999999996
1500	17	1	191.8	80.35499999999998
1500	18	1	89.38190954773869	148.0251256281407
1500	19	1	64.83084577114428	118.25870646766167
1500	20	1	6.318407960199006	64.89054726368155
1500	21	1	196.25870646766168	162.72139303482578
1500	22	1	92.18999999999996	65.35
1500	23	1	28.735000000000007	145.83499999999998
1500	24	1	121.97500000000008	156.87500000000009
1500	25	1	37.429999999999986	103.10500000000009
1500	26	1	20.94500000000001	85.12000000000002
1500	27	1	43.29500000000003	78.68
1500	28	1	57.77889447236181	111.33668341708541
1500	29	1	57.95000000000002	164.01500000000001
1500	30	1	146.99499999999998	154.57
1500	31	1	155.47000000000008	95.97000000000003
1500	32	1	87.95049504950497	134.42079207920784
1500	33	1	73.23880597014931	141.9303482587064
1500	34	1	40.49253731343283	147.20895522388065
1500	35	1	45.0753768844221	92.35678391959799
1500	36	1	107.72499999999995	153.57000000000008
1500	37	1	46.02000000000002	121.33
1500	38	1	56.65829145728644	61.21608040201005
1500	39	1	140.62000000000003	132.935
1500	40	1	11.795000000000002	157.93499999999995
1500	41	1	10.741293532338306	75.36815920398006
1500	42	1	62.03000000000003	68.10500000000003
1500	43	1	99.21393034825876	159.68656716417908
1500	44	1	24.396984924623126	156.81407035175886
1500	45	1	72.62500000000003	131.27500000000003
1500	46	1	71.11940298507463	164.7860696517414
1500	47	1	26.994974874371852	94.18592964824121
1500	48	1	122.82000000000008	107.72499999999994
1500	49	1	51.59999999999999	103.59000000000003
1500	50	1	26.394999999999996	70.32000000000002
1500	51	1	150.2010050251257	88.00502512562812
1500	52	1	160.17499999999995	78.97499999999995
1500	53	1	34.98	128.20499999999987
1500	54	1	109.61499999999997	69.98999999999998
1500	55	1	48.054999999999964	138.8849999999999
1500	56	1	37.21393034825868	71.87562189054728
1500	57	1	80.8009950248756	158.88059701492537
1500	58	1	121.26500000000001	53.324999999999974
1500	59	1	130.27500000000006	134.85999999999999
1510	1	2	9.740000000000002	10.299999999999995
1510	2	2	10.120000000000005	99.88
1510	3	2	10.120000000000005	189.88
1510	4	2	99.85858585858585	10.141414141414142
1510	5	2	100.19	99.99
1510	6	2	100.12	189.88
1510	7	2	190.2164948453608	10.30927835051546
1510	8	2	190.1199999999999	100.12000000000003
1510	9	2	189.99999999999991	190
1510	10	1	173.99497487437182	85.57286432160801
1510	11	1	104.15500000000003	51.43500000000001
1510	12	1	106.11999999999999	61.93500000000003
1510	13	1	151.63184079601982	147.08955223880594
1510	14	1	121.70499999999998	141.38
1510	15	1	182.98000000000002	73.385
1510	16	1	134.35	62.155
1510	17	1	192.74371859296483	79.70351758793969
1510	18	1	89.06499999999994	148.50000000000003
1510	19	1	64.15422885572141	117.25373134328356
1510	20	1	7.020000000000002	64.05000000000003
1510	21	1	195.2089552238806	162.47761194029854
1510	22	1	92.60000000000001	64.13000000000007
1510	23	1	28.390000000000004	146.20000000000002
1510	24	1	122.825	156.39000000000001
1510	25	1	38.16999999999998	102.94500000000004
1510	26	1	20.84079601990051	85.88059701492536
1510	27	1	43.43283582089553	78.71641791044772
1510	28	1	58.14427860696519	110.26865671641795
1510	29	1	57.21999999999999	164.39500000000004
1510	30	1	147.18999999999994	154.67499999999998
1510	31	1	155.53000000000003	95.92499999999997
1510	32	1	87.1356783919598	135.47236180904534
1510	33	1	73.65000000000005	141.70999999999998
1510	34	1	39.844221105527645	147.93467336683418
1510	35	1	45.06999999999997	91.90999999999997
1510	36	1	107.855	153.6650000000001
1510	37	1	45.736318407960226	121.53233830845775
1510	38	1	56.580000000000034	61.374999999999986
1510	39	1	140.81999999999996	134.22500000000008
1510	40	1	10.339999999999996	158.81999999999994
1510	41	1	11.059999999999993	75.375
1510	42	1	61.73999999999999	68.63999999999999
1510	43	1	99.76999999999998	159.88000000000002
1510	44	1	23.16500000000001	156.84499999999986
1510	45	1	71.36180904522617	129.6381909547738
1510	46	1	71.29	163.92999999999992
1510	47	1	26.79000000000001	94.83999999999999
1510	48	1	122.40000000000006	108.625
1510	49	1	51.455	103.145
1510	50	1	26.206030150753765	70.98492462311555
1510	51	1	150.23999999999992	88.04
1510	52	1	160.29145728643223	79.15577889447236
1510	53	1	35.25500000000001	128.75500000000002
1510	54	1	109.92039800995029	69.67164179104475
1510	55	1	48.220000000000006	139.8550000000001
1510	56	1	37.129999999999995	72.14
1510	57	1	82.20398009950247	159.47263681592037
1510	58	1	122.23880597014922	54.42786069651743
1510	59	1	130.36999999999995	134.64000000000013
1520	1	2	9.740000000000002	10.299999999999995
1520	2	2	10.120000000000005	99.88
1520	3	2	10.120000000000005	189.88
1520	4	2	99.85858585858585	10.141414141414142
1520	5	2	100.19	99.99
1520	6	2	100.12	189.88
1520	7	2	190.2164948453608	10.30927835051546
1520	8	2	190.1199999999999	100.12000000000003
1520	9	2	189.99999999999991	190
1520	10	1	173.94029850746264	86.24378109452738
1520	11	1	105.36999999999995	51.260000000000005
1520	12	1	106.24499999999999	61.99500000000002
1520	13	1	153.17500000000007	148.06499999999997
1520	14	1	121.40499999999997	140.86500000000004
1520	15	1	182.3631840796019	74.07960199004977
1520	16	1	135.07999999999996	64.19999999999999
1520	17	1	193.7286432160804	78.4422110552764
1520	18	1	88.48756218905471	148.98507462686553
1520	19	1	63.46766169154228	116.51243781094526
1520	20	1	7.567839195979903	62.96482412060303
1520	21	1	194.895	162.55000000000004
1520	22	1	92.5422885572139	62.29850746268656
1520	23	1	27.865	146.42500000000015
1520	24	1	123.99500000000002	155.76999999999998
1520	25	1	38.809999999999995	102.84000000000005
1520	26	1	20.552763819095475	86.82914572864327
1520	27	1	43.435	79.07000000000002
1520	28	1	58.065000000000026	109.62
1520	29	1	56.696517412935314	164.89054726368144
1520	30	1	147.2750000000001	154.76500000000004
1520	31	1	155.77	95.72500000000001
1520	32	1	86.30845771144278	137.13930348258708
1520	33	1	73.27135678391961	141.57788944723617
1520	34	1	39.40999999999999	148.23
1520	35	1	45.025000000000006	91.49499999999996
1520	36	1	108.47999999999998	154.01500000000004
1520	37	1	45.345000000000006	122.36000000000003
1520	38	1	56.50500000000002	61.544999999999966
1520	39	1	141.31999999999988	135.83500000000004
1520	40	1	8.994974874371861	159.427135678392
1520	41	1	11.688442211055278	75.50753768844226
1520	42	1	61.64499999999999	69.03000000000002
1520	43	1	100.39000000000003	159.99000000000015
1520	44	1	22.09500000000001	157.225
1520	45	1	70.5124378109453	128.28358208955223
1520	46	1	71.45	163.8900000000001
1520	47	1	26.482587064676615	96.37313432835819
1520	48	1	121.68999999999997	109.735
1520	49	1	51.25000000000002	103.08000000000003
1520	50	1	26.19597989949749	71.8040201005025
1520	51	1	150.615	87.75
1520	52	1	160.245	79.04999999999995
1520	53	1	35.529999999999994	129.28999999999996
1520	54	1	110.42499999999995	68.91
1520	55	1	48.34170854271356	141.30150753768845
1520	56	1	37.06467661691542	73.00000000000003
1520	57	1	83.45000000000003	160.62000000000003
1520	58	1	123.78109452736315	55.23880597014927
1520	59	1	130.68159203980102	134.59701492537314
1530	1	2	9.740000000000002	10.299999999999995
1530	2	2	10.120000000000005	99.88
1530	3	2	10.120000000000005	189.88
1530	4	2	99.85858585858585	10.141414141414142
1530	5	2	100.19	99.99
1530	6	2	100.12	189.88
1530	7	2	190.2164948453608	10.30927835051546
1530	8	2	190.1199999999999	100.12000000000003
1530	9	2	189.99999999999991	190
1530	10	1	173.51758793969836	86.75376884422109
1530	11	1	106.57213930348261	50.78109452736317
1530	12	1	106.21105527638194	62.070351758793954
1530	13	1	154.753768844221	148.30653266331652
1530	14	1	121.11499999999995	140.3449999999999
1530	15	1	181.93999999999997	74.66999999999999
1530	16	1	136.04975124378126	66.4726368159205
1530	17	1	194.47761194029852	77.4029850746269
1530	18	1	87.47000000000003	149.57500000000005
1530	19	1	62.49	116.11999999999998
1530	20	1	8.572139303482583	62.05970149253732
1530	21	1	194.715	162.88500000000008
1530	22	1	92.87999999999997	60.24499999999999
1530	23	1	26.726368159204004	146.7810945273631
1530	24	1	124.74500000000005	155.53999999999994
1530	25	1	38.965000000000025	102.9350000000001
1530	26	1	20.075	87.83500000000001
1530	27	1	42.88	79.54500000000003
1530	28	1	58.174129353233845	108.93034825870646
1530	29	1	56.38308457711444	165.65174129353233
1530	30	1	147.56500000000005	154.8299999999999
1530	31	1	155.96500000000006	95.53000000000003
1530	32	1	85.44500000000004	138.33499999999998
1530	33	1	73.01500000000003	140.4149999999999
1530	34	1	38.74371859296486	148.55276381909545
1530	35	1	44.839999999999996	91.35999999999997
1530	36	1	108.85499999999999	154.17499999999998
1530	37	1	45.06467661691545	123.17910447761194
1530	38	1	56.08542713567839	61.984924623115546
1530	39	1	141.74	137.35499999999985
1530	40	1	8.064999999999998	159.43500000000003
1530	41	1	11.869346733668348	75.97487437185926
1530	42	1	61.649999999999984	69.57500000000005
1530	43	1	100.64500000000004	159.65000000000003
1530	44	1	21.54500000000001	157.87999999999994
1530	45	1	69.47000000000001	126.64999999999999
1530	46	1	71.53768844221108	163.28140703517587
1530	47	1	26.089552238805982	97.79601990049754
1530	48	1	120.91999999999999	110.88000000000008
1530	49	1	51.216080402010064	102.90452261306535
1530	50	1	26.07000000000002	72.95999999999995
1530	51	1	150.44500000000002	87.76500000000001
1530	52	1	160.41	79.16000000000004
1530	53	1	35.64500000000001	129.6250000000001
1530	54	1	110.91542288557226	68.08457711442786
1530	55	1	48.17587939698493	142.75376884422107
1530	56	1	36.88499999999999	73.20499999999997
1530	57	1	84.17	161.715
1530	58	1	125.10999999999993	55.87000000000002
1530	59	1	130.8656716417911	133.73631840796023
1540	1	2	9.740000000000002	10.299999999999995
1540	2	2	10.120000000000005	99.88
1540	3	2	10.120000000000005	189.88
1540	4	2	99.85858585858585	10.141414141414142
1540	5	2	100.19	99.99
1540	6	2	100.12	189.88
1540	7	2	190.2164948453608	10.30927835051546
1540	8	2	190.1199999999999	100.12000000000003
1540	9	2	189.99999999999991	190
1540	10	1	173.325	87.32999999999998
1540	11	1	107.73500000000004	50.33999999999999
1540	12	1	106.03000000000002	62.09999999999998
1540	13	1	156.79104477611935	148.10945273631842
1540	14	1	120.73631840796021	140.79601990049767
1540	15	1	181.93532338308464	75.35820895522384
1540	16	1	136.2338308457713	68.40796019900495
1540	17	1	195.575	76.35500000000002
1540	18	1	86.87500000000003	150.06500000000003
1540	19	1	61.8	116.13000000000002
1540	20	1	9.695000000000002	61.375
1540	21	1	194.62	162.78499999999997
1540	22	1	93.20398009950246	58.59203980099501
1540	23	1	25.427860696517413	146.7661691542288
1540	24	1	125.83999999999997	155.155
1540	25	1	39.250000000000014	102.93500000000007
1540	26	1	19.935000000000002	89.09
1540	27	1	42.40404040404041	79.95959595959592
1540	28	1	58.47000000000002	108.32499999999996
1540	29	1	56.550000000000026	166.22000000000003
1540	30	1	147.67164179104475	154.8905472636816
1540	31	1	156.00502512562824	95.3517587939698
1540	32	1	84.76616915422888	139.34328358208953
1540	33	1	72.48241206030153	139.48241206030147
1540	34	1	37.99004975124379	148.59203980099497
1540	35	1	44.69499999999998	91.16999999999997
1540	36	1	109.32000000000005	154.15
1540	37	1	45.26368159203982	124.11940298507463
1540	38	1	55.81	62.37999999999999
1540	39	1	142.53960396039597	139.54455445544556
1540	40	1	7.235000000000004	159.90000000000003
1540	41	1	12.359999999999992	76.59499999999998
1540	42	1	61.39999999999999	70.29499999999996
1540	43	1	100.75	159.07999999999996
1540	44	1	20.532338308457717	158.43781094527367
1540	45	1	69.20398009950252	125.7860696517413
1540	46	1	71.30499999999999	162.485
1540	47	1	26.044776119402993	99.11940298507467
1540	48	1	120.79	111.625
1540	49	1	51.279999999999994	102.98000000000003
1540	50	1	25.81909547738695	74.01507537688444
1540	51	1	150.53499999999994	87.575
1540	52	1	160.56281407035175	79.18592964824118
1540	53	1	35.90452261306533	130.4522613065326
1540	54	1	111.73631840796014	67.34328358208958
1540	55	1	48.06435643564357	144.38613861386133
1540	56	1	36.63499999999999	73.46499999999995
1540	57	1	84.82500000000005	162.2700000000001
1540	58	1	126.08500000000004	56.79
1540	59	1	131.29850746268653	133.0298507462686
1550	1	2	9.740000000000002	10.299999999999995
1550	2	2	10.120000000000005	99.88
1550	3	2	10.120000000000005	189.88
1550	4	2	99.85858585858585	10.141414141414142
1550	5	2	100.19	99.99
1550	6	2	100.12	189.88
1550	7	2	190.2164948453608	10.30927835051546
1550	8	2	190.1199999999999	100.12000000000003
1550	9	2	189.99999999999991	190
1550	10	1	173.0949999999999	87.98000000000003
1550	11	1	108.77999999999999	50.26499999999999
1550	12	1	105.66500000000006	62.27999999999999
1550	13	1	158.40000000000003	147.0999999999999
1550	14	1	120.36999999999999	140.85499999999993
1550	15	1	181.99502487562197	76.50248756218902
1550	16	1	136.63366336633663	69.84653465346534
1550	17	1	196.4825870646766	74.72139303482588
1550	18	1	86.35000000000001	150.5549999999998
1550	19	1	61.06000000000001	116.52499999999999
1550	20	1	10.475000000000001	61.339999999999996
1550	21	1	194.64000000000001	163.015
1550	22	1	93.61194029850742	56.93532338308459
1550	23	1	23.45	146.79999999999995
1550	24	1	126.23	154.57
1550	25	1	39.195000000000014	102.36000000000003
1550	26	1	19.255000000000006	90.26499999999997
1550	27	1	41.98500000000002	80.30500000000002
1550	28	1	58.68999999999998	108.05999999999999
1550	29	1	57.31500000000002	166.66500000000005
1550	30	1	148.07462686567166	154.51243781094533
1550	31	1	156.04999999999995	95.31499999999997
1550	32	1	84.04000000000002	140.04999999999993
1550	33	1	72.195	138.48999999999998
1550	34	1	37.195000000000014	148.805
1550	35	1	45.03482587064677	90.82089552238807
1550	36	1	109.65326633165827	154.2010050251257
1550	37	1	45.62500000000003	125.43000000000002
1550	38	1	55.601990049751244	62.58208955223881
1550	39	1	142.94527363184088	140.78109452736314
1550	40	1	6.405000000000003	160.76999999999995
1550	41	1	13.130000000000004	77.45500000000001
1550	42	1	61.23115577889449	71.32663316582916
1550	43	1	101.115	158.87000000000003
1550	44	1	19.663316582914586	158.64824120603015
1550	45	1	68.92537313432837	124.97014925373134
1550	46	1	71.0452261306533	161.6532663316583
1550	47	1	26.079601990049763	100.25870646766167
1550	48	1	120.78499999999987	112.74999999999997
1550	49	1	50.97989949748745	103.50753768844223
1550	50	1	25.860696517412944	74.72636815920394
1550	51	1	150.56999999999988	87.18
1550	52	1	160.7149999999998	79.30000000000003
1550	53	1	36.60500000000002	131.3300000000001
1550	54	1	112.6381909547739	66.52261306532661
1550	55	1	47.949999999999974	146.69999999999996
1550	56	1	36.57000000000003	73.66499999999999
1550	57	1	85.4676616915423	162.4925373134328
1550	58	1	127.32500000000003	57.650000000000006
1550	59	1	132.3383084577114	132.63184079601993
1560	1	2	9.740000000000002	10.299999999999995
1560	2	2	10.120000000000005	99.88
1560	3	2	10.120000000000005	189.88
1560	4	2	99.85858585858585	10.141414141414142
1560	5	2	100.19	99.99
1560	6	2	100.12	189.88
1560	7	2	190.2164948453608	10.30927835051546
1560	8	2	190.1199999999999	100.12000000000003
1560	9	2	189.99999999999991	190
1560	10	1	173.07499999999996	88.70500000000004
1560	11	1	109.67499999999995	50.60500000000001
1560	12	1	104.69000000000003	62.50000000000001
1560	13	1	159.5699999999999	146.01000000000016
1560	14	1	119.3316582914573	141.02010050251255
1560	15	1	181.91499999999988	77.63499999999999
1560	16	1	136.44000000000005	71.79500000000003
1560	17	1	197.005	73.69000000000001
1560	18	1	86.15577889447238	150.73366834170852
1560	19	1	60.724999999999994	116.58000000000003
1560	20	1	11.479999999999995	61.390000000000015
1560	21	1	194.65	162.8749999999999
1560	22	1	93.84422110552765	54.88442211055276
1560	23	1	22.125000000000004	147.17499999999998
1560	24	1	126.51500000000003	153.71999999999997
1560	25	1	38.90000000000002	101.75000000000001
1560	26	1	19.668341708542705	90.81909547738692
1560	27	1	41.81499999999998	80.29499999999993
1560	28	1	58.33500000000001	107.83000000000006
1560	29	1	58.535000000000004	167.66500000000005
1560	30	1	148.44499999999994	154.14
1560	31	1	156.02512562814078	95.19095477386935
1560	32	1	82.88499999999999	139.86499999999995
1560	33	1	71.69000000000003	138.04000000000005
1560	34	1	36.470000000000006	149.02
1560	35	1	45.290000000000006	90.48
1560	36	1	110.52763819095482	154.4472361809046
1560	37	1	45.93499999999999	126.05499999999998
1560	38	1	55.31000000000001	62.835
1560	39	1	143.03015075376874	141.87939698492463
1560	40	1	5.94	160.65000000000006
1560	41	1	13.004999999999999	78.08499999999997
1560	42	1	61.495	72.25999999999996
1560	43	1	100.52499999999998	157.97000000000006
1560	44	1	18.819999999999993	159.605
1560	45	1	69.16582914572868	124.37185929648244
1560	46	1	70.59999999999995	161.2
1560	47	1	26.07499999999999	101.54499999999999
1560	48	1	120.39303482587071	114.34328358208953
1560	49	1	50.69849246231155	103.572864321608
1560	50	1	25.597989949748747	75.48743718592962
1560	51	1	150.54	86.90500000000004
1560	52	1	160.85500000000002	79.14999999999996
1560	53	1	37.75879396984926	132.67839195979914
1560	54	1	113.5671641791045	65.53233830845774
1560	55	1	48.09045226130652	148.54271356783923
1560	56	1	36.46500000000003	73.60000000000002
1560	57	1	85.765	162.815
1560	58	1	128.51256281407038	58.60804020100501
1560	59	1	133.30348258706465	132.50248756218903
1570	1	2	9.740000000000002	10.299999999999995
1570	2	2	10.120000000000005	99.88
1570	3	2	10.120000000000005	189.88
1570	4	2	99.85858585858585	10.141414141414142
1570	5	2	100.19	99.99
1570	6	2	100.12	189.88
1570	7	2	190.2164948453608	10.30927835051546
1570	8	2	190.1199999999999	100.12000000000003
1570	9	2	189.99999999999991	190
1570	10	1	173.1859296482412	89.41206030150748
1570	11	1	110.60696517412934	50.87064676616918
1570	12	1	104.26000000000006	62.470000000000006
1570	13	1	160.33000000000004	145.01000000000002
1570	14	1	118.28358208955228	141.20398009950253
1570	15	1	182.36999999999986	78.67
1570	16	1	136.1641791044776	73.12437810945272
1570	17	1	197.8	72.845
1570	18	1	86.02000000000001	151.0049999999999
1570	19	1	60.67000000000003	116.48000000000006
1570	20	1	12.605000000000002	61.325000000000024
1570	21	1	194.81	162.65999999999997
1570	22	1	94.555	53.800000000000026
1570	23	1	20.585	147.69500000000005
1570	24	1	126.28643216080407	152.84422110552768
1570	25	1	38.545	101.12
1570	26	1	19.504999999999995	91.27499999999999
1570	27	1	41.52499999999999	80.45
1570	28	1	58.01999999999997	107.48000000000002
1570	29	1	60.30653266331662	168.6683417085428
1570	30	1	149.315	154.31499999999997
1570	31	1	156.415	94.99500000000002
1570	32	1	81.86999999999999	138.98999999999995
1570	33	1	71.37499999999999	138.10999999999981
1570	34	1	35.690000000000005	148.91500000000013
1570	35	1	45.72000000000003	90.41500000000008
1570	36	1	111.60696517412943	155.17412935323378
1570	37	1	46.100000000000016	126.51500000000003
1570	38	1	54.75000000000001	63.38999999999998
1570	39	1	142.81094527363175	142.771144278607
1570	40	1	5.470000000000001	160.99000000000007
1570	41	1	13.079999999999995	78.62999999999997
1570	42	1	61.87939698492463	72.824120603015
1570	43	1	100.285	156.83
1570	44	1	18.119999999999994	160.4399999999999
1570	45	1	68.61999999999999	124.12999999999998
1570	46	1	70.09000000000006	160.74999999999991
1570	47	1	25.869346733668333	102.47236180904522
1570	48	1	120.35820895522384	116.65174129353235
1570	49	1	50.391959798994954	103.94974874371863
1570	50	1	25.409999999999997	75.87999999999998
1570	51	1	150.48241206030153	86.65829145728648
1570	52	1	161.46499999999992	79.03000000000002
1570	53	1	38.38693467336687	133.68844221105542
1570	54	1	114.08542713567839	65.35678391959797
1570	55	1	47.94500000000002	149.51999999999998
1570	56	1	36.285000000000025	73.53500000000004
1570	57	1	86.15	163.01999999999998
1570	58	1	129.54271356783914	59.89447236180905
1570	59	1	134.3930348258706	132.54726368159194
1580	1	2	9.740000000000002	10.299999999999995
1580	2	2	10.120000000000005	99.88
1580	3	2	10.120000000000005	189.88
1580	4	2	99.85858585858585	10.141414141414142
1580	5	2	100.19	99.99
1580	6	2	100.12	189.88
1580	7	2	190.2164948453608	10.30927835051546
1580	8	2	190.1199999999999	100.12000000000003
1580	9	2	189.99999999999991	190
1580	10	1	173.5949999999999	89.82500000000005
1580	11	1	111.37185929648243	51.65829145728645
1580	12	1	102.76119402985078	62.791044776119406
1580	13	1	161.12999999999985	143.71500000000006
1580	14	1	117.31155778894468	141.251256281407
1580	15	1	182.875	79.30500000000002
1580	16	1	135.49499999999995	74.02499999999999
1580	17	1	198.755	71.75000000000003
1580	18	1	85.88000000000002	151.42499999999993
1580	19	1	60.542713567839215	116.49246231155776
1580	20	1	13.960000000000006	61.739999999999995
1580	21	1	195.09	162.455
1580	22	1	95.06467661691539	52.09452736318409
1580	23	1	18.889447236180906	147.80402010050256
1580	24	1	125.8308457711443	151.64179104477617
1580	25	1	38.412935323383095	99.86069651741295
1580	26	1	19.800995024875622	91.5671641791045
1580	27	1	41.582089552238784	80.39303482587066
1580	28	1	58.025	107.27499999999996
1580	29	1	62.144999999999996	169.305
1580	30	1	150.3849999999999	153.94000000000003
1580	31	1	157.0650000000001	94.67500000000001
1580	32	1	81.55499999999995	138.66499999999996
1580	33	1	71.25499999999994	137.94999999999996
1580	34	1	34.710000000000015	148.81000000000006
1580	35	1	46.61	89.855
1580	36	1	112.65500000000007	155.815
1580	37	1	46.26368159203981	126.71641791044777
1580	38	1	53.75124378109451	64.1990049751244
1580	39	1	143.03	143.39999999999995
1580	40	1	5.099999999999999	161.2
1580	41	1	13.100000000000005	78.925
1580	42	1	62.435	73.66999999999997
1580	43	1	100.08000000000001	155.77000000000007
1580	44	1	17.552238805970134	160.66169154228857
1580	45	1	68.8606965174129	123.9900497512438
1580	46	1	69.36633663366337	160.0841584158416
1580	47	1	25.82412060301508	103.7537688442211
1580	48	1	119.77500000000002	118.88499999999999
1580	49	1	50.27499999999997	104.09499999999996
1580	50	1	25.130653266331667	76.53768844221109
1580	51	1	150.75500000000005	86.13
1580	52	1	162.60199004975124	78.4179104477612
1580	53	1	39.28855721393036	134.70149253731338
1580	54	1	114.98507462686565	64.95522388059705
1580	55	1	47.94499999999999	150.04500000000002
1580	56	1	36.00000000000003	73.61500000000008
1580	57	1	86.34825870646763	163.24875621890544
1580	58	1	129.94527363184068	61.43283582089554
1580	59	1	135.91999999999996	132.63999999999993
1590	1	2	9.740000000000002	10.299999999999995
1590	2	2	10.120000000000005	99.88
1590	3	2	10.120000000000005	189.88
1590	4	2	99.85858585858585	10.141414141414142
1590	5	2	100.19	99.99
1590	6	2	100.12	189.88
1590	7	2	190.2164948453608	10.30927835051546
1590	8	2	190.1199999999999	100.12000000000003
1590	9	2	189.99999999999991	190
1590	10	1	173.90000000000012	90.26500000000003
1590	11	1	111.5373134328358	52.17910447761192
1590	12	1	101.89500000000004	62.98000000000007
1590	13	1	160.125	142.0849999999999
1590	14	1	116.20603015075375	141.72864321608034
1590	15	1	183.14	79.71000000000002
1590	16	1	134.585	75.73499999999999
1590	17	1	199.975	71.175
1590	18	1	85.7700000000001	152.3149999999999
1590	19	1	60.41	116.84000000000007
1590	20	1	15.248756218905475	62.154228855721406
1590	21	1	195.38693467336682	162.66331658291455
1590	22	1	95.48258706467665	50.99502487562187
1590	23	1	17.005	148.5699999999999
1590	24	1	125.66000000000001	150.3299999999999
1590	25	1	38.489999999999995	98.94999999999999
1590	26	1	20.655000000000005	92.01000000000003
1590	27	1	41.59499999999999	80.36999999999995
1590	28	1	58.105	107.02000000000005
1590	29	1	63.50746268656719	170.17910447761193
1590	30	1	151.52500000000012	153.54999999999995
1590	31	1	157.64000000000004	93.97000000000001
1590	32	1	81.21999999999998	138.11499999999995
1590	33	1	71.27999999999996	137.94499999999994
1590	34	1	33.974999999999994	148.205
1590	35	1	47.669999999999995	89.715
1590	36	1	113.68500000000003	156.3949999999999
1590	37	1	46.32000000000001	126.62999999999994
1590	38	1	52.93000000000001	64.76999999999997
1590	39	1	143.02499999999998	143.55500000000006
1590	40	1	4.769999999999997	161.66499999999996
1590	41	1	13.289999999999996	79.155
1590	42	1	62.83417085427135	74.63819095477398
1590	43	1	99.85074626865674	154.57213930348263
1590	44	1	17.226130653266335	160.9497487437186
1590	45	1	69.135	123.90499999999997
1590	46	1	68.49500000000003	160.02999999999997
1590	47	1	26.238805970149258	104.77114427860697
1590	48	1	119.15000000000002	121.23499999999999
1590	49	1	49.93499999999999	104.59000000000003
1590	50	1	24.679999999999996	76.64499999999997
1590	51	1	150.88500000000005	85.25000000000004
1590	52	1	163.375	77.55
1590	53	1	40.125	135.92499999999995
1590	54	1	115.71499999999997	64.75000000000003
1590	55	1	48.238805970149244	150.48756218905476
1590	56	1	35.54773869346733	73.95477386934674
1590	57	1	86.45499999999994	163.65
1590	58	1	130.98507462686572	62.6169154228856
1590	59	1	136.82000000000005	132.72999999999993
1600	1	2	9.740000000000002	10.299999999999995
1600	2	2	10.120000000000005	99.88
1600	3	2	10.120000000000005	189.88
1600	4	2	99.85858585858585	10.141414141414142
1600	5	2	100.19	99.99
1600	6	2	100.12	189.88
1600	7	2	190.2164948453608	10.30927835051546
1600	8	2	190.1199999999999	100.12000000000003
1600	9	2	189.99999999999991	190
1600	10	1	174.04975124378112	90.4378109452736
1600	11	1	112.04975124378109	52.771144278607
1600	12	1	101.17499999999998	62.760000000000005
1600	13	1	159.66000000000008	140.79499999999993
1600	14	1	114.695	142.35500000000002
1600	15	1	183.71999999999994	80.40000000000003
1600	16	1	133.07999999999996	77.62500000000003
1600	17	1	1.405	70.53000000000002
1600	18	1	86.07500000000002	152.94000000000005
1600	19	1	60.34499999999997	117.02499999999995
1600	20	1	16.850000000000005	63.07499999999998
1600	21	1	195.275	162.67000000000004
1600	22	1	95.52238805970148	49.70149253731345
1600	23	1	14.650000000000004	149.11
1600	24	1	125.3467336683417	148.90954773869342
1600	25	1	38.649999999999984	98.06499999999997
1600	26	1	21.244999999999987	92.88999999999999
1600	27	1	41.713567839195974	80.54773869346734
1600	28	1	58.25	106.90999999999993
1600	29	1	64.86567164179105	170.57213930348257
1600	30	1	152.70999999999995	153.1049999999999
1600	31	1	157.99499999999992	93.74999999999996
1600	32	1	81.18090452261308	137.92964824120608
1600	33	1	71.42500000000005	138.20500000000015
1600	34	1	32.445544554455445	148.0247524752475
1600	35	1	48.77999999999999	89.02499999999996
1600	36	1	114.64676616915425	156.5771144278606
1600	37	1	46.27000000000001	126.635
1600	38	1	52.474999999999994	64.99000000000005
1600	39	1	143.57499999999993	143.97000000000006
1600	40	1	4.605	162.15500000000003
1600	41	1	13.169999999999998	79.84000000000002
1600	42	1	62.979999999999976	75.30499999999998
1600	43	1	99.76999999999998	153.395
1600	44	1	17.375000000000007	161.28499999999994
1600	45	1	69.405	123.88000000000002
1600	46	1	67.57711442786072	159.97014925373122
1600	47	1	26.338308457711435	105.36815920398017
1600	48	1	117.7661691542288	123.13432835820893
1600	49	1	49.47500000000002	104.94999999999996
1600	50	1	24.81000000000001	77.47500000000005
1600	51	1	151.29145728643218	85.07035175879396
1600	52	1	163.82500000000002	76.56500000000001
1600	53	1	40.38500000000001	137.01000000000002
1600	54	1	116.14000000000003	64.55499999999998
1600	55	1	48.049999999999976	150.23
1600	56	1	35.72864321608042	74.02010050251255
1600	57	1	86.66000000000004	163.69000000000017
1600	58	1	132.08499999999998	63.940000000000026
1600	59	1	138.29499999999987	132.98000000000008
1610	1	2	9.740000000000002	10.299999999999995
1610	2	2	10.120000000000005	99.88
1610	3	2	10.120000000000005	189.88
1610	4	2	99.85858585858585	10.141414141414142
1610	5	2	100.19	99.99
1610	6	2	100.12	189.88
1610	7	2	190.2164948453608	10.30927835051546
1610	8	2	190.1199999999999	100.12000000000003
1610	9	2	189.99999999999991	190
1610	10	1	174.09500000000003	90.53999999999996
1610	11	1	112.89499999999997	53.445000000000036
1610	12	1	100.27363184079599	62.004975124378134
1610	13	1	159.1094527363185	139.95024875621888
1610	14	1	114.05499999999999	142.7450000000001
1610	15	1	184.935	80.31499999999998
1610	16	1	131.83582089552232	78.88059701492533
1610	17	1	3.069651741293533	69.25870646766167
1610	18	1	86.49253731343282	153.31840796019912
1610	19	1	60.44499999999999	117.045
1610	20	1	18.060000000000002	64.00999999999999
1610	21	1	195.2	163.13500000000002
1610	22	1	96.42000000000007	48.110000000000014
1610	23	1	13.114427860696516	149.57213930348254
1610	24	1	125.115	147.81499999999994
1610	25	1	38.77889447236183	97.4924623115578
1610	26	1	22.08	93.42999999999999
1610	27	1	42.08500000000001	80.41499999999999
1610	28	1	57.999999999999986	106.94
1610	29	1	66.20999999999997	170.53500000000003
1610	30	1	154.24500000000003	152.61499999999998
1610	31	1	158.96482412060308	93.43216080402007
1610	32	1	81.28500000000004	137.88999999999996
1610	33	1	71.56999999999996	138.44999999999993
1610	34	1	31.009950248756212	147.75124378109456
1610	35	1	49.62686567164177	88.45771144278612
1610	36	1	115.28500000000004	156.68999999999997
1610	37	1	46.144999999999996	126.70500000000001
1610	38	1	52.02010050251259	64.91959798994978
1610	39	1	143.54000000000005	144.2050000000001
1610	40	1	4.457286432160803	163.08040201005025
1610	41	1	12.64676616915423	80.5323383084577
1610	42	1	63.01499999999997	75.92999999999996
1610	43	1	99.64999999999998	152.81000000000006
1610	44	1	17.31658291457286	161.4321608040202
1610	45	1	69.48743718592964	123.92964824120604
1610	46	1	67.24875621890543	159.82089552238813
1610	47	1	26.497487437185924	106.14070351758788
1610	48	1	115.86069651741296	123.85074626865672
1610	49	1	48.829145728643226	105.26130653266333
1610	50	1	24.83500000000001	78.14
1610	51	1	152.03	85.01999999999997
1610	52	1	164.995	75.79499999999999
1610	53	1	40.419999999999995	137.51000000000002
1610	54	1	116.96000000000001	64.46000000000002
1610	55	1	47.75621890547265	149.94527363184076
1610	56	1	35.665000000000006	74.11000000000004
1610	57	1	86.65	163.75500000000002
1610	58	1	133.20895522388068	64.95024875621893
1610	59	1	139.41499999999994	132.69499999999988
1620	1	2	9.740000000000002	10.299999999999995
1620	2	2	10.120000000000005	99.88
1620	3	2	10.120000000000005	189.88
1620	4	2	99.85858585858585	10.141414141414142
1620	5	2	100.19	99.99
1620	6	2	100.12	189.88
1620	7	2	190.2164948453608	10.30927835051546
1620	8	2	190.1199999999999	100.12000000000003
1620	9	2	189.99999999999991	190
1620	10	1	173.95999999999992	90.57000000000006
1620	11	1	113.86069651741293	54.37810945273632
1620	12	1	99.54000000000002	60.58000000000001
1620	13	1	158.5899999999999	138.91
1620	14	1	113.31840796019905	143.33830845771152
1620	15	1	185.92999999999998	79.99000000000002
1620	16	1	131.23499999999987	79.00999999999999
1620	17	1	4.919597989949752	68.07537688442213
1620	18	1	87.08457711442792	153.78606965174131
1620	19	1	60.50251256281409	117.10050251256278
1620	20	1	18.51243781094526	64.96517412935323
1620	21	1	195.2139303482587	163.29850746268662
1620	22	1	96.75999999999996	47.129999999999995
1620	23	1	12.280000000000003	149.32500000000007
1620	24	1	125.23499999999999	146.33999999999995
1620	25	1	38.970000000000006	97.13499999999999
1620	26	1	22.77889447236181	93.95979899497489
1620	27	1	41.97499999999997	80.79999999999998
1620	28	1	57.92	107.14999999999992
1620	29	1	66.995	170.305
1620	30	1	155.1492537313433	152.09452736318426
1620	31	1	159.29500000000013	92.99000000000001
1620	32	1	81.39499999999997	137.90499999999997
1620	33	1	71.75500000000004	138.76499999999993
1620	34	1	29.245000000000008	146.92499999999998
1620	35	1	50.279999999999994	87.98500000000001
1620	36	1	116.69849246231156	157.0653266331659
1620	37	1	46.10500000000002	126.83
1620	38	1	51.525	65.18999999999998
1620	39	1	143.5891089108911	144.59900990099013
1620	40	1	4.504999999999999	163.39000000000007
1620	41	1	12.095000000000004	81.69500000000005
1620	42	1	63.15500000000002	76.32000000000004
1620	43	1	99.63500000000005	152.2349999999999
1620	44	1	17.415000000000003	161.38500000000005
1620	45	1	69.68844221105525	123.90954773869345
1620	46	1	67.29500000000003	159.8050000000001
1620	47	1	26.210000000000004	106.74000000000005
1620	48	1	113.99000000000004	125.11499999999998
1620	49	1	48.70999999999997	105.15500000000003
1620	50	1	24.71000000000001	78.38499999999999
1620	51	1	153.41000000000003	84.33500000000001
1620	52	1	165.56499999999988	74.57500000000003
1620	53	1	40.56716417910448	138.42786069651743
1620	54	1	118.33333333333333	64.10945273631839
1620	55	1	47.124999999999986	150.205
1620	56	1	35.59000000000001	74.44500000000004
1620	57	1	86.19095477386936	163.8894472361808
1620	58	1	134.51	66.48500000000007
1620	59	1	140.01500000000001	133.21
1630	1	2	9.740000000000002	10.299999999999995
1630	2	2	10.120000000000005	99.88
1630	3	2	10.120000000000005	189.88
1630	4	2	99.85858585858585	10.141414141414142
1630	5	2	100.19	99.99
1630	6	2	100.12	189.88
1630	7	2	190.2164948453608	10.30927835051546
1630	8	2	190.1199999999999	100.12000000000003
1630	9	2	189.99999999999991	190
1630	10	1	173.73499999999996	90.20000000000002
1630	11	1	114.0845771144279	55.46268656716417
1630	12	1	98.68159203980105	59.33333333333332
1630	13	1	157.94999999999993	137.885
1630	14	1	112.82412060301503	144.5829145728643
1630	15	1	186.58500000000006	79.67499999999997
1630	16	1	129.93532338308447	78.80597014925382
1630	17	1	6.539999999999997	66.57499999999996
1630	18	1	87.82999999999998	154.13499999999996
1630	19	1	60.46	116.99500000000006
1630	20	1	19.19402985074625	65.96019900497514
1630	21	1	195.095	163.92000000000002
1630	22	1	97.59499999999997	46.124999999999986
1630	23	1	11.390000000000004	149.22499999999985
1630	24	1	125.51999999999997	145.52999999999997
1630	25	1	39.600000000000016	96.655
1630	26	1	23.56000000000001	94.49
1630	27	1	42.10500000000001	80.72000000000004
1630	28	1	57.55276381909548	107.14572864321607
1630	29	1	68.45771144278608	169.89054726368164
1630	30	1	156.55445544554462	151.16831683168317
1630	31	1	159.3350000000001	92.77000000000001
1630	32	1	81.37499999999993	137.79999999999998
1630	33	1	71.91000000000004	139.23999999999998
1630	34	1	27.507462686567166	146.87064676616905
1630	35	1	51.15500000000002	87.52
1630	36	1	118.40499999999996	157.57999999999996
1630	37	1	46.07499999999997	126.81500000000001
1630	38	1	51.19499999999999	64.90999999999995
1630	39	1	143.56	145.525
1630	40	1	4.535	163.65499999999997
1630	41	1	11.94	82.13000000000001
1630	42	1	63.33500000000002	76.615
1630	43	1	99.43	151.75500000000005
1630	44	1	17.405000000000015	161.77000000000004
1630	45	1	69.15500000000002	124.01999999999998
1630	46	1	66.80000000000001	159.895
1630	47	1	26.189999999999987	107.175
1630	48	1	112.6180904522613	126.14070351758797
1630	49	1	48.13	105.25999999999996
1630	50	1	24.84	79.32999999999994
1630	51	1	154.2885572139304	83.59701492537317
1630	52	1	166.40500000000003	73.86999999999995
1630	53	1	40.85499999999999	138.95499999999996
1630	54	1	119.78391959798991	63.80904522613059
1630	55	1	45.824999999999996	150.73999999999998
1630	56	1	35.92999999999997	74.42000000000003
1630	57	1	85.74626865671642	163.6417910447761
1630	58	1	135.33333333333323	67.96019900497514
1630	59	1	141.04999999999998	133.17499999999998
1640	1	2	9.740000000000002	10.299999999999995
1640	2	2	10.120000000000005	99.88
1640	3	2	10.120000000000005	189.88
1640	4	2	99.85858585858585	10.141414141414142
1640	5	2	100.19	99.99
1640	6	2	100.12	189.88
1640	7	2	190.2164948453608	10.30927835051546
1640	8	2	190.1199999999999	100.12000000000003
1640	9	2	189.99999999999991	190
1640	10	1	173.70499999999996	89.94500000000001
1640	11	1	114.1909547738694	55.864321608040186
1640	12	1	97.99999999999997	57.66169154228857
1640	13	1	157.32338308457716	137.1890547263682
1640	14	1	112.22999999999999	145.76999999999995
1640	15	1	187.6700000000001	79.24499999999998
1640	16	1	128.98499999999996	78.49500000000002
1640	17	1	8.005025125628144	65.45226130653265
1640	18	1	88.35000000000002	154.40000000000003
1640	19	1	60.61306532663318	117.035175879397
1640	20	1	19.93999999999999	66.525
1640	21	1	195.405	165.13000000000008
1640	22	1	98.12	44.529999999999994
1640	23	1	10.190954773869345	148.40201005025136
1640	24	1	125.94999999999999	144.14000000000001
1640	25	1	40.060301507537666	96.09547738693468
1640	26	1	23.970000000000006	94.48
1640	27	1	42.15000000000001	80.75499999999998
1640	28	1	57.18	107.24000000000004
1640	29	1	69.29499999999997	169.7200000000002
1640	30	1	157.91	149.80999999999995
1640	31	1	159.32000000000002	92.38500000000002
1640	32	1	81.48258706467664	137.547263681592
1640	33	1	72.05499999999998	139.73
1640	34	1	25.389999999999993	147.12999999999997
1640	35	1	51.785000000000004	86.91499999999996
1640	36	1	119.96999999999998	157.7949999999999
1640	37	1	45.8407960199005	126.39800995024875
1640	38	1	51.39698492462309	64.31658291457289
1640	39	1	143.82089552238807	146.7462686567163
1640	40	1	4.814999999999999	163.71999999999997
1640	41	1	11.969999999999992	82.47500000000002
1640	42	1	63.58	76.25
1640	43	1	99.44000000000001	151.9
1640	44	1	17.720000000000006	161.51500000000007
1640	45	1	69.47000000000001	124.105
1640	46	1	67.23618090452256	160.0100502512563
1640	47	1	26.21999999999999	107.53999999999996
1640	48	1	111.24378109452738	127.67164179104473
1640	49	1	47.48000000000001	105.47000000000001
1640	50	1	25.024999999999995	79.64000000000001
1640	51	1	155.07462686567163	82.86567164179105
1640	52	1	167.31000000000006	73.50499999999998
1640	53	1	40.72636815920401	139.9502487562189
1640	54	1	120.86999999999999	63.41000000000004
1640	55	1	44.72	151.0749999999999
1640	56	1	36.60696517412937	73.99502487562188
1640	57	1	85.37313432835818	163.76616915422886
1640	58	1	136.475	69.18500000000006
1640	59	1	141.93532338308466	133.363184079602
1650	1	2	9.740000000000002	10.299999999999995
1650	2	2	10.120000000000005	99.88
1650	3	2	10.120000000000005	189.88
1650	4	2	99.85858585858585	10.141414141414142
1650	5	2	100.19	99.99
1650	6	2	100.12	189.88
1650	7	2	190.2164948453608	10.30927835051546
1650	8	2	190.1199999999999	100.12000000000003
1650	9	2	189.99999999999991	190
1650	10	1	173.68999999999994	89.62999999999997
1650	11	1	114.26500000000004	56.71000000000002
1650	12	1	97.10500000000002	56.73499999999999
1650	13	1	157.35500000000008	135.62499999999991
1650	14	1	112.02499999999999	146.44999999999987
1650	15	1	188.34	78.85000000000001
1650	16	1	128.24999999999994	77.765
1650	17	1	8.580000000000002	64.80499999999994
1650	18	1	88.69154228855722	154.7910447761194
1650	19	1	59.945000000000014	117.32999999999997
1650	20	1	19.979999999999997	66.80500000000005
1650	21	1	195.555	166.23000000000013
1650	22	1	99.36499999999997	44.715
1650	23	1	8.360000000000003	148.38000000000008
1650	24	1	126.09452736318413	143.01492537313436
1650	25	1	40.522388059701484	95.7960199004975
1650	26	1	24.935000000000006	94.96999999999998
1650	27	1	41.914999999999985	81.09499999999998
1650	28	1	56.98492462311558	107.18090452261306
1650	29	1	70.62499999999996	169.33500000000004
1650	30	1	158.23880597014931	148.50248756218906
1650	31	1	158.58000000000007	91.96
1650	32	1	81.65999999999997	137.27500000000003
1650	33	1	72.21999999999997	139.83499999999992
1650	34	1	23.279999999999998	147.60000000000002
1650	35	1	52.42000000000001	86.32500000000002
1650	36	1	121.66500000000005	157.87
1650	37	1	45.05999999999999	126.61000000000001
1650	38	1	51.47738693467339	64.1959798994975
1650	39	1	144.6	148.045
1650	40	1	5.015	164.02500000000006
1650	41	1	12.370000000000001	82.96499999999999
1650	42	1	63.924999999999976	76.45000000000007
1650	43	1	99.38805970149258	151.96517412935324
1650	44	1	18.256281407035175	161.11055276381913
1650	45	1	69.89999999999998	123.575
1650	46	1	67.01999999999997	160.03499999999997
1650	47	1	26.155000000000012	108.00500000000002
1650	48	1	109.71500000000006	128.94000000000008
1650	49	1	47.175000000000026	105.53999999999999
1650	50	1	25.16915422885571	79.99004975124379
1650	51	1	156.58706467661693	81.71641791044776
1650	52	1	168.17499999999987	73.14500000000001
1650	53	1	40.11	141.00499999999997
1650	54	1	122.10447761194034	63.04477611940296
1650	55	1	43.77889447236181	151.1306532663316
1650	56	1	37.12	73.71999999999997
1650	57	1	84.93000000000004	163.75000000000006
1650	58	1	137.53999999999994	69.43499999999997
1650	59	1	142.9199999999999	133.9100000000001
1660	1	2	9.740000000000002	10.299999999999995
1660	2	2	10.120000000000005	99.88
1660	3	2	10.120000000000005	189.88
1660	4	2	99.85858585858585	10.141414141414142
1660	5	2	100.19	99.99
1660	6	2	100.12	189.88
1660	7	2	190.2164948453608	10.30927835051546
1660	8	2	190.1199999999999	100.12000000000003
1660	9	2	189.99999999999991	190
1660	10	1	173.3819095477387	89.26130653266328
1660	11	1	114.17	57.09499999999999
1660	12	1	95.96499999999999	55.09500000000001
1660	13	1	158.19500000000008	134.55000000000018
1660	14	1	112.25999999999998	147.32999999999998
1660	15	1	189.27	78.465
1660	16	1	127.83999999999993	77.31000000000002
1660	17	1	9.635	63.45999999999997
1660	18	1	88.85000000000001	154.80499999999992
1660	19	1	59.18905472636816	117.35820895522384
1660	20	1	19.507462686567163	67.72636815920401
1660	21	1	195.395	167.2349999999999
1660	22	1	100.26499999999999	44.650000000000006
1660	23	1	7.319999999999998	148.1350000000001
1660	24	1	126.37999999999991	142.04999999999995
1660	25	1	41.28499999999999	95.07000000000002
1660	26	1	25.805	95.14999999999998
1660	27	1	42.269999999999996	81.16999999999999
1660	28	1	56.94500000000003	107.00999999999996
1660	29	1	71.56	169.32499999999993
1660	30	1	158.1584158415841	147.0396039603961
1660	31	1	157.5979899497488	91.52261306532665
1660	32	1	82.13000000000001	136.83000000000004
1660	33	1	72.63500000000005	140.12499999999997
1660	34	1	21.321608040201024	147.57286432160814
1660	35	1	53.26499999999999	86.00500000000004
1660	36	1	122.78109452736322	157.4825870646767
1660	37	1	44.395	126.66499999999999
1660	38	1	51.33	63.644999999999996
1660	39	1	145.18499999999995	149.70000000000005
1660	40	1	5.009950248756218	163.7412935323383
1660	41	1	12.92	83.81500000000001
1660	42	1	64.36180904522612	76.42713567839193
1660	43	1	99.75376884422113	152.23115577889448
1660	44	1	18.55999999999999	160.76
1660	45	1	70.07500000000002	123.53999999999996
1660	46	1	66.91542288557211	160.4776119402984
1660	47	1	26.626865671641788	108.09452736318408
1660	48	1	109.23880597014922	130.81592039801006
1660	49	1	46.44723618090455	105.84422110552765
1660	50	1	25.51499999999999	80.23999999999997
1660	51	1	157.80099502487565	80.37810945273634
1660	52	1	169.535	73.22000000000003
1660	53	1	39.60696517412933	141.42288557213928
1660	54	1	123.29	62.63499999999999
1660	55	1	42.407035175879386	151.09045226130652
1660	56	1	37.70499999999999	73.46000000000002
1660	57	1	84.55999999999996	163.86499999999995
1660	58	1	138.06000000000003	69.67
1660	59	1	143.3681592039801	135.07462686567163
1670	1	2	9.740000000000002	10.299999999999995
1670	2	2	10.120000000000005	99.88
1670	3	2	10.120000000000005	189.88
1670	4	2	99.85858585858585	10.141414141414142
1670	5	2	100.19	99.99
1670	6	2	100.12	189.88
1670	7	2	190.2164948453608	10.30927835051546
1670	8	2	190.1199999999999	100.12000000000003
1670	9	2	189.99999999999991	190
1670	10	1	172.85572139303486	89.18905472636818
1670	11	1	113.90547263681597	57.522388059701505
1670	12	1	94.87500000000001	53.289999999999985
1670	13	1	159.31499999999994	133.095
1670	14	1	112.51256281407035	148.31155778894473
1670	15	1	189.98000000000002	77.99499999999998
1670	16	1	127.80402010050247	77.17085427135677
1670	17	1	10.840796019900502	62.80099502487559
1670	18	1	89.05999999999999	155.3750000000001
1670	19	1	58.13000000000003	117.70500000000001
1670	20	1	19.075	68.93500000000002
1670	21	1	195.17412935323384	168.68656716417922
1670	22	1	101.50499999999997	44.809999999999974
1670	23	1	6.4577114427860725	148.60199004975115
1670	24	1	126.23000000000008	141.3049999999999
1670	25	1	42.40999999999998	94.19499999999998
1670	26	1	26.834999999999997	95.57500000000009
1670	27	1	42.273631840795986	81.39800995024873
1670	28	1	56.79499999999999	107.02999999999996
1670	29	1	72.85499999999998	169.00499999999994
1670	30	1	157.77114427860693	145.74626865671647
1670	31	1	156.1256281407035	90.73366834170857
1670	32	1	82.19597989949747	136.54271356783917
1670	33	1	72.90999999999995	140.34000000000012
1670	34	1	20.417910447761205	147.31343283582092
1670	35	1	54.70646766169156	84.90049751243784
1670	36	1	123.815	156.94500000000002
1670	37	1	43.50999999999999	127.52
1670	38	1	51.23500000000001	63.135
1670	39	1	146.25870646766168	151.02985074626858
1670	40	1	4.905000000000001	163.7049999999999
1670	41	1	13.259999999999998	84.28499999999998
1670	42	1	64.4924623115578	75.99497487437185
1670	43	1	99.73869346733663	152.44221105527637
1670	44	1	18.704999999999995	160.28000000000011
1670	45	1	70.51500000000004	122.96000000000001
1670	46	1	66.83500000000001	160.93
1670	47	1	27.629999999999992	108.37500000000001
1670	48	1	109.40500000000003	132.61000000000007
1670	49	1	46.02487562189058	105.68159203980092
1670	50	1	26.049999999999997	80.69999999999997
1670	51	1	158.505	79.42000000000003
1670	52	1	170.4149999999999	73.67000000000007
1670	53	1	39.15500000000005	141.6949999999999
1670	54	1	123.67999999999995	62.77
1670	55	1	41.75879396984925	151.26130653266347
1670	56	1	38.33000000000002	72.90999999999998
1670	57	1	84.55999999999997	164.50000000000009
1670	58	1	138.67999999999984	69.77000000000005
1670	59	1	143.8100000000001	136.16999999999993
1680	1	2	9.740000000000002	10.299999999999995
1680	2	2	10.120000000000005	99.88
1680	3	2	10.120000000000005	189.88
1680	4	2	99.85858585858585	10.141414141414142
1680	5	2	100.19	99.99
1680	6	2	100.12	189.88
1680	7	2	190.2164948453608	10.30927835051546
1680	8	2	190.1199999999999	100.12000000000003
1680	9	2	189.99999999999991	190
1680	10	1	172.37999999999997	88.98999999999998
1680	11	1	112.9054726368159	57.71641791044775
1680	12	1	94.1407035175879	51.73366834170852
1680	13	1	159.7960199004975	132.1592039800994
1680	14	1	113.025	148.81
1680	15	1	190.6	77.81499999999997
1680	16	1	127.595	76.63999999999996
1680	17	1	11.629999999999999	62.105000000000025
1680	18	1	88.815	155.25499999999988
1680	19	1	57.459999999999994	118.24000000000004
1680	20	1	18.890000000000004	69.90499999999997
1680	21	1	194.745	169.88500000000013
1680	22	1	102.76000000000005	45.02499999999997
1680	23	1	5.370000000000002	149.40000000000003
1680	24	1	125.4477611940299	140.19402985074615
1680	25	1	43.08999999999999	93.77999999999994
1680	26	1	27.72636815920399	95.87562189054731
1680	27	1	42.68999999999998	81.40999999999998
1680	28	1	56.577114427860714	107.2139303482587
1680	29	1	73.94999999999999	168.98500000000004
1680	30	1	157.30499999999984	144.36999999999992
1680	31	1	155.35999999999999	90.01499999999992
1680	32	1	82.56499999999997	136.57500000000002
1680	33	1	73.16	140.10999999999999
1680	34	1	18.891089108910894	147.27227722772284
1680	35	1	55.67000000000002	84.05000000000004
1680	36	1	124.5323383084577	156.05472636815924
1680	37	1	41.87000000000002	128.40000000000003
1680	38	1	51.235000000000014	62.49000000000001
1680	39	1	147.61999999999992	152.2000000000001
1680	40	1	4.654999999999998	163.45999999999992
1680	41	1	13.430000000000001	84.44000000000005
1680	42	1	64.79899497487435	75.08040201005025
1680	43	1	99.93499999999997	152.35499999999996
1680	44	1	19.51000000000001	159.3999999999999
1680	45	1	70.64000000000003	122.24499999999999
1680	46	1	66.47500000000001	161.77000000000007
1680	47	1	28.545	108.98499999999999
1680	48	1	109.17500000000001	133.06499999999988
1680	49	1	46.0547263681592	105.42288557213926
1680	50	1	26.534999999999997	81.02000000000001
1680	51	1	159.38999999999993	77.98500000000006
1680	52	1	171.59999999999994	74.415
1680	53	1	38.78500000000001	142.0249999999999
1680	54	1	123.78499999999998	62.84
1680	55	1	40.40500000000002	151.54999999999998
1680	56	1	38.685	72.63999999999999
1680	57	1	84.70000000000003	165.41999999999996
1680	58	1	139.32500000000002	69.86500000000001
1680	59	1	144.09452736318397	137.11940298507463
1690	1	2	9.740000000000002	10.299999999999995
1690	2	2	10.120000000000005	99.88
1690	3	2	10.120000000000005	189.88
1690	4	2	99.85858585858585	10.141414141414142
1690	5	2	100.19	99.99
1690	6	2	100.12	189.88
1690	7	2	190.2164948453608	10.30927835051546
1690	8	2	190.1199999999999	100.12000000000003
1690	9	2	189.99999999999991	190
1690	10	1	171.8457711442786	89.73134328358208
1690	11	1	111.98000000000005	57.855
1690	12	1	93.56281407035185	50.63819095477389
1690	13	1	160.91500000000002	130.92000000000007
1690	14	1	114.04975124378106	149.2089552238806
1690	15	1	191.595	77.35999999999999
1690	16	1	127.67500000000003	76.16500000000003
1690	17	1	12.529999999999998	61.45500000000002
1690	18	1	88.68999999999998	155.19999999999996
1690	19	1	56.155	118.61500000000001
1690	20	1	18.545	70.77000000000002
1690	21	1	194.33	171.27000000000004
1690	22	1	103.40796019900499	44.77114427860694
1690	23	1	4.699999999999998	150.08999999999983
1690	24	1	125.26	139.31499999999997
1690	25	1	43.84500000000002	93.17500000000007
1690	26	1	28.424999999999997	96.73000000000003
1690	27	1	43.16080402010051	81.68844221105529
1690	28	1	56.6331658291457	107.19095477386931
1690	29	1	75.07499999999996	168.92999999999998
1690	30	1	156.69346733668343	142.71859296482418
1690	31	1	154.68656716417905	88.58208955223876
1690	32	1	83.25499999999998	136.50500000000005
1690	33	1	73.79500000000006	140.07500000000007
1690	34	1	17.52000000000001	146.99499999999998
1690	35	1	57.05499999999997	83.485
1690	36	1	125.87562189054728	155.2039800995025
1690	37	1	41.01990049751243	129.30845771144277
1690	38	1	51.38500000000002	62.1
1690	39	1	148.80597014925377	152.80099502487565
1690	40	1	4.219999999999997	163.31499999999994
1690	41	1	13.58208955223881	84.38805970149251
1690	42	1	65.0746268656716	73.68159203980093
1690	43	1	99.94974874371857	151.9597989949748
1690	44	1	19.68	159.05999999999997
1690	45	1	70.44500000000004	121.38500000000005
1690	46	1	66.1492537313433	162.49751243781094
1690	47	1	29.371859296482402	109.77889447236187
1690	48	1	109.29353233830845	134.084577114428
1690	49	1	45.68000000000001	105.21999999999997
1690	50	1	27.22885572139304	81.94029850746263
1690	51	1	160.93532338308447	76.56716417910441
1690	52	1	173.6231155778894	75.52763819095478
1690	53	1	37.412060301507545	142.35678391959792
1690	54	1	124.20499999999997	62.75999999999999
1690	55	1	39.09045226130656	151.68341708542698
1690	56	1	39.45	72.32999999999998
1690	57	1	84.965	165.81499999999997
1690	58	1	140.18500000000003	69.99499999999996
1690	59	1	143.92000000000004	138.20499999999996
1700	1	2	9.740000000000002	10.299999999999995
1700	2	2	10.120000000000005	99.88
1700	3	2	10.120000000000005	189.88
1700	4	2	99.85858585858585	10.141414141414142
1700	5	2	100.19	99.99
1700	6	2	100.12	189.88
1700	7	2	190.2164948453608	10.30927835051546
1700	8	2	190.1199999999999	100.12000000000003
1700	9	2	189.99999999999991	190
1700	10	1	171.05999999999992	89.78999999999995
1700	11	1	111.27363184079606	57.90547263681591
1700	12	1	93.02985074626866	49.40796019900502
1700	13	1	161.77114427860695	130.88557213930358
1700	14	1	115.24120603015074	149.93969849246227
1700	15	1	192.82500000000002	77.05500000000004
1700	16	1	127.60499999999999	75.74999999999999
1700	17	1	13.653266331658296	61.04522613065328
1700	18	1	88.03482587064671	155.00995024875635
1700	19	1	54.82089552238808	119.22885572139302
1700	20	1	18.38805970149254	71.73631840796014
1700	21	1	193.73134328358208	172.3930348258708
1700	22	1	104.23383084577117	45.41791044776119
1700	23	1	3.9149999999999983	150.60499999999996
1700	24	1	124.48500000000004	138.36999999999998
1700	25	1	45.49751243781093	92.82089552238806
1700	26	1	29.389999999999986	97.45999999999997
1700	27	1	43.76500000000001	81.95
1700	28	1	56.41000000000002	107.67000000000004
1700	29	1	75.76616915422885	169.00995024875635
1700	30	1	156.3799999999999	141.645
1700	31	1	154.415	86.33500000000004
1700	32	1	83.58500000000001	136.21999999999989
1700	33	1	74.15920398009952	139.9303482587064
1700	34	1	16.325000000000006	147.45
1700	35	1	58.775	82.83999999999999
1700	36	1	127.31343283582088	154.03482587064664
1700	37	1	39.67336683417086	130.35678391959803
1700	38	1	51.41000000000002	61.81999999999998
1700	39	1	149.92499999999998	153.16000000000008
1700	40	1	3.4545454545454533	163.141414141414
1700	41	1	13.885000000000002	84.385
1700	42	1	65.055	71.90500000000003
1700	43	1	99.67999999999998	151.62499999999994
1700	44	1	19.766169154228848	158.80597014925385
1700	45	1	69.88499999999999	120.74000000000001
1700	46	1	66.00500000000001	162.92499999999998
1700	47	1	29.929648241206035	110.69346733668344
1700	48	1	109.20895522388055	135.2089552238805
1700	49	1	45.47500000000001	105.00000000000001
1700	50	1	28.329999999999984	83.095
1700	51	1	161.72727272727266	75.25252525252527
1700	52	1	175.57000000000002	76.83500000000004
1700	53	1	35.763819095477366	142.53768844221096
1700	54	1	124.97000000000003	63.03499999999999
1700	55	1	38.769999999999975	151.5200000000001
1700	56	1	39.990049751243795	72.29850746268656
1700	57	1	85.23115577889445	166.64824120603018
1700	58	1	141.3849999999999	70.00499999999992
1700	59	1	143.28855721393035	139.09452736318408
1710	1	2	9.740000000000002	10.299999999999995
1710	2	2	10.120000000000005	99.88
1710	3	2	10.120000000000005	189.88
1710	4	2	99.85858585858585	10.141414141414142
1710	5	2	100.19	99.99
1710	6	2	100.12	189.88
1710	7	2	190.2164948453608	10.30927835051546
1710	8	2	190.1199999999999	100.12000000000003
1710	9	2	189.99999999999991	190
1710	10	1	170.75499999999997	90.09500000000003
1710	11	1	110.44000000000004	58.03999999999999
1710	12	1	92.49999999999994	48.21999999999999
1710	13	1	162.11000000000007	130.90500000000003
1710	14	1	116.36318407960198	151.41293532338307
1710	15	1	193.255	76.985
1710	16	1	127.84499999999996	75.37000000000006
1710	17	1	14.393034825870652	60.9850746268657
1710	18	1	87.67499999999998	154.70000000000002
1710	19	1	54.070000000000036	119.68000000000004
1710	20	1	18.529999999999994	72.515
1710	21	1	193.18407960199005	172.67661691542295
1710	22	1	104.92039800995023	46.08457711442785
1710	23	1	3.2089552238806003	151.28358208955237
1710	24	1	123.76499999999999	137.72500000000002
1710	25	1	47.2713567839196	92.27135678391961
1710	26	1	29.930000000000014	98.16999999999996
1710	27	1	44.42786069651742	82.36318407960198
1710	28	1	55.950000000000024	108.44000000000005
1710	29	1	76.25999999999999	169.22000000000003
1710	30	1	156.0497512437811	140.16915422885575
1710	31	1	155.15841584158403	84.59900990099011
1710	32	1	83.92999999999999	136.24500000000003
1710	33	1	74.71999999999996	139.97499999999997
1710	34	1	15.084999999999996	147.54000000000002
1710	35	1	60.43499999999999	82.07499999999996
1710	36	1	128.56218905472642	152.53731343283582
1710	37	1	38.564999999999976	131.27
1710	38	1	51.490000000000016	62.02
1710	39	1	151.04999999999987	153.11999999999998
1710	40	1	2.3649999999999975	162.96499999999997
1710	41	1	13.845000000000002	83.95999999999998
1710	42	1	65.22499999999997	70.38499999999999
1710	43	1	99.72	151.29000000000005
1710	44	1	20.009999999999994	158.12999999999994
1710	45	1	69.645	119.96999999999997
1710	46	1	66.31000000000002	163.35000000000005
1710	47	1	30.335000000000008	111.11000000000001
1710	48	1	108.83500000000002	137.00000000000009
1710	49	1	45.21000000000001	104.16999999999997
1710	50	1	29.275000000000002	84.27500000000006
1710	51	1	162.78391959798998	73.79396984924625
1710	52	1	176.92039800995016	77.7164179104477
1710	53	1	33.985	142.87499999999991
1710	54	1	125.41000000000003	62.960000000000015
1710	55	1	38.00500000000002	151.8600000000001
1710	56	1	40.599999999999994	72.58000000000006
1710	57	1	85.69154228855723	167.31343283582095
1710	58	1	142.58291457286418	70.08040201005021
1710	59	1	141.69801980198017	140.5346534653465
1720	1	2	9.740000000000002	10.299999999999995
1720	2	2	10.120000000000005	99.88
1720	3	2	10.120000000000005	189.88
1720	4	2	99.85858585858585	10.141414141414142
1720	5	2	100.19	99.99
1720	6	2	100.12	189.88
1720	7	2	190.2164948453608	10.30927835051546
1720	8	2	190.1199999999999	100.12000000000003
1720	9	2	189.99999999999991	190
1720	10	1	170.28358208955225	90.24875621890544
1720	11	1	109.405	58.26500000000001
1720	12	1	92.74000000000002	46.18999999999998
1720	13	1	162.545	131.32999999999998
1720	14	1	116.7960199004975	152.46766169154233
1720	15	1	193.81	76.64000000000003
1720	16	1	129.04477611940302	74.14925373134328
1720	17	1	15.485000000000001	61.33500000000001
1720	18	1	86.80904522613068	154.3015075376884
1720	19	1	52.555	119.82999999999997
1720	20	1	18.925373134328357	73.69651741293532
1720	21	1	192.8	172.59499999999997
1720	22	1	105.15577889447232	46.39698492462314
1720	23	1	2.9700000000000015	152.335
1720	24	1	122.58500000000002	137.3649999999999
1720	25	1	48.447236180904504	91.9547738693468
1720	26	1	30.070000000000004	98.80499999999996
1720	27	1	46.20000000000002	82.38499999999999
1720	28	1	55.48756218905472	108.80597014925374
1720	29	1	77.02000000000002	169.60500000000002
1720	30	1	155.67661691542273	138.91542288557216
1720	31	1	156.05472636815924	83.32338308457706
1720	32	1	83.81094527363189	135.70646766169156
1720	33	1	75.50753768844223	139.95979899497482
1720	34	1	14.27	147.33499999999995
1720	35	1	62.58499999999997	82.41999999999997
1720	36	1	128.92000000000007	151.2750000000001
1720	37	1	38.124378109452756	132.5671641791046
1720	38	1	51.63681592039803	62.711442786069654
1720	39	1	152.185	152.88000000000002
1720	40	1	0.9749999999999999	162.76000000000002
1720	41	1	13.96019900497513	83.49751243781094
1720	42	1	65.1293532338309	68.97014925373131
1720	43	1	100.22999999999999	151.1599999999999
1720	44	1	19.855000000000015	157.83000000000007
1720	45	1	69.02487562189052	119.13432835820893
1720	46	1	66.55	163.78999999999988
1720	47	1	31.288557213930343	111.9701492537313
1720	48	1	107.70500000000006	137.9700000000002
1720	49	1	45.04999999999999	103.40500000000004
1720	50	1	30.41499999999998	85.18999999999998
1720	51	1	164.245	72.79
1720	52	1	177.57999999999996	78.14999999999995
1720	53	1	33.065	143.1000000000001
1720	54	1	125.76500000000004	62.80999999999998
1720	55	1	36.86500000000001	152.51500000000001
1720	56	1	41.13999999999998	73.05500000000006
1720	57	1	86.17000000000002	167.805
1720	58	1	145.10447761194038	70.70149253731344
1720	59	1	140.78606965174123	142.00995024875624
1730	1	2	9.740000000000002	10.299999999999995
1730	2	2	10.120000000000005	99.88
1730	3	2	10.120000000000005	189.88
1730	4	2	99.85858585858585	10.141414141414142
1730	5	2	100.19	99.99
1730	6	2	100.12	189.88
1730	7	2	190.2164948453608	10.30927835051546
1730	8	2	190.1199999999999	100.12000000000003
1730	9	2	189.99999999999991	190
1730	10	1	169.9850000000001	90.24499999999996
1730	11	1	109.03999999999998	58.285000000000004
1730	12	1	92.48756218905474	44.34328358208957
1730	13	1	162.74	131.67499999999993
1730	14	1	116.75124378109449	153.41293532338312
1730	15	1	194.225	76.38500000000003
1730	16	1	130.93969849246233	74.02010050251256
1730	17	1	16.05500000000001	62.25500000000001
1730	18	1	85.96999999999996	154.3099999999999
1730	19	1	51.716417910447774	120.04975124378107
1730	20	1	19.970149253731346	74.68159203980096
1730	21	1	192.52	172.42499999999993
1730	22	1	104.75879396984922	47.608040201005004
1730	23	1	2.8650000000000007	152.94000000000003
1730	24	1	121.99004975124379	137.5273631840796
1730	25	1	49.78391959798995	92.17085427135676
1730	26	1	30.190000000000005	99.16999999999997
1730	27	1	47.52763819095476	82.30653266331659
1730	28	1	55.26368159203978	108.99999999999997
1730	29	1	77.64000000000004	170.27500000000012
1730	30	1	154.85999999999993	137.81
1730	31	1	156.88500000000016	82.415
1730	32	1	84.20000000000002	135.7949999999999
1730	33	1	76.455	140.47000000000008
1730	34	1	13.75	147.085
1730	35	1	63.184999999999974	81.89499999999998
1730	36	1	129.26500000000004	150.42
1730	37	1	37.625000000000014	133.21000000000012
1730	38	1	51.699999999999996	62.9
1730	39	1	152.9751243781095	152.53731343283584
1730	40	1	199.91044776119404	162.3432835820895
1730	41	1	14.169999999999998	83.30999999999999
1730	42	1	64.99999999999999	67.71
1730	43	1	100.62999999999994	150.80500000000006
1730	44	1	19.635000000000012	157.68000000000004
1730	45	1	68.57213930348261	118.03482587064678
1730	46	1	66.74000000000007	164.64999999999998
1730	47	1	32.36318407960198	112.98009950248762
1730	48	1	106.39999999999996	138.55999999999995
1730	49	1	44.728643216080386	103.16582914572864
1730	50	1	31.316582914572873	85.96482412060294
1730	51	1	165.71641791044766	72.1044776119403
1730	52	1	177.8805970149254	78.32338308457709
1730	53	1	32.18500000000002	142.98
1730	54	1	125.95999999999998	62.90499999999998
1730	55	1	35.74999999999997	153.12999999999997
1730	56	1	41.199999999999996	73.54000000000002
1730	57	1	86.75999999999998	168.50500000000008
1730	58	1	146.6949999999999	71.21000000000001
1730	59	1	140.60301507537685	143.32160804020103
1740	1	2	9.740000000000002	10.299999999999995
1740	2	2	10.120000000000005	99.88
1740	3	2	10.120000000000005	189.88
1740	4	2	99.85858585858585	10.141414141414142
1740	5	2	100.19	99.99
1740	6	2	100.12	189.88
1740	7	2	190.2164948453608	10.30927835051546
1740	8	2	190.1199999999999	100.12000000000003
1740	9	2	189.99999999999991	190
1740	10	1	168.82500000000005	90.08000000000003
1740	11	1	108.55721393034823	58.41293532338308
1740	12	1	92.90000000000008	42.89000000000001
1740	13	1	163.21608040201005	132.55778894472368
1740	14	1	116.77999999999999	154.47499999999997
1740	15	1	194.2964824120603	76.48743718592965
1740	16	1	132.75124378109456	72.90049751243784
1740	17	1	16.53	63.274999999999984
1740	18	1	85.67164179104476	154.47761194029846
1740	19	1	51.09500000000002	120.16499999999998
1740	20	1	21.169154228855724	75.35820895522386
1740	21	1	192.54	172.21499999999992
1740	22	1	104.28358208955223	48.49253731343279
1740	23	1	3.0499999999999985	153.73000000000002
1740	24	1	121.265	137.98999999999998
1740	25	1	50.434999999999974	92.29499999999994
1740	26	1	30.355000000000015	99.73499999999996
1740	27	1	48.96984924623114	82.48241206030154
1740	28	1	55.12499999999997	109.02999999999999
1740	29	1	78.21	170.9699999999999
1740	30	1	153.6934673366834	136.82914572864323
1740	31	1	158.00495049504943	81.22772277227726
1740	32	1	84.22110552763823	135.67336683417082
1740	33	1	77.26368159203982	140.96517412935336
1740	34	1	13.224999999999998	147.06499999999988
1740	35	1	64.33500000000001	81.34499999999998
1740	36	1	129.83000000000007	149.83500000000004
1740	37	1	37.89	134.08
1740	38	1	51.99500000000003	63.064999999999976
1740	39	1	153.24999999999994	152.325
1740	40	1	198.61	162.13999999999984
1740	41	1	14.35999999999999	83.19499999999995
1740	42	1	65.435	66.68499999999997
1740	43	1	101.36999999999998	150.71999999999997
1740	44	1	19.700000000000003	157.65
1740	45	1	68.30999999999992	117.43499999999997
1740	46	1	66.86499999999995	165.48499999999999
1740	47	1	33.945273631840784	113.7810945273632
1740	48	1	105.407960199005	138.84079601990032
1740	49	1	44.49999999999999	102.58499999999994
1740	50	1	31.770000000000003	86.35499999999996
1740	51	1	166.835	71.22500000000001
1740	52	1	178.29999999999995	78.70500000000006
1740	53	1	31.16915422885573	143.02985074626875
1740	54	1	125.18090452261306	62.46231155778892
1740	55	1	35.179999999999986	153.46000000000004
1740	56	1	41.865	73.91000000000001
1740	57	1	86.97999999999999	168.54500000000007
1740	58	1	147.86499999999992	71.335
1740	59	1	140.23880597014917	143.98507462686558
1750	1	2	9.740000000000002	10.299999999999995
1750	2	2	10.120000000000005	99.88
1750	3	2	10.120000000000005	189.88
1750	4	2	99.85858585858585	10.141414141414142
1750	5	2	100.19	99.99
1750	6	2	100.12	189.88
1750	7	2	190.2164948453608	10.30927835051546
1750	8	2	190.1199999999999	100.12000000000003
1750	9	2	189.99999999999991	190
1750	10	1	167.64499999999992	89.42500000000003
1750	11	1	108.43000000000006	58.32499999999999
1750	12	1	93.12437810945276	41.72139303482588
1750	13	1	163.35678391959794	133.24120603015083
1750	14	1	116.54228855721385	155.28358208955225
1750	15	1	194.75	76.07999999999998
1750	16	1	134.7100000000001	71.42499999999998
1750	17	1	16.8407960199005	64.85074626865674
1750	18	1	84.63	154.5549999999999
1750	19	1	50.760000000000026	120.52499999999999
1750	20	1	22.919597989949743	76.17587939698494
1750	21	1	192.45	171.70500000000007
1750	22	1	103.47761194029854	48.63184079601993
1750	23	1	3.3350000000000004	154.29500000000004
1750	24	1	120.70351758793973	138.27135678391977
1750	25	1	50.59701492537313	92.55721393034827
1750	26	1	30.31000000000002	100.58999999999993
1750	27	1	50.879396984924625	82.15577889447236
1750	28	1	54.90954773869344	108.95979899497492
1750	29	1	78.6	171.98000000000002
1750	30	1	153.15920398009942	136.00000000000003
1750	31	1	159.36180904522612	80.09045226130651
1750	32	1	84.20603015075378	135.77386934673373
1750	33	1	77.71	141.62
1750	34	1	12.84000000000001	146.91999999999996
1750	35	1	65.12437810945269	81.02487562189052
1750	36	1	130.0049751243781	149.56218905472642
1750	37	1	37.70149253731342	134.87064676616922
1750	38	1	51.95500000000003	62.940000000000005
1750	39	1	153.42999999999998	152.01499999999996
1750	40	1	197.50746268656718	161.9651741293532
1750	41	1	15.035000000000004	83.29500000000003
1750	42	1	66.22499999999998	65.54999999999995
1750	43	1	101.61999999999998	150.74999999999991
1750	44	1	19.855721393034823	157.3383084577115
1750	45	1	68.025	116.84999999999998
1750	46	1	67.90999999999998	166.40000000000006
1750	47	1	35.30653266331658	114.91959798994974
1750	48	1	105.02500000000003	139.3949999999999
1750	49	1	44.25000000000003	102.23500000000001
1750	50	1	32.6	86.88499999999999
1750	51	1	167.71	69.97500000000004
1750	52	1	178.875	79.32999999999997
1750	53	1	30.165000000000006	142.87499999999994
1750	54	1	124.51999999999992	62.694999999999986
1750	55	1	34.57500000000001	153.94000000000003
1750	56	1	42.43999999999997	74.36499999999998
1750	57	1	87.34999999999995	169.39500000000004
1750	58	1	149.81592039801	71.87562189054721
1750	59	1	139.96499999999995	143.80499999999986
1760	1	2	9.740000000000002	10.299999999999995
1760	2	2	10.120000000000005	99.88
1760	3	2	10.120000000000005	189.88
1760	4	2	99.85858585858585	10.141414141414142
1760	5	2	100.19	99.99
1760	6	2	100.12	189.88
1760	7	2	190.2164948453608	10.30927835051546
1760	8	2	190.1199999999999	100.12000000000003
1760	9	2	189.99999999999991	190
1760	10	1	166.92000000000007	88.97
1760	11	1	108.62999999999995	58.41500000000002
1760	12	1	93.57711442786068	40.59701492537314
1760	13	1	163.14427860696523	134.0746268656717
1760	14	1	116.03000000000004	155.84000000000006
1760	15	1	194.82	76.06499999999997
1760	16	1	136.50000000000003	70.335
1760	17	1	16.849999999999998	66.19499999999998
1760	18	1	83.96999999999998	154.74499999999998
1760	19	1	50.54000000000002	120.69000000000004
1760	20	1	24.336683417085418	76.77386934673362
1760	21	1	192.2713567839196	171.57286432160797
1760	22	1	101.93532338308464	48.65671641791044
1760	23	1	3.3233830845771144	155.18407960199005
1760	24	1	119.51758793969849	138.70351758793967
1760	25	1	51.07999999999998	92.93
1760	26	1	29.944999999999993	100.635
1760	27	1	52.279999999999966	82.07500000000005
1760	28	1	54.691542288557216	108.80099502487569
1760	29	1	78.82914572864321	172.52763819095483
1760	30	1	152.02499999999995	135.42500000000015
1760	31	1	160.5572139303482	79.54726368159203
1760	32	1	84.37688442211055	135.8391959798995
1760	33	1	77.78999999999996	141.7500000000001
1760	34	1	11.845000000000004	147.19000000000003
1760	35	1	65.66666666666659	79.94029850746267
1760	36	1	130.07537688442213	149.27135678391963
1760	37	1	37.71641791044777	135.6368159203981
1760	38	1	52.044999999999995	63.45500000000002
1760	39	1	153.8291457286431	151.40703517587937
1760	40	1	195.58	161.76499999999993
1760	41	1	15.14	83.15
1760	42	1	67.50999999999999	64.4
1760	43	1	101.58000000000007	150.69499999999996
1760	44	1	19.605000000000008	157.18999999999994
1760	45	1	67.58000000000001	116.75500000000005
1760	46	1	68.83000000000001	167.39499999999987
1760	47	1	35.865671641791025	115.36815920398004
1760	48	1	104.86	139.78999999999994
1760	49	1	44.065000000000005	101.97000000000006
1760	50	1	33.53266331658292	87.28643216080403
1760	51	1	168.25499999999997	69.06999999999994
1760	52	1	179.49500000000012	80.35500000000002
1760	53	1	29.124378109452728	142.86567164179107
1760	54	1	124.22999999999996	63.095000000000006
1760	55	1	34.226130653266324	154.2110552763819
1760	56	1	42.741293532338275	74.71144278606964
1760	57	1	87.66834170854274	169.88944723618096
1760	58	1	151.08955223880596	71.97512437810944
1760	59	1	139.49	143.69500000000002
1770	1	2	9.740000000000002	10.299999999999995
1770	2	2	10.120000000000005	99.88
1770	3	2	10.120000000000005	189.88
1770	4	2	99.85858585858585	10.141414141414142
1770	5	2	100.19	99.99
1770	6	2	100.12	189.88
1770	7	2	190.2164948453608	10.30927835051546
1770	8	2	190.1199999999999	100.12000000000003
1770	9	2	189.99999999999991	190
1770	10	1	165.73500000000004	88.46
1770	11	1	108.90954773869346	58.43216080402012
1770	12	1	94.0502512562814	40.13567839195981
1770	13	1	162.4228855721393	134.83582089552237
1770	14	1	115.90999999999998	156.48
1770	15	1	194.95000000000002	75.92499999999998
1770	16	1	137.91499999999988	68.86499999999997
1770	17	1	17.170000000000005	67.68500000000002
1770	18	1	82.66999999999999	155.09500000000003
1770	19	1	50.68000000000001	120.91499999999995
1770	20	1	26.100502512562805	77.21105527638187
1770	21	1	191.66834170854273	171.2763819095477
1770	22	1	100.40500000000006	48.699999999999974
1770	23	1	3.8241206030150763	156.5879396984925
1770	24	1	118.58500000000006	138.695
1770	25	1	51.510000000000026	93.17000000000002
1770	26	1	29.68499999999999	101.20000000000002
1770	27	1	53.644999999999996	81.92000000000004
1770	28	1	54.44500000000001	108.59499999999997
1770	29	1	78.95024875621895	173.30348258706465
1770	30	1	151.065	134.54999999999998
1770	31	1	161.29500000000002	78.97499999999997
1770	32	1	84.31155778894471	135.78894472361807
1770	33	1	78.32499999999993	142.17000000000002
1770	34	1	11.139999999999999	147.27499999999998
1770	35	1	65.8756218905473	78.25373134328356
1770	36	1	130.135	148.88500000000005
1770	37	1	37.797029702970285	136.5643564356435
1770	38	1	52.4472361809045	64.31658291457283
1770	39	1	154.01500000000001	151.59000000000003
1770	40	1	194.145	161.33499999999992
1770	41	1	15.339999999999995	82.97499999999998
1770	42	1	69.15500000000003	62.975000000000016
1770	43	1	101.81999999999998	150.89999999999998
1770	44	1	19.388059701492526	156.95024875621885
1770	45	1	66.92000000000003	116.66000000000004
1770	46	1	69.33000000000001	168.8800000000001
1770	47	1	36.505000000000024	116.27000000000004
1770	48	1	104.61500000000002	140.7150000000001
1770	49	1	44.030000000000015	102.12999999999995
1770	50	1	34.31155778894476	87.9396984924623
1770	51	1	169.15	68.64500000000004
1770	52	1	179.70000000000007	81.47999999999993
1770	53	1	27.547263681592046	142.65671641791042
1770	54	1	124.34328358208954	63.910447761194035
1770	55	1	34.06532663316584	154.1055276381911
1770	56	1	43.355000000000004	75.58999999999999
1770	57	1	87.965	170.00500000000002
1770	58	1	152.11557788944714	71.51758793969844
1770	59	1	139.16080402010036	143.37185929648243
1780	1	2	9.740000000000002	10.299999999999995
1780	2	2	10.120000000000005	99.88
1780	3	2	10.120000000000005	189.88
1780	4	2	99.85858585858585	10.141414141414142
1780	5	2	100.19	99.99
1780	6	2	100.12	189.88
1780	7	2	190.2164948453608	10.30927835051546
1780	8	2	190.1199999999999	100.12000000000003
1780	9	2	189.99999999999991	190
1780	10	1	165.4300000000001	87.90499999999996
1780	11	1	109.02010050251259	58.53266331658288
1780	12	1	93.815	39.499999999999986
1780	13	1	161.27860696517416	135.1094527363183
1780	14	1	115.87499999999996	156.74
1780	15	1	195.09	75.85000000000001
1780	16	1	138.31840796019895	67.91542288557213
1780	17	1	17.69	68.75499999999998
1780	18	1	81.78499999999994	155.5949999999999
1780	19	1	51.10499999999999	120.60999999999999
1780	20	1	27.592039800995032	77.64179104477611
1780	21	1	191.435	170.89499999999995
1780	22	1	99.30500000000004	48.59999999999999
1780	23	1	3.9549999999999987	158.12
1780	24	1	117.32	138.4249999999999
1780	25	1	51.124999999999986	93.325
1780	26	1	29.529999999999994	101.79999999999998
1780	27	1	54.96500000000001	82.22500000000001
1780	28	1	54.765000000000015	108.315
1780	29	1	79.00500000000001	173.72500000000002
1780	30	1	150.01000000000002	133.595
1780	31	1	162.42	78.49
1780	32	1	84.10499999999996	135.59000000000003
1780	33	1	79.11999999999999	142.98999999999998
1780	34	1	10.345	147.835
1780	35	1	66.16999999999996	76.72500000000001
1780	36	1	129.72000000000003	148.245
1780	37	1	37.60499999999998	137.96999999999994
1780	38	1	53.03980099502487	64.45273631840796
1780	39	1	154.41500000000008	151.43999999999988
1780	40	1	192.47738693467338	161.0653266331657
1780	41	1	15.625000000000002	82.82999999999998
1780	42	1	70.20500000000001	62.065000000000005
1780	43	1	101.67336683417084	151.09547738693465
1780	44	1	19.29353233830846	156.8507462686566
1780	45	1	66.8090452261307	116.58291457286434
1780	46	1	69.60500000000002	170.51500000000001
1780	47	1	36.894999999999996	116.72999999999999
1780	48	1	104.3	141.40499999999992
1780	49	1	44.155	102.16499999999999
1780	50	1	35.195000000000014	88.18499999999999
1780	51	1	169.95979899497496	68.05025125628144
1780	52	1	180.32499999999987	82.45000000000003
1780	53	1	26.075376884422113	142.4773869346734
1780	54	1	124.495	64.81999999999998
1780	55	1	33.74371859296482	154.52261306532668
1780	56	1	44.499999999999986	75.49500000000003
1780	57	1	88.05499999999998	169.94500000000005
1780	58	1	153.1457286432161	71.03517587939696
1780	59	1	139.11999999999998	143.13500000000005
1790	1	2	9.740000000000002	10.299999999999995
1790	2	2	10.120000000000005	99.88
1790	3	2	10.120000000000005	189.88
1790	4	2	99.85858585858585	10.141414141414142
1790	5	2	100.19	99.99
1790	6	2	100.12	189.88
1790	7	2	190.2164948453608	10.30927835051546
1790	8	2	190.1199999999999	100.12000000000003
1790	9	2	189.99999999999991	190
1790	10	1	164.76732673267327	87.36138613861384
1790	11	1	109.39999999999998	58.55
1790	12	1	93.40796019900495	39.17412935323385
1790	13	1	159.99499999999995	135.74000000000018
1790	14	1	116.40298507462684	156.9999999999999
1790	15	1	194.965	75.735
1790	16	1	138.9899999999999	67.18
1790	17	1	18.711442786069654	70.24875621890548
1790	18	1	80.28000000000006	156.00000000000003
1790	19	1	51.279999999999994	120.37
1790	20	1	28.910447761194042	77.87064676616919
1790	21	1	191.125	170.615
1790	22	1	98.17500000000003	48.704999999999984
1790	23	1	3.999999999999997	159.28999999999996
1790	24	1	116.57499999999992	138.09499999999997
1790	25	1	50.99000000000001	93.43499999999999
1790	26	1	29.300000000000004	102.33499999999995
1790	27	1	55.658415841584215	82.54950495049506
1790	28	1	55.055	108.00499999999995
1790	29	1	78.93467336683418	173.77889447236183
1790	30	1	149.26368159203994	133.0945273631841
1790	31	1	164.26500000000001	77.69500000000002
1790	32	1	83.88557213930355	135.5671641791045
1790	33	1	79.55778894472363	143.29648241206036
1790	34	1	9.250000000000002	147.92500000000004
1790	35	1	66.76119402985073	75.65174129353228
1790	36	1	129.085	147.71500000000012
1790	37	1	37.30500000000003	139.24
1790	38	1	53.57999999999997	64.81000000000006
1790	39	1	154.69999999999996	151.70999999999995
1790	40	1	190.59	161.13500000000005
1790	41	1	15.514999999999995	82.675
1790	42	1	70.52736318407959	61.1094527363184
1790	43	1	102.15075376884424	151.41206030150758
1790	44	1	18.82587064676618	156.6865671641791
1790	45	1	66.68000000000002	116.41500000000006
1790	46	1	69.01492537313433	172.20895522388065
1790	47	1	37.00999999999999	117.66000000000003
1790	48	1	103.165	142.16500000000002
1790	49	1	43.98500000000002	102.405
1790	50	1	35.379999999999995	88.54000000000002
1790	51	1	171.62686567164164	66.83084577114425
1790	52	1	180.80500000000018	83.95999999999995
1790	53	1	25.135	142.47000000000003
1790	54	1	125.71	66.12
1790	55	1	33.20603015075377	154.98492462311563
1790	56	1	45.68341708542715	75.66834170854268
1790	57	1	87.93034825870643	169.73631840796023
1790	58	1	154.02985074626858	71.0049751243781
1790	59	1	138.925	142.80499999999998
1800	1	2	9.740000000000002	10.299999999999995
1800	2	2	10.120000000000005	99.88
1800	3	2	10.120000000000005	189.88
1800	4	2	99.85858585858585	10.141414141414142
1800	5	2	100.19	99.99
1800	6	2	100.12	189.88
1800	7	2	190.2164948453608	10.30927835051546
1800	8	2	190.1199999999999	100.12000000000003
1800	9	2	189.99999999999991	190
1800	10	1	163.90999999999997	86.53999999999994
1800	11	1	109.80000000000007	58.34000000000003
1800	12	1	93.13499999999998	38.81500000000002
1800	13	1	158.84079601990052	135.98009950248755
1800	14	1	116.84924623115577	156.4773869346733
1800	15	1	194.78391959798995	75.72864321608037
1800	16	1	139.57500000000002	67.07000000000004
1800	17	1	20.03999999999999	71.05499999999996
1800	18	1	79.0547263681592	156.810945273632
1800	19	1	51.49253731343286	120.06467661691538
1800	20	1	30.283582089552233	78.03482587064678
1800	21	1	190.505	170.5049999999999
1800	22	1	96.72772277227726	48.366336633663366
1800	23	1	3.8900000000000055	160.39
1800	24	1	116.03499999999995	137.59500000000003
1800	25	1	50.915422885572134	93.68656716417914
1800	26	1	29.320000000000007	103.17
1800	27	1	56.805970149253724	82.42786069651744
1800	28	1	55.510000000000005	107.75999999999999
1800	29	1	78.77386934673363	174.11557788944725
1800	30	1	148.99999999999997	132.76500000000001
1800	31	1	166.135	76.56000000000002
1800	32	1	83.86000000000001	135.4299999999999
1800	33	1	80.04499999999996	143.54999999999995
1800	34	1	8.24	148.31499999999997
1800	35	1	67.16500000000003	73.91499999999998
1800	36	1	127.96019900497511	147.2537313432835
1800	37	1	37.39999999999999	140.80500000000004
1800	38	1	53.27000000000001	65.10000000000001
1800	39	1	155.28000000000011	152.10500000000008
1800	40	1	189.29500000000002	161.10500000000008
1800	41	1	15.694999999999997	82.11
1800	42	1	71.4776119402985	59.91542288557214
1800	43	1	101.55223880597019	151.73134328358208
1800	44	1	18.482412060301517	156.42211055276383
1800	45	1	66.84000000000002	116.02499999999998
1800	46	1	68.36999999999995	174.1999999999999
1800	47	1	36.945000000000014	118.55500000000002
1800	48	1	102.71499999999997	142.24499999999998
1800	49	1	43.59701492537312	102.80099502487566
1800	50	1	36.175879396984925	88.82412060301503
1800	51	1	173.5174129353235	66.16915422885577
1800	52	1	181.4149999999999	84.895
1800	53	1	23.597014925373134	142.37810945273637
1800	54	1	126.33165829145733	66.5477386934674
1800	55	1	32.25500000000001	155.51000000000002
1800	56	1	46.71500000000001	75.85499999999996
1800	57	1	87.7	169.03499999999994
1800	58	1	155.56716417910448	70.60199004975128
1800	59	1	138.39999999999984	142.1700000000001
1810	1	2	9.740000000000002	10.299999999999995
1810	2	2	10.120000000000005	99.88
1810	3	2	10.120000000000005	189.88
1810	4	2	99.85858585858585	10.141414141414142
1810	5	2	100.19	99.99
1810	6	2	100.12	189.88
1810	7	2	190.2164948453608	10.30927835051546
1810	8	2	190.1199999999999	100.12000000000003
1810	9	2	189.99999999999991	190
1810	10	1	163.06467661691545	85.95522388059702
1810	11	1	109.71000000000008	57.63000000000003
1810	12	1	93.42211055276383	38.52763819095479
1810	13	1	157.57500000000005	137.05999999999995
1810	14	1	117.345	156.15000000000003
1810	15	1	194.775	75.76
1810	16	1	140.04500000000004	66.88499999999999
1810	17	1	21.599999999999998	71.74
1810	18	1	78.44500000000002	157.485
1810	19	1	51.40499999999996	119.95500000000003
1810	20	1	31.368159203980095	77.82587064676615
1810	21	1	189.9145728643216	170.5025125628142
1810	22	1	95.30348258706466	48.34825870646769
1810	23	1	3.472361809045228	160.9999999999999
1810	24	1	115.52499999999999	137.3049999999999
1810	25	1	50.517412935323364	93.6965174129353
1810	26	1	29.824120603015064	104.27638190954774
1810	27	1	57.675000000000004	82.49499999999996
1810	28	1	55.83999999999999	107.59499999999994
1810	29	1	78.44500000000002	174.45
1810	30	1	148.585	132.01499999999993
1810	31	1	168.16499999999994	75.98000000000002
1810	32	1	83.82000000000005	135.27499999999998
1810	33	1	80.38190954773862	143.8844221105528
1810	34	1	7.090452261306533	148.427135678392
1810	35	1	67.38500000000003	73.02499999999996
1810	36	1	127.44000000000005	146.88499999999996
1810	37	1	36.91499999999998	141.91999999999993
1810	38	1	53.10050251256281	65.12060301507537
1810	39	1	156.595	152.19000000000005
1810	40	1	187.71356783919595	161.1809045226131
1810	41	1	15.809999999999999	82.11000000000003
1810	42	1	71.625	59.229999999999976
1810	43	1	101.59000000000002	151.8750000000002
1810	44	1	17.880597014925378	156.24875621890544
1810	45	1	67.31343283582086	116.13930348258701
1810	46	1	67.76732673267328	176.10396039603975
1810	47	1	36.745000000000005	119.45500000000004
1810	48	1	102.15000000000005	142.48000000000002
1810	49	1	43.055000000000014	103.07500000000002
1810	50	1	36.19999999999998	88.77500000000002
1810	51	1	174.38190954773862	65.0201005025125
1810	52	1	181.76499999999987	85.70499999999998
1810	53	1	21.820000000000004	142.40999999999997
1810	54	1	127.21393034825873	67.76616915422889
1810	55	1	31.96	155.28999999999996
1810	56	1	47.85074626865671	75.9402985074627
1810	57	1	87.29000000000003	168.4149999999999
1810	58	1	157.08457711442787	70.33830845771142
1810	59	1	137.894472361809	141.497487437186
1820	1	2	9.740000000000002	10.299999999999995
1820	2	2	10.120000000000005	99.88
1820	3	2	10.120000000000005	189.88
1820	4	2	99.85858585858585	10.141414141414142
1820	5	2	100.19	99.99
1820	6	2	100.12	189.88
1820	7	2	190.2164948453608	10.30927835051546
1820	8	2	190.1199999999999	100.12000000000003
1820	9	2	189.99999999999991	190
1820	10	1	161.62000000000006	84.71000000000001
1820	11	1	109.795	56.415000000000006
1820	12	1	93.89499999999998	38.275000000000006
1820	13	1	156.67500000000004	138.18000000000006
1820	14	1	117.61194029850745	155.93034825870637
1820	15	1	194.645	75.78999999999999
1820	16	1	140.30500000000006	66.82000000000001
1820	17	1	22.467661691542293	71.93034825870649
1820	18	1	78.30845771144278	157.89552238805973
1820	19	1	51.251256281407045	119.79899497487439
1820	20	1	32.445	77.83000000000003
1820	21	1	189.73869346733667	170.55276381909542
1820	22	1	94.07999999999996	48.20499999999997
1820	23	1	2.7600000000000002	161.57500000000005
1820	24	1	115.37500000000001	137.12500000000006
1820	25	1	50.269999999999996	93.77500000000003
1820	26	1	30.245	105.27999999999994
1820	27	1	58.535000000000004	82.66500000000002
1820	28	1	56.080000000000005	107.43499999999993
1820	29	1	78.56999999999998	174.50999999999996
1820	30	1	147.86934673366824	132.35175879396982
1820	31	1	170.12437810945266	75.92537313432831
1820	32	1	83.305	134.71500000000006
1820	33	1	80.79396984924624	144.08542713567834
1820	34	1	5.575000000000002	148.65
1820	35	1	67.34500000000001	71.94500000000001
1820	36	1	126.78894472361809	146.55276381909536
1820	37	1	36.620000000000026	143.05000000000013
1820	38	1	52.94000000000001	65.14
1820	39	1	157.52999999999983	152.36999999999992
1820	40	1	185.95500000000004	161.21499999999992
1820	41	1	16.110000000000007	81.705
1820	42	1	71.90999999999998	58.43500000000004
1820	43	1	101.13499999999996	152.08499999999984
1820	44	1	16.869346733668344	156.43216080402004
1820	45	1	68.12935323383081	116.10945273631842
1820	46	1	67.84079601990051	176.91542288557207
1820	47	1	36.41	119.94500000000005
1820	48	1	101.85427135678393	142.6130653266331
1820	49	1	42.74000000000001	103.31500000000001
1820	50	1	36.52238805970149	88.85074626865672
1820	51	1	175.6069651741294	65.0348258706468
1820	52	1	181.90000000000018	86.49000000000002
1820	53	1	20.550000000000004	142.49500000000006
1820	54	1	128.10999999999999	68.82999999999996
1820	55	1	31.194999999999997	155.40999999999997
1820	56	1	48.42999999999997	75.99500000000003
1820	57	1	87.26999999999997	167.89
1820	58	1	158.30693069306926	69.74257425742576
1820	59	1	137.81592039800992	141.3333333333334
1830	1	2	9.740000000000002	10.299999999999995
1830	2	2	10.120000000000005	99.88
1830	3	2	10.120000000000005	189.88
1830	4	2	99.85858585858585	10.141414141414142
1830	5	2	100.19	99.99
1830	6	2	100.12	189.88
1830	7	2	190.2164948453608	10.30927835051546
1830	8	2	190.1199999999999	100.12000000000003
1830	9	2	189.99999999999991	190
1830	10	1	160.72139303482578	83.51243781094524
1830	11	1	109.50746268656712	55.40796019900497
1830	12	1	93.90500000000007	38.02000000000001
1830	13	1	155.45999999999998	139.09499999999997
1830	14	1	117.99	155.24000000000015
1830	15	1	194.32	75.82500000000005
1830	16	1	141.16080402010058	67.14070351758788
1830	17	1	23.094999999999995	72.21499999999996
1830	18	1	77.87500000000003	158.28999999999996
1830	19	1	51.73366834170854	119.39195979899496
1830	20	1	33.457711442786064	77.79601990049753
1830	21	1	189.015	170.515
1830	22	1	93.49500000000003	47.97499999999999
1830	23	1	1.6080402010050265	162.20100502512565
1830	24	1	115.23499999999996	136.94500000000002
1830	25	1	50.28000000000002	93.70000000000006
1830	26	1	30.485	106.6
1830	27	1	59.6834170854271	82.56281407035175
1830	28	1	56.039999999999985	107.02499999999992
1830	29	1	78.9402985074627	174.50248756218886
1830	30	1	147.45999999999998	132.07499999999987
1830	31	1	171.135	76.315
1830	32	1	83.17499999999998	134.44000000000008
1830	33	1	80.69500000000005	144.13
1830	34	1	3.477611940298507	149.10945273631847
1830	35	1	67.67499999999998	71.18999999999994
1830	36	1	126.47000000000007	146.29499999999996
1830	37	1	35.870646766169166	143.5771144278607
1830	38	1	52.74500000000002	65.2
1830	39	1	158.55499999999998	152.60000000000005
1830	40	1	183.80904522613068	161.2060301507537
1830	41	1	16.618090452261303	81.52763819095478
1830	42	1	72.06030150753774	57.97989949748745
1830	43	1	100.52238805970147	152.22885572139305
1830	44	1	15.02487562189055	157.01492537313436
1830	45	1	68.65500000000002	116.18500000000007
1830	46	1	68.19900497512434	178.1542288557214
1830	47	1	36.321608040201	120.44221105527636
1830	48	1	101.50000000000004	142.69999999999993
1830	49	1	42.1105527638191	103.31155778894477
1830	50	1	37.109999999999985	88.94499999999996
1830	51	1	176.2835820895522	65.10945273631842
1830	52	1	181.67999999999992	87.01000000000003
1830	53	1	18.396984924623116	142.8341708542713
1830	54	1	128.65499999999992	69.30499999999996
1830	55	1	29.860696517412944	154.7164179104476
1830	56	1	49.17500000000001	76.09000000000002
1830	57	1	87.52499999999996	166.47999999999996
1830	58	1	159.5326633165829	68.74874371859299
1830	59	1	137.67000000000007	141.21500000000003
1840	1	2	9.740000000000002	10.299999999999995
1840	2	2	10.120000000000005	99.88
1840	3	2	10.120000000000005	189.88
1840	4	2	99.85858585858585	10.141414141414142
1840	5	2	100.19	99.99
1840	6	2	100.12	189.88
1840	7	2	190.2164948453608	10.30927835051546
1840	8	2	190.1199999999999	100.12000000000003
1840	9	2	189.99999999999991	190
1840	10	1	160.02000000000007	82.20999999999994
1840	11	1	109.7363184079602	54.00000000000002
1840	12	1	94.375	37.63000000000002
1840	13	1	154.43	140.005
1840	14	1	117.92499999999998	154.9849999999999
1840	15	1	193.87	75.955
1840	16	1	142.60000000000002	67.62500000000004
1840	17	1	24.14000000000002	72.29499999999996
1840	18	1	76.985	159.27499999999995
1840	19	1	51.995	118.66000000000007
1840	20	1	34.04975124378111	77.90547263681593
1840	21	1	188.165	170.63000000000005
1840	22	1	92.15499999999997	47.40000000000001
1840	23	1	0.4207920792079206	163.13861386138618
1840	24	1	115.33	136.735
1840	25	1	50.412935323383074	93.57213930348256
1840	26	1	30.502512562814072	107.94974874371862
1840	27	1	60.94974874371861	82.01005025125629
1840	28	1	56.21608040201003	106.35678391959794
1840	29	1	79.22500000000001	174.48999999999992
1840	30	1	146.91499999999985	132.06500000000003
1840	31	1	172.18500000000012	76.4
1840	32	1	83.04	134.44500000000005
1840	33	1	81.22000000000006	144.42499999999995
1840	34	1	1.7014925373134315	149.62189054726372
1840	35	1	67.93532338308455	70.02985074626866
1840	36	1	125.83500000000004	146.28999999999985
1840	37	1	35.06965174129353	143.99502487562194
1840	38	1	52.88499999999999	64.95499999999998
1840	39	1	158.89999999999992	152.53999999999994
1840	40	1	181.92000000000007	160.92000000000002
1840	41	1	16.664999999999996	81.28000000000004
1840	42	1	71.1005025125628	57.10552763819094
1840	43	1	99.92462311557793	152.37688442211055
1840	44	1	13.643216080402004	157.16080402010064
1840	45	1	69.6	116.29999999999995
1840	46	1	68.52500000000002	179.71499999999995
1840	47	1	36.38500000000001	120.94500000000002
1840	48	1	101.38500000000002	142.61500000000004
1840	49	1	41.655	103.27000000000004
1840	50	1	37.305	89.02499999999998
1840	51	1	177.02985074626855	65.34825870646769
1840	52	1	181.28000000000003	87.26000000000005
1840	53	1	16.6318407960199	142.8507462686567
1840	54	1	129.48743718592965	69.99497487437182
1840	55	1	28.565000000000005	153.95499999999998
1840	56	1	49.579999999999984	76.47
1840	57	1	87.78500000000005	165.6650000000001
1840	58	1	161.01999999999995	67.88000000000004
1840	59	1	136.995	140.87500000000003
1850	1	2	9.740000000000002	10.299999999999995
1850	2	2	10.120000000000005	99.88
1850	3	2	10.120000000000005	189.88
1850	4	2	99.85858585858585	10.141414141414142
1850	5	2	100.19	99.99
1850	6	2	100.12	189.88
1850	7	2	190.2164948453608	10.30927835051546
1850	8	2	190.1199999999999	100.12000000000003
1850	9	2	189.99999999999991	190
1850	10	1	159.81	80.88499999999996
1850	11	1	109.30000000000001	52.08999999999998
1850	12	1	94.42499999999998	37.320000000000014
1850	13	1	153.25500000000002	141.0749999999999
1850	14	1	117.92500000000001	154.70500000000004
1850	15	1	194.07	75.80999999999996
1850	16	1	143.67999999999998	67.87000000000002
1850	17	1	24.890000000000008	72.345
1850	18	1	76.21000000000001	160.80000000000007
1850	19	1	52.875621890547265	118.23383084577114
1850	20	1	34.77114427860699	77.35323383084575
1850	21	1	187.72999999999996	170.93500000000003
1850	22	1	90.73366834170858	46.92462311557788
1850	23	1	199.265	163.94
1850	24	1	115.2160804020101	136.60301507537693
1850	25	1	50.64	93.14000000000001
1850	26	1	30.557213930348265	108.87064676616916
1850	27	1	62.16080402010049	81.54271356783927
1850	28	1	56.18905472636817	105.73631840796018
1850	29	1	79.71	174.52
1850	30	1	146.3532338308459	132.14925373134312
1850	31	1	172.97999999999996	76.575
1850	32	1	82.88000000000004	134.42
1850	33	1	81.29353233830852	144.58706467661693
1850	34	1	199.94059405940595	150.49009900990094
1850	35	1	68.22000000000001	69.05000000000003
1850	36	1	125.525	146.26999999999998
1850	37	1	34.18592964824121	144.2562814070353
1850	38	1	53.45771144278607	64.75621890547261
1850	39	1	159.50500000000005	152.55499999999995
1850	40	1	180.5472636815921	160.38308457711452
1850	41	1	17.134999999999994	81.45999999999998
1850	42	1	70.90500000000003	56.59
1850	43	1	98.83000000000006	152.38499999999996
1850	44	1	12.437810945273624	157.67164179104478
1850	45	1	70.32500000000002	116.43999999999996
1850	46	1	68.80999999999996	180.89499999999995
1850	47	1	36.745	120.94999999999999
1850	48	1	101.41500000000006	142.54500000000004
1850	49	1	41.14999999999999	102.97499999999998
1850	50	1	37.515	89.10000000000001
1850	51	1	177.96000000000004	65.50500000000001
1850	52	1	180.44500000000002	87.21500000000002
1850	53	1	14.756218905472638	143.37810945273628
1850	54	1	131.21393034825869	71.14427860696519
1850	55	1	27.305	153.0850000000001
1850	56	1	49.725	76.72000000000001
1850	57	1	88.67500000000003	165.07
1850	58	1	162.2050000000001	66.48999999999998
1850	59	1	136.04020100502504	140.42211055276385
1860	1	2	9.740000000000002	10.299999999999995
1860	2	2	10.120000000000005	99.88
1860	3	2	10.120000000000005	189.88
1860	4	2	99.85858585858585	10.141414141414142
1860	5	2	100.19	99.99
1860	6	2	100.12	189.88
1860	7	2	190.2164948453608	10.30927835051546
1860	8	2	190.1199999999999	100.12000000000003
1860	9	2	189.99999999999991	190
1860	10	1	159.65829145728648	79.43718592964822
1860	11	1	109.22500000000002	50.56000000000003
1860	12	1	94.75999999999995	37.004999999999995
1860	13	1	152.68499999999997	141.52999999999994
1860	14	1	117.47	154.31500000000008
1860	15	1	194.28	76.13
1860	16	1	144.33500000000004	67.795
1860	17	1	25.795000000000005	72.16499999999996
1860	18	1	75.84000000000003	162.12500000000003
1860	19	1	52.940000000000026	117.64500000000002
1860	20	1	35.53499999999999	76.83000000000001
1860	21	1	187.615	171.07500000000005
1860	22	1	89.355	46.41500000000001
1860	23	1	197.92537313432837	164.31840796019912
1860	24	1	114.96500000000003	136.65999999999997
1860	25	1	51.02010050251256	92.48743718592968
1860	26	1	30.695000000000004	109.93
1860	27	1	63.611940298507484	80.97014925373136
1860	28	1	56.1039603960396	104.48019801980197
1860	29	1	80.21000000000008	174.215
1860	30	1	145.84	132.045
1860	31	1	173.54499999999993	77.1
1860	32	1	82.78000000000004	134.25500000000005
1860	33	1	81.42288557213932	144.88557213930355
1860	34	1	197.81592039800995	150.92537313432834
1860	35	1	68.94500000000001	68.28499999999997
1860	36	1	125.37000000000003	146.3350000000001
1860	37	1	33.39303482587066	144.34328358208953
1860	38	1	53.89500000000002	64.75999999999995
1860	39	1	159.49499999999983	152.68
1860	40	1	179.3700000000001	159.90500000000003
1860	41	1	17.569999999999986	81.37500000000001
1860	42	1	70.30499999999995	56.18000000000002
1860	43	1	98.00502512562815	152.60301507537687
1860	44	1	10.641791044776122	158.58208955223884
1860	45	1	70.67999999999999	116.54000000000003
1860	46	1	69.64000000000003	181.95999999999995
1860	47	1	37.625000000000014	121.00000000000003
1860	48	1	101.02499999999995	142.32499999999993
1860	49	1	40.96500000000002	102.92000000000004
1860	50	1	37.53499999999999	88.94
1860	51	1	179.45273631840797	65.95522388059696
1860	52	1	178.86000000000013	87.44500000000002
1860	53	1	13.315	144.55499999999995
1860	54	1	132.54499999999993	72.19500000000006
1860	55	1	26.264999999999976	152.22
1860	56	1	50.095000000000034	76.85999999999994
1860	57	1	89.73631840796023	164.78109452736322
1860	58	1	163.52238805970148	65.5273631840796
1860	59	1	135.73000000000008	140.40500000000003
1870	1	2	9.740000000000002	10.299999999999995
1870	2	2	10.120000000000005	99.88
1870	3	2	10.120000000000005	189.88
1870	4	2	99.85858585858585	10.141414141414142
1870	5	2	100.19	99.99
1870	6	2	100.12	189.88
1870	7	2	190.2164948453608	10.30927835051546
1870	8	2	190.1199999999999	100.12000000000003
1870	9	2	189.99999999999991	190
1870	10	1	159.50500000000002	77.94999999999997
1870	11	1	109.0497512437811	48.70149253731344
1870	12	1	94.97000000000001	37.044999999999995
1870	13	1	151.5771144278607	142.31343283582083
1870	14	1	116.495	153.80999999999995
1870	15	1	193.785	76.94999999999997
1870	16	1	145.23500000000004	67.96000000000008
1870	17	1	26.060000000000006	72.05500000000004
1870	18	1	75.22999999999998	163.46499999999992
1870	19	1	53.04975124378109	116.98009950248753
1870	20	1	36.09500000000002	76.40499999999999
1870	21	1	187.29353233830835	171.15422885572133
1870	22	1	88.11000000000008	45.685000000000024
1870	23	1	196.49253731343285	164.7711442786069
1870	24	1	115.02999999999996	136.68000000000006
1870	25	1	52.15422885572141	91.43781094527365
1870	26	1	31.159203980099498	110.18407960199004
1870	27	1	65.17999999999995	80.31999999999998
1870	28	1	55.995024875621894	103.29850746268656
1870	29	1	81.13065326633166	173.7738693467336
1870	30	1	145.76	131.86999999999995
1870	31	1	174.26499999999993	77.59000000000003
1870	32	1	82.52500000000006	133.94499999999985
1870	33	1	82.10050251256281	145.76381909547743
1870	34	1	196.375	151.79999999999987
1870	35	1	69.54000000000003	67.27
1870	36	1	124.87999999999995	146.59499999999997
1870	37	1	32.885572139303484	144.52238805970148
1870	38	1	54.23500000000001	64.98999999999994
1870	39	1	158.75	152.96500000000006
1870	40	1	177.5671641791046	159.00995024875624
1870	41	1	18.314999999999998	81.67999999999996
1870	42	1	69.28000000000006	55.579999999999984
1870	43	1	97.60999999999993	153.285
1870	44	1	9.274999999999995	159.14499999999995
1870	45	1	71.03999999999996	116.52999999999997
1870	46	1	70.83499999999998	183.19499999999994
1870	47	1	38.54	121.07499999999997
1870	48	1	100.61999999999995	142.175
1870	49	1	40.90499999999998	102.635
1870	50	1	37.74500000000001	88.875
1870	51	1	180.40000000000006	66.13000000000007
1870	52	1	177.43999999999988	87.67500000000008
1870	53	1	12.584999999999994	145.26499999999987
1870	54	1	134.4825870646766	73.44776119402985
1870	55	1	25.22	151.90000000000006
1870	56	1	50.26000000000001	77.34
1870	57	1	90.71859296482414	164.5778894472362
1870	58	1	164.9303482587065	64.86069651741292
1870	59	1	135.13000000000002	140.225
1880	1	2	9.740000000000002	10.299999999999995
1880	2	2	10.120000000000005	99.88
1880	3	2	10.120000000000005	189.88
1880	4	2	99.85858585858585	10.141414141414142
1880	5	2	100.19	99.99
1880	6	2	100.12	189.88
1880	7	2	190.2164948453608	10.30927835051546
1880	8	2	190.1199999999999	100.12000000000003
1880	9	2	189.99999999999991	190
1880	10	1	159.10552763819095	77.13065326633168
1880	11	1	108.49500000000003	48.06500000000001
1880	12	1	95.13000000000004	37.285000000000004
1880	13	1	150.36	143.28999999999996
1880	14	1	115.07537688442213	153.38190954773862
1880	15	1	193.465	77.86999999999999
1880	16	1	145.90500000000003	68.00499999999995
1880	17	1	26.610000000000003	71.96000000000002
1880	18	1	74.82089552238813	164.46766169154213
1880	19	1	53.00499999999998	116.12000000000003
1880	20	1	36.98492462311556	76.03517587939697
1880	21	1	187.46766169154222	171.13432835820905
1880	22	1	86.62500000000001	44.64499999999999
1880	23	1	195.9	165.38
1880	24	1	115.07499999999999	136.83000000000007
1880	25	1	52.90547263681592	90.60199004975122
1880	26	1	31.348258706467654	110.4925373134328
1880	27	1	66.34999999999998	80.22499999999995
1880	28	1	56.099502487562184	101.96019900497512
1880	29	1	81.03499999999998	173.2950000000001
1880	30	1	145.24999999999997	131.9400000000001
1880	31	1	174.29999999999993	77.99000000000004
1880	32	1	82.30000000000003	133.68
1880	33	1	82.53999999999995	146.74
1880	34	1	194.74242424242425	152.26767676767687
1880	35	1	70.18500000000003	66.41500000000002
1880	36	1	124.18407960199009	146.60696517412933
1880	37	1	32.783919597989936	144.9045226130654
1880	38	1	54.675	65.06500000000003
1880	39	1	157.72000000000006	153.35000000000002
1880	40	1	176.36999999999998	157.8550000000001
1880	41	1	18.960000000000008	81.87499999999997
1880	42	1	68.92039800995019	55.29353233830843
1880	43	1	97.99499999999999	154.07000000000005
1880	44	1	8.134999999999998	159.225
1880	45	1	71.245	116.69500000000005
1880	46	1	72.475	184.13
1880	47	1	39.69346733668345	121.02512562814071
1880	48	1	100.15422885572136	141.82089552238807
1880	49	1	40.8542713567839	102.69346733668344
1880	50	1	37.744999999999976	88.65999999999998
1880	51	1	181.28999999999996	66.35499999999998
1880	52	1	176.73499999999996	87.655
1880	53	1	11.125628140703519	145.79899497487435
1880	54	1	135.48499999999996	73.96499999999999
1880	55	1	23.86	151.71
1880	56	1	50.99502487562187	77.99004975124379
1880	57	1	91.88500000000002	164.54000000000005
1880	58	1	166.31343283582083	64.79601990049746
1880	59	1	134.335	139.99000000000004
1890	1	2	9.740000000000002	10.299999999999995
1890	2	2	10.120000000000005	99.88
1890	3	2	10.120000000000005	189.88
1890	4	2	99.85858585858585	10.141414141414142
1890	5	2	100.19	99.99
1890	6	2	100.12	189.88
1890	7	2	190.2164948453608	10.30927835051546
1890	8	2	190.1199999999999	100.12000000000003
1890	9	2	189.99999999999991	190
1890	10	1	159.08000000000004	76.18000000000006
1890	11	1	107.78	47.48499999999999
1890	12	1	95.07000000000002	37.83500000000002
1890	13	1	149.8009950248757	143.66169154228857
1890	14	1	114.03015075376885	153.0100502512562
1890	15	1	192.8040201005025	79.23115577889442
1890	16	1	146.42288557213936	67.89552238805967
1890	17	1	26.970000000000006	72.28500000000001
1890	18	1	75.03500000000003	165.17499999999987
1890	19	1	53.07537688442214	115.12562814070357
1890	20	1	38.427860696517435	75.52736318407963
1890	21	1	187.63999999999993	170.92999999999998
1890	22	1	85.3383084577115	43.30348258706466
1890	23	1	195.35	165.6949999999998
1890	24	1	114.90000000000003	136.93499999999995
1890	25	1	53.532663316582926	90.22110552763826
1890	26	1	31.462311557788954	111.09547738693472
1890	27	1	67.56218905472643	80.49253731343285
1890	28	1	55.96019900497513	101.27860696517408
1890	29	1	81.01499999999989	173.05499999999992
1890	30	1	144.3333333333333	132.01990049751242
1890	31	1	174.58000000000007	77.76999999999997
1890	32	1	82.34499999999997	133.875
1890	33	1	82.74999999999997	147.24999999999991
1890	34	1	193.71144278606965	152.46766169154216
1890	35	1	70.82499999999999	65.89999999999999
1890	36	1	124.09547738693472	146.66331658291458
1890	37	1	32.9	145.38500000000005
1890	38	1	55.385000000000005	65.24499999999993
1890	39	1	156.686567164179	153.61194029850742
1890	40	1	175.65499999999994	156.64000000000004
1890	41	1	19.694999999999997	82.45
1890	42	1	68.54499999999997	55.04
1890	43	1	98.375	154.325
1890	44	1	7.224999999999997	159.4949999999999
1890	45	1	71.57999999999998	116.73999999999998
1890	46	1	73.58208955223881	184.59203980099502
1890	47	1	41.30000000000001	120.94499999999998
1890	48	1	100.13930348258712	141.27860696517413
1890	49	1	40.19000000000001	102.63000000000001
1890	50	1	37.72	88.48
1890	51	1	182.2749999999999	66.37999999999995
1890	52	1	176.21500000000006	87.44500000000006
1890	53	1	9.58	146.23500000000007
1890	54	1	136.85572139303474	74.8656716417911
1890	55	1	22.751243781094537	151.15422885572127
1890	56	1	52.150000000000006	78.53999999999998
1890	57	1	92.93467336683412	164.72361809045228
1890	58	1	167.54500000000002	64.37500000000001
1890	59	1	133.9095477386934	139.93467336683418
1900	1	2	9.740000000000002	10.299999999999995
1900	2	2	10.120000000000005	99.88
1900	3	2	10.120000000000005	189.88
1900	4	2	99.85858585858585	10.141414141414142
1900	5	2	100.19	99.99
1900	6	2	100.12	189.88
1900	7	2	190.2164948453608	10.30927835051546
1900	8	2	190.1199999999999	100.12000000000003
1900	9	2	189.99999999999991	190
1900	10	1	159.23880597014934	75.23383084577114
1900	11	1	107.26	46.97500000000001
1900	12	1	95.06467661691542	38.40298507462686
1900	13	1	149.38500000000013	143.59999999999997
1900	14	1	113.49999999999997	152.75
1900	15	1	192.46	80.60000000000001
1900	16	1	146.9	67.84500000000001
1900	17	1	27.845771144278604	72.17910447761199
1900	18	1	74.755	165.60500000000002
1900	19	1	53.26	114.265
1900	20	1	40.20000000000001	75.11499999999995
1900	21	1	187.51741293532334	170.73631840796014
1900	22	1	84.36999999999996	41.629999999999995
1900	23	1	194.775	165.5099999999999
1900	24	1	115.07500000000002	137.405
1900	25	1	53.716417910447745	90.13930348258715
1900	26	1	31.422110552763815	111.6381909547739
1900	27	1	68.52763819095475	80.50753768844224
1900	28	1	55.96499999999999	100.78499999999997
1900	29	1	80.82000000000006	173.01000000000008
1900	30	1	143.79	131.74499999999998
1900	31	1	174.5527638190955	77.63819095477386
1900	32	1	82.06030150753769	133.81407035175877
1900	33	1	83.03999999999999	147.94000000000008
1900	34	1	192.41500000000002	151.795
1900	35	1	71.03015075376884	65.29145728643212
1900	36	1	124.30653266331663	146.94974874371857
1900	37	1	33.065	146.36499999999984
1900	38	1	55.850746268656714	65.27860696517412
1900	39	1	155.45999999999984	153.78500000000008
1900	40	1	173.85427135678393	156.21608040200988
1900	41	1	20.345	82.69
1900	42	1	68.53000000000003	54.395
1900	43	1	98.83999999999996	154.79999999999998
1900	44	1	6.1999999999999975	159.38499999999996
1900	45	1	72.23500000000004	117.00999999999998
1900	46	1	74.52500000000002	185.22500000000002
1900	47	1	42.7029702970297	120.89108910891086
1900	48	1	100.03482587064677	140.9900497512437
1900	49	1	39.52999999999998	102.86
1900	50	1	37.464999999999996	88.04500000000003
1900	51	1	183.00500000000002	66.53000000000002
1900	52	1	175.820895522388	87.19402985074628
1900	53	1	7.889447236180906	146.71859296482415
1900	54	1	138.10999999999999	75.77000000000004
1900	55	1	21.225	150.60000000000005
1900	56	1	53.48258706467663	78.94527363184082
1900	57	1	93.40999999999995	164.74
1900	58	1	168.8749999999999	63.94499999999998
1900	59	1	134.0199004975124	139.82587064676616
1910	1	2	9.740000000000002	10.299999999999995
1910	2	2	10.120000000000005	99.88
1910	3	2	10.120000000000005	189.88
1910	4	2	99.85858585858585	10.141414141414142
1910	5	2	100.19	99.99
1910	6	2	100.12	189.88
1910	7	2	190.2164948453608	10.30927835051546
1910	8	2	190.1199999999999	100.12000000000003
1910	9	2	189.99999999999991	190
1910	10	1	160.29353233830844	73.98009950248753
1910	11	1	106.88000000000001	46.12499999999999
1910	12	1	95.34499999999998	38.99999999999998
1910	13	1	148.47263681592042	144.09950248756232
1910	14	1	112.84499999999997	152.41000000000003
1910	15	1	192.32	81.64499999999995
1910	16	1	147.1	67.85999999999999
1910	17	1	28.215	72.10500000000006
1910	18	1	74.60499999999999	166.01499999999987
1910	19	1	53.19	113.41999999999997
1910	20	1	41.417910447761216	74.86069651741292
1910	21	1	187.12562814070347	170.37688442211055
1910	22	1	84.29499999999999	40.125000000000014
1910	23	1	194.145	165.435
1910	24	1	115.38000000000001	137.855
1910	25	1	53.98994974874375	89.95477386934677
1910	26	1	31.614999999999995	112.69000000000004
1910	27	1	69.05999999999997	80.62000000000003
1910	28	1	56.16999999999999	100.17499999999998
1910	29	1	81.23618090452258	172.95979899497482
1910	30	1	143.20999999999992	131.65999999999985
1910	31	1	174.39698492462318	77.75376884422111
1910	32	1	82.57286432160807	134.19597989949747
1910	33	1	83.48000000000005	148.5450000000001
1910	34	1	190.84	151.12499999999991
1910	35	1	71.70351758793974	64.99497487437192
1910	36	1	124.26500000000004	147.28000000000003
1910	37	1	32.91542288557215	147.53731343283582
1910	38	1	56.39500000000002	65.19999999999996
1910	39	1	154.79499999999996	154.3850000000001
1910	40	1	172.049751243781	155.59701492537317
1910	41	1	20.980000000000004	82.89500000000002
1910	42	1	68.8241206030151	53.97487437185929
1910	43	1	99.69651741293531	155.6616915422885
1910	44	1	4.594999999999996	159.1949999999999
1910	45	1	72.19	116.94
1910	46	1	75.27999999999999	184.81999999999996
1910	47	1	44.40999999999999	120.78999999999998
1910	48	1	100.27499999999999	140.62499999999991
1910	49	1	39.42500000000002	102.96000000000001
1910	50	1	37.339999999999975	87.64500000000002
1910	51	1	183.87939698492468	67.17085427135677
1910	52	1	175.49246231155774	86.96984924623118
1910	53	1	6.844221105527639	147.2964824120603
1910	54	1	139.74499999999986	76.63500000000005
1910	55	1	19.88557213930347	149.06965174129363
1910	56	1	54.55721393034825	78.98507462686564
1910	57	1	93.90499999999996	164.57499999999993
1910	58	1	170.26499999999996	63.205
1910	59	1	133.82999999999998	139.57000000000005
1920	1	2	9.740000000000002	10.299999999999995
1920	2	2	10.120000000000005	99.88
1920	3	2	10.120000000000005	189.88
1920	4	2	99.85858585858585	10.141414141414142
1920	5	2	100.19	99.99
1920	6	2	100.12	189.88
1920	7	2	190.2164948453608	10.30927835051546
1920	8	2	190.1199999999999	100.12000000000003
1920	9	2	189.99999999999991	190
1920	10	1	161.41499999999988	72.46999999999997
1920	11	1	106.46	44.65000000000002
1920	12	1	95.67500000000001	40.14000000000001
1920	13	1	147.6318407960199	144.30845771144274
1920	14	1	112.97000000000001	152.31499999999997
1920	15	1	192.75	82.96500000000003
1920	16	1	146.91000000000005	68.05500000000004
1920	17	1	28.291457286432166	71.88944723618087
1920	18	1	75.20000000000002	165.87000000000006
1920	19	1	53.51256281407036	112.64824120603018
1920	20	1	42.76119402985073	74.2885572139303
1920	21	1	186.60000000000002	169.66500000000005
1920	22	1	83.96984924623112	38.77386934673366
1920	23	1	193.53266331658293	165.030150753769
1920	24	1	115.335	138.385
1920	25	1	53.65000000000002	90.11499999999994
1920	26	1	31.81094527363186	112.86069651741292
1920	27	1	69.24623115577886	80.77386934673368
1920	28	1	56.615	99.65999999999995
1920	29	1	80.915	173.21499999999992
1920	30	1	142.1	131.37000000000015
1920	31	1	173.98000000000002	77.67500000000005
1920	32	1	82.91499999999998	134.20999999999995
1920	33	1	83.54000000000005	148.77000000000007
1920	34	1	189.10000000000002	150.49999999999994
1920	35	1	72.05025125628143	64.71859296482415
1920	36	1	124.73499999999993	147.52499999999998
1920	37	1	31.85999999999999	149.30999999999992
1920	38	1	56.92500000000002	65.42500000000001
1920	39	1	153.94974874371857	154.63819095477388
1920	40	1	170.09950248756215	154.542288557214
1920	41	1	21.547263681592042	82.83582089552237
1920	42	1	69.63000000000004	53.20999999999998
1920	43	1	100.22110552763819	155.66834170854264
1920	44	1	3.375	158.88500000000002
1920	45	1	72.29648241206036	116.99497487437188
1920	46	1	75.895	184.70499999999993
1920	47	1	45.57499999999999	120.21000000000002
1920	48	1	100.18	140.51999999999995
1920	49	1	39.20499999999999	103.26000000000003
1920	50	1	36.989999999999995	87.07499999999997
1920	51	1	185.16499999999985	68.72500000000001
1920	52	1	175.28000000000006	86.61500000000005
1920	53	1	6.130000000000003	147.90999999999994
1920	54	1	141.11499999999998	77.215
1920	55	1	18.995000000000005	147.4549999999999
1920	56	1	55.0100502512563	79.23115577889445
1920	57	1	94.36999999999999	164.18499999999995
1920	58	1	171.3532338308457	62.37810945273633
1920	59	1	133.67499999999993	139.24
1930	1	2	9.740000000000002	10.299999999999995
1930	2	2	10.120000000000005	99.88
1930	3	2	10.120000000000005	189.88
1930	4	2	99.85858585858585	10.141414141414142
1930	5	2	100.19	99.99
1930	6	2	100.12	189.88
1930	7	2	190.2164948453608	10.30927835051546
1930	8	2	190.1199999999999	100.12000000000003
1930	9	2	189.99999999999991	190
1930	10	1	162.23000000000005	70.95500000000001
1930	11	1	106.24623115577894	43.22110552763819
1930	12	1	95.60000000000001	40.94999999999998
1930	13	1	146.67661691542287	144.75621890547262
1930	14	1	112.42999999999995	152.12499999999997
1930	15	1	193.145	84.67500000000001
1930	16	1	146.91457286432157	68.50753768844228
1930	17	1	28.711442786069657	71.99004975124379
1930	18	1	75.22499999999997	165.96999999999994
1930	19	1	53.84999999999999	111.90500000000002
1930	20	1	43.74000000000001	74.10499999999996
1930	21	1	186.38693467336685	169.32160804020103
1930	22	1	84.37185929648238	37.658291457286445
1930	23	1	192.95979899497488	164.46733668341713
1930	24	1	115.11499999999998	138.94500000000002
1930	25	1	53.53999999999998	90.24000000000002
1930	26	1	32.40796019900496	114.22388059701494
1930	27	1	69.21000000000004	80.80499999999996
1930	28	1	57.43	99.35500000000002
1930	29	1	81.06	173.22000000000006
1930	30	1	140.935	130.6299999999999
1930	31	1	173.39500000000007	77.78499999999995
1930	32	1	83.10500000000009	134.33499999999998
1930	33	1	84.10050251256287	149.4120603015075
1930	34	1	187.44499999999996	149.65499999999997
1930	35	1	72.24	64.55999999999996
1930	36	1	125.53768844221106	148.11557788944734
1930	37	1	30.276381909547734	150.73366834170864
1930	38	1	57.305	64.97000000000004
1930	39	1	153.47500000000002	155.10000000000016
1930	40	1	168.27227722772278	153.85643564356434
1930	41	1	21.49253731343284	82.62189054726366
1930	42	1	70.01	52.44000000000001
1930	43	1	100.77114427860693	155.8059701492537
1930	44	1	2.0999999999999988	158.1650000000001
1930	45	1	72.61500000000001	117.155
1930	46	1	76.40499999999999	184.3400000000001
1930	47	1	46.89447236180905	119.7035175879397
1930	48	1	100.59798994974877	140.10552763819095
1930	49	1	39.17999999999999	103.75500000000001
1930	50	1	36.606965174129385	86.84079601990052
1930	51	1	186.40298507462674	70.37810945273635
1930	52	1	175.08499999999992	86.465
1930	53	1	5.709999999999999	148.06000000000012
1930	54	1	142.51741293532345	78.31840796019902
1930	55	1	18.35323383084577	146.07462686567175
1930	56	1	55.235000000000014	79.22000000000001
1930	57	1	94.78999999999996	164.40000000000006
1930	58	1	172.84158415841583	62.53960396039605
1930	59	1	133.80999999999995	139.18999999999997
1940	1	2	9.740000000000002	10.299999999999995
1940	2	2	10.120000000000005	99.88
1940	3	2	10.120000000000005	189.88
1940	4	2	99.85858585858585	10.141414141414142
1940	5	2	100.19	99.99
1940	6	2	100.12	189.88
1940	7	2	190.2164948453608	10.30927835051546
1940	8	2	190.1199999999999	100.12000000000003
1940	9	2	189.99999999999991	190
1940	10	1	163.3880597014926	69.71144278606972
1940	11	1	106.33999999999999	42.06499999999999
1940	12	1	95.25999999999996	42.49000000000001
1940	13	1	145.72139303482587	144.93532338308464
1940	14	1	112.49246231155776	151.65326633165833
1940	15	1	194.18407960199005	85.64179104477616
1940	16	1	147.425	69.00500000000001
1940	17	1	29.60999999999999	72.08999999999999
1940	18	1	75.325	165.96000000000006
1940	19	1	53.625000000000014	111.08500000000002
1940	20	1	44.619999999999976	73.97500000000001
1940	21	1	185.94500000000005	169.13500000000005
1940	22	1	85.32338308457709	36.43781094527364
1940	23	1	192.55	164.13999999999996
1940	24	1	115.23500000000004	139.41999999999993
1940	25	1	53.37499999999998	90.42999999999998
1940	26	1	33.09	115.22999999999996
1940	27	1	69.09045226130655	81.2311557788945
1940	28	1	58.36815920398011	99.24378109452736
1940	29	1	81.00999999999996	173.24000000000004
1940	30	1	139.81094527363166	129.82089552238804
1940	31	1	172.4	77.61999999999996
1940	32	1	83.33999999999997	134.60999999999996
1940	33	1	84.65671641791045	149.90049751243782
1940	34	1	185.77889447236174	149.69849246231158
1940	35	1	72.14427860696519	64.14925373134331
1940	36	1	126.63819095477388	149.23618090452266
1940	37	1	28.20895522388059	152.2736318407961
1940	38	1	57.51999999999999	64.63000000000007
1940	39	1	153.42786069651746	155.30845771144283
1940	40	1	166.83499999999998	152.97500000000005
1940	41	1	21.554999999999996	82.26499999999997
1940	42	1	70.66999999999997	51.960000000000015
1940	43	1	101.59500000000004	155.98500000000007
1940	44	1	1.0646766169154216	157.6965174129354
1940	45	1	72.58999999999992	117.14999999999998
1940	46	1	77.34825870646765	184.10945273631836
1940	47	1	48.02999999999997	119.20999999999997
1940	48	1	100.67999999999995	140.54999999999995
1940	49	1	38.745000000000026	103.63000000000004
1940	50	1	36.55000000000002	86.74999999999997
1940	51	1	187.52238805970148	72.67164179104479
1940	52	1	175.21890547263678	86.12437810945273
1940	53	1	5.517587939698496	148.49748743718595
1940	54	1	144.01000000000002	78.83
1940	55	1	17.631840796019908	144.3631840796021
1940	56	1	55.55000000000001	79.175
1940	57	1	95.81999999999998	164.70999999999998
1940	58	1	174.4300000000001	62.01500000000001
1940	59	1	133.55999999999995	138.79500000000007
1950	1	2	9.740000000000002	10.299999999999995
1950	2	2	10.120000000000005	99.88
1950	3	2	10.120000000000005	189.88
1950	4	2	99.85858585858585	10.141414141414142
1950	5	2	100.19	99.99
1950	6	2	100.12	189.88
1950	7	2	190.2164948453608	10.30927835051546
1950	8	2	190.1199999999999	100.12000000000003
1950	9	2	189.99999999999991	190
1950	10	1	164.37499999999997	68.48999999999998
1950	11	1	106.23500000000004	41.53500000000001
1950	12	1	94.50499999999997	43.24499999999999
1950	13	1	144.99499999999992	144.8299999999999
1950	14	1	113.09	151.13000000000008
1950	15	1	194.83168316831683	85.99504950495053
1950	16	1	147.28000000000006	69.64000000000001
1950	17	1	30.19402985074626	71.89054726368157
1950	18	1	75.55223880597015	166.07462686567175
1950	19	1	53.71999999999999	110.34499999999996
1950	20	1	45.301507537688465	73.55778894472361
1950	21	1	185.26499999999996	168.51500000000004
1950	22	1	86.65999999999997	34.87000000000001
1950	23	1	192.52	164.60500000000008
1950	24	1	114.82000000000001	139.37999999999994
1950	25	1	53.334999999999994	90.45499999999998
1950	26	1	34.10945273631843	116.52736318407956
1950	27	1	69.06499999999996	81.53999999999998
1950	28	1	58.92537313432835	99.16417910447765
1950	29	1	80.68500000000003	173.37000000000006
1950	30	1	139.435	129.125
1950	31	1	171.83	77.23499999999996
1950	32	1	83.56281407035173	134.55778894472363
1950	33	1	85.35999999999997	150.67000000000007
1950	34	1	183.93034825870646	149.22388059701493
1950	35	1	71.93499999999995	63.45000000000001
1950	36	1	126.8457711442786	150.76119402985083
1950	37	1	26.390000000000004	152.98999999999995
1950	38	1	57.89499999999998	64.58000000000006
1950	39	1	153.37313432835822	155.85074626865682
1950	40	1	165.47	152.34999999999982
1950	41	1	22.17000000000001	82.08999999999999
1950	42	1	70.69000000000003	51.04000000000003
1950	43	1	102.28999999999999	156.5450000000001
1950	44	1	198.89	156.78000000000006
1950	45	1	72.51499999999996	117.12999999999998
1950	46	1	79.01990049751248	184.16417910447757
1950	47	1	48.61194029850749	118.78606965174124
1950	48	1	100.52000000000005	141.17000000000013
1950	49	1	38.46733668341708	103.75879396984922
1950	50	1	36.610000000000014	86.55999999999993
1950	51	1	188.5125628140703	74.54773869346735
1950	52	1	175.1641791044777	85.88557213930346
1950	53	1	6.014925373134328	149.7512437810945
1950	54	1	144.99499999999995	79.37499999999997
1950	55	1	16.990049751243774	143.57213930348257
1950	56	1	55.59499999999998	79.16999999999997
1950	57	1	96.84499999999998	165.1550000000001
1950	58	1	175.95000000000007	61.84000000000002
1950	59	1	133.26633165829153	138.60301507537696
1960	1	2	9.740000000000002	10.299999999999995
1960	2	2	10.120000000000005	99.88
1960	3	2	10.120000000000005	189.88
1960	4	2	99.85858585858585	10.141414141414142
1960	5	2	100.19	99.99
1960	6	2	100.12	189.88
1960	7	2	190.2164948453608	10.30927835051546
1960	8	2	190.1199999999999	100.12000000000003
1960	9	2	189.99999999999991	190
1960	10	1	165.25373134328353	67.82587064676622
1960	11	1	105.87939698492463	40.88944723618088
1960	12	1	93.50500000000001	43.220000000000006
1960	13	1	144.86934673366832	144.42713567839195
1960	14	1	113.53000000000006	150.83999999999995
1960	15	1	195.70499999999998	86.29499999999999
1960	16	1	147.45500000000013	70.02999999999993
1960	17	1	30.87437185929649	71.81909547738698
1960	18	1	75.725	166.03000000000006
1960	19	1	53.96499999999997	109.16999999999996
1960	20	1	45.595	73.20999999999998
1960	21	1	184.55499999999998	167.685
1960	22	1	88.03999999999998	33.27000000000001
1960	23	1	192.77114427860695	164.79104477611935
1960	24	1	114.03015075376884	139.68341708542715
1960	25	1	53.065000000000005	90.72000000000003
1960	26	1	34.919999999999995	117.55500000000008
1960	27	1	68.925	81.51500000000004
1960	28	1	59.78000000000002	99.43999999999996
1960	29	1	80.63184079601986	173.50746268656712
1960	30	1	139.08457711442784	128.53233830845775
1960	31	1	171.6381909547739	77.12562814070345
1960	32	1	83.65999999999998	134.42000000000002
1960	33	1	85.68656716417911	150.91542288557216
1960	34	1	182.9900497512437	148.40796019900503
1960	35	1	72.04477611940304	62.97512437810944
1960	36	1	126.70999999999998	152.2400000000001
1960	37	1	25.24378109452736	153.71144278606965
1960	38	1	57.93000000000002	64.40500000000002
1960	39	1	153.53499999999988	156.46000000000004
1960	40	1	164.145	151.395
1960	41	1	22.985	81.7749999999999
1960	42	1	70.47738693467339	51.140703517587944
1960	43	1	102.685	156.69500000000008
1960	44	1	197.17	155.9600000000001
1960	45	1	72.27999999999997	116.78500000000004
1960	46	1	81.20000000000003	184.06000000000006
1960	47	1	49.31343283582092	118.09452736318413
1960	48	1	100.70000000000003	141.13499999999996
1960	49	1	38.11000000000002	104.195
1960	50	1	36.84999999999997	86.97500000000007
1960	51	1	189.25125628140702	75.54773869346735
1960	52	1	175.39499999999998	85.51499999999997
1960	53	1	6.195000000000001	151.55
1960	54	1	146.13999999999993	79.76999999999994
1960	55	1	15.944999999999995	142.92000000000002
1960	56	1	55.620000000000005	79.16
1960	57	1	97.72500000000001	165.21499999999997
1960	58	1	176.70000000000005	61.68499999999999
1960	59	1	133.2050000000001	139.0300000000001
1970	1	2	9.740000000000002	10.299999999999995
1970	2	2	10.120000000000005	99.88
1970	3	2	10.120000000000005	189.88
1970	4	2	99.85858585858585	10.141414141414142
1970	5	2	100.19	99.99
1970	6	2	100.12	189.88
1970	7	2	190.2164948453608	10.30927835051546
1970	8	2	190.1199999999999	100.12000000000003
1970	9	2	189.99999999999991	190
1970	10	1	166.88442211055272	66.69849246231149
1970	11	1	105.475	40.36999999999998
1970	12	1	91.77114427860697	43.930348258706445
1970	13	1	144.24499999999998	143.97999999999996
1970	14	1	114.59203980099504	150.2338308457712
1970	15	1	196.5174129353234	86.77611940298507
1970	16	1	147.95500000000015	70.62500000000004
1970	17	1	31.14500000000002	71.805
1970	18	1	76.05999999999997	165.865
1970	19	1	54.485	108.03500000000004
1970	20	1	45.790000000000006	73.12500000000001
1970	21	1	184.0099999999999	166.9600000000001
1970	22	1	89.74874371859298	32.46733668341707
1970	23	1	192.9502487562189	164.67661691542287
1970	24	1	113.26500000000001	140.13000000000008
1970	25	1	53.10447761194032	90.95522388059696
1970	26	1	36.165000000000035	118.18999999999997
1970	27	1	68.81909547738685	81.12562814070351
1970	28	1	60.915	100.01499999999994
1970	29	1	80.22500000000001	173.91999999999993
1970	30	1	139.2950000000001	127.61000000000003
1970	31	1	171.03999999999988	77.07000000000002
1970	32	1	84.0753768844221	134.41206030150758
1970	33	1	85.79999999999998	151.06500000000005
1970	34	1	181.92000000000004	147.805
1970	35	1	72.385	62.54499999999999
1970	36	1	127.05970149253733	154.24875621890547
1970	37	1	24.179104477611933	154.233830845771
1970	38	1	58.11999999999999	64.34499999999994
1970	39	1	153.48756218905476	156.46766169154236
1970	40	1	163.01499999999993	151.16500000000002
1970	41	1	23.308457711442795	81.9303482587064
1970	42	1	70.46999999999997	51.190000000000026
1970	43	1	102.85000000000002	156.82000000000005
1970	44	1	195.47	154.64999999999995
1970	45	1	72.51999999999998	116.54500000000003
1970	46	1	83.20895522388065	184.44776119402988
1970	47	1	50.56218905472639	117.3781094527363
1970	48	1	100.33668341708544	141.39698492462313
1970	49	1	37.815	104.32000000000001
1970	50	1	37.03517587939698	87.18090452261303
1970	51	1	189.805	77.11500000000004
1970	52	1	175.35678391959794	85.56783919597994
1970	53	1	5.905	153.02000000000004
1970	54	1	147.4129353233831	80.24378109452734
1970	55	1	14.746268656716413	142.19402985074623
1970	56	1	55.35	79.36999999999996
1970	57	1	98.225	165.29000000000005
1970	58	1	178.80402010050247	61.98994974874371
1970	59	1	132.6268656716418	139.72139303482587
1980	1	2	9.740000000000002	10.299999999999995
1980	2	2	10.120000000000005	99.88
1980	3	2	10.120000000000005	189.88
1980	4	2	99.85858585858585	10.141414141414142
1980	5	2	100.19	99.99
1980	6	2	100.12	189.88
1980	7	2	190.2164948453608	10.30927835051546
1980	8	2	190.1199999999999	100.12000000000003
1980	9	2	189.99999999999991	190
1980	10	1	168.08500000000004	65.44499999999996
1980	11	1	104.63000000000001	39.565000000000026
1980	12	1	89.54228855721396	44.019900497512445
1980	13	1	143.79500000000004	143.30500000000004
1980	14	1	115.83333333333331	149.8939393939393
1980	15	1	196.7889447236181	87.47738693467342
1980	16	1	148.37810945273642	70.9303482587065
1980	17	1	31.955	72.03500000000001
1980	18	1	76.68999999999996	165.74
1980	19	1	54.90499999999999	107.32499999999999
1980	20	1	45.960000000000015	73.01
1980	21	1	183.70000000000002	166.41500000000008
1980	22	1	90.71999999999994	32.084999999999994
1980	23	1	193.075	164.6349999999999
1980	24	1	112.33000000000004	140.87999999999994
1980	25	1	52.905	91.18500000000003
1980	26	1	37.715	119.63500000000002
1980	27	1	68.61809045226128	80.86934673366828
1980	28	1	62.06999999999997	100.30000000000004
1980	29	1	79.89000000000001	174.64000000000007
1980	30	1	139.08040201005028	126.3065326633166
1980	31	1	170.99004975124382	76.5771144278607
1980	32	1	84.13999999999996	134.44000000000003
1980	33	1	85.83499999999997	150.99000000000004
1980	34	1	181.52	147.01999999999998
1980	35	1	72.92039800995026	62.29353233830844
1980	36	1	127.3134328358209	155.94029850746264
1980	37	1	22.845000000000006	154.1399999999999
1980	38	1	58.184999999999995	64.09500000000001
1980	39	1	153.2750000000001	156.42999999999998
1980	40	1	162.13999999999993	150.69000000000003
1980	41	1	24.079601990049746	82.15422885572136
1980	42	1	70.25500000000001	51.295
1980	43	1	102.95500000000001	156.925
1980	44	1	193.9452736318408	153.62189054726372
1980	45	1	72.25125628140702	115.75879396984925
1980	46	1	85.03500000000003	184.8900000000001
1980	47	1	50.89500000000003	116.60000000000001
1980	48	1	99.79	141.73999999999992
1980	49	1	37.55999999999997	104.85499999999996
1980	50	1	37.17999999999999	88.085
1980	51	1	190.89	78.23000000000002
1980	52	1	175.04999999999998	85.51000000000003
1980	53	1	5.829999999999999	154.34500000000006
1980	54	1	148.4600000000001	80.66000000000001
1980	55	1	13.470297029702973	141.8168316831683
1980	56	1	55.49500000000003	79.3
1980	57	1	98.56000000000002	165.46499999999997
1980	58	1	180.01507537688443	62.53768844221105
1980	59	1	131.91584158415833	140.94059405940592
1990	1	2	9.740000000000002	10.299999999999995
1990	2	2	10.120000000000005	99.88
1990	3	2	10.120000000000005	189.88
1990	4	2	99.85858585858585	10.141414141414142
1990	5	2	100.19	99.99
1990	6	2	100.12	189.88
1990	7	2	190.2164948453608	10.30927835051546
1990	8	2	190.1199999999999	100.12000000000003
1990	9	2	189.99999999999991	190
1990	10	1	169.17412935323375	64.53731343283584
1990	11	1	103.65499999999996	39.16500000000002
1990	12	1	87.15656565656565	43.56060606060605
1990	13	1	143.57000000000008	142.30500000000004
1990	14	1	116.42999999999999	149.75999999999996
1990	15	1	197.795	87.51499999999996
1990	16	1	149.03015075376896	71.02512562814071
1990	17	1	31.97512437810945	72.1592039800995
1990	18	1	77.49000000000002	165.76000000000005
1990	19	1	54.68844221105525	106.39698492462307
1990	20	1	45.96000000000002	73.03999999999998
1990	21	1	183.25499999999988	165.91500000000005
1990	22	1	91.26500000000004	32.275000000000006
1990	23	1	193.245	164.60999999999996
1990	24	1	111.86499999999998	141.31500000000003
1990	25	1	52.4776119402985	91.62686567164181
1990	26	1	39.84079601990047	120.95024875621894
1990	27	1	67.99000000000002	80.845
1990	28	1	63.718592964824126	100.58793969849242
1990	29	1	79.4228855721393	175.41293532338312
1990	30	1	139.40499999999994	125.96000000000004
1990	31	1	170.43000000000004	75.96000000000001
1990	32	1	84.2361809045226	134.40703517587937
1990	33	1	85.74500000000002	151.19
1990	34	1	180.82587064676622	146.74129353233818
1990	35	1	73.60500000000002	62.08000000000003
1990	36	1	127.17910447761193	157.08955223880602
1990	37	1	20.620000000000008	153.63000000000014
1990	38	1	58.250000000000014	64.10000000000001
1990	39	1	153.52000000000004	156.6399999999999
1990	40	1	161.11999999999998	150.02999999999992
1990	41	1	24.30499999999999	82.66500000000005
1990	42	1	70.12	51.64999999999997
1990	43	1	102.755	156.90000000000006
1990	44	1	192.68341708542712	152.84422110552762
1990	45	1	72.89552238805975	114.77114427860703
1990	46	1	86.20000000000005	184.88
1990	47	1	51.28999999999997	115.69999999999999
1990	48	1	99.57500000000002	141.66499999999994
1990	49	1	37.15346534653467	105.41089108910897
1990	50	1	37.07499999999998	88.25999999999999
1990	51	1	191.24120603015075	79.2412060301508
1990	52	1	175.08040201005022	85.23115577889446
1990	53	1	5.42	155.43
1990	54	1	149.48756218905464	80.95522388059702
1990	55	1	12.850746268656717	141.15920398009953
1990	56	1	55.49246231155777	79.26130653266331
1990	57	1	99.155	165.71
1990	58	1	180.91	63.300000000000004
1990	59	1	131.34000000000012	142.40500000000003
